frame,bag_stamp_s,header_stamp_s,angle_deg,angle_unwrapped_deg,relative_angle_deg,smoothed_angle_unwrapped_deg,batch_angle_unwrapped_deg,raw_residual_deg,heldout_residual_deg,photometric_proxy_sigma_deg,photometric_residual,status
0,1787909591.2725122,1787909591.2702281,22.4550471488825,382.4550471488825,0.0,382.51095415186325,380.3554118760194,2.099635272863078,2.114314240480123,0.14925631433291828,0.013886828921507102,registered
1,1787909591.2797692,1787909591.2787879,19.81838114278895,379.81838114278895,-2.636666006093537,379.7623441602416,379.58508623415435,0.23329490863462077,0.26037478091990207,0.17824053933485406,0.016517266857398696,registered
2,1787909591.3080945,1787909591.3073065,17.171795837043817,377.1717958370438,-5.283251311838686,377.0525850941408,377.01856425829413,0.15323157874968762,0.12788696647895126,0.1890509758274112,0.0176364748928008,registered
3,1787909591.3362844,1787909591.3356688,14.318524048525944,374.31852404852594,-8.136523100356523,374.3816769535608,374.4661176437247,-0.14759359519876636,-0.18877965509171535,0.21726109764121454,0.01979067652811089,registered
4,1787909591.3652687,1787909591.3646111,11.661414319455389,371.6614143194554,-10.79363282942711,371.74961973850174,371.8614677455874,-0.20005342613198884,-0.2416246105142168,0.1491501862097866,0.011975962644238088,registered
5,1787909591.3934386,1787909591.3927174,9.051889017042242,369.05188901704224,-13.40315813184024,369.15641344896466,369.33206524386304,-0.280176226820787,-0.30857109834042795,0.15562575651221755,0.012015961782539799,registered
6,1787909591.4219244,1787909591.4213421,6.635465052115194,366.6354650521152,-15.819582096767313,366.60372864723706,366.75599519517596,-0.1205301430607868,-0.12225363530835942,0.130275829579032,0.009555786314722989,registered
7,1787909591.4503367,1787909591.4496796,4.3552492207022055,364.3552492207022,-18.09979792818031,364.11770990601065,364.2057800403234,0.14946918037876245,0.13698887006101756,0.1741964904765549,0.012134857683776933,registered
8,1787909591.4789474,1787909591.4783301,1.4584911795040512,361.45849117950405,-20.99655596937846,361.66196820881333,361.6273927065458,-0.1689015270417471,-0.19184090205812865,0.09630303800372846,0.00765992145135833,registered
9,1787909591.5079489,1787909591.5072641,359.1301771153138,359.1301771153138,-23.324870033568683,359.2166155251646,359.0234937804285,0.1066833348853038,0.08410816141383037,0.13433026200336298,0.011701244692302814,registered
10,1787909591.5363843,1787909591.5356221,356.8009147608705,356.8009147608705,-25.654132388011995,356.7179065608062,356.4714333800409,0.32948138082961265,0.2988441996135336,0.09710302020132294,0.009121255952727546,registered
11,1787909591.5647051,1787909591.5640213,354.25181713395926,354.25181713395926,-28.203230014923204,354.16349130887136,353.91566103223965,0.33615610171961663,0.31182200708114394,0.10583541018532114,0.01057513413428816,registered
12,1787909591.5932355,1787909591.5924623,351.5795949332259,351.5795949332259,-30.875452215656598,351.5299061141129,351.35613382433803,0.22346110888788218,0.2141273347843402,0.1559515474244949,0.016103046625365183,registered
13,1787909591.621784,1787909591.6211886,349.04924058022283,349.04924058022283,-33.405806568659635,348.90687827577676,348.77092337334926,0.2783172068735915,0.25944993462373134,0.15344378589401036,0.01689140438437997,registered
14,1787909591.6504874,1787909591.649857,346.1360352961352,346.1360352961352,-36.31901185274729,346.2483180463924,346.19092681381426,-0.05489151767908851,-0.08414440311435101,0.1655572582857523,0.018240336737322844,registered
15,1787909591.6788216,1787909591.6782293,343.49688910029937,343.49688910029937,-38.958158048583094,343.5745091189474,343.6375790328208,-0.14068993252140416,-0.1623648159836506,0.1431727837857367,0.015207850540670647,registered
16,1787909591.707841,1787909591.7070243,340.738007129282,340.738007129282,-41.71704001960048,340.8989637633198,341.04618915492387,-0.3081820256418766,-0.33316567981734124,0.13072244147586604,0.012742760624912091,registered
17,1787909591.736156,1787909591.7355638,338.4100848430161,338.4100848430161,-44.04496230586641,338.3163950849504,338.47780047718516,-0.06771563416908322,-0.09735792032783763,0.11886876988057299,0.01016217283379766,registered
18,1787909591.7646809,1787909591.7640226,335.9492927525491,335.9492927525491,-46.50575439633334,335.78858948891536,335.91666404352617,0.032628709022993974,-0.013175546573030772,0.1402308068464816,0.010333991237470133,registered
19,1787909591.7934155,1787909591.7927575,333.1265920385402,333.1265920385402,-49.32845511034227,333.285933887921,333.3306811641739,-0.2040891256336721,-0.2097415434949852,0.10609988410290051,0.007442733927337876,registered
20,1787909591.8219018,1787909591.8213673,330.6309873659007,330.6309873659007,-51.82405978298177,330.7838572105916,330.75596286512297,-0.12497549922225915,-0.1360251622750397,0.10539319675343388,0.008454741623539392,registered
21,1787909591.8503523,1787909591.8497636,328.5185301593132,328.5185301593132,-53.9365169895693,328.3135300325278,328.20044799344294,0.3180821658702442,0.3130729520588673,0.1016074409713254,0.008523084484588326,registered
22,1787909591.8790064,1787909591.8782904,325.79197123411603,325.79197123411603,-56.66307591476643,325.7555036236601,325.63319650190607,0.1587747322099915,0.12632702750761382,0.10209806675453402,0.0084383126549162,registered
23,1787909591.9091978,1787909591.908233,323.0550413266149,323.0550413266149,-59.400005822267566,323.13626320244543,322.938537243075,0.11650408353988695,0.08548410646494631,0.15380296546559127,0.012928255225481914,registered
24,1787909591.936699,1787909591.9359162,320.68911582760495,320.68911582760495,-61.76593132127755,320.55222621653445,320.44719829459757,0.24191753300737417,0.2082596374928798,0.1718997968427389,0.01459356136387273,registered
25,1787909591.9647675,1787909591.9639697,318.0456183996214,318.0456183996214,-64.40942874926108,317.93127649287277,317.9225376447715,0.12308075484989445,0.1098843530349427,0.19493265174531105,0.016033458095685207,registered
26,1787909591.993277,1787909591.99275,315.03691874662036,315.03691874662036,-67.41812840226214,315.2406661533246,315.3324780601673,-0.2955593135469883,-0.3261761356081081,0.18392741634107523,0.014156306263312605,registered
27,1787909592.0218172,1787909592.0212529,312.4258783022079,312.4258783022079,-70.02916884667461,312.60355418034044,312.76737220297355,-0.3414939007656983,-0.37986140644440525,0.12954732469480174,0.009091180747993304,registered
28,1787909592.0507758,1787909592.0499153,310.2490247471382,310.2490247471382,-72.20602240174426,310.0609197619387,310.1879120520244,0.06111269511384876,0.014207809691143325,0.17920929439684355,0.011602104597232548,registered
29,1787909592.0788522,1787909592.078322,307.5275515382071,307.5275515382071,-74.92749561067541,307.4835646082677,307.6314745575768,-0.1039230193697307,-0.10505722181478916,0.13136811142972435,0.00805066114633986,registered
30,1787909592.107655,1787909592.1069703,304.72821650078987,304.72821650078987,-77.72683064809263,304.91700116139,305.05328033089006,-0.32506383010019135,-0.33763716788833165,0.16749434320729048,0.009906739808186451,registered
31,1787909592.1359985,1787909592.1354544,302.4451694782041,302.4451694782041,-80.00987767067838,302.4163417762561,302.4898695248273,-0.0447000466232339,-0.04035362716123814,0.12386595783227171,0.007635517857538682,registered
32,1787909592.165334,1787909592.1646695,300.1916655550366,300.1916655550366,-82.26338159384588,299.907923795121,299.86067356980476,0.33099198523186146,0.32989835236519127,0.1325919064524585,0.007809379392140679,registered
33,1787909592.1934755,1787909592.1927686,297.0958687388919,297.0958687388919,-85.35917840999056,297.2852658237613,297.33191475838333,-0.23604601949142534,-0.2462289261762436,0.16646785812275983,0.008490648822913309,registered
34,1787909592.2218049,1787909592.2212405,294.5893432042812,294.5893432042812,-87.8657039446013,294.7068914994767,294.76959822583564,-0.18025502155444428,-0.1920561542993653,0.0911407355511639,0.004975191155812134,registered
35,1787909592.2511246,1787909592.2503982,292.3745814317533,292.3745814317533,-90.08046571712914,292.2032910124727,292.14557324957997,0.2290081821733878,0.20759829602516788,0.16622554506665743,0.009638047057943737,registered
36,1787909592.2795699,1787909592.2788565,289.66830016515894,289.66830016515894,-92.78674698372356,289.5741352734282,289.5844797286078,0.08382043655110749,0.0406592639221941,0.06465142743850189,0.0035906925336342222,registered
37,1787909592.3078134,1787909592.3072236,286.62599756075406,286.62599756075406,-95.82904958812846,286.91266994582463,287.0316039871698,-0.4056064264157726,-0.4777423295477661,0.17413846562471144,0.009034744550000385,registered
38,1787909592.3369477,1787909592.3356624,284.5051281175926,284.5051281175926,-97.94991903128985,284.3948613638249,284.472269886359,0.032858231233603874,-0.021168072204815758,0.13048660727253633,0.007266882262176775,registered
39,1787909592.364858,1787909592.364206,282.1191704677147,282.1191704677147,-100.3358766811678,281.82861578248543,281.9034949944386,0.21567547327613568,0.17773300968451622,0.09042595541365836,0.005398242063594713,registered
40,1787909592.3933885,1787909592.3927367,278.8360807740197,278.8360807740197,-103.61896637486277,279.212233873084,279.3359002014068,-0.49981942738705243,-0.5481799638027383,0.13266309257679793,0.007478821257884147,registered
41,1787909592.4220216,1787909592.4214604,276.539643883766,276.539643883766,-105.91540326511647,276.65832537021583,276.75092577019575,-0.2112818864297452,-0.2510991622036727,0.08366083431196226,0.0046405279797692035,registered
42,1787909592.450486,1787909592.4499023,274.48204282308274,274.48204282308274,-107.97300432579976,274.1240105571475,274.1913127369204,0.2907300861623412,0.2677270960187741,0.15458126576803927,0.008895922489459581,registered
43,1787909592.4791496,1787909592.4785438,271.5381775030264,271.5381775030264,-110.9168696458561,271.5209230773006,271.61374074419314,-0.07556324116673352,-0.09039110330736833,0.08908072198632096,0.004804226454872733,registered
44,1787909592.507647,1787909592.5071294,268.7731770569326,268.7731770569326,-113.68187009194988,268.9688950707011,269.0411895358287,-0.26801247889613933,-0.31115265380739743,0.17599140236508873,0.00853741951642933,registered
45,1787909592.536371,1787909592.5357764,266.4313923341134,266.4313923341134,-116.02365481476907,266.4395750734431,266.4631240472026,-0.03173171308917233,-0.0868110402152098,0.15966032508759873,0.008138489540403596,registered
46,1787909592.5648808,1787909592.564235,263.89970124327414,263.89970124327414,-118.55534590560835,263.8173327808346,263.902009069887,-0.0023078266128777614,-0.05870598417459405,0.11646114025486434,0.006498026070796478,registered
47,1787909592.5942218,1787909592.5936522,261.2947051223835,261.2947051223835,-121.16034202649897,261.22835239196735,261.2546181356348,0.0400869867487188,-0.0025830488067128954,0.13298270527870718,0.007302930525496939,registered
48,1787909592.6219583,1787909592.6213105,258.6604567611443,258.6604567611443,-123.79459038773818,258.7251463041396,258.7655321032176,-0.10507534207329172,-0.14669244290418249,0.07320331053960327,0.0038472400093717213,registered
49,1787909592.6507902,1787909592.6500945,256.0230843578966,256.0230843578966,-126.43196279098586,256.18011245270634,256.1751292171185,-0.15204485922190258,-0.19741884571421053,0.135944368614216,0.0072213748983491755,registered
50,1787909592.6790571,1787909592.6785126,253.69562548933993,253.69562548933993,-128.75942165954257,253.6008400381051,253.61766181818626,0.07796367115368241,0.03344997641775649,0.07323871658120107,0.003932961779881253,registered
51,1787909592.707668,1787909592.7070408,251.17272012065547,251.17272012065547,-131.28232702822703,251.03958598523434,251.05028158858877,0.12243853206669542,0.08528021193262703,0.10915284296713144,0.005998805908242983,registered
52,1787909592.7361434,1787909592.7356281,248.45415535767955,248.45415535767955,-134.00089179120295,248.49081496957808,248.4775801858204,-0.023424828140832687,-0.061774567370662226,0.09573679734464956,0.005310570593988095,registered
53,1787909592.7650478,1787909592.764323,245.85325827201547,245.85325827201547,-136.60178887686703,245.9303780695397,245.89520197216456,-0.041943700149090546,-0.07809349713019742,0.08349867138605159,0.004620523820264528,registered
54,1787909592.7936957,1787909592.7929547,243.36796356388933,243.36796356388933,-139.08708358499317,243.3569051204441,243.31850968951798,0.04945387437135196,-0.008129510350073588,0.13400631962382328,0.007010126692264204,registered
55,1787909592.8220925,1787909592.8214164,240.77487092199075,240.77487092199075,-141.68017622689175,240.7735658713476,240.7571157797378,0.017755142252951828,-0.019348236048642775,0.057900403832452124,0.0028637449404642257,registered
56,1787909592.8506262,1787909592.850012,238.22017693415788,238.22017693415788,-144.23487021472462,238.17903824883314,238.18366340494933,0.036513529208548334,0.009080930208909876,0.12997112311979503,0.006453528280514368,registered
57,1787909592.8793213,1787909592.8787162,235.6071218252481,235.6071218252481,-146.8479253236344,235.64679312991234,235.60044839389968,0.00667343134841758,-0.031302913975707725,0.08792615251418075,0.004414803277528155,registered
58,1787909592.9077158,1787909592.9071317,233.09556346145965,233.09556346145965,-149.35948368742285,233.0997131484816,233.04321701474515,0.05234644671449473,0.011540619854940815,0.12548525116838918,0.006114292757128124,registered
59,1787909592.9364374,1787909592.935767,230.5425263956091,230.5425263956091,-151.9125207532734,230.5121432630938,230.46620288694712,0.07632350866197157,0.043595428758152366,0.12482343065564984,0.005251407075699775,registered
60,1787909592.9648623,1787909592.9641354,227.82933641302154,227.82933641302154,-154.62571073586096,227.95752800344866,227.91319840744853,-0.08386199442699649,-0.11649728551452654,0.1933522810705962,0.007192612279746702,registered
61,1787909592.9934661,1787909592.9928603,225.57242002434137,225.57242002434137,-156.88262712454113,225.37050597383995,225.32811669452036,0.24430332982100822,0.2089447002940119,0.21952107182765396,0.009567519775330623,registered
62,1787909593.0220916,1787909593.0215025,222.75402523989143,222.75402523989143,-159.70102190899107,222.7708711502703,222.7504803327628,0.003544907128627983,-0.030600095989996134,0.17986644256548096,0.00909612328964175,registered
63,1787909593.050478,1787909593.0498822,220.0937911655299,220.0937911655299,-162.3612559833526,220.16426139000941,220.19646740512295,-0.10267623959305183,-0.12882057709470018,0.2222780831961471,0.010719126305124976,registered
64,1787909593.0792582,1787909593.0786626,217.69698701572773,217.69698701572773,-164.75806013315477,217.5965177883126,217.60638636417534,0.09060065155239272,0.06279663111550349,0.16004258583724637,0.007124515623180528,registered
65,1787909593.1081429,1787909593.1075358,214.90299558056498,214.90299558056498,-167.55205156831752,215.05792217632094,215.007958805633,-0.10496322506801903,-0.13259448755746917,0.17244114941548713,0.009003720585902802,registered
66,1787909593.136675,1787909593.1358223,212.45676438809733,212.45676438809733,-169.99828276078517,212.51992420390366,212.46233530827473,-0.005570920177405014,-0.03943196537755966,0.11983134653578514,0.0075865746812816765,registered
67,1787909593.1651676,1787909593.1644323,210.0388919807304,210.0388919807304,-172.4161551681521,210.0457350569074,209.88759555288038,0.15129642785001352,0.12166096252622083,0.13204708650463964,0.00887105891567862,registered
68,1787909593.1935022,1787909593.1928606,207.6374694347972,207.6374694347972,-174.8175777140853,207.5468955122111,207.32920553118058,0.3082639036166199,0.2695278340412415,0.12885272964247302,0.008730936558530094,registered
69,1787909593.221923,1787909593.2213428,205.05467541190936,205.05467541190936,-177.40037173697314,205.00994367383055,204.76596637586533,0.2887090360440254,0.24745224048322711,0.1665417186239777,0.01113542896393085,registered
70,1787909593.250883,1787909593.2501283,202.48893782738665,202.48893782738665,-179.96610932149585,202.433769830087,202.17543475170567,0.313503075680984,0.2761608645524518,0.139616969403828,0.010176947523897995,registered
71,1787909593.2963698,1787909593.2955763,199.83090759549555,199.83090759549555,-182.62413955338695,199.8131388852123,198.0853621978299,1.7455453976656372,1.7661878572920955,0.1593486233157308,0.01273009859495637,registered
72,1787909593.308516,1787909593.3078754,197.14427943850114,197.14427943850114,-185.31076771038136,197.1640888533879,196.9785152655907,0.16576417291045686,0.17331593554172287,0.1962151496459147,0.01579842474507267,registered
73,1787909593.3365693,1787909593.335776,194.4365659634564,194.4365659634564,-188.0184811854261,194.45799992789233,194.46760813190403,-0.03104216844764096,-0.06300997241402229,0.20100473146021117,0.01679474783653714,registered
74,1787909593.3648999,1787909593.364172,191.71236405750687,191.71236405750687,-190.74268309137562,191.80093692416727,191.91213617291083,-0.19977211540395956,-0.24227526749012895,0.1731353773902843,0.012854435024424068,registered
75,1787909593.3935802,1787909593.3928773,189.32478664067435,189.32478664067435,-193.13026050820815,189.19383129769267,189.32881388014403,-0.004027239469678534,-0.0532132719571905,0.1678828719470636,0.011048437305104143,registered
76,1787909593.4222376,1787909593.4216282,186.5672878544611,186.5672878544611,-195.8877592944214,186.63145131514466,186.7413934257819,-0.17410557132077997,-0.22264923448153695,0.13354413759857447,0.009991072892900462,registered
77,1787909593.4512227,1787909593.4506621,183.88731654288262,183.88731654288262,-198.56773060599988,184.08959131915208,184.12850429176694,-0.2411877488843288,-0.27709176033158656,0.10251896631879577,0.00817475270988618,registered
78,1787909593.479929,1787909593.4790125,181.72434209956074,181.72434209956074,-200.73070504932176,181.60494353454874,181.57713049436913,0.14721160519161458,0.11436481916220487,0.10392033924683428,0.007609077356421713,registered
79,1787909593.5079036,1787909593.5071204,179.20564692262238,179.20564692262238,-203.24940022626012,179.14083353392314,179.04757779824078,0.1580691243815977,0.11947993414690927,0.1177470568922372,0.007679416966855701,registered
80,1787909593.5363061,1787909593.5357962,176.5982670667968,176.5982670667968,-205.8567800820857,176.6373469683681,176.46691609205945,0.13135097473735868,0.09709033753557605,0.15283879491374916,0.009876992778410526,registered
81,1787909593.5649753,1787909593.564279,174.07147247788873,174.07147247788873,-208.38357467099377,174.13621893022952,173.9036125677139,0.16785991017482615,0.1303111937921244,0.13832949191471697,0.01022529095147696,registered
82,1787909593.5936244,1787909593.5930097,171.71331622392464,171.71331622392464,-210.74173092495786,171.58379320801924,171.3180159025434,0.39530032138122806,0.36118899945125804,0.12082292937857086,0.010719432077573643,registered
83,1787909593.622087,1787909593.6214728,168.99244556317194,168.99244556317194,-213.46260158571056,168.91835800925114,168.75649325470263,0.23595230846930804,0.18995472895775833,0.1364459033461887,0.012937053959283852,registered
84,1787909593.6508882,1787909593.6502616,166.21381015781097,166.21381015781097,-216.24123699107153,166.24006700928922,166.16566124173494,0.048148916076030446,-0.0012973065668404615,0.18088723155711264,0.016837877812686506,registered
85,1787909593.6790798,1787909593.6784215,163.56520747753427,163.56520747753427,-218.88983967134823,163.52192699560578,163.63143106273859,-0.06622358520431249,-0.11676478846027294,0.14734160680992592,0.014078293630047714,registered
86,1787909593.7076871,1787909593.7070353,160.8803766708828,160.8803766708828,-221.5746704779997,160.84999059338367,161.05634800584934,-0.17597133496653328,-0.2350422394498537,0.16058106084737572,0.014323451907618127,registered
87,1787909593.7366939,1787909593.7359266,158.05158246203868,158.05158246203868,-224.40346468684382,158.21517766876445,158.45628976520624,-0.4047073031675552,-0.44332820460113,0.17674994042048014,0.012676065730784853,registered
88,1787909593.765024,1787909593.7643824,155.5405743188729,155.5405743188729,-226.9144728300096,155.67743219827452,155.89543226401184,-0.35485794513894575,-0.39596902113962074,0.1203618697677607,0.008987968678883953,registered
89,1787909593.79371,1787909593.793123,153.08635341207733,153.08635341207733,-229.36869373680517,153.20879235655235,153.30893443241723,-0.22258102033990212,-0.2720888155345733,0.13338954761530014,0.01050921825239581,registered
90,1787909593.822135,1787909593.821599,150.95556706177226,150.95556706177226,-231.49948008711024,150.7487236046373,150.7462531420312,0.2093139197410494,0.16762039600348544,0.1078762664127285,0.0075581098034596,registered
91,1787909593.8511696,1787909593.8501818,148.3190149511315,148.3190149511315,-234.136032197751,148.26797677364377,148.173959409788,0.1450555413434813,0.09842922941700749,0.2048060785985819,0.012325851236406405,registered
92,1787909593.8794658,1787909593.878826,145.83815449926354,145.83815449926354,-236.61689264961896,145.76527518830892,145.596151397283,0.24200310198054353,0.196616874876554,0.1283130766781814,0.007440396092073068,registered
93,1787909593.9080298,1787909593.9074206,143.261246133329,143.261246133329,-239.1938010155535,143.1798741516187,143.02278484786825,0.23846128546074397,0.2012655661955307,0.16855359433617864,0.010742552068922112,registered
94,1787909593.9365249,1787909593.9358704,140.4643588472242,140.4643588472242,-241.9906883016583,140.49746667617592,140.46246375525965,0.0018950919645419617,-0.032083958408293256,0.17744984845249623,0.01226819608270105,registered
95,1787909593.9656076,1787909593.9648285,137.73738560381648,137.73738560381648,-244.71766154506602,137.803219040688,137.85639773845583,-0.11901213463934823,-0.1344508054246205,0.1809150494036411,0.011569352585894381,registered
96,1787909593.9937773,1787909593.993107,135.18643017408183,135.18643017408183,-247.26861697480066,135.19176390012782,135.31148230043078,-0.12505212634894747,-0.11604524898723412,0.21415039034658626,0.012688277800824332,registered
97,1787909594.0225995,1787909594.0216742,132.49833616578022,132.49833616578022,-249.95671098310228,132.55875261723548,132.74060468685403,-0.24226852107381092,-0.25577389539600404,0.2080787503012856,0.010700828484684203,registered
98,1787909594.0506887,1787909594.0499508,129.84547398103618,129.84547398103618,-252.60957316784632,130.01104851790265,130.19586089957645,-0.3503869185402664,-0.37311628643820427,0.25312282537604225,0.01133540115518623,registered
99,1787909594.0791686,1787909594.078581,127.62667326109249,127.62667326109249,-254.82837388779,127.48372881706578,127.61929735499044,0.007375906102055296,-0.01764698300283385,0.17030012465673375,0.007399067030536398,registered
100,1787909594.108257,1787909594.107763,125.06428443145373,125.06428443145373,-257.39076271742874,124.95071730829821,124.99308383170478,0.07120059974894843,0.052890197305657694,0.2412328922574488,0.010162582205242224,registered
101,1787909594.1373425,1787909594.1364825,122.31140365624941,122.31140365624941,-260.1436434926331,122.40510053543858,122.40849561467547,-0.09709195842606277,-0.09334036815539548,0.17610101626637034,0.007508525198111465,registered
102,1787909594.1650963,1787909594.1644764,120.01910130732682,120.01910130732682,-262.4359458415557,119.89933880577449,119.88919905070725,0.1299022566195731,0.17500070850775273,0.18581837216149338,0.008087924395722763,registered
103,1787909594.1936152,1787909594.1929755,117.17779105015052,117.17779105015052,-265.277256098732,117.32320623644912,117.3244364950084,-0.14664544485788156,-0.2069382647096063,0.23531266107511684,0.009846116253524006,registered
104,1787909594.2222023,1787909594.2216,114.69747412924949,114.69747412924949,-267.757573019633,114.68656052343746,114.74838790266472,-0.050913773415231844,-0.068374241095853,0.12764059905213535,0.005545907435264251,registered
105,1787909594.2514775,1787909594.2507215,112.17990554408107,112.17990554408107,-270.27514160480143,112.10920830582776,112.12762429061058,0.052281253470482625,0.001456918306132593,0.17034456668473597,0.008447584955621031,registered
106,1787909594.2795808,1787909594.2787588,109.65893447808094,109.65893447808094,-272.79611267080156,109.53988255582087,109.60442267213784,0.05451180594309335,0.07750221781765276,0.10568906723205829,0.005422869955483207,registered
107,1787909594.3084574,1787909594.3077042,106.73962239701956,106.73962239701956,-275.71542475186294,106.91774268854437,106.99949384153587,-0.25987144451630684,-0.2818298361826237,0.21465582385014348,0.009712767800798794,registered
108,1787909594.3377404,1787909594.3365602,104.33171747631417,104.33171747631417,-278.12332967256833,104.39271251417142,104.40261113972059,-0.070893663406423,-0.08891718991321795,0.17594601326218737,0.00853506428756828,registered
109,1787909594.3651597,1787909594.364477,101.93390672699127,101.93390672699127,-280.52114042189123,101.83105035876888,101.89026643102403,0.0436402959672364,0.02495707742286868,0.127870779303632,0.007573968467875024,registered
110,1787909594.3938217,1787909594.3930929,99.2425183747439,99.2425183747439,-283.2125287741386,99.26284154385915,99.31499026704392,-0.0724718923000296,-0.06894343969003103,0.18844444252878204,0.011411926521477845,registered
111,1787909594.4221601,1787909594.4215703,96.67635743462318,96.67635743462318,-285.7786897142593,96.7415468701954,96.75218023859725,-0.07582280397406294,-0.09716182597315992,0.0871057420277416,0.004730901411486563,registered
112,1787909594.4508662,1787909594.4501376,94.40394306381745,94.40394306381745,-288.05110408506505,94.27654539880058,94.18128116867712,0.22266189514033385,0.18797011887033932,0.1968301588317716,0.011343827456843222,registered
113,1787909594.4792454,1787909594.47871,91.58371466859876,91.58371466859876,-290.87133248028374,91.6938611155745,91.60993151554487,-0.026216846946113037,-0.04105553535077888,0.0625994849386211,0.004137875793141416,registered
114,1787909594.5079703,1787909594.5073764,89.05737888242783,89.05737888242783,-293.3976682664547,89.04217302695704,89.03010660675733,0.027272275670497947,0.0351359669722342,0.17282211364849423,0.01075753495530814,registered
115,1787909594.5370424,1787909594.5362864,86.69569253962004,86.69569253962004,-295.75935460926246,86.53273543770041,86.42837477132662,0.2673177682934238,0.24042069753829765,0.13199767830808865,0.007714653178039874,registered
116,1787909594.5651522,1787909594.5645561,83.98353540294761,83.98353540294761,-298.4715117459349,83.91668746652269,83.88425321800855,0.0992821849390566,0.048237077898079406,0.10443241132298184,0.006960506069808411,registered
117,1787909594.5935261,1787909594.5929244,80.99347670448509,80.99347670448509,-301.4615704443974,81.30724612780301,81.33127019485335,-0.3377934903682558,-0.38491960941121306,0.13880804649972855,0.009205874271623712,registered
118,1787909594.6224504,1787909594.621875,78.61271296071482,78.61271296071482,-303.8423341881677,78.7390322249426,78.7258693246959,-0.11315636398109064,-0.13661464579621452,0.12328591588170781,0.007202159114065311,registered
119,1787909594.6508956,1787909594.6503081,76.66027371213863,76.66027371213863,-305.79477343674387,76.1663723789025,76.16705017612747,0.49322353601115765,0.4570595150998997,0.1869942861578847,0.011027130861567216,registered
120,1787909594.6794658,1787909594.6787844,73.24077838546208,73.24077838546208,-309.2142687634204,73.56857561693413,73.60434742939799,-0.36356904393591094,-0.3938150593600085,0.10423006500721892,0.007079562545877621,registered
121,1787909594.707982,1787909594.7073288,71.12753876542808,71.12753876542808,-311.3275083834544,71.0285975060241,71.03550816844722,0.09203059698086236,0.08473119169582333,0.13110897250456913,0.008523284099012303,registered
122,1787909594.7385943,1787909594.73678,68.45098950518752,68.45098950518752,-314.004057643695,68.49349876217475,68.38507043342781,0.06591907175970846,0.06664576549246704,0.13209596763582318,0.007514792123498606,registered
123,1787909594.7651927,1787909594.7644594,65.93508556225294,65.93508556225294,-316.51996158662956,65.86633574931209,65.89407478644523,0.04101077580770607,0.008061205753563172,0.08798189834212759,0.005082939598817368,registered
124,1787909594.7939067,1787909594.7932682,63.17123359559821,63.17123359559821,-319.2838135532843,63.19880467213335,63.30144044062928,-0.1302068450310685,-0.17611072353861346,0.14386052292918922,0.00837224408291667,registered
125,1787909594.8222766,1787909594.8216403,60.75796622781695,60.75796622781695,-321.69708092106555,60.679440372147916,60.748114115979206,0.009852111837744815,-0.03390514633986186,0.07658379943977166,0.003974587959368178,registered
126,1787909594.8507411,1787909594.8500888,58.08667425413364,58.08667425413364,-324.36837289474886,58.13618535337025,58.187900305087794,-0.10122605095415338,-0.13181298067235048,0.16233897104772851,0.008492124174082889,registered
127,1787909594.879476,1787909594.8788488,55.418006892705364,55.418006892705364,-327.03704025617714,55.57267884865897,55.59966450967522,-0.18165761696985783,-0.21851878547658998,0.09102495651589702,0.005454847224159029,registered
128,1787909594.9080513,1787909594.907393,52.916276071824825,52.916276071824825,-329.5387710770577,53.0182110843954,53.030846705067916,-0.11457063324309047,-0.14650479167852382,0.12552776571180577,0.007164839658078951,registered
129,1787909594.9368873,1787909594.9361236,50.74764946829475,50.74764946829475,-331.70739768058775,50.5078792368753,50.44525003989736,0.3023994283973934,0.2780460611223248,0.13460364569300357,0.0064545924641119905,registered
130,1787909594.965206,1787909594.9644573,48.204863083592784,48.204863083592784,-334.2501840652897,47.96601028646543,47.895378186539745,0.3094848970530393,0.2808955394357895,0.13624510898059614,0.006909723920666617,registered
131,1787909594.9937952,1787909594.9931812,45.0406116746085,45.0406116746085,-337.414435474274,45.39836120456353,45.3103822989853,-0.2697706243768039,-0.3107447939297572,0.18145600433619916,0.011432591885779553,registered
132,1787909595.0221639,1787909595.0216017,42.90979457271612,42.90979457271612,-339.5452525761664,42.876064569418354,42.752700336618716,0.15709423609740725,0.11974065572366044,0.155668502993165,0.009823148616741391,registered
133,1787909595.0508296,1787909595.0502894,40.360300744289646,40.360300744289646,-342.09474640459285,40.2631357689527,40.17096581326581,0.18933493102383636,0.15743770142580615,0.17829782834662436,0.010922496493016779,registered
134,1787909595.0793579,1787909595.078685,37.61737783187067,37.61737783187067,-344.83766931701183,37.6171619207055,37.615515310616104,0.0018625212545657632,-0.018052762014178825,0.1480203664513005,0.00893066420036941,registered
135,1787909595.1084769,1787909595.1077716,34.98117868399328,34.98117868399328,-347.4738684648892,35.05469662976717,34.99788432470285,-0.016705640709574254,-0.037035972098408365,0.14598768503869067,0.008629839709662992,registered
136,1787909595.136585,1787909595.13586,32.74306830235594,32.74306830235594,-349.71197884652656,32.540037293783676,32.47009104873587,0.27297725362006986,0.24589852779809007,0.15182660792460445,0.008781817778385168,registered
137,1787909595.165208,1787909595.1645463,29.6807103604624,29.6807103604624,-352.7743367884201,29.95303166298444,29.888485263443556,-0.20777490298115708,-0.24066010901617574,0.10228486326976939,0.006927354173524203,registered
138,1787909595.1937213,1787909595.1930723,27.376272748466647,27.376272748466647,-355.07877440041585,27.429817757306054,27.32129814093696,0.05497460752968664,0.030702660756105615,0.13624259801145958,0.010615142283022027,registered
139,1787909595.222348,1787909595.2217274,24.999138460629467,24.999138460629467,-357.45590868825303,24.901471644082072,24.742503136634127,0.25663532399534006,0.2348629493807266,0.11107750302566868,0.009541295915305047,registered
140,1787909595.2517488,1787909595.2509465,22.376025904113817,22.376025904113817,-360.0790212447687,22.322079292495488,22.112942423773234,0.26308348034058326,0.23049530833884546,0.1386723325181555,0.012917260855835338,registered
141,1787909595.2805076,1787909595.2797585,19.792870518779978,19.792870518779978,-362.6621766301025,19.674228588441277,19.520029145492686,0.2728413732872923,0.22400018153007295,0.19006180476890316,0.01760883730993939,registered
142,1787909595.3086107,1787909595.3078887,17.13152419561385,17.13152419561385,-365.32352295326865,17.054626578793645,16.98845955308184,0.14306464253201057,0.10905556298695274,0.18476563156562012,0.01724402206497474,registered
143,1787909595.337933,1787909595.3365724,14.312464286732109,14.312464286732109,-368.1425828621504,14.40770634183143,14.407089787567259,-0.09462550083514998,-0.12492835953844406,0.2115142329969477,0.019262916511215093,registered
144,1787909595.3659196,1787909595.3652947,11.637816940810637,11.637816940810637,-370.81723020807186,11.75574390244729,11.822244094416817,-0.18442715360617967,-0.2142551669360273,0.14446696268988946,0.011589340616883107,registered
145,1787909595.394011,1787909595.393178,9.018506984412227,9.018506984412227,-373.4365401644703,9.134941076526742,9.3129032738006,-0.2943962893883736,-0.3357164848681009,0.1563651484956586,0.012071130743632918,registered
146,1787909595.4225876,1787909595.4219563,6.628295922846291,6.628295922846291,-375.8267512260362,6.5673665073570335,6.723015339943913,-0.09471941709762177,-0.1342979936466122,0.12043446637236174,0.008831547930844284,registered
147,1787909595.4510374,1787909595.4503357,4.288502103249698,4.288502103249698,-378.1665450456328,4.078406550075006,4.169023868647457,0.11947823460224072,0.0885634809962994,0.17790994985838895,0.01240368586976892,registered
148,1787909595.4795964,1787909595.4789019,1.437391960271384,1.437391960271384,-381.0176551886111,1.619472442169253,1.5982320804444612,-0.16084012017307714,-0.18915502132210804,0.09272868322884373,0.007383732415631977,registered
149,1787909595.508104,1787909595.5074565,359.0475811138406,-0.9524188861594212,-383.4074660350419,-0.8314593700706573,-0.9715298032738815,0.019110917114460335,-0.006701509110314419,0.13523395522588894,0.011809554361741357,registered
150,1787909595.5370786,1787909595.536402,356.73991678453035,-3.260083215469649,-385.71513036435215,-3.3399908304437242,-3.576458633875859,0.31637541840621,0.27462668163713033,0.10265295525921776,0.00966241656669511,registered
151,1787909595.565106,1787909595.5644672,354.2399419662733,-5.760058033726693,-388.2151051826092,-5.892040945812784,-6.10217064453002,0.34211261080332633,0.3052285484983486,0.11324839193244889,0.011317467744429032,registered
152,1787909595.5944345,1787909595.5935092,351.5270890921759,-8.472910907824087,-390.9279580567066,-8.522345729849537,-8.715789294221622,0.24287838639753545,0.2098591227083375,0.15463486673868593,0.01598517422957459,registered
153,1787909595.622332,1787909595.621712,348.95608521174455,-11.04391478825545,-393.49896193713795,-11.148133492916902,-11.253881615035539,0.20996682678008938,0.17420704585413205,0.16291871158114596,0.017965324113509644,registered
154,1787909595.6510608,1787909595.6504598,346.08150624471557,-13.91849375528443,-396.37354090416693,-13.790187872352664,-13.841023136933075,-0.07747061835135582,-0.11004053702345118,0.17134858421928553,0.018864819425290225,registered
155,1787909595.6795812,1787909595.6787906,343.49704448224855,-16.502955517751445,-398.95800266663394,-16.468102644628186,-16.390637514169555,-0.11231800358189048,-0.14281186089499442,0.13600726910134658,0.014446764054370106,registered
156,1787909595.7081614,1787909595.7075415,340.6667960535318,-19.33320394646819,-401.7882510953507,-19.143549359034157,-18.978057968531687,-0.3551459779365018,-0.38564618294816455,0.12909884460407928,0.012540759143569601,registered
157,1787909595.7368658,1787909595.736185,338.37935727543686,-21.62064272456314,-404.07568987344564,-21.733293633906364,-21.555823068349866,-0.0648196562132739,-0.08437895424896169,0.11991216886092614,0.010232472569858321,registered
158,1787909595.7650633,1787909595.7644598,335.93351737116546,-24.066482628834535,-406.52152977771703,-24.275463689242237,-24.100395204879987,0.03391257604545217,0.04041679265731091,0.13111872134987854,0.009653842453559675,registered
159,1787909595.7940383,1787909595.7932591,333.0078548974018,-26.992145102598215,-409.4471922514807,-26.797033019784628,-26.69217129695869,-0.29997380563952447,-0.31264602116573315,0.13100912474800339,0.00923323493364509,registered
160,1787909595.8223066,1787909595.821681,330.55321583474705,-29.44678416525295,-411.90183131413545,-29.29871138144679,-29.249981997385873,-0.1968021678670766,-0.24829704287293453,0.1356789184162348,0.010921678259779978,registered
161,1787909595.850982,1787909595.850284,328.36333609139535,-31.636663908604646,-414.09171105748715,-31.7741056392215,-31.824099518820674,0.18743561021602773,0.15188516841726596,0.10560137592579792,0.008857002999173923,registered
162,1787909595.8792896,1787909595.8787324,325.7065974232336,-34.293402576766425,-416.7484497256489,-34.34634744530753,-34.38429187336874,0.09088929660231315,0.09601414003986974,0.09584521418433013,0.007921208917236787,registered
163,1787909595.9081721,1787909595.9075203,323.01372839326035,-36.98627160673965,-419.44131875562215,-36.94395698287163,-36.975038060962675,-0.011233545776974552,-0.01578988398483716,0.1449420622824644,0.012187751250368034,registered
164,1787909595.9374504,1787909595.9368842,320.6624924169973,-39.33750758300272,-421.7925547318852,-39.505305086662055,-39.61762277428636,0.2801151912836417,0.25474555369152085,0.172838832438894,0.0146722672702715,registered
165,1787909595.9653554,1787909595.964565,317.89158666950294,-42.10841333049706,-424.56346047937956,-42.13876770964721,-42.10874715932948,0.00033382883242438766,-0.03547465290733953,0.1750418111976735,0.0143535405576504,registered
166,1787909595.9940007,1787909595.9934108,314.9833350095195,-45.01666499048048,-427.471712139363,-44.84690440963986,-44.70470723837724,-0.3119577521032397,-0.34478099723338573,0.20653035708440226,0.015873798055399336,registered
167,1787909596.02229,1787909596.0217028,312.44993747889885,-47.550062521101154,-430.00510966998365,-47.49450475350956,-47.250824231634454,-0.2992382894667003,-0.3318873148706416,0.14370244822768233,0.01009494762498386,registered
168,1787909596.0509186,1787909596.05024,310.08039813627516,-49.919601863724836,-432.37464901260734,-50.053209163250486,-49.8190198022823,-0.10058206144253745,-0.13683099498246065,0.1916494831175768,0.012354193991597914,registered
169,1787909596.0796192,1787909596.0788467,307.32203602634695,-52.67796397365305,-435.13301112253555,-52.62251915789305,-52.39345916886862,-0.28450480478443296,-0.31134202156863466,0.13192878610336972,0.008048505480985043,registered
170,1787909596.10855,1787909596.1079056,304.63903871272026,-55.360961287279736,-437.81600843616224,-55.11006783015898,-55.008601218943795,-0.35236006833594047,-0.3848515514923747,0.1825044090744969,0.010804453850339254,registered
171,1787909596.1369584,1787909596.136327,302.48862623945286,-57.511373760547144,-439.96642090942964,-57.60084744466717,-57.56636900668411,0.05499524613696849,-0.0014417045939012496,0.133437702708531,0.008221736658472848,registered
172,1787909596.165068,1787909596.1644447,300.15643275843104,-59.84356724156896,-442.29861439045146,-60.1029646161413,-60.096801412893115,0.25323417132415216,0.1991549329855502,0.13675372214761128,0.008039993773155587,registered
173,1787909596.1938853,1787909596.19318,297.2326999681559,-62.767300031844115,-445.2223471807266,-62.69521563041644,-62.682827204932266,-0.0844728269118491,-0.1272052236691934,0.18360527891393802,0.00937582103205975,registered
174,1787909596.2225404,1787909596.2218833,294.78705976332395,-65.21294023667605,-447.66798738555855,-65.27203997272551,-65.26595639060815,0.05301615393210568,0.014440362721472866,0.0946918505478312,0.005127912855255876,registered
175,1787909596.2517655,1787909596.2507484,292.09452742100115,-67.90547257899885,-450.36051972788135,-67.81085706335514,-67.86365443347387,-0.041818145524985084,-0.08585989907464864,0.16951494064656367,0.00984673602803692,registered
176,1787909596.2800558,1787909596.2792048,289.5837763224891,-70.41622367751091,-452.8712708263934,-70.480711595081,-70.42457630369853,0.008352626187615897,-0.013764174311347688,0.09000025291075078,0.0049832462824510775,registered
177,1787909596.3083777,1787909596.3076365,286.6165317967478,-73.38346820325222,-455.8385153521347,-73.16075373747941,-72.98326671420637,-0.4002014890458554,-0.38771674027174186,0.21228391663021498,0.011015109039814642,registered
178,1787909596.3463328,1787909596.345277,284.4390393351209,-75.56096066487908,-458.0160078137616,-75.71031156904877,-76.37070838974233,0.8097477248632572,0.7907132964694483,0.1226164312115532,0.006847923269997533,registered
179,1787909596.3652725,1787909596.3645904,282.0014264884049,-77.99857351159511,-460.4536206604776,-78.25424862885511,-78.10880094572593,0.11022743413082026,0.08541337448633612,0.10567896761155854,0.0063141126783587236,registered
180,1787909596.3938959,1787909596.3932796,278.76732490678035,-81.23267509321965,-463.68772224210215,-80.82248236369531,-80.69066420713938,-0.542010886080277,-0.5712776053914013,0.15934385142966218,0.008966770594059445,registered
181,1787909596.4225264,1787909596.4218292,276.5148893758352,-83.4851106241648,-465.9401577730473,-83.3838590276593,-83.25997550764566,-0.22513511651914087,-0.23923470261456714,0.06728474424887382,0.0037335509738621884,registered
182,1787909596.4514499,1787909596.450659,274.4406019042882,-85.5593980957118,-468.0144452445943,-85.92596608448565,-85.85449801168352,0.2950999159717185,0.2652897609006004,0.14242287651536234,0.008199309810654275,registered
183,1787909596.479553,1787909596.4788413,271.567187220436,-88.43281277956402,-470.8878599284465,-88.51997879727244,-88.3907450869624,-0.04206769260161991,-0.06879318633241382,0.07319625296443368,0.0039531110473240766,registered
184,1787909596.5081108,1787909596.5075948,268.6748944096161,-91.32510559038388,-473.7801527392664,-91.07605299643406,-90.97840156110226,-0.346704029281625,-0.3849146463723514,0.11605634434099184,0.005625777231221502,registered
185,1787909596.53688,1787909596.5361278,266.3947587509173,-93.60524124908272,-476.0602883979652,-93.62220582153265,-93.54621091756837,-0.05903033151435011,-0.10911966029721043,0.11939406228580027,0.006095277651375125,registered
186,1787909596.565304,1787909596.5646584,263.7861007622957,-96.21389923770431,-478.6689463865868,-96.24160461159437,-96.11380571060016,-0.10009352710414987,-0.13733803983535608,0.10261652164749732,0.005736708810359652,registered
187,1787909596.593905,1787909596.5933673,261.2534403713339,-98.74655962866609,-481.2016067775486,-98.82394367200914,-98.69744984851843,-0.049109780147659876,-0.08697067302489359,0.14053019633386293,0.0077098972414867606,registered
188,1787909596.6228864,1787909596.6222043,258.5793636909748,-101.42063630902521,-483.8756834579077,-101.33287621121747,-101.29261604285921,-0.12802026616600415,-0.1478301665865729,0.05306540876592651,0.002788426769157948,registered
189,1787909596.6510465,1787909596.6504622,256.00037878295973,-103.99962121704027,-486.45466836592277,-103.86216933364544,-103.83566477900575,-0.16395643803451776,-0.16416826445566812,0.13526575910554625,0.007186011655615128,registered
190,1787909596.6797798,1787909596.6791036,253.7305257643991,-106.26947423560091,-488.7245213844834,-106.4386164229515,-106.41323677173301,0.1437625361321011,0.12274243083322744,0.07044421198528972,0.0037818921189243264,registered
191,1787909596.7080226,1787909596.7073696,251.0994699184883,-108.9005300815117,-491.3555772303942,-108.99083903670177,-108.95701502355621,0.056484942044505715,0.047964064090365355,0.11869033283376719,0.006526255066983799,registered
192,1787909596.7369237,1787909596.7360356,248.36022960014878,-111.63977039985122,-494.0948175487337,-111.5535171858433,-111.53679701965689,-0.102973380194328,-0.13154931626894495,0.0909497174639899,0.005046185209205595,registered
193,1787909596.765427,1787909596.7647345,245.83274277826547,-114.16725722173453,-496.62230437061703,-114.12621010506695,-114.11953999115104,-0.04771723058348698,-0.09830227422020243,0.0856988419756833,0.004741309147328727,registered
194,1787909596.7946527,1787909596.7938662,243.31877030639816,-116.68122969360184,-499.13627684248434,-116.72185848794683,-116.74122622597275,0.059996532370917066,0.04674383575581942,0.1494289920129202,0.007805101890374081,registered
195,1787909596.8227444,1787909596.8219223,240.69241804595356,-119.30758195404644,-501.76262910292894,-119.30858142693887,-119.26612289557653,-0.04145905846991127,-0.0751735765451258,0.06476976675066987,0.00320170682851782,registered
196,1787909596.851019,1787909596.850355,238.10451672317464,-121.89548327682536,-504.35053042570786,-121.8831307807371,-121.8248991314581,-0.07058414536726332,-0.10680201513162046,0.13087005489196116,0.006502143789058493,registered
197,1787909596.8798585,1787909596.8792188,235.52057592732535,-124.47942407267465,-506.93447122155715,-124.42602368371662,-124.42248989260662,-0.05693418006802631,-0.1043426281261759,0.09776888670924408,0.0049093793257704785,registered
198,1787909596.9087288,1787909596.907837,233.04188536128743,-126.95811463871257,-509.4131617875951,-126.97095430821214,-126.99795916367759,0.039844524965019446,0.00043613842029799343,0.11291129840870556,0.005492150081142952,registered
199,1787909596.9369273,1787909596.9361656,230.54024820285053,-129.45975179714947,-511.91479894603196,-129.54135373264336,-129.5473804338232,0.08762863667374177,0.06618418739253684,0.14131889940429734,0.005944333506702152,registered
200,1787909596.9653795,1787909596.964731,227.78037036925696,-132.21962963074304,-514.6746767796255,-132.09036853328988,-132.11810785299588,-0.1015217777471662,-0.12076074389619862,0.20160819048215128,0.007508791083233175,registered
201,1787909596.9942656,1787909596.9936728,225.44549760979203,-134.55450239020797,-517.0095495390905,-134.67519488152828,-134.72271483844645,0.16821244823847792,0.13516892332143016,0.2041653322441764,0.008995645238095937,registered
202,1787909597.02274,1787909597.0219936,222.78736810345868,-137.21263189654132,-519.6676790454238,-137.27220137275845,-137.27142804925882,0.05879615271749117,0.03482553225819629,0.18598588062151064,0.009401625280138173,registered
203,1787909597.0510888,1787909597.050504,220.04106739483177,-139.95893260516823,-522.4139797540507,-139.89142913718896,-139.83719905309897,-0.12173355206925862,-0.13041604016484598,0.21667942615281835,0.010427242092339977,registered
204,1787909597.0798125,1787909597.079219,217.59499908591567,-142.40500091408433,-524.8600480629668,-142.45671054823578,-142.42140105594638,0.016400141862050077,0.021986016416121856,0.15887393445573245,0.007069956179373557,registered
205,1787909597.1087654,1787909597.1080177,214.87008610491432,-145.12991389508568,-527.5849610439682,-144.9854993721999,-145.0131127789948,-0.11680111609086907,-0.12868108327211303,0.18039065919519945,0.009449033449979391,registered
206,1787909597.1373215,1787909597.136434,212.4412492035541,-147.5587507964459,-530.0137979453284,-147.51129925444803,-147.570429983523,0.01167918707710669,-0.010299387408053917,0.11628289570693658,0.007367493505374344,registered
207,1787909597.165458,1787909597.1647854,209.9523413932735,-150.0476586067265,-532.502705755609,-150.00105401686127,-150.12188960629453,0.07423099956804435,0.05048186073179295,0.12821638213125397,0.00862026578122218,registered
208,1787909597.1939247,1787909597.1933267,207.65691424384863,-152.34308575615137,-534.7981329050339,-152.49503113191975,-152.69044993478076,0.34736417862939106,0.3365126593846526,0.12620712745509363,0.008552129800583869,registered
209,1787909597.2229104,1787909597.222268,205.00518817645082,-154.99481182354918,-537.4498589724317,-155.03119175303507,-155.2950140075444,0.3002021839952249,0.2868475348169568,0.15962456028672892,0.010675825948958988,registered
210,1787909597.2512336,1787909597.2505326,202.45328385472578,-157.54671614527422,-540.0017632941567,-157.6131756220919,-157.838663521307,0.29194737603279464,0.272042738271125,0.14502645000359196,0.010591022782468528,registered
211,1787909597.2798667,1787909597.2791655,199.72910243565082,-160.27089756434918,-542.7259447132317,-160.230727077221,-160.4154630856707,0.14456552132151046,0.09502335419142582,0.16090766051308064,0.012865239026293752,registered
212,1787909597.3085191,1787909597.3076787,197.09891495468662,-162.90108504531338,-545.3561321941959,-162.87814451617788,-162.98149156563204,0.08040652031866102,0.03263632812524975,0.19304073202814837,0.015551515609868082,registered
213,1787909597.337268,1787909597.336566,194.4200023364001,-165.5799976635999,-548.0350448124824,-165.59125221267556,-165.58118504843685,0.0011873848369532425,-0.03560698924047756,0.20130315426790302,0.016818467637436385,registered
214,1787909597.3656595,1787909597.364956,191.69659239092937,-168.30340760907063,-550.7584547579531,-168.23117532605048,-168.13612059884417,-0.16728701022645964,-0.19173985377108238,0.16113770318715193,0.011949730781190559,registered
215,1787909597.3939939,1787909597.393359,189.29243971506526,-170.70756028493474,-553.1626074338172,-170.8365615668729,-170.69223624814038,-0.015324036794368112,-0.05377284145026806,0.17083370630930939,0.01124296163532965,registered
216,1787909597.422734,1787909597.4220097,186.51297857931138,-173.48702142068862,-555.9420685695711,-173.39342761421466,-173.27064503826136,-0.21637638242725643,-0.23811377770368836,0.14353011832242138,0.010771197427805336,registered
217,1787909597.4512641,1787909597.4506516,183.8815017413051,-176.1184982586949,-558.5735454075774,-175.92638586616832,-175.84825994367554,-0.27023831501935547,-0.2991504143031989,0.10502676022289055,0.008373997924616025,registered
218,1787909597.4799986,1787909597.4792595,181.72731322742356,-178.27268677257644,-560.7277339214589,-178.4081768431332,-178.422806591979,0.15011981940256192,0.1290408803271248,0.11734146374692908,0.008593188448601408,registered
219,1787909597.5084016,1787909597.5077596,179.15394186139667,-180.84605813860333,-563.3011052874858,-180.86700047902934,-180.98765497305158,0.14159683444825077,0.10939185879033175,0.13391690170017498,0.008722439305708514,registered
220,1787909597.5371866,1787909597.5364366,176.61952804464124,-183.38047195535876,-565.8355191042413,-183.36223493220933,-183.5684239609501,0.18795200559134173,0.14654487062830412,0.16864187085251098,0.010893606590470962,registered
221,1787909597.565621,1787909597.5648673,174.1324431686561,-185.8675568313439,-568.3226039802264,-185.85012979352905,-186.12702854608415,0.25947171474024344,0.23329958275917306,0.1277508595835285,0.009396661251021104,registered
222,1787909597.5939178,1787909597.5932436,171.6716222901565,-188.3283777098435,-570.783424858726,-188.40860258488883,-188.680741084916,0.3523633750725139,0.333559286656282,0.12933593918020772,0.011502448135524188,registered
223,1787909597.6227388,1787909597.6221588,168.99576826464988,-191.00423173535012,-573.4592788842326,-191.07695241597037,-191.28294495990224,0.27871322455212066,0.26070430999288874,0.14083689299486035,0.013353553489769562,registered
224,1787909597.6515653,1787909597.6507692,166.23277446691657,-193.76722553308343,-576.2222726819659,-193.76552666225797,-193.85772762798342,0.09050209489998906,0.07887606107237843,0.17559173929576774,0.016344142108914904,registered
225,1787909597.680574,1787909597.6795552,163.58065286288365,-196.41934713711635,-578.8743942859988,-196.49422062673432,-196.44830216483,0.028955027713664094,0.014897556191044714,0.15203100393553026,0.014525215298647368,registered
226,1787909597.708273,1787909597.7076125,160.81154920521635,-199.18845079478365,-581.6434979436661,-199.1697929292256,-198.97330611615087,-0.21514467863278242,-0.22837075263532824,0.16557377442358073,0.014703932535950643,registered
227,1787909597.737936,1787909597.7371397,158.03003870864723,-201.96996129135277,-584.4250084402353,-201.80039083055928,-201.63058842472492,-0.3393728666278548,-0.34945332852305455,0.17156555884671668,0.012291243520455698,registered
228,1787909597.7659218,1787909597.7651575,155.50691288089308,-204.49308711910692,-586.9481342679894,-204.32475767725725,-204.15203062303624,-0.3410564960706779,-0.346247215981748,0.1311415784040235,0.009810405773937976,registered
229,1787909597.7944787,1787909597.7937963,153.12864826328928,-206.87135173671072,-589.3263988855932,-206.80005075492403,-206.72936659598577,-0.14198514072495527,-0.14192481579880223,0.15908417736632186,0.012545344521383714,registered
230,1787909597.8231082,1787909597.8222063,150.94736066913003,-209.05263933086997,-591.5076864797525,-209.25402845713546,-209.28610447924132,0.23346514837135146,0.22436860551090376,0.10928507258227216,0.007652177644046666,registered
231,1787909597.8516705,1787909597.8506324,148.32452179723634,-211.67547820276366,-594.1305253516462,-211.7236894671479,-211.8443013938503,0.1688231910866307,0.14492099480298748,0.19372363801710032,0.011661006667911044,registered
232,1787909597.8800206,1787909597.8792925,145.89899606710526,-214.10100393289474,-596.5560510817772,-214.23865122426568,-214.42354698136523,0.322543048470493,0.30654625537533775,0.13323371144166404,0.007722983758755245,registered
233,1787909597.909221,1787909597.9084077,143.14713164553405,-216.85286835446595,-599.3079155033485,-216.8354194685706,-217.04375272849018,0.19088437402422187,0.17456317461130766,0.17295220629875158,0.011091030093884399,registered
234,1787909597.9376495,1787909597.9369175,140.49248039310294,-219.50751960689706,-601.9625667557796,-219.51610767801458,-219.6094808196434,0.10196121274634606,0.08537613606097239,0.1678048234278137,0.011603532840197519,registered
235,1787909597.9670517,1787909597.965647,137.7220991406806,-222.2779008593194,-604.7329480082019,-222.20803882841898,-222.19497020309677,-0.0829306562226293,-0.09795176577699749,0.19710103969203005,0.012597801761610157,registered
236,1787909597.9945424,1787909597.9937234,135.13874372846567,-224.86125627153433,-607.3163034204168,-224.8129238773113,-224.72169066189224,-0.13956560964209075,-0.1639792718855233,0.22365434194592385,0.013229983246650121,registered
237,1787909598.0232372,1787909598.022519,132.51450970601263,-227.48549029398737,-609.9405374428699,-227.43793597648272,-227.31314490881937,-0.17234538516800058,-0.19340038311872831,0.22507720077517335,0.01158760332805112,registered
238,1787909598.0516832,1787909598.0507884,129.9144079819048,-230.0855920180952,-612.5406391669777,-229.98320239894323,-229.85722354945062,-0.22836846864458948,-0.2515315192401886,0.25771345860549283,0.011562586090877952,registered
239,1787909598.0806725,1787909598.0798702,127.58062075873386,-232.41937924126614,-614.8744263901486,-232.52451552478718,-232.47442540849522,0.0550461672290794,0.03808377634709359,0.19286012300513977,0.008375421597143539,registered
240,1787909598.1089032,1787909598.1079476,125.08396215144444,-234.91603784855556,-617.3710849974381,-235.0716369247615,-235.00123169266442,0.08519384410885777,0.04253883416390636,0.2516430693640631,0.010603044449326594,registered
241,1787909598.1377842,1787909598.1370246,122.25633114588027,-237.74366885411973,-620.1987160030022,-237.62565672328623,-237.61800442484036,-0.12566442927936805,-0.15452320048507318,0.1816145640476999,0.007749847896985923,registered
242,1787909598.16611,1787909598.165245,119.90691925399062,-240.09308074600938,-622.5481278948919,-240.15052812575152,-240.15768451506824,0.06460376905886278,0.03367981814687937,0.15093677141108117,0.006567463770040025,registered
243,1787909598.1944592,1787909598.1937654,117.16340540226884,-242.83659459773116,-625.2916417466137,-242.75289958893694,-242.7243566853324,-0.11223791239876846,-0.1594383260775203,0.23876266419001116,0.009988717864462144,registered
244,1787909598.2233353,1787909598.2225611,114.58313710015466,-245.41686289984534,-627.8719100487278,-245.3940728647696,-245.31581093225964,-0.101051967585704,-0.15071731308535163,0.134714157748466,0.005884241625462791,registered
245,1787909598.2519045,1787909598.2510586,112.15305651729932,-247.84694348270068,-630.3019906315832,-247.97278789477858,-247.8804232935545,0.03347981085380525,0.009347298129682713,0.19045314401913918,0.009455826604117076,registered
246,1787909598.2805448,1787909598.2795866,109.54714874539525,-250.45285125460475,-632.9078984034873,-250.54653488375058,-250.4477820668085,-0.005069187796266306,0.042491279318483066,0.13318071766318287,0.006816439008763943,registered
247,1787909598.3082745,1787909598.3075566,106.59704331199521,-253.4029566880048,-635.8580038368873,-253.14731446569266,-252.96493299643362,-0.4380236915711748,-0.4837072040908197,0.2231554555791285,0.010053804015703213,registered
248,1787909598.3380568,1787909598.3368547,104.28885154755767,-255.71114845244233,-638.1661956013248,-255.70233617974034,-255.60159575897023,-0.10955269347209651,-0.148710127001209,0.1952744419712307,0.00950759771945571,registered
249,1787909598.365998,1787909598.365252,101.88531683955796,-258.11468316044204,-640.5697303093245,-258.27038483152523,-258.15719645602405,0.04251329558201178,0.016671706203624126,0.12039828326710296,0.007150862858575427,registered
250,1787909598.394817,1787909598.394138,99.08969774707816,-260.91030225292184,-643.3653494018043,-260.85154707515835,-260.75678265711167,-0.15351959581016672,-0.1983409729775758,0.17729620043350344,0.010675323179591798,registered
251,1787909598.423966,1787909598.423269,96.64501989500138,-263.3549801049986,-645.8100272538811,-263.387771544027,-263.3784045229031,0.023424417904493566,-0.00916560568487057,0.10061640329075773,0.005461320103154055,registered
252,1787909598.4514773,1787909598.450741,94.09550040529484,-265.90449959470516,-648.3595467435877,-265.86314339226305,-265.8507331511006,-0.053766443604558845,-0.08480036210357866,0.14768932583920377,0.008678824741109134,registered
253,1787909598.4802039,1787909598.4795005,91.49475485446237,-268.50524514553763,-650.9602922944201,-268.47258354450537,-268.4389260338262,-0.06631911171143656,-0.0882628608254663,0.07906565029413298,0.005232066895827548,registered
254,1787909598.5090508,1787909598.5080533,88.92785341242973,-271.0721465875703,-653.5271937364528,-271.09341509457914,-271.0085162667971,-0.06363032077319986,-0.09757421052972859,0.1701488403062033,0.010523442604613348,registered
255,1787909598.5377295,1787909598.5370412,86.50470748067028,-273.4952925193297,-655.9503396682122,-273.5812010605893,-273.61726432652983,0.12197180720011147,0.08428603094228038,0.11284081541187549,0.0066224045827930405,registered
256,1787909598.5660005,1787909598.5653706,83.92488264634187,-276.07511735365813,-658.5301645025406,-276.194981294801,-276.16674996570566,0.09163261204753326,0.06917092489254628,0.09986657244817511,0.006673519838290813,registered
257,1787909598.5942533,1787909598.5936728,80.89809108100167,-279.10190891899833,-661.5569560678808,-278.7692662304476,-278.71378958173045,-0.38811933726788084,-0.4091619813681291,0.14877602975112683,0.009821625423353684,registered
258,1787909598.6234117,1787909598.622681,78.67661069814574,-281.32338930185426,-663.7784364507368,-281.33949786809325,-281.3243614306548,0.0009721288005266615,-0.024330719824661173,0.12421550215244734,0.007273281074484621,registered
259,1787909598.6520138,1787909598.651157,76.47048746448536,-283.52951253551464,-665.9845596843971,-283.90077267757346,-283.88704272104087,0.3575301855262296,0.3342461689649099,0.15710465449228492,0.009341635544963475,registered
260,1787909598.6799374,1787909598.6791844,73.13260430966363,-286.86739569033637,-669.3224428392189,-286.49832917938886,-286.40936462943284,-0.4580310609035223,-0.49393301205100215,0.10030108202252015,0.006818240395951601,registered
261,1787909598.7083225,1787909598.7077115,71.1057645014481,-288.8942354985519,-671.3492826474344,-289.0558037760492,-288.9766375773132,0.08240207876133354,0.055721643560104894,0.12423215812608962,0.008067954876490474,registered
262,1787909598.7373767,1787909598.736481,68.39961140578316,-291.60038859421684,-674.0554357430993,-291.5768842075353,-291.56573162646293,-0.0346569677539037,-0.07903211174266289,0.11967100490959634,0.006798169380389334,registered
263,1787909598.7656143,1787909598.7649162,65.82741419856586,-294.17258580143414,-676.6276329503166,-294.21103238186475,-294.1247438821223,-0.04784191931184978,-0.09586575134903796,0.0883719242569168,0.005119260712305309,registered
264,1787909598.7941766,1787909598.793566,63.09469637283371,-296.9053036271663,-679.3603507760488,-296.83846532290795,-296.70306684686966,-0.20223678029663006,-0.25051650400951075,0.16155811031092787,0.00937966213315196,registered
265,1787909598.8229697,1787909598.82223,60.72717961101239,-299.2728203889876,-681.7278675378701,-299.35946549127897,-299.2826771922229,0.009856803235265943,-0.03124834385187114,0.09116602094577668,0.004724849429793526,registered
266,1787909598.8518605,1787909598.8510816,58.107871319015885,-301.8921286809841,-684.3471758298666,-301.9148235759706,-301.87915222351296,-0.01297645747115439,-0.05114060148855515,0.1456945243853498,0.0076131940729733324,registered
267,1787909598.8810344,1787909598.8799896,55.320719683354014,-304.679280316646,-687.1343274655285,-304.4835147411648,-304.48071240819627,-0.19856790844971783,-0.2105833261175576,0.09987469865950614,0.005999492389042842,registered
268,1787909598.9096105,1787909598.9085429,52.930876653187966,-307.06912334681203,-689.5241704956945,-307.02787326768936,-307.05034555385396,-0.018777792958076134,-0.04351807176010425,0.12684958834895524,0.007247201639521082,registered
269,1787909598.9388473,1787909598.9379587,50.6425242444584,-309.3574757555416,-691.8125229044241,-309.5359786117655,-309.69760775004556,0.34013199450396314,0.3169277577339926,0.1381485468258805,0.006581604680219726,registered
270,1787909598.966223,1787909598.9653819,48.10191453517302,-311.898085464827,-694.3531326137095,-312.07456406898564,-312.16553782783967,0.26745236301269415,0.23554169113049284,0.1313001056611742,0.006722710667212171,registered
271,1787909598.9946573,1787909598.9938633,45.006428997645685,-314.9935710023543,-697.4486181512368,-314.6437125964132,-314.7287126141247,-0.2648583882296407,-0.296488485854411,0.17458748109655436,0.011008328318754741,registered
272,1787909599.0227895,1787909599.022215,42.95849248834554,-317.04150751165446,-699.496554660537,-317.15889006138184,-317.28019369323965,0.2386861815851944,0.21668233757213784,0.16043327744928673,0.010129960320394277,registered
273,1787909599.0515177,1787909599.0507855,40.33788708973702,-319.662112910263,-702.1171600591455,-319.78350514733444,-319.85139315196784,0.18928024170486424,0.1585693212315391,0.1765337799254146,0.010812482391884783,registered
274,1787909599.0801234,1787909599.0795603,37.570659428436784,-322.4293405715632,-704.8843877204457,-322.41205837290676,-322.4409592406731,0.011618669109907387,-0.01378872224472616,0.14558524449026844,0.00878213167630407,registered
275,1787909599.109404,1787909599.1087976,34.88455364094489,-325.1154463590551,-707.5704935079376,-324.98602974583173,-325.0721506356348,-0.04329572342032861,-0.07025385710358023,0.16523752545497053,0.009753969896801065,registered
276,1787909599.1380246,1787909599.1374702,32.67997601977697,-327.320023980223,-709.7750711291055,-327.51389052795355,-327.65253340935146,0.33250942912843584,0.30459149065666224,0.14934765670138214,0.008643514901579396,registered
277,1787909599.1655362,1787909599.1649017,29.637305973279467,-330.36269402672053,-712.817741175603,-330.1074422921621,-330.1212144591657,-0.24147956755484756,-0.2643518715215123,0.10340314328487979,0.007025508482417678,registered
278,1787909599.1950674,1787909599.19444,27.375897753550248,-332.62410224644975,-715.0791493953323,-332.6151094596197,-332.77948375953747,0.1553815130877183,0.12511161110501234,0.15814739436221997,0.012322035940759146,registered
279,1787909599.2230303,1787909599.2222817,24.910968223997315,-335.0890317760027,-717.5440789248852,-335.12877028905496,-335.2850911763967,0.19605940039400593,0.15813422494977658,0.1156826600684631,0.009971803333113208,registered
280,1787909599.251894,1787909599.2509599,22.371515454876658,-337.62848454512334,-720.0835316940058,-337.703600801178,-337.8659674460123,0.2374829008889492,0.19404365467039497,0.15589205924632318,0.014522198456311542,registered
281,1787909599.2821853,1787909599.2811255,19.77260602171725,-340.22739397828275,-722.6824411271652,-340.3545138632416,-340.58070984229494,0.3533158640121883,0.3197878589612628,0.18813219501065648,0.01742704378550547,registered
282,1787909599.3090296,1787909599.3081212,17.120605107997562,-342.87939489200244,-725.3344420408849,-342.97478689963873,-343.010168696317,0.13077380431457186,0.10420457526333848,0.18524560858109626,0.01729079670954144,registered
283,1787909599.3373265,1787909599.336698,14.275479814423761,-345.72452018557624,-728.1795673344587,-345.62645233496653,-345.5819260199744,-0.14259416560184945,-0.1704994659926342,0.20532697793513077,0.018673868500488137,registered
284,1787909599.3663166,1787909599.365665,11.569649844422429,-348.43035015557757,-730.8853973044601,-348.26728129453875,-348.1887859214852,-0.2415642340923796,-0.27275199730365784,0.15595919467829672,0.012479124896996624,registered
285,1787909599.394486,1787909599.3939285,9.004273045513514,-350.9957269544865,-733.450774103369,-350.89203132895693,-350.73234960987406,-0.26337734461242235,-0.2937058175398306,0.16388048013172832,0.012650413313723309,registered
286,1787909599.4230864,1787909599.4224875,6.609738721208487,-353.3902612787915,-735.845308427674,-353.462685688798,-353.30249770777414,-0.08776357101737631,-0.11410696318455393,0.1216294846610388,0.008912975640456502,registered
287,1787909599.451836,1787909599.450824,4.25264943158561,-355.7473505684144,-738.2023977172969,-355.9531277744376,-355.8526270372529,0.10527646883849684,0.08128516241242778,0.1659976432522401,0.011579092948486974,registered
288,1787909599.4800997,1787909599.4794726,1.443534731841055,-358.55646526815895,-741.0115124170414,-358.41668321969615,-358.4308427202832,-0.1256225478757642,-0.14893046293025236,0.0989844806206465,0.007879345902335685,registered
289,1787909599.509069,1787909599.5084527,358.9974253200578,-361.0025746799422,-743.4576218288247,-360.86478872607347,-361.03888272068264,0.03630804074043681,0.003113569316610665,0.12682166216725987,0.011091790935946323,registered
290,1787909599.537793,1787909599.537168,356.6652549253819,-363.3347450746181,-745.7897922235006,-363.37259554846446,-363.6231061798735,0.28836110525537606,0.2664668204939744,0.09497942357639479,0.008962507407372597,registered
291,1787909599.5660188,1787909599.5653799,354.2088022209923,-365.7911977790077,-748.2462449278902,-365.92844503629783,-366.1620138417378,0.370816062730114,0.3467815139352979,0.11133169476260428,0.01113005495025915,registered
292,1787909599.5946243,1787909599.5939405,351.48117600631076,-368.51882399368924,-750.9738711425717,-368.5601096323053,-368.732312134042,0.21348814035275154,0.19157101434291235,0.1529922413930331,0.01583136990150064,registered
293,1787909599.6229367,1787909599.6223395,348.97577789442835,-371.02422210557165,-753.4792692544542,-371.1815766262753,-371.2880630254997,0.26384091992804315,0.2439696201740844,0.16029087478139228,0.017669278800350827,registered
294,1787909599.6515975,1787909599.650791,346.0571395632197,-373.9428604367803,-756.3979075856628,-373.8158963035643,-373.84853431251236,-0.09432612426792275,-0.11319950769950538,0.1713131500923341,0.018854805343046968,registered
295,1787909599.6809244,1787909599.6798308,343.41883917490065,-376.58116082509935,-759.0362079739818,-376.49758001246164,-376.46195985511304,-0.11920096998630925,-0.1367092950378037,0.13396404118476476,0.014211444432245488,registered
296,1787909599.7089388,1787909599.7082717,340.65166696608026,-379.34833303391974,-761.8033801828022,-379.18364155075847,-379.0214870630148,-0.32684597090496936,-0.3469841999096843,0.12436827178653097,0.012072210787962237,registered
297,1787909599.7376068,1787909599.736937,338.3760755486493,-381.6239244513507,-764.0789716002332,-381.7481400315724,-381.60120469008507,-0.02271976126564823,-0.04227556685145828,0.12472307487209287,0.010640903854446104,registered
298,1787909599.7662168,1787909599.7655196,335.87792194803774,-384.12207805196226,-766.5771252008448,-384.2849706137902,-384.17347696598483,0.05139891402257035,0.02432467981600439,0.13926243932544952,0.010221329346190263,registered
299,1787909599.794881,1787909599.7939281,332.97596767990774,-387.02403232009226,-769.4790794689748,-386.8059025805587,-386.73008611117984,-0.2939462089124163,-0.32578742282487383,0.10781305111337336,0.007608602130296262,registered
300,1787909599.8229485,1787909599.8223186,330.5852836036381,-389.4147163963619,-771.8697635452444,-389.3105663529134,-389.2850645742742,-0.12965182208768056,-0.1483894223471225,0.1091586182024284,0.008774611378109585,registered
301,1787909599.8518136,1787909599.8511794,328.47307578098844,-391.52692421901156,-773.9819713678941,-391.7913789271781,-391.882376402958,0.35545218394645417,0.34190467914754663,0.1081158402241981,0.00906899396566738,registered
302,1787909599.880268,1787909599.879553,325.58705292596824,-394.41294707403176,-776.8679942229143,-394.36139785878845,-394.43585292201215,0.022905847980382532,-0.009215541067760569,0.09900158922327609,0.008182358903767607,registered
303,1787909599.9088614,1787909599.9081328,322.92285148507244,-397.07714851492756,-779.5321956638101,-396.9690521388467,-397.0078677217907,-0.06928079313684066,-0.10615210457569901,0.1506811226752246,0.012680083471428943,registered
304,1787909599.9375396,1787909599.9368198,320.65599737696505,-399.34400262303495,-781.7990497719175,-399.53458935651327,-399.58953787611335,0.24553525307840118,0.21696108271669345,0.17628914825527212,0.014964900092653142,registered
305,1787909599.9660184,1787909599.9653823,317.9158244838767,-402.0841755161233,-784.5392226650058,-402.1616044923748,-402.1600078191649,0.07583230304157951,0.05359875861870478,0.17746818729057548,0.014559562202311003,registered
306,1787909599.9948757,1787909599.994161,314.96554541531646,-405.03445458468354,-787.489501733566,-404.8555597405141,-404.7499172093651,-0.28453737531845036,-0.30183089041929634,0.20437828333696623,0.015701050902288297,registered
307,1787909600.023322,1787909600.02264,312.40236143241566,-407.59763856758434,-790.0526857164668,-407.4625128203246,-407.3128774322157,-0.28476113536862613,-0.3180246224911798,0.1524879468296884,0.010690282716774958,registered
308,1787909600.0514076,1787909600.0508435,310.17065950482754,-409.82934049517246,-792.284387644055,-410.0144548211164,-409.8510341220599,0.021693626887440587,-0.018926799239693537,0.16829894252107563,0.010873579263298573,registered
309,1787909600.0802839,1787909600.0795312,307.3746821200896,-412.6253178799104,-795.0803650287929,-412.6024845155705,-412.4327686454128,-0.19254923449761918,-0.22379728894168238,0.12685740086795766,0.007748169629022949,registered
310,1787909600.1087756,1787909600.1080375,304.62180418014896,-415.37819581985104,-797.8332429687335,-415.1600228420798,-414.9981748914146,-0.3800209284364655,-0.39576309104563734,0.1823723837559012,0.010798739766841887,registered
311,1787909600.1375618,1787909600.1369421,302.46322435894535,-417.53677564105465,-799.9918227899371,-417.42227127507806,-417.5994346872899,0.06265904623523966,0.03996220864132738,0.12378861054918766,0.007629315346713741,registered
312,1787909600.1658242,1787909600.1652164,300.0355106151061,-419.9644893848939,-802.4195365337764,-420.0859046350147,-420.14396391113314,0.17947452623923255,0.1536364970700106,0.09693644235468292,0.005662835220634066,registered
313,1787909600.1943278,1787909600.1936903,296.99632395099457,-423.00367604900543,-805.4587231978879,-422.96864097017385,-422.7064520944283,-0.29722395457713446,-0.3128451549634974,0.1910372330341716,0.009739923211768977,registered
314,1787909600.222872,1787909600.222304,294.49291196363356,-425.50708803636644,-807.9621351852489,-425.8802471514469,-425.2815351513176,-0.22555288504884174,-0.23831854960496912,0.09584297510288417,0.005251995602341313,registered
315,1787909600.2523224,1787909600.2511644,292.20274571278753,-427.79725428721247,-810.252301436095,-428.99646279099125,-427.8788040673146,0.08154978010213654,0.05348073440541157,0.15419692656875414,0.008952246964758699,registered
316,1787909600.309349,1787909600.308101,286.5021855730006,-433.4978144269994,-815.9528615758819,-432.2253708092906,-433.0027719857636,-0.4950424412357961,-0.5171603692524513,0.18513740082345506,0.009621963310106145,registered
317,1787909600.3410752,1787909600.3398263,284.40301177503375,-435.59698822496625,-818.0520353738488,-435.2960904940863,-435.8578817807728,0.26089355580654683,0.2461943249647902,0.1209338633215002,0.006764330270552845,registered
318,1787909600.3662717,1787909600.3656402,281.88528587297685,-438.11471412702315,-820.5697612759056,-438.20179858655683,-438.1809815404067,0.06626741338357078,0.04108515466657536,0.0846042845611978,0.0050577204135528195,registered
319,1787909600.3956623,1787909600.3948524,278.6529923755719,-441.3470076244281,-823.8020547733106,-441.0617624239376,-440.80992001930804,-0.5370876051200639,-0.5700350103746814,0.19020042654247507,0.010672321501041512,registered
320,1787909600.4236388,1787909600.4229925,276.4957030429705,-443.5042969570295,-825.959344105912,-443.6895545056499,-443.34236932179965,-0.16192763522985842,-0.18887134687770413,0.07044246844835682,0.0039099107712890135,registered
321,1787909600.4522903,1787909600.4514847,274.36201770152354,-445.63798229847646,-828.093029447359,-446.0017127820276,-445.90650964353904,0.26852734506258,0.2513413635925872,0.12011955438656088,0.006919634962455035,registered
322,1787909600.4803288,1787909600.4796343,271.4425042366331,-448.5574957633669,-831.0125429122494,-448.6084711643138,-448.43981719976784,-0.11767856359904272,-0.1367765495807589,0.10273638752872838,0.005514808962431311,registered
323,1787909600.5090022,1787909600.5080898,268.6200381465675,-451.3799618534325,-833.835009002315,-451.12489769233196,-451.0006532446188,-0.3793086088137443,-0.420330064140785,0.13479978217476124,0.006532482027172695,registered
324,1787909600.5375173,1787909600.5368662,266.37858554955085,-453.62141445044915,-836.0764615993317,-453.655670680735,-453.59036952772806,-0.031044922721093826,-0.07436250898342678,0.127841660019995,0.006530966420361527,registered
325,1787909600.565921,1787909600.5652492,263.7071419105491,-456.2928580894509,-838.7479052383334,-456.27287089034587,-456.1446828441759,-0.14817524527495607,-0.18369798051503494,0.10980582732014971,0.00614598292095269,registered
326,1787909600.594791,1787909600.5938728,261.22572004368396,-458.77427995631604,-841.2293271051985,-458.8481352347018,-458.72064561114587,-0.05363434517016685,-0.08063489989069694,0.14593659405063653,0.008001239570144845,registered
327,1787909600.6228442,1787909600.6222436,258.7103374614459,-461.2896625385541,-843.7447096874366,-461.3593658654296,-461.2738646540788,-0.015797884475318824,-0.04318047050662699,0.08127146135016884,0.00427184779646351,registered
328,1787909600.6515472,1787909600.6508574,255.87917647904362,-464.1208235209564,-846.5758706698389,-463.9115143248408,-463.848947710968,-0.2718758099883871,-0.3120007266486482,0.11432451748357349,0.006076500218696007,registered
329,1787909600.6803021,1787909600.6796288,253.6282570397948,-466.3717429602052,-848.8267901090877,-466.51033077670166,-466.4382134108653,0.06647045066006285,0.03804734498714879,0.07376424864019158,0.003963261053557327,registered
330,1787909600.7086823,1787909600.7080429,250.99377620544408,-469.0062237945559,-851.4612709434384,-469.0838317768604,-468.9953160519592,-0.010907742596714343,-0.03518160889097999,0.1214332552857781,0.0066816858579497145,registered
331,1787909600.7378578,1787909600.7370017,248.26699504774274,-471.73300495225726,-854.1880521011398,-471.6573254195081,-471.60144643779324,-0.13155851446401812,-0.16657862639090126,0.08539488270629732,0.0047390775353083475,registered
332,1787909600.7661061,1787909600.765381,245.71608025749936,-474.28391974250064,-856.7389668913831,-474.2269046047297,-474.15543790908976,-0.1284818334108877,-0.1678861389445956,0.0724188485965067,0.0040016040727733635,registered
333,1787909600.7943735,1787909600.7936978,243.2296160121365,-476.7703839878635,-859.225431136746,-476.7855240590568,-476.70378636206374,-0.06659762579977269,-0.12214296368301802,0.11603523200479177,0.006044280567157459,registered
334,1787909600.8231733,1787909600.822568,240.6347695319314,-479.3652304680686,-861.8202776169511,-479.36635765943106,-479.3019349881415,-0.06329547992709195,-0.08196061664841636,0.07231296985775923,0.0035733401196401246,registered
335,1787909600.851844,1787909600.8511178,238.14802930472285,-481.85197069527715,-864.3070178441596,-481.9231265248045,-481.8712677449912,0.019297049714054992,0.009866609851314934,0.13496945254761333,0.006704271869028186,registered
336,1787909600.880127,1787909600.8795083,235.49414865260428,-484.5058513473957,-866.9608984962782,-484.44889442479814,-484.42624620808544,-0.07960513931027435,-0.08723889365251125,0.1061155578263576,0.005328577307171619,registered
337,1787909600.9086642,1787909600.9080281,232.97507166628293,-487.02492833371707,-869.4799754825996,-486.98543324869274,-486.9928754656628,-0.032052868054279315,-0.05345724701680865,0.13463714333877153,0.006534349299361985,registered
338,1787909600.9376404,1787909600.9370003,230.49394466417925,-489.50605533582075,-871.9611024847032,-489.5628139793231,-489.60020740672906,0.0941520709083079,0.0556946841837771,0.13372764975673995,0.005604853800893432,registered
339,1787909600.9662352,1787909600.965664,227.81425265171333,-492.18574734828667,-874.6407944971692,-492.10655217328167,-492.17977483939546,-0.005972508891204598,-0.03361827763933434,0.17682007865712443,0.0065799626885698626,registered
340,1787909600.9943955,1787909600.9937835,225.42624575071602,-494.573754249284,-877.0288013981665,-494.69941516276896,-494.7103788963519,0.13662464706794708,0.11028193147501497,0.21041313469778053,0.00928607469672646,registered
341,1787909601.023469,1787909601.0228338,222.73266758278533,-497.2673324172147,-879.7223795660972,-497.2926916989827,-497.32474851806353,0.05741610084885451,0.03235054155243233,0.16118867085549052,0.008153629823516197,registered
342,1787909601.051737,1787909601.051108,220.0137741975683,-499.9862258024317,-882.4412729513142,-499.91546404347605,-499.86925628556344,-0.11696951686826651,-0.1307165400702388,0.21958661200924295,0.010555583655557527,registered
343,1787909601.08054,1787909601.0798616,217.6261141377962,-502.3738858622038,-884.8289330110863,-502.49168392525524,-502.45693421604676,0.08304835384296894,0.05319151458570559,0.1794727676777701,0.007987096591537866,registered
344,1787909601.109153,1787909601.1083934,214.771487906037,-505.228512093963,-887.6835592428455,-505.04170137472136,-505.0246362907957,-0.2038758031673069,-0.23106281080038116,0.17167040466861053,0.009079045606404112,registered
345,1787909601.1381702,1787909601.1374724,212.37424242324096,-507.62575757675904,-890.0808047256415,-507.5722846248008,-507.6415806737191,0.015823096960048133,-0.0045576526136983375,0.09730682885739596,0.006184930712308744,registered
346,1787909601.1663399,1787909601.1655712,209.8931290628991,-510.1068709371009,-892.5619180859834,-510.06502202767655,-510.17031802879706,0.0634470916961618,0.0472206279960119,0.11865856229885192,0.007981634386377421,registered
347,1787909601.1953523,1787909601.194579,207.59489255373535,-512.4051074462647,-894.8601545951472,-512.5609487529323,-512.7808469650346,0.37573951876993306,0.34478907106017687,0.1307299651118029,0.008857021984167098,registered
348,1787909601.2231696,1787909601.2225373,204.9152266681673,-515.0847733318327,-897.5398204807152,-515.0827861210887,-515.2969465338316,0.212173201998894,0.18316124443242643,0.15688669584122322,0.010499283198071691,registered
349,1787909601.25233,1787909601.2516072,202.42587199462923,-517.5741280053708,-900.0291751542533,-517.643880859821,-517.9130755757046,0.3389475703338576,0.30638407445746907,0.13520425246042952,0.009887907795817816,registered
350,1787909601.281948,1787909601.2809904,199.7181392799149,-520.2818607200851,-902.7369078689676,-520.2626094104226,-520.5573982528462,0.27553753276106363,0.25799939786497816,0.15875348032868442,0.012694001354865302,registered
351,1787909601.3089023,1787909601.3081553,197.10200439723656,-522.8979956027634,-905.353042751646,-522.9057833787879,-523.0020911107043,0.10409550794088318,0.09596514184977423,0.19276096063035605,0.015528374052031557,registered
352,1787909601.3376222,1787909601.3369238,194.42508390047522,-525.5749160995248,-908.0299632484073,-525.6131962454331,-525.5910993344804,0.016183234955633452,-0.02715133413471449,0.20178362302036196,0.01685899651473651,registered
353,1787909601.3663743,1787909601.3656225,191.61322373691735,-528.3867762630827,-910.8418234119652,-528.2584507794604,-528.173820849631,-0.21295541345159563,-0.2158024598574002,0.17239739882829883,0.01270592184141718,registered
354,1787909601.3953054,1787909601.3944054,189.23697574591904,-530.763024254081,-913.2180714029635,-530.8710167118358,-530.764116454013,0.00109219993203169,-0.010449070899653634,0.17203608240618543,0.011324158407891338,registered
355,1787909601.4229386,1787909601.4222813,186.5070058879869,-533.4929941120131,-915.9480412608956,-533.4222813955837,-533.2727921279828,-0.22020198403026825,-0.2322375841131361,0.12461033776519198,0.009354496387533443,registered
356,1787909601.4519355,1787909601.451264,183.85692109482716,-536.1430789051728,-918.5981260540553,-535.9612508809339,-535.8810681481601,-0.2620107570127175,-0.26961130396728095,0.1013966762813806,0.008081525589162109,registered
357,1787909601.4802625,1787909601.4795096,181.67932170143013,-538.3206782985699,-920.7757254474524,-538.4306627686533,-538.4230226107917,0.10234431222181684,0.08388135069697,0.11106323011275285,0.008111813560324647,registered
358,1787909601.508872,1787909601.5081081,179.17745157361605,-540.822548426384,-923.2775955752664,-540.8668494835647,-540.9967324617013,0.17418403531735294,0.15297031298575803,0.11803195833744602,0.007692387854866265,registered
359,1787909601.5375473,1787909601.5369627,176.6228310596657,-543.3771689403343,-925.8322160892168,-543.3644285269827,-543.593486425456,0.2163174851217491,0.17428780273826305,0.15256326751597565,0.009854349010718622,registered
360,1787909601.566027,1787909601.565413,174.0704799583175,-545.9295200416825,-928.384567190565,-545.8666574183575,-546.1538504307515,0.22433038906899583,0.19816428485478355,0.125757787921755,0.009296745859452737,registered
361,1787909601.5945544,1787909601.5939338,171.72399820546696,-548.276001794533,-930.7310489434155,-548.4265542413443,-548.7205655137026,0.44456371916953685,0.4213134734935693,0.1263595497033456,0.01120363101682272,registered
362,1787909601.6237855,1787909601.6231117,168.9811122435243,-551.0188877564757,-933.4739349053582,-551.1071776046914,-551.3464142791499,0.32752652267424764,0.3202125672993361,0.1380481225412516,0.01308838557082466,registered
363,1787909601.6517618,1787909601.651053,166.14150112742766,-553.8584988725723,-936.3135460214548,-553.8056540289563,-553.8609689912199,0.002470118647579511,-0.014427753006543753,0.16637768460195793,0.015490740551537863,registered
364,1787909601.680298,1787909601.6797364,163.51683410601584,-556.4831658939842,-938.9382130428667,-556.5252443617646,-556.442317300391,-0.04084859359318216,-0.05604347904397855,0.14729905649474997,0.014077385204636514,registered
365,1787909601.7087505,1787909601.7080724,160.8158638813485,-559.1841361186515,-941.639183267534,-559.1697130292292,-558.992403717183,-0.19173240146847093,-0.20357599007525096,0.1705086926336631,0.015146419578139045,registered
366,1787909601.737406,1787909601.7368064,157.99045434504865,-562.0095456549514,-944.4645928038339,-561.8150867390437,-561.5783007711616,-0.4312448837897591,-0.4290251968220673,0.17779445956528772,0.012713598286967867,registered
367,1787909601.7668397,1787909601.7659647,155.55230405302314,-564.4476959469769,-946.9027430958594,-564.341742214978,-564.2023901164475,-0.24530583052933252,-0.25814135700045426,0.1273967418887687,0.009507377265731592,registered
368,1787909601.7944946,1787909601.7939239,153.17128402295452,-566.8287159770455,-949.283763125928,-566.8101750249549,-566.7185540542748,-0.11016192277065784,-0.12221526035557417,0.15868290879989438,0.0125246396952632,registered
369,1787909601.822957,1787909601.8223548,150.96377997326294,-569.036220026737,-951.4912671756196,-569.2734325380422,-569.2771800957524,0.24096006901538658,0.21322314994995395,0.09629837606410516,0.006751021404495012,registered
370,1787909601.8531318,1787909601.852194,148.1183811987047,-571.8816188012953,-954.3366659501778,-571.7704207270473,-571.9625487578777,0.08092995658239488,0.03173770799583053,0.1649425377255611,0.009864241130569943,registered
371,1787909601.8801157,1787909601.879595,145.85257719883907,-574.1474228011609,-956.6024699500434,-574.3018372579902,-574.4284833957328,0.28106059457184074,0.24287220224391604,0.14438520712986838,0.008371587692575778,registered
372,1787909601.909225,1787909601.9083943,143.15889048337738,-576.8411095166226,-959.2961566655051,-576.9023194089167,-577.0202594878114,0.17914997118873544,0.13678881784426267,0.1974647127745467,0.012654957242504308,registered
373,1787909601.9374926,1787909601.936926,140.41858229778563,-579.5814177022144,-962.0364648510969,-579.5662625212169,-579.5879401062169,0.006522404002566873,-0.01705563401787913,0.16297619112324385,0.01126363747587667,registered
374,1787909601.9662719,1787909601.965458,137.6228561578888,-582.3771438421112,-964.8321909909937,-582.2411697375422,-582.1556636373092,-0.22148020480199193,-0.2562714645362121,0.18946684668018882,0.01206895035643962,registered
375,1787909601.994832,1787909601.9940672,135.14639322817277,-584.8536067718272,-967.3086539207097,-584.8206566644375,-584.7303390236733,-0.12326774815392127,-0.13634241988233953,0.21199414406845912,0.012543513022170102,registered
376,1787909602.023129,1787909602.0224469,132.5726516510307,-587.4273483489693,-969.8823954978518,-587.483012246121,-587.2843519513132,-0.14299639765613392,-0.16543267168606235,0.20928547411545725,0.010816772595338706,registered
377,1787909602.0520823,1787909602.0513992,129.88386529963134,-590.1161347003687,-972.5711818492512,-590.022931138326,-589.8899030158747,-0.226231684493996,-0.24845418551478815,0.2650180878157107,0.011880325925086033,registered
378,1787909602.0807657,1787909602.0799587,127.49011531812323,-592.5098846818768,-974.9649318307593,-592.5510415921372,-592.4600940264615,-0.04979065541522232,-0.07896904014569373,0.1740004957086711,0.007549502585766846,registered
379,1787909602.109288,1787909602.1082902,125.02817295717546,-594.9718270428245,-977.426874191707,-595.0965767192804,-595.0097727727283,0.037945729903754,-0.004006015605227731,0.25777621154503255,0.010856019245861737,registered
380,1787909602.1377428,1787909602.137094,122.15565361217011,-597.8443463878299,-980.2993935367124,-597.6396266022848,-597.6019565353322,-0.24238985249769485,-0.2576881560949005,0.19404862328792552,0.008292685806544419,registered
381,1787909602.1666274,1787909602.1656885,120.03639854520077,-599.9636014547992,-982.4186486036817,-600.1643656158874,-600.1753016284035,0.21170017360429938,0.2034912673582312,0.14948654339004905,0.006506790342196016,registered
382,1787909602.194498,1787909602.1938317,117.1513378409478,-602.8486621590522,-985.3037093079347,-602.7495827037936,-602.7080298633597,-0.14063229569251234,-0.17332087199440593,0.2519881313957747,0.010540479442991291,registered
383,1787909602.223045,1787909602.2224665,114.6061945658139,-605.3938054341861,-987.8488525830686,-605.3686303706654,-605.2850010784708,-0.10880435571527869,-0.11114959485666986,0.11473277279713169,0.005006035766776222,registered
384,1787909602.2524421,1787909602.251412,112.21910020294797,-607.780899797052,-990.2359469459345,-607.9392711580318,-607.8899299090729,0.10903011202083235,0.08670411933201194,0.15278143978357903,0.007563529879010361,registered
385,1787909602.280934,1787909602.2801054,109.45431951636738,-610.5456804836326,-993.0007276325151,-610.5310360606217,-610.4721793846682,-0.07350109896447066,-0.11356165923439221,0.13590825660453312,0.006939870832978124,registered
386,1787909602.3093755,1787909602.30852,106.6373513255553,-613.3626486744447,-995.8176958233272,-613.1722804853225,-613.0293463947924,-0.3333022796523437,-0.34652031686414375,0.20736196091859072,0.009352903822696814,registered
387,1787909602.3386292,1787909602.337958,104.34537778282458,-615.6546222171754,-998.1096693660579,-615.6952466366135,-615.678604030923,0.023981813747582237,0.003186467033515328,0.16156587206869966,0.007828380623440857,registered
388,1787909602.3662713,1787909602.3654692,101.8522252715303,-618.1477747284697,-1000.6028218773522,-618.2551086010292,-618.1544514994432,0.0066767709735131575,-0.030919461928988312,0.10641023959309935,0.006331530008956611,registered
389,1787909602.3946645,1787909602.3939493,98.99457839381375,-621.0054216061862,-1003.4604687550687,-620.8463111331133,-620.7174975476676,-0.2879240585186835,-0.3261942830396265,0.21219525880171647,0.012727790037063348,registered
390,1787909602.4232104,1787909602.4226215,96.6855935215275,-623.3144064784725,-1005.769453627355,-623.3971896721067,-623.2978374086974,-0.01656906977507333,-0.033849740412506435,0.09961437522280643,0.005411297294859597,registered
391,1787909602.4521544,1787909602.4514756,94.26068533074317,-625.7393146692568,-1008.1943618181393,-625.8883987195709,-625.8945484597654,0.15523379050853237,0.1394945369963807,0.20298352329577152,0.011803361251605244,registered
392,1787909602.481135,1787909602.4804556,91.39605834464817,-628.6039416553518,-1011.0589888042343,-628.489249274172,-628.5025884601648,-0.10135319518701635,-0.13165199388004112,0.10198834279529649,0.006755113009584977,registered
393,1787909602.5094652,1787909602.508395,88.78618855903278,-631.2138114409672,-1013.6688585898497,-631.1046156972421,-631.0169715214873,-0.19683991947988488,-0.23309967847580992,0.15105561178991783,0.0092772687124948,registered
394,1787909602.5378525,1787909602.5371566,86.45352992968606,-633.546470070314,-1016.0015172191964,-633.5852178292276,-633.6053575113039,0.05888744098990628,0.029411834257871305,0.08808580017697087,0.005176698678676447,registered
395,1787909602.5661607,1787909602.5654678,84.03436841326959,-635.9656315867304,-1018.4206787356129,-636.2038619182747,-636.153212468379,0.1875808816486142,0.1645485159542659,0.12862426573591607,0.008553036989604211,registered
396,1787909602.5947447,1787909602.5940056,80.91616718152204,-639.083832818478,-1021.5388799673605,-638.7956917288326,-638.7214509517137,-0.36238186676428086,-0.38438478374871465,0.141242971868546,0.009332602254333395,registered
397,1787909602.6231456,1787909602.622503,78.62304576597342,-641.3769542340266,-1023.8320013829091,-641.3486261410794,-641.2860633130085,-0.09089092101805818,-0.12244261194746286,0.10606167703564993,0.006198206886792743,registered
398,1787909602.6522517,1787909602.6516378,76.4980838291142,-643.5019161708858,-1025.9569633197682,-643.9183366260488,-643.9080284802949,0.4061123094090817,0.37202352118492854,0.149542485059742,0.00888080641892045,registered
399,1787909602.680529,1787909602.6799293,73.07292782480658,-646.9270721751934,-1029.3821193240758,-646.5399173318318,-646.4541025608653,-0.4729696143281217,-0.4997226683540248,0.09991931513521053,0.006794339346565197,registered
400,1787909602.709317,1787909602.7084122,70.92974124326201,-649.070258756738,-1031.5253059056204,-649.1368574472633,-649.0174060852107,-0.05285267152726192,-0.0803803910755505,0.12483535527177456,0.008037800483734224,registered
401,1787909602.7379663,1787909602.737244,68.3645393475233,-651.6354606524767,-1034.090507801359,-651.6656935034213,-651.6121002399962,-0.023360412480542436,-0.06727555623547232,0.1269775822765637,0.007206507332596609,registered
402,1787909602.7662506,1787909602.7654963,65.78262764933334,-654.2173723506667,-1036.672419499549,-654.288719227605,-654.1546554802437,-0.06271687042294616,-0.11068953934477577,0.08688722037277731,0.005038832334067581,registered
403,1787909602.7946885,1787909602.7939959,63.01388632949397,-656.986113670506,-1039.4411608193884,-656.9278624903563,-656.7194609486294,-0.26665272187665323,-0.30371820956429474,0.14269804808016215,0.008262459865865046,registered
404,1787909602.8232899,1787909602.8227024,60.5847216235411,-659.4152783764589,-1041.8703255253413,-659.4265072480703,-659.3028905231133,-0.11238785334558088,-0.15457421539122151,0.0732716354171653,0.003774337664758814,registered
405,1787909602.8518076,1787909602.8510969,58.07974718284686,-661.9202528171531,-1044.3752999660355,-661.9668095734592,-661.858233744046,-0.062019073107194345,-0.08914117828953749,0.1377197373470697,0.007206829194593883,registered
406,1787909602.8839862,1787909602.8826692,55.32895101229565,-664.6710489877044,-1047.1260961365867,-664.5320558490121,-664.6995685665722,0.028519578867872042,0.007460652903773735,0.1012735214024071,0.0060823637105370835,registered
407,1787909602.912197,1787909602.9111757,52.82031862348936,-667.1796813765106,-1049.634728525393,-667.0597956514887,-667.2649962689175,0.08531489240681367,0.07967597389188086,0.12696223025464975,0.007200172711899033,registered
408,1787909602.9384022,1787909602.9376266,50.67479612875172,-669.3252038712483,-1051.7802510201307,-669.5616077762431,-669.6454273781994,0.32022350695115165,0.3012206181304009,0.13753802025154982,0.00656521253915892,registered
409,1787909602.9666765,1787909602.9658272,48.070143388476026,-671.929856611524,-1054.3849037604064,-672.0860161392213,-672.1833265919224,0.2534699803984495,0.2200208146091427,0.13204061912519577,0.006780749941515747,registered
410,1787909602.9949927,1787909602.9942093,45.02043209874796,-674.979567901252,-1057.4346150501344,-674.6649497748263,-674.7375540829967,-0.24201381825537283,-0.28217357028120205,0.1916749655681185,0.01208198313749037,registered
411,1787909603.0232368,1787909603.0226057,42.9122855770172,-677.0877144229828,-1059.5427615718652,-677.1787244274936,-677.2930689546768,0.20535453169395623,0.16942893654277213,0.16019290368015068,0.010108967976436926,registered
412,1787909603.0521615,1787909603.051488,40.28071157808063,-679.7192884219194,-1062.1743355708018,-679.7945616865667,-679.8923118542693,0.17302343234996442,0.14104100689360166,0.17796480121418853,0.010895185850575554,registered
413,1787909603.0811071,1787909603.0802584,37.606424097785975,-682.393575902214,-1064.8486230510964,-682.4456374956692,-682.4814917287929,0.08791582657886465,0.07080961578617462,0.14630686036083818,0.008826901677991742,registered
414,1787909603.109836,1787909603.109055,34.83453509164269,-685.1654649083573,-1067.6205120572397,-685.0089723854417,-685.0730318010937,-0.09243310726355958,-0.11520573224447617,0.15127388763589913,0.008923033581337834,registered
415,1787909603.139345,1787909603.138448,32.66425364305837,-687.3357463569416,-1069.790793505824,-687.5366827818568,-687.718234188316,0.38248783137441933,0.360173786008545,0.1406491996524157,0.008141434057117572,registered
416,1787909603.166471,1787909603.165763,29.60485857799199,-690.395141422008,-1072.8501885708904,-690.1238751346118,-690.1764230861925,-0.218718335815538,-0.2429156948853688,0.1087866669830154,0.007408913370363488,registered
417,1787909603.195052,1787909603.1942883,27.32537594745577,-692.6746240525442,-1075.1296712014266,-692.638110793546,-692.7435458396687,0.06892178712450914,0.04719887443752668,0.15170394644113464,0.01184748059187129,registered
418,1787909603.224086,1787909603.223149,24.955332220862147,-695.0446677791379,-1077.4997149280202,-695.1604371493684,-695.3408576683526,0.2961898892147019,0.2807175166710749,0.10846069282756068,0.009332787025800392,registered
419,1787909603.2523503,1787909603.251529,22.324385318830537,-697.6756146811695,-1080.1306618300518,-697.7280114019402,-697.894892052336,0.2192773711665268,0.18623031229139997,0.15193570680766802,0.014162813661424188,registered
420,1787909603.2814312,1787909603.2801878,19.731643574446707,-700.2683564255533,-1082.7234035744357,-700.3712884514877,-700.4740303581336,0.20567393258033917,0.17498079712413528,0.18735777226513678,0.017349337480347466,registered
421,1787909603.3095694,1787909603.3089213,17.078586285725805,-702.9214137142742,-1085.3764608631566,-702.9844436589608,-703.0598844994254,0.13847078515118483,0.11914452106816498,0.17942691554262033,0.016755000419207487,registered
422,1787909603.3384902,1787909603.3378272,14.276428977129854,-705.7235710228701,-1088.1786181717525,-705.6441491862461,-705.6612515770178,-0.06231944585238125,-0.09155873824488481,0.20861948922446855,0.01897398505881299,registered
423,1787909603.366424,1787909603.365737,11.569529599621092,-708.4304704003789,-1090.8855175492613,-708.300345985261,-708.1729740517549,-0.2574963486240449,-0.2828739689500708,0.14980828155246845,0.011986904263371703,registered
424,1787909603.3947215,1787909603.3941407,9.016777333698883,-710.9832226663011,-1093.4382698151835,-710.9249520763481,-710.7291540700812,-0.25406859621989497,-0.2834210657690619,0.1575628955478887,0.012163491981135812,registered
425,1787909603.4233618,1787909603.4227898,6.536044371769776,-713.4639556282302,-1095.9190027771126,-713.5012914496696,-713.3074126657982,-0.15654296243201316,-0.1875884994262833,0.11605519018541832,0.008480903422229557,registered
426,1787909603.4521139,1787909603.4513986,4.150817424846537,-715.8491825751535,-1098.3042297240358,-716.0041120874289,-715.8820451394754,0.03286256432193113,0.005478145974848303,0.17128572559643623,0.011968589294928583,registered
427,1787909603.4804158,1787909603.479768,1.3923798884388816,-718.6076201115611,-1101.0626672604435,-718.4715541053249,-718.4351354443477,-0.17248466721343902,-0.19476373351199072,0.10662634231065711,0.008510158910489783,registered
428,1787909603.509104,1787909603.5084355,358.95729495562273,-721.0427050443773,-1103.4977521932597,-720.9197826790571,-721.015046178509,-0.027658865868261273,-0.05043450588732412,0.13429335689831384,0.01175955618423472,registered
429,1787909603.5377884,1787909603.5371864,356.63585904835577,-723.3641409516442,-1105.8191881005266,-723.4225445396817,-723.602466632871,0.23832568122679731,0.21175733905761263,0.10363093434593847,0.009788465253402814,registered
430,1787909603.5663571,1787909603.5656943,354.15517743768237,-725.8448225623176,-1108.2998697112,-725.9612967302253,-726.168023073277,0.3232005109593956,0.2972875329849103,0.1232187563719512,0.0123261038393434,registered
431,1787909603.5947437,1787909603.594072,351.4854976137856,-728.5145023862144,-1110.9695495350968,-728.5829043035794,-728.7218643501694,0.20736196395500883,0.1798305013485333,0.16239706482487673,0.016802951190982376,registered
432,1787909603.6233225,1787909603.6226947,348.9241974690933,-731.0758025309067,-1113.530849679789,-731.1986040919777,-731.2977412917655,0.22193876085884767,0.19441857854326372,0.16655211602525477,0.018376344006938328,registered
433,1787909603.6519506,1787909603.6512191,346.03292476592947,-733.9670752340705,-1116.422122382953,-733.847988756262,-733.8647782198682,-0.1022970142023496,-0.1316599343560938,0.1712139597505521,0.018837791226846125,registered
434,1787909603.6804907,1787909603.6798553,343.4083801410211,-736.5916198589789,-1119.0466670078613,-736.5318094292497,-736.4418781730399,-0.14974168593903414,-0.18097643250848705,0.12798322279003682,0.01357459932490541,registered
435,1787909603.7090952,1787909603.7085145,340.6297947679452,-739.3702052320548,-1121.8252523809372,-739.212472846392,-739.0210379351811,-0.34916729687370207,-0.38088814429374906,0.12509771771724076,0.012129864624272556,registered
436,1787909603.7381475,1787909603.7374067,338.33190716893637,-741.6680928310636,-1124.123139979946,-741.7967569838704,-741.6211820011979,-0.04691082986573747,-0.07892178217798573,0.11817898673431197,0.010055859340228228,registered
437,1787909603.7662692,1787909603.7656395,335.75148872466343,-744.2485112753366,-1126.703558424219,-744.3281969664248,-744.1619778212842,-0.08653345405241453,-0.11226762486967345,0.1462666400954602,0.010660580945026097,registered
438,1787909603.7948105,1787909603.7941573,333.0017891232833,-746.9982108767167,-1129.453258025599,-746.8537577915729,-746.7284139717706,-0.2697969049461335,-0.30274339346692614,0.1279913330843577,0.009022821444060301,registered
439,1787909603.8235865,1787909603.8228352,330.54946974353334,-749.4505302564667,-1131.905577405349,-749.3546289885835,-749.3092687850428,-0.1412614714238316,-0.17112253693767343,0.09519470087684756,0.007664080631877188,registered
440,1787909603.8522108,1787909603.8515983,328.36063830165426,-751.6393616983457,-1134.0944088472281,-751.8338562454137,-751.8977835129199,0.2584218145741488,0.22238741958176433,0.10296926602234462,0.008636200316096422,registered
441,1787909603.8807914,1787909603.8800914,325.62191508299316,-754.3780849170068,-1136.8331320658892,-754.3840444297983,-754.4620096600331,0.08392474302627306,0.05581145963719791,0.10099793049049902,0.008347177848392045,registered
442,1787909603.9093547,1787909603.9086637,322.87605544887447,-757.1239445511255,-1139.578991700008,-756.9956266266911,-757.0333593131652,-0.09058523796034024,-0.12242016529762623,0.15254724665035785,0.012842128753782836,registered
443,1787909603.9382331,1787909603.937562,320.63714820922837,-759.3628517907716,-1141.817898939654,-759.5674571222977,-759.634039787768,0.271187996996332,0.23770787456442122,0.160985851356528,0.013665104418660185,registered
444,1787909603.9667795,1787909603.9659398,317.8638490722326,-762.1361509277674,-1144.5911980766498,-762.2019872410544,-762.1878810646604,0.05173013689295658,0.027032600685970465,0.1734179999903723,0.01421247111635701,registered
445,1787909603.995249,1787909603.9945598,314.9716099625425,-765.0283900374575,-1147.4834371863399,-764.906615907204,-764.7635219864787,-0.2648680509787482,-0.2791007467662894,0.20698068372553302,0.015903513453935345,registered
446,1787909604.023902,1787909604.0231297,312.26421464610326,-767.7357853538967,-1150.1908325027791,-767.5364636469229,-767.3346570761767,-0.4011282777200904,-0.4167924966386636,0.14558907474662253,0.01014628492499433,registered
447,1787909604.0521498,1787909604.0516055,310.15587916800223,-769.8441208319978,-1152.2991679808802,-770.074553178915,-769.8973169102194,0.05319607822161743,0.02842579484035923,0.1927393019575941,0.01244794580532348,registered
448,1787909604.0813496,1787909604.0804672,307.2229934852221,-772.7770065147779,-1155.2320536636603,-772.6624432566305,-772.4947145642768,-0.2822919505010759,-0.31660215410192905,0.11756138937298934,0.007156162145159142,registered
449,1787909604.109169,1787909604.108534,304.5845594216878,-775.4154405783122,-1157.8704877271946,-775.219921065877,-775.0205767693351,-0.3948638089771066,-0.4234152590670419,0.1725354263432042,0.010220756571032495,registered
450,1787909604.1381814,1787909604.1374245,302.4478110279929,-777.5521889720071,-1160.0072361208895,-777.7318915741912,-777.6205491846044,0.06836021259732661,0.03779306279056982,0.12715436368724553,0.00783801409551254,registered
451,1787909604.1662555,1787909604.1655746,300.0455617368509,-779.9544382631491,-1162.4094854120315,-780.240707868393,-780.15389965352,0.19946139037097055,0.15583875962056482,0.09804802597142978,0.00573087041939452,registered
452,1787909604.194887,1787909604.194205,296.9021435559473,-783.0978564440527,-1165.552903592935,-782.8758977008466,-782.7304846544496,-0.3673717896031121,-0.4164747495692609,0.20692667067768544,0.010549775801242015,registered
453,1787909604.223738,1787909604.2230287,294.4187039783201,-785.5812960216799,-1168.0363431705623,-785.4401151015081,-785.3244492935582,-0.25684672812167264,-0.27983252700323646,0.09336304372260687,0.005131047365530249,registered
454,1787909604.2527704,1787909604.2517865,292.1764707525829,-787.8235292474171,-1170.2785763962995,-787.9713347980443,-787.9124919818798,0.08896273446271152,0.07036782736190617,0.16550032034651646,0.009609917491799277,registered
455,1787909604.280599,1787909604.2799518,289.4630880097541,-790.5369119902459,-1172.9919591391283,-790.6301979671812,-790.4472156567751,-0.08969633347078343,-0.1255344235148641,0.1010796661313667,0.005571852863849889,registered
456,1787909604.3093894,1787909604.3087225,286.46042871039936,-793.5395712896006,-1175.994618438483,-793.2691370817894,-793.036416987642,-0.5031543019586024,-0.5345960116142123,0.1869235415958678,0.009721381361666838,registered
457,1787909604.3392038,1787909604.3384876,284.3822302714316,-795.6177697285684,-1178.0728168774508,-795.7822926299752,-795.7151127269603,0.09734299839192317,0.07971106310856158,0.15445422306337658,0.0086468945965045,registered
458,1787909604.3662508,1787909604.3656518,281.9002877030016,-798.0997122969984,-1180.5547594458808,-798.343779632644,-798.1597412157882,0.060028918789839736,0.04249850671908462,0.0932532776249077,0.005574455812992172,registered
459,1787909604.3955545,1787909604.3949554,278.6224482355178,-801.3775517644822,-1183.8325989133646,-800.9585234129686,-800.7968974742237,-0.5806542902585079,-0.6036036559041804,0.16664892147617688,0.009343856142084734,registered
460,1787909604.4236672,1787909604.4227543,276.459212418014,-803.540787581986,-1185.9958347308684,-803.5056140105191,-803.2986427492654,-0.242144832720669,-0.2718183590152421,0.07037651702350063,0.003908474255696421,registered
461,1787909604.452405,1787909604.451925,274.28232530597165,-805.7176746940283,-1188.1727218429107,-806.037442574732,-805.9238478244097,0.20617313038133034,0.18201679442245222,0.1416362367338457,0.008163325149272725,registered
462,1787909604.4807527,1787909604.4800777,271.4062879754433,-808.5937120245567,-1191.048759173439,-808.6236312705876,-808.4574343131032,-0.13627771145343104,-0.15501946900212715,0.09357167430734772,0.005013875151330072,registered
463,1787909604.5092542,1787909604.5087204,268.6229158788699,-811.3770841211301,-1193.8321312700125,-811.1254128959247,-811.0351135875476,-0.3419705335825256,-0.35423776495008497,0.1353164704931756,0.006557605024156964,registered
464,1787909604.5378792,1787909604.5371795,266.36703900587304,-813.632960994127,-1196.0880081430093,-813.6317016974483,-813.5962714775501,-0.03668951657687103,-0.03273715754448858,0.14237151345473123,0.007276770207073269,registered
465,1787909604.5669332,1787909604.5660825,263.8315412978143,-816.1684587021857,-1198.623505851068,-816.2391438379223,-816.1973810790212,0.02892237683545318,0.028487076348710616,0.09230741315251541,0.005156530804896412,registered
466,1787909604.595321,1787909604.5945294,261.3036905409151,-818.6963094590849,-1201.1513566079673,-818.8119940089,-818.7574446955086,0.06113523642375185,0.06124391672301499,0.1569750661450095,0.008622324770731202,registered
467,1787909604.6237926,1787909604.6229167,258.6888918489078,-821.3111081510922,-1203.7661552999746,-821.3366392302848,-821.3121442261383,0.0010360750461586576,-0.01481240821863139,0.07728368202117866,0.004061987633430822,registered
468,1787909604.6519754,1787909604.651295,255.8893705918474,-824.1106294081526,-1206.565676557035,-823.8910368661744,-823.8660284157177,-0.2446009924349255,-0.2711964761783747,0.1317762163504058,0.007003797561847907,registered
469,1787909604.680798,1787909604.68,253.59144682283295,-826.408553177167,-1208.8636003260494,-826.4952599687323,-826.4493292521408,0.040776074973791765,0.02108774917246592,0.07282637938013346,0.003914018692082998,registered
470,1787909604.7095459,1787909604.7089496,250.99436600531772,-829.0056339946823,-1211.4606811435647,-829.0752544017744,-829.0546228405813,0.04898884589897534,0.033371485359339204,0.1188580945825712,0.006539967051898811,registered
471,1787909604.737993,1787909604.73734,248.29601856146292,-831.7039814385371,-1214.1590285874195,-831.6443057641947,-831.6096013036756,-0.09438013486146701,-0.11359969643808654,0.0910747830338107,0.005053925445025029,registered
472,1787909604.766357,1787909604.7658226,245.79663286555865,-834.2033671344414,-1216.6584142833237,-834.2144011330427,-834.1728833716777,-0.030483762763651612,-0.05050193480769849,0.07887477565244315,0.004362155031087115,registered
473,1787909604.7950659,1787909604.7943935,243.22732937195087,-836.7726706280491,-1219.2277177769315,-836.7774679078847,-836.7441042867492,-0.028566341299892883,-0.04770464385114792,0.1226939116599681,0.006390683436480064,registered
474,1787909604.8240027,1787909604.8232524,240.63968466655456,-839.3603153334454,-1221.8153624823278,-839.3638615109413,-839.3412444646858,-0.019070868759627047,-0.039323701019384316,0.06747139402823457,0.00333418824960932,registered
475,1787909604.852742,1787909604.8519528,238.07035187608335,-841.9296481239166,-1224.384695272799,-841.9519220489963,-841.9241161742405,-0.005531949676196746,-0.020761488089192426,0.13310882921692938,0.006614573366342455,registered
476,1787909604.8810313,1787909604.8800776,235.44086257844333,-844.5591374215567,-1227.014184570439,-844.4870699775895,-844.4551922707524,-0.10394515080429301,-0.1273562574740481,0.07825548424830288,0.00392965274607393,registered
477,1787909604.9094534,1787909604.9088235,232.96889634997706,-847.0311036500229,-1229.4861507989053,-847.0440856730122,-847.0421621419025,0.011058491879566645,-0.005000897630452528,0.10965141466345851,0.005320595606190976,registered
478,1787909604.9378746,1787909604.9372594,230.41311345576514,-849.5868865442349,-1232.0419336931172,-849.6211794961694,-849.6012387665921,0.014352222357274513,-0.011897864058028063,0.15280702283994038,0.006364388524529504,registered
479,1787909604.9664545,1787909604.9657276,227.7070116560617,-852.2929883439383,-1234.7480354928207,-852.1919026859326,-852.163211997645,-0.1297763462932835,-0.15577887493304843,0.17225155012978857,0.006428858566286726,registered
480,1787909604.9949725,1787909604.9942367,225.42778759130897,-854.572212408691,-1237.0272595575734,-854.7913225556135,-854.728875719768,0.15666331107695441,0.1316224315096406,0.21308401104926394,0.00940271973278126,registered
481,1787909605.0235376,1787909605.0229158,222.572328678531,-857.427671321469,-1239.8827184703514,-857.3949609205449,-857.3098378147572,-0.11783350671180415,-0.13522331284070788,0.17579062747542754,0.008905651131528507,registered
482,1787909605.0521374,1787909605.0514286,219.91676439168918,-860.0832356083108,-1242.5382827571932,-860.023032026465,-859.8758233820317,-0.20741222627907518,-0.23540900798138864,0.22361691748801962,0.010707108366909211,registered
483,1787909605.08106,1787909605.0800884,217.44634344932842,-862.5536565506716,-1245.008703699554,-862.5729895937736,-862.4550475132032,-0.09860903746834992,-0.1349991163915547,0.16095576702408132,0.0071649237184855,registered
484,1787909605.109201,1787909605.1085505,214.7663250331475,-865.2336749668525,-1247.688722115735,-865.1045397684102,-865.0164843356702,-0.21719063118234772,-0.24305102866492234,0.1585137151329108,0.0083874490077744,registered
485,1787909605.1394515,1787909605.138766,212.3438667694022,-867.6561332305978,-1250.1111803794802,-867.614523443774,-867.7357111077299,0.07957787713212383,0.06909389140241728,0.11568882908774812,0.007363684107928264,registered
486,1787909605.1665688,1787909605.1658103,209.88162402523062,-870.1183759747694,-1252.5734231236518,-870.0676470748574,-870.169547055812,0.051171081042639344,0.030889696930444188,0.1141135494021106,0.007676635379971956,registered
487,1787909605.1949906,1787909605.1943796,207.6512783191822,-872.3487216808178,-1254.8037688297002,-872.5534100921343,-872.7406177764794,0.3918960956616502,0.3680839647099674,0.12695647222338144,0.008602776479573249,registered
488,1787909605.2236314,1787909605.2230198,204.89168713358345,-875.1083128664166,-1257.563360015299,-875.0783853854057,-875.3180824874896,0.20976962107306463,0.18541784651552007,0.1629951963418017,0.010910184247043554,registered
489,1787909605.2545588,1787909605.2536895,202.43829190397332,-877.5617080960267,-1260.016755244909,-877.660172455013,-878.0781835937858,0.5164754977590746,0.5018798503706421,0.13880612188223762,0.010144725431471395,registered
490,1787909605.2811294,1787909605.2803743,199.6851506070327,-880.3148493929673,-1262.7698965418497,-880.2830035734332,-880.4796633759736,0.16481398300629735,0.12903153493130048,0.1661988519045141,0.013292329685362658,registered
491,1787909605.3092859,1787909605.3087196,197.0338199558455,-882.9661800441545,-1265.4212271930369,-882.9375176931428,-883.0305865901591,0.06440654600464768,0.02217452282479826,0.19969970264840162,0.016101565464428827,registered
492,1787909605.340008,1787909605.339022,194.3468518457969,-885.6531481542031,-1268.1081953030855,-885.6660473300498,-885.7576234712278,0.10447531702470769,0.09648617702987394,0.1961212998815556,0.016378854578745466,registered
493,1787909605.3676922,1787909605.3668833,191.61631325676763,-888.3836867432324,-1270.8387338921148,-888.3163919060053,-888.2649903082483,-0.11869643498403093,-0.1275891148561641,0.1708053603684702,0.012591478368929734,registered
494,1787909605.3956535,1787909605.3950124,189.19597142247585,-890.8040285775242,-1273.2590757264065,-890.9276850857849,-890.7964526189421,-0.007575958582037856,-0.0321580513148092,0.1664763773982021,0.010960842732221612,registered
495,1787909605.4248762,1787909605.423667,186.4332418750662,-893.5667581249338,-1276.0218052738162,-893.4711992429895,-893.3752047105581,-0.19155341437567586,-0.20927011060621226,0.13613801747167487,0.010261708596374779,registered
496,1787909605.4539776,1787909605.4530783,183.7650061628533,-896.2349938371467,-1278.690040986029,-895.9947965737337,-896.0220592362245,-0.21293460092215355,-0.22971769474429493,0.09847213960289317,0.007836224119189184,registered
497,1787909605.4810512,1787909605.4802303,181.66178986713362,-898.3382101328664,-1280.7932572817488,-898.4603029225052,-898.4655934515374,0.12738331867103625,0.10728140355968208,0.11932949237897428,0.008707078611667444,registered
498,1787909605.5096884,1787909605.5089664,179.1948701500337,-900.8051298499663,-1283.2601769988487,-900.9071328057486,-901.0516836126069,0.2465537626405876,0.23054269180192932,0.12451799193470543,0.008118737519417546,registered
499,1787909605.538301,1787909605.537632,176.5846584042631,-903.4153415957369,-1285.8703887446193,-903.398505114716,-903.6314226960208,0.21608110028387273,0.19809222151798167,0.14527920649132967,0.009391074092364641,registered
500,1787909605.5667806,1787909605.5659547,174.06530239009635,-905.9346976099037,-1288.389744758786,-905.8973903849514,-906.1803075575804,0.24560994767671218,0.22414784393504306,0.12690939227367665,0.0093858458516109,registered
501,1787909605.595221,1787909605.594381,171.64273989640083,-908.3572601035992,-1290.8123072524816,-908.4564514886438,-908.7385259285329,0.3812658249337346,0.3590867831446758,0.11743310796678384,0.010461090376046757,registered
502,1787909605.6239333,1787909605.6232116,168.90485669910413,-911.0951433008959,-1293.5501904497783,-911.1415318106679,-911.3331128016009,0.23796950070504863,0.20986997072805025,0.1393538471599317,0.013207678217157516,registered
503,1787909605.652404,1787909605.651584,166.12665932677578,-913.8733406732242,-1296.3283878221066,-913.8523033871886,-913.8864605825945,0.013119909370288951,-0.007604678145071375,0.17496418414907744,0.016291063787048112,registered
504,1787909605.6811361,1787909605.6805382,163.48106791055034,-916.5189320894497,-1298.973979238332,-916.5909739794456,-916.4921832979035,-0.026748791546197026,-0.05110829643740544,0.1447330971787272,0.013834140671857658,registered
505,1787909605.7106638,1787909605.7099032,160.78013114994837,-919.2198688500516,-1301.674915998934,-919.262472748823,-919.1348752929441,-0.08499355710750933,-0.10912202409872407,0.15819816794143346,0.014020125687836935,registered
506,1787909605.738734,1787909605.7377844,157.91039356383135,-922.0896064361687,-1304.544653585051,-921.8868539010251,-921.6440230064695,-0.445583429699127,-0.46426099299583257,0.20840581968417538,0.014850035526847083,registered
507,1787909605.766559,1787909605.7658048,155.3820043633441,-924.6179956366559,-1307.0730427855383,-924.4227604704561,-924.1657012245587,-0.452294412097217,-0.4879061782723966,0.12448060775265576,0.009373271057985182,registered
508,1787909605.795187,1787909605.7944646,153.03116289096874,-926.9688371090313,-1309.4238842579136,-926.8876493160633,-926.7449253557302,-0.22391175330108126,-0.26699617572967327,0.168860750293455,0.013286200840315359,registered
509,1787909605.8238308,1787909605.8230867,150.93541060589473,-929.0645893941053,-1311.5196365429877,-929.3407010476435,-929.3207593846394,0.2561699905340902,0.23734893376763466,0.1004204347356155,0.007025270866019362,registered
510,1787909605.8636427,1787909605.8629236,148.2236214026682,-931.7763785973318,-1314.2314257462142,-931.8046744240444,-932.905856895863,1.1294782985312395,1.1548315291427116,0.15876765913814309,0.009525692179611004,registered
511,1787909605.8810015,1787909605.8803675,145.72770563399854,-934.2722943660015,-1316.7273415148838,-934.3123404484021,-934.4757102630031,0.20341589700160512,0.22098971389573308,0.15480177169539633,0.008984219822054041,registered
512,1787909605.9093547,1787909605.9087183,143.19295907720357,-936.8070409227964,-1319.2620880716788,-936.9008600798461,-937.0271269730877,0.22008605029122918,0.21591917580281006,0.1788622807634166,0.011441755626532438,registered
513,1787909605.9377952,1787909605.9371147,140.39822971139415,-939.6017702886058,-1322.0568174374882,-939.5725279384817,-939.5826418447677,-0.019128443838098974,-0.0515880395653312,0.1683762195629091,0.011634848802752512,registered
514,1787909605.9667974,1787909605.9661062,137.67273563951312,-942.3272643604869,-1324.7823115093693,-942.2661715772476,-942.1917117496519,-0.13555261083502046,-0.1718676560010408,0.18399334560699207,0.011740157677525596,registered
515,1787909605.9950635,1787909605.9943306,135.04909870629558,-944.9509012937044,-1327.4059484425868,-944.8693422336439,-944.7317565977182,-0.2191446959861878,-0.2603887766799744,0.22387831233072406,0.01320208988496183,registered
516,1787909606.0237515,1787909606.0229719,132.52364140725945,-947.4763585927406,-1329.931405741623,-947.4716288138595,-947.309307134102,-0.16705145863852522,-0.1966399255934448,0.20328132563056933,0.010471918553896155,registered
517,1787909606.0522492,1787909606.051548,129.8785841218737,-950.1214158781263,-1332.5764630270087,-950.0245378909342,-949.881000088729,-0.24041578939727515,-0.2886961017900376,0.24735912898767504,0.011087113534761637,registered
518,1787909606.0807605,1787909606.0800586,127.4849566032733,-952.5150433967267,-1334.970090545609,-952.5606380184973,-952.4467925489128,-0.06825084781394253,-0.09708038095800475,0.17886524528210118,0.007760163941016706,registered
519,1787909606.1095679,1787909606.1088092,125.04059079356125,-954.9594092064387,-1337.4144563553211,-955.1059853423629,-955.0341915469314,0.07478234049267485,0.062318006377154234,0.25241267862215205,0.010631302791623134,registered
520,1787909606.1389637,1787909606.1383374,122.35016713360233,-957.6498328663977,-1340.10488001528,-957.6531486847924,-957.691559680879,0.04172681448130788,0.02317161138148549,0.15647076255910633,0.00666777499491671,registered
521,1787909606.1665587,1787909606.1659548,119.79827233334368,-960.2017276666563,-1342.6567748155387,-960.2064561438103,-960.1769766785696,-0.02475098808668008,-0.09515080524283803,0.11217320202487471,0.004878476213248191,registered
522,1787909606.1952906,1787909606.194617,117.06836844643226,-962.9316315535677,-1345.3866787024501,-962.7952589556398,-962.7564153731753,-0.17521618039245368,-0.23813399434789062,0.2335674929553198,0.00976077700411456,registered
523,1787909606.2236958,1787909606.2230532,114.60545340969134,-965.3945465903087,-1347.849593739191,-965.4194752003677,-965.3155134542083,-0.07903313610040641,-0.08441229520190063,0.11359158715482387,0.004956415382584585,registered
524,1787909606.2535315,1787909606.2523007,112.10151948307794,-967.8984805169221,-1350.3535276658044,-967.990857056993,-967.9476274719375,0.04914695501543065,0.04690072814992163,0.20085684165163611,0.009994364083917346,registered
525,1787909606.2811785,1787909606.280307,109.44905938139641,-970.5509406186036,-1353.005987767486,-970.5702531937536,-970.4680397657642,-0.08290085283942972,-0.11609078835067521,0.1309244529401198,0.006684455858392694,registered
526,1787909606.3097193,1787909606.3090289,106.72923918821789,-973.2707608117821,-1355.7258079606645,-973.143815522168,-973.0528425462278,-0.21791826555431726,-0.21457558552287992,0.192151365363492,0.008691511578431605,registered
527,1787909606.3385272,1787909606.3378477,104.31037678057578,-975.6896232194242,-1358.1446703683066,-975.6845865674416,-975.6463780584679,-0.04324516095630315,-0.08583596717562614,0.14906937871121076,0.007244508634154845,registered
528,1787909606.3668609,1787909606.3661976,101.8714121506805,-978.1285878493195,-1360.583634998202,-978.2589076287725,-978.1977089431789,0.06912109385939402,0.058952271856014704,0.11661903111678808,0.006931709495050601,registered
529,1787909606.395466,1787909606.39467,99.02890051910322,-980.9710994808968,-1363.4261466297792,-980.8568090336538,-980.7600683884134,-0.21103109248338114,-0.22358094988067023,0.1733993094786991,0.010415366455953928,registered
530,1787909606.4239419,1787909606.4232242,96.68805004766477,-983.3119499523352,-1365.7669971012176,-983.3831792527149,-983.3297873594449,0.017837407109709602,-0.014705436456324605,0.09084010221904532,0.0049349086440253305,registered
531,1787909606.4525206,1787909606.451919,94.12515562246426,-985.8748443775357,-1368.3298915264181,-985.8860639189912,-985.9121655731008,0.037321195565027665,-0.000771674588577298,0.1473390725985493,0.00864180660872073,registered
532,1787909606.4811532,1787909606.4803169,91.40556647430185,-988.5944335256982,-1371.0494806745805,-988.4843303423222,-988.4678091828414,-0.12662434285675772,-0.1444966258416116,0.10154674772370686,0.0067253681581043835,registered
533,1787909606.5093603,1787909606.5088012,88.85978376774892,-991.1402162322511,-1373.5952633811335,-991.1140617253242,-991.0312414452474,-0.10897478700371721,-0.13019470924564303,0.13730270264542907,0.008463352425267223,registered
534,1787909606.5383348,1787909606.537683,86.64572550581966,-993.3542744941803,-1375.8093216430627,-993.595887122163,-993.6304414321532,0.2761669379729028,0.24317163444516154,0.09872163785075802,0.0057751897790658535,registered
535,1787909606.56663,1787909606.5659332,83.81578342537114,-996.1842165746289,-1378.6392637235112,-996.203019248808,-996.17280356531,-0.011413009318857803,-0.0536817744327891,0.08388176658433666,0.005631215026947618,registered
536,1787909606.5959873,1787909606.594942,80.89111564574773,-999.1088843542523,-1381.5639315031347,-998.7729232874563,-998.7834397832646,-0.32544457098765633,-0.31499505472379496,0.14807276985875642,0.009771833232965751,registered
537,1787909606.623796,1787909606.6231399,78.62482874056013,-1001.3751712594399,-1383.8302184083223,-1001.3508916049082,-1001.3210815208665,-0.054089738573338764,-0.07267067183533982,0.08123494535229209,0.004747641955735572,registered
538,1787909606.6522536,1787909606.6516957,76.54673812627607,-1003.4532618737239,-1385.9083090226063,-1003.9328596760886,-1003.890950686302,0.43768881257801695,0.4009638981947319,0.16315493368243505,0.00966814713575269,registered
539,1787909606.6815448,1787909606.6808965,73.12210674391577,-1006.8778932560842,-1389.3329404049666,-1006.5564757435475,-1006.5188592607187,-0.3590339953655075,-0.35887342343198725,0.10081935370321644,0.00685388725529167,registered
540,1787909606.7093947,1787909606.7087321,70.96082956686791,-1009.0391704331321,-1391.4942175820145,-1009.094567006061,-1009.0239088126486,-0.015261620483443039,-0.01829625436016613,0.12273757110023789,0.00791502200737965,registered
541,1787909606.738828,1787909606.7381787,68.28277610602481,-1011.7172238939752,-1394.1722710428576,-1011.632358336728,-1011.673938877143,-0.04328501683221475,-0.0762288298974454,0.11855448185798437,0.006714873529110322,registered
542,1787909606.76684,1787909606.7661698,65.8057628870074,-1014.1942371129926,-1396.649284261875,-1014.2834570326359,-1014.1929779649902,-0.001259148002418442,-0.014790973299795951,0.09414223246670203,0.005456454542523793,registered
543,1787909606.7952769,1787909606.7945702,63.05086372010146,-1016.9491362798985,-1399.404183428781,-1016.9208817261009,-1016.7488575945085,-0.20027868539000337,-0.24782016917970395,0.14404595947668158,0.008350931276271671,registered
544,1787909606.8235788,1787909606.8229296,60.69645489912318,-1019.3035451008768,-1401.7585922497592,-1019.4187029897298,-1019.3010467329566,-0.002498367920225064,-0.029258123094905386,0.06091553453131457,0.003152777713374654,registered
545,1787909606.8525054,1787909606.8519142,58.001839061701276,-1021.9981609382987,-1404.453208087181,-1021.9640807376114,-1021.9094944038814,-0.08866653441737071,-0.11744926039250458,0.13970716154240356,0.00734065759607644,registered
546,1787909606.8813198,1787909606.8805366,55.22327411458059,-1024.7767258854194,-1407.2317730343018,-1024.5348584642816,-1024.485349889134,-0.2913759962852964,-0.3134735361263665,0.09660333591571058,0.005815061327219827,registered
547,1787909606.9093964,1787909606.9087987,52.93289523460612,-1027.0671047653939,-1409.5221519142763,-1027.0979068429208,-1027.0287848394623,-0.038319925931546095,-0.0716745206136693,0.1162556155548641,0.006642817289169526,registered
548,1787909606.9380586,1787909606.9373333,50.59230220660015,-1029.4076977933998,-1411.8627449422822,-1029.6110126872877,-1029.5967443903326,0.18904659693271242,0.15582572455218724,0.13076713500944073,0.0062119252737507236,registered
549,1787909606.9668097,1787909606.9660528,47.975292710103304,-1032.0247072898967,-1414.479754438779,-1032.162136151677,-1032.1813326073618,0.15662531746511377,0.11895775290531674,0.12995522084902295,0.006733568007864246,registered
550,1787909606.995219,1787909606.9946203,44.94829269466595,-1035.051707305334,-1417.5067544542164,-1034.7251631277466,-1034.7522531336253,-0.29945417170870314,-0.3269953774538408,0.1772787178721833,0.011191836727146874,registered
551,1787909607.0239081,1787909607.0231922,42.82014005291762,-1037.1798599470824,-1419.6349070959648,-1037.2531218671138,-1037.3235598740707,0.14369992698834722,0.10899726965749323,0.15654394269017247,0.009867114729885664,registered
552,1787909607.053164,1787909607.0522938,40.25446330213708,-1039.745536697863,-1422.2005838467453,-1039.8795397712088,-1039.94254260962,0.19700591175705995,0.18880318624655956,0.1722331209113576,0.01054211999106403,registered
553,1787909607.081145,1787909607.0804114,37.46831909325056,-1042.5316809067494,-1424.9867280556318,-1042.4977067138593,-1042.4729750158292,-0.058705890920236925,-0.07464529885328375,0.13925461000963463,0.00839686460273431,registered
554,1787909607.109548,1787909607.108909,34.85851000484672,-1045.1414899951533,-1427.5965371440357,-1045.0487821161605,-1045.0375873771238,-0.10390261802945133,-0.11266850761353453,0.1533690685356421,0.009049867709214407,registered
555,1787909607.1383364,1787909607.1377676,32.584985697309094,-1047.415014302691,-1429.8700614515733,-1047.5702878474954,-1047.634706098717,0.2196917960261544,0.20360176114354545,0.1602600082491487,0.009285386742999587,registered
556,1787909607.1667356,1787909607.1660962,29.63003503969412,-1050.3699649603059,-1432.8250121091883,-1050.156438569947,-1050.1841273688626,-0.18583759144325995,-0.18651939818528263,0.10117310857440258,0.006877668206189479,registered
557,1787909607.1952693,1787909607.194721,27.303855749411696,-1052.6961442505883,-1435.1511913994707,-1052.670968670975,-1052.7601974175495,0.06405316696123009,0.046176644449815285,0.14281083378802822,0.011163920632586985,registered
558,1787909607.2237415,1787909607.223162,24.896552530714644,-1055.1034474692854,-1437.5584946181677,-1055.1875350661699,-1055.3197246254513,0.21627715616591559,0.19955751512725328,0.11280770453407325,0.009729556068043653,registered
559,1787909607.253126,1787909607.2520618,22.271994195094976,-1057.728005804905,-1440.1830529537874,-1057.7675642118106,-1057.920555294458,0.19254948955290274,0.22050940243661898,0.1502600861411194,0.014016100469498055,registered
560,1787909607.28147,1787909607.2805045,19.676956371929464,-1060.3230436280705,-1442.778090776953,-1060.406817282255,-1060.4802326967636,0.15718906869301463,0.11974588161933752,0.1918873846808449,0.017760865525428292,registered
561,1787909607.309615,1787909607.30901,17.0660772601625,-1062.9339227398375,-1445.3889698887199,-1063.039012400951,-1063.0455745737352,0.11165183389766753,0.08458422209446326,0.1879947075155781,0.0175573296113911,registered
562,1787909607.33931,1787909607.3385978,14.235086081021791,-1065.7649139189782,-1448.2199610678606,-1065.6844873957962,-1065.7083067935405,-0.05660712543772206,-0.06942343532818995,0.22045941568287944,0.02001956555662039,registered
563,1787909607.3667176,1787909607.3659825,11.539699136227,-1068.460300863773,-1450.9153480126554,-1068.3317776127396,-1068.1727824000423,-0.2875184637307484,-0.2823285533863782,0.14764475304108698,0.011800865014511722,registered
564,1787909607.3952947,1787909607.3946135,8.957605231955768,-1071.0423947680442,-1453.4974419169266,-1070.9530126807986,-1070.7494103136585,-0.2929844543857598,-0.3098436824914188,0.15248296857604765,0.01176776766852267,registered
565,1787909607.4238756,1787909607.423219,6.4889024985820924,-1073.511097501418,-1455.9661446503003,-1073.5226262217607,-1073.3237423985277,-0.18735510289025115,-0.20581578358792285,0.11693653488788563,0.008530059518520677,registered
566,1787909607.452581,1787909607.4518776,4.202002956405977,-1075.797997043594,-1458.2530441924764,-1076.0225164600715,-1075.902859247982,0.1048622043879277,0.07791425996060752,0.17477415010027528,0.01220114604538661,registered
567,1787909607.4810324,1787909607.480265,1.3518158027204663,-1078.6481841972795,-1461.103231346162,-1078.4846190997634,-1078.4575587786117,-0.19062541866787797,-0.21452842210283052,0.1040072766689864,0.008318392416970957,registered
568,1787909607.5096254,1787909607.5090246,358.94050283202614,-1081.0594971679739,-1463.5145443168562,-1080.9333262561659,-1081.0457731176807,-0.013724050293149048,-0.028516063338202002,0.13629104221395946,0.011940560064669049,registered
569,1787909607.5383694,1787909607.5377681,356.632878421967,-1083.367121578033,-1465.8221687269154,-1083.4396160091742,-1083.6325284253965,0.2654068473634652,0.2532691049107143,0.0992098092752705,0.009371796289019137,registered
570,1787909607.566738,1787909607.5661058,354.11907427892424,-1085.8809257210758,-1468.3359728699581,-1085.9943177900861,-1086.1827650365926,0.3018393155168724,0.2836104102932495,0.11763095447356602,0.011771934162972593,registered
571,1787909607.5953147,1787909607.59466,351.4341581291062,-1088.5658418708938,-1471.0208890197762,-1088.6360544518027,-1088.752484007624,0.18664213673014274,0.17417693520087596,0.15099140531098043,0.015640830648480694,registered
572,1787909607.6240063,1787909607.623328,348.8683912482047,-1091.1316087517953,-1473.5866559006777,-1091.2622315151646,-1091.3324376544722,0.20082890267690345,0.17809103505919666,0.1579831925886636,0.01744755158122869,registered
573,1787909607.6525433,1787909607.6518297,345.9608285303127,-1094.0391714696873,-1476.4942186185697,-1093.908781646858,-1093.8974362299487,-0.14173523973863666,-0.16303686568039666,0.17181543425897886,0.018885614289264014,registered
574,1787909607.6811452,1787909607.6803575,343.3285906116032,-1096.6714093883968,-1479.1264565372792,-1096.5896922735878,-1096.4647735468593,-0.2066358415374907,-0.22683266184685635,0.13615200090414206,0.01442139837284452,registered
575,1787909607.7095745,1787909607.7089746,340.57044187256884,-1099.4295581274312,-1481.8846052763136,-1099.2598967842835,-1099.0401569925566,-0.38940113487456074,-0.41174081901976933,0.12885618634045992,0.012457296733935867,registered
576,1787909607.738538,1787909607.7379556,338.2857955962563,-1101.7142044037437,-1484.169251552626,-1101.8337867149176,-1101.6482828183298,-0.06592158541388926,-0.09773913821618407,0.12037560017080141,0.010214405018985325,registered
577,1787909607.766868,1787909607.766156,335.8102585513391,-1104.189741448661,-1486.6447885975433,-1104.3567124803133,-1104.1861605757094,-0.0035808729514883453,-0.020293260668267976,0.12270481333994647,0.008972185891907456,registered
578,1787909607.7954314,1787909607.794783,332.949704093131,-1107.050295906869,-1489.5053430557514,-1106.8666669341874,-1106.7624451878307,-0.28785071903826065,-0.33045642551383025,0.11808628125022555,0.008343000158484744,registered
579,1787909607.8239806,1787909607.8233793,330.5299408890994,-1109.4700591109006,-1491.925106259783,-1109.357498170344,-1109.3359404753062,-0.13411863559440462,-0.15792718772922854,0.1006590302450294,0.008110810678945214,registered
580,1787909607.852466,1787909607.851844,328.3462474819539,-1111.653752518046,-1494.1087996669285,-1111.83637052834,-1111.8976133175508,0.24386079950477324,0.22355738828537142,0.0999401972863226,0.00838191610927188,registered
581,1787909607.8813653,1787909607.8807411,325.6168719271593,-1114.3831280728407,-1496.838175221723,-1114.395142444051,-1114.4981865104364,0.11505843759573509,0.08989024726497519,0.08457614763876212,0.00698998396119666,registered
582,1787909607.9097786,1787909607.9089968,322.90225402455917,-1117.0977459754408,-1499.5527931243232,-1117.017020143261,-1117.041042139492,-0.05670383594883788,-0.08285139435838573,0.14904856327407595,0.012544860894591876,registered
583,1787909607.9386296,1787909607.9379663,320.61780795192203,-1119.382192048078,-1501.8372391969604,-1119.5679396468809,-1119.6481380607806,0.2659460127026705,0.23919220014840903,0.16975284406233956,0.014408459048400275,registered
584,1787909607.9665973,1787909607.96604,317.83340442355734,-1122.1665955764427,-1504.621642725325,-1122.2077518353872,-1122.174601043455,0.008005467012253575,-0.014076737975528886,0.17600734704729148,0.014415834233356538,registered
585,1787909607.995685,1787909607.9948387,314.94744967072234,-1125.0525503292777,-1507.50759747816,-1124.8962272239974,-1124.7663342228466,-0.28621610643108397,-0.3021936616930816,0.2105488283459271,0.016167374030832005,registered
586,1787909608.0239763,1787909608.0232751,312.2909448294122,-1127.7090551705878,-1510.1641023194702,-1127.5328631147388,-1127.3254537602231,-0.3836014103646903,-0.4013207898397013,0.15664603306457772,0.01092938962696197,registered
587,1787909608.05299,1787909608.0522952,310.2142516125905,-1129.7857483874095,-1512.240795536292,-1130.0861093796552,-1129.937098426319,0.15135003890941334,0.14306295386609236,0.17934987264523197,0.011600614867202791,registered
588,1787909608.0811424,1787909608.080502,307.191926749716,-1132.808073250284,-1515.2631203991664,-1132.6586353035832,-1132.4755555049712,-0.3325177453127708,-0.35433629471663153,0.14016872340705994,0.008526374668317531,registered
589,1787909608.109575,1787909608.108936,304.6512784480242,-1135.3487215519758,-1517.8037687008582,-1135.1858665881732,-1135.0344604789134,-0.31426107306242557,-0.3417947425962211,0.15951648680050662,0.009442270606334043,registered
590,1787909608.1388142,1787909608.1381226,302.3542873634144,-1137.6457126365856,-1520.100759785468,-1137.6959593178367,-1137.6610816727243,0.015369036138736192,-0.0037567330616639083,0.1345090234104194,0.008298560759262257,registered
591,1787909608.1666894,1787909608.1660862,300.07678915291626,-1139.9232108470837,-1522.3782579959661,-1140.2076177130718,-1140.1776532810768,0.2544424339930629,0.23010217610362815,0.11482331297609853,0.00672258499256644,registered
592,1787909608.1953392,1787909608.1947234,297.08087327548947,-1142.9191267245105,-1525.374173873393,-1142.829616244163,-1142.7548390596223,-0.16428766488820656,-0.18619020197456848,0.21479760147302884,0.010954766222752,registered
593,1787909608.2245507,1787909608.223806,294.5254303783179,-1145.4745696216821,-1527.9296167705645,-1145.3743868892554,-1145.3721052876972,-0.10246433398492627,-0.10758515759198417,0.0733137471008631,0.004012266563307762,registered
594,1787909608.2530499,1787909608.252113,292.1188251203,-1147.8811748797,-1530.3362220285824,-1147.9151590773338,-1147.919595486934,0.03842060723400209,0.04936756682127452,0.1690060541536139,0.009816214692032697,registered
595,1787909608.2815762,1787909608.2806034,289.53346533094145,-1150.4665346690585,-1532.921581817941,-1150.5546850883009,-1150.483564157926,0.017029488867365217,0.0017580970618382707,0.09407587132737155,0.005199303721585969,registered
596,1787909608.30982,1787909608.3090148,286.57158769764146,-1153.4284123023585,-1535.883459451241,-1153.1970367237655,-1153.0404307792421,-0.387981523116423,-0.4174858015239806,0.166669280829662,0.008653312978949942,registered
597,1787909608.33857,1787909608.3378603,284.4339330697353,-1155.5660669302647,-1538.021114079147,-1155.7110931957732,-1155.6363694019465,0.07030247168177084,0.05681271609932992,0.13846863727828498,0.007734927563080536,registered
598,1787909608.3668168,1787909608.3661563,281.94037630967864,-1158.0596236903214,-1540.5146708392037,-1158.2609480298995,-1158.1828511530418,0.1232274627204788,0.11814647827850422,0.08844394202600957,0.005286062358716166,registered
599,1787909608.3958712,1787909608.3950348,278.8006514814135,-1161.1993485185865,-1543.6543956674689,-1160.8490242380244,-1160.7817507511397,-0.41759776744675037,-0.41416918527124835,0.15551985601238133,0.008759176648206454,registered
600,1787909608.4240754,1787909608.423364,276.57518539804437,-1163.4248146019556,-1545.879861750838,-1163.406132631971,-1163.3312149339722,-0.09359966798342612,-0.09496123755729968,0.07235740577180078,0.004011481585493267,registered
601,1787909608.4528399,1787909608.4520884,274.3398373415084,-1165.6601626584916,-1548.115209807374,-1165.9459556306679,-1165.9162537342136,0.2560910757219972,0.2587199333047465,0.13846352484996835,0.007977602410712234,registered
602,1787909608.4812903,1787909608.480523,271.44862486741636,-1168.5513751325836,-1551.006422281466,-1168.546142784783,-1168.475223077186,-0.07615205539764247,-0.07539131054022619,0.09289100377587438,0.004987820272335103,registered
603,1787909608.5097773,1787909608.5091572,268.7524865595385,-1171.2475134404615,-1553.7025605893439,-1171.0730425183542,-1171.0521299232669,-0.1953835171946139,-0.19548078959019222,0.15042789937844805,0.007296009654634166,registered
604,1787909608.5383222,1787909608.5377681,266.37144270353815,-1173.6285572964618,-1556.0836044453442,-1173.6045205850255,-1173.6269555040349,-0.001601792426981774,-0.003218127726086095,0.13524326493527897,0.006911158934589553,registered
605,1787909608.5692763,1787909608.5680811,263.82082020193957,-1176.1791797980604,-1558.6342269469428,-1176.232825463352,-1176.354957920558,0.17577812249760427,0.17817249963377435,0.10129622506165403,0.005659687997996944,registered
606,1787909608.5956063,1787909608.595005,261.2684093051437,-1178.7315906948563,-1561.1866378437387,-1178.8275435040084,-1178.7779584152072,0.04636772035087233,0.05450218293708531,0.15326046877548616,0.008411295967519456,registered
607,1787909608.6238937,1787909608.623226,258.6916013516111,-1181.308398648389,-1563.7634457972713,-1181.351294544925,-1181.317681418122,0.00928276973309039,0.00795495348120312,0.07522763125141925,0.003953952565101735,registered
608,1787909608.6522684,1787909608.6517322,255.88812460884742,-1184.1118753911526,-1566.566922540035,-1183.9184517518393,-1183.8830876641237,-0.22878772702893002,-0.24451442758231678,0.13736817757900638,0.0073010419126290456,registered
609,1787909608.6817203,1787909608.681117,253.49334713023518,-1186.5066528697648,-1568.9617000186472,-1186.5139720870136,-1186.5275605356692,0.02090766590436033,0.0018047374426259921,0.07449931311999393,0.004007153757348218,registered
610,1787909608.7100205,1787909608.709255,250.9981588672049,-1189.001841132795,-1571.4568882816775,-1189.1048983972582,-1189.05981673107,0.0579755982748793,0.04575534130435699,0.11675084641225064,0.006423865019598092,registered
611,1787909608.7383447,1787909608.7376797,248.3739371693348,-1191.6260628306652,-1574.0811099795476,-1191.661599659908,-1191.6178849076182,-0.008177923047014701,-0.00021370146669141832,0.10166134692644431,0.005640311232877993,registered
612,1787909608.767279,1787909608.7663968,245.70372395015465,-1194.2962760498453,-1576.7513231987277,-1194.226714401795,-1194.2022585612133,-0.09401748863206194,-0.07012758681503328,0.08654581947891762,0.004781536016346017,registered
613,1787909608.7954013,1787909608.7948284,243.19844656022065,-1196.8015534397794,-1579.2566005886617,-1196.7857656218173,-1196.760948971721,-0.04060446805829088,-0.023218021064394634,0.12242660422317281,0.0063711200044096914,registered
614,1787909608.8241506,1787909608.8234313,240.6096449060285,-1199.3903550939715,-1581.8454022428539,-1199.3725616829176,-1199.3350450368125,-0.05531005715897663,-0.05958115205453396,0.057678571579332455,0.002849782010614132,registered
615,1787909608.8527155,1787909608.85195,238.16783478027332,-1201.8321652197267,-1584.287212368609,-1201.95020028321,-1201.9015670126728,0.06940179294610971,0.04944158960347522,0.13419095390298857,0.006664902798073979,registered
616,1787909608.8821094,1787909608.881007,235.4103508979358,-1204.5896491020642,-1587.0446962509466,-1204.4851436719441,-1204.5165374120004,-0.07311169006379714,-0.10022112846581877,0.09168941419521458,0.004604254051312674,registered
617,1787909608.9100118,1787909608.9092114,232.93864551481715,-1207.0613544851828,-1589.5164016340652,-1207.0246530119723,-1207.0547799272183,-0.0065745579645408725,-0.01914102830937736,0.10973272661207881,0.005318990982991554,registered
618,1787909608.938199,1787909608.9375873,230.42639782258857,-1209.5736021774114,-1592.0286493262938,-1209.620208504232,-1209.6084495533635,0.03484737595204024,0.017135912038156675,0.15132436637572497,0.00630915591389928,registered
619,1787909608.9667876,1787909608.9661155,227.82056409302118,-1212.1794359069788,-1594.6344830558612,-1212.1766956075799,-1212.1758297829608,-0.003606124018006085,-0.02379314281574807,0.16901077684846247,0.006288409776823943,registered
620,1787909608.9953237,1787909608.994729,225.34039910536262,-1214.6596008946374,-1597.1146480435198,-1214.782492479153,-1214.7508913835065,0.0912904888691628,0.07650143746855065,0.20110380604517838,0.008939474416699034,registered
621,1787909609.024147,1787909609.023544,222.57919434409018,-1217.4208056559098,-1599.8758528047922,-1217.373396935764,-1217.3440835942517,-0.07672206165807438,-0.09133844256939483,0.17257155791715015,0.008742133655026968,registered
622,1787909609.0524533,1787909609.0518854,219.91857361580787,-1220.0814263841921,-1602.5364735330745,-1219.9927004888905,-1219.8946420505993,-0.18678433359286828,-0.2110820968173357,0.21139684861782734,0.010122742159357689,registered
623,1787909609.0811343,1787909609.0804994,217.58537177252788,-1222.4146282274721,-1604.8696753763545,-1222.56700548541,-1222.469746563832,0.055118336359782916,0.03937532215354622,0.16575137317453803,0.0073759319941758324,registered
624,1787909609.1102448,1787909609.1092725,214.70218980845652,-1225.2978101915435,-1607.7528573404259,-1225.1065143988858,-1225.0591624581332,-0.23864773341028922,-0.2696336655687901,0.15802021108578335,0.00841365129105591,registered
625,1787909609.1382043,1787909609.13767,212.3443085224983,-1227.6556914775017,-1610.110738626384,-1227.613726575022,-1227.6147846115302,-0.04090686597146487,-0.062191444140125896,0.11346631621353963,0.007222072616260918,registered
626,1787909609.1670227,1787909609.1662474,209.88696319840574,-1230.1130368015943,-1612.5680839504766,-1230.0872337076335,-1230.1865848478747,0.07354804628039346,0.05747934511441599,0.1240661289034969,0.008345799828109806,registered
627,1787909609.1954756,1787909609.194781,207.5185321146439,-1232.481467885356,-1614.9365150342385,-1232.5928154204082,-1232.754458573371,0.27299068801494286,0.25605350825821915,0.13886698394621813,0.009405900283182129,registered
628,1787909609.2239435,1787909609.2233155,204.91429866801946,-1235.0857013319805,-1617.540748480863,-1235.136045320313,-1235.3223966678977,0.23669533591714753,0.2255532518875043,0.15976194562148652,0.010691781507053737,registered
629,1787909609.2531083,1787909609.2523122,202.3587969953328,-1237.6412030046672,-1620.0962501535496,-1237.7117443566212,-1237.9319386123373,0.290735607670058,0.27004795882021426,0.13560870051220597,0.009952315996122773,registered
630,1787909609.282065,1787909609.2811952,199.65067540907194,-1240.349324590928,-1622.8043717398104,-1240.3479916334916,-1240.5312458809603,0.1819212900322782,0.14409468917006052,0.17183404659314314,0.013746012430872754,registered
631,1787909609.310182,1787909609.3093395,196.94986039585,-1243.05013960415,-1625.5051867530324,-1243.0007580773276,-1243.0640813976336,0.013941793483581932,-0.017294263267103815,0.18944289827419605,0.015292349734083908,registered
632,1787909609.3384829,1787909609.3378181,194.29338777734665,-1245.7066122226533,-1628.1616593715357,-1245.7188822278529,-1245.6269987077974,-0.07961351485596424,-0.10338019072787574,0.1907760114201259,0.01592621706895912,registered
633,1787909609.367179,1787909609.3663962,191.53774944136057,-1248.4622505586394,-1630.9172977075218,-1248.3747668712565,-1248.198863313172,-0.2633872454673565,-0.2785149985559201,0.16951809788667274,0.012423699950008683,registered
634,1787909609.3956103,1787909609.3949158,189.15675829935253,-1250.8432417006475,-1633.2982888495299,-1250.964809347365,-1250.765471114406,-0.07777058624151323,-0.10504319316555666,0.15233699272628026,0.010033065240090512,registered
635,1787909609.4242795,1787909609.4236085,186.41474674714937,-1253.5852532528506,-1636.040300401733,-1253.5112133587459,-1253.347656220971,-0.23759703187965897,-0.26227033704890346,0.12553516732810766,0.009472049091270333,registered
636,1787909609.453369,1787909609.4524748,183.7394762047652,-1256.2605237952348,-1638.7155709441172,-1256.0238339978796,-1255.9454615455538,-0.3150622496809774,-0.3346746005913701,0.11570013556771282,0.009202827563357928,registered
637,1787909609.4814696,1787909609.4808252,181.65102451486632,-1258.3489754851337,-1640.804022634016,-1258.4890802295795,-1258.4968353429515,0.14785985781782074,0.1380358972742215,0.11955570013675079,0.008718363858146342,registered
638,1787909609.5099797,1787909609.5092783,179.16514344194866,-1260.8348565580513,-1643.2899037069337,-1260.9344253616268,-1261.0574568243683,0.22260026631693108,0.21013047610017566,0.11193537768037375,0.007292774217403918,registered
639,1787909609.5391011,1787909609.5381274,176.49990575443258,-1263.5000942455674,-1645.9551413944498,-1263.4318989599362,-1263.653717292224,0.15362304665654847,0.14981250023947723,0.14994844207509883,0.009710627751195551,registered
640,1787909609.567096,1787909609.566381,174.06475130547688,-1265.9352486945231,-1648.3902958434055,-1265.9360004672458,-1266.1963798141887,0.2611311196656061,0.2515316001256451,0.1265906040447524,0.00936269062222919,registered
641,1787909609.595697,1787909609.5949764,171.5960910994911,-1268.403908900509,-1650.8589560493913,-1268.5036031553832,-1268.769810732634,0.3659018321250187,0.34681462085768544,0.12696706350686568,0.011340012046984994,registered
642,1787909609.6243932,1787909609.6236484,168.867908353885,-1271.132091646115,-1653.5871387949974,-1271.179891059007,-1271.3501291373202,0.21803749120522298,0.19098264979879787,0.14386285654814465,0.013632439046044786,registered
643,1787909609.6526735,1787909609.6520123,166.08544368166235,-1273.9145563183376,-1656.36960346722,-1273.8915983852855,-1273.9027259462937,-0.01183037204395987,-0.03783989504586316,0.17879257471673593,0.01665020989127197,registered
644,1787909609.681303,1787909609.6807618,163.4367149386976,-1276.5632850613024,-1659.0183322101848,-1276.6170862585136,-1276.4900176625952,-0.07326739870723031,-0.09367079064622885,0.14193704043354233,0.013568925634558448,registered
645,1787909609.710025,1787909609.7093592,160.7419670643717,-1279.2580329356283,-1661.7130800845107,-1279.274959764452,-1279.0636202317878,-0.19441270384049858,-0.21436797251340067,0.1579689949799849,0.013964442584374483,registered
646,1787909609.7384088,1787909609.7378473,157.9507759327637,-1282.0492240672363,-1664.5042712161187,-1281.8988205416067,-1281.6273957956887,-0.4218282715476107,-0.4458518493365773,0.15866853116863486,0.011325613726322663,registered
647,1787909609.7671123,1787909609.7664275,155.31988878160246,-1284.6801112183975,-1667.13515836728,-1284.4313591158311,-1284.1994535081542,-0.48065771024334936,-0.5127539452496421,0.1157053345939526,0.008740429875669442,registered
648,1787909609.795797,1787909609.7950795,153.08696528427845,-1286.9130347157216,-1669.368081864604,-1286.9106115806792,-1286.7779695799925,-0.13506513572906442,-0.16379334445127824,0.16257108104732687,0.012808492235120176,registered
649,1787909609.8241005,1787909609.8234093,150.923925272411,-1289.076074727589,-1671.5311218764714,-1289.3795157894615,-1289.3274981318552,0.2514234042662338,0.24382256756803145,0.0959385012494489,0.006706029769895586,registered
650,1787909609.8526695,1787909609.8520138,148.0798200354045,-1291.9201799645955,-1674.3752271134779,-1291.8603774123912,-1291.9017443913506,-0.01843557324491485,-0.05519846453694299,0.19033172637206452,0.011369641833222177,registered
651,1787909609.8817496,1787909609.8810277,145.69515018644097,-1294.304849813559,-1676.7598969624414,-1294.3797080794359,-1294.5128311925173,0.20798137895826585,0.17683019166838676,0.11570534014324575,0.006717299505777235,registered
652,1787909609.9100258,1787909609.909288,143.05967162932188,-1296.9403283706781,-1679.3953755195605,-1296.9731717784964,-1297.056094492098,0.11576612141993792,0.08806925301200863,0.16806394806292385,0.010828078355655198,registered
653,1787909609.9390147,1787909609.9382393,140.35023462109234,-1299.6497653789077,-1682.10481252779,-1299.6646047043075,-1299.661559731286,0.011794352378274198,-0.013210857037847745,0.18143694403551835,0.012531751473921316,registered
654,1787909609.9676993,1787909609.9671183,137.62936246327922,-1302.3706375367208,-1684.8256846856032,-1302.3239553885842,-1302.2605022420705,-0.11013529465026295,-0.134709434718161,0.1835533233716321,0.011694835301754018,registered
655,1787909609.9955163,1787909609.994919,135.0089455447976,-1304.9910544552024,-1687.4461016040848,-1304.8968237885263,-1304.7624191678597,-0.2286352873427404,-0.25371585753055115,0.2215381722313284,0.013045474773471788,registered
656,1787909610.024264,1787909610.0236275,132.43465170580635,-1307.5653482941937,-1690.020395443076,-1307.5200892719172,-1307.346020393091,-0.21932790110258793,-0.25366656112464625,0.24147301641370242,0.012365070818776044,registered
657,1787909610.0525486,1787909610.051974,129.85478491542153,-1310.1452150845785,-1692.6002622334609,-1310.0692736747956,-1309.897050888994,-0.2481641955844225,-0.2632017947385066,0.28426213638640707,0.012733033901815736,registered
658,1787909610.0816479,1787909610.0810437,127.56283796464368,-1312.4371620353563,-1694.8922091842387,-1312.613445671036,-1312.5131584745236,0.07599643916728382,0.05056697362124396,0.19199497102530144,0.00833637108058259,registered
659,1787909610.1099968,1787909610.1092787,124.9163700463057,-1315.0836299536943,-1697.5386771025767,-1315.16421545255,-1315.0541474017007,-0.02948255199362393,-0.048601709682543515,0.20669774059895302,0.00869681919555298,registered
660,1787909610.1383808,1787909610.1377714,122.16882444278599,-1317.831175557214,-1700.2862227060964,-1317.7147893870392,-1317.618330636127,-0.2128449210870258,-0.22968816878437792,0.16829561367131915,0.00719073589599964,registered
661,1787909610.166841,1787909610.166239,119.8160875265362,-1320.1839124734638,-1702.6389596223462,-1320.2463873433992,-1320.180260954493,-0.00365151897085525,-0.017627032606469584,0.18101669575820864,0.007873216667965801,registered
662,1787909610.195555,1787909610.1949449,117.05275323894307,-1322.947246761057,-1705.4022939099393,-1322.8313802659936,-1322.7636261599466,-0.18362060111030587,-0.22089337186503144,0.23137274129747973,0.009667461423066416,registered
663,1787909610.2245378,1787909610.2239463,114.56971369065036,-1325.4302863093496,-1707.885333458232,-1325.4312950315498,-1325.3735972312547,-0.0566890780949052,-0.06796437043840342,0.09879106001280402,0.004317882831397729,registered
664,1787909610.2537909,1787909610.2528105,112.13199738868366,-1327.8680026113163,-1710.3230497601987,-1327.9633777118784,-1327.9712094487468,0.10320683743043446,0.07703536638064179,0.2128908495377449,0.010579424933029002,registered
665,1787909610.2820785,1787909610.2811306,109.5591109032539,-1330.440889096746,-1712.8959362456285,-1330.300977056855,-1330.5198582905289,0.07896919378276834,0.07074766175446712,0.15055431083929757,0.007707833528807,registered
666,1787909610.3103275,1787909610.309662,106.72596166108201,-1333.274038338918,-1715.7290854878004,-1332.917619094701,-1333.0875389089344,-0.18649942998354163,-0.1960292368478349,0.19097310566384895,0.00863729088712242,registered
667,1787909610.3390496,1787909610.3382888,104.39636895687818,-1335.6036310431218,-1718.0586781920042,-1335.7333562910667,-1335.6637806083688,0.0601495652470021,0.06164262100492124,0.2103370233024019,0.010147793720176795,registered
668,1787909610.3673682,1787909610.3667576,101.89058067357792,-1338.109419326422,-1720.5644664753045,-1338.7592938068915,-1338.225818208452,0.11639888202989823,0.09572549834319943,0.10690952679089172,0.006347866964802435,registered
669,1787909610.3959577,1787909610.3952074,99.12452248964064,-1340.8754775103594,-1723.3305246592417,-1341.8442648241949,-1340.7861393010605,-0.0893382092988304,-0.09652144538381435,0.16021074064831198,0.009659657714509164,registered
670,1787909610.4528098,1787909610.4520895,94.12507758318452,-1345.8749224168155,-1728.3299695656979,-1344.8927510537706,-1345.9052151732074,0.0302927563918729,0.013617027554573724,0.16728514626788188,0.009811742924227769,registered
671,1787909610.481369,1787909610.4808264,91.38486367736277,-1348.6151363226372,-1731.0701834715196,-1347.960441435776,-1348.491369703307,-0.12376661933012656,-0.134745720462206,0.0939981036266621,0.006226402759961671,registered
672,1787909610.5100439,1787909610.5094929,88.8569534644871,-1351.143046535513,-1733.5980936843953,-1351.006772307906,-1351.0711946120946,-0.0718519234183077,-0.08940582520904172,0.15385246696085675,0.009482152227428613,registered
673,1787909610.538408,1787909610.5378513,86.56669607853905,-1353.433303921461,-1735.8883510703433,-1353.764123069147,-1353.623297925169,0.18999400370807962,0.17348772190393902,0.11352223896727925,0.006652287691677383,registered
674,1787909610.5675807,1787909610.5667717,83.93114107930705,-1356.068858920693,-1738.5239060695753,-1356.3825124395182,-1356.2259738397108,0.15711491901788577,0.15964244012002382,0.10434526676977617,0.006970899658979463,registered
675,1787909610.5957978,1787909610.5950248,80.96253317301898,-1359.037466826981,-1741.4925139758634,-1358.7394706329142,-1358.7685934489887,-0.26887337799234956,-0.26706640783231705,0.14379299235772852,0.009522449820039261,registered
676,1787909610.6241245,1787909610.623432,78.71439413714938,-1361.2856058628506,-1743.740653011733,-1361.298088249236,-1361.325073856123,0.03946799327241024,0.022571202667677426,0.10533852639301375,0.006176822777044649,registered
677,1787909610.652789,1787909610.652135,76.5275062678586,-1363.4724937321414,-1745.9275408810238,-1363.8695527155264,-1363.9081815854556,0.4356878533142208,0.43085835239776316,0.19338452310552487,0.01146925996545921,registered
678,1787909610.681522,1787909610.6809475,73.14331061863186,-1366.8566893813681,-1749.3117365302505,-1366.4838177401716,-1366.5011592327664,-0.3555301486017015,-0.3725986469928557,0.09886013460143032,0.006719849732694376,registered
679,1787909610.7100325,1787909610.7093234,71.05346100090946,-1368.9465389990905,-1751.401586147973,-1369.0507525608,-1369.0548288589114,0.10828985982084305,0.08085973863489926,0.11856167170015615,0.007680498664331019,registered
680,1787909610.7388499,1787909610.738028,68.39102841022009,-1371.60897158978,-1754.0640187386623,-1371.5849887776283,-1371.6380867826479,0.02911519286794828,0.006592485282226335,0.1345208735977034,0.007639975492425501,registered
681,1787909610.767174,1787909610.766504,65.84514092503355,-1374.1548590749665,-1756.6099062238488,-1374.2248771743873,-1374.200768073034,0.04590899806748894,0.06270091076817152,0.07976920968483617,0.004618879884622583,registered
682,1787909610.8103547,1787909610.8095632,63.088017670414956,-1376.911982329585,-1759.3670294784674,-1376.8664005696764,-1378.0758480657296,1.163865736144544,1.222476061198904,0.1475308490583712,0.008563423190949715,registered
683,1787909610.824279,1787909610.8235466,60.68602478248681,-1379.3139752175132,-1761.7690223663956,-1379.3712241085473,-1379.33428406431,0.020308846796751823,0.07691588252032489,0.07220298806992798,0.0037352740126344176,registered
684,1787909610.852955,1787909610.852216,58.10416874091288,-1381.8958312590871,-1764.3508784079695,-1381.9170717848187,-1381.9143664492185,0.018535190131387935,0.02801395653500549,0.1595127818085246,0.00833682946873374,registered
685,1787909610.881871,1787909610.8811529,55.286587936745946,-1384.713412063254,-1767.1684592121364,-1384.4880703442675,-1384.518522851457,-0.19488921179708996,-0.21384177431536955,0.08517811005573045,0.005120577869794465,registered
686,1787909610.9101808,1787909610.9094706,52.90144418583441,-1387.0985558141656,-1769.553602963048,-1387.0454754385596,-1387.0669571298047,-0.031598684360915286,-0.052057519736763425,0.11842169926738205,0.006752642112903724,registered
687,1787909610.9383698,1787909610.937785,50.71335168806263,-1389.2866483119374,-1771.7416954608198,-1389.5694300817681,-1389.6150910193444,0.32844270740702086,0.3159226471614147,0.14184110459961372,0.006786787138004444,registered
688,1787909610.967434,1787909610.9668293,48.032089566025434,-1391.9679104339746,-1774.422957582857,-1392.1269870973865,-1392.2289242324705,0.26101379849592377,0.2745335490865273,0.11989812171550172,0.006179243150774415,registered
689,1787909610.9961576,1787909610.9953184,44.920119190365085,-1395.079880809635,-1777.5349279585173,-1394.7219721700942,-1394.7927856217452,-0.28709518788969035,-0.261264761822531,0.1838030183441817,0.011610276976879877,registered
690,1787909611.0244188,1787909611.0237124,42.80588897355665,-1397.1941110264434,-1779.6491581753257,-1397.2649464360013,-1397.348085929991,0.15397490354757792,0.17480400104227556,0.1604668368738135,0.010112514629489535,registered
691,1787909611.053103,1787909611.0524063,40.20624079561958,-1399.7937592043804,-1782.2488063532628,-1399.9072258506849,-1399.930378318273,0.13661911389249326,0.12302520247794746,0.19053847391933518,0.011658212504468102,registered
692,1787909611.082237,1787909611.0815325,37.45438127072089,-1402.545618729279,-1785.0006658781615,-1402.5508358318884,-1402.5515710571958,0.005952327916702416,-0.011482105949426114,0.13968349325774787,0.008422261506479315,registered
693,1787909611.1103086,1787909611.109551,34.76015278051409,-1405.239847219486,-1787.6948943683683,-1405.1034763154362,-1405.0730776245375,-0.1667695949483914,-0.18730257342485856,0.14439857143367416,0.00850789869704273,registered
694,1787909611.1387322,1787909611.1381073,32.54960165224816,-1407.4503983477518,-1789.9054454966342,-1407.614186220485,-1407.6429897026599,0.19259135490801782,0.15805008330812598,0.165066027234183,0.009568489974702079,registered
695,1787909611.1670434,1787909611.1664145,29.587314157911806,-1410.4126858420882,-1792.8677329909706,-1410.1927046506732,-1410.1904799018967,-0.22220594019154305,-0.2457223183030237,0.11621518014805465,0.00792501612309306,registered
696,1787909611.1957014,1787909611.1950662,27.28347785527626,-1412.7165221447237,-1795.1715692936061,-1412.7020666356318,-1412.7689745173914,0.0524523726676307,0.03783136418905997,0.1269427168451894,0.009932657838741706,registered
697,1787909611.2253935,1787909611.2248223,24.85947033038724,-1415.1405296696128,-1797.5955768184951,-1415.2180242332415,-1415.4468549156593,0.30632524604652644,0.3014321763466796,0.11592642017972815,0.010013275600361702,registered
698,1787909611.2535908,1787909611.2526114,22.275778219100857,-1417.7242217808991,-1800.1792689297815,-1417.796654667949,-1417.94772048062,0.22349869972094893,0.20287445325743647,0.13966713001281128,0.01302738404468995,registered
699,1787909611.282134,1787909611.2811663,19.638942821749424,-1420.3610571782506,-1802.816104327133,-1420.4583875531798,-1420.517503820682,0.15644664243131956,0.19351236960892493,0.19433860309492781,0.01798236001386975,registered
700,1787909611.310787,1787909611.3100255,16.98321098710676,-1423.0167890128932,-1805.4718361617756,-1423.0974559573872,-1423.1146654549618,0.09787644206858204,0.08259239661879292,0.17771517220140376,0.016611209968185273,registered
701,1787909611.3388507,1787909611.3382046,14.165863670050612,-1425.8341363299494,-1808.2891834788318,-1425.7558621964731,-1425.650633597776,-0.1835027321733378,-0.20255641857079354,0.21111743837118324,0.01911980187344951,registered
702,1787909611.3677306,1787909611.3670723,11.445407659675993,-1428.554592340324,-1811.0096394892064,-1428.3993734014703,-1428.2485676604194,-0.30602467990456717,-0.3380498890662693,0.15283982625462217,0.012175437942482124,registered
703,1787909611.395876,1787909611.3952157,8.869632141429065,-1431.130367858571,-1813.5854150074533,-1431.0172209831205,-1430.781317351719,-0.34905050685188144,-0.3633670840040395,0.1579405613089012,0.012182805549689176,registered
704,1787909611.4244108,1787909611.423718,6.483753629742068,-1433.516246370258,-1815.9712935191403,-1433.5709327399068,-1433.3463588398824,-0.16988753037549031,-0.15739432588202362,0.11665818730556252,0.008508092501792255,registered
705,1787909611.4531326,1787909611.4522486,4.153395471022122,-1435.8466045289779,-1818.3016516778603,-1436.048897746696,-1435.9139536329142,0.06734910393629434,0.0771085835165195,0.1861538412770679,0.013006866497676512,registered
706,1787909611.481416,1787909611.4808276,1.3736771800126917,-1438.6263228199873,-1821.0813699688697,-1438.4953837477708,-1438.4859040636625,-0.14041875632483425,-0.15584410246219704,0.09745723464188567,0.007785821043874828,registered
707,1787909611.510309,1787909611.509699,358.91504803463613,-1441.0849519653639,-1823.5399991142463,-1440.940477503893,-1441.0841814278008,-0.0007705375630848721,-0.014057713475722267,0.13440992928218026,0.01178484137932957,registered
708,1787909611.5394392,1787909611.5388095,356.6284575711745,-1443.3715424288255,-1825.8265895777079,-1443.4468040305092,-1443.7039580480573,0.33241561923182417,0.3188278289092068,0.10843713582400538,0.010244955263935391,registered
709,1787909611.5677352,1787909611.566849,354.12496061937054,-1445.8750393806295,-1828.3300865295118,-1446.0148862620686,-1446.2273527736209,0.3523133929913911,0.3450508263060783,0.10834225108604727,0.010841651151040506,registered
710,1787909611.595938,1787909611.5952873,351.3963428790539,-1448.603657120946,-1831.0587042698285,-1448.663738606277,-1448.7866439617446,0.18298684079854866,0.18545454902118763,0.15015548333713666,0.015567678804570044,registered
711,1787909611.6242764,1787909611.623662,348.7954296764824,-1451.2045703235176,-1833.6596174724,-1451.3061792522644,-1451.3402063061726,0.13563598265500332,0.13049116608453915,0.1549961153161095,0.017137969321978332,registered
712,1787909611.6533353,1787909611.6527338,345.9434761274308,-1454.0565238725692,-1836.5115710214516,-1453.960266246382,-1453.956506998793,-0.10001687377621238,-0.1182947121712914,0.17301831185269953,0.019013356385833628,registered
713,1787909611.6818335,1787909611.68107,343.26084392073767,-1456.7391560792623,-1839.1942032281447,-1456.6387100740376,-1456.5066148719284,-0.23254120733395212,-0.24135194157724982,0.13809055328300313,0.014609320568811673,registered
714,1787909611.7122433,1787909611.711514,340.5244908560694,-1459.4755091439306,-1841.930556292813,-1459.2949532752596,-1459.2463968209952,-0.22911232293540706,-0.2414562615720115,0.11705749884100936,0.011290414830409285,registered
715,1787909611.7389371,1787909611.7382,338.2526419385183,-1461.7473580614817,-1844.202405210364,-1461.8489686398693,-1461.6479838849002,-0.09937417658147751,-0.11175008073860226,0.13121611180707102,0.011112080347529951,registered
716,1787909611.7671204,1787909611.7664964,335.80822256431634,-1464.1917774356837,-1846.646824584566,-1464.3466272997075,-1464.1945085486825,0.0027311129988447647,-0.0201922995518089,0.13501683094036152,0.009871330813835065,registered
717,1787909611.7959862,1787909611.7953558,333.02197248463654,-1466.9780275153635,-1849.4330746642459,-1466.8403872227432,-1466.7916916393058,-0.18633587605768298,-0.17639986925360063,0.11750947410243452,0.008276991092579986,registered
718,1787909611.824683,1787909611.8236973,330.57074176769765,-1469.4292582323023,-1851.8843053811847,-1469.319809169196,-1469.3422715519966,-0.08698668030569934,-0.07765276955865374,0.09130283827035607,0.007343966286087083,registered
719,1787909611.8530152,1787909611.8522894,328.37182049431567,-1471.6281795056843,-1854.0832266545667,-1471.806167550153,-1471.9154020816338,0.2872225759494995,0.29532906559006733,0.10364066961826848,0.008692683254577043,registered
720,1787909611.881509,1787909611.8809123,325.66715093306266,-1474.3328490669373,-1856.7878962158197,-1474.3850782911034,-1474.4913004795733,0.15845141263594087,0.13851797372831243,0.10614776094942946,0.008772671997056539,registered
721,1787909611.912784,1787909611.9120173,322.88808310653326,-1477.1119168934667,-1859.5669640423491,-1477.0109976149984,-1477.2905808689748,0.17866397550801594,0.16869467812443872,0.16158384753812577,0.013601513642748588,registered
722,1787909611.9389756,1787909611.9382746,320.5613895228362,-1479.4386104771638,-1861.8936576260462,-1479.5918968295168,-1479.6535894273904,0.21497895022662306,0.19364644210395454,0.16564177381816084,0.014056955525981416,registered
723,1787909611.9674191,1787909611.966828,317.79022157515055,-1482.2097784248494,-1864.6648255737318,-1482.2226683132542,-1482.2232440293915,0.01346560454203427,0.010425188799445095,0.1596236480920452,0.013062507239475277,registered
724,1787909611.9962509,1787909611.995526,314.9300488417157,-1485.0699511582843,-1867.5249983071667,-1484.9249245924627,-1484.805901175512,-0.2640499827723488,-0.28323738253629926,0.1992581320337611,0.01529334699642491,registered
725,1787909612.0245183,1787909612.0236683,312.3558292483451,-1487.6441707516549,-1870.0992179005373,-1487.5382551268572,-1487.3385435850944,-0.30562716656049815,-0.33079957972131524,0.14126052580088352,0.009883416296390344,registered
726,1787909612.0531082,1787909612.052295,310.12429623605885,-1489.8757037639411,-1872.3307509128235,-1490.0746798213954,-1489.914785284529,0.03908152058784253,0.001026299112027118,0.19632564836285105,0.012669455182390973,registered
727,1787909612.0815454,1787909612.0809891,307.29313073273033,-1492.7068692672697,-1875.161916416152,-1492.6375048856469,-1492.4970991291545,-0.20977013811511824,-0.1988312468465665,0.1303234490757293,0.007945452176013399,registered
728,1787909612.1116269,1787909612.1108878,304.58963151469925,-1495.4103684853008,-1877.8654156341831,-1495.180178603766,-1495.1878104207942,-0.22255806450652926,-0.2185547636620413,0.15765496576538837,0.009338686510869611,registered
729,1787909612.1388943,1787909612.138143,302.5012915771324,-1497.4987084228676,-1879.95375557175,-1497.6837584448626,-1497.6406352328129,0.14192680994528928,0.16048045529987576,0.12582335159606678,0.007751474757832328,registered
730,1787909612.1739802,1787909612.173036,300.00078923648925,-1499.9992107635107,-1882.4542579123931,-1500.1947051811292,-1500.7808140066481,0.7816032431373969,0.7863457745152118,0.11452699600115987,0.0066778569803860235,registered
731,1787909612.1963315,1787909612.1956947,297.0662718635581,-1502.933728136442,-1885.3887752853243,-1502.8034809255314,-1502.8199605173143,-0.11376761912765687,-0.11684088090419209,0.1968222445115761,0.010037272360177244,registered
732,1787909612.2243147,1787909612.2237058,294.5040220206249,-1505.495977979375,-1887.9510251282575,-1505.3588473638333,-1505.3408019380095,-0.15517604136562113,-0.15889141333354928,0.06070196169643714,0.0033248791073773043,registered
733,1787909612.2532475,1787909612.2524278,292.25464742876784,-1507.7453525712322,-1890.2003997201145,-1507.8864755902146,-1507.9256261748164,0.18027360358428268,0.16374544845393757,0.15051759237843387,0.00873572756858243,registered
734,1787909612.2822597,1787909612.2815688,289.52777723719396,-1510.472222762806,-1892.9272699116884,-1510.5554774832926,-1510.548149207032,0.07592644422607009,0.05365539592435198,0.09241228591007605,0.005106291814262802,registered
735,1787909612.311411,1787909612.3101416,286.5804787536156,-1513.4195212463844,-1895.8745683952668,-1513.190233757423,-1513.119541772851,-0.29997947353331256,-0.3527648942479118,0.15156947317101327,0.007868394727357102,registered
736,1787909612.3392434,1787909612.3385646,284.43636821874,-1515.56363178126,-1898.0186789301424,-1515.714256347398,-1515.6774597549954,0.11382797373539688,0.07945714342690735,0.1477067516925314,0.008250116135878586,registered
737,1787909612.367677,1787909612.367007,281.90308255370246,-1518.0969174462975,-1900.55196459518,-1518.2677809791385,-1518.2371157009577,0.140198254660163,0.1363123668420485,0.09084421189214488,0.0054303888028447616,registered
738,1787909612.3965878,1787909612.3959198,278.7196150077941,-1521.2803849922059,-1903.7354321410883,-1520.8513871340679,-1520.8391050125097,-0.441279979696219,-0.4601486543433566,0.15119855132317925,0.00849802022896188,registered
739,1787909612.4248137,1787909612.4241529,276.62217433495766,-1523.3778256650423,-1905.8328728139247,-1523.3837483868965,-1523.3799222889393,0.002096623896932215,-0.007587130433876155,0.06442554612874482,0.003569416059225647,registered
740,1787909612.453336,1787909612.4525843,274.42089196157394,-1525.579108038426,-1908.0341551873084,-1525.9148273289777,-1525.9385912431037,0.3594832046776446,0.33065503996226653,0.15241024781602913,0.00877575795371872,registered
741,1787909612.4817991,1787909612.4811351,271.5127932103933,-1528.4872067896067,-1910.942253938489,-1528.5071664906177,-1528.508009825327,0.02080303572029152,0.030972926693721092,0.07231226462382506,0.0038950684620840136,registered
742,1787909612.5104814,1787909612.5095992,268.82893497844657,-1531.1710650215534,-1913.6261121704358,-1531.0359312598805,-1531.0696182985416,-0.10144672301180435,-0.10961044475902781,0.1362687417525548,0.00661408544017537,registered
743,1787909612.5390258,1787909612.5383308,266.3530671171509,-1533.6469328828491,-1916.1019800317315,-1533.5704470465505,-1533.655300789086,0.008367906236799172,-0.014881305866310868,0.13277869237076378,0.0067904587209361,registered
744,1787909612.567363,1787909612.566629,263.8215238864334,-1536.1784761135666,-1918.633523262449,-1536.2042379954964,-1536.2019756472723,0.023499533705717113,0.0037871559532050014,0.0917490748726321,0.005126203253286593,registered
745,1787909612.5962067,1787909612.5955186,261.2722753028763,-1538.7277246971237,-1921.182771846006,-1538.7986405590764,-1538.8018836935114,0.07415899638772316,0.05495200088103047,0.14701873536720564,0.008069471869933526,registered
746,1787909612.6245577,1787909612.6239154,258.6991449871057,-1541.3008550128943,-1923.7559021617767,-1541.3313004070483,-1541.3574414778782,0.05658646498386588,0.044549402726715925,0.07976692947064482,0.00419262723884093,registered
747,1787909612.653278,1787909612.6525636,255.97950935223025,-1544.0204906477697,-1926.4755377966521,-1543.8925433044374,-1543.9356142482216,-0.08487639954819315,-0.10825157086992476,0.14702348875916604,0.007811320025304975,registered
748,1787909612.681569,1787909612.6809654,253.5762129751722,-1546.4237870248278,-1928.8788341737102,-1546.486941986867,-1546.4916226158005,0.06783559097266334,0.053805355197710014,0.07184061985817318,0.0038615137460271238,registered
749,1787909612.7102883,1787909612.7095935,250.97047188865577,-1549.0295281113442,-1931.4845752602266,-1549.0810172909844,-1549.0679930532956,0.03846494195136074,0.023391854574811077,0.09377320916094342,0.005160487116497364,registered
750,1787909612.7386024,1787909612.7380648,248.32102913323342,-1551.6789708667666,-1934.134018015649,-1551.6604578538117,-1551.630245216813,-0.048725649953667016,-0.062533947907923,0.08554638722892828,0.004746849644250374,registered
751,1787909612.767417,1787909612.7668538,245.7519547400093,-1554.2480452599907,-1936.703092408873,-1554.2442899152086,-1554.2210986861242,-0.02694657386655308,-0.0504718977608718,0.08403852358240373,0.004645519152482679,registered
752,1787909612.796185,1787909612.7954912,243.14813625980196,-1556.851863740198,-1939.3069108890804,-1556.8056472858116,-1556.798305921013,-0.05355781918501634,-0.0784586928580211,0.11198608136687511,0.005818835572671233,registered
753,1787909612.824582,1787909612.8240051,240.6237264632673,-1559.3762735367327,-1941.831320685615,-1559.364405561239,-1559.3643987700048,-0.011874766727942188,-0.019720819959502478,0.06714628088552395,0.003317820953354634,registered
754,1787909612.8534057,1787909612.8527591,238.10381406219062,-1561.8961859378094,-1944.3512330866918,-1561.919431478901,-1561.9520981568314,0.05591221902204779,0.055088922832510434,0.12194183620568286,0.006058577018026158,registered
755,1787909612.88184,1787909612.8811247,235.4871956273371,-1564.512804372663,-1946.9678515215453,-1564.4549142451538,-1564.5048451602088,-0.007959212454125009,-0.018183748509045472,0.0909198959409195,0.004565543636810045,registered
756,1787909612.9106822,1787909612.9099634,233.05795110292252,-1566.9420488970775,-1949.3970960459599,-1567.0086885337696,-1567.1001615489536,0.15811265187608115,0.14457402323182578,0.10067063956707654,0.00489930567110177,registered
757,1787909612.939061,1787909612.9383698,230.47946458386855,-1569.5205354161315,-1951.9755825650138,-1569.5935442219484,-1569.6565775870579,0.13604217092643012,0.13659133035571358,0.1567884605539983,0.006564001931024878,registered
758,1787909612.9678628,1787909612.9671798,227.7357704147771,-1572.264229585223,-1954.7192767341053,-1572.1807783474794,-1572.249319214591,-0.014910370631923797,-0.02108094128357152,0.1836775018989182,0.006849406246336247,registered
759,1787909612.9961903,1787909612.9956186,225.27693605031732,-1574.7230639496827,-1957.178111098565,-1574.799223031984,-1574.8086533154017,0.08558936571898812,0.07594860667904868,0.19973256161968658,0.008925304999955933,registered
760,1787909613.0245087,1787909613.0237675,222.550609447826,-1577.449390552174,-1959.9044377010564,-1577.4301700695319,-1577.3418965026,-0.10749404957391562,-0.1120548768651588,0.1754876765439476,0.008891636957533958,registered
761,1787909613.0536206,1787909613.0529063,219.91286964231472,-1580.0871303576853,-1962.5421775065677,-1580.0616190997307,-1579.9642264277247,-0.12290392996055743,-0.12144060962077674,0.20816535098533107,0.009965676821631598,registered
762,1787909613.0819643,1787909613.0810733,217.44421129058833,-1582.5557887094117,-1965.010835858294,-1582.6128181975462,-1582.4991002970241,-0.05668841238752975,-0.056239504369614224,0.15608781963343402,0.006948312640064422,registered
763,1787909613.110441,1787909613.1097941,214.71240990603246,-1585.2875900939675,-1967.74263724285,-1585.135085365118,-1585.083817252114,-0.20377284185360622,-0.20688207457146746,0.15780373703975678,0.008393786229763247,registered
764,1787909613.1388943,1787909613.1382885,212.2720902260703,-1587.7279097739297,-1970.182956922812,-1587.646393981076,-1587.6481506809441,-0.07975909298556871,-0.08696674675411487,0.11088527170007079,0.007080810664937739,registered
765,1787909613.1676164,1787909613.1669571,209.91065065187217,-1590.0893493481278,-1972.5443964970102,-1590.1283488009021,-1590.2281686968226,0.13881934869482393,0.13530533633047526,0.11603907441755114,0.007804301810647155,registered
766,1787909613.1962345,1787909613.1954098,207.5355686271414,-1592.4644313728586,-1974.919478521741,-1592.6300180638118,-1592.7887472655523,0.3243158926936758,0.31197921499847325,0.14524422015998095,0.00983844603246754,registered
767,1787909613.2244563,1787909613.2237427,204.80996423394276,-1595.1900357660572,-1977.6450829149396,-1595.1682589691977,-1595.3385547498797,0.14851898382244144,0.13223355546938365,0.15578096270212674,0.010435289170951448,registered
768,1787909613.2536545,1787909613.2530293,202.28984816370962,-1597.7101518362904,-1980.1651989851728,-1597.7509895561325,-1597.9741876079315,0.2640357716411472,0.25531406163963766,0.1336777956218078,0.009845879972341534,registered
769,1787909613.282588,1787909613.2818792,199.6072239009677,-1600.3927760990323,-1982.8478232479147,-1600.3817314547573,-1600.5705124448177,0.1777363457854335,0.23209523971104318,0.1695029679840866,0.01356290919954259,registered
770,1787909613.3101828,1787909613.3095083,196.94872835240517,-1603.0512716475948,-1985.5063187964772,-1603.0467647850573,-1603.0569808033363,0.005709155741442373,0.03836445792808263,0.19712273947275116,0.015912545903675995,registered
771,1787909613.3396742,1787909613.3387868,194.24960537954803,-1605.750394620452,-1988.2054417693344,-1605.7598086354903,-1605.6918841457116,-0.05851047474038751,-0.06124604656884003,0.191546955963705,0.01598449947421726,registered
772,1787909613.3675234,1787909613.3668337,191.54780049289366,-1608.4521995071063,-1990.9072466559887,-1608.3982390079782,-1608.2159440179216,-0.23625548918471395,-0.2645288480848649,0.1728322443997438,0.012676079978877952,registered
773,1787909613.3962007,1787909613.3954499,189.08930073072315,-1610.9106992692768,-1993.3657464181592,-1610.992527689723,-1610.791241638245,-0.11945763103176432,-0.12419147549576337,0.17671416587846486,0.011647104124913701,registered
774,1787909613.424533,1787909613.4238586,186.35636132071932,-1613.6436386792807,-1996.098685828163,-1613.5442990232123,-1613.3478722397836,-0.2957664394971289,-0.3098134254667002,0.1290831258463112,0.009770430465462393,registered
775,1787909613.4533527,1787909613.4526725,183.72449826469756,-1616.2755017353024,-1998.7305488841848,-1616.061086274776,-1615.9409571688116,-0.3345445664908766,-0.3412788916507452,0.1098841020774553,0.008737712043965418,registered
776,1787909613.4821527,1787909613.4814932,181.63623097834352,-1618.3637690216565,-2000.8188161705389,-1618.523811291798,-1618.5346643317991,0.17089531014266868,0.16618033701001877,0.11438988393409438,0.008334792746440346,registered
777,1787909613.5104718,1787909613.5098038,179.10805150395436,-1620.8919484960456,-2003.346995644928,-1620.9735467259234,-1621.082454919844,0.19050642379829696,0.1825411382162656,0.10590272236033844,0.006889968117465841,registered
778,1787909613.5418437,1787909613.5410044,176.46239008398584,-1623.5376099160142,-2005.9926570648965,-1623.4729170979767,-1623.8903393029611,0.35272938694697586,0.3475315604100615,0.14811719454715602,0.009600317043927295,registered
779,1787909613.5674908,1787909613.5668304,174.02373983326402,-1625.976260166736,-2008.4313073156184,-1625.985198177012,-1626.21453333611,0.238273169373997,0.23379745042689137,0.12352726493792046,0.009166866054336231,registered
780,1787909613.5960736,1787909613.5954688,171.53988017667643,-1628.4601198233236,-2010.915166972206,-1628.5657041551694,-1628.7918263963725,0.33170657304890483,0.3313238583959901,0.13446884680251686,0.012047059667499065,registered
781,1787909613.625127,1787909613.6243045,168.79290960891694,-1631.207090391083,-2013.6621375399654,-1631.2546541417203,-1631.3868853089962,0.17979491791311375,0.1616211884331733,0.13776554888630224,0.01304900220877091,registered
782,1787909613.6534474,1787909613.6528308,165.99540079066855,-1634.0045992093314,-2016.4596463582138,-1633.956275924839,-1633.9540938878463,-0.0505053214851614,-0.07032851022381692,0.1718235418809079,0.016007881425083022,registered
783,1787909613.6817665,1787909613.6810508,163.38814649063715,-1636.6118535093628,-2019.0669006582452,-1636.6719689437778,-1636.4937310653872,-0.1181224439756079,-0.1381541794576151,0.14958293866611536,0.014301704480291427,registered
784,1787909613.7103932,1787909613.7097666,160.6693465241367,-1639.3306534758633,-2021.7857006247457,-1639.319914236861,-1639.077997437265,-0.2526560385983885,-0.2695303798129771,0.1606372724399312,0.014130589151651593,registered
785,1787909613.738929,1787909613.7383106,157.90065315387096,-1642.099346846129,-2024.5543939950114,-1641.939846141921,-1641.6467937855289,-0.45255306060016665,-0.4620676325473596,0.18896891966632332,0.013459608460319695,registered
786,1787909613.767477,1787909613.76689,155.365827140364,-1644.634172859636,-2027.0892200085184,-1644.4774684258105,-1644.218787128964,-0.41538573067191464,-0.43675219483020555,0.12749377992292335,0.009608204981055125,registered
787,1787909613.7961013,1787909613.7954397,153.0476608097963,-1646.9523391902037,-2029.407386339086,-1646.9514291925384,-1646.7880984294702,-0.1642407607334917,-0.1830460120859243,0.15468152159523105,0.01217554009555148,registered
788,1787909613.8253312,1787909613.8246145,150.84338900931084,-1649.1566109906892,-2031.6116581395715,-1649.4130573742782,-1649.413668262453,0.2570572717638697,0.24249368120581494,0.09068000477539799,0.006300846168420865,registered
789,1787909613.8531928,1787909613.852565,147.98830090941942,-1652.0116990905806,-2034.466746239463,-1651.9032986551506,-1651.9290597719169,-0.08263931866372332,-0.09884858386544693,0.19225436344167615,0.011454472704612714,registered
790,1787909613.8817148,1787909613.8811238,145.63553823967163,-1654.3644617603284,-2036.8195089092108,-1654.4290895441882,-1654.4991864134736,0.13472465314521287,0.1162002787784786,0.13331646506350353,0.00774472364085053,registered
791,1787909613.9103394,1787909613.9097528,143.08686349648474,-1656.9131365035153,-2039.3681836523976,-1657.036667206109,-1657.0756426763423,0.16250617282707935,0.16061585033003212,0.16831491571325422,0.010828549529256078,registered
792,1787909613.9407961,1787909613.9395306,140.3103476010001,-1659.689652399,-2042.1446995478823,-1659.7227454775903,-1659.7554756018624,0.06582320286247523,0.05899613333781417,0.17959066064354715,0.012399077190657188,registered
793,1787909613.9732242,1787909613.9711134,137.49091491965237,-1662.5090850803476,-2044.96413222923,-1662.388898882599,-1662.5977545034998,0.08866942315216875,0.10187568358401222,0.19646428221116852,0.012459645267369895,registered
794,1787909613.9998775,1787909613.9985497,134.97681379045798,-1665.023186209542,-2047.4782333584244,-1664.961713322361,-1665.0668646801826,0.04367847064054331,0.062368172117658105,0.21356738794714178,0.012561576549678299,registered
795,1787909614.0294406,1787909614.0277622,132.33115391462843,-1667.6688460853716,-2050.123893234254,-1667.5992012474737,-1667.6958246154272,0.026978530055657757,0.03845606157392467,0.1964688634404776,0.009990682997862835,registered
796,1787909614.0559437,1787909614.054713,129.7863851134648,-1670.2136148865352,-2052.6686620354176,-1670.1485992058801,-1670.1212496768844,-0.09236520965077943,-0.08414758097478625,0.2499593679770667,0.011176643622975522,registered
797,1787909614.0829415,1787909614.0819457,127.48535037827878,-1672.5146496217212,-2054.9696967706036,-1672.6678182972041,-1672.572036136277,0.057386514555673784,0.06667861589949098,0.1889797942044213,0.008199022085223906,registered
798,1787909614.1146429,1787909614.1132631,124.91553587564749,-1675.0844641243525,-2057.539511273235,-1675.1982869713038,-1675.3904341276757,0.305970003323182,0.32807538548877346,0.2539135145750157,0.010683355893136955,registered
799,1787909614.1443138,1787909614.1424289,122.10550074465255,-1677.8944992553475,-2060.34954640423,-1677.7269024264103,-1678.0151886196077,0.12068936426021537,0.15622933116492277,0.2094232140200908,0.008956321575432314,registered
800,1787909614.173228,1787909614.171537,119.85532837686924,-1680.1446716231308,-2062.599718772013,-1680.2617363414204,-1680.63475067643,0.4900790532992687,0.5167295436281165,0.19418107538894444,0.008447322946937457,registered
801,1787909614.197068,1787909614.1961858,117.06950303169651,-1682.9304969683035,-2065.385544117186,-1682.8425270594794,-1682.8530147420593,-0.07748222624422851,-0.09232215234760588,0.22182809948369656,0.009270300819119207,registered
802,1787909614.231589,1787909614.2281213,114.5629519730428,-1685.4370480269572,-2067.8920951758396,-1685.4073236961901,-1685.727027575631,0.28997954867372755,0.32374456149318576,0.11178589572019013,0.00488742083151124,registered
803,1787909614.2583725,1787909614.257027,112.17420525503985,-1687.8257947449601,-2070.2808418938425,-1687.926735299916,-1688.32837319688,0.5025784519198169,0.5142261285814129,0.20966247578437763,0.01039999482573245,registered
804,1787909614.285702,1787909614.2842512,109.44505437718135,-1690.5549456228187,-2073.009992771701,-1690.478947982892,-1690.7784086842526,0.22346306143390393,0.20443894728396117,0.12604008021389734,0.006434397291019609,registered
805,1787909614.3135693,1787909614.312708,106.89741547601989,-1693.10258452398,-2075.5576316728625,-1693.0725913583565,-1693.3393520108207,0.23676748684056292,0.25035682384032043,0.19405828716746876,0.008830726976226675,registered
806,1787909614.3435087,1787909614.33989,104.55739281764772,-1695.4426071823523,-2077.8976543312347,-1695.57961441195,-1695.7855897254058,0.34298254305349474,0.33583533495902884,0.19760398650502808,0.009409688721734387,registered
807,1787909614.3679464,1787909614.3671865,101.83207099196716,-1698.1679290080328,-2080.6229761569152,-1698.1468273583082,-1698.242126484838,0.0741974768052387,0.07231081664440353,0.1458143712127735,0.008685537869265769,registered
808,1787909614.3962948,1787909614.3956065,99.08617245768028,-1700.9138275423197,-2083.368874691202,-1700.7560885434282,-1700.799765534518,-0.11406200780174913,-0.1082326063524306,0.16241428987672843,0.009777900844214782,registered
809,1787909614.4251292,1787909614.4243004,96.7706442760832,-1703.2293557239168,-2085.684402872799,-1703.2956020217252,-1703.3820579228,0.15270219888316205,0.14577448234649637,0.0698309619621559,0.003800598941076453,registered
810,1787909614.4534485,1787909614.4528291,94.3050354072825,-1705.6949645927175,-2088.1500117416,-1705.8375145673203,-1705.949481065084,0.2545164723665039,0.2377390056326476,0.1859069207337413,0.010780279583756465,registered
811,1787909614.4826713,1787909614.48195,91.3910337517359,-1708.608966248264,-2091.0640133971465,-1708.4541544761073,-1708.5702017644517,-0.03876448381242881,-0.03557456001544779,0.06957988894068691,0.0046087400654585085,registered
812,1787909614.5110116,1787909614.5101116,88.88954698798807,-1711.110453012012,-2093.5655001608943,-1711.0670705608,-1711.104582137852,-0.005870874159882078,0.016685883165791893,0.11783438595458245,0.007274044326474864,registered
813,1787909614.5414932,1787909614.5404055,86.62774313957561,-1713.3722568604244,-2095.8273040093068,-1713.5762006252357,-1713.8308680469004,0.4586111864759914,0.46250561590659345,0.156436390522974,0.009154798064070756,registered
814,1787909614.5681927,1787909614.5675414,83.8062810353199,-1716.19371896468,-2098.6487661135625,-1716.2216349910345,-1716.2729432308597,0.0792242661796081,0.09484061312878111,0.1038226254741276,0.006972592799338541,registered
815,1787909614.5963433,1787909614.5956435,80.90403961228276,-1719.0959603877172,-2101.5510075365996,-1718.8031395230505,-1718.8019809747461,-0.29397941297111174,-0.31339909389816967,0.14047705605308883,0.00927647526903213,registered
816,1787909614.6250253,1787909614.624228,78.64707596473727,-1721.3529240352627,-2103.807971184145,-1721.3476824426348,-1721.374424901393,0.021500866130281793,0.015074745616857399,0.10096717327721588,0.005905577269991701,registered
817,1787909614.6535597,1787909614.652881,76.48699491946172,-1723.5130050805383,-2105.9680522294207,-1723.9199275522028,-1723.9530267986052,0.4400217180668733,0.42388423162037725,0.18962826101719846,0.011267029372198256,registered
818,1787909614.6835628,1787909614.6828308,73.08272967704261,-1726.9172703229574,-2109.37231747184,-1726.5181484337772,-1726.6483512040827,-0.2689191188746918,-0.26537577951830826,0.11219517756436032,0.007628753210362238,registered
819,1787909614.7137086,1787909614.7119908,71.10880865393847,-1728.8911913460615,-2111.346238494944,-1729.0502627319188,-1729.2725907437725,0.38139939771099307,0.395883197477815,0.13521128215351347,0.008782230215631268,registered
820,1787909614.742109,1787909614.740768,68.3972993113407,-1731.6027006886593,-2114.0577478375417,-1731.5838897527524,-1731.8623713959123,0.259670707253008,0.2803654474278119,0.13171096189173137,0.0074816557659201,registered
821,1787909614.7686396,1787909614.7678828,65.829079142095,-1734.170920857905,-2116.6259680067874,-1734.217449888214,-1734.3025584216498,0.13163756374478908,0.12250850612008435,0.07441622652725793,0.0043106485359145,registered
822,1787909614.7965045,1787909614.7956643,63.11741433956013,-1736.8825856604399,-2119.3376328093223,-1736.8507389279423,-1736.8027373836208,-0.07984827681912066,-0.09825324617395381,0.133673735953771,0.007766409225633622,registered
823,1787909614.8248239,1787909614.8240802,60.68693733615919,-1739.3130626638408,-2121.768109812723,-1739.3621113567967,-1739.3600116754624,0.04694901162156384,0.022927023483589437,0.07563684113624339,0.003913073060739091,registered
824,1787909614.8537478,1787909614.8529692,58.064124336572604,-1741.9358756634274,-2124.39092281231,-1741.9359640348753,-1741.9598553526712,0.023979689243788016,0.01104233538490007,0.1472077018628403,0.007709544039638451,registered
825,1787909614.883235,1787909614.8824348,55.304145849087035,-1744.695854150913,-2127.1509012997954,-1744.5122471240747,-1744.6116019246397,-0.08425222627329276,-0.11081805062622152,0.09275829375341348,0.005574103815986693,registered
826,1787909614.910853,1787909614.9101048,52.90287706849858,-1747.0971229315014,-2129.552170080384,-1747.0696249940315,-1747.101739317885,0.00461638638353179,-0.00456022903063058,0.10780832554807868,0.0061480283774032005,registered
827,1787909614.941756,1787909614.9409113,50.6141426091026,-1749.3858573908974,-2131.84090453978,-1749.6066284095286,-1749.8741563653107,0.48829897441328285,0.49194776002104845,0.15281355428023483,0.007268233227675237,registered
828,1787909614.9677732,1787909614.9670277,47.962806163201094,-1752.037193836799,-2134.4922409856813,-1752.1634440655967,-1752.2244842247587,0.18729038795981978,0.18604845526624558,0.13235752748158955,0.006866154465663802,registered
829,1787909614.996764,1787909614.9958982,44.936453511465515,-1755.0635464885345,-2137.518593637417,-1754.7516449028494,-1754.822675763523,-0.24087072501151852,-0.2548392063990832,0.17588618221420127,0.011106588567669119,registered
830,1787909615.0254095,1787909615.0246873,42.80395421774574,-1757.1960457822543,-2139.6510929311366,-1757.2909537929936,-1757.4135292328342,0.2174834505799481,0.2007474224769794,0.17100471915821286,0.010776334846062139,registered
831,1787909615.0537467,1787909615.0531065,40.14150782504794,-1759.858492174952,-2142.3135393238344,-1759.9269318736965,-1759.9711039134836,0.11261173853154105,0.1055813753705479,0.18141937211610723,0.011094797238632124,registered
832,1787909615.0822022,1787909615.081456,37.462377051482235,-1762.5376229485178,-2144.9926700974,-1762.5685360579696,-1762.5223918855077,-0.015231063010105572,-0.012460471272788709,0.1306455310383851,0.007877563770768013,registered
833,1787909615.1106932,1787909615.1100779,34.762394877634506,-1765.2376051223655,-2147.692652271248,-1765.1213816046302,-1765.0982044580737,-0.13940066429177023,-0.1393650253658052,0.13269136646513877,0.00781838291753447,registered
834,1787909615.1400719,1787909615.139321,32.519704152765826,-1767.4802958472342,-2149.9353429961166,-1767.6432329170634,-1767.7299322616213,0.24963641438716877,0.2425016136121485,0.1707441258912468,0.00990200249868212,registered
835,1787909615.1679027,1787909615.1671886,29.518864624785238,-1770.4811353752148,-2152.936182524097,-1770.216500313411,-1770.2378569635707,-0.24327841164404163,-0.24991832261321179,0.09858744900636633,0.006756623068379947,registered
836,1787909615.1964958,1787909615.195773,27.2434522290946,-1772.7565477709054,-2155.211594919788,-1772.7223502390252,-1772.8102794338747,0.05373166296931231,0.049121467280201614,0.13487097841323878,0.01057209910217904,registered
837,1787909615.2252614,1787909615.2245018,24.89152696214569,-1775.1084730378543,-2157.5635201867367,-1775.2503983494648,-1775.395725904641,0.28725286678673,0.28774962935540316,0.10796783280547238,0.009313981333547236,registered
838,1787909615.2540364,1787909615.2532787,22.21841829825189,-1777.781581701748,-2160.2366288506305,-1777.8363865893905,-1777.9854851004375,0.2039033986893628,0.1946695415299473,0.1517754463587432,0.01416658296562906,registered
839,1787909615.2825475,1787909615.2815707,19.624199067915015,-1780.375800932085,-2162.8308480809674,-1780.4972627909751,-1780.5316020936943,0.15580116160936086,0.1369414866144325,0.19424761556914513,0.017971895449285475,registered
840,1787909615.3115914,1787909615.3106852,16.921870407336883,-1783.0781295926631,-2165.5331767415455,-1783.1385539714342,-1783.1517434717894,0.07361387912624195,0.07355904333053331,0.17819425369584954,0.01666597148568655,registered
841,1787909615.3424754,1787909615.3412936,14.092581177310421,-1785.9074188226896,-2168.362465971572,-1785.8021450407148,-1785.9063302978234,-0.0010885248661907099,-0.0021507148321688874,0.21521151827353419,0.01943332494196577,registered
842,1787909615.367791,1787909615.3670752,11.386494498005504,-1788.6135055019945,-2171.068552650877,-1788.45319006109,-1788.226533451094,-0.3869720509005674,-0.38764538566692863,0.14944459695337192,0.011881377989241224,registered
843,1787909615.3974042,1787909615.396467,8.849736427328025,-1791.150263572672,-2173.6053107215544,-1791.0623660547499,-1790.8716285565993,-0.27863501607271246,-0.28640680084299674,0.15110267372195096,0.011653917632745482,registered
844,1787909615.4250736,1787909615.424173,6.441468978453031,-1793.558531021547,-2176.0135781704294,-1793.6124977582742,-1793.365027314046,-0.19350370750089496,-0.20047614698114558,0.11718366065619151,0.008532698323649111,registered
845,1787909615.4537287,1787909615.4530187,4.125983251366506,-1795.8740167486335,-2178.329063897516,-1796.0876381928647,-1795.9609659367502,0.08694918811670505,0.08213027849069476,0.18020551118577147,0.01259792151447639,registered
846,1787909615.4824471,1787909615.481677,1.316458342077567,-1798.6835416579224,-2181.138588806805,-1798.5357630006367,-1798.5400613298611,-0.14348032806128685,-0.14168740086870457,0.0961535788723113,0.007704080819558725,registered
847,1787909615.5109425,1787909615.5100734,358.8824606697531,-1801.117539330247,-2183.5725864791293,-1800.9839811305703,-1801.095576201541,-0.0219631287059201,-0.019454950737781473,0.1276860701271284,0.011206368224812342,registered
848,1787909615.540179,1787909615.539362,356.5887444720852,-1803.4112555279148,-2185.866302676797,-1803.4960305703476,-1803.7313807103405,0.32012518242572696,0.31177112282466624,0.10262105559776623,0.009708232635721889,registered
849,1787909615.5682933,1787909615.5671895,354.0428523637888,-1805.9571476362112,-2188.4121947850936,-1806.0641407274616,-1806.235700746594,0.2785531103827452,0.27350580395977886,0.1119391852970082,0.011211668457769086,registered
850,1787909615.5967398,1787909615.5959017,351.35941307281064,-1808.6405869271894,-2191.0956340760717,-1808.7161599955546,-1808.81964527332,0.17905834613065963,0.1741626497901052,0.15062321135458426,0.015629539783295142,registered
851,1787909615.6250305,1787909615.6242008,348.7626469372285,-1811.2373530627715,-2193.692400211654,-1811.3455541628568,-1811.3664059568805,0.12905289410900878,0.12351384542489541,0.16492842210727013,0.018245477173870914,registered
852,1787909615.6535707,1787909615.652887,345.89416825178296,-1814.105831748217,-2196.5608788970994,-1813.9919629605824,-1813.9480117421726,-0.15782000604440327,-0.16004197201391435,0.17149463562663686,0.018833260935845603,registered
853,1787909615.6823041,1787909615.681539,343.22463186454524,-1816.7753681354548,-2199.230415284337,-1816.6730937100297,-1816.526527814011,-0.24884032144382218,-0.24965470705501502,0.12204612244868603,0.012903491145950857,registered
854,1787909615.7112775,1787909615.7105894,340.50050316826855,-1819.4994968317314,-2201.954543980614,-1819.3257036454136,-1819.1408974357228,-0.3585993960086853,-0.3564654875422093,0.11429972424822335,0.01101098280772616,registered
855,1787909615.7439995,1787909615.7428756,338.27035135711594,-1821.729648642884,-2204.1846957917664,-1821.8783985621562,-1822.0464725504817,0.3168239075976089,0.3298615425042044,0.12548519524831908,0.01063808730052902,registered
856,1787909615.7679856,1787909615.7672818,335.74403501111465,-1824.2559649888854,-2206.7110121377677,-1824.3854415847181,-1824.2428940584982,-0.01307093038712992,-0.01251761840103427,0.1353082486900428,0.009857881956193481,registered
857,1787909615.8016315,1787909615.8008335,332.9279477621426,-1827.0720522378574,-2209.52709938674,-1826.8842270172472,-1827.2623594441898,0.19030720633236342,0.1666608156106122,0.13014259529659558,0.009203534570639046,registered
858,1787909615.824982,1787909615.8243108,330.563134304723,-1829.436865695277,-2211.8919128441594,-1829.37336615105,-1829.3751870381984,-0.06167865707857345,-0.06963216567692143,0.10157964443427885,0.008173290805830557,registered
859,1787909615.8537676,1787909615.8530343,328.3342408247004,-1831.6657591752996,-2214.120806324182,-1831.8593640952215,-1831.960140013066,0.29438083776631174,0.28826902878245164,0.10253717485143816,0.008599508477156924,registered
860,1787909615.8951664,1787909615.8942876,325.5560524160601,-1834.44394758394,-2216.8989947328223,-1834.4450818508537,-1835.6727096606141,1.2287620766742293,1.2740518856776362,0.09891762447062032,0.008175633497705653,registered
861,1787909615.9109058,1787909615.9101636,322.85579894672674,-1837.1442010532733,-2219.5992482021556,-1837.0631574724775,-1837.1014661133509,-0.042734939922411286,-0.012203940984818473,0.1413089872072026,0.011898032196085404,registered
862,1787909615.941292,1787909615.9404037,320.51283584029943,-1839.4871641597006,-2221.942211308583,-1839.6459158951789,-1839.822902888784,0.3357387290834595,0.33643974165806867,0.15703941814087907,0.013324589188167339,registered
863,1787909615.9683037,1787909615.9674647,317.76685619474983,-1842.2331438052502,-2224.6881909541326,-1842.2766882873523,-1842.2582407809064,0.025096975656197174,0.021278545641052915,0.19128618316657633,0.015646120071605107,registered
864,1787909615.9965367,1787909615.995794,314.83677525208486,-1845.1632247479151,-2227.6182718967975,-1844.9611819027043,-1844.807726420082,-0.3554983278331747,-0.3547220732802998,0.18422563817236756,0.014104237973859233,registered
865,1787909616.0270631,1787909616.0261164,312.3250021518211,-1847.674997848179,-2230.1300449970613,-1847.5739039570426,-1847.536565633999,-0.13843221417982932,-0.1374943412151879,0.15088599103719252,0.010542907704143133,registered
866,1787909616.0541492,1787909616.0533807,310.0863966430693,-1849.9136033569307,-2232.368650505813,-1850.1181560516734,-1849.9902057870677,0.07660243013697254,0.07266790906396636,0.19704006843548622,0.01270356443165158,registered
867,1787909616.0824113,1787909616.0816998,307.2942999961674,-1852.7057000038326,-2235.160747152715,-1852.6953003783435,-1852.5387688034762,-0.16693120035643005,-0.16868677281490818,0.13809812588418086,0.008419671740523542,registered
868,1787909616.1109111,1787909616.1101124,304.54010764400164,-1855.4598923559984,-2237.9149395048807,-1855.2372045916359,-1855.0957427065096,-0.3641496494888088,-0.366941714744371,0.17036988322828706,0.010098094483880587,registered
869,1787909616.1402347,1787909616.1394398,302.37000834712126,-1857.6299916528787,-2240.085038801761,-1857.7451504008718,-1857.7350445992884,0.10505294640961438,0.11100834932449288,0.14119646565186128,0.008709990963905153,registered
870,1787909616.1681395,1787909616.167418,299.95111381730294,-1860.048886182697,-2242.5039333315794,-1860.2562400497004,-1860.25292504459,0.20403886189296827,0.1808189567232148,0.10695177904649131,0.006219154695442098,registered
871,1787909616.1972728,1787909616.1963048,296.96648256495155,-1863.0335174350485,-2245.488564583931,-1862.8524589425647,-1862.8525756147078,-0.18094182034064943,-0.1909037172531498,0.1985002240661869,0.010119968508313044,registered
872,1787909616.2254143,1787909616.2245684,294.52399233740016,-1865.4760076625998,-2247.931054811482,-1865.4137640437852,-1865.3961393030968,-0.07986835950305249,-0.07894589741408709,0.07168521138157004,0.003923365213592518,registered
873,1787909616.254312,1787909616.2534702,292.1857190433311,-1867.8142809566689,-2250.2693281055513,-1867.9220382951603,-1867.997141622851,0.18286066618202312,0.17797523363969958,0.16269564522545996,0.009446582426651409,registered
874,1787909616.2825286,1787909616.28162,289.56073780983616,-1870.4392621901638,-2252.8943093390462,-1870.585380884345,-1870.5304706354232,0.09120844525932625,0.09431247871316373,0.09477683791748225,0.005243297587319498,registered
875,1787909616.3118768,1787909616.3109093,286.5419226871759,-1873.4580773128241,-2255.9131244617065,-1873.2127458526784,-1873.1663395132528,-0.29173779957136503,-0.2643396389062218,0.17629350341950464,0.009156830797315356,registered
876,1787909616.34017,1787909616.3392348,284.3285796262039,-1875.671420373796,-2258.1264675226785,-1875.7286691736917,-1875.7154818509339,0.044061477137802285,0.029347974569191138,0.16578385511429525,0.009302264567474123,registered
877,1787909616.3683,1787909616.3675935,281.9330872571468,-1878.0669127428532,-2260.5219598917356,-1878.2978618456814,-1878.2676066203517,0.2006938774984519,0.19845182365043001,0.07917610245288265,0.004732306450488485,registered
878,1787909616.3965633,1787909616.3959463,278.6630893058673,-1881.3369106941327,-2263.791957843015,-1880.8993683712242,-1880.819194981184,-0.5177157129487568,-0.5450542685302935,0.14833351602993297,0.008325202480824828,registered
879,1787909616.4250016,1787909616.4242723,276.6603343081342,-1883.3396656918658,-2265.794712840748,-1883.4407545509534,-1883.3683802315518,0.0287145396860069,-0.024414293603513215,0.05482326651303022,0.0030358847311220687,registered
880,1787909616.4536023,1787909616.4528944,274.3342287792816,-1885.6657712207184,-2268.120818369601,-1885.9606029316242,-1885.9442142604612,0.2784430397427968,0.29751937721539434,0.14013556831043306,0.008074242824085478,registered
881,1787909616.482179,1787909616.4815679,271.3984592701804,-1888.6015407298196,-2271.056587878702,-1888.5376486275659,-1888.524661403208,-0.07687932661156083,-0.08470659260501634,0.09745529312764845,0.005219947114612867,registered
882,1787909616.510774,1787909616.5100598,268.7459953124353,-1891.2540046875647,-2273.709051836447,-1891.0522517917584,-1891.0887802686038,-0.16522441896086093,-0.18353375269452954,0.13555746325065815,0.006574414333048982,registered
883,1787909616.5400245,1787909616.5393343,266.44101915558895,-1893.558980844411,-2276.0140279932934,-1893.5800629617092,-1893.7233188531409,0.1643380087298283,0.1335954432561266,0.1488666490412351,0.0075852581293381315,registered
884,1787909616.567716,1787909616.567125,263.8457249458211,-1896.154275054179,-2278.6093222030613,-1896.2196522669842,-1896.224334612506,0.07005955832710242,0.05178116272054467,0.08156977263008265,0.004555596938845107,registered
885,1787909616.5964904,1787909616.5957694,261.3202979119974,-1898.6797020880026,-2281.134749236885,-1898.7811626971682,-1898.8021640813545,0.12246199335186247,0.09904327259619095,0.1481859060328009,0.008142722847672564,registered
886,1787909616.6253035,1787909616.6245522,258.7134937784399,-1901.28650622156,-2283.7415533704425,-1901.3126790144881,-1901.3924596857364,0.10595346417630935,0.09130660607752361,0.07792018221965324,0.00409573464816202,registered
887,1787909616.6548123,1787909616.654086,255.85245890146234,-1904.1475410985377,-2286.60258824742,-1903.8887254385136,-1904.0503427719264,-0.09719832661130567,-0.08246805556927939,0.13739941318092658,0.007303731124473263,registered
888,1787909616.6822195,1787909616.6814716,253.59000497491434,-1906.4099950250857,-2288.865042173968,-1906.5045382912404,-1906.5148827474582,0.10488772237249577,0.10083921406339869,0.06683717278151678,0.0035921732983039668,registered
889,1787909616.7108245,1787909616.7101657,251.0483942196288,-1908.9516057803712,-2291.4066529292536,-1909.101768081653,-1909.097196592084,0.14559081171273647,0.14077123003244196,0.10806727465350151,0.0059441550185528255,registered
890,1787909616.740309,1787909616.7394671,248.2395313339548,-1911.7604686660452,-2294.2155158149276,-1911.6845464839216,-1911.7341597434283,-0.02630892261686313,-0.042611296832092194,0.09403513196582146,0.005218933649644356,registered
891,1787909616.767919,1787909616.7671895,245.7299048598893,-1914.2700951401107,-2296.725142288993,-1914.2701563343503,-1914.2290175322287,-0.04107760788201631,-0.06048079482616231,0.07620601154245746,0.004211523970879431,registered
892,1787909616.7967076,1787909616.795929,243.12498524765715,-1916.8750147523428,-2299.3300619012252,-1916.8274719001843,-1916.815408082106,-0.059606670236917125,-0.06226544918581567,0.1238179240724355,0.006429081745079364,registered
893,1787909616.8251858,1787909616.8243573,240.5682330204727,-1919.4317669795273,-2301.8868141284097,-1919.420080730717,-1919.3737981038057,-0.057968875721599034,-0.07013742315257332,0.061662694501703835,0.003045968143017565,registered
894,1787909616.854015,1787909616.8532584,238.0631527650794,-1921.9368472349206,-2304.391894383803,-1921.9832254074004,-1921.9747360545298,0.037888819609179336,0.006163659432786517,0.136547314403704,0.006785701042646331,registered
895,1787909616.8821697,1787909616.8815234,235.4074921384372,-1924.5925078615628,-2307.047555010445,-1924.5057126937468,-1924.5184284809793,-0.07407938058349828,-0.09364875445726284,0.0961820717073847,0.00482985554546502,registered
896,1787909616.910941,1787909616.9102476,233.0116110078111,-1926.988388992189,-2309.4434361410713,-1927.06026357021,-1927.1034458248769,0.11505683268796929,0.0889499803538456,0.11842438804093948,0.005754567426435187,registered
897,1787909616.9390368,1787909616.938436,230.3839705596838,-1929.6160294403162,-2312.0710765891986,-1929.6479551197772,-1929.640250765085,0.02422132476885963,0.01503651977827758,0.14231339418511632,0.005913897176521165,registered
898,1787909616.9679472,1787909616.9672806,227.74368681128408,-1932.256313188716,-2314.7113603375983,-1932.2217555718034,-1932.2361035624158,-0.020209626300129457,-0.024326432097041106,0.16399362316909902,0.006113993531034424,registered
899,1787909616.9963894,1787909616.99582,225.24799001949714,-1934.7520099805029,-2317.2070571293852,-1934.8343426365013,-1934.8044922401546,0.05248225965169695,0.03022803179874245,0.20931511241288456,0.00937574484932155,registered
900,1787909617.0254216,1787909617.0247319,222.51664573263542,-1937.4833542673646,-2319.938401416247,-1937.458496246122,-1937.4063957263324,-0.07695854103212696,-0.08595018761388928,0.1752574901374671,0.008881831177414676,registered
901,1787909617.0536804,1787909617.0530715,219.84592128748,-1940.15407871252,-2322.6091258614024,-1940.093426121745,-1939.956803988276,-0.19727472424392545,-0.19342173593395273,0.21308904326086556,0.010173349989479259,registered
902,1787909617.0831244,1787909617.082422,217.4599573791852,-1942.5400426208148,-2324.995089769697,-1942.6547612694408,-1942.5981871463673,0.05814452555250682,0.07282593031823126,0.1486484627107948,0.00661658332241983,registered
903,1787909617.110932,1787909617.11028,214.64604065414414,-1945.3539593458559,-2327.8090064947382,-1945.185840033253,-1945.10525359458,-0.24870575127579286,-0.24522358252443155,0.15814453074003115,0.008466261669659643,registered
904,1787909617.1392572,1787909617.1386478,212.2136632931547,-1947.7863367068453,-2330.2413838557277,-1947.6928691711612,-1947.6581937050482,-0.1281430017970706,-0.1419498297523205,0.11966839393091355,0.007661085700983574,registered
905,1787909617.1680164,1787909617.167351,209.84151677361615,-1950.1584832263839,-2332.6135303752662,-1950.1788422004845,-1950.2413228907244,0.08283966434055401,0.07266059414268966,0.11540754098042433,0.007766195621473503,registered
906,1787909617.196702,1787909617.1960034,207.46734369443902,-1952.532656305561,-2334.9877034544434,-1952.680716350879,-1952.8198818752494,0.2872255696884167,0.2857696599648989,0.13271815620312466,0.008987681687502361,registered
907,1787909617.225207,1787909617.224437,204.82109862530297,-1955.178901374697,-2337.6339485235794,-1955.2131224676903,-1955.3787439365046,0.19984256180759985,0.19619488175885635,0.1644268912187196,0.011013204448950997,registered
908,1787909617.2535381,1787909617.252914,202.23291562673376,-1957.7670843732662,-2340.2221315221486,-1957.797395368465,-1957.9415110522646,0.17442667899831577,0.17892124458239778,0.13233835043369524,0.009775997247861243,registered
909,1787909617.2832494,1787909617.2822437,199.53785536731039,-1960.4621446326896,-2342.917191781572,-1960.4288937086674,-1960.5810275084773,0.11888287578767631,0.0947471564800253,0.159483970793107,0.012765585598022256,registered
910,1787909617.3115246,1787909617.3105593,196.92768471876707,-1963.072315281233,-2345.5273624301153,-1963.0879556543196,-1963.1292686797342,0.05695339850126402,0.038266780038611614,0.1956093782626202,0.01579518882889096,registered
911,1787909617.3396368,1787909617.3389652,194.22837721631777,-1965.7716227836822,-2348.2266699325646,-1965.8003955835775,-1965.6856418051516,-0.08598097853064246,-0.09248106319455474,0.19182901662731178,0.01600477352560323,registered
912,1787909617.3696728,1787909617.3684146,191.4176773527538,-1968.5823226472462,-2351.0373697961286,-1968.4438093725926,-1968.335929345767,-0.2463933014792019,-0.24161150802729026,0.1687241687582653,0.012255349074143267,registered
913,1787909617.3980596,1787909617.3971896,189.10336493222485,-1970.8966350677752,-2353.3516822166575,-1971.0311002331055,-1970.9255168908157,0.02888182304059228,0.03073215942049501,0.15351933538828758,0.010116603543215431,registered
914,1787909617.4259267,1787909617.4252722,186.34782704654845,-1973.6521729534516,-2356.107220102334,-1973.5766450414121,-1973.4527952145404,-0.19937773891115285,-0.19472939913839582,0.13451266626582922,0.010186024208331953,registered
915,1787909617.4549155,1787909617.4541314,183.67415826750494,-1976.325841732495,-2358.7808888813775,-1976.1033556144334,-1976.0499568488203,-0.27588488367473474,-0.27694533402836896,0.0946292116661801,0.00751708993464496,registered
916,1787909617.482517,1787909617.4818552,181.58709747055627,-1978.4129025294437,-2360.867949678326,-1978.5605481390098,-1978.5449433756808,0.13204084623703238,0.13358539619594012,0.11690559348855624,0.008494798310248276,registered
917,1787909617.5120332,1787909617.5111265,179.07203680043494,-1980.927963199565,-2363.3830103484474,-1981.005156559468,-1981.1792030277534,0.2512398281883179,0.2492272950230472,0.12078218030980198,0.007851244858242316,registered
918,1787909617.5402958,1787909617.5393991,176.44092444917942,-1983.5590755508206,-2366.014122699703,-1983.51195799466,-1983.7235820571927,0.16450650637216313,0.15262113704693547,0.15247457972528705,0.009887774707350699,registered
919,1787909617.5684614,1787909617.5677629,173.9486568754819,-1986.051343124518,-2368.5063902734005,-1986.0139100552599,-1986.2761574098226,0.2248142853045465,0.2328281542318109,0.1206259071378459,0.009007184445246856,registered
920,1787909617.598632,1787909617.5976346,171.55419887842618,-1988.4458011215738,-2370.900848270456,-1988.5794533056949,-1988.9644441346545,0.5186430130806912,0.5277373893695767,0.13906587824842614,0.012449237058905736,registered
921,1787909617.6257255,1787909617.6249306,168.76792586823785,-1991.2320741317621,-2373.6871212806445,-1991.2701613470342,-1991.4209379813997,0.1888638496375279,0.19814588592726068,0.144270442296237,0.0136629838354329,registered
922,1787909617.6562538,1787909617.6554518,166.012386071548,-1993.987613928452,-2376.4426610773344,-1993.9669169921476,-1994.167671785738,0.18005785728610135,0.19528732592607412,0.17478877072225335,0.016282746369855244,registered
923,1787909617.6837094,1787909617.6829221,163.3703459726612,-1996.6296540273388,-2379.084701176221,-1996.6956300180655,-1996.6398502195316,0.010196192192779563,0.024566190264522447,0.15077012844208307,0.01441575481400566,registered
924,1787909617.712579,1787909617.7118218,160.64449165603992,-1999.35550834396,-2381.8105554928425,-1999.3584678671732,-1999.2406594321947,-0.11484891176542078,-0.09892604779315661,0.16179800805195788,0.014208278863049671,registered
925,1787909617.7418504,1787909617.7407873,157.82388864579343,-2002.1761113542066,-2384.631158503089,-2001.985418384088,-2001.8473905956453,-0.32872075856130323,-0.3297067070798221,0.1767131657242706,0.012549061329210914,registered
926,1787909617.7693498,1787909617.768072,155.34819669926947,-2004.6518033007305,-2387.106850449613,-2004.5010907525548,-2004.3028545379057,-0.3489487628248753,-0.32089525347055314,0.11069604473634757,0.00834988384898125,registered
927,1787909617.8031125,1787909617.8021636,152.93708333240784,-2007.0629166675922,-2389.5179638164745,-2006.976823387713,-2007.370918541469,0.3080018738769468,0.3371817180104699,0.15661850773263766,0.01229179113740841,registered
928,1787909617.8255544,1787909617.8246782,150.83896630608706,-2009.161033693913,-2391.6160808427953,-2009.440048662516,-2009.3971054207027,0.23607172678975985,0.2556876257335716,0.11288106183213228,0.007840909329188147,registered
929,1787909617.8547912,1787909617.8537452,148.07626765307168,-2011.9237323469283,-2394.3787794958107,-2011.9254006544247,-2012.0129769864543,0.08924463952598671,0.09402797468919744,0.2052477583488448,0.01225939047561056,registered
930,1787909617.8853533,1787909617.8844068,145.6604196340818,-2014.3395803659182,-2396.7946275148006,-2014.4463251167604,-2014.772348577074,0.43276821115568964,0.44997299956548886,0.1413604512933515,0.008209714645047614,registered
931,1787909617.911187,1787909617.910337,142.95273900722987,-2017.0472609927701,-2399.5023081416525,-2017.054920219558,-2017.1059190323022,0.05865803953201976,0.06794155142961245,0.15506592934147792,0.010047146673988667,registered
932,1787909617.9418666,1787909617.9408517,140.25466916641244,-2019.7453308335876,-2402.20037798247,-2019.7325611511812,-2019.852073515368,0.10674268178036073,0.11975672630569534,0.17863764219606207,0.012325312743040464,registered
933,1787909617.9706097,1787909617.9695013,137.50268045442544,-2022.4973195455746,-2404.952366694457,-2022.4305937023428,-2022.4303750237718,-0.06694452180272492,-0.05554806187774375,0.19261917940634404,0.012220539726842856,registered
934,1787909617.9974453,1787909617.9965236,134.95539951813453,-2025.0446004818655,-2407.499647630748,-2025.0184079138644,-2024.8622369882582,-0.1823634936072267,-0.1783776038059841,0.208514445220278,0.012254834856554056,registered
935,1787909618.0263197,1787909618.025567,132.3213947477052,-2027.6786052522948,-2410.133652401177,-2027.6278568163102,-2027.4759843760103,-0.20262087628452718,-0.19744771576779385,0.2079664200283751,0.010568404907400464,registered
936,1787909618.0538435,1787909618.0532086,129.7475761750893,-2030.2524238249107,-2412.707470973793,-2030.1529212806734,-2029.9635684643872,-0.2888553605234847,-0.28529061912286124,0.25602936877924243,0.011436995156302431,registered
937,1787909618.0835247,1787909618.08267,127.3811687206935,-2032.6188312793065,-2415.073878428189,-2032.6569358320953,-2032.614928822174,-0.003902457132426207,0.006944264233425201,0.18224120293076093,0.007898097979797528,registered
938,1787909618.1113005,1787909618.1104429,124.96917259130942,-2035.0308274086906,-2417.485874557573,-2035.2121107562864,-2035.1143353557818,0.08350794709122056,0.0703482631870429,0.23980885340652822,0.01009426164580673,registered
939,1787909618.139774,1787909618.1389496,122.19215089578984,-2037.8078491042102,-2420.2628962530925,-2037.7529501141585,-2037.6797845144706,-0.1280645897395516,-0.1297427873300876,0.19652844813966977,0.00839415623700613,registered
940,1787909618.1685343,1787909618.1677244,119.81578326928366,-2040.1842167307163,-2422.6392638795987,-2040.2794591274037,-2040.2693506031756,0.08513387245920967,0.09431914648712336,0.14381248782554562,0.006255031866714091,registered
941,1787909618.1973522,1787909618.1965187,117.05156563768742,-2042.9484343623126,-2425.403481511195,-2042.8757834852545,-2042.8606761120423,-0.08775825027032624,-0.10443427225891355,0.25575236996679396,0.010685984378288103,registered
942,1787909618.2263114,1787909618.2250803,114.33731114920238,-2045.6626888507976,-2428.11773599968,-2045.453085416713,-2045.43106022972,-0.23162862107756155,-0.26505937755564446,0.13077628654175855,0.005781767628386767,registered
943,1787909618.2544127,1787909618.2536447,112.1730744755846,-2047.8269255244154,-2430.281972673298,-2048.0067519578784,-2048.0017018235194,0.17477629910399628,0.14560034982196157,0.191748343266587,0.009511860088521423,registered
944,1787909618.283557,1787909618.2825303,109.46396873167396,-2050.536031268326,-2432.9910784172084,-2050.5730102323114,-2050.60124511192,0.06521384359393778,0.07300946044006196,0.1125726939460622,0.005749741337207695,registered
945,1787909618.312949,1787909618.311814,106.71757326130319,-2053.282426738697,-2435.737473887579,-2053.148309915758,-2053.2366204938508,-0.04580624484606233,-0.05264603980822358,0.1655948325750725,0.00748744956911121,registered
946,1787909618.3405986,1787909618.3397033,104.51097479026112,-2055.489025209739,-2437.9440723586213,-2055.657789781275,-2055.746497723053,0.25747251331404186,0.2495472294699539,0.16618928759942692,0.007942962679604466,registered
947,1787909618.3688712,1787909618.3677146,101.72761413967783,-2058.272385860322,-2440.7274330092046,-2058.2220814682687,-2058.2673606000913,-0.005025260230922868,-0.008256164783688291,0.10110265037635638,0.0060548011735102195,registered
948,1787909618.3974495,1787909618.3965588,99.01231497028357,-2060.9876850297164,-2443.442732178599,-2060.849137017719,-2060.8631704847353,-0.1245145449811389,-0.1282367445246564,0.17865831123990647,0.010724004720312904,registered
949,1787909618.426079,1787909618.4253194,96.73000301697903,-2063.269996983021,-2445.7250441319034,-2063.3898982960764,-2063.451470649178,0.18147366615721694,0.1722212204722382,0.10006946025662339,0.00544122343781635,registered
950,1787909618.454086,1787909618.453413,94.15503371845307,-2065.844966281547,-2448.3000134304293,-2065.9184286793406,-2065.9797359647005,0.13476968315353588,0.14507984386682438,0.16779838388059545,0.009823018344754344,registered
951,1787909618.4832904,1787909618.4823444,91.3121677816639,-2068.687832218336,-2451.1428793672185,-2068.5280981507462,-2068.58339887104,-0.10443334729598064,-0.11568383644089408,0.08817478623293697,0.005843218036599089,registered
952,1787909618.511698,1787909618.5106993,88.87027217090781,-2071.129727829092,-2453.5847749779746,-2071.1346527738156,-2071.135180338963,0.00545250987079271,-0.004935968010613578,0.13735416427917138,0.008470924983661803,registered
953,1787909618.5418344,1787909618.5408232,86.52378705853198,-2073.476212941468,-2455.9312600903504,-2073.6213239154686,-2073.846167875145,0.369954933677036,0.3609570457610971,0.14633367841730766,0.008583872311167999,registered
954,1787909618.5695124,1787909618.5684059,83.78564207726367,-2076.2143579227363,-2458.6694050716187,-2076.2489156207816,-2076.3284522466947,0.11409432395839758,0.12177017534395418,0.1068309180397606,0.007180587540665089,registered
955,1787909618.5984492,1787909618.5974538,80.94842587019821,-2079.051574129802,-2461.506621278684,-2078.812159314346,-2078.942607304972,-0.10896682482962206,-0.12098633805953796,0.11800042845606548,0.007809082488730356,registered
956,1787909618.62574,1787909618.6249259,78.57704519121626,-2081.4229548087837,-2463.878001957666,-2081.3494623679,-2081.4149359331695,-0.008018875614197896,-0.007220342914479261,0.0942177955546671,0.005497287404690529,registered
957,1787909618.6555014,1787909618.6547072,76.5641139754639,-2083.435886024536,-2465.8909331734185,-2083.9371813558882,-2084.095090703841,0.6592046793048212,0.660650352245284,0.1787192993016983,0.0105823677367736,registered
958,1787909618.6841543,1787909618.683355,73.01827646652373,-2086.9817235334763,-2469.4367706823587,-2086.543508388033,-2086.673242017841,-0.30848151563532156,-0.30861313921832334,0.08824405675277752,0.006001549151729683,registered
959,1787909618.7118204,1787909618.7110763,71.05760584878635,-2088.9423941512136,-2471.397441300096,-2089.100052213372,-2089.167992524924,0.22559837371045433,0.22497188428633308,0.12605612758418333,0.008167624418466548,registered
960,1787909618.7413466,1787909618.7404745,68.36666775150434,-2091.6333322484957,-2474.088379397378,-2091.643569147611,-2091.8136669517016,0.1803347032059719,0.17423848319322133,0.12826786703873824,0.007280140459377024,registered
961,1787909618.7693217,1787909618.7681673,65.67432809681713,-2094.325671903183,-2476.7807190520653,-2094.277487018566,-2094.3058641539164,-0.019807749266419705,-0.03460674553298304,0.08381229010750449,0.0048733055698085325,registered
962,1787909618.7974033,1787909618.7964554,63.078750668358225,-2096.921249331642,-2479.376296480524,-2096.929331693801,-2096.851637845679,-0.06961148596292333,-0.09306933585457955,0.1517439275833288,0.008805314341372057,registered
963,1787909618.825842,1787909618.825027,60.651576039470456,-2099.3484239605295,-2481.803471109412,-2099.410865725941,-2099.422923129781,0.07449916925133948,0.06275121873386524,0.09167322648214785,0.004735479367227424,registered
964,1787909618.8540952,1787909618.8533268,58.0502516001211,-2101.949748399879,-2484.4047955487613,-2101.966615669844,-2101.969748182371,0.019999782492050144,0.016259120223367063,0.15226905821863987,0.007980362829580503,registered
965,1787909618.8830075,1787909618.8822954,55.24707273321383,-2104.752927266786,-2487.2079744156686,-2104.5269091727564,-2104.576758278286,-0.17616898850019425,-0.17692283175938428,0.08811761857778609,0.005301723301986224,registered
966,1787909618.9110382,1787909618.9103408,52.88744771009897,-2107.112552289901,-2489.5675994387834,-2107.0649151642638,-2107.1006894124353,-0.011862877465773636,-0.0029232624765427317,0.11437662012262804,0.00651593218922941,registered
967,1787909618.940151,1787909618.939279,50.69679891424812,-2109.303201085752,-2491.7582482346343,-2109.603879336663,-2109.7049745527343,0.4017734669823767,0.40290960478841953,0.15998142729380918,0.007646852073162968,registered
968,1787909618.9683146,1787909618.9675908,47.94381339294978,-2112.05618660705,-2494.5112337559326,-2112.1715307982427,-2112.2528724224962,0.19668581544601693,0.20262799686815924,0.12345844187456835,0.00641604605905363,registered
969,1787909618.9971805,1787909618.9962788,44.89874466724177,-2115.1012553327582,-2497.5563024816406,-2114.775270309864,-2114.8346284021927,-0.2666269305655078,-0.2746697071638664,0.18368842115002387,0.011607838594180265,registered
970,1787909619.0264423,1787909619.0256495,42.7719043541897,-2117.2280956458103,-2499.6831427946927,-2117.328817039961,-2117.4778353494758,0.24973970366545473,0.25851520752667057,0.1707021082256683,0.010752779066393757,registered
971,1787909619.054355,1787909619.053491,40.09170414963319,-2119.908295850367,-2502.363342999249,-2119.9897277135797,-2119.9834213099916,0.07512545962481454,0.0711003587457526,0.18742773596377188,0.011457983616747342,registered
972,1787909619.0829356,1787909619.0822358,37.33322310311087,-2122.666776896889,-2505.1218240457715,-2122.6416078938055,-2122.5702838994243,-0.096492997464793,-0.09479386196380801,0.12332572123674444,0.007432371252100049,registered
973,1787909619.1112003,1787909619.110543,34.69466042918111,-2125.305339570819,-2507.7603867197013,-2125.197371254897,-2125.1177740986614,-0.18756547215753017,-0.18047822513972278,0.14282285180475057,0.008406600740161063,registered
974,1787909619.1412504,1787909619.1402032,32.457841586652194,-2127.542158413348,-2509.99720556223,-2127.717969922495,-2127.78702904687,0.24487063352216865,0.2503103834224021,0.167431702083025,0.009719653127610398,registered
975,1787909619.1684477,1787909619.167763,29.45867813597215,-2130.541321864028,-2512.9963690129102,-2130.2934693201205,-2130.26725360945,-0.27406825457774175,-0.26880387487562984,0.10058016794394835,0.00692336815303261,registered
976,1787909619.1967576,1787909619.1960378,27.212625319377366,-2132.7873746806226,-2515.242421829505,-2132.7845849605883,-2132.81182574598,0.02445106535742525,0.0197665295772822,0.13506769073883848,0.010602166431028594,registered
977,1787909619.2253284,1787909619.2246635,24.773986888740183,-2135.22601311126,-2517.681060260142,-2135.2969833160305,-2135.387981620041,0.1619685087812286,0.1530354322076164,0.10688732828859426,0.00926382557518981,registered
978,1787909619.2538633,1787909619.2532833,22.203318491296614,-2137.7966815087034,-2520.2517286575858,-2137.8673621916178,-2137.963601085516,0.16691957681268832,0.15643949648438138,0.14372714768399614,0.013417684612365376,registered
979,1787909619.2827463,1787909619.2821934,19.57815505169947,-2140.4218449483005,-2522.876892097183,-2140.523561675446,-2140.56535437729,0.143509428989546,0.13169571144726433,0.1919593163747649,0.017754029689125997,registered
980,1787909619.311291,1787909619.310474,16.95068288023367,-2143.0493171197663,-2525.5043642686487,-2143.1556555035822,-2143.1104414660626,0.06112434629631025,0.058729725403736666,0.18071465817509597,0.016896984140217747,registered
981,1787909619.341504,1787909619.3405678,14.081449849738874,-2145.918550150261,-2528.3735972991435,-2145.8091027283504,-2145.8187255029725,-0.09982464728864215,-0.10743440279838978,0.20996968262528315,0.018951360232702632,registered
982,1787909619.3687177,1787909619.367841,11.409318973876907,-2148.590681026123,-2531.0457281750055,-2148.4579905509054,-2148.273159540748,-0.31752148537498215,-0.3221478190484959,0.1486200467965076,0.011824798891265679,registered
983,1787909619.3968153,1787909619.3960989,8.766783768395726,-2151.2332162316043,-2533.6882633804867,-2151.093789289159,-2150.816208276895,-0.4170079547093337,-0.4216654784613638,0.16124137394902133,0.01242891068187076,registered
984,1787909619.4256833,1787909619.424863,6.442706040321809,-2153.557293959678,-2536.0123411085606,-2153.6480361234153,-2153.404830286489,-0.15246367318923149,-0.16093062584741347,0.12305756260020508,0.008960826408754282,registered
985,1787909619.454083,1787909619.4534738,4.090146179139083,-2155.909853820861,-2538.3649009697433,-2156.1309040038086,-2155.9796344109136,0.06978059005268733,0.0704873130021042,0.17274934938040157,0.012085563734102316,registered
986,1787909619.4824982,1787909619.481849,1.2206335256328202,-2158.779366474367,-2541.2344136232496,-2158.5716509237095,-2158.5332396680283,-0.24612680633890704,-0.2401310481504879,0.08769230487571245,0.007059866438972775,registered
987,1787909619.5112224,1787909619.5104477,358.8238913546388,-2161.176108645361,-2543.6311557942436,-2161.0153713891605,-2161.1069709752815,-0.06913767007972638,-0.06697406273269735,0.1356067521832624,0.011922690942204701,registered
988,1787909619.539598,1787909619.5390007,356.6312905957634,-2163.3687094042366,-2545.823756553119,-2163.5194804409803,-2163.676582664596,0.30787326035942897,0.30531698344020697,0.10643720194736982,0.010055058325587802,registered
989,1787909619.5683856,1787909619.5676205,354.0310101390455,-2165.9689898609545,-2548.424037009837,-2166.094671663073,-2166.252202130071,0.28321226911657504,0.27997157057370714,0.11647510692018113,0.011667452365800492,registered
990,1787909619.5969915,1787909619.5962517,351.3397864410772,-2168.660213558923,-2551.115260707805,-2168.7406370234366,-2168.8288515000304,0.16863794110759045,0.16977484613016713,0.14554064274815473,0.015109085514366575,registered
991,1787909619.6254823,1787909619.6248772,348.7131176902367,-2171.2868823097633,-2553.7419294586457,-2171.3717828031713,-2171.404985917748,0.11810360798472175,0.12310436156531068,0.16146629678364025,0.01787572219606972,registered
992,1787909619.6562881,1787909619.6554277,345.82931577532145,-2174.1706842246786,-2556.625731373561,-2174.030856368425,-2174.154358852328,-0.016325372350365797,-0.010688324955935968,0.1731632233247077,0.01899960146491475,registered
993,1787909619.6837714,1787909619.6830263,343.1863962862335,-2176.8136037137665,-2559.268650862649,-2176.7271697704045,-2176.6380807988876,-0.17552291487891125,-0.17033218806636796,0.14160268051226152,0.014960673400336966,registered
994,1787909619.7116988,1787909619.710831,340.46520486111604,-2179.534795138884,-2561.9898422877664,-2179.375090004539,-2179.140341026172,-0.39445411271208286,-0.39054747180580307,0.12859309965478466,0.012365583017468972,registered
995,1787909619.7407737,1787909619.7399373,338.2122998000609,-2181.787700199939,-2564.2427473488215,-2181.9214800137697,-2181.75975288859,-0.02794731134918038,-0.023045707502205914,0.12764080884155216,0.010783082549137632,registered
996,1787909619.7693198,1787909619.7684727,335.7165733356296,-2184.2834266643704,-2566.7384738132528,-2184.4080494835366,-2184.32777680849,0.044350144119562174,0.042399882308473025,0.1362020617917964,0.009908242314781834,registered
997,1787909619.7971463,1787909619.7962906,332.89795510739214,-2187.102044892608,-2569.5570920414903,-2186.9017316331046,-2186.8312385910062,-0.270806301601624,-0.2658518873627145,0.12390594849911243,0.008774171579041883,registered
998,1787909619.8271618,1787909619.826076,330.5625749225669,-2189.437425077433,-2571.8924722263155,-2189.3841198922796,-2189.511758119516,0.07433304208279878,0.07356684140677316,0.09507307731633219,0.007649946031476354,registered
999,1787909619.8547332,1787909619.8538392,328.34349319030207,-2191.656506809698,-2574.1115539585803,-2191.8683478391686,-2192.010284943043,0.35377813334525854,0.36376011902575556,0.09450578254314064,0.007926091340204073,registered
1000,1787909619.8829942,1787909619.8822753,325.5783222097152,-2194.421677790285,-2576.876724939167,-2194.448701794721,-2194.569383024076,0.14770523379138467,0.13932267260088338,0.09978986428132305,0.00824756389332263,registered
1001,1787909619.9115384,1787909619.9107742,322.786614294168,-2197.213385705832,-2579.6684328547144,-2197.0790762908823,-2197.1341241234313,-0.07926158240070436,-0.09072656848593397,0.12804042919104566,0.010786929744828104,registered
1002,1787909619.942111,1787909619.941065,320.5104434335867,-2199.4895565664133,-2581.9446037152957,-2199.673605081942,-2199.860131100015,0.37057453360193904,0.36264600646791223,0.17795489240205503,0.015099102350544059,registered
1003,1787909619.9685616,1787909619.9678352,317.7085788895183,-2202.2914211104817,-2584.746468259364,-2202.339491251897,-2202.2692922531514,-0.0221288573302445,-0.016595759112988162,0.16926932031192052,0.013828799788661415,registered
1004,1787909619.9974139,1787909619.9964857,314.7970009946707,-2205.2029990053293,-2587.6580461542117,-2205.0437565554193,-2204.847679586929,-0.35531941840008585,-0.3513419469763903,0.198165787916914,0.01515504937323032,registered
1005,1787909620.0256498,1787909620.0250235,312.21105316393596,-2207.788946836064,-2590.2439939849464,-2207.656987387134,-2207.415918070264,-0.37302876579997246,-0.38606244260290623,0.15063737527168347,0.010474197656530305,registered
1006,1787909620.0542924,1787909620.0534363,309.99965175637135,-2210.0003482436287,-2592.455395392511,-2210.174588583959,-2209.972913429641,-0.027434813987838425,-0.04422219672187566,0.178680418668011,0.011495655835721885,registered
1007,1787909620.084021,1787909620.082697,307.16759083617944,-2212.8324091638206,-2595.287456312703,-2212.7318952592636,-2212.6062075462587,-0.22620161756185553,-0.23515984441428373,0.1406929701767021,0.008553597196555482,registered
1008,1787909620.111508,1787909620.110811,304.58743245401547,-2215.4125675459845,-2597.867614694867,-2215.2411438139807,-2215.136318107316,-0.2762494386684011,-0.27576183001247045,0.14849034183904258,0.008796053587074184,registered
1009,1787909620.1400094,1787909620.1392968,302.45170484036134,-2217.5482951596387,-2600.003342308521,-2217.7180508973847,-2217.699879107783,0.15158394814443454,0.18131836433803983,0.14727765983952912,0.009078083931626537,registered
1010,1787909620.1690676,1787909620.168377,300.04549095955826,-2219.9545090404417,-2602.409556189324,-2220.209863932999,-2220.3169307724233,0.36242173198161254,0.3875807826093478,0.11613003732749835,0.006787731408751953,registered
1011,1787909620.2026048,1787909620.2018216,296.9982581073491,-2223.001741892651,-2605.4567890415333,-2222.8034760657138,-2223.3267622599146,0.3250203672637326,0.3302076280401707,0.18909472660390678,0.009640924900974417,registered
1012,1787909620.2259507,1787909620.2251482,294.5555344988584,-2225.4444655011416,-2607.899512650024,-2225.3552816744696,-2225.426029444875,-0.018436056266637024,-0.0159000943058345,0.06648456113583698,0.0036341663186269836,registered
1013,1787909620.25475,1787909620.2540147,292.2150428940686,-2227.7849571059314,-2610.240004254814,-2227.8861082905655,-2228.023856225801,0.23889911986952939,0.23676236929713923,0.1617960740004691,0.009392736323490575,registered
1014,1787909620.283424,1787909620.2825031,289.53960370986124,-2230.4603962901388,-2612.915443439021,-2230.544033727266,-2230.5876532460456,0.12725695590688701,0.11975967899434181,0.09911178019562304,0.005478861950332846,registered
1015,1787909620.313662,1787909620.3128066,286.60647776210044,-2233.3935222378996,-2615.848569386782,-2233.1776090557987,-2233.3147974088315,-0.0787248290680509,-0.06391649532406518,0.1389196082945794,0.007209251291462293,registered
1016,1787909620.342404,1787909620.3415203,284.4332411469627,-2235.5667588530373,-2618.0218060019197,-2235.693113166024,-2235.898870673618,0.33211182058084887,0.34726690010711536,0.15674747872003414,0.008756251253423553,registered
1017,1787909620.369567,1787909620.368802,281.9405569962955,-2238.0594430037045,-2620.514490152587,-2238.2608271704316,-2238.3540771397575,0.2946341360529914,0.3003350688654791,0.09821007641623425,0.005869753631170083,registered
1018,1787909620.3976572,1787909620.397095,278.7345738782924,-2241.2654261217076,-2623.72047327059,-2240.8589035439527,-2240.9002799583886,-0.3651461633189683,-0.37744478016884386,0.15777701698986663,0.008871133392088719,registered
1019,1787909620.425564,1787909620.4248278,276.6032091027737,-2243.3967908972263,-2625.8518380461087,-2243.4094679276354,-2243.3960818262995,-0.0007090709268595674,0.004038290924654575,0.06764016906095396,0.003748487885965256,registered
1020,1787909620.4545996,1787909620.4538996,274.3657351419911,-2245.634264858009,-2628.0893120068913,-2245.9484073018166,-2246.0123825189203,0.37811766091135723,0.39182511818171406,0.1473247518832495,0.008486594853662474,registered
1021,1787909620.4833813,1787909620.482361,271.44806684313744,-2248.5519331568626,-2631.006980305745,-2248.539580918333,-2248.5737549723567,0.021821815494149632,0.016048663094352378,0.10250884552538632,0.005504102938664105,registered
1022,1787909620.5115607,1787909620.5107656,268.7492483260503,-2251.2507516739497,-2633.705798822832,-2251.063836512233,-2251.1299993597136,-0.12075231423614241,-0.12993186322955808,0.1429793419831355,0.006934554653313664,registered
1023,1787909620.5401177,1787909620.5393035,266.38640273743613,-2253.613597262564,-2636.0686444114463,-2253.593238886162,-2253.698259299392,0.08466203682792184,0.07106027870486287,0.14716488218740056,0.007515656300962156,registered
1024,1787909620.5682626,1787909620.5675743,263.836891152157,-2256.163108847843,-2638.6181559967254,-2256.231166581083,-2256.2424666780835,0.0793578302404967,0.07479338768780508,0.08180316300483578,0.00456932171723027,registered
1025,1787909620.5972404,1787909620.596324,261.28034142251227,-2258.7196585774877,-2641.17470572637,-2258.8013970097054,-2258.8297798507288,0.11012127324102039,0.11020841588151598,0.13606513470050524,0.007469679249371149,registered
1026,1787909620.6257527,1787909620.6249976,258.6898849197114,-2261.3101150802886,-2643.765162229171,-2261.3254260288813,-2261.410248449819,0.10013336953034013,0.10146544057352003,0.05950810983856898,0.0031277219962024135,registered
1027,1787909620.6542,1787909620.6534777,255.9161645626673,-2264.0838354373327,-2646.538882586215,-2263.87724788128,-2263.9732944980433,-0.11054093928942166,-0.1188403365567865,0.15075055307058022,0.008011408540694131,registered
1028,1787909620.6829083,1787909620.6821687,253.5572832882508,-2266.442716711749,-2648.8977638606316,-2266.4860280401667,-2266.555329410204,0.11261269845499555,0.1193609759757237,0.06914081667671455,0.003716967696612392,registered
1029,1787909620.712043,1787909620.711256,251.09939720123975,-2268.9006027987602,-2651.3556499476426,-2269.0881592322307,-2269.1730247651476,0.2724219663873555,0.28429676242194546,0.09588796857855897,0.005272456757682514,registered
1030,1787909620.7398925,1787909620.739258,248.28122610626406,-2271.718773893736,-2654.1738210426183,-2271.6667733060103,-2271.6930508447927,-0.02572304894329136,-0.03455779345722476,0.10159881790794974,0.005638132447894032,registered
1031,1787909620.768491,1787909620.7678728,245.7564201173359,-2274.243579882664,-2656.6986270315465,-2274.2503256199443,-2274.2682197270556,0.02463984439145861,0.012419692670391669,0.06573606564873274,0.003633964538132988,registered
1032,1787909620.7973132,1787909620.7963502,243.06532519380244,-2276.9346748061976,-2659.38972195508,-2276.8103048966154,-2276.831029755502,-0.103645050695377,-0.12262831979569455,0.12879252220052473,0.00667526673450285,registered
1033,1787909620.825572,1787909620.8249543,240.59014019896495,-2279.409859801035,-2661.8649069499174,-2279.389528361794,-2279.405233102311,-0.004626698724223388,0.0033844229292299133,0.06653543569871495,0.003287038374267477,registered
1034,1787909620.8587813,1787909620.8579001,238.12348032511136,-2281.8765196748886,-2664.331566823771,-2281.9635751997566,-2282.3701779193443,0.4936582444556734,0.5125954956956775,0.1333705186405571,0.00662571062872894,registered
1035,1787909620.8828347,1787909620.882022,235.45635881277622,-2284.543641187224,-2666.998688336106,-2284.4881715093743,-2284.541002009647,-0.002639177576838847,0.018513466320200678,0.08069990741830674,0.0040523888564394485,registered
1036,1787909620.911185,1787909620.9105637,233.02416454091917,-2286.975835459081,-2669.430882607963,-2287.04418272113,-2287.10960525082,0.13376979173926884,0.14258836008775688,0.12440797148509837,0.006047842503952345,registered
1037,1787909620.9400115,1787909620.9393215,230.3937478903017,-2289.6062521096983,-2672.0612992585807,-2289.635953771196,-2289.697647939142,0.09139582944362701,0.08893821067704266,0.1694292668623918,0.007046071587758544,registered
1038,1787909620.9690585,1787909620.9683263,227.69402362788514,-2292.305976372115,-2674.7610235209972,-2292.2395010638534,-2292.307919399258,0.001943027143170184,-0.0036429437363949546,0.16248119222101706,0.0060666642026200295,registered
1039,1787909620.9968202,1787909620.9961507,225.2291821946801,-2294.77081780532,-2677.2258649542023,-2294.875596314753,-2294.811960503047,0.04114269772708212,0.04531696435151389,0.21127747338758912,0.009478175915779116,registered
1040,1787909621.0264769,1787909621.0257814,222.4858218860727,-2297.5141781139273,-2679.9692252628097,-2297.4904739363847,-2297.47855486467,-0.035623249257241696,-0.026963902255374705,0.17376902303677536,0.008807834304147872,registered
1041,1787909621.054279,1787909621.0534253,219.79725422594356,-2300.2027457740564,-2682.657792922939,-2300.117114609412,-2299.9663535164814,-0.2363922575750621,-0.2247716488354854,0.21358969820672158,0.010176709673213229,registered
1042,1787909621.0827608,1787909621.0819783,217.4011668308417,-2302.5988331691583,-2685.0538803180407,-2302.669180659481,-2302.5359652057955,-0.06286796336280531,-0.0659363235336059,0.17449538067284048,0.007770013692784415,registered
1043,1787909621.1116867,1787909621.1111119,214.65736113381627,-2305.3426388661837,-2687.797686015066,-2305.2032832232185,-2305.1578230913647,-0.18481577481907152,-0.18070127496275745,0.16050245739302343,0.00858307288941236,registered
1044,1787909621.139786,1787909621.1391284,212.29463810329935,-2307.7053618967007,-2690.160409045583,-2307.712190583503,-2307.679158007959,-0.026203888741747505,-0.02013907228001699,0.12328412132479052,0.00786467854604929,registered
1045,1787909621.1685023,1787909621.1679094,209.78137142084097,-2310.218628579159,-2692.6736757280414,-2310.1988624901082,-2310.2692819615936,0.05065338243457518,0.055528867667817394,0.11048472031929144,0.007438415315441683,registered
1046,1787909621.1979961,1787909621.1972601,207.41898894250653,-2312.5810110574935,-2695.036058206376,-2312.7049149974314,-2312.910686576028,0.3296755185347138,0.33587025214183086,0.12333487506958943,0.008350585718458703,registered
1047,1787909621.2256148,1787909621.2249203,204.72578690308865,-2315.2742130969114,-2697.7292602457937,-2315.255695565859,-2315.399944259193,0.12573116228168146,0.12647642165802608,0.1551925235226144,0.010405765837836834,registered
1048,1787909621.254444,1787909621.25378,202.23633265269245,-2317.7636673473075,-2700.21871449619,-2317.8446268446855,-2317.9971488061597,0.23348145885211125,0.22102737925979454,0.14732075667690486,0.01088084625445302,registered
1049,1787909621.2910616,1787909621.2900555,199.48498544398763,-2320.5150145560124,-2702.9700617048948,-2320.4850324046793,-2321.2617529155523,0.7467383595399042,0.7442724562838521,0.1681009263726486,0.013458221676402404,registered
1050,1787909621.3122602,1787909621.3115737,196.87045826413078,-2323.129541735869,-2705.5845888847516,-2323.1407914558013,-2323.198273735587,0.06873199971778376,0.074166270087062,0.19651233149330563,0.015881633063310113,registered
1051,1787909621.34,1787909621.3393276,194.16509873043924,-2325.8349012695608,-2708.289948418443,-2325.8433261430937,-2325.69596376172,-0.1389375078406374,-0.16533899758724147,0.1858873850606762,0.01549843240797307,registered
1052,1787909621.3689942,1787909621.3682518,191.44273452306152,-2328.5572654769385,-2711.012312625821,-2328.482156135953,-2328.298982977757,-0.258282499181405,-0.2463291378512622,0.1733766882254608,0.01261681079222083,registered
1053,1787909621.3974056,1787909621.3965774,188.99086934292473,-2331.0091306570753,-2713.4641778059577,-2331.0598250798994,-2330.8481253154378,-0.16100534163751945,-0.1659625636416422,0.1779739395002367,0.011747677064588414,registered
1054,1787909621.4256139,1787909621.425032,186.3039772079469,-2333.696022792053,-2716.1510699409355,-2333.602913864063,-2333.4088755349153,-0.28714725713780354,-0.2869907301278545,0.12055907998905827,0.009150515363408185,registered
1055,1787909621.4546604,1787909621.4539232,183.72897846807246,-2336.2710215319275,-2718.72606868081,-2336.1344049387008,-2336.008933775558,-0.2620877563695103,-0.2528760899617737,0.10114956503943888,0.008043858520442197,registered
1056,1787909621.4830084,1787909621.4823732,181.53904991924537,-2338.4609500807546,-2720.915997229637,-2338.595373230479,-2338.56927632451,0.10832624375552768,0.09942589566617244,0.12239601578743357,0.00886991802998779,registered
1057,1787909621.5113218,1787909621.5106227,179.07361798267448,-2340.9263820173255,-2723.381429166208,-2341.045296424627,-2341.1115740886366,0.18519207131112125,0.17730766800696074,0.11617162267592267,0.007551825212154601,registered
1058,1787909621.5401623,1787909621.5393188,176.30014606410487,-2343.699853935895,-2726.1549010847775,-2343.552253297379,-2343.6940595840097,-0.0057943518854699505,-0.03128473670631138,0.15028458959823987,0.00978108068255182,registered
1059,1787909621.5689168,1787909621.5681787,173.90260722715902,-2346.097392772841,-2728.5524399217234,-2346.073101292249,-2346.2912855873196,0.1938928144786587,0.18015523870917605,0.12737427142507463,0.009547538799436369,registered
1060,1787909621.5972645,1787909621.5964563,171.52117523481866,-2348.4788247651813,-2730.9338719140637,-2348.6541575514293,-2348.836115199971,0.35729043478977474,0.3484363523184584,0.1279407858991952,0.011473752480894033,registered
1061,1787909621.6266193,1787909621.6260653,168.70938247022968,-2351.2906175297703,-2733.7456646786527,-2351.3368498965165,-2351.500757034342,0.2101395045715435,0.2150429625871766,0.14093899058887385,0.013342223835698061,registered
1062,1787909621.6545591,1787909621.653766,165.90907147672533,-2354.0909285232747,-2736.545975672157,-2354.0381440543388,-2353.99366229589,-0.09726622738480728,-0.09948903451095248,0.17264558619750245,0.016092210117137646,registered
1063,1787909621.683465,1787909621.6827288,163.31450390656983,-2356.68549609343,-2739.1405432423126,-2356.7528719953525,-2356.6001574395623,-0.0853386538678933,-0.08185181524731888,0.13842426342353079,0.013236420997397356,registered
1064,1787909621.711529,1787909621.710701,160.57988947936747,-2359.4201105206325,-2741.875157669515,-2359.417651207854,-2359.1175014762784,-0.3026090443540852,-0.30095404057374253,0.15766598731950635,0.01378274164138683,registered
1065,1787909621.7410288,1787909621.7403312,157.7712756450187,-2362.2287243549813,-2744.6837715038637,-2362.0540383318003,-2361.784052925215,-0.44467142976645846,-0.4291208702338736,0.19457675730709045,0.013792093738315143,registered
1066,1787909621.7688496,1787909621.7681525,155.26902352552816,-2364.730976474472,-2747.1860236233542,-2364.5828905818366,-2364.287815096539,-0.4431613779329382,-0.4353533130456526,0.11034430375275353,0.00835703543277601,registered
1067,1787909621.7977235,1787909621.7969,152.8992835270351,-2367.100716472965,-2749.5557636218473,-2367.0533409001387,-2366.8749351620927,-0.22578131087220754,-0.2316363749609991,0.15162245437231978,0.01188645966728693,registered
1068,1787909621.8262646,1787909621.8255086,150.76087688575353,-2369.2391231142465,-2751.694170263129,-2369.5131145393843,-2369.4495461794268,0.21042306518029363,0.1909367635921626,0.10469742868593276,0.007230618469719794,registered
1069,1787909621.8543794,1787909621.8538291,147.9195133918288,-2372.080486608171,-2754.5355337570536,-2371.9905576487035,-2371.998237933896,-0.08224867427543359,-0.10795519112616603,0.1863672069754196,0.01108279292024003,registered
1070,1787909621.882685,1787909621.8820999,145.5905967869444,-2374.4094032130556,-2756.864450361938,-2374.4927531331214,-2374.5424453125875,0.1330420995318491,0.10936162120196968,0.1371049666603606,0.007969172140198603,registered
1071,1787909621.9112668,1787909621.9106185,143.00275026658346,-2376.9972497334165,-2759.452296882299,-2377.0933299168423,-2377.1089672884477,0.1117175550311913,0.09063036003135494,0.16613082944620464,0.01073584461082929,registered
1072,1787909621.9400442,1787909621.939367,140.24237967407362,-2379.7576203259264,-2762.2126674748088,-2379.7659947319044,-2379.6961731793754,-0.061447146551017795,-0.06594412789991111,0.18724320199467995,0.012917088159869423,registered
1073,1787909621.9685073,1787909621.9679043,137.47423180069472,-2382.5257681993053,-2764.9808153481877,-2382.4282509809545,-2382.2643687500236,-0.26139944928172554,-0.2843867435417451,0.17437326171528963,0.011052570208220836,registered
1074,1787909621.9972365,1787909621.9964447,134.9551480546238,-2385.044851945376,-2767.4998990942586,-2385.027834737807,-2384.8328432531357,-0.21200869224048802,-0.20687203874695115,0.21858493383905542,0.012846580932139282,registered
1075,1787909622.0259647,1787909622.0252645,132.23153759721026,-2387.7684624027897,-2770.223509551672,-2387.6778035637935,-2387.4264645907497,-0.34199781204006285,-0.3463633081228181,0.1757638394549995,0.008878163832429276,registered
1076,1787909622.0543382,1787909622.0536048,129.73387193426515,-2390.266128065735,-2772.7211752146172,-2390.222214752971,-2389.9769372217233,-0.2891908440115003,-0.2905704319932738,0.2993287999356989,0.013366736385437651,registered
1077,1787909622.0829322,1787909622.0822763,127.37864429501496,-2392.621355704985,-2775.0764028538674,-2392.7535982343225,-2392.557212713723,-0.06414299126208789,-0.07839634084075442,0.1933217078001591,0.008378088960550645,registered
1078,1787909622.1114635,1787909622.1108892,124.70147133133923,-2395.2985286686608,-2777.753575817543,-2395.29485529044,-2395.132209945238,-0.16631872342259157,-0.18784356284322712,0.24323262638970186,0.010218995915534735,registered
1079,1787909622.1399417,1787909622.1393406,122.10841004016947,-2397.8915899598305,-2780.346637108713,-2397.8389986205734,-2397.692681232251,-0.1989087275796919,-0.22448200482858738,0.20129392327747844,0.00860829129980368,registered
1080,1787909622.1687617,1787909622.1680324,119.81608631543168,-2400.1839136845683,-2782.6389608334507,-2400.3369637635124,-2400.2747805134422,0.09086682887391362,0.0786693133954941,0.14878445180308883,0.006471293789034424,registered
1081,1787909622.197215,1787909622.1965187,116.92417147377819,-2403.075828526222,-2785.530875675104,-2402.9286838207363,-2402.838384426596,-0.23744409962591817,-0.2510323222545594,0.20008524453003637,0.008350078606424286,registered
1082,1787909622.2262945,1787909622.2256718,114.46701332093153,-2405.5329866790685,-2787.988033827951,-2405.492916427648,-2405.4620017323264,-0.07098494674210087,-0.06386432693443567,0.10774593163980167,0.004732699882247973,registered
1083,1787909622.2545393,1787909622.2538855,112.06560717077582,-2407.934392829224,-2790.3894399781066,-2408.0233816406294,-2408.001081044938,0.06668821571383887,0.053778525874349725,0.1805966737726285,0.008999791846847124,registered
1084,1787909622.2828498,1787909622.2822158,109.5021098985435,-2410.4978901014565,-2792.952937250339,-2410.602070188343,-2410.5506525094875,0.052762408030957886,-0.02030631018578788,0.13989370252266628,0.007152148393896351,registered
1085,1787909622.312102,1787909622.311332,106.60797145239121,-2413.392028547609,-2795.847075696491,-2413.167399797476,-2413.1709440819864,-0.22108446562242534,-0.2139643282821453,0.16151312309782279,0.0072788345939712295,registered
1086,1787909622.3405516,1787909622.3398018,104.46838620768358,-2415.5316137923164,-2797.986660941199,-2415.661359825883,-2415.733067507443,0.20145371512671773,0.19609287899038463,0.1650216016533779,0.007914343951396235,registered
1087,1787909622.3688333,1787909622.3681393,101.7372385230874,-2418.2627614769126,-2800.717808625795,-2418.226597769297,-2418.2832826622957,0.020521185383131524,0.030976744463714567,0.11044237787459113,0.0066109599736484505,registered
1088,1787909622.397859,1787909622.3972425,99.07968429237735,-2420.9203157076226,-2803.375362856505,-2420.845384289602,-2420.9024155922493,-0.017900115373322478,-0.033057790946713794,0.1736230310313566,0.010450031622910685,registered
1089,1787909622.42591,1787909622.4252331,96.78778548536411,-2423.212214514636,-2805.6672616635183,-2423.3792708025085,-2423.421411767409,0.20919725277326506,0.23098105595863672,0.11075604405252847,0.006030482050248905,registered
1090,1787909622.4543138,1787909622.453665,94.13681106773947,-2425.8631889322605,-2808.318236081143,-2425.9005907960095,-2425.9801236342605,0.11693470199998046,0.1281167681995612,0.1668772700518827,0.009780475829105933,registered
1091,1787909622.4833958,1787909622.482395,91.31290828362353,-2428.6870917163765,-2811.142138865259,-2428.5179010359566,-2428.5656559304007,-0.12143578597579108,-0.13130856709085492,0.0931232821808256,0.006171125925680233,registered
1092,1787909622.511498,1787909622.5108707,88.77434734285316,-2431.225652657147,-2813.680699806029,-2431.125141392202,-2431.1283157644434,-0.09733689270342438,-0.1188905373437592,0.1145913113058371,0.00703366207020179,registered
1093,1787909622.539865,1787909622.539266,86.64631545503244,-2433.3536845449676,-2815.80873169385,-2433.618878248684,-2433.68374481075,0.33006026578232195,0.35099718629771814,0.1339174925902423,0.00783404693663611,registered
1094,1787909622.5686653,1787909622.568006,83.7321867896153,-2436.2678132103847,-2818.722860359267,-2436.2390369189284,-2436.2701782733143,0.002365062929584383,0.011862478318107605,0.0824388648797838,0.005552721280092071,registered
1095,1787909622.5973916,1787909622.5967836,81.0197404351793,-2438.9802595648207,-2821.435306713703,-2438.7924256785473,-2438.8600018381403,-0.1202577266803928,-0.11107836277369643,0.12955523993368417,0.008602819671490696,registered
1096,1787909622.6262665,1787909622.625583,78.61644132770425,-2441.3835586722957,-2823.838605821178,-2441.3298976954343,-2441.451777930219,0.06821925792337424,0.06488716996000221,0.07533847999729545,0.004401726352970173,registered
1097,1787909622.654769,1787909622.6540194,76.53871947842799,-2443.461280521572,-2825.9163276704544,-2443.9091332821768,-2444.0108974675954,0.5496169460234341,0.5446721588768924,0.18305545258220068,0.010851250656939761,registered
1098,1787909622.683543,1787909622.6826441,73.04820801258029,-2446.9517919874197,-2829.406839136302,-2446.527129248053,-2446.5869675162826,-0.36482447113712624,-0.3632154690731113,0.09493652113252093,0.006456127097304233,registered
1099,1787909622.7117171,1787909622.711034,71.06669698108726,-2448.9333030189127,-2831.388350167795,-2449.0667551020347,-2449.1419030666902,0.20860004777750873,0.21054336998849976,0.1206237185476989,0.007819053836261735,registered
1100,1787909622.74011,1787909622.7394488,68.40120476864149,-2451.5987952313585,-2834.053842380241,-2451.6116892293426,-2451.699070076814,0.10027484545571497,0.07864201000575122,0.15011313301722054,0.008527869568078883,registered
1101,1787909622.7686033,1787909622.7679296,65.74541893279365,-2454.2545810672063,-2836.7096282160887,-2454.2391854938855,-2454.262180494069,0.007599426862725522,-0.008430735306319548,0.06805437672925704,0.0039502640266034575,registered
1102,1787909622.7972543,1787909622.7963958,63.11881310133367,-2456.8811868986663,-2839.3362340475487,-2456.8795717011167,-2456.8239820743743,-0.05720482429205731,-0.07050905233018057,0.15143235552340484,0.00879857062855938,registered
1103,1787909622.8259091,1787909622.8252425,60.68222718351308,-2459.317772816487,-2841.7728199653693,-2459.375792181746,-2459.420027978796,0.10225516230912035,0.08704859610224958,0.08423077639702801,0.004356786597476604,registered
1104,1787909622.8544748,1787909622.8537695,58.090010363974216,-2461.909989636026,-2844.365036784908,-2461.944761256622,-2461.987300926676,0.07731129065041387,0.07119648044135829,0.13857493183282693,0.007247762924283297,registered
1105,1787909622.8828819,1787909622.882191,55.22869889177764,-2464.7713011082224,-2847.2263482571047,-2464.5279751242438,-2464.5450687144166,-0.22623239380573068,-0.20523614491958142,0.08494599161612021,0.005112795370279087,registered
1106,1787909622.9115193,1787909622.910882,52.89185045640579,-2467.108149543594,-2849.5631966924766,-2467.096729752466,-2467.1271036265775,0.01895408298332768,0.04292981197022527,0.13039432184072336,0.007430620555200488,registered
1107,1787909622.9401786,1787909622.9395006,50.60529964217494,-2469.394700357825,-2851.8497475067074,-2469.659199013571,-2469.7026158103354,0.30791545251031494,0.3204057092707444,0.14883850541742003,0.007075586768897649,registered
1108,1787909622.9689498,1787909622.9682066,47.885979926066284,-2472.1140200739337,-2854.569067222816,-2472.2458624286924,-2472.286002472132,0.17198239819845185,0.1673333436519897,0.12837231307552432,0.00670816076245109,registered
1109,1787909622.9975674,1787909622.9968083,44.810618486709245,-2475.1893815132908,-2857.644428662173,-2474.854556745857,-2474.8599912555064,-0.3293902577843255,-0.34162453546150573,0.17680277488454388,0.01119031133055997,registered
1110,1787909623.0259087,1787909623.0253131,42.66508466277946,-2477.3349153372205,-2859.789962486103,-2477.398787079147,-2477.425268763448,0.09035342622746612,0.08177110285714662,0.1692097969471843,0.010643748149395551,registered
1111,1787909623.054363,1787909623.0537841,40.03267136322165,-2479.9673286367783,-2862.4223757856607,-2480.049202468261,-2479.987499470622,0.02017083384362195,0.017384021813086292,0.16882553344771176,0.010316310529357475,registered
1112,1787909623.0829823,1787909623.0823755,37.308324796263605,-2482.6916752037364,-2865.146722352619,-2482.682481145483,-2482.5605656312287,-0.13110957250773936,-0.12496771335281665,0.13553265386911764,0.008167215105779722,registered
1113,1787909623.111797,1787909623.110942,34.70049917864753,-2485.2995008213525,-2867.754547970235,-2485.2209243724947,-2485.1313788757748,-0.16812194557769544,-0.16482759584823725,0.1494395081094736,0.008796851935869897,registered
1114,1787909623.140408,1787909623.1396146,32.44415096583862,-2487.5558490341614,-2870.0108961830438,-2487.732702420558,-2487.7117616494916,0.15591261533018042,0.1657530759734982,0.1778818543191604,0.01032876601586009,registered
1115,1787909623.1689172,1787909623.1682348,29.437821277380863,-2490.562178722619,-2873.0172258715015,-2490.297632604975,-2490.2874240276537,-0.2747546949653952,-0.27349867338489275,0.11909712277519434,0.00821033572541757,registered
1116,1787909623.197447,1787909623.196581,27.190454299056,-2492.809545700944,-2875.2645928498264,-2492.7941955994843,-2492.8384116108696,0.02886590992557103,0.03497749112648307,0.1369168976266465,0.010757957711587988,registered
1117,1787909623.2275963,1787909623.226792,24.78270479710727,-2495.2172952028927,-2877.672342351775,-2495.3179348938793,-2495.5572521687477,0.3399569658549808,0.35771080622362206,0.11858506725389895,0.010274116016974649,registered
1118,1787909623.2547145,1787909623.2539916,22.13559126254131,-2497.8644087374587,-2880.319455886341,-2497.9095682562274,-2498.005056196403,0.14064745894438602,0.13334310900427226,0.14438561623928353,0.013488999592219,registered
1119,1787909623.2837627,1787909623.2831862,19.5776060866674,-2500.4223939133326,-2882.877441062215,-2500.5744990415747,-2500.632406905891,0.21001299255840422,0.20810400763411963,0.19540592880626112,0.018072728603428356,registered
1120,1787909623.312509,1787909623.3114417,16.87167093256994,-2503.12832906743,-2885.5833762163124,-2503.2105370550835,-2503.175241078603,0.04691201117293531,0.05501245062760063,0.1837639846375316,0.017195045426261883,registered
1121,1787909623.3424096,1787909623.3414283,13.996310360114421,-2506.0036896398856,-2888.458736788768,-2505.86385201124,-2505.873869760969,-0.12981987891680546,-0.1288924422801756,0.21817249036683667,0.01962181916244454,registered
1122,1787909623.369173,1787909623.3682861,11.32152412278856,-2508.6784758772114,-2891.133523026094,-2508.510356362953,-2508.2909268484877,-0.3875490287236971,-0.38093281078226937,0.15123092751716938,0.011998204890576757,registered
1123,1787909623.3973422,1787909623.3965402,8.76666824777385,-2511.233331752226,-2893.6883789011085,-2511.128126737656,-2510.833632283139,-0.3996994690869542,-0.3980534057905061,0.15179008167012234,0.011700370407676035,registered
1124,1787909623.4264069,1787909623.4256144,6.433531175019198,-2513.566468824981,-2896.021515973863,-2513.6829190268572,-2513.450147539194,-0.11632128578685297,-0.11325470258543646,0.1190149910809865,0.008663431091744953,registered
1125,1787909623.454741,1787909623.454124,4.074326944431505,-2515.9256730555685,-2898.380720204451,-2516.149660671791,-2516.015854174004,0.09018111843533916,0.08901633430969014,0.17512363168940062,0.012255840019090572,registered
1126,1787909623.4837494,1787909623.4827135,1.198493521002547,-2518.8015064789975,-2901.25655362788,-2518.5870192714688,-2518.5887486838633,-0.21275779513416637,-0.2068956714019805,0.09443289067762425,0.007610824129373502,registered
1127,1787909623.51192,1787909623.5110672,358.81172552340104,-2521.188274476599,-2903.6433216254813,-2521.036388931632,-2521.140422870069,-0.047851606530002755,-0.04212978432769887,0.11984718058615897,0.010540985276576946,registered
1128,1787909623.540171,1787909623.5394373,356.5613444035848,-2523.438655596415,-2905.8937027452976,-2523.550172604283,-2523.6935775439715,0.25492194755634046,0.2546600002615378,0.10749852113323036,0.010178856237828469,registered
1129,1787909623.5694454,1787909623.5687604,354.02050690117085,-2525.979493098829,-2908.4345402477115,-2526.132382540011,-2526.3324932225687,0.35300012373954814,0.35568925672623664,0.11430225438531458,0.011451068864827597,registered
1130,1787909623.5976675,1787909623.5968301,351.2898941073886,-2528.7101058926114,-2911.165153041494,-2528.7886962256416,-2528.858612903748,0.148507011136644,0.14886019408186257,0.14518441579857305,0.01508994720119099,registered
1131,1787909623.625962,1787909623.6253228,348.6623141863556,-2531.3376858136444,-2913.7927329625268,-2531.432065940502,-2531.4227961381744,0.08511032452997824,0.08875583034841839,0.1644266935153244,0.01821666735043298,registered
1132,1787909623.6546755,1787909623.6541016,345.787250838167,-2534.212749161833,-2916.6677963107154,-2534.0963565082848,-2534.0127269847176,-0.2000221771154429,-0.19747898796367735,0.17405684822554024,0.019086586367160877,registered
1133,1787909623.6831005,1787909623.6823735,343.0941433369353,-2536.9058566630647,-2919.360903811947,-2536.775374907666,-2536.557041645127,-0.34881501793779535,-0.34973098943601144,0.1304705915002409,0.013760615998028906,registered
1134,1787909623.7117321,1787909623.7111359,340.3919961332126,-2539.6080038667874,-2922.0630510156698,-2539.4198383611606,-2539.1454920039737,-0.4625118628136988,-0.4629021246269076,0.12235293881681936,0.011721117777938411,registered
1135,1787909623.740183,1787909623.7394373,338.1682823925248,-2541.831717607475,-2924.2867647563576,-2541.9579654259305,-2541.692467250968,-0.13925035650709106,-0.14351461194473814,0.13210946230419762,0.011131038230510776,registered
1136,1787909623.7690277,1787909623.7682347,335.7309605838873,-2544.2690394161127,-2926.724086564995,-2544.4410100719388,-2544.284071692299,0.015032276186502713,-0.00013054923056188272,0.13717594109030448,0.009986859862656685,registered
1137,1787909623.797599,1787909623.7969818,332.9364022270306,-2547.0635977729694,-2929.518644921852,-2546.92842257237,-2546.8711488451663,-0.19244892780307055,-0.19830844181751672,0.10755075676826241,0.007603046597611758,registered
1138,1787909623.8262255,1787909623.825525,330.4917747764548,-2549.508225223545,-2931.9632723724276,-2549.3999858838406,-2549.4398808244,-0.06834439914518953,-0.07238274253768395,0.10733195783765968,0.008662470767505438,registered
1139,1787909623.8545547,1787909623.8538759,328.28997099690014,-2551.7100290031,-2934.1650761519822,-2551.8930720113103,-2551.9912975344846,0.2812685313847396,0.27921432849871053,0.08948800553005956,0.007504311119619817,registered
1140,1787909623.8834918,1787909623.8826375,325.5497726286785,-2554.4502273713215,-2936.905274520204,-2554.4732961684167,-2554.5796835243013,0.1294561529798557,0.1304710888939553,0.09746145080220167,0.008055328971793504,registered
1141,1787909623.9114199,1787909623.910781,322.7809290226596,-2557.2190709773404,-2939.6741181262228,-2557.106297003519,-2557.112433215601,-0.10663776173942097,-0.10773983594435776,0.13406341097627827,0.011294862415264388,registered
1142,1787909623.9404562,1787909623.9397817,320.49818840204944,-2559.5018115979506,-2941.956858746833,-2559.6916208295115,-2559.722339917879,0.22052831992823485,0.21712227322223043,0.1682468479119472,0.01427471967661139,registered
1143,1787909623.968912,1787909623.9681706,317.6704345750518,-2562.329565424948,-2944.7846125738306,-2562.3496597605404,-2562.2771896429126,-0.052375782035596785,-0.04399932641217674,0.19898501454750636,0.016243760976353373,registered
1144,1787909623.9977193,1787909623.9968925,314.8455638090668,-2565.154436190933,-2947.6094833398156,-2565.0343508518126,-2564.8619924233763,-0.29244376755696067,-0.2806172366413193,0.1763861701090333,0.013507268353794465,registered
1145,1787909624.0290303,1787909624.0280766,312.1963403849177,-2567.8036596150823,-2950.2587067639647,-2567.6406391105675,-2567.6683963187966,-0.13526329628575695,-0.12365277549361053,0.14408308687745797,0.010012146485272173,registered
1146,1787909624.0545285,1787909624.0539033,310.0034391338795,-2569.9965608661205,-2952.451608015003,-2570.1808973771813,-2569.9926547209757,-0.00390614514481058,0.001677658266544313,0.21269145642955126,0.013685040183688083,registered
1147,1787909624.0829625,1787909624.0823622,307.1494723853175,-2572.8505276146825,-2955.305574763565,-2572.7392897603177,-2572.553791154635,-0.2967364600476685,-0.2804801443253382,0.1280152413503884,0.007779678075641574,registered
1148,1787909624.1117752,1787909624.1110494,304.68255292624553,-2575.3174470737545,-2957.772494222637,-2575.2510898160035,-2575.135482765301,-0.18196430845364375,-0.16446430188898375,0.1380839481739674,0.008170899648083584,registered
1149,1787909624.140605,1787909624.139973,302.3611868640196,-2577.6388131359804,-2960.093860284863,-2577.7222256008813,-2577.7384376123073,0.09962447632688054,0.09386151027956657,0.1560069021542323,0.009624324122489395,registered
1150,1787909624.1689868,1787909624.168313,299.93439297092846,-2580.0656070290715,-2962.520654177954,-2580.20062777359,-2580.288888786937,0.22328175786560678,0.20982799547709874,0.10387359259989433,0.006034554302576508,registered
1151,1787909624.197345,1787909624.1964786,297.09918100053255,-2582.9008189994674,-2965.35586614835,-2582.80074647419,-2582.8236339181763,-0.07718508129119073,-0.09051479941444995,0.18262926306173655,0.009315142411123297,registered
1152,1787909624.2261984,1787909624.2255948,294.5794699644357,-2585.4205300355643,-2967.8755771844467,-2585.3611848693185,-2585.4439254906747,0.023395455110403418,0.03460742932929861,0.10874172071645559,0.005938339703862904,registered
1153,1787909624.2547395,1787909624.2539558,292.2711981637108,-2587.728801836289,-2970.1838489851716,-2587.8988967331857,-2587.996264823527,0.26746298723764994,0.24574976741450882,0.1697853655506638,0.009852835078072148,registered
1154,1787909624.283394,1787909624.2826664,289.48268063321757,-2590.5173193667824,-2972.972366515665,-2590.5532409853954,-2590.580059155849,0.06273978906665434,0.05306762797954434,0.10268897055358693,0.005664682308073825,registered
1155,1787909624.3124292,1787909624.3115883,286.5221415989713,-2593.4778584010287,-2975.932905549911,-2593.197863778132,-2593.1828638084517,-0.29499459257704075,-0.3042103645566385,0.15855172448410185,0.008237723425992657,registered
1156,1787909624.344951,1787909624.3440702,284.3982609336349,-2595.601739066365,-2978.0567862152475,-2595.7288027184977,-2596.106054581168,0.5043155148027836,0.5140157100354372,0.16324931827625833,0.009133053377561423,registered
1157,1787909624.369402,1787909624.3684406,281.93399543029636,-2598.0660045697036,-2980.521051718586,-2598.2885754944477,-2598.2992576376696,0.23325306796596124,0.2355816699709976,0.10209759316229666,0.006102284597661855,registered
1158,1787909624.3978586,1787909624.3970976,278.68268754935707,-2601.317312450643,-2983.7723595995253,-2600.8765224053445,-2600.8782242927196,-0.4390881579233792,-0.4427192694270161,0.14962517001574616,0.008401783300102678,registered
1159,1787909624.4263248,1787909624.425616,276.6503803237215,-2603.3496196762785,-2985.804666825161,-2603.4101640731783,-2603.4447248122365,0.0951051359579651,0.03599988611540539,0.06863809760475031,0.0038013835368812922,registered
1160,1787909624.4548385,1787909624.4541605,274.39317911938133,-2605.6068208806187,-2988.061868029501,-2605.9574812912488,-2606.0135640731874,0.4067431925686833,0.4045741116578938,0.15201121157159697,0.008754741023272877,registered
1161,1787909624.4830997,1787909624.482382,271.40445232121783,-2608.595547678782,-2991.0505948276646,-2608.559775611967,-2608.553351445132,-0.0421962336499746,-0.041409787060729286,0.10506822055417774,0.005629385760467479,registered
1162,1787909624.5120192,1787909624.5113742,268.7329425113089,-2611.267057488691,-2993.7221046375735,-2611.090118730978,-2611.162485719047,-0.10457176964428072,-0.08365171491414003,0.12993047361845217,0.006300852702487675,registered
1163,1787909624.546472,1787909624.5457988,266.3175510464762,-2613.682448953524,-2996.137496102406,-2613.6206931262877,-2614.26050277804,0.5780538245162461,0.6034764468986396,0.14304938208455031,0.007326682881287381,registered
1164,1787909624.569036,1787909624.568383,263.7645448283438,-2616.235455171656,-2998.6905023205386,-2616.254865510083,-2616.292954909555,0.05749973789897922,0.09113375521883427,0.10054156489333309,0.0056226198210788435,registered
1165,1787909624.5976357,1787909624.5971127,261.2992508666962,-2618.700749133304,-3001.155796282186,-2618.8294952713363,-2618.878465749352,0.1777166160482011,0.1915425065749332,0.1453997892382529,0.007985685310863732,registered
1166,1787909624.6261072,1787909624.6254473,258.6933756478161,-2621.306624352184,-3003.7616715010663,-2621.34497272089,-2621.4284234280835,0.12179907589961658,0.13545728832741588,0.05519184870860196,0.0029008894178494593,registered
1167,1787909624.6543057,1787909624.6537104,255.9157933342808,-2624.084206665719,-3006.5392538146016,-2623.9138699523455,-2623.9719442037854,-0.11226246193382394,-0.11027024250870454,0.1463503031310088,0.007777575582188232,registered
1168,1787909624.6832848,1787909624.6825202,253.56141865858626,-2626.4385813414137,-3008.893628490296,-2626.5021799946544,-2626.564664374975,0.12608303356137185,0.12340549562441083,0.06486598836460551,0.0034870380752788327,registered
1169,1787909624.7120712,1787909624.7113178,250.968822345018,-2629.031177654982,-3011.4862248038644,-2629.09772651982,-2629.15629027265,0.12511261766803727,0.1301656594673659,0.10274216963526281,0.005654121170643112,registered
1170,1787909624.7411454,1787909624.740426,248.2836054438676,-2631.7163945561324,-3014.171441705015,-2631.6847521021236,-2631.7758737858153,0.059479229682892765,0.06407014487331253,0.10843379354274933,0.006017397569569436,registered
1171,1787909624.7689095,1787909624.768218,245.70688890702422,-2634.293111092976,-3016.748158241858,-2634.2647721483045,-2634.2769968268976,-0.01611426607814792,-0.010941596971861145,0.08534953417247775,0.004715613801422592,registered
1172,1787909624.7977402,1787909624.79701,243.20578418892865,-2636.7942158110714,-3019.2492629599537,-2636.8170064243404,-2636.86810777233,0.07389196125859598,0.07302016593166627,0.11626140717883386,0.006051640748374873,registered
1173,1787909624.8262658,1787909624.8254685,240.5470045619627,-2639.4529954380373,-3021.9080425869197,-2639.396570162707,-2639.4292227496453,-0.02377268839200042,-0.01641161734551133,0.06875860467662472,0.0033961320672961284,registered
1174,1787909624.8548346,1787909624.8541718,238.07646341156578,-2641.923536588434,-3024.3785837373166,-2641.956418692487,-2642.012351935321,0.08881534688680404,0.09893584866040328,0.13501701588864518,0.006709179338433779,registered
1175,1787909624.8833013,1787909624.882467,235.45041404805943,-2644.5495859519406,-3027.004633100823,-2644.4996604816147,-2644.5587693173866,0.009183365446006064,0.006548896833919571,0.08311732295154511,0.004173786245155559,registered
1176,1787909624.912024,1787909624.911242,233.01673067464435,-2646.9832693253556,-3029.438316474238,-2647.0597629495487,-2647.1483568624353,0.16508753707967116,0.16735452049260857,0.1065522051555002,0.005178546168703936,registered
1177,1787909624.9403152,1787909624.939674,230.35176490371032,-2649.6482350962897,-3032.103282245172,-2649.653943146206,-2649.707068729286,0.058833632996538654,0.060746704120901995,0.15385658499466848,0.0063775653334999655,registered
1178,1787909624.9692197,1787909624.9684446,227.72954752497117,-2652.270452475029,-3034.725499623911,-2652.2373875502517,-2652.2962700601533,0.025817585124514153,0.028112019389482157,0.16967769323389653,0.006328498615240787,registered
1179,1787909624.997677,1787909624.997054,225.19630809729415,-2654.803691902706,-3037.2587390515882,-2654.866959430535,-2654.870966902861,0.06727500015495025,0.0731338387672622,0.19601292714928056,0.008816864928632135,registered
1180,1787909625.0267797,1787909625.0260882,222.50994904808113,-2657.490050951919,-3039.9450981008013,-2657.4986960666793,-2657.483877493219,-0.006173458699777257,0.0020721857440548774,0.18028688026930512,0.009137057898471584,registered
1181,1787909625.0546124,1787909625.05392,219.8284577070467,-2660.1715422929533,-3042.6265894418357,-2660.138388699615,-2659.988583743654,-0.18295854929920097,-0.1827449829302168,0.22244241376813353,0.010612233775007241,registered
1182,1787909625.08337,1787909625.0826797,217.33147113306768,-2662.6685288669323,-3045.1235760158147,-2662.702356612,-2662.5767980827236,-0.09173078420872116,-0.1014129236655208,0.15696836153402205,0.006994226103422816,registered
1183,1787909625.111753,1787909625.111134,214.6221562673668,-2665.377843732633,-3047.8328908815156,-2665.249098287603,-2665.1375268458573,-0.24031688677587226,-0.23837649007600703,0.15578240233306748,0.00835910887343782,registered
1184,1787909625.1404781,1787909625.1398897,212.17142828321812,-2667.828571716782,-3050.2836188656643,-2667.7601471172698,-2667.725376427088,-0.10319528969375824,-0.09140223707709083,0.1257064136568537,0.008061974391329376,registered
1185,1787909625.1693432,1787909625.1685877,209.74854859079232,-2670.2514514092077,-3052.70649855809,-2670.2497990779484,-2670.3080335732084,0.056582164000701596,0.06123125864951362,0.12223166787913105,0.008231331936961243,registered
1186,1787909625.1974523,1787909625.1967692,207.39439658778747,-2672.6056034122125,-3055.060650561095,-2672.7531679872345,-2672.8442162794568,0.23861286724422826,0.23654030459420028,0.13741667637441418,0.009303021527201782,registered
1187,1787909625.2261825,1787909625.2254694,204.71400505152815,-2675.285994948472,-3057.7410420973542,-2675.2914798585302,-2675.4270665326685,0.1410715841966521,0.14179639243366182,0.16284256234123348,0.010920306858410599,registered
1188,1787909625.254654,1787909625.2540288,202.1947881697647,-2677.8052118302353,-3060.2602589791177,-2677.8871992381146,-2677.9972575432553,0.1920457130199793,0.20213303187165366,0.1370550792623305,0.010144330871950423,registered
1189,1787909625.2833347,1787909625.282632,199.46467267142998,-2680.53532732857,-3062.9903744774524,-2680.508037390039,-2680.5713965210334,0.03606919246340112,0.02608286444865371,0.16980209946713715,0.01359541656866446,registered
1190,1787909625.3125024,1787909625.3116803,196.80401294959438,-2683.1959870504056,-3065.651034199288,-2683.169693383413,-2683.185573035654,-0.010414014751404466,-0.020458990401493793,0.20655373571432858,0.016710409832664377,registered
1191,1787909625.3421674,1787909625.3413765,194.12636546226122,-2685.873634537739,-3068.328681686621,-2685.872000015821,-2685.858067891721,-0.015566646017759922,0.01002206643079262,0.18993091910731322,0.015828018023685508,registered
1192,1787909625.369297,1787909625.368179,191.40328457332362,-2688.5967154266764,-3071.0517625755588,-2688.5123698141806,-2688.270147107564,-0.32656831911253903,-0.30271030500443885,0.16972237815335267,0.012314655299581947,registered
1193,1787909625.3978364,1787909625.397219,189.05318931895727,-2690.9468106810427,-3073.401857829925,-2691.095716298274,-2690.8835726501643,-0.06323803087843771,-0.051124422256634716,0.16505800570304355,0.010884189877948236,registered
1194,1787909625.4262366,1787909625.42557,186.23141560108843,-2693.7685843989116,-3076.223631547794,-2693.6340204033704,-2693.4350108165927,-0.333573582318877,-0.3218603770669688,0.11316417272680619,0.008621437135436432,registered
1195,1787909625.454758,1787909625.4540617,183.68641525640396,-2696.313584743596,-3078.7686318924784,-2696.1501636716457,-2695.999108225645,-0.3144765179508795,-0.3032497533977221,0.11011668694011681,0.008749579463789094,registered
1196,1787909625.4835105,1787909625.4827745,181.48995760320759,-2698.5100423967924,-3080.965089545675,-2698.618114590594,-2698.5830956650584,0.07305326826599412,0.08423573696200037,0.11350372602811017,0.00820295032108333,registered
1197,1787909625.5127554,1787909625.5120416,179.037015218104,-2700.962984781896,-3083.4180319307784,-2701.0738038198415,-2701.216969102949,0.2539843210529398,0.2736973367573228,0.10074849321067504,0.0065436525467108195,registered
1198,1787909625.540727,1787909625.5398648,176.35084296665173,-2703.6491570333483,-3086.1042041822307,-2703.580011061012,-2703.7209029250203,0.07174589167198064,0.08362669273083156,0.16543604311048274,0.010752563887956808,registered
1199,1787909625.5692527,1787909625.5684686,173.89459647392277,-2706.105403526077,-3088.5604506749596,-2706.082657325868,-2706.2950848154856,0.18968128940832685,0.19806788845926349,0.13277568469947298,0.009959053027710874,registered
1200,1787909625.597675,1787909625.5969627,171.4376788380473,-2708.5623211619527,-3091.017368310835,-2708.672243547171,-2708.8593967879724,0.29707562601970494,0.3040563460458543,0.13172317043309426,0.011864837633406395,registered
1201,1787909625.6263041,1787909625.6254766,168.70676322296822,-2711.293236777032,-3093.748283925914,-2711.3464668001966,-2711.425489636964,0.1322528599321231,0.13043174043104955,0.14840097611826852,0.014048366558815204,registered
1202,1787909625.6557279,1787909625.6551068,165.92874260944882,-2714.071257390551,-3096.5263045394336,-2714.051564001451,-2714.0920410859003,0.02078369534910962,0.03152335835648046,0.1805310497435765,0.01682524848298363,registered
1203,1787909625.6833036,1787909625.6825829,163.28162575789656,-2716.7183742421034,-3099.173421390986,-2716.765496244052,-2716.564734471936,-0.1536397701675014,-0.1474098703170057,0.13983818218961389,0.013371944765911505,registered
1204,1787909625.7119336,1787909625.7113273,160.53999555133714,-2719.460004448663,-3101.9150515975452,-2719.4379481908645,-2719.1515756050253,-0.3084288436375573,-0.3183860102476501,0.15824883495033135,0.013794248218379532,registered
1205,1787909625.7408943,1787909625.740188,157.82584304758757,-2722.1741569524124,-3104.629204101295,-2722.063386898419,-2721.7488659773658,-0.42529097504666424,-0.4377779897245091,0.18463282112595802,0.013112408106219305,registered
1206,1787909625.7692544,1787909625.7683353,155.21664069937106,-2724.783359300629,-3107.2384064495113,-2724.6035749937973,-2724.281980426504,-0.5013788741248391,-0.5063919309864104,0.1259272601096801,0.009562290534104225,registered
1207,1787909625.7978013,1787909625.7971137,152.88159445024894,-2727.118405549751,-3109.5734526986334,-2727.079246402466,-2726.8718683603606,-0.24653718939043756,-0.25570093107353387,0.15372147771465086,0.01204451915000222,registered
1208,1787909625.8265545,1787909625.8259704,150.65921806906454,-2729.3407819309355,-3111.795829079818,-2729.534374669613,-2729.468815431206,0.12803350027070337,0.14181157870007155,0.10176214684581844,0.0069754532350434825,registered
1209,1787909625.855093,1787909625.854249,147.98757062888944,-2732.0124293711106,-3114.467476519993,-2732.016715074066,-2732.013730869231,0.001301498120483302,0.0662197064607426,0.20041392633535607,0.011940374254885092,registered
1210,1787909625.8833852,1787909625.8824956,145.5243190674055,-2734.4756809325945,-3116.930728081477,-2734.541260990587,-2734.5557711572364,0.08009022464193549,0.11897161841443449,0.12996840971529702,0.007561192528153292,registered
1211,1787909625.9120812,1787909625.9113255,142.96844178580523,-2737.031558214195,-3119.486605363077,-2737.1214416690236,-2737.150293661274,0.11873544707941619,0.1444281082353882,0.16600659512484645,0.010747184510687874,registered
1212,1787909625.9412563,1787909625.940372,140.21672250360734,-2739.7832774963927,-3122.238324645275,-2739.80300259116,-2739.764319981491,-0.01895751490155817,-0.018360825748004572,0.17302870031263487,0.011932540929615397,registered
1213,1787909625.9691746,1787909625.9683115,137.40760277338586,-2742.592397226614,-3125.0474443754965,-2742.476549041161,-2742.2787244991573,-0.31367272745683294,-0.32221870381044937,0.16830849489475502,0.010644956366237954,registered
1214,1787909625.9977243,1787909625.9971159,134.88509238790994,-2745.11490761209,-3127.5699547609725,-2745.0743754518426,-2744.870951174448,-0.24395643764228225,-0.2546828362596898,0.20864666741449467,0.012230792217388412,registered
1215,1787909626.026336,1787909626.025645,132.29222861717426,-2747.7077713828257,-3130.162818531708,-2747.668858165328,-2747.438417229419,-0.2693541534067663,-0.2592925693129473,0.19596051054242403,0.009938772633201842,registered
1216,1787909626.0547931,1787909626.054171,129.62553483896272,-2750.3744651610373,-3132.8295123099197,-2750.234146656984,-2750.0056043519257,-0.3688608091115384,-0.36067170075602917,0.26101108426474373,0.011626275595973675,registered
1217,1787909626.0834656,1787909626.0826957,127.38194696122082,-2752.618053038779,-3135.0731001876616,-2752.7720905263304,-2752.5726627363715,-0.04539030240766806,-0.04641049165365985,0.17923303582939773,0.0077677918329192635,registered
1218,1787909626.1134207,1787909626.1126847,124.84561871899496,-2755.154381281005,-3137.6094284298874,-2755.310355811786,-2755.2715059821717,0.11712470116663098,0.13613609383901348,0.1944803948145316,0.008178428399884441,registered
1219,1787909626.1409063,1787909626.1401727,122.13266353089148,-2757.8673364691085,-3140.322383617991,-2757.830917180459,-2757.7452721853792,-0.12206428372928713,-0.12330443606015251,0.22836148498635414,0.009762348631364286,registered
1220,1787909626.1691828,1787909626.1684656,119.53048871705414,-2760.469511282946,-3142.9245584318282,-2760.3421783892245,-2760.29147500401,-0.178036278935906,-0.12441341101884973,0.22085684463309582,0.009587809280273727,registered
1221,1787909626.197828,1787909626.197175,116.99455682103007,-2763.00544317897,-3145.4604903278523,-2762.9306756199176,-2762.875162054615,-0.13028112435495132,-0.16073448473207463,0.24153476237364369,0.010086198458107567,registered
1222,1787909626.226276,1787909626.225527,114.53382131288981,-2765.46617868711,-3147.9212258359926,-2765.5284111332903,-2765.426686046417,-0.03949264069296987,-0.02271989818336806,0.10628502822689778,0.004653393254522942,registered
1223,1787909626.25488,1787909626.2540534,112.14196385255946,-2767.8580361474405,-3150.313083296323,-2768.075059394777,-2767.993894625267,0.1358584778263321,0.166780673428093,0.1960529657382386,0.009738511829594338,registered
1224,1787909626.2834587,1787909626.2827356,109.33051075584808,-2770.669489244152,-3153.1245363930343,-2770.616392533402,-2770.575135652721,-0.09435359143071764,-0.1100950641343843,0.10692392045750905,0.005440998840637737,registered
1225,1787909626.3143423,1787909626.313275,106.55589312484744,-2773.4441068751526,-3155.899154024035,-2773.165080619285,-2773.3235215955037,-0.1205852796488216,-0.12085870355576844,0.16999180888027218,0.007650275999060079,registered
1226,1787909626.341989,1787909626.3412828,104.41104815141716,-2775.588951848583,-3158.043998997465,-2775.7040255722627,-2775.844062627391,0.2551107788081026,0.21883780816278886,0.18387946713769865,0.008860487017050707,registered
1227,1787909626.3692806,1787909626.368608,101.77587714775564,-2778.2241228522444,-3160.6791700011267,-2778.2804634527038,-2778.303174148035,0.07905129579057757,0.08921525456844392,0.08485954249273368,0.005069644901103763,registered
1228,1787909626.3978436,1787909626.397152,99.12728938082319,-2780.872710619177,-3163.327757768059,-2780.877847643689,-2780.8719704962987,-0.0007401228781418467,-0.0063424154423046275,0.1575808008374135,0.009502101711969808,registered
1229,1787909626.4263127,1787909626.4256532,96.65852898975936,-2783.3414710102406,-3165.796518159123,-2783.4131561231525,-2783.436926159088,0.09545514884757722,0.08903576795091794,0.09527160015764459,0.005172564144519525,registered
1230,1787909626.4551775,1787909626.4542878,94.07736388943431,-2785.9226361105657,-3168.377683259448,-2785.928525841632,-2786.0138759178562,0.09123980729054892,0.06938122424253379,0.196853469739221,0.011581381936079299,registered
1231,1787909626.4836335,1787909626.4829679,91.27737429522767,-2788.7226257047723,-3171.1776728536547,-2788.5542902875404,-2788.594923838219,-0.12770186655325233,-0.13795928869330965,0.0801017840722079,0.005309007487261715,registered
1232,1787909626.512437,1787909626.5115333,88.8025090675319,-2791.197490932468,-3173.6525380813505,-2791.161228133261,-2791.165651257392,-0.03183967507629859,-0.03901950144290822,0.14159974192363264,0.00870353100857945,registered
1233,1787909626.54205,1787909626.5413115,86.49628296121682,-2793.503717038783,-3175.9587641876656,-2793.6534230075945,-2793.8455270955988,0.3418100568155751,0.3573921457555116,0.1310649866063184,0.007693629458407604,registered
1234,1787909626.5696628,1787909626.5689733,83.88016656618674,-2796.1198334338133,-3178.5748805826956,-2796.250561033068,-2796.3349349731675,0.2151015393542366,0.194217143663991,0.1364998463736319,0.00913908634230588,registered
1235,1787909626.5978808,1787909626.5972042,80.90496571806307,-2799.095034281937,-3181.5500814308193,-2798.8102561258847,-2798.8755591425065,-0.21947513943041486,-0.21354043379005816,0.12095048263502065,0.007987391517346721,registered
1236,1787909626.626316,1787909626.6256676,78.63128090663167,-2801.3687190933683,-3183.8237662422507,-2801.3587580287094,-2801.4371032466906,0.06838415332231307,0.06075185761301327,0.09027401761888748,0.005277129111976073,registered
1237,1787909626.6552038,1787909626.654403,76.4537863768619,-2803.546213623138,-3186.0012607720205,-2803.93873235351,-2804.0231290387296,0.4769154155915203,0.4411516287673294,0.18907802632815474,0.011251459186829559,registered
1238,1787909626.6832616,1787909626.6826196,73.05618498802687,-2806.943815011973,-3189.3988621608555,-2806.559785523039,-2806.562465827463,-0.3813491845103272,-0.37061265515876585,0.10619747152817569,0.007221718692697736,registered
1239,1787909626.7121713,1787909626.7115912,71.00355196354712,-2808.996448036453,-3191.4514951853353,-2809.1264239830953,-2809.1697548558423,0.17330681938938142,0.18689804687937794,0.11060013096227425,0.007147378665262621,registered
1240,1787909626.7413924,1787909626.7407055,68.33844371407031,-2811.6615562859297,-3194.116603434812,-2811.6632816149654,-2811.7898747775935,0.1283184916637765,0.12550125720918004,0.13503793269274256,0.007658842690399408,registered
1241,1787909626.7692175,1787909626.7685204,65.72529070314158,-2814.2747092968584,-3196.729756445741,-2814.299671964598,-2814.293057627645,0.01834833078646625,-0.0005861918612026784,0.0760904230518028,0.004418885743935749,registered
1242,1787909626.7978003,1787909626.797118,63.007241979295486,-2816.9927580207045,-3199.447805169587,-2816.937050054806,-2816.866681653181,-0.1260763675236376,-0.1567199438895841,0.1478492315538991,0.008558771365313274,registered
1243,1787909626.8266156,1787909626.8258858,60.647990154884155,-2819.352009845116,-3201.8070569939982,-2819.429970098458,-2819.4556255079265,0.10361566281062551,0.08238047692839245,0.09902228344233249,0.00511431960446331,registered
1244,1787909626.855065,1787909626.8543236,58.01229879031007,-2821.98770120969,-3204.4427483585723,-2821.9761558912746,-2822.014873783364,0.02717257367385173,0.02514858301174172,0.15386558862917984,0.008080109222221691,registered
1245,1787909626.884053,1787909626.883105,55.248893525975745,-2824.7511064740243,-3207.2061536229066,-2824.558612546317,-2824.6050406496847,-0.14606582433953008,-0.16373101999079154,0.08528089197589059,0.005130855652154257,registered
1246,1787909626.9121897,1787909626.911373,52.853206737125674,-2827.1467932628743,-3209.6018404117567,-2827.11644233112,-2827.1489905522553,0.0021972893810016103,-0.015541263397608418,0.11840239450247465,0.006729799574196556,registered
1247,1787909626.9410388,1787909626.940045,50.64310144556339,-2829.3568985544366,-3211.811945703319,-2829.6676263760514,-2829.7293304132854,0.37243185884881314,0.3561154970575444,0.15324523377675833,0.007301082628363371,registered
1248,1787909626.9692771,1787909626.9684768,47.86717426225141,-2832.1328257377486,-3214.587872886631,-2832.255749387694,-2832.2880208237934,0.15519508604484145,0.12615794057364837,0.108465784825321,0.005678082288235881,registered
1249,1787909626.9978223,1787909626.997136,44.73629460995335,-2835.2637053900467,-3217.718752538929,-2834.866044545469,-2834.8672020422778,-0.39650334776888485,-0.4113503813409807,0.1820351192445148,0.011534927681021608,registered
1250,1787909627.0264494,1787909627.025794,42.69524165702978,-2837.30475834297,-3219.7598054918526,-2837.4210320111993,-2837.446254522702,0.14149617973180284,0.11684924680730546,0.17023383110985169,0.010712459515651406,registered
1251,1787909627.0552247,1787909627.054439,39.98946652650011,-2840.0105334735,-3222.4655806223823,-2840.0689635528943,-2840.0241483605805,0.013614887080620974,0.016849653592998948,0.17764287739769563,0.010851720153102928,registered
1252,1787909627.083622,1787909627.082921,37.29849744069497,-2842.701502559305,-3225.1565497081874,-2842.715480976447,-2842.5873660595526,-0.11413649975247608,-0.12044801795582316,0.12074753384682224,0.00727597197248941,registered
1253,1787909627.1121106,1787909627.1114304,34.65457131471294,-2845.345428685287,-3227.8004758341694,-2845.248072167381,-2845.1530512380186,-0.1923774472684272,-0.18739169390255483,0.13096019898898478,0.007703577161910314,registered
1254,1787909627.1407328,1787909627.1400473,32.425468569987515,-2847.5745314300125,-3230.029578578895,-2847.760518719787,-2847.7284132273726,0.15388179736009988,0.15620239345889786,0.16176420282272247,0.0093960438445563,registered
1255,1787909627.1694129,1787909627.1685064,29.403889875633922,-2850.596110124366,-3233.0511572732485,-2850.3336283153494,-2850.289571117375,-0.3065390069909881,-0.2916124870444037,0.10370250199889884,0.007166556074388941,registered
1256,1787909627.197988,1787909627.197281,27.129874500836195,-2852.870125499164,-3235.325172648046,-2852.8289903625596,-2852.879115749737,0.00899025057333347,0.0024941444216892705,0.12514721229012385,0.009859590600589227,registered
1257,1787909627.2263088,1787909627.2255757,24.775713878709666,-2855.2242861212903,-3237.6793332701727,-2855.3541924295773,-2855.425490219115,0.2012040978247569,0.20097473166697455,0.12314498591666537,0.010672133121571252,registered
1258,1787909627.2553103,1787909627.254548,22.092484926660745,-2857.9075150733393,-3240.3625622222216,-2857.9415106266356,-2858.032843616525,0.12532854318578757,0.17770514383664704,0.14204001578847517,0.013275509058761889,registered
1259,1787909627.2833061,1787909627.2826588,19.551347460904253,-2860.4486525390957,-3242.903699687978,-2860.6078563176516,-2860.5626537887747,0.11400124967894953,0.10328540521277318,0.19983627461788003,0.01847895173159408,registered
1260,1787909627.312521,1787909627.3113296,16.81814146959141,-2863.1818585304086,-3245.636905679291,-2863.2429741502747,-2863.142864911744,-0.03899361866479012,-0.03612170609221721,0.18126710023258671,0.016969684417616045,registered
1261,1787909627.3416228,1787909627.3408768,13.986405114115314,-2866.0135948858847,-3248.468642034767,-2865.893626990033,-2865.801949553166,-0.21164533271848995,-0.19530650451815745,0.21631778400279725,0.019446805130962516,registered
1262,1787909627.3764532,1787909627.3754444,11.286621593247673,-2868.7133784067523,-3251.1684255556347,-2868.550875365206,-2868.912840418218,0.1994620114655845,0.23232615470215023,0.1381204495426599,0.010946149388256547,registered
1263,1787909627.3978994,1787909627.3972027,8.723408207536067,-2871.276591792464,-3253.7316389413463,-2871.1678883738077,-2870.870967776088,-0.40562401637589574,-0.3889381278486326,0.15612900550648662,0.012030956573447065,registered
1264,1787909627.4262438,1787909627.4255881,6.390937623556965,-2873.609062376443,-3256.0641095253254,-2873.72164581518,-2873.4254956559703,-0.18356672047275424,-0.17587871031082614,0.12290872307672067,0.008932383771686193,registered
1265,1787909627.45495,1787909627.4542694,4.041353134014571,-2875.9586468659854,-3258.413694014868,-2876.1863278772144,-2876.0066508580503,0.04800399206487782,0.04897069776097851,0.17393262371557466,0.012181497587109236,registered
1266,1787909627.4838371,1787909627.4830184,1.1350829325456289,-2878.8649170674544,-3261.3199642163368,-2878.6195530284076,-2878.593899661665,-0.27101740578928,-0.2647320283690533,0.08583522386673952,0.00693928653434897,registered
1267,1787909627.5124083,1787909627.5117655,358.8079685330722,-2881.192031466928,-3263.64707861581,-2881.057991834907,-2881.180976814532,-0.01105465239561454,-0.00011136975308545516,0.12775201808648823,0.011237525857714923,registered
1268,1787909627.5409262,1787909627.5400338,356.5578887900865,-2883.4421112099135,-3265.897158358796,-2883.5634466531856,-2883.72496962979,0.28285841987644744,0.298951790504816,0.10960256482436592,0.010379266128883312,registered
1269,1787909627.5693634,1787909627.568604,354.00570201100027,-2885.9942979889997,-3268.449345137882,-2886.140684607,-2886.296126175831,0.30182818683124424,0.30812212205319156,0.10593559258514662,0.010614529566685382,registered
1270,1787909627.5982964,1787909627.5975232,351.3083371708494,-2888.6916628291506,-3271.146709978033,-2888.786449115787,-2888.898694808656,0.20703197950524554,0.21948206547085647,0.14945455998446416,0.015526940434883311,registered
1271,1787909627.626386,1787909627.625733,348.65409908724087,-2891.345900912759,-3273.8009480616415,-2891.4252978269024,-2891.437409363429,0.0915084506700623,0.09599955095654877,0.15552085948307715,0.017231960724316982,registered
1272,1787909627.655353,1787909627.6546814,345.78031682144274,-2894.2196831785573,-3276.6747303274396,-2894.093485573888,-2894.0426171264958,-0.17706605206149106,-0.17154051079160126,0.18170108582453115,0.019922925195216268,registered
1273,1787909627.684157,1787909627.6834357,343.09482004543725,-2896.9051799545628,-3279.360227103445,-2896.7780752035274,-2896.630337969666,-0.2748419848967387,-0.2663242323860686,0.13277309446494862,0.014003641127311625,registered
1274,1787909627.7127223,1787909627.7118597,340.4148948678012,-2899.585105132199,-3282.040152281081,-2899.43072766447,-2899.188341777184,-0.39676335501462745,-0.3936273877934582,0.11333249399305918,0.010869888619048482,registered
1275,1787909627.7405684,1787909627.7398899,338.1325539765371,-2901.867446023463,-3284.3224931723453,-2901.980558405892,-2901.7108997053538,-0.15654631810912178,-0.15826512928424563,0.1301065212092056,0.01093869476339794,registered
1276,1787909627.7693946,1787909627.7685344,335.7070761586265,-2904.2929238413735,-3286.747970990256,-2904.460104176499,-2904.2887506305456,-0.004173210827957519,0.004919748078464181,0.1386521033817034,0.010081309533569182,registered
1277,1787909627.798197,1787909627.7973833,332.88185574761155,-2907.1181442523884,-3289.573191401271,-2906.9557649515928,-2906.884989642058,-0.23315461033052998,-0.2299385462160899,0.12073708484403091,0.008555987691485079,registered
1278,1787909627.8268313,1787909627.826148,330.4581194314428,-2909.541880568557,-3291.9969277174396,-2909.4398027181787,-2909.473654564339,-0.06822600421810421,-0.06898447160665455,0.1013438780655742,0.008190620777589343,registered
1279,1787909627.8552449,1787909627.8543835,328.2697831810233,-2911.7302168189767,-3294.185263967859,-2911.9258300599627,-2912.014686404203,0.28446958522636123,0.2912102018835867,0.10288645972331212,0.008627398972050756,registered
1280,1787909627.883518,1787909627.8827596,325.54997370463434,-2914.4500262953657,-3296.905073444248,-2914.511443423944,-2914.5683774866916,0.11835119132592808,0.11688778129382627,0.09806734497344563,0.008105405362583659,registered
1281,1787909627.9119723,1787909627.9113512,322.7008461907417,-2917.2991538092583,-3299.7542009581407,-2917.1442085541257,-2917.1414651036416,-0.15768870561669246,-0.16042679001793658,0.12678521159307718,0.010688497447982762,registered
1282,1787909627.9414034,1787909627.940472,320.4630507484794,-2919.5369492515206,-3301.991996400403,-2919.7208183003127,-2919.7621643466655,0.2252150951449039,0.22057334294049724,0.1689692975877255,0.014333981497964431,registered
1283,1787909627.969482,1787909627.9686735,317.6966583981862,-2922.303341601814,-3304.758388750696,-2922.3564995856896,-2922.3001493857623,-0.003192216051502328,0.005071041047358449,0.19589641285616854,0.01600024402268074,registered
1284,1787909627.997762,1787909627.997138,314.7525093347922,-2925.247490665208,-3307.70253781409,-2925.0373196756923,-2924.8618007716636,-0.3856898935441677,-0.3623098837165344,0.18104269931966196,0.013828578811722725,registered
1285,1787909628.0266616,1787909628.0259185,312.2574846367843,-2927.7425153632157,-3310.197562512098,-2927.630594078783,-2927.451881812611,-0.2906335506045252,-0.2798346475883591,0.14737861383030282,0.010268034491854603,registered
1286,1787909628.0551243,1787909628.0544064,310.05795253284714,-2929.942047467153,-3312.3970946160352,-2930.1535927496425,-2930.0156359201687,0.0735884530158728,0.08465112285375653,0.19965808372339194,0.012863363542884658,registered
1287,1787909628.0835946,1787909628.0828762,307.2167196495416,-2932.7832803504584,-3315.238327499341,-2932.72357640453,-2932.5777593456255,-0.20552100483291724,-0.19701612343260422,0.12876882898426412,0.007837277317041189,registered
1288,1787909628.112261,1787909628.1114974,304.6057715050579,-2935.394228494942,-3317.8492756438245,-2935.2438113322955,-2935.1535075491615,-0.24072094578059477,-0.2218535444249028,0.15165899312424605,0.008981790961351037,registered
1289,1787909628.141029,1787909628.1402636,302.3928645099086,-2937.6071354900914,-3320.062182638974,-2937.7281630418674,-2937.7423012095032,0.1351657194118161,0.14421951016356616,0.15193148129857412,0.009370307323048452,registered
1290,1787909628.1695395,1787909628.168809,299.9059832427074,-2940.0940167572926,-3322.549063906175,-2940.252489949179,-2940.3112262958275,0.21720953853491665,0.21859941612501643,0.10672940786424392,0.006190622583161023,registered
1291,1787909628.197983,1787909628.1973233,297.01759594520536,-2942.9824040547946,-3325.437451203677,-2942.845165159764,-2942.877362057506,-0.10504199728848107,-0.09330036164237754,0.1761283738386469,0.008980277203918488,registered
1292,1787909628.2264833,1787909628.2258544,294.5572603391638,-2945.442739660836,-3327.8977868097186,-2945.384568698104,-2945.4449997632246,0.0022601023883908056,0.017668906844846788,0.09909969919302027,0.005416595884098305,registered
1293,1787909628.255155,1787909628.2545767,292.1954759374066,-2947.8045240625934,-3330.2595712114758,-2947.90361292766,-2948.029845456375,0.2253213937815417,0.24448820881116262,0.1812791555556303,0.010525012792132617,registered
1294,1787909628.2839062,1787909628.283155,289.48771490758054,-2950.5122850924195,-3332.967332241302,-2950.536814033362,-2950.601731518093,0.08944642567348637,0.10943860177803799,0.11712168256941195,0.00646204701439504,registered
1295,1787909628.3127346,1787909628.312058,286.7071316150332,-2953.292868384967,-3335.747915533849,-2953.1521758669187,-2953.2028411195643,-0.09002726540256845,-0.08439444277746588,0.13109407996021977,0.006795430537654315,registered
1296,1787909628.3419065,1787909628.3410456,284.44421157652414,-2955.555788423476,-3338.0108355723582,-2955.669012661245,-2955.8115677229534,0.25577929947758093,0.26783186169541295,0.17439192398740044,0.009737348180469061,registered
1297,1787909628.3695016,1787909628.368695,281.93575338960727,-2958.0642466103927,-3340.519293759275,-2958.2134788882922,-2958.299859870664,0.23561326027129326,0.25408659886034,0.12233948505922547,0.007312066325994109,registered
1298,1787909628.3991613,1787909628.398392,278.8163829370633,-2961.1836170629367,-3343.638664211819,-2960.8098126004343,-2960.972419095761,-0.21119796717584904,-0.1889919981977073,0.15277685726435314,0.00860824203126348,registered
1299,1787909628.4270618,1787909628.4264002,276.66461076843507,-2963.335389231565,-3345.7904363804473,-2963.340451206121,-2963.4930030403348,0.15761380876983822,0.18747200669349695,0.07725501455791231,0.004277826490403563,registered
1300,1787909628.4553106,1787909628.4545648,274.43109935306165,-2965.5689006469383,-3348.0239477958207,-2965.898908570037,-2966.0276623462,0.45876169926168586,0.4848830064802314,0.15494495785584264,0.008920938376842488,registered
1301,1787909628.4840457,1787909628.4832954,271.51755421974804,-2968.482445780252,-3350.9374929291344,-2968.493896000001,-2968.6132590113702,0.1308132311182817,0.16002146534492567,0.09082121056811203,0.004893180479022841,registered
1302,1787909628.5124364,1787909628.5116847,268.72745513949667,-2971.2725448605033,-3353.7275920093857,-2971.0327727621834,-2971.1681301927474,-0.10441466775591834,-0.08519837015910525,0.13411737676041602,0.0065036170674310344,registered
1303,1787909628.541443,1787909628.5407586,266.4911195501536,-2973.5088804498464,-3355.963927598729,-2973.5877981704457,-2973.784623992459,0.2757435426124175,0.2964212350620983,0.1431653255337414,0.00727965188893213,registered
1304,1787909628.5697215,1787909628.5690527,263.72362562632316,-2976.276374373677,-3358.7314215225592,-2976.2245337527565,-2976.3309340928067,0.05455971912988389,0.08778117985821154,0.09991836786136286,0.005591228095086511,registered
1305,1787909628.5979357,1787909628.5972784,261.26840309134013,-2978.73159690866,-3361.1866440575423,-2978.822755357517,-2978.8710862225903,0.13948931393042585,0.17368513744759184,0.13803640027247274,0.007575762072002457,registered
1306,1787909628.627374,1787909628.6265962,258.6837179798472,-2981.316282020153,-3363.771329169035,-2981.366637624733,-2981.5095298616316,0.19324784147875107,0.22094086015431458,0.06127601889243994,0.003220588050162612,registered
1307,1787909628.6552496,1787909628.6544116,255.89094551927337,-2984.1090544807266,-3366.564101629609,-2983.9302714125643,-2984.01275562437,-0.09629885635649771,-0.08793666344899975,0.1468245469462715,0.007803555014587216,registered
1308,1787909628.6837873,1787909628.6831355,253.54608548272608,-2986.453914517274,-3368.9089616661563,-2986.543687016547,-2986.5977515119243,0.1438369946504281,0.15440984235874566,0.06857774466045533,0.003687034738384557,registered
1309,1787909628.7124252,1787909628.711798,250.9094770046445,-2989.0905229953555,-3371.545570144238,-2989.134464690608,-2989.1772116628736,0.08668866751804671,0.10011141073664476,0.10069827881508336,0.0055436495022990594,registered
1310,1787909628.7408197,1787909628.7400987,248.24413244155448,-2991.7558675584455,-3374.210914707328,-2991.728557433713,-2991.724122540838,-0.03174501760759085,0.0024161868855117064,0.11168945616717901,0.006198674604640647,registered
1311,1787909628.780195,1787909628.7792308,245.71867710440893,-2994.281322895591,-3376.7363700444735,-2994.3208653205284,-2995.245795100879,0.9644722052880752,1.0101248142941586,0.09350116164760855,0.005166688354117792,registered
1312,1787909628.7977297,1787909628.7970905,243.0621929037884,-2996.9378070962116,-3379.392854245094,-2996.8933003017837,-2996.8530683309627,-0.08473876524885782,-0.03622479031264447,0.11878780441026085,0.006156141684377946,registered
1313,1787909628.8265402,1787909628.825882,240.47011390893886,-2999.529886091061,-3381.9849332399435,-2999.465686348198,-2999.4441363637084,-0.08574972735277697,-0.0635770578201118,0.08028701765588274,0.003964196638473422,registered
1314,1787909628.8553085,1787909628.8546116,238.04131338024854,-3001.9586866197515,-3384.413733768634,-3002.0194557706045,-3002.029647203505,0.07096058375373104,0.07318308932644868,0.1300845745389855,0.00646528503445434,registered
1315,1787909628.8840754,1787909628.883333,235.35456849948378,-3004.645431500516,-3387.1004786493986,-3004.5499963770735,-3004.6144070712817,-0.031024429234548734,-0.015397355239201715,0.07684278767451089,0.0038586708927779508,registered
1316,1787909628.9123905,1787909628.9116795,232.9438309918437,-3007.0561690081563,-3389.5112161570387,-3007.1037243702276,-3007.1654375671847,0.10926855902835086,0.13679574253228566,0.09823692092139862,0.004762621316316445,registered
1317,1787909628.9413087,1787909628.9406016,230.4241226800873,-3009.5758773199127,-3392.030924468795,-3009.6849891762486,-3009.7682636761306,0.1923863562178667,0.21562858445759048,0.16157602739717938,0.0067353850383060875,registered
1318,1787909628.9697402,1787909628.969141,227.6661601847286,-3012.3338398152714,-3394.788886964154,-3012.2784738274395,-3012.3366523538693,0.002812538597936509,0.01537780368971653,0.19541231015063792,0.007302841925665573,registered
1319,1787909628.998058,1787909628.997381,225.1790844311322,-3014.820915568868,-3397.27596271775,-3014.9184540874885,-3014.8780918642583,0.05717629539049085,0.07081466667341374,0.20997391806848173,0.009457969820587745,registered
1320,1787909629.026719,1787909629.02612,222.39716988700047,-3017.6028301129995,-3400.057877261882,-3017.5632702884877,-3017.464439501449,-0.1383906115506761,-0.13346174188791338,0.17385708168861919,0.008815199611598691,registered
1321,1787909629.0555272,1787909629.0547452,219.73752956907356,-3020.2624704309264,-3402.717517579809,-3020.2066666384526,-3020.0405524628227,-0.22191796810375308,-0.21911344360614748,0.23199005578374318,0.011025925791327676,registered
1322,1787909629.0836446,1787909629.0829604,217.26643601954402,-3022.733563980456,-3405.1886111293384,-3022.770345148637,-3022.5797605134953,-0.15380346696065317,-0.14678570701607896,0.16229098803290354,0.007237468441302716,registered
1323,1787909629.11231,1787909629.111681,214.5513873690038,-3025.448612630996,-3407.9036597798786,-3025.295067513741,-3025.1644560122418,-0.2841566187544231,-0.2887348515027952,0.16411681058606417,0.008866659776734743,registered
1324,1787909629.140914,1787909629.140225,212.1207532984804,-3027.8792467015196,-3410.334293850402,-3027.8010305744747,-3027.7332523605055,-0.14599434101410225,-0.14084364935888516,0.12909908231997072,0.008296774528658717,registered
1325,1787909629.169406,1787909629.1688342,209.8076395167759,-3030.192360483224,-3412.6474076321065,-3030.2882568671475,-3030.3079277468696,0.1155672636455165,0.13049083453142885,0.12030950655835446,0.008098227427188251,registered
1326,1787909629.198338,1787909629.1977584,207.36604742292639,-3032.6339525770736,-3415.088999725956,-3032.7973818819937,-3032.910946962906,0.276994385832495,0.29525004379866004,0.1395634419049977,0.00944714497238848,registered
1327,1787909629.2267585,1787909629.2261195,204.62871952197884,-3035.371280478021,-3417.8263276269035,-3035.3377516596693,-3035.4632862957583,0.09200581773711747,0.10588358075301585,0.1585480734569125,0.010644674150953637,registered
1328,1787909629.2551262,1787909629.2545326,202.1018899842893,-3037.8981100157107,-3420.353157164593,-3037.93093472748,-3038.020303111479,0.1221930957681252,0.13580135891879763,0.14295557272915632,0.010631381115402062,registered
1329,1787909629.283696,1787909629.2831225,199.37078431315513,-3040.629215686845,-3423.0842628357273,-3040.561264811698,-3040.593240534025,-0.03597515281990127,-0.055752185950041167,0.17739285444539352,0.014207077118578302,registered
1330,1787909629.3131292,1787909629.3122149,196.79843895133172,-3043.2015610486683,-3425.6566081975507,-3043.228655598219,-3043.2113864721805,0.009825423512211273,0.002459338978951564,0.20002645762517518,0.016183781984251525,registered
1331,1787909629.3425748,1787909629.3418307,194.11888772346038,-3045.8811122765396,-3428.336159425422,-3045.919136395236,-3045.8766505405106,-0.004461736029043095,-0.004671280000820843,0.18286437941319594,0.015237643841257207,registered
1332,1787909629.3695683,1787909629.3689413,191.3709645567228,-3048.629035443277,-3431.0840825921596,-3048.5460674926826,-3048.3164513520665,-0.3125840912107378,-0.30449143326950434,0.1736791568469079,0.012571503374486266,registered
1333,1787909629.3987153,1787909629.3980217,188.9747167401315,-3051.0252832598685,-3433.480330408751,-3051.133231634486,-3050.9335244730505,-0.09175878681799077,-0.09016408249090091,0.1554566373375649,0.010264360138672896,registered
1334,1787909629.426837,1787909629.4261308,186.19770981345073,-3053.8022901865493,-3436.2573373354317,-3053.677149112026,-3053.4631844508963,-0.33910573565299273,-0.34380210639574216,0.12723520159388796,0.009709947082168735,registered
1335,1787909629.4550886,1787909629.454487,183.62399224340334,-3056.3760077565967,-3438.831054905479,-3056.2119854547846,-3056.0150946568797,-0.3609130997169814,-0.356919945086247,0.10734989377696105,0.008518425126465796,registered
1336,1787909629.4844038,1787909629.4836,181.4510855015874,-3058.5489144984126,-3441.003961647295,-3058.6754284959816,-3058.6350858405704,0.08617134215774058,0.10369591966264124,0.1150165727085448,0.008294222475045358,registered
1337,1787909629.5127761,1787909629.5120668,178.94413568575692,-3061.055864314243,-3443.5109114631255,-3061.13328590936,-3061.196951789906,0.14108747566297097,0.16069266189833797,0.11388212906589788,0.007381530083662774,registered
1338,1787909629.5482635,1787909629.5448081,176.30774562096576,-3063.6922543790342,-3446.1473015279166,-3063.6424951399913,-3064.143487064275,0.45123268524093874,0.4760166465466682,0.14852669026322965,0.009664660119319086,registered
1339,1787909629.5700912,1787909629.5693667,173.81907241597628,-3066.1809275840237,-3448.635974732906,-3066.147384355827,-3066.353619175744,0.172691591720195,0.18933322016664533,0.11577967278807309,0.008739246787712783,registered
1340,1787909629.5982263,1787909629.5975356,171.4149383454519,-3068.585061654548,-3451.0401088034305,-3068.7335251376076,-3068.888664695791,0.3036030412426953,0.3071288890459982,0.13164687212936452,0.011871753126271417,registered
1341,1787909629.6268163,1787909629.6261299,168.58956934392654,-3071.4104306560735,-3453.865477804956,-3071.4160554340815,-3071.4619883325186,0.05155767644509979,0.046895066058368684,0.13552988074301053,0.012818561710861633,registered
1342,1787909629.655409,1787909629.6547403,165.86670490671577,-3074.1332950932842,-3456.5883422421666,-3074.1263555402775,-3074.0367710006,-0.09652409268437623,-0.09787045797247629,0.17977668810771724,0.0167613337700474,registered
1343,1787909629.6853304,1787909629.6845555,163.24365391635183,-3076.756346083648,-3459.2113932325306,-3076.8420773045846,-3076.719972572039,-0.03637351160932667,-0.03004202812917356,0.1484955513456616,0.014199857524669584,registered
1344,1787909629.7124224,1787909629.711775,160.45362427816553,-3079.5463757218345,-3462.001422870717,-3079.497179581265,-3079.1695789325427,-0.37679678929180227,-0.37453938010503407,0.15983047090464939,0.013844382851115309,registered
1345,1787909629.7410905,1787909629.7403953,157.71989446568932,-3082.2801055343107,-3464.735152683193,-3082.1257588363496,-3081.7452413107044,-0.5348642236062915,-0.5300407699728567,0.20848810233747492,0.014753881412693392,registered
1346,1787909629.7696779,1787909629.769078,155.17175199463054,-3084.8282480053695,-3467.283295154252,-3084.6423964525084,-3084.3265252508454,-0.501722754524053,-0.5066947806612916,0.12093569035158083,0.009203617391352403,registered
1347,1787909629.7984502,1787909629.7976837,152.8973881947818,-3087.102611805218,-3469.5576589541006,-3087.118352150321,-3086.900878792058,-0.20173301316026482,-0.1984751466011403,0.1450291395038599,0.011368925776043315,registered
1348,1787909629.8265612,1787909629.8259513,150.6494637421465,-3089.3505362578535,-3471.805583406736,-3089.580173275802,-3089.444807238285,0.0942709804317019,0.0897814782979367,0.1103589245155972,0.007559313227057675,registered
1349,1787909629.8555017,1787909629.8545752,147.88259263655618,-3092.117407363444,-3474.572454512326,-3092.0628587093515,-3092.0207914615985,-0.09661590184532542,-0.11853935500266743,0.1855128011907623,0.011021128025949508,registered
1350,1787909629.8841004,1787909629.8833938,145.53632663215012,-3094.46367336785,-3476.9187205167323,-3094.5799970912985,-3094.6143055174953,0.1506321496453893,0.13962120424912428,0.14652454248291005,0.008522912925384814,registered
1351,1787909629.9128087,1787909629.9121733,142.85545717560308,-3097.144542824397,-3479.5995899732793,-3097.183801795386,-3097.204300733069,0.05975790867205433,0.053561424711915606,0.15698109305577432,0.01022259608912651,registered
1352,1787909629.9409535,1787909629.9403303,140.1234115834195,-3099.8765884165805,-3482.331635565463,-3099.870691581744,-3099.738273435944,-0.1383149806365509,-0.1379117101855627,0.1935195875340524,0.013327822407283736,registered
1353,1787909629.970234,1787909629.9695091,137.38360215079183,-3102.616397849208,-3485.0714449980906,-3102.540109793022,-3102.364208026765,-0.2521898224431425,-0.24804555256150707,0.18363495935864227,0.011605280920828987,registered
1354,1787909629.9982998,1787909629.9974756,134.87939016464952,-3105.1206098353505,-3487.575656984233,-3105.113307032956,-3104.881037111239,-0.23957272411144004,-0.23914984736302358,0.2021697500981129,0.01184858596989363,registered
1355,1787909630.0268877,1787909630.0262914,132.16066827732539,-3107.8393317226746,-3490.294378871557,-3107.730503664176,-3107.4742936910143,-0.3650380316603332,-0.38841572440787786,0.21476285159992323,0.010796704536807252,registered
1356,1787909630.055234,1787909630.0546305,129.64947548948703,-3110.350524510513,-3492.8055716593954,-3110.2636276621606,-3110.0246590402708,-0.32586547024220636,-0.33226059607432035,0.27252495805687615,0.012145684062425924,registered
1357,1787909630.0839396,1787909630.0831318,127.348992226895,-3112.651007773105,-3495.1060549219874,-3112.7728870632627,-3112.5896147030608,-0.061393070044232445,-0.06687893827484004,0.19036918705976305,0.008247532863011175,registered
1358,1787909630.112426,1787909630.1117952,124.86318216996506,-3115.136817830035,-3497.5918649789173,-3115.3164493936956,-3115.1691606793834,0.03234284934842435,0.04400073032365981,0.21069243908174504,0.00886131999313297,registered
1359,1787909630.1412709,1787909630.1405096,122.02056621648171,-3117.9794337835183,-3500.4344809324007,-3117.829354321111,-3117.7532983132005,-0.2261354703177858,-0.25856623256504463,0.21675819636080232,0.009281568768982344,registered
1360,1787909630.170184,1787909630.1694126,119.71238479270778,-3120.287615207292,-3502.7426623561746,-3120.3332380951606,-3120.354407914672,0.06679270737959087,0.025681917803467513,0.14298187295792195,0.006215356522908516,registered
1361,1787909630.1978972,1787909630.1973088,117.01271323037463,-3122.9872867696254,-3505.4423339185078,-3122.9284419014148,-3122.8649073778333,-0.1223793917920375,-0.15810065529285566,0.2739467307386334,0.011441689394575391,registered
1362,1787909630.2267878,1787909630.2261477,114.39887225963957,-3125.6011277403604,-3508.056174889243,-3125.5300805125808,-3125.4602452229215,-0.14088251743896762,-0.13437947988995802,0.1431594315756895,0.006309544912203018,registered
1363,1787909630.255366,1787909630.2546897,112.1642984017326,-3127.8357015982674,-3510.29074874715,-3128.068863699167,-3128.028869920438,0.1931683221705498,0.22404808828832756,0.20631352997540023,0.010238290357370537,registered
1364,1787909630.283845,1787909630.283162,109.31451815503806,-3130.685481844962,-3513.1405289938443,-3130.6408756875653,-3130.591229365673,-0.09425247928902536,-0.08200122362268303,0.12248005461860527,0.006229634274071744,registered
1365,1787909630.3124006,1787909630.3116994,106.57542475072114,-3133.424575249279,-3515.8796223981612,-3133.2210112605535,-3133.1594249363206,-0.26515031295821245,-0.23286093252272622,0.19242325066857205,0.00866418211526817,registered
1366,1787909630.3413053,1787909630.340389,104.34143760381266,-3135.6585623961873,-3518.1136095450697,-3135.7432093855646,-3135.741331110421,0.08276871423367993,0.11281265964726117,0.21878987400547684,0.010604617021363562,registered
1367,1787909630.3703349,1787909630.369587,101.78141421792589,-3138.218585782074,-3520.6736329309565,-3138.299757127876,-3138.3689822087163,0.15039642664214625,0.15825785716924656,0.11703120975123982,0.006989635933785935,registered
1368,1787909630.398295,1787909630.3975844,98.9217458738658,-3141.078254126134,-3523.5333012750166,-3140.9097589641233,-3140.8886006178363,-0.18965350829785166,-0.16031779374316102,0.1929405987984482,0.011537550208454582,registered
1369,1787909630.4266486,1787909630.42604,96.75150864097714,-3143.248491359023,-3525.7035385079053,-3143.4320411258986,-3143.4494366626873,0.20094530366441177,0.22995961345850446,0.11013408598393837,0.005991420694075637,registered
1370,1787909630.456236,1787909630.4555645,94.07556750740423,-3145.9244324925958,-3528.379479641478,-3145.9556891248158,-3146.1064829514835,0.18205045888771565,0.2078263069292916,0.17151261062326495,0.010091679904434953,registered
1371,1787909630.4842677,1787909630.4835913,91.29470155534227,-3148.7052984446577,-3531.16034559354,-3148.578481672076,-3148.6287404908453,-0.0765579538124257,-0.0613460761242095,0.08214541080481003,0.0054440869178046586,registered
1372,1787909630.512559,1787909630.5118787,88.74285713378958,-3151.2571428662104,-3533.712190015093,-3151.1893304794867,-3151.174449813577,-0.08269305263320348,-0.06903818829596275,0.12635647215039245,0.007743809071843916,registered
1373,1787909630.5411887,1787909630.5404575,86.46522343901188,-3153.534776560988,-3535.9898237098705,-3153.6801783775054,-3153.746378787982,0.21160222699381848,0.23079386310337213,0.14084880112419287,0.008274836929163297,registered
1374,1787909630.570477,1787909630.5697417,83.75023258379224,-3156.2497674162078,-3538.70481456509,-3156.322534968146,-3156.3817970826,0.1320296663920999,0.11352505009836023,0.10517091373002932,0.007078901047270287,registered
1375,1787909630.5983365,1787909630.5975688,80.87270011910141,-3159.1272998808986,-3541.582347029781,-3158.880218597249,-3158.886074206166,-0.24122567473250456,-0.21385620062619637,0.11542791755004957,0.007610527845002882,registered
1376,1787909630.626755,1787909630.62609,78.59059962651418,-3161.409400373486,-3543.864447522368,-3161.426687525901,-3161.452832201804,0.04343182831826198,0.061708091593573045,0.09357855593219903,0.005462510966009628,registered
1377,1787909630.655572,1787909630.6548035,76.3637874867436,-3163.6362125132564,-3546.091259662139,-3164.005934396947,-3164.0368840102474,0.4006714969909808,0.4239412173610617,0.16896195534336328,0.010097142314346262,registered
1378,1787909630.6837769,1787909630.683151,72.98160637261253,-3167.0183936273875,-3549.47344077627,-3166.6117240273798,-3166.588000331524,-0.4303932958632686,-0.4236674013304764,0.1006986848558408,0.00684910801771491,registered
1379,1787909630.7128685,1787909630.7121072,70.99905745353817,-3169.000942546462,-3551.455989695344,-3169.1537520911284,-3169.1938946975806,0.1929521511187886,0.20152129663119922,0.10768825487525048,0.006957667648786442,registered
1380,1787909630.7412455,1787909630.7405262,68.30320954037916,-3171.696790459621,-3554.1518376085032,-3171.686721981198,-3171.7514479218867,0.05465746226582269,0.06634850583077423,0.15589472444394442,0.008834090598109743,registered
1381,1787909630.7699091,1787909630.7692602,65.67244071104096,-3174.327559288959,-3556.7826064378414,-3174.3121917238896,-3174.337344975865,0.009785686906070623,0.056211105755210156,0.07522913372231452,0.004374431129501564,registered
1382,1787909630.7983363,1787909630.7975876,63.08297480674628,-3176.9170251932537,-3559.372072342136,-3176.9485239242467,-3176.8866589642935,-0.0303662289602471,0.058524648101411,0.13649249915584524,0.007921404019546729,registered
1383,1787909630.8268404,1787909630.8261585,60.63003893445239,-3179.3699610655476,-3561.82500821443,-3179.455364144338,-3179.457879879365,0.08791881381739586,0.17632381468092717,0.07260602718832268,0.0037471128669599287,registered
1384,1787909630.8555532,1787909630.8548126,57.9570443422831,-3182.042955657717,-3564.4980028065993,-3182.0163904149063,-3182.0365890582943,-0.006366599422563013,0.029028760308847268,0.15122784512749676,0.007965056031455192,registered
1385,1787909630.8842864,1787909630.883608,55.185868894111536,-3184.8141311058885,-3567.269178254771,-3184.599262036605,-3184.6280218488782,-0.18610925701023007,-0.179180670610549,0.08483043040395624,0.005110033895375089,registered
1386,1787909630.9125147,1787909630.9118996,52.766960030159225,-3187.233039969841,-3569.688087118723,-3187.16710779751,-3187.1740959294484,-0.058944040392361785,-0.05129898851373582,0.1334371394364172,0.007539374131391543,registered
1387,1787909630.9410484,1787909630.9403307,50.59568991172591,-3189.404310088274,-3571.8593572371565,-3189.714165184067,-3189.7327434272693,0.32843333899518257,0.34632334395291764,0.14108720268331057,0.006703446020065661,registered
1388,1787909630.9700751,1787909630.9692752,47.86422256484502,-3192.135777435155,-3574.5908245840374,-3192.2792684047754,-3192.3375864324976,0.20180899734259583,0.23242230637652028,0.10383590146165757,0.00543723896957903,registered
1389,1787909631.0084624,1787909631.0074844,44.74246566169677,-3195.2575343383032,-3577.7125814871856,-3194.8660232733255,-3195.776201487117,0.5186671488136199,0.5772735054792975,0.17138971257932528,0.010859373378294204,registered
1390,1787909631.0265946,1787909631.0259516,42.68090836660758,-3197.3190916333924,-3579.774138782275,-3197.411627400369,-3197.4381454802633,0.11905384687088372,0.16941919636565217,0.16798634780520388,0.010569017232674985,registered
1391,1787909631.0556548,1787909631.0549753,40.06456470242938,-3199.9354352975706,-3582.390482446453,-3200.0615584653347,-3200.0501119915107,0.11467669394005497,0.12658970434495131,0.17652734926906896,0.010789453606525373,registered
1392,1787909631.0837915,1787909631.0832245,37.27227631432106,-3202.727723685679,-3585.1827708345613,-3202.7200049784933,-3202.592388299294,-0.13533538638512255,-0.1252407356355434,0.1297183082528116,0.007815696105592598,registered
1393,1787909631.1124434,1787909631.11178,34.650875110475226,-3205.349124889525,-3587.804172038407,-3205.2689119261413,-3205.1622145520423,-0.186910337482459,-0.17922253662118237,0.13525221117146907,0.007955592876191107,registered
1394,1787909631.1413198,1787909631.140566,32.35431926773663,-3207.6456807322634,-3590.1007278811458,-3207.7840096780137,-3207.7528105452325,0.10712981296910584,0.11385576396105535,0.17277250613697995,0.01004935765093803,registered
1395,1787909631.169935,1787909631.1693308,29.3513074194816,-3210.6486925805184,-3593.103739729401,-3210.3641307589405,-3210.341475467513,-0.3072171130052084,-0.30034576596153784,0.11781514379921622,0.008172577702563088,registered
1396,1787909631.1985033,1787909631.1978335,27.108086726311285,-3212.8919132736887,-3595.346960422571,-3212.8702549855993,-3212.9065598683637,0.014646594675014057,0.03386327840098602,0.1283842857718131,0.010124309603404932,registered
1397,1787909631.226831,1787909631.2262082,24.752065032435894,-3215.247934967564,-3597.7029821164465,-3215.3871883760485,-3215.4601222127917,0.21218724522759658,0.23322384658104056,0.10504062628215424,0.009111660837143506,registered
1398,1787909631.2555366,1787909631.254759,22.102079290242727,-3217.8979207097573,-3600.3529678586397,-3217.9762420492934,-3218.029540795015,0.13162008525750934,0.14064370959840744,0.13817245036734205,0.012912846219010189,registered
1399,1787909631.2838717,1787909631.2832365,19.487577289919045,-3220.512422710081,-3602.9674698589633,-3220.6380974613876,-3220.5923508234614,0.07992811338044703,0.12905120488812827,0.2062566508072478,0.019064189156498268,registered
1400,1787909631.3128383,1787909631.3121996,16.779212572505003,-3223.220787427495,-3605.6758345763774,-3223.265157679527,-3223.1988674234776,-0.021920004017374595,-0.02799177173665157,0.17917468752777144,0.0167795352069118,registered
1401,1787909631.3428943,1787909631.3420637,13.954579728683711,-3226.0454202713163,-3608.5004674201987,-3225.9308597338995,-3225.8864675453196,-0.15895272599664168,-0.16398209580984258,0.21158873445454127,0.018995684191852446,registered
1402,1787909631.3700976,1787909631.3693383,11.252698298729229,-3228.7473017012708,-3611.202348850153,-3228.5805140029834,-3228.3410303211563,-0.4062713801145037,-0.425501346204328,0.14546721975331328,0.011516513478417905,registered
1403,1787909631.3984747,1787909631.3977275,8.714921980852978,-3231.285078019147,-3613.7401251680294,-3231.18705752492,-3230.8959015025334,-0.3891765166135883,-0.3882994528007657,0.16175251165420576,0.012463474179092097,registered
1404,1787909631.4289274,1787909631.4282365,6.406675188565259,-3233.5933248114347,-3616.048371960317,-3233.726407808441,-3233.6415410333566,0.048216221921848046,0.06922173158363876,0.10532672248914833,0.007659196790026237,registered
1405,1787909631.4555233,1787909631.454868,3.9515729273571196,-3236.048427072643,-3618.5034742215253,-3236.1879860289773,-3236.0382360509593,-0.01019102168356767,3.5626335829874733e-05,0.17179100297123875,0.012058237595208153,registered
1406,1787909631.4840295,1787909631.4833767,1.216005586583833,-3238.783994413416,-3621.2390415622986,-3238.629236421816,-3238.6038568603954,-0.18013755302081336,-0.18079000352008734,0.09686971847735035,0.007800495944474861,registered
1407,1787909631.5128284,1787909631.5119584,358.7973913128153,-3241.2026086871847,-3623.657655836067,-3241.0789592636847,-3241.1760433109216,-0.026565376263079088,-0.020723338134757796,0.11950763588366128,0.010515698372526878,registered
1408,1787909631.5413914,1787909631.5405815,356.51297507382424,-3243.4870249261758,-3625.942072075058,-3243.601844799675,-3243.7519631652044,0.2649382390286519,0.2617324198295137,0.11551362928081402,0.010955183108427467,registered
1409,1787909631.5697973,1787909631.5691748,353.9531337272592,-3246.0468662727408,-3628.501913421623,-3246.18170856171,-3246.325200976559,0.27833470381801817,0.2820279347329233,0.11430768684918428,0.01145961543989639,registered
1410,1787909631.598517,1787909631.5978127,351.21661656174956,-3248.7833834382504,-3631.238430587133,-3248.8284241381625,-3248.9024511241346,0.11906768588414707,0.13937362534761633,0.1550311395949308,0.0161420053860956,registered
1411,1787909631.6267824,1787909631.6261852,348.60525558635436,-3251.3947444136456,-3633.849791562528,-3251.4780198144554,-3251.4558203614715,0.061075947825884214,0.06491449572513375,0.16610140068129975,0.018416401556442714,registered
1412,1787909631.6555865,1787909631.6549754,345.74193838789733,-3254.2580616121027,-3636.713108760985,-3254.139901389259,-3254.0467811124995,-0.21128049960316275,-0.21570176750719838,0.17670143793752327,0.019364454623272204,registered
1413,1787909631.6849074,1787909631.6841073,343.1067227141298,-3256.89327728587,-3639.3483244347526,-3256.8252084341534,-3256.668488803665,-0.22478848220544023,-0.21983867742937946,0.126155224804837,0.013308687997388085,registered
1414,1787909631.7126863,1787909631.7120302,340.3578915830144,-3259.6421084169856,-3642.097155565868,-3259.46622778389,-3259.1813913772908,-0.4607170396948277,-0.46145756381201863,0.11629408760834231,0.011120898273258337,registered
1415,1787909631.741012,1787909631.7402627,338.10711185535274,-3261.8928881446473,-3644.3479352935296,-3262.0020276847627,-3261.7221657410337,-0.17072240361358126,-0.17417836970798817,0.1302199023119532,0.010931442498057461,registered
1416,1787909631.7699554,1787909631.7692509,335.61859494739747,-3264.3814050526025,-3646.836452201485,-3264.5071578288535,-3264.3309352571096,-0.05046979549297248,-0.06389068473345105,0.15020325005122645,0.010869911088408277,registered
1417,1787909631.798144,1787909631.7975614,332.8507305640228,-3267.149269435977,-3649.6043165848596,-3266.99600679156,-3266.8787258451543,-0.27054359082285373,-0.2527897303966711,0.1236253378782631,0.008773164075923042,registered
1418,1787909631.8316228,1787909631.8309925,330.4880220334994,-3269.5119779665006,-3651.967025115383,-3269.4704636065217,-3269.88733432107,0.37535635456924865,0.38927003132994287,0.09364161465568363,0.007558746980513325,registered
1419,1787909631.855281,1787909631.8547804,328.2165360538165,-3271.7834639461835,-3654.238511095066,-3271.9447298608457,-3272.0281195305693,0.24465558438578228,0.2657488403297066,0.09333002126613772,0.007824732012702073,registered
1420,1787909631.8841126,1787909631.8834844,325.4224489920093,-3274.5775510079907,-3657.032598156873,-3274.5390506242056,-3274.6113130852755,0.0337620772847913,0.029334040195408306,0.09660641283294903,0.007986141846817365,registered
1421,1787909631.9124975,1787909631.911994,322.815725909978,-3277.184274090022,-3659.6393212389044,-3277.1729694176156,-3277.1770197200854,-0.007254369936617877,-0.007806933031133667,0.12085330143142699,0.010179034187010067,registered
1422,1787909631.9409595,1787909631.9404738,320.42268630152466,-3279.5773136984753,-3662.0323608473577,-3279.76735651979,-3279.7400443119664,0.16273061349102136,0.15886706157789376,0.1716134345381724,0.014555749710910771,registered
1423,1787909631.9699633,1787909631.9695055,317.5981478005406,-3282.4018521994594,-3664.856899348342,-3282.4264528936747,-3282.3527403388903,-0.0491118605691554,-0.03574421109442483,0.1763223760675396,0.014372283667286023,registered
1424,1787909631.9979627,1787909631.9974833,314.64737491122423,-3285.3526250887758,-3667.807672237658,-3285.093096234378,-3284.8705778715052,-0.48204721727051947,-0.4863531906148637,0.17417957072647333,0.013265168715307604,registered
1425,1787909632.0268078,1787909632.0263703,312.21355300332834,-3287.7864469966717,-3670.241494145554,-3287.684802824767,-3287.470249897967,-0.3161970987048335,-0.3277158512328242,0.14281954648387057,0.009931668450344053,registered
1426,1787909632.0554514,1787909632.05484,309.97985100878077,-3290.0201489912192,-3672.4751961401016,-3290.21006211409,-3290.0323733234236,0.012224332204368693,-0.011039067418550985,0.18552619995689912,0.011930478874181014,registered
1427,1787909632.084235,1787909632.0836802,307.16407623383566,-3292.8359237661643,-3675.2909709150467,-3292.7482739371835,-3292.627818450229,-0.20810531593542692,-0.18292222927448165,0.14603558619649468,0.008877708306971417,registered
1428,1787909632.1127148,1787909632.1121051,304.68463194270134,-3295.3153680572987,-3677.770415206181,-3295.26093182606,-3295.185908083121,-0.1294599741777347,-0.1162799436883688,0.14844325517274126,0.008783707159489701,registered
1429,1787909632.1409738,1787909632.1404023,302.35534217726763,-3297.6446578227324,-3680.0997049716148,-3297.747479099895,-3297.7324971159333,0.08783929320088646,0.07256109643185482,0.1430753992261214,0.008826988146806148,registered
1430,1787909632.1697078,1787909632.1692204,299.92001434967324,-3300.0799856503268,-3682.535032799209,-3300.2674540922453,-3300.3259682591433,0.24598260881657552,0.2691421901281501,0.09427250862045247,0.005472385651119128,registered
1431,1787909632.1981766,1787909632.1976912,296.93401243581684,-3303.065987564183,-3685.5210347130655,-3302.8801490621754,-3302.8881775099735,-0.17781005420965812,-0.16079139884823235,0.18146564811556326,0.009251419438606415,registered
1432,1787909632.2279956,1787909632.227442,294.4505694999002,-3305.5494305001,-3688.004477648982,-3305.4538118526452,-3305.565585868686,0.01615536858616906,0.033227236359380186,0.07644863034161818,0.004196222787497033,registered
1433,1787909632.2553093,1787909632.2548604,292.1509697429142,-3307.849030257086,-3690.304077405968,-3308.010232539962,-3308.0330868196115,0.18405656252571134,0.1926620529329739,0.1429704045375451,0.008302788160356695,registered
1434,1787909632.2840793,1787909632.2834404,289.43794735241954,-3310.5620526475805,-3693.017099796463,-3310.6402264544267,-3310.6051230757334,0.043070428152987006,0.049756280739984504,0.10826809361749799,0.005962520827019478,registered
1435,1787909632.313314,1787909632.3125868,286.4774463843428,-3313.522553615657,-3695.9776007645396,-3313.268982846798,-3313.228139603848,-0.2944140118092946,-0.30631215970379344,0.1450802467325347,0.0075430978311920634,registered
1436,1787909632.3417304,1787909632.3412342,284.32411601517697,-3315.675883984823,-3698.1309311337054,-3315.779612142359,-3315.8062480051613,0.13036402033822014,0.12161527468515487,0.19773199796237753,0.011096989279903683,registered
1437,1787909632.3712275,1787909632.3705974,281.8455142956418,-3318.154485704358,-3700.6095328532406,-3318.32889424893,-3318.4487683494544,0.2942826450962457,0.3094583450983919,0.10072945228854019,0.006022448997029854,registered
1438,1787909632.3992617,1787909632.398643,278.7709676476902,-3321.22903235231,-3703.684079501192,-3320.8981511486254,-3320.972720939947,-0.25631141236272015,-0.24354664480642896,0.14307637707423382,0.008052108560122591,registered
1439,1787909632.4271393,1787909632.426586,276.5166781755297,-3323.4833218244703,-3705.9383689733527,-3323.4671591461856,-3323.487425846421,0.004104021950752212,0.021981900280934497,0.08859573300397684,0.004915940033443125,registered
1440,1787909632.455658,1787909632.454966,274.3427895673549,-3325.657210432645,-3708.1122575815275,-3326.0359182416005,-3326.041481686748,0.384271254102714,0.4113573328581879,0.1319446363294699,0.007601862230763429,registered
1441,1787909632.484753,1787909632.4837723,271.409334968675,-3328.590665031325,-3711.0457121802074,-3328.6044284348704,-3328.633880012786,0.043214981461005664,0.09455853441659201,0.11250880081704284,0.006029497602078564,registered
1442,1787909632.512531,1787909632.5120475,268.66951923023726,-3331.3304807697627,-3713.785527918645,-3331.1726897259946,-3331.178495062003,-0.1519857077596498,-0.14214337198018256,0.1326378373751675,0.006429350902008619,registered
