scan_index,bag_stamp_s,header_stamp_s,time_s,input_point_count,finite_point_count,central_point_count,target_point_count,target_depth_mean_m,target_depth_std_m,target_depth_p05_m,target_depth_p95_m,target_u_centroid,target_v_centroid,target_radial_std,h5_magnitude,relative_angle_deg,offline_relative_angle_deg,local_rpm,raw_motion_residual_deg,heldout_motion_residual_deg,rejected_branch_boundary
0,1787908829.1185637,6488.99967287,0.0,24000,24000,4454,804,1.94409328165339,0.131710613105157,1.8209999799728394,2.218650019168853,-0.019171111285686493,0.021998420357704163,0.021218957619895888,0.3730340898036957,0.0,0.0,9.849242028247074,0.2547620069126074,0.362246767032566,False
1,1787908829.2186456,6489.09952481,0.1000819206237793,24000,24000,4560,912,1.9380964903455031,0.12005601106706235,1.812999963760376,2.136899960041046,-0.01679440401494503,0.01640872284770012,0.02174227408161496,0.30542242527008057,5.904028066914979,6.00052853165351,9.902415986903685,0.15364542850412377,0.22388081553411077,False
2,1787908829.3186038,6489.19935097,0.20004010200500488,24000,24000,4587,947,1.9476145735008539,0.1316504536068358,1.8170000314712524,2.146499967575073,-0.015858417376875877,0.018843410536646843,0.021862590989060442,0.3212951123714447,12.175325120847472,11.999820191795099,9.949349718327397,0.4272224753016136,0.5027563510634767,False
3,1787908829.4187605,6489.29999653,0.30019688606262207,24000,24000,4762,992,1.9480725800798786,0.11950577864504466,1.827549982070923,2.0984500169754026,-0.013689492829144001,0.02024705521762371,0.02069530833728177,0.31855109333992004,18.026673946839768,17.99787498042477,9.960542406712614,0.2689346783381197,0.24863359828595932,False
4,1787908829.5185778,6489.39984225,0.40001416206359863,24000,24000,4607,952,1.943674369018619,0.11068578134061757,1.8195500314235686,2.092350089550018,-0.016511032357811928,0.016846440732479095,0.021278340466975215,0.30587059259414673,23.70368913287522,23.994692897542517,9.98436063641278,-0.04331549696301096,0.02742757641309268,False
5,1787908829.6194155,6489.49968295,0.5008518695831299,24000,24000,4600,951,1.9527865415115837,0.12365154496834219,1.8274999856948853,2.1255000829696655,-0.014757193624973297,0.021921120584011078,0.0220562905426577,0.3452335596084595,30.107276792871918,29.99027394314835,9.9882237887507,0.3097785715494936,0.34731849981510265,False
6,1787908829.7190692,6489.59953425,0.6005055904388428,24000,24000,4672,990,1.954695959885915,0.12072343399257976,1.819899994134903,2.128949975967407,-0.014717969112098217,0.02147740125656128,0.02132542154831723,0.33830344676971436,36.07217630537846,35.984618117242256,9.9882237887507,0.2952264063365746,0.18721791722978054,False
7,1787908829.818738,6489.69937095,0.7001743316650391,24000,24000,4772,1045,1.9513703371349134,0.11468121776323219,1.8200000524520874,2.104400014877319,-0.014219682663679123,0.02449440397322178,0.02113480145847806,0.37493327260017395,41.28902962824566,41.977725419824246,10.008702687274127,-0.4682732051744125,-0.335409289843966,False
8,1787908829.9185135,6489.79962293,0.7999498844146729,24000,24000,5040,1223,1.9498536388891599,0.11337902818162347,1.8241000056266785,2.107500028610229,-0.01887555606663227,0.02450825460255146,0.020450617496929016,0.4012473225593567,47.479195430297686,47.969595850894315,10.000930914413848,-0.26486927374030955,-0.3276580003633427,False
9,1787908830.0193186,6489.89946069,0.9007549285888672,24000,24000,4793,1084,1.9429852410436117,0.11703866228806191,1.819000005722046,2.0969998836517334,-0.016508691012859344,0.02520826645195484,0.02116428608655683,0.39693912863731384,53.15844325826811,53.96022941045247,9.992483923613364,-0.6341551616629104,-0.7892116833581895,False
10,1787908830.118607,6489.99930911,1.0000433921813965,24000,24000,4833,1070,1.9432476625264248,0.12643450751370566,1.8194500267505647,2.127649939060211,-0.015383276157081127,0.01774163730442524,0.020942792438191717,0.3098020553588867,59.98402450431759,59.94962609849777,9.97467407106706,0.233890679701247,0.3155298649518201,False
11,1787908830.2201395,6490.09995351,1.1015758514404297,24000,24000,5050,1076,1.9414358747271356,0.1233196892247828,1.8147500455379486,2.137749969959259,-0.0174568984657526,0.014278749004006386,0.02201485060807959,0.30202507972717285,66.26889567617313,65.89816185128915,9.992633776228582,0.426581563191732,0.49633410281080614,False
12,1787908830.3194926,6490.19979169,1.2009289264678955,24000,24000,4979,1058,1.9328648401794002,0.1172451736673986,1.8168500244617463,2.101300048828125,-0.016718968749046326,0.0087369279935956,0.02159717066449056,0.24813956022262573,71.88831229064365,71.942565890175,9.98428300236977,0.08458593877833209,0.1379121367975813,False
13,1787908830.41955,6490.29962251,1.3009862899780273,24000,24000,4895,941,1.9344824655149746,0.10977378855604504,1.8179999589920044,2.127000093460083,-0.019352778792381287,0.0100818807259202,0.022465149103854585,0.28697463870048523,78.22077970252681,77.9500641671184,9.991154577642037,0.41338218844671815,0.3332580277789532,False
14,1787908830.5192587,6490.39946767,1.4006950855255127,24000,24000,4860,883,1.9465005681306833,0.13641081547656528,1.815999984741211,2.1993999719619746,-0.017297934740781784,0.008127439767122269,0.02224670267931234,0.2483818531036377,83.96033615671276,83.94490552370915,9.988164876444907,0.17018235716457752,0.1661467803491803,False
15,1787908830.6185405,6490.49930917,1.4999768733978271,24000,24000,4864,851,1.9410904814017504,0.12905507351171774,1.8109999895095825,2.1904999017715454,-0.01518001314252615,0.005934601649641991,0.02214031517678594,0.21089260280132294,89.75506490167535,89.89756374230866,9.994111907677217,0.007776255956841283,0.06121763005762659,False
16,1787908830.7192547,6490.59994401,1.6006910800933838,24000,24000,5089,895,1.9381072593134874,0.1188069576200562,1.8209999799728394,2.130399990081787,-0.012230919674038887,0.006655766628682613,0.022392560934831083,0.18163049221038818,96.45757028937979,95.9261233046363,10.029150645582098,0.6671983847042924,0.6617669366917767,False
17,1787908830.8226533,6490.69979401,1.704089641571045,24000,24000,4626,833,1.9378907551713922,0.12232457608853768,1.8185999870300293,2.113199996948242,-0.015037087723612785,0.0009697070345282555,0.022789058164449334,0.19349636137485504,101.90982142350542,101.95656802630535,10.030505789215466,-0.08470118013453032,-0.13149276150164724,False
18,1787908830.9193487,6490.79962459,1.8007850646972656,24000,24000,4904,828,1.9458635268004045,0.13240425461856392,1.8170000314712524,2.202650010585785,-0.01148332841694355,0.0014225232880562544,0.02226835082551321,0.1508323848247528,107.601306140155,107.99468559220098,10.008851172105379,-0.1951634964213298,-0.14552064732761494,False
19,1787908831.0195832,6490.89947409,1.90101957321167,24000,24000,4816,815,1.9502993873291952,0.1329482237671029,1.8211000204086303,2.1988000154495233,-0.006065774708986282,0.001961431000381708,0.02150662377113863,0.08343841880559921,113.07475817133272,113.9879960412614,9.988421778518692,-0.7360117337667162,-0.7994878416116507,False
20,1787908831.119706,6490.99932099,2.0011422634124756,24000,24000,4827,828,1.9586437189060708,0.13729298237329615,1.8293500125408173,2.2388999223709103,-0.007950370199978352,0.006471890024840832,0.02139936252954408,0.1333467960357666,119.71939995828083,119.94711410810197,9.984413420630222,-0.09896086021572614,-0.050880819523953846,False
21,1787908831.219859,6491.09996089,2.101295232772827,24000,24000,4894,966,1.957989648015356,0.13022075363145486,1.8279999494552612,2.149250030517578,-0.005446146707981825,0.014453697949647903,0.021312503926213262,0.20028766989707947,126.51018210736733,125.9566855152665,9.984413420630222,0.6824135564949785,0.7985834176746209,False
22,1787908831.3191142,6491.19980433,2.2005505561828613,24000,24000,4837,976,1.9636854529380798,0.13558236139031707,1.8350000381469727,2.1837499141693115,-0.006635150872170925,0.019124124199151993,0.020192507944513775,0.2605435252189636,131.11343877715063,131.9810451685757,9.98006803441349,-0.6698766914933856,-0.6335759456033543,False
23,1787908831.4191265,6491.29963997,2.300562858581543,24000,24000,4825,1035,1.9518995213623784,0.10725328397108705,1.835699987411499,2.1149000883102413,-0.007756241597235203,0.02043290250003338,0.021129322731422238,0.28252166509628296,137.81431441543032,137.95802521067193,9.968840166375532,0.030031554547662154,0.0888950212237205,False
24,1787908831.5199888,6491.39947517,2.4014251232147217,24000,24000,4943,1111,1.950107112433007,0.1193925465878189,1.8270000219345093,2.128999948501587,-0.008861507289111614,0.019561976194381714,0.02055673156231783,0.27776166796684265,144.02165392740378,143.92912588445577,9.983895578755225,0.18540399192823998,0.48029872944061935,False
25,1787908831.6191704,6491.49931621,2.5006067752838135,24000,24000,4959,1125,1.9455768915812175,0.10526678975522168,1.8300000429153442,2.0537999153137205,-0.008034986443817616,0.023823590949177742,0.021400682238408117,0.3286202847957611,150.5121343213028,149.89725865044903,9.992739420625929,0.7247579173816803,1.3964096539825164,False
26,1787908831.719669,6491.59996305,2.6011054515838623,24000,24000,4830,1100,1.9390572739731182,0.09855329817464052,1.815999984741211,2.060249948501587,-0.010532328858971596,0.01999671570956707,0.02093757614381654,0.29151591658592224,156.1184986756837,155.8477869725081,10.010724092693682,0.30097133057509495,0.47020504017407916,False
27,1787908831.8192637,6491.69979723,2.700700044631958,24000,24000,4712,1048,1.9436183188480276,0.10877553025177601,1.825350022315979,2.078000068664551,-0.010948951356112957,0.02005625143647194,0.02124445127396244,0.2924075424671173,162.34632690148797,161.88346268431886,10.021835439054568,0.552895682649762,0.6952800740374698,False
28,1787908831.9192607,6491.79963723,2.800697088241577,24000,24000,4611,1004,1.9531155384156809,0.12757345271386453,1.8181499660015106,2.1137000679969784,-0.013377119787037373,0.019138982519507408,0.02226382793525804,0.3039780259132385,167.36555647324099,167.9339550910346,10.02170483851637,-0.427926575515869,-0.30503431681458437,False
29,1787908832.0192316,6491.89947775,2.900667905807495,24000,24000,4722,1029,1.9426501463407215,0.11698787561477866,1.8209999799728394,2.1052000045776365,-0.01171155832707882,0.014183266088366508,0.022793340483113583,0.2430458515882492,173.80697248141652,173.9226240626029,10.01094138677056,0.015011225478446022,0.20429807117514542,False
30,1787908832.1191795,6491.99932061,3.0006158351898193,24000,24000,4551,923,1.9319306614597853,0.12078195118558344,1.8000999569892884,2.1119999170303343,-0.01708613894879818,0.010762770660221577,0.02336401872244274,0.27094796299934387,179.60250828799968,179.88683594912249,10.000296690659285,-0.186557831639675,-0.22833780339414034,False
31,1787908832.2200787,6492.09997123,3.101515054702759,24000,24000,4483,864,1.9295439789140667,0.1315594199026351,1.799150013923645,2.101249980926513,-0.015904419124126434,0.009428264573216438,0.022769251797418587,0.2524714767932892,185.38557853586516,185.88106606409852,10.010088189127753,-0.4576720358607531,-0.17262166245058097,False
32,1787908832.3194323,6492.19980493,3.200868606567383,24000,24000,4483,920,1.9285826096068257,0.12961985343204221,1.8048499524593353,2.1051000237464903,-0.014102958142757416,0.007478755433112383,0.022894574130625157,0.21749122440814972,191.34266287240044,191.94434520180496,9.989491330712262,-0.4620285495319081,-0.25143251132931255,False
33,1787908832.419644,6492.29964457,3.3010804653167725,24000,24000,4655,980,1.9297744889648594,0.1290296888330629,1.8040000200271606,2.1176000952720635,-0.016287803649902344,0.010966978035867214,0.02308933094418006,0.2638292610645294,197.54052892962108,197.87840918591917,9.994650499922077,-0.27710372301567077,0.05215145829834,False
34,1787908832.5188854,6492.39948515,3.4003217220306396,24000,24000,4596,917,1.9283456906367544,0.12290539332962903,1.809000015258789,2.1380000591278074,-0.012560741044580936,0.008909013122320175,0.023828329289870814,0.20303232967853546,204.05503411661456,203.85997832940689,9.994650499922077,0.28269858021988625,0.4990551090752433,False
35,1787908832.6183832,6492.49932461,3.49981951713562,24000,24000,4488,886,1.929759593230607,0.1196670980991091,1.812999963760376,2.0787500143051147,-0.015188433229923248,0.011143827810883522,0.02315471586595877,0.24989309906959534,210.09024103858115,209.90771246886837,10.001272974069213,0.34780972692416867,0.4626751743032571,False
36,1787908832.719794,6492.59995535,3.6012303829193115,24000,24000,4552,931,1.9235800240913088,0.11298708116144247,1.8109999895095825,2.087000012397766,-0.011911887675523758,0.009458929300308228,0.022695389385085248,0.2017759531736374,216.3304293757225,215.95446978839774,10.011230370568688,0.5031136629376363,0.6770821784760699,False
37,1787908832.8242168,6492.69979717,3.705653190612793,24000,24000,4426,839,1.9422598352591387,0.13109108654289034,1.812999963760376,2.205499935150146,-0.01618293859064579,0.01842992939054966,0.023740227397814048,0.317338764667511,222.18547819843317,221.9824317356916,10.019929374070498,0.09255466595624284,0.6328591002225608,False
38,1787908832.920229,6492.79964269,3.8016653060913086,24000,24000,4561,906,1.9357306840140824,0.13485892561258392,1.8102499544620514,2.132999897003174,-0.012971804477274418,0.007370506878942251,0.02372634662508089,0.196243017911911,227.63898043957133,228.04767447602578,10.00679768646547,-0.2148901007010693,-0.09285650428313375,False
39,1787908833.019458,6492.89948105,3.9008944034576416,24000,24000,4610,873,1.9282107670009478,0.12355044940265839,1.7966000318527222,2.1033999443054197,-0.01240885816514492,0.006392349489033222,0.022599953918773487,0.1786833554506302,234.19355367982743,234.01208231760594,10.008625780659441,0.385709844520818,0.4500815958670046,False
40,1787908833.11923,6492.99931351,4.000666379928589,24000,24000,4685,867,1.9369700121357092,0.12471871934696652,1.8092999935150147,2.1618000507354735,-0.008899814449250698,0.009172344580292702,0.024129452123483525,0.1658216416835785,239.84422589046886,240.01671677437207,10.007519334256738,0.04983476946307519,0.5863110308079058,False
41,1787908833.2196488,6493.09994013,4.101085186004639,24000,24000,4804,829,1.9367370348068715,0.11265620854198011,1.8083999872207641,2.0921999931335447,-0.005272295791655779,0.010289550758898258,0.023592749975667935,0.1473482996225357,245.82792007058626,246.01207484990132,10.005444390307835,0.008170404911538753,0.43888255374952223,False
42,1787908833.3188386,6493.19977279,4.20027494430542,24000,24000,4785,837,1.9384540017502851,0.123093049358604,1.8020000457763672,2.1139999389648434,-0.0023671225644648075,0.01300086174160242,0.023495429721602006,0.17183127999305725,251.72874650617058,251.97250902136585,9.99454892432059,-0.04261602043217749,0.17031942711045645,False
43,1787908833.4190388,6493.29961737,4.300475120544434,24000,24000,4598,855,1.947429238564787,0.12219660564877025,1.809000015258789,2.142499995231628,-0.005726017523556948,0.01653001829981804,0.02215165657778782,0.22521375119686127,258.1159258100905,257.9752001648047,9.988892360287457,0.33232303018462517,0.30642427001720307,False
44,1787908833.5192285,6493.39944799,4.400664806365967,24000,24000,4593,853,1.9559636574417598,0.13258625289857848,1.8125999927520753,2.168399906158447,-0.008656165562570095,0.01998676173388958,0.021664445785610963,0.273805171251297,264.0488729786452,263.9294100751905,9.964570701596692,0.2536593945310983,0.4775938592529769,False
45,1787908833.6189437,6493.49928309,4.500380039215088,24000,24000,4587,966,1.9464265019256877,0.11949143757993079,1.805999994277954,2.1049999594688416,-0.009464997798204422,0.016522329300642014,0.02273435040760586,0.2432541400194168,269.2269043464088,269.8742584619675,9.967766052485304,-0.551451776027136,-0.6282020810856466,False
46,1787908833.7205374,6493.59992705,4.60197377204895,24000,24000,4759,996,1.9544769098241646,0.10987370717905592,1.8289999961853027,2.100499927997589,-0.011591427028179169,0.021369973197579384,0.022778992654065064,0.30656173825263977,275.7321002548142,275.8842542549913,9.99021639244759,-0.14211271092790412,-0.029666596175616178,False
47,1787908833.8194203,6493.69975797,4.700856685638428,24000,24000,4599,1012,1.9432361685475814,0.10382333469073429,1.8185499846935271,2.0789000034332275,-0.006540644448250532,0.017443712800741196,0.02232855446952773,0.23991070687770844,281.7860521690448,281.90171474888206,9.99021639244759,-0.021362271597297422,0.1129612667759261,False
48,1787908833.9190156,6493.79959051,4.800451993942261,24000,24000,4634,995,1.946805024626267,0.10761031760793408,1.823699986934662,2.0840001106262207,-0.006571148056536913,0.021972885355353355,0.022330325714307545,0.2933659255504608,287.650791873945,287.8810364363083,9.990928477539107,-0.13256935741043208,0.11970556388865816,False
49,1787908834.0225184,6493.89942297,4.903954744338989,24000,24000,4596,986,1.9500405679609907,0.11990792542429968,1.8209999799728394,2.0859999656677246,-0.01008402556180954,0.02253074012696743,0.02264866910663377,0.31481626629829407,294.13306172902213,293.86268247439045,10.014973787079727,0.13929822473619424,0.32638431194266104,False
50,1787908834.123875,6493.99965931,5.0053112506866455,24000,24000,4716,1012,1.9494515804669603,0.11758919535764988,1.8209999799728394,2.12049993276596,-0.012736483477056026,0.022991979494690895,0.022082128327103812,0.3329409956932068,300.0363764529262,299.90921935066365,10.016649065338475,-0.03900976172269566,0.03813317117368342,False
51,1787908834.2214131,6494.09950723,5.10284948348999,24000,24000,4606,925,1.9501243244635091,0.11540340884776064,1.8211999893188477,2.102600002288818,-0.01153389923274517,0.026846714317798615,0.022321519862395653,0.3719686269760132,305.98103280005574,305.9506560539537,10.009550654447947,0.05312903995366014,0.019009783215835796,False
52,1787908834.320113,6494.19934849,5.201549291610718,24000,24000,4583,913,1.9419430461666278,0.11041358074845053,1.8220000267028809,2.0850000381469727,-0.014981966465711594,0.024960219860076904,0.02268452596329965,0.37206143140792847,312.18270791410475,311.94657802514655,10.017048455843938,0.3325894269422065,0.2796772168385928,False
53,1787908834.4197748,6494.29998483,5.30121111869812,24000,24000,4531,921,1.944739412795449,0.1340136803131883,1.815999984741211,2.0759999752044678,-0.015743525698781013,0.023276234045624733,0.021913015031592303,0.35638144612312317,317.22858512106717,317.9694823236724,10.028486835474125,-0.6014714362972882,-0.6429666178981961,False
54,1787908834.5203018,6494.39983557,5.401738166809082,24000,24000,4586,964,1.9332313265543262,0.11339261310798196,1.8079999685287476,2.062999963760376,-0.01176498644053936,0.01865006983280182,0.021833870480286732,0.2860504686832428,323.68075275883973,324.0102400892155,10.025086165264346,-0.18115711340090002,-0.17480162297459856,False
55,1787908834.6195176,6494.49967625,5.500953912734985,24000,24000,4619,937,1.937462114600769,0.12429221416703343,1.8097999572753907,2.1019999980926505,-0.011106297373771667,0.017236560583114624,0.020280007268600003,0.26616019010543823,330.3351221995921,330.0476098564468,10.01313985398062,0.52004014934721,0.5481408633384035,False
56,1787908834.7196367,6494.59951153,5.6010730266571045,24000,24000,4451,900,1.9351955568790435,0.12144262537247154,1.809999942779541,2.0769999027252197,-0.017068088054656982,0.015210273675620556,0.02101368444030612,0.3002382218837738,335.584356070213,336.0048827891345,10.012267490537551,-0.23810230851023562,0.143479102427591,False
57,1787908834.8202372,6494.69934675,5.70167350769043,24000,24000,4441,908,1.9489317180564225,0.1354059818125167,1.8140000104904175,2.2116499185562133,-0.018336737528443336,0.018162183463573456,0.021711018146300262,0.3371138870716095,341.78652210019425,342.02572714941783,9.999172049296662,-0.07219573706998972,-0.15343622587840855,False
58,1787908834.9212277,6494.79998629,5.802664041519165,24000,24000,4589,920,1.9464804331893506,0.14061247032341156,1.808950012922287,2.174700021743774,-0.0176621712744236,0.019636278972029686,0.02141244103234631,0.338607519865036,348.4862840614467,348.0578330228965,9.975653703297812,0.5679027038373761,0.8538019952659965,False
59,1787908835.019839,6494.89982159,5.901275396347046,24000,24000,4683,921,1.9383680794578162,0.13380598328377774,1.8009999990463257,2.1440000534057617,-0.02062697894871235,0.01814931258559227,0.021892338386551836,0.3524051606655121,354.1371771311253,354.0100290535837,9.975653703297812,0.3018884467790599,0.39321719106806086,False
60,1787908835.1191704,6494.99966271,6.0006067752838135,24000,24000,4514,831,1.9402635380105708,0.12423802098254831,1.815999984741211,2.1414999961853027,-0.01633543334901333,0.02144356071949005,0.022563399656048862,0.3525753319263458,359.86692547043066,359.9702062368746,9.989116155435044,0.07152636237418619,0.031165066258495244,False
61,1787908835.2197814,6495.09950939,6.101217746734619,24000,24000,4566,927,1.9329126212974967,0.11603077452718145,1.809999942779541,2.114399981498718,-0.01790827512741089,0.013105337508022785,0.021692261850307176,0.28799155354499817,365.5834917451546,365.9908563396672,9.986392149121306,-0.2487962705378095,-0.326089270266948,False
62,1787908835.3191283,6495.19935457,6.200564622879028,24000,24000,4533,920,1.9513260868580444,0.1380221864309038,1.8249500453472138,2.1883499622344966,-0.01579735241830349,0.0191576536744833,0.02193947496574393,0.3222774565219879,372.1872485597715,371.95879361630847,9.969726384033168,0.393920252387602,0.47365434659462835,False
63,1787908835.4209344,6495.29998585,6.30237078666687,24000,24000,4615,966,1.9452805382124385,0.1220587938430489,1.8170000314712524,2.1240000128746033,-0.015222052112221718,0.01886104792356491,0.021279748046432664,0.31421715021133423,377.700064247293,377.94663556673805,9.964549725248302,-0.2018672475703056,-0.28380651135296375,False
64,1787908835.5194497,6495.39981881,6.400886058807373,24000,24000,4558,952,1.9528424352908336,0.133663209329064,1.8255500078201294,2.159250009059906,-0.014246868900954723,0.01663990691304207,0.021956130621428586,0.28433850407600403,383.802808711903,383.8643333455773,9.972996268027947,-0.010264928213643998,-0.04375018231047534,False
65,1787908835.6230218,6495.49966129,6.50445818901062,24000,24000,4643,973,1.9670123315176027,0.14816232970813983,1.8335999727249146,2.2473999500274657,-0.015579738654196262,0.021094217896461487,0.021478258300341956,0.34264320135116577,389.87153411077014,389.8237463820319,9.994497620030764,-0.15610474970060295,0.001782251070608254,False
66,1787908835.719257,6495.59950209,6.600693464279175,24000,24000,4713,988,1.9561032398268279,0.11821984336492672,1.8209999799728394,2.139549970626831,-0.015029815025627613,0.026499254629015923,0.021339233227456338,0.402508020401001,396.1054324761438,395.83173242408304,10.002622175293183,0.30345650894810206,0.40789879156113784,False
67,1787908835.819737,6495.69934057,6.701173305511475,24000,24000,4859,1057,1.9697265852817185,0.15095103152259665,1.8287999868392943,2.262800073623657,-0.014763738960027695,0.025874271988868713,0.01990928530203485,0.3900565505027771,401.49888370710465,401.7861093802161,10.007303557549614,-0.33211305403983715,-0.2994938774206162,False
68,1787908835.9199061,6495.79997479,6.801342487335205,24000,24000,4844,1138,1.9484956052894122,0.1171479329402102,1.812000036239624,2.1232999205589294,-0.015075421892106533,0.024301081895828247,0.0206859163488111,0.37620794773101807,407.0511817267735,407.79630304660725,10.000708002146098,-0.7901955517117472,-0.8283901867296777,False
69,1787908836.019879,6495.89980693,6.901315450668335,24000,24000,4854,1147,1.9498134262164781,0.12611327430159314,1.8143000245094298,2.1624000787734987,-0.015990378335118294,0.02440529316663742,0.020995683006953116,0.3828245997428894,413.7302373819378,413.8895143282233,10.00500388954948,-0.10974685467988365,-0.046499845525886485,False
70,1787908836.118868,6495.99963999,7.000304460525513,24000,24000,4840,1147,1.9409851806519234,0.12188404472140026,1.817300009727478,2.113700032234192,-0.0183795765042305,0.016922280192375183,0.021566785191406403,0.32902607321739197,420.1629996117381,419.9174330887811,10.00500388954948,0.3834478809643542,0.5668111635932291,False
71,1787908836.2232275,6496.09947767,7.104663848876953,24000,24000,5000,1009,1.942229931607355,0.11816869270831384,1.821399998664856,2.1264000415802,-0.01849646121263504,0.01931433379650116,0.021865274279780463,0.3507850766181946,425.28239961311846,425.9149876483151,10.004456458247942,-0.7589546314549693,-0.8568384165929501,False
72,1787908836.3194528,6496.19932973,7.2008891105651855,24000,24000,5017,1021,1.9334348679522926,0.11914065995461709,1.805999994277954,2.115999937057495,-0.017355168238282204,0.012365397065877914,0.021797751611833505,0.27970901131629944,431.9372984362266,431.92637301990715,10.005757903698294,0.12220792270073844,0.20716375265737952,False
73,1787908836.4219058,6496.29995819,7.30334210395813,24000,24000,4845,898,1.9458262798249855,0.1277269435713591,1.8259999752044678,2.1531501054763793,-0.017392249777913094,0.011953786946833134,0.02272706920795111,0.27475622296333313,438.07869365622054,437.93514561601916,10.007838289074611,0.11618869624544459,0.0628011406018345,False
74,1787908836.5197027,6496.39980723,7.4011390209198,24000,24000,4872,885,1.9410610181463641,0.12033855237644184,1.8196000099182128,2.1540000438690186,-0.015754790976643562,0.007828528061509132,0.022370370238459822,0.231633722782135,444.1822042172159,443.9062887242844,10.020322295322694,0.3516600693320129,0.42164362331942584,False
75,1787908836.619351,6496.49962725,7.500787258148193,24000,24000,5002,910,1.9440285708878067,0.12738496979740113,1.8189000010490417,2.1991999983787536,-0.017840785905718803,0.004453967325389385,0.02248893548036333,0.2416052669286728,449.9764030217027,449.86412637626,10.020322295322694,0.16673622630810314,0.2746355680267243,False
76,1787908836.7187932,6496.59948613,7.600229501724243,24000,24000,5052,889,1.935239595288769,0.11195363852900728,1.815999984741211,2.118200063705444,-0.01452707964926958,0.00398922199383378,0.023328564208679525,0.19767703115940094,456.10827329026483,455.89787213072043,10.041120697787031,0.3318439386790146,0.5217386696660355,False
77,1787908836.8191538,6496.69932743,7.700590133666992,24000,24000,4879,856,1.9356974296480696,0.11283299458873064,1.8209999799728394,2.1172499656677246,-0.012079787440598011,0.0032749257516115904,0.02208003365941944,0.16245043277740479,462.2961743141394,461.96698877323223,10.053401456946537,0.4978769992295611,0.3997167827093904,False
78,1787908836.9193428,6496.79998043,7.800779104232788,24000,24000,4884,832,1.9426201924395103,0.1256347343291197,1.817549991607666,2.1704500436782834,-0.009208319708704948,0.003022450488060713,0.021743547766873362,0.12534403800964355,467.67738964773775,468.0203103186021,10.051898687012919,-0.1324755543965921,0.10014404915347086,False
79,1787908837.0196939,6496.89982213,7.901130199432373,24000,24000,4826,838,1.9547816246107825,0.14081181741493898,1.819000005722046,2.2112000226974486,-0.006618239916861057,0.0022462643682956696,0.021275741329062955,0.09125491976737976,473.12571186109096,474.0064732925427,10.016058308454411,-0.7054490779174785,-0.6713890506506459,False
80,1787908837.1197224,6496.99967485,8.001158714294434,24000,24000,4961,885,1.9637683627295628,0.14257607202223632,1.8270000219345093,2.2563999652862545,-0.007649592123925686,0.008797639980912209,0.02155969837429487,0.15192624926567078,479.70472093498734,480.0336882845224,10.009884274428023,-0.1283801812247134,-0.05191906907060684,False
81,1787908837.2195218,6497.09951745,8.100958108901978,24000,24000,4892,993,1.962748237006734,0.1400549380440514,1.8250000476837158,2.234200048446655,-0.00800153985619545,0.014807873405516148,0.021132963513012103,0.21736261248588562,485.9526341636699,486.0702290769385,10.002191989675579,0.13134061071502856,0.4418262662833854,False
82,1787908837.3192797,6497.19934493,8.200716018676758,24000,24000,4864,1020,1.9543509816422182,0.12017379721774375,1.8320000171661377,2.1360999226570128,-0.009430534206330776,0.018778258934617043,0.021441618007989192,0.27044081687927246,491.3699426137816,492.0116070531979,9.98151887686703,-0.4370541908588166,-0.39193205979188406,False
83,1787908837.4196024,6497.29998731,8.30103874206543,24000,24000,4875,1054,1.9520056954597387,0.10851815389210537,1.834650021791458,2.0986999988555906,-0.009340294636785984,0.020187590271234512,0.02112224385042714,0.2894250452518463,497.9940221791612,497.97426236164364,9.981380779104212,0.16743201133544972,0.2696270441298907,False
84,1787908837.5194557,6497.39981815,8.40089201927185,24000,24000,5019,1095,1.9466009147635333,0.10899612632007809,1.8329999446868896,2.084600067138672,-0.00638422928750515,0.02176010236144066,0.021024288055118374,0.2906646132469177,504.2489289711953,503.98939365103286,9.980631909530624,0.4309132871842962,0.6975065360014128,False
85,1787908837.6201203,6497.49966389,8.501556634902954,24000,24000,4884,1088,1.9419034927645151,0.09553706186338437,1.8270000219345093,2.0666499376296996,-0.00815840344876051,0.021089280024170876,0.021768056422628457,0.29579034447669983,510.84614771092794,509.9785320678875,9.992611479604586,0.9880243454998094,1.1424926907291706,False
86,1787908837.719771,6497.59951759,8.601207256317139,24000,24000,4768,1044,1.9466475090761295,0.11544317408602457,1.823149961233139,2.072000026702881,-0.008822324685752392,0.0202268585562706,0.021048445645732126,0.28052613139152527,516.1613150356341,515.9571325980868,10.00840095540926,0.3239259660826974,0.6250969851842001,False
87,1787908837.8189096,6497.69935965,8.700345993041992,24000,24000,4699,1045,1.9512889979558699,0.11659403910761695,1.8222000122070312,2.0859999656677246,-0.010722917504608631,0.01940627582371235,0.021476113807027894,0.2912292778491974,522.0729853102457,522.0039582711835,9.999058544523985,0.28704479127372906,0.5338052632505423,False
88,1787908837.9196873,6497.79999457,8.80112361907959,24000,24000,4825,1086,1.9449585634480964,0.1010213066846137,1.8300000429153442,2.0787500143051147,-0.016180993989109993,0.018200919032096863,0.02248217683933014,0.3179052770137787,527.6347287922599,528.0526881625204,10.008347199899008,-0.19810029156144537,-0.10876710686318347,False
89,1787908838.0194573,6497.89982757,8.900893688201904,24000,24000,4608,951,1.936412200566722,0.11541506285044563,1.809999942779541,2.0764999389648438,-0.015942567959427834,0.013937580399215221,0.023255237214120223,0.2846662700176239,533.7222007862006,534.0161478460815,9.999776581922232,-0.09706113802997152,-0.0025489891223742234,False
90,1787908838.1193542,6497.99965741,9.0007905960083,24000,24000,4517,891,1.9375084168983228,0.12312837116324503,1.809000015258789,2.131999969482422,-0.018521010875701904,0.011485989205539227,0.022519903169770934,0.2920904755592346,539.4320971956225,539.9775102247823,9.991646682047259,-0.38120818080187746,-0.32287025710525086,False
91,1787908838.2192898,6498.09950451,9.100726127624512,24000,24000,4478,873,1.9350595644932296,0.13127567843635865,1.8029999732971191,2.1239999771118163,-0.015390150249004364,0.010174029506742954,0.022883699587090287,0.24989069998264313,545.5682794699065,545.9650218571335,9.972109466598353,-0.24138687583422325,-0.18815699244589723,False
92,1787908838.3193076,6498.19933703,9.200743913650513,24000,24000,4531,971,1.9306271882798718,0.12549984773086303,1.812000036239624,2.1274999380111694,-0.010005468502640724,0.0062062423676252365,0.023259243756142318,0.16066990792751312,551.8379651211591,551.9469880210745,9.95086433228313,0.027002352970953325,0.054590361128930454,False
93,1787908838.4200726,6498.29999275,9.301508903503418,24000,24000,4553,903,1.918656699153144,0.11274578726698703,1.8050999522209168,2.062999963760376,-0.014473519288003445,0.009160555899143219,0.023378700688513672,0.22861695289611816,558.095402816042,557.858779790822,9.946239243266369,0.23830968305082934,0.218201984111829,False
94,1787908838.51894,6498.39982519,9.400376319885254,24000,24000,4539,954,1.928550315103191,0.13117403660566165,1.8009999990463257,2.1023499727249146,-0.011360066942870617,0.007374006789177656,0.023275051283504142,0.18208377063274384,563.516879280423,563.8111185397165,9.950390316878929,-0.2724854594870294,-0.3954061103344202,False
95,1787908838.6192496,6498.49965835,9.500685930252075,24000,24000,4490,904,1.9230099548544504,0.10171651292510758,1.815999984741211,2.073699903488159,-0.016965657472610474,0.010510611347854137,0.023537450189313056,0.2625717520713806,570.0453716952276,569.8102839997865,9.957720471415941,0.23720040350087856,0.17812851306587163,False
96,1787908838.7188687,6498.59949455,9.600305080413818,24000,24000,4485,913,1.9299200427231888,0.1252744583492995,1.8055999755859375,2.1365999698638913,-0.016075965017080307,0.010651648044586182,0.023084544018686367,0.2532457411289215,576.1942254613683,575.8357329663205,9.970090816996871,0.4086768128033782,0.37414383008729146,False
97,1787908838.818365,6498.69932783,9.699801445007324,24000,24000,4716,982,1.9340743420080353,0.12489023367769436,1.816049987077713,2.1179500341415403,-0.010398476384580135,0.011281296610832214,0.023468914616368797,0.2009434700012207,581.4314038602695,581.860915167813,9.980324293790284,-0.32415472959030467,-0.408967049901662,False
98,1787908838.9205225,6498.79997151,9.801958799362183,24000,24000,4485,874,1.9325915329516343,0.12214809743665123,1.8046499729156493,2.1104500293731685,-0.0100228451192379,0.0069642383605241776,0.02343411699322615,0.1594611257314682,587.5975822672144,587.8762062083381,9.969231612947567,-0.28765174914531144,-0.41703237843773877,False
99,1787908839.0194938,6498.89981329,9.900930166244507,24000,24000,4636,835,1.935092219050059,0.11948138811212945,1.8079999685287476,2.167400002479553,-0.00846950989216566,0.006795037072151899,0.02329518674683223,0.14313212037086487,594.2794658166927,593.8187904409394,9.978225427020694,0.4557229251093986,0.5560181230418948,False
100,1787908839.1197457,6498.99965813,10.001182079315186,24000,24000,4723,857,1.94360209818899,0.12738343171613234,1.8070000410079956,2.1649999618530265,-0.007377153262495995,0.00901304092258215,0.023614504500515967,0.14952315390110016,599.5853272014144,599.7797495153583,9.967479624011212,-0.25376027196318773,-0.40900547934063525,False
101,1787908839.21922,6499.09949447,10.100656270980835,24000,24000,4889,916,1.9456626620615414,0.1264906586847158,1.8107499778270721,2.165000021457672,-0.009698092937469482,0.011394090950489044,0.024359738026575838,0.1938629150390625,605.41900423187,605.7273867190368,9.976903666881041,-0.3887627563062779,-0.6810959119624158,False
102,1787908839.3192067,6499.19932677,10.200643062591553,24000,24000,4700,790,1.9418822780440126,0.12820838271881832,1.7999999523162842,2.1625000596046444,-0.005125936586409807,0.01453811302781105,0.023250083169836993,0.19983507692813873,611.5553766394742,611.6641394908887,9.977509094040053,-0.2518270351869205,-0.27782292242113726,False
103,1787908839.4204261,6499.29997573,10.301862478256226,24000,24000,4594,829,1.9575645374302697,0.1379214325057676,1.8074000120162963,2.230800104141235,-0.006845635361969471,0.019159657880663872,0.021791593606818444,0.2569158971309662,617.7664597613315,617.6587168087894,10.002004456037525,-0.11414086847423732,0.06478132860900132,False
104,1787908839.5190754,6499.39982259,10.400511741638184,24000,24000,4557,888,1.947143018648431,0.11308792097694788,1.8220000267028809,2.0846500635147094,-0.008139812387526035,0.01819947175681591,0.022325467547901726,0.25235164165496826,623.6932627097834,623.6784599558824,9.997210502162227,-0.10651984689786786,-0.20191325043219877,False
105,1787908839.6196516,6499.49966729,10.50108790397644,24000,24000,4711,1038,1.942548169106647,0.11150768705879407,1.8147000432014466,2.0869998931884766,-0.00656687980517745,0.013579550199210644,0.022774422576555393,0.19450771808624268,629.267719885875,629.6811937455251,10.003584195759979,-0.5668629518999069,-0.6799426657895538,False
106,1787908839.719093,6499.59949409,10.600529432296753,24000,24000,4753,1008,1.947008930028431,0.11995666812473935,1.8123500108718873,2.0896499395370483,-0.009186534211039543,0.015641577541828156,0.022659385899880317,0.23215340077877045,635.7147798004718,635.6980505468902,10.019339635188349,-0.08652267651052625,-0.26758123426282054,False
107,1787908839.819164,6499.69933473,10.700600385665894,24000,24000,4586,978,1.9516820051918733,0.1153341935215022,1.826850014925003,2.118000030517578,-0.008568261750042439,0.019330598413944244,0.02307750515077867,0.26912662386894226,641.2749042051074,641.728012952483,10.018635901557444,-0.5308848567808582,-0.8195687342267775,False
108,1787908839.919969,6499.79998027,10.801405429840088,24000,24000,4603,992,1.9506622991494593,0.12464093263865773,1.8179999589920044,2.117900037765503,-0.010594801045954227,0.01872001774609089,0.022399633341342713,0.2736850082874298,647.3312015992038,647.7289204755756,10.029320622880318,-0.5231211785774121,-0.7650244065000606,False
109,1787908840.0191753,6499.89982649,10.900611639022827,24000,24000,4672,985,1.9507472086678908,0.1163778392587864,1.8250000476837158,2.113800048828125,-0.006493746768683195,0.022873790934681892,0.022929249884036294,0.30277493596076965,653.9701171898314,653.7487090871639,10.028521125639745,0.1631944604959017,0.02765130680325001,False
110,1787908840.120072,6499.99966321,11.001508235931396,24000,24000,4716,938,1.9459669548057035,0.1117426912927038,1.815999984741211,2.0990500450134277,-0.010285849682986736,0.02571393921971321,0.02212463668242657,0.3502873480319977,659.9318258879779,659.8165451283618,10.050272521007228,0.07087606882953423,0.07215858095992189,False
111,1787908840.2194495,6500.09950397,11.10088586807251,24000,24000,4609,911,1.9485872675113698,0.12214168792489592,1.8180000185966492,2.090499997138977,-0.0119760911911726,0.025159908458590508,0.022791359378093075,0.3590395450592041,665.8690732062324,665.856903015596,10.049176923871753,0.045237665091462986,0.16490606064610347,False
112,1787908840.3194768,6500.19934329,11.200913190841675,24000,24000,4556,935,1.9498556176608897,0.12529620461860105,1.8200000524520874,2.090700006484985,-0.014567183330655098,0.021865857765078545,0.02204269527994494,0.33753934502601624,672.208537509071,671.9154528123073,10.029018090294871,0.38283331903267026,0.5175546545182215,False
113,1787908840.4195793,6500.29999001,11.301015615463257,24000,24000,4608,973,1.9440503599464831,0.12691239990668385,1.815000057220459,2.098400020599365,-0.014897741377353668,0.020652838051319122,0.02223093100543353,0.321376770734787,677.788975372899,677.9326268345432,10.029184866549995,-0.04310374933015737,-0.09116858959487217,False
114,1787908840.5192587,6500.39982249,11.400695085525513,24000,24000,4603,947,1.9409524821681232,0.12001669774520314,1.815000057220459,2.084700059890747,-0.012514379806816578,0.0224990863353014,0.020401035858068572,0.33081576228141785,683.8447082394888,683.9568490078497,10.035399961620573,0.03163242812513545,0.24246900252830983,False
115,1787908840.6194527,6500.49968193,11.50088906288147,24000,24000,4472,962,1.9437546780847959,0.1382557489598391,1.8170000314712524,2.1135500788688653,-0.01270727813243866,0.014489380642771721,0.021072587549514073,0.25291430950164795,689.5125957905319,690.023126484687,10.021144592798876,-0.3123483269423559,-0.14539969535655928,False
116,1787908840.7192225,6500.59951979,11.600658893585205,24000,24000,4426,893,1.9394804035028712,0.11746371721375147,1.8116000175476075,2.1205999374389646,-0.01823831908404827,0.019204454496502876,0.021711765511871785,0.34265613555908203,695.8514104850578,696.0320309954731,10.010861187958799,0.04004783283562574,0.4156119344449962,False
117,1787908840.8194633,6500.69935497,11.700899600982666,24000,24000,4458,886,1.948291195703683,0.14566873859811688,1.8102499544620514,2.184749960899353,-0.02032378315925598,0.02044646441936493,0.021225762253381655,0.3702910542488098,702.1395751274008,702.0488423007228,9.987613575473603,0.3135402594629113,0.3958124467608286,False
118,1787908840.918681,6500.79961103,11.800117254257202,24000,24000,4544,871,1.9445476470393237,0.13812114646909315,1.8104999661445618,2.15500009059906,-0.018742553889751434,0.019344022497534752,0.02180523168390877,0.3466739058494568,707.9820085637383,708.0286686229002,9.98452887049973,0.20268707250625084,0.16663080997966517,False
119,1787908841.0195417,6500.89945831,11.900978088378906,24000,24000,4635,920,1.9340619561464891,0.12548915968653926,1.8059499919414521,2.1760501146316527,-0.01748153194785118,0.013735993765294552,0.022005510726937377,0.2905997931957245,713.8690096176721,713.9580622171767,9.960178307548958,0.03780688581457525,-0.3180933236941428,False
120,1787908841.1187677,6500.99930017,12.000204086303711,24000,24000,4524,878,1.9351810927000024,0.11996721229870111,1.8118500292301178,2.122899985313415,-0.016870396211743355,0.016499724239110947,0.021517425898535496,0.3047119975090027,720.0834045415419,719.9363058362478,9.966413635622617,0.2984144882464079,0.3804127726115212,False
121,1787908841.2226052,6501.09993725,12.104041576385498,24000,24000,4425,921,1.9387513547973965,0.12690613983167273,1.812999963760376,2.135999917984009,-0.015553221106529236,0.01482466608285904,0.02240098386924692,0.27829673886299133,725.9897321854771,725.9016856654188,9.971763168137981,-0.025745289142946604,0.006441853559294941,False
122,1787908841.3194225,6501.19977911,12.20085883140564,24000,24000,4727,955,1.9408261787204841,0.11505743192781087,1.8220000267028809,2.09229998588562,-0.01271857600659132,0.018735578283667564,0.02102352684124493,0.2971309721469879,731.423593117867,731.8600913228128,9.981369952683272,-0.4011415825880249,-0.536627011175483,False
123,1787908841.4195013,6501.29962271,12.30093765258789,24000,24000,4603,913,1.9452562979774433,0.11673379418780473,1.8235999822616578,2.105399990081787,-0.013213680125772953,0.018069161102175713,0.02112069474823486,0.2923063635826111,737.9615889423175,737.8539781074846,9.998262134425536,0.13189557013527065,0.018399893016521673,False
124,1787908841.5245798,6501.39945509,12.406016111373901,24000,24000,4533,902,1.9516740568196957,0.13597618702635494,1.8200000524520874,2.1745999574661248,-0.015057855285704136,0.018632126972079277,0.021753215648690795,0.3144826292991638,744.1442509084434,743.8453710981796,10.00081394251328,0.009609148133108647,0.10498545288521655,False
125,1787908841.6187577,6501.49928047,12.500194072723389,24000,24000,4608,936,1.9611410289748101,0.13722358859014794,1.8209999799728394,2.1984999775886536,-0.014873773790895939,0.01922220177948475,0.021839795731386086,0.321432888507843,749.4615158893658,749.8470393629187,10.002113297271565,-0.3240194267478955,-0.41069638938256503,False
126,1787908841.7203364,6501.59991613,12.601772785186768,24000,24000,4799,1029,1.958183673426755,0.12964899723491624,1.8187999963760375,2.1328000545501706,-0.018866436555981636,0.02436993271112442,0.021040326674322117,0.3999360501766205,755.5381273280058,755.8105866567331,9.998711586302393,-0.3423635747553817,-0.5527598640916267,False
127,1787908841.8197324,6501.69974623,12.701168775558472,24000,24000,4946,1136,1.956445425853763,0.1233863254366394,1.8277499675750732,2.1442500352859497,-0.013084153644740582,0.02363433688879013,0.020087283267749143,0.3533326983451843,761.6252984072146,761.8166162197417,10.007719327969015,-0.21917975345547802,0.10959009380871976,False
128,1787908841.9200304,6501.79958847,12.801466703414917,24000,24000,4874,1165,1.9509527905304545,0.12203030976868573,1.8259999752044678,2.138799953460693,-0.015858136117458344,0.02576768770813942,0.021512921674425645,0.3998901844024658,767.4172578783257,767.84348494669,10.00795820158048,-0.44532585675972314,-0.24101074458849325,False
129,1787908842.0198562,6501.89944113,12.901292562484741,24000,24000,4861,1156,1.9466470597524543,0.11482084681221688,1.8259999752044678,2.1234999299049377,-0.016940394416451454,0.024607254192233086,0.020549316313202396,0.38699308037757874,773.8444551666515,773.8737120846923,9.991823592508839,-0.007908933575549781,-0.09903194123876347,False
130,1787908842.1190023,6501.99967395,13.000438690185547,24000,24000,4799,1118,1.9405670834568618,0.1218611009478902,1.809999942779541,2.124750053882598,-0.017435483634471893,0.018704887479543686,0.021199580380587592,0.33416035771369934,779.7028284065937,779.8761103446926,9.996599896746778,-0.09853061855278611,-0.11029982681532147,False
131,1787908842.2195187,6502.09951675,13.10095500946045,24000,24000,4937,1011,1.946445100974848,0.12615718450701993,1.8205000162124634,2.159500002861023,-0.017780667170882225,0.01459567528218031,0.022010621844457904,0.3045685887336731,785.8931412481056,785.8867110432815,9.996599896746778,0.0605726628392631,0.6306509851718829,False
132,1787908842.319065,6502.19936691,13.200501441955566,24000,24000,4940,962,1.9358097721286227,0.11406161746901783,1.8150500535964966,2.11899995803833,-0.019642161205410957,0.010817637667059898,0.022455159737997943,0.2959432601928711,792.0342226590606,791.8845092548125,9.98945407144385,0.22863994363694928,0.3523921203723148,False
133,1787908842.4188318,6502.29961789,13.300268173217773,24000,24000,4867,894,1.9290357928148052,0.1060460035667691,1.8139500498771668,2.0907500267028802,-0.018475530669093132,0.008787582628428936,0.022515150821411138,0.27005892992019653,798.1034569938421,797.8302382678827,9.98555032225394,0.3116417172667525,0.4476161511390728,False
134,1787908842.5195131,6502.39946913,13.400949478149414,24000,24000,4887,856,1.9379789706702544,0.1261323879248541,1.8187499940395355,2.169249951839447,-0.014997776597738266,0.008343661203980446,0.02199545991807063,0.22528818249702454,803.8840255336181,803.8100190931527,10.013020994412228,0.05110117933827496,0.12196400293703391,False
135,1787908842.6184127,6502.49931417,13.499849081039429,24000,24000,5046,919,1.9349662693332925,0.11548270535923547,1.8200000524520874,2.157100057601929,-0.011082956567406654,0.005620823707431555,0.02234786381951762,0.16492199897766113,809.8053894678764,809.8414118590784,10.017599842086097,0.038262242409018654,0.06018729812547008,False
136,1787908842.7197318,6502.59995305,13.601168155670166,24000,24000,4882,846,1.946334515057557,0.13536049879797415,1.8202500343322754,2.208000063896179,-0.014400780200958252,0.0024982462637126446,0.022070074949818153,0.1896163821220398,815.9547484786032,815.8662696907386,10.020517205886089,0.10824453158897995,0.25165411726379716,False
137,1787908842.820058,6502.69979805,13.701494455337524,24000,24000,4887,849,1.940275619953906,0.12209088490278974,1.8124000072479247,2.1530000209808344,-0.011798650026321411,0.0030941518489271402,0.02224838211248426,0.16038139164447784,821.6070311278114,821.8740333215126,9.98583526916746,-0.25928076730690464,-0.34599382829730985,False
138,1787908842.92035,6502.79963765,13.801786422729492,24000,24000,4828,866,1.9464168607775665,0.127597865602538,1.8209999799728394,2.18149995803833,-0.008378920145332813,0.0008811670122668147,0.02139530237182381,0.10983485728502274,827.5735585678773,827.8679754643935,9.976208426076427,-0.31050126012519286,-0.42125376236140255,False
139,1787908843.0198104,6502.89949089,13.901246786117554,24000,24000,4948,847,1.9512030703962342,0.13014201624791555,1.8232999682426452,2.196000099182129,-0.012954924255609512,0.004178076051175594,0.021488794101176645,0.17439256608486176,833.3228617065837,833.8492468251058,9.976208426076427,-0.5290479078649923,-0.5617311096286812,False
140,1787908843.1189659,6502.99931515,14.000402212142944,24000,24000,4940,853,1.9578323589260105,0.1342402455222542,1.8305999994277955,2.2043999195098873,-0.009451281279325485,0.008915869519114494,0.021639176682814683,0.16598840057849884,839.4898630244147,839.8151650359156,9.971554672847624,-0.3115994357420959,-0.44822358973408427,False
141,1787908843.2241354,6503.09994739,14.105571746826172,24000,24000,4631,856,1.9614112168271964,0.13035794359935274,1.8317500054836273,2.197499990463257,-0.003194526070728898,0.015857048332691193,0.021003936636851447,0.21053355932235718,845.5960609832963,845.8044323480239,9.976988441431448,-0.5158146275858826,-0.76891940679252,False
142,1787908843.3193278,6503.19978917,14.200764179229736,24000,24000,4863,1044,1.9573773940404255,0.11979097467669168,1.8350000381469727,2.1677999258041374,-0.008451459929347038,0.018693957477808,0.021703996786429647,0.2680426239967346,851.8061372261693,851.8017956656341,9.982622395833344,-0.017502529132684685,-0.05654553569775089,False
143,1787908843.4192622,6503.29963447,14.300698518753052,24000,24000,4849,1079,1.9495338297641531,0.11536288230323158,1.8339999914169312,2.1130999326705933,-0.008607899770140648,0.01752646453678608,0.021185330377871722,0.25301188230514526,858.0382860743167,857.8103485540804,9.993179969149685,0.21835687800466985,0.3923735820087586,False
144,1787908843.518973,6503.39947967,14.400409460067749,24000,24000,4980,1106,1.9466898740954683,0.10420491664307173,1.8359999656677246,2.0767499208450317,-0.0067265769466757774,0.021074675023555756,0.021120597602610088,0.28710758686065674,864.2709095188961,863.838306064344,9.994468024867466,0.4680952861647256,0.656398931521835,False
145,1787908843.618751,6503.49930393,14.500187397003174,24000,24000,4869,1074,1.942237430111656,0.11457742087428015,1.8229999542236328,2.0527500748634333,-0.007510719820857048,0.019447926431894302,0.021086754803746402,0.26643106341362,870.0709788093187,869.847244020102,10.004619322574966,0.2812596493569117,0.04111881522067051,False
146,1787908843.7292051,6503.59993679,14.610641479492188,24000,24000,4269,916,1.9483853703503005,0.10922981511064085,1.8287499845027924,2.069999933242798,-0.009163497015833855,0.024985913187265396,0.021144381964471267,0.34108561277389526,875.5081312891901,875.838235602157,10.019510974027552,-0.9090860030909198,-1.3286297697555938,False
147,1787908843.8196537,6503.69977507,14.701090097427368,24000,24000,4789,1035,1.9536608707501693,0.12474873601362792,1.8250000476837158,2.139299988746643,-0.013174964115023613,0.020855728536844254,0.02203323324479308,0.32104822993278503,881.5922317123867,881.8628806895784,10.021733542156568,-0.2521099824340354,-0.4053907258189611,False
148,1787908843.9196177,6503.79962661,14.801054000854492,24000,24000,4817,1092,1.948597985637057,0.11875023919275084,1.8185499846935271,2.1034500002861023,-0.009858454577624798,0.016654953360557556,0.02179246264884813,0.25810539722442627,887.730349289965,887.8756656566206,10.022131378900815,-0.11205574786072248,0.020332880224714245,False
149,1787908844.0198178,6503.89945825,14.901254177093506,24000,24000,4553,952,1.9502121853728254,0.13775809352603438,1.812999963760376,2.1689999103546143,-0.01711208187043667,0.013873456977307796,0.0229075828788855,0.29207751154899597,893.503591940581,893.8424169177033,10.024901075980772,-0.3510533505478861,-0.4497595972701447,False
150,1787908844.1194272,6503.99928961,15.000863552093506,24000,24000,4517,889,1.933289087797579,0.1305743326347762,1.8017999887466432,2.0917999267578122,-0.017819348722696304,0.012309644371271133,0.022938702206075315,0.2910950779914856,900.0780853666845,899.8309120764673,10.022062377889968,0.24664925082845457,0.19870991124503234,False
151,1787908844.2219393,6504.09992487,15.103375673294067,24000,24000,4531,977,1.9331678613303505,0.1278502792056646,1.8097999572753907,2.1163999557495106,-0.014310897327959538,0.007184336893260479,0.023057360503914055,0.2181605100631714,905.6435472093756,905.840149123516,10.01302760389134,-0.3388511569195316,-0.44867010397456397,False
152,1787908844.319807,6504.19975895,15.20124340057373,24000,24000,4696,994,1.9257837026651716,0.10867254978853448,1.801949965953827,2.0833500027656555,-0.013871005736291409,0.009533751755952835,0.02288562226168582,0.22453269362449646,911.6673134130205,911.825872729618,10.004650720862562,-0.18737292257446825,-0.12080199326067032,False
153,1787908844.4194098,6504.29960353,15.300846099853516,24000,24000,4537,898,1.931240536853306,0.12256189412435059,1.8079999685287476,2.1285000920295714,-0.0117033114656806,0.012071001343429089,0.023328965157216757,0.22097764909267426,917.7009362652193,917.7974220465366,10.011682493496073,-0.13014033658771496,-0.11579723785098395,False
154,1787908844.5195942,6504.39943693,15.401030540466309,24000,24000,4429,866,1.9240034646580455,0.11727936658317317,1.8062500059604645,2.06549996137619,-0.015816133469343185,0.012940330430865288,0.02357691681467692,0.2693229019641876,923.5984022612379,923.8373551034401,10.027910997506892,-0.24397042022985715,-0.2658102409912999,False
155,1787908844.6185222,6504.49967293,15.499958515167236,24000,24000,4496,959,1.925486967387115,0.11724433985437233,1.8140000104904175,2.0880000591278076,-0.014040774665772915,0.0060992673970758915,0.023169994601987813,0.20543363690376282,929.726405555564,929.8817408662591,10.027910997506892,-0.05187237077984719,-0.19297740407876063,False
156,1787908844.719662,6504.59952305,15.60109829902649,24000,24000,4544,927,1.9260690400001172,0.12303830098784853,1.805999994277954,2.12139995098114,-0.017182160168886185,0.006759862881153822,0.023166925760071122,0.24163353443145752,936.0155369853456,935.9155881576844,10.040827963662087,0.16864019471449865,0.17272504515199216,False
157,1787908844.8188827,6504.69936219,15.700319051742554,24000,24000,4688,940,1.9316297871001222,0.12368956321274036,1.812000036239624,2.1200498938560486,-0.013077590614557266,0.009702310897409916,0.024316521809192897,0.2187017798423767,941.8665581758456,941.9359238426354,10.025479570017733,0.06618878832398423,0.08872416353949575,False
158,1787908844.9196842,6504.79999037,15.801120519638062,24000,24000,4529,851,1.926615746405094,0.11229528915674401,1.8049999475479126,2.1059999465942383,-0.008521351963281631,0.006577593740075827,0.022651090092994985,0.13964875042438507,947.734859656002,947.9424639747122,10.018244435132148,-0.11382886249396051,-0.19519368228372969,False
159,1787908845.0194178,6504.89984033,15.900854110717773,24000,24000,4694,874,1.939724256163058,0.13111504329364762,1.809999942779541,2.137799954414367,-0.006706432905048132,0.009263996034860611,0.02364759503717578,0.1503894329071045,954.4198372114196,953.9578647592015,10.01611697156011,0.586904618685594,0.9003531262336537,False
160,1787908845.119639,6504.99968049,16.001075267791748,24000,24000,4827,840,1.9399488109917868,0.11743586075540542,1.809999942779541,2.147100067138672,-0.003898031311109662,0.008329080417752266,0.02314764266202006,0.11898671090602875,959.8922980497452,959.9010227791242,10.015064968980667,0.04586630551818871,-0.00022967046970734373,False
161,1787908845.2199,6505.09951953,16.101336240768433,24000,24000,4810,842,1.939212588544696,0.12698298708613845,1.7990500211715699,2.192850077152252,-0.005392102990299463,0.012270873412489891,0.02399356324693639,0.17490145564079285,965.5456986444386,965.9317690956119,10.036551748190295,-0.31662129671030925,-0.42248995568741066,False
162,1787908845.3198268,6505.19935561,16.201263189315796,24000,24000,4592,808,1.938021038723464,0.11878649627998052,1.805999994277954,2.139549970626831,-0.009362971410155296,0.011756030842661858,0.023205976397461133,0.19409123063087463,971.7790943833662,971.9891545873588,10.015531504399894,-0.07907152329403289,-0.02836229608794838,False
163,1787908845.420058,6505.29999655,16.301494359970093,24000,24000,4611,851,1.9495252634187423,0.12054106467131936,1.812000036239624,2.128999948501587,-0.010296938009560108,0.02016204036772251,0.02212418312133916,0.285536527633667,978.2109050077197,978.0112064419279,10.007919310653081,0.3386391117938956,0.39199118701628777,False
164,1787908845.519492,6505.39984607,16.400928258895874,24000,24000,4616,956,1.9452301260068328,0.11712843492174528,1.8057499825954437,2.12200003862381,-0.009276751428842545,0.013550421223044395,0.02263119444974741,0.21027924120426178,983.5719406090977,984.040514189321,9.996306292544034,-0.2665871448755297,-0.36734464011215096,False
165,1787908845.6196954,6505.49968187,16.501131772994995,24000,24000,4773,1023,1.9528289355140978,0.12387387439607757,1.8171000242233277,2.1579999923706055,-0.008415847085416317,0.016081539914011955,0.023104936613986157,0.23259514570236206,989.8548700332116,990.0220142433323,9.983160651898634,0.0039017466775703724,0.05780853406395181,False
166,1787908845.7194571,6505.59951909,16.60089349746704,24000,24000,4595,1004,1.941730080135315,0.10729582752701654,1.8170000314712524,2.078000068664551,-0.007588739041239023,0.015621226280927658,0.022727541947707444,0.2220606505870819,996.0487147258098,995.9938187144229,9.984308955630352,0.2118142970102781,0.25720625877636394,False
167,1787908845.8194706,6505.69935441,16.700906991958618,24000,24000,4592,932,1.9509989262394638,0.11465070052250335,1.8225499868392945,2.0869998931884766,-0.006704466417431831,0.022618450224399567,0.021745736916997903,0.29450687766075134,1001.7075500005744,1001.9611104265302,9.98442932882586,-0.1303893487698815,-0.1160447687523174,False
168,1787908845.9198263,6505.79999085,16.801262617111206,24000,24000,4606,924,1.9563755377546532,0.12197945874093212,1.8209999799728394,2.1334000706672667,-0.00797811895608902,0.0251036137342453,0.0234586813386745,0.3379489481449127,1007.8489042900736,1007.908821597162,9.990299880704283,-0.010602603708548486,0.11427569407953797,False
169,1787908846.020034,6505.89983623,16.90147042274475,24000,24000,4711,963,1.9496085163465047,0.1256075792683941,1.8220000267028809,2.155100059509277,-0.012110919691622257,0.02293790690600872,0.02250160763004868,0.3312556743621826,1013.7955768350839,1013.8760777394897,10.009471551035737,-0.07662809316138919,-0.03815844927908074,False
170,1787908846.11987,6505.99967799,17.001306295394897,24000,24000,4711,933,1.9438338674533022,0.11436753001357876,1.8156000137329102,2.0769999027252197,-0.011256521567702293,0.023677829653024673,0.02242511600106941,0.33592933416366577,1020.6524280942353,1019.9456436337848,10.019170130448588,0.7898419630760145,1.081208441706508,False
171,1787908846.2197843,6506.09953069,17.10122060775757,24000,24000,4611,955,1.9532785359477498,0.12747756150577788,1.8207000017166137,2.171800088882446,-0.012764111161231995,0.023517612367868423,0.02176700514500048,0.34068089723587036,1026.2630424938745,1025.9954287525927,10.019170130448588,0.4053685972501171,0.2855899085054716,False
172,1787908846.3194537,6506.19936887,17.200890064239502,24000,24000,4551,957,1.9478934176164984,0.13141584370489276,1.819000005722046,2.0882000446319577,-0.011919576674699783,0.022661879658699036,0.021883358916374225,0.3260691165924072,1031.4382030659187,1032.0229730190854,10.006773587554088,-0.39986668206756804,-0.3546591381179951,False
173,1787908846.4186938,6506.29960695,17.300130128860474,24000,24000,4690,1014,1.9501410251303302,0.1396861834304948,1.815000057220459,2.100699937343597,-0.01097539346665144,0.020383156836032867,0.022738501643869962,0.30164027214050293,1037.7004141166317,1038.042821952808,9.99392658253493,-0.09228698680635716,-0.22859369604134372,False
174,1787908846.5194407,6506.39944603,17.400876998901367,24000,24000,4580,958,1.9382171182891272,0.1235964721450737,1.8198500454425812,2.075450050830841,-0.01190969068557024,0.019500115886330605,0.020585368350341585,0.2917329967021942,1043.3903191287188,1044.0560130255753,9.99383289792965,-0.44742510926744217,-0.31365931639720657,False
175,1787908846.6188884,6506.49967895,17.500324726104736,24000,24000,4453,945,1.938331218497463,0.12421344292738289,1.809999942779541,2.0708000659942627,-0.015996236354112625,0.01873711310327053,0.021911019430756257,0.318737655878067,1049.6938897256825,1050.0457890121122,9.989471971319237,-0.11094609870360728,-0.21154061358447507,False
176,1787908846.7193441,6506.59951909,17.600780487060547,24000,24000,4441,878,1.9526594526946952,0.14643271251969026,1.8148500502109528,2.221749973297119,-0.02200150303542614,0.022301938384771347,0.022051370199850186,0.4030521810054779,1055.8056317615349,1056.029214125401,9.987138109706734,-0.026779985013945407,-0.06980136752349608,False
177,1787908846.8195217,6506.69935293,17.700958013534546,24000,24000,4443,877,1.9421356921864752,0.13615439571102203,1.8077999830245972,2.220000076293945,-0.021921249106526375,0.019709188491106033,0.021507878150267064,0.3737405836582184,1062.2273042334787,1062.0671882715997,9.98812706248852,0.38401127144538805,0.3652388498080654,False
178,1787908846.9299662,6506.79999563,17.811402559280396,24000,24000,4671,959,1.9441668405522892,0.1425281007363675,1.8089000105857849,2.2120999097824097,-0.015651753172278404,0.016536306589841843,0.021648884068569005,0.29706090688705444,1068.6354717802813,1068.0197653089958,9.978436238436318,0.16525291237871897,0.33125043540462684,False
179,1787908847.0232615,6506.89983015,17.90469789505005,24000,24000,4324,854,1.93795082259234,0.11879463011707225,1.8129500031471253,2.1054499149322505,-0.016258474439382553,0.0209522508084774,0.02208052298982482,0.34301435947418213,1074.4858036342584,1074.0068656708163,9.96924199686242,0.41765076849787874,0.18772397851216738,False
180,1787908847.1197586,6506.99966571,18.001194953918457,24000,24000,4475,864,1.9348125016247784,0.11952643116671455,1.8140000104904175,2.102500092983245,-0.0172838494181633,0.01793086715042591,0.02157659165228835,0.3210388123989105,1079.9570255129274,1079.9801636332452,9.965712175852405,0.09882792438997967,0.14764405422511118,False
181,1787908847.2197864,6507.09951565,18.10122275352478,24000,24000,4437,882,1.9383809524598845,0.12409111918341999,1.815999984741211,2.099499905109405,-0.016310816630721092,0.016611915081739426,0.022153431229206644,0.3010319173336029,1085.7782436906068,1085.97285593682,10.005052081875233,-0.08185115815035715,-0.26862754597232197,False
182,1787908847.3195667,6507.19935909,18.201003074645996,24000,24000,4656,927,1.946737863999483,0.12219460285457824,1.8229999542236328,2.151199960708617,-0.013074942864477634,0.01883535459637642,0.021618267564873294,0.3016088604927063,1091.5084770030608,1091.9678785422866,9.995862688326012,-0.3386658295394227,-0.1964182698559398,False
183,1787908847.4192631,6507.29960193,18.300699472427368,24000,24000,4629,900,1.9511055567529467,0.12734353084137912,1.8259499788284301,2.169049918651581,-0.01591520570218563,0.018440324813127518,0.021660307494971075,0.31932756304740906,1097.5383459423201,1097.9287076361654,10.001226696243904,-0.29080928136318107,-0.3344668074068977,False
184,1787908847.5198343,6507.39944127,18.401270627975464,24000,24000,4579,899,1.9491701880604593,0.11997769544012038,1.8229999542236328,2.1289000272750846,-0.016496723517775536,0.021054863929748535,0.021225832143535326,0.3491082787513733,1104.04563685653,1103.9547630078741,9.997880554979812,0.1819817706395952,0.3544769503337193,False
185,1787908847.6186578,6507.49967717,18.500094175338745,24000,24000,4681,971,1.9480370766839088,0.10328550252333366,1.8220000267028809,2.087000012397766,-0.012244677171111107,0.02075004391372204,0.021059195665182422,0.3209804594516754,1109.7107335534079,1109.9073152988608,9.986250596391478,-0.08256089773158237,-0.2681073930432376,False
186,1787908847.7196033,6507.59952319,18.60103964805603,24000,24000,4861,1056,1.9644545462321152,0.1402703590941553,1.8257499933242798,2.2132500410079956,-0.014556000009179115,0.022822240367531776,0.020851864125230567,0.3550105094909668,1115.9524339311997,1115.8504034250518,9.979003682568353,0.10217972969121547,-0.05569715378737783,False
187,1787908847.8196902,6507.69935603,18.70112657546997,24000,24000,4915,1163,1.9513241608185903,0.11688929354860629,1.8229999542236328,2.116900086402893,-0.013632947579026222,0.022843968123197556,0.021136832722991824,0.3540675938129425,1121.2773523872634,1121.7964904508563,10.006355555405156,-0.5783468784547949,-0.6180086953258979,False
188,1787908847.9195998,6507.79998437,18.80103611946106,24000,24000,4880,1152,1.9508663218261466,0.11868816289181484,1.8179999589920044,2.117349946498871,-0.015645282343029976,0.025990694761276245,0.021103658244604934,0.39797887206077576,1127.991840446664,1127.8106389901375,10.006355555405156,0.14133952870565736,0.14054804898637485,False
189,1787908848.019369,6507.89982125,18.900805234909058,24000,24000,4831,1206,1.941384742805614,0.10880301008623072,1.8240000009536743,2.080500066280365,-0.017734218388795853,0.02156282775104046,0.020622207191947448,0.3639524579048157,1133.5524962747977,1133.9085436149485,10.006267066283662,-0.2843802609247632,-0.3992594440355788,False
190,1787908848.119739,6507.99967351,19.00117540359497,24000,24000,4923,1093,1.9456010990369679,0.12432283351888193,1.8206000089645387,2.1014000415802,-0.01869991049170494,0.02305808663368225,0.021162807256649,0.3836463689804077,1139.4977799987082,1139.9498380232662,9.997105745852634,-0.3615367267882448,-0.4798024552512743,False
191,1787908848.219699,6508.09950107,19.10113525390625,24000,24000,4969,994,1.9433993975401405,0.12531394731670664,1.8109999895095825,2.1428999900817858,-0.015194946900010109,0.01701466366648674,0.022046574585675178,0.29961276054382324,1146.2693436781628,1145.9477517665546,10.001117347380493,0.41220680590254233,0.6176506383831111,False
192,1787908848.3244078,6508.19932931,19.205844163894653,24000,24000,4528,884,1.9401142545954675,0.12394321219625715,1.8141500174999237,2.125099921226501,-0.018809344619512558,0.00981556624174118,0.022555731151456353,0.28148725628852844,1152.3570005480792,1151.938917929007,10.014425904937903,0.217089062627565,-0.05821050178246878,False
193,1787908848.4201944,6508.29996519,19.30163073539734,24000,24000,4857,929,1.9351883741703177,0.1188493406368935,1.8164000034332275,2.1733999729156492,-0.018062517046928406,0.006461608689278364,0.022584952815502914,0.2522740066051483,1158.2044234517846,1157.9257211385577,10.009172912316531,0.3170981140794993,0.35964498646171705,False
194,1787908848.519924,6508.39980727,19.401360273361206,24000,24000,4958,880,1.934652271460403,0.11932412123285363,1.8139500081539155,2.1412500262260434,-0.015953725203871727,0.006846892647445202,0.022562994132503955,0.23157060146331787,1163.3828981530312,1163.8928013286302,10.03439118029401,-0.4884280626706641,-0.3675519302387329,False
195,1787908848.6195295,6508.49964473,19.50096583366394,24000,24000,5114,916,1.9339585148090879,0.11392666617300974,1.812999963760376,2.1515000462532043,-0.01800769940018654,0.0060039241798222065,0.022133464273194254,0.24966177344322205,1169.7944945194313,1169.9590877513488,10.037115256299943,-0.053393630417758686,0.07662317706308386,False
196,1787908848.7196198,6508.59949649,19.60105609893799,24000,24000,4873,870,1.936357471449622,0.11597809264329847,1.819000005722046,2.1135500073432922,-0.010868801735341549,0.0013130689039826393,0.021751998010034333,0.14251141250133514,1176.0896730404584,1176.0136450997252,10.018326765073903,0.23613954714210195,0.3840650851502687,False
197,1787908848.819286,6508.69933969,19.700722455978394,24000,24000,4884,818,1.9471589245248249,0.11888224817472734,1.8259999752044678,2.1667000174522397,-0.011473414488136768,0.005686873570084572,0.022024453205100564,0.1680358648300171,1182.196790902696,1182.0360318099015,10.01869054641366,0.36304753161402914,0.42739427443621025,False
198,1787908848.9208162,6508.79997821,19.802252531051636,24000,24000,4988,894,1.9440033578499318,0.12254688981460844,1.8216500103473663,2.1680500626564023,-0.0065461122430861,-0.0002663858176674694,0.02120584030964548,0.08518841117620468,1187.7517623464603,1187.9907392406649,10.014704000593932,-0.17401825637421098,-0.12788990075068796,False
199,1787908849.0201883,6508.89981657,19.90162467956543,24000,24000,4938,828,1.9636557978996332,0.1500945087784191,1.821349996328354,2.309449970722198,-0.013361329212784767,0.003842894919216633,0.022843049392839303,0.17991903424263,1193.0176459233862,1194.0239188241403,10.000829425529625,-0.8706913712321693,-1.0610093336465525,False
200,1787908849.1202254,6508.99965385,20.001661777496338,24000,24000,4819,872,1.9595963295993455,0.14033031562063694,1.8240000009536743,2.2042499542236325,-0.011725005693733692,0.00958227925002575,0.02176117302485901,0.19469404220581055,1199.7886259519369,1199.9982492731858,9.99083122138158,-0.1021665236901299,0.07177916732439371,False
201,1787908849.220236,6509.09948515,20.101672410964966,24000,24000,4878,991,1.9626044416283261,0.1370503141953599,1.8359999656677246,2.1994999647140503,-0.008618874475359917,0.015804322436451912,0.021673613678659737,0.23193171620368958,1206.1333251230476,1205.9535133054007,10.001276474849172,0.24166539481075233,0.38587252062347943,False
202,1787908849.3189158,6509.19932421,20.20035219192505,24000,24000,4850,1046,1.960347993537983,0.12849183202443878,1.8370000123977661,2.1657499074935913,-0.009183783084154129,0.017715683206915855,0.021655275956414345,0.2594287097454071,1212.2642645754697,1211.9567188611434,10.001276474849172,0.45159179571737695,0.561863378183034,False
203,1787908849.4205592,6509.29997601,20.301995515823364,24000,24000,5000,1086,1.9437661146810261,0.10050092581894897,1.8279999494552612,2.0774999856948853,-0.006174157839268446,0.01907137595117092,0.019955524584525805,0.2558240294456482,1218.147893751041,1217.9884774939715,10.020918991839329,0.236388550442598,0.37358987976313074,False
204,1787908849.5198307,6509.39981445,20.401267051696777,24000,24000,4856,1050,1.9493342879840305,0.11200663025878997,1.8289999961853027,2.1172999739646907,-0.005630444269627333,0.02038937248289585,0.021692882399473295,0.272257924079895,1224.515425092796,1224.0138881563264,10.020918991839329,0.6474001894609955,0.7098556474738871,False
205,1787908849.6198437,6509.49964629,20.501280069351196,24000,24000,4755,1020,1.9436215692875431,0.10088739944606843,1.8329999446868896,2.071100091934204,-0.006117605604231358,0.0219973586499691,0.021156681187276496,0.2950093746185303,1229.712898661704,1229.9789037287878,10.020367212138407,-0.15613655085326172,-0.12309729656726631,False
206,1787908849.7194366,6509.59948219,20.60087299346924,24000,24000,4730,1040,1.952854808821128,0.11412543704892865,1.8269500195980073,2.1061499476432797,-0.008880769833922386,0.02135135605931282,0.021550558067050914,0.3053452670574188,1235.3737240011683,1235.9914473687534,10.020365665416852,-0.47111494548994415,-0.5309787509079342,False
207,1787908849.8190312,6509.69932319,20.700467586517334,24000,24000,4701,1012,1.939442688886356,0.10588696733871916,1.81910001039505,2.070450007915497,-0.011892572976648808,0.020859861746430397,0.021101579307233272,0.3167096674442291,1241.936685417326,1242.0309342330902,10.025320138329244,0.11594259693833919,0.15988209644933704,False
208,1787908849.9206872,6509.79996121,20.802123546600342,24000,24000,4805,1045,1.9463626801112053,0.11636958097261976,1.8220000267028809,2.0823999404907223,-0.018460946157574654,0.018865080550312996,0.022879507278211284,0.3441738784313202,1248.1501503222287,1248.1002643969591,10.027282703774315,0.22981688094864694,0.29903504767048616,False
209,1787908850.0198772,6509.89979917,20.901313543319702,24000,24000,4664,1006,1.9422316110394822,0.12010572998030074,1.8102499544620514,2.0957499742507935,-0.014934966340661049,0.014470052905380726,0.022370633415586764,0.27796676754951477,1253.6574529651652,1254.0682991726812,10.025106776381152,-0.21450764270412037,-0.29160369555074794,False
210,1787908850.1199026,6509.99962897,21.001338958740234,24000,24000,4549,947,1.9388204862097123,0.1266089165313759,1.815000057220459,2.170399975776672,-0.015542621724307537,0.010006869211792946,0.022973864046138427,0.24520863592624664,1259.9146972460933,1260.0377970625875,10.000895504707358,0.040982434616580576,0.09576318229801473,False
211,1787908850.2197134,6510.09947449,21.101149797439575,24000,24000,4592,958,1.9352755755621605,0.13001254917445013,1.8068500339984894,2.1541500329971313,-0.011625804007053375,0.008486120961606503,0.0225206075437226,0.1920003592967987,1265.9480787658376,1266.085920489376,9.979018354020528,0.08548484587799976,0.16758635435485303,False
212,1787908850.3191214,6510.19930909,21.200557708740234,24000,24000,4615,964,1.9285580896737664,0.12553692420468993,1.8070000410079956,2.1008000135421745,-0.014923473820090294,0.008663768880069256,0.02387880608562276,0.2333497554063797,1272.0769739761427,1272.0969276849366,9.969489298390346,0.24967751521171522,0.1588732301759137,False
213,1787908850.4201016,6510.29994731,21.30153799057007,24000,24000,4489,912,1.9261721492859356,0.10773357851812944,1.8029999732971191,2.0823500990867614,-0.01316236611455679,0.00913988333195448,0.023306590467070332,0.21253511309623718,1278.0130204067955,1278.120956927314,9.972018389657036,0.12667556895326015,0.029080955526296748,False
214,1787908850.5209389,6510.39977447,21.40237522125244,24000,24000,4420,891,1.9343052742590943,0.1388785244188985,1.8025000095367432,2.14300000667572,-0.015147971920669079,0.012849649414420128,0.023046848396769612,0.26084619760513306,1284.2203322045843,1284.1116906450497,9.996753920920867,0.2835223865804437,0.3928006937551345,False
215,1787908850.6198218,6510.49961615,21.50125813484192,24000,24000,4417,890,1.9188550564680207,0.10449694238763116,1.8140000104904175,2.040399956703186,-0.02053377963602543,0.00808526761829853,0.02342780684771882,0.2946833372116089,1290.3474597366246,1290.1644445118177,9.998637631737434,0.47744844372073203,0.39255466529448313,False
216,1787908850.7192488,6510.59944061,21.600685119628906,24000,24000,4601,948,1.9234335443893062,0.10994944735616517,1.809000015258789,2.0998999834060665,-0.015101893804967403,0.008656072430312634,0.023136585211945032,0.22842124104499817,1296.0514718286797,1296.1589711286376,9.994000633683338,0.2156135419045313,0.2988087091368925,False
217,1787908850.819009,6510.69967117,21.700445413589478,24000,24000,4490,870,1.9304229863758744,0.1245854179215127,1.809999942779541,2.1137499928474424,-0.011120797134935856,0.008801234886050224,0.022952280314064377,0.18418604135513306,1301.991781142171,1302.1361943068523,9.980510869817932,0.17007654709777853,0.22539116907182688,False
218,1787908850.919338,6510.79950565,21.800774335861206,24000,24000,4566,853,1.9392684642203668,0.1356665830793568,1.8095999717712403,2.1894000530242916,-0.005531299859285355,0.00815454963594675,0.023703016316359692,0.13228006660938263,1307.726997296978,1308.1128779713067,9.979468578765879,-0.11467260847302896,-0.20150165414156618,False
219,1787908851.034119,6510.89934883,21.915555238723755,24000,24000,4648,768,1.934678384878983,0.12707015281745226,1.799049985408783,2.1459999084472656,-0.005960822105407715,0.008886664174497128,0.02282576870504481,0.13929271697998047,1314.8476160363273,1314.0829723858583,9.990388386251066,0.11882885820227784,-0.04477486990867874,False
220,1787908851.1310003,6511.000400032,22.012436628341675,24000,24000,4372,767,1.937597131014181,0.12563319930723388,1.8020000457763672,2.162500023841857,-0.00916998740285635,0.014194625429809093,0.024290175178818915,0.21695823967456818,1320.0141524508335,1320.050080285255,9.99126576103889,-0.5277401760024532,-0.6656273502824206,False
221,1787908851.2197676,6511.10023269,22.10120391845703,24000,24000,4657,782,1.9393644520388844,0.11675143438455443,1.8079999685287476,2.150800025463104,-0.005800333805382252,0.013992423191666603,0.022912188859250844,0.19543518126010895,1325.2087929790227,1326.0203023843296,9.996577276389486,-0.659340527221957,-0.7357760816967129,False
222,1787908851.3193874,6511.20006553,22.20082378387451,24000,24000,4663,869,1.9416041440052871,0.1286173304470239,1.7974000215530395,2.153200006484985,-0.007753388490527868,0.0113168153911829,0.023160100798603263,0.17479801177978516,1331.7986910521402,1332.0333568382189,9.990633545729477,-0.04686272792650925,0.17474033024177515,False
223,1787908851.4197104,6511.29991181,22.301146745681763,24000,24000,4637,903,1.9473078640328425,0.12238374350931593,1.8200000524520874,2.0888999938964843,-0.009955707006156445,0.01582234539091587,0.023010664233575832,0.2381391078233719,1337.7401000986881,1338.0106730570146,9.992463172559985,-0.12506135022522358,-0.28364447898934486,False
224,1787908851.5194283,6511.39975057,22.400864601135254,24000,24000,4754,1016,1.950919291517866,0.13181337512442004,1.8070000410079956,2.1492499709129333,-0.007981790229678154,0.01146658044308424,0.022631969327261095,0.1795814037322998,1344.1859889805507,1344.0084214258818,9.98648335501087,0.3375276310416666,0.6162313816296319,False
225,1787908851.6192257,6511.49958733,22.500662088394165,24000,24000,4636,977,1.9449754371369752,0.11083677608978566,1.812999963760376,2.110599899291992,-0.008981618098914623,0.01514393649995327,0.02284693311431997,0.22597528994083405,1349.907929300049,1350.0008961489386,9.99124074518951,0.07138995908712786,-0.039084562469042794,False
226,1787908851.7195039,6511.59944285,22.600940227508545,24000,24000,4538,927,1.952122977379199,0.11068263378948075,1.8240000009536743,2.1020999193191527,-0.008375677280128002,0.019192902371287346,0.022660559810864834,0.26531845331192017,1355.982912488162,1356.0435723925743,10.003277423825407,0.1294549426681897,0.17984185370187333,False
227,1787908851.818912,6511.69928109,22.700348377227783,24000,24000,4599,905,1.9517591132643473,0.10765902574780943,1.8252000331878662,2.0950000286102295,-0.0068906983360648155,0.02266567014157772,0.02239990962998895,0.2991885542869568,1361.6111528166211,1361.9798800500844,9.982729845303057,-0.20702157550499578,-0.40014021202364347,False
228,1787908851.9202046,6511.79991501,22.80164098739624,24000,24000,4633,916,1.9492150667452917,0.11691570447046942,1.8187499940395355,2.0925000309944153,-0.009434248320758343,0.022676272317767143,0.02356171077498448,0.31272950768470764,1367.9451610868507,1367.9343998445363,10.003485925166592,0.049197901576462755,0.13937658854410984,False
229,1787908852.0196598,6511.89975495,22.90109610557556,24000,24000,4789,992,1.9536401232884777,0.12463379052022168,1.8250000476837158,2.0937999844551083,-0.006949014030396938,0.023394569754600525,0.022565058697548275,0.3147662878036499,1374.3735679894119,1373.894494173868,10.003485925166592,0.5100697422390112,0.7245909683840637,False
230,1787908852.1196337,6511.99958833,23.001070022583008,24000,24000,4592,922,1.949190890582161,0.12600813851684434,1.8229999542236328,2.0889499902725217,-0.011695616878569126,0.022992979735136032,0.02263063033896882,0.3319653868675232,1379.9788217528915,1379.9408127486881,10.007098421150483,0.11665932494111075,0.20984365375238667,False
231,1787908852.219597,6512.09942461,23.101033449172974,24000,24000,4568,954,1.953262054945188,0.12899062513931264,1.8240000009536743,2.0996499538421616,-0.009891853667795658,0.02234921231865883,0.021015922175158748,0.31355026364326477,1386.121657622854,1385.9584057133065,9.994911228729825,0.26146046322105576,0.4564702276152275,False
232,1787908852.3186069,6512.19965311,23.200043201446533,24000,24000,4500,981,1.9532772684194504,0.13318082955451221,1.8240000009536743,2.125,-0.010095813311636448,0.021175852045416832,0.021678401264444133,0.30257558822631836,1391.4262177818473,1391.8968779852396,9.972278611899982,-0.37479146447026324,-0.37443733894815523,False
233,1787908852.4194326,6512.29949571,23.30086898803711,24000,24000,4691,996,1.9475552241007488,0.1250692119203793,1.8209999799728394,2.104749917984009,-0.01331368274986744,0.024247851222753525,0.02162530615985964,0.35458114743232727,1397.9144720883976,1397.84440934661,9.973449240368113,0.06368453365826099,0.07700407996208014,False
234,1787908852.518626,6512.39933655,23.400062322616577,24000,24000,4614,964,1.9442769709464425,0.13012413296665126,1.8151500463485717,2.115099930763244,-0.015481376089155674,0.020467765629291534,0.021795713308758156,0.3260801136493683,1403.4750904109853,1403.8178877794473,9.981739585396026,-0.32752458960089825,-0.36558778134099157,False
235,1787908852.6209743,6512.49996785,23.502410650253296,24000,24000,4497,904,1.9461648217608443,0.13752426808256285,1.8151500463485717,2.1502500057220453,-0.0187037605792284,0.020760362967848778,0.02238447762981987,0.35957643389701843,1409.6557810726558,1409.8465745573285,9.990711319562458,-0.2879681890910888,-0.40949790011882214,False
236,1787908852.7197807,6512.59982045,23.601217031478882,24000,24000,4506,912,1.947487937253818,0.1386538654056121,1.8125499963760376,2.1869000434875487,-0.02054913155734539,0.01889718696475029,0.021431731054859834,0.3567715883255005,1414.9859242385864,1415.8555661291111,9.994039477746336,-0.8864343807993009,-0.9430560402977335,False
237,1787908852.8208513,6512.69965233,23.702287673950195,24000,24000,4617,934,1.952525695718075,0.14540081261013219,1.810649973154068,2.264399993419647,-0.021424757316708565,0.016155388206243515,0.022511730809346053,0.347049355506897,1422.1803766047635,1421.8589977731535,9.986994408433967,0.24354776285281332,0.30349955743895407,False
238,1787908852.9196644,6512.79949877,23.801100730895996,24000,24000,4598,931,1.9351299695118414,0.12496222642466479,1.8109999895095825,2.117500066757202,-0.018511120229959488,0.015437479130923748,0.022233945261471752,0.3171728551387787,1428.0717606762353,1427.805414584409,9.986994408433967,0.20592191817058847,-0.06562376041006246,False
239,1787908853.0196888,6512.89935127,23.901125192642212,24000,24000,4460,846,1.9397104006287054,0.12737075338485893,1.8209999799728394,2.174749970436096,-0.014194576069712639,0.01808416098356247,0.021701335860651712,0.29480642080307007,1433.7501665195903,1433.8568225996935,9.99904817602896,-0.11736921943656853,-0.2673201055986283,False
240,1787908853.121213,6512.99998495,24.002649307250977,24000,24000,4455,919,1.9336942339618006,0.11836431023341742,1.8119000315666198,2.109699964523315,-0.015830809250473976,0.014543079771101475,0.021953500329241937,0.278780996799469,1439.8605154399236,1439.9099771700526,10.004915085115435,-0.09869988932473461,-0.12956431223005893,False
241,1787908853.2223866,6513.09982705,24.103822946548462,24000,24000,4494,890,1.9416898889488048,0.12386172181038439,1.8179999589920044,2.1499500155448907,-0.014395034871995449,0.016509536653757095,0.02179501607751889,0.2852502167224884,1445.6868146358606,1445.8757739248554,10.023002653726492,-0.34305096157231674,-0.4792654270404455,False
242,1787908853.3193223,6513.19965763,24.200758695602417,24000,24000,4687,910,1.949447253510192,0.11857629599002087,1.8259999752044678,2.1308500766754146,-0.011707467027008533,0.021894942969083786,0.02114474592012177,0.32875126600265503,1451.8606951764875,1451.9257854469133,10.018848852096198,0.014462439578664998,-0.02916608539749177,False
243,1787908853.4198277,6513.29952501,24.30126404762268,24000,24000,4515,864,1.9567222221306078,0.1420636991647442,1.8179999589920044,2.1815499186515805,-0.014941500499844551,0.02179352007806301,0.02133847687794578,0.35147514939308167,1458.283258869969,1457.9436618973664,10.024674083736892,0.406474633357675,0.32124592536456476,False
244,1787908853.519591,6513.39936409,24.40102744102478,24000,24000,4569,914,1.9478183812594256,0.11530066285725997,1.8236499845981597,2.1154999852180474,-0.014116410166025162,0.018618205562233925,0.0213529631038086,0.3088376522064209,1463.9503810368492,1463.9720515354752,10.01078039838374,0.08756451834369727,0.0756859800787879,False
245,1787908853.6200936,6513.49960163,24.501529932022095,24000,24000,4699,991,1.9549091840247454,0.12982956136160426,1.8234999775886536,2.158500075340271,-0.015522007830440998,0.019893625751137733,0.02127382303785214,0.32957902550697327,1469.6556269856283,1469.9712670043818,10.006295563431834,-0.23756936464474165,-0.16615041620343618,False
246,1787908853.72028,6513.59944161,24.60171627998352,24000,24000,4984,1119,1.9517104576697193,0.11251142727442497,1.8199000477790832,2.106399941444397,-0.01588677428662777,0.02484241873025894,0.020994935611966106,0.37941959500312805,1475.6561532671512,1475.9608004409247,9.982420744937578,-0.24845360807239558,-0.2662714516675351,False
247,1787908853.8193007,6513.69967503,24.70073699951172,24000,24000,4848,1164,1.9560309284945943,0.13421330658373254,1.8259999752044678,2.185500037670135,-0.014860276132822037,0.022524956613779068,0.02110830000974853,0.355571448802948,1481.8179472017382,1481.887211339698,9.982420744937578,-0.028129820587537324,0.18804842457802806,False
248,1787908853.9204774,6513.79951013,24.801913738250732,24000,24000,4858,1138,1.9498409467547975,0.11755429445741256,1.8259999752044678,2.1204498887062067,-0.01453730184584856,0.026391526684165,0.0204345268781534,0.3911287486553192,1488.3341901189142,1487.898932825633,9.993332788902487,0.4172768548073691,0.26754364443399936,False
249,1787908854.019151,6513.89934581,24.90058732032776,24000,24000,4852,1197,1.9483918115907444,0.11914876664675692,1.8196000337600708,2.1244000434875487,-0.015359284356236458,0.023770427331328392,0.020900522689424716,0.3671163320541382,1493.137894165194,1493.899909512867,9.993332788902487,-0.6996602032356805,-0.8579565004283722,False
250,1787908854.1216512,6513.99997091,25.003087520599365,24000,24000,4949,1082,1.9456617389280562,0.11453136769923944,1.8250500440597535,2.125999927520752,-0.016928017139434814,0.023315947502851486,0.021402047943204956,0.3776674270629883,1499.4586266683423,1499.8980680334062,9.991645375791723,-0.5291746674640763,-0.8114638751726488,False
251,1787908854.2200751,6514.09979227,25.101511478424072,24000,24000,4801,959,1.9370761218483679,0.10139323895122786,1.8219000220298767,2.0964999675750726,-0.021737871691584587,0.015837380662560463,0.022516257094810734,0.3521347939968109,1506.5582425292941,1505.8755061298639,9.98315319773368,0.6647781164929256,0.6327563099123381,False
252,1787908854.3200772,6514.19964557,25.201513528823853,24000,24000,4866,928,1.9340635789879437,0.11800122305457393,1.8163500010967255,2.094650053977966,-0.01869186945259571,0.010760811157524586,0.02253825171374218,0.28500503301620483,1511.8552223280842,1511.8039577154202,9.997762906710292,-0.038594333521814406,-0.06773009359494608,False
253,1787908854.419855,6514.29949619,25.301291465759277,24000,24000,4897,914,1.9298512039612368,0.1057950004233524,1.819000005722046,2.1263999819755552,-0.016566922888159752,0.009362027049064636,0.022468080368146178,0.2523224651813507,1517.5521732322118,1517.7953670581296,10.015047103199747,-0.3285483566246512,-0.33791037730634343,False
254,1787908854.5192192,6514.39932787,25.400655508041382,24000,24000,4988,881,1.9302985258189016,0.10755341428122704,1.8200000524520874,2.135999917984009,-0.0148115623742342,0.007745231967419386,0.021703479867607046,0.22439970076084137,1523.7762449946479,1523.837861917801,10.016673700204482,-0.0665468934898854,-0.12078054422227069,False
255,1787908854.6200624,6514.49996909,25.501498699188232,24000,24000,4941,883,1.9403895802568065,0.12379115987032156,1.8174000263214112,2.175800108909607,-0.011601689271628857,0.0031901623588055372,0.021242559149693637,0.15879309177398682,1529.6585191034808,1529.9066663490466,10.007174375175476,-0.23509540634995574,-0.4003089757266025,False
256,1787908854.7199204,6514.59981339,25.601356744766235,24000,24000,4870,890,1.9383179773105663,0.1238271467206871,1.8108999848365783,2.1608999609947195,-0.012756836600601673,0.00297361658886075,0.02193793699217537,0.17315562069416046,1535.8401086355618,1535.9269483661196,9.99517725356415,-0.04521750367916866,-0.2353984497763122,False
257,1787908854.8196888,6514.69965505,25.701125144958496,24000,24000,4874,846,1.941229315091532,0.11173620719494966,1.8184999823570251,2.1217499375343323,-0.01283340249210596,0.00453769788146019,0.021918823207669372,0.17518465220928192,1541.8165492900196,1541.8993802316609,9.991183203556977,-0.05510955000181639,0.0029670698702375375,False
258,1787908854.9200385,6514.79949009,25.801474809646606,24000,24000,4948,865,1.9504947976569909,0.1315913915034011,1.8242000102996827,2.1951999664306636,-0.012096645310521126,0.00468001514673233,0.0220531799101928,0.16715361177921295,1547.6723902996157,1547.9020553187174,9.992167023681187,-0.2204784433124587,-0.23932669742248436,False
259,1787908855.0196173,6514.89933757,25.90105366706848,24000,24000,5031,864,1.9509664348981999,0.1257238804645949,1.8229999542236328,2.195100092887878,-0.011328025721013546,0.007964923046529293,0.02202631874408022,0.17670170962810516,1553.8179812713379,1553.9230516376165,9.996638304792564,-0.04984717167735653,-0.06465551487963239,False
260,1787908855.121897,6514.99998813,26.00333333015442,24000,24000,4821,881,1.9534131648456603,0.1287392743422621,1.8209999799728394,2.190000057220459,-0.011464620940387249,0.008873000741004944,0.021818223356654932,0.1866777092218399,1559.5155641454915,1559.8464047131329,9.995526800279027,-0.4892785282445402,-0.5872743341492423,False
261,1787908855.2209396,6515.09982113,26.102375984191895,24000,24000,4846,993,1.9675790540881508,0.15295793108203035,1.8301999807357787,2.3058000087738035,-0.0088606933131814,0.012709338217973709,0.022345504655410336,0.20162895321846008,1565.8611244095505,1565.806048677446,10.019027891530968,-0.08650453212271714,-0.12453828350749063,False
262,1787908855.3196437,6515.19964331,26.201080083847046,24000,24000,4906,1020,1.9523578447454115,0.11746606746547737,1.8350000381469727,2.1454499840736383,-0.008489583618938923,0.016024645417928696,0.02081621762799189,0.23411059379577637,1572.5337759619856,1571.8491689844873,10.026178541787504,0.6636747913494219,0.7579782987654653,False
263,1787908855.419514,6515.29948123,26.300950288772583,24000,24000,4992,1103,1.9557080708734575,0.11805469571456534,1.838100051879883,2.1296000957489007,-0.00717084901407361,0.019550904631614685,0.021162691485385184,0.2703148126602173,1578.0217207920437,1577.8903057943687,10.030595845009984,0.1591784032736996,0.022159106982826415,False
264,1787908855.5185869,6515.39931207,26.400023221969604,24000,24000,4759,1006,1.9451411528805378,0.1041072065496267,1.8302500247955322,2.065750002861023,-0.004943835083395243,0.020217744633555412,0.021068910661902477,0.2671559154987335,1583.906362351331,1583.899016528342,10.023255836200976,0.09921687564497006,0.07822474818181036,False
265,1787908855.6199224,6515.49995573,26.5013587474823,24000,24000,4791,1022,1.9467152662706468,0.09972586593215059,1.8330499470233916,2.066949915885925,-0.006093352567404509,0.01968228444457054,0.021787411623382238,0.26953500509262085,1589.2255844505462,1589.9477046581364,10.02580876982593,-0.6619248373126538,-0.6417304984718157,False
266,1787908855.7194526,6515.59980871,26.600888967514038,24000,24000,4773,1001,1.9514885124983963,0.1198221462428957,1.819000005722046,2.0969998836517334,-0.010240050032734871,0.023683199658989906,0.021042490561653273,0.33901888132095337,1595.3649663275803,1595.9153084432057,10.009841801547188,-0.4945843054708803,-0.6505118913430579,False
267,1787908855.8197181,6515.69964965,26.701154470443726,24000,24000,4847,1063,1.9485296333946378,0.11177788457504961,1.8250000476837158,2.0799999237060547,-0.01113227941095829,0.019876981154084206,0.02126471558814863,0.3012392520904541,1601.8905087233684,1601.950414604103,10.026375732877915,0.014798085831671415,0.09820249194490316,False
268,1787908855.9195616,6515.79948691,26.800997972488403,24000,24000,4783,1062,1.9497410553996846,0.12523004895444428,1.8200000524520874,2.120750045776367,-0.013658275827765465,0.016436440870165825,0.022023944623818886,0.28236857056617737,1607.5886587253162,1607.9741054664844,10.018292194861207,-0.2778908962945934,-0.2347810879368808,False
269,1787908856.0191987,6515.89932983,26.90063500404358,24000,24000,4652,1008,1.937887894610564,0.11778090418711576,1.8127000272274016,2.0796499490737914,-0.015605900436639786,0.012813348323106766,0.022500602131158096,0.26768869161605835,1613.9995823161657,1613.9490556413878,9.9901447226099,0.1545824131230802,0.1006005026792991,False
270,1787908856.121194,6515.99995815,27.00263023376465,24000,24000,4492,927,1.9364757306367448,0.12188462124002003,1.80829998254776,2.1291001081466674,-0.01589135453104973,0.013222222216427326,0.023499806040910856,0.27435266971588135,1620.3097641685208,1620.011681429437,9.99592786871421,0.3448166886278159,0.33591221920664793,False
271,1787908856.2202318,6516.09980025,27.101668119430542,24000,24000,4719,997,1.9383420268654703,0.1339306383413041,1.8064000368118287,2.1736000061035146,-0.013695918954908848,0.010674450546503067,0.022777924996317284,0.23036766052246094,1626.0599148108292,1625.9819539960329,9.963976279914236,0.15246717622403594,0.16708472008190256,False
272,1787908856.319381,6516.19964469,27.200817346572876,24000,24000,4532,921,1.9362464718658166,0.13051655995454997,1.809000015258789,2.132999897003174,-0.013800994493067265,0.009660374373197556,0.023296016356923358,0.22261837124824524,1632.2314768684926,1631.943786292931,9.953035600007885,0.3748483353717802,0.3562527534245419,False
273,1787908856.419723,6516.29947397,27.301159381866455,24000,24000,4401,884,1.9220837089001324,0.12739297971224683,1.8001499593257904,2.066699934005737,-0.016131598502397537,0.009723869152367115,0.023526049240759732,0.24932421743869781,1637.821959599397,1637.9874462540356,9.987384021701894,-0.05542105547056053,-0.10177185280554113,False
274,1787908856.518805,6516.39930861,27.400241374969482,24000,24000,4473,939,1.921317360779475,0.11221720710160249,1.8088000178337098,2.0731999635696408,-0.012712914496660233,0.005968351848423481,0.0231883411921763,0.18906202912330627,1643.9214017827442,1643.9925932816257,9.991715880055464,0.09887442583340089,0.1659655851046864,False
275,1787908856.62016,6516.49993783,27.501596450805664,24000,24000,4588,955,1.9249486892011154,0.11913405246728095,1.809000015258789,2.068900084495544,-0.02275548316538334,0.006766610778868198,0.023336382804588763,0.3158670961856842,1649.429803764645,1650.0091176585781,10.003819190997982,-0.47426046866121396,-0.8229095066192258,False
276,1787908856.7195044,6516.59978313,27.600940704345703,24000,24000,4555,889,1.9234701909954557,0.11234075672510557,1.8117999792099,2.1155999660491944,-0.01525315921753645,0.009994998574256897,0.023292734289026142,0.24039345979690552,1656.4081815792472,1655.9682565737878,9.991521139921856,0.5432344165233189,0.7395077247781501,False
277,1787908856.8199232,6516.69963739,27.701359510421753,24000,24000,4548,894,1.9322404934789243,0.11942055313356116,1.8096499681472777,2.123349964618683,-0.008092335425317287,0.009298106655478477,0.02307443498504119,0.1618344783782959,1661.6962442233812,1661.9728386077293,10.003831608040398,-0.19406148401162682,-0.27928770582911966,False
278,1787908856.9336793,6516.79947681,27.815115690231323,24000,24000,4047,759,1.9281686425051985,0.11476353001328789,1.8039000153541564,2.0815000772476195,-0.00456338282674551,0.003549334593117237,0.023832916951871237,0.07972961664199829,1667.7476998395348,1667.9754357067504,10.003434652624096,-0.9682374084820822,-1.115089304858202,False
279,1787908857.023678,6516.89931581,27.90511441230774,24000,24000,4633,801,1.947925095701039,0.13679752025600941,1.809999942779541,2.2219998836517334,-0.006159611977636814,0.012767013162374496,0.023355634798412434,0.18544679880142212,1674.2933687058237,1673.94952572746,10.015244363431412,0.17730183804496846,0.20204568262897737,False
280,1787908857.1214185,6516.99995753,28.002854824066162,24000,24000,4826,873,1.9369140909846023,0.12370497478474754,1.8029999732971191,2.1278000354766844,-0.005639511160552502,0.011175230145454407,0.023369608600556147,0.16189926862716675,1679.0765947583445,1679.9814393557276,10.016721962022826,-0.9041208556270703,-1.1607958611200502,False
281,1787908857.225904,6517.09979423,28.107340335845947,24000,24000,4415,852,1.9438661979117864,0.1271556741580778,1.8115500152111053,2.2097000360488885,-0.010462572798132896,0.010983035899698734,0.022921330945514764,0.19298194348812103,1685.7428478446927,1686.0320004258515,10.016562925950923,-0.5072379778794129,-0.6628640831279426,False
282,1787908857.3239653,6517.19963569,28.20540165901184,24000,24000,4624,852,1.9371678401047074,0.11371144154573715,1.805100005865097,2.096350038051605,-0.012675661593675613,0.011323295533657074,0.02398095427460112,0.2181304395198822,1692.1639663056214,1692.0303629782281,10.03744061165346,0.029976316814781967,0.04424362019494765,False
283,1787908857.4196754,6517.29946839,28.301111698150635,24000,24000,4656,948,1.94420674996537,0.12350193377727968,1.805999994277954,2.139100074768066,-0.009596711955964565,0.011976961977779865,0.022900975329454603,0.19678138196468353,1697.9512861287863,1698.0843984209992,10.03744061165346,0.07447440498731339,0.07008017974840186,False
284,1787908857.5188527,6517.39932697,28.400289058685303,24000,24000,4743,961,1.9511935518633934,0.11770678899531112,1.8170000314712524,2.0989999771118164,-0.00580191845074296,0.01739421859383583,0.02300680473439564,0.23270374536514282,1704.2957096117375,1704.1448536188736,10.037895910012294,0.46802892139544383,0.5340894651412782,False
285,1787908857.620069,6517.49995517,28.501505374908447,24000,24000,4564,984,1.9481178879495558,0.11325752926612083,1.8209999799728394,2.104550015926361,-0.005393044091761112,0.016162212938070297,0.022784311054289814,0.21827875077724457,1710.2689793322068,1710.1495579645775,10.015368865389958,0.36808766031640516,0.3307229561025906,False
286,1787908857.720054,6517.59980491,28.601490259170532,24000,24000,4586,897,1.9497480504090172,0.10530359460542932,1.8257999897003174,2.0810000896453857,-0.006729276850819588,0.021777665242552757,0.021955802837017122,0.2874528467655182,1716.4512793611773,1716.0863775947605,10.020140845309895,0.5510654480920039,0.38605393263537735,False
287,1787908857.8196363,6517.69965017,28.701072692871094,24000,24000,4591,909,1.942078109097035,0.09219177806101912,1.819000005722046,2.072599983215332,-0.007226189598441124,0.02126646228134632,0.023236477283288454,0.29235437512397766,1721.7400960296982,1722.0785816297769,10.026396787777706,-0.1352921683931072,-0.17010813176216288,False
288,1787908857.9192936,6517.79947975,28.800729990005493,24000,24000,4718,978,1.9561319047687975,0.11968507703594872,1.8220000267028809,2.1453500628471374,-0.016053354367613792,0.02260669320821762,0.022416263680211088,0.3476605713367462,1728.127580941256,1728.0825318624243,10.04246525038061,0.2725264805264942,0.20925080751271707,False
289,1787908858.018982,6517.89932669,28.900418281555176,24000,24000,4675,917,1.9513293355215857,0.1200090926538274,1.8250000476837158,2.081200075149536,-0.010961461812257767,0.02340518869459629,0.022974499392096934,0.33397266268730164,1734.20084410442,1734.1085451163644,10.02122443466593,0.3642636450899772,0.5070996560361891,False
290,1787908858.1210685,6517.99995807,29.00250482559204,24000,24000,4587,934,1.9483254823745957,0.12236759318348363,1.8179999589920044,2.1227999329566947,-0.009008489549160004,0.021727891638875008,0.020916422733559308,0.3029431104660034,1739.704028150679,1740.1722824530993,10.015304051567279,-0.25797895375990265,-0.47371552414779217,False
291,1787908858.2198362,6518.09979799,29.101272583007812,24000,24000,4570,981,1.942985728853947,0.1122836034863447,1.8109999895095825,2.0889999866485596,-0.008729597553610802,0.020627746358513832,0.021204050085989162,0.2884165346622467,1745.7099725162818,1746.0973347929128,9.97726328235433,-0.17832642867347204,-0.1323114486256145,False
292,1787908858.3197937,6518.19963109,29.2012300491333,24000,24000,4601,1049,1.9451191602603268,0.11713947433612176,1.8174000024795531,2.0910000801086426,-0.009549923241138458,0.02153932861983776,0.021965155154411005,0.30523940920829773,1752.3085504834096,1752.038044087695,9.952460759228336,0.4225744483028393,0.666417047820687,False
293,1787908858.4244797,6518.29946893,29.30591607093811,24000,24000,4508,902,1.9503625277140717,0.13185706785214005,1.820050048828125,2.1466000676155086,-0.014544027857482433,0.0227414071559906,0.022726268108588257,0.3416619598865509,1757.8571931312417,1757.9705304560714,9.970488510094361,-0.31018417357631733,-0.595662181427997,False
294,1787908858.5208998,6518.39932309,29.40233612060547,24000,24000,4495,924,1.938200218723966,0.1235736209539222,1.8131499707698822,2.0752499938011164,-0.015782924368977547,0.02035071887075901,0.022162959308698583,0.32840630412101746,1763.1991210312249,1763.966961931338,9.977491414584692,-0.7536802677864216,-1.0523696656189259,False
295,1787908858.6221924,6518.49996511,29.503628730773926,24000,24000,4523,921,1.9440228013598828,0.13685977558293416,1.812999963760376,2.0980000495910645,-0.020950770005583763,0.02152485027909279,0.021956381696698404,0.3823978006839752,1769.855576407518,1769.9773137234897,9.97870517583942,-0.1750136846414989,-0.40584408753602474,False
296,1787908858.7208443,6518.59979137,29.602280616760254,24000,24000,4598,912,1.9479331136272664,0.14651135590291456,1.809000015258789,2.2170000076293945,-0.02009008638560772,0.018899984657764435,0.022097264068434295,0.3551017642021179,1776.2431305551927,1776.010756075713,9.977917285113449,0.29320117388397193,0.38248503919157884,False
297,1787908858.8207402,6518.69963829,29.702176570892334,24000,24000,4705,1005,1.9436228856518494,0.13459533595870157,1.812999963760376,2.168199920654297,-0.01726413518190384,0.017203835770487785,0.021912762974014028,0.316542387008667,1782.686680120181,1781.979476450911,9.99713042608143,0.7427645093234787,0.701356817708529,False
298,1787908858.9201937,6518.79947395,29.8016300201416,24000,24000,4479,864,1.9392638892211296,0.12469228733552945,1.8070000410079956,2.083850085735321,-0.016247974708676338,0.015523732639849186,0.021277463610027515,0.29075169563293457,1788.0394675695566,1787.9439509499684,10.005098351991832,0.1281170364288755,0.10404677906331017,False
299,1787908859.0209658,6518.89932107,29.90240216255188,24000,24000,4459,882,1.9355464845287556,0.1253426738769193,1.809999942779541,2.137950015068054,-0.014598047360777855,0.016238221898674965,0.021762443408529713,0.2841229736804962,1793.5852042765587,1794.045592474991,10.032301657288833,-0.37270579120945513,-0.4073631136507174,False
300,1787908859.1215856,6518.99997605,30.003021955490112,24000,24000,4463,855,1.9325824574420327,0.11664084114535082,1.815999984741211,2.0859999656677246,-0.014758842997252941,0.014797807671129704,0.021519832630711378,0.27142471075057983,1799.410624138307,1800.0658002028076,9.994427728983943,-0.5847041465635812,-0.2777294686384266,False
301,1787908859.2261128,6519.09981083,30.10754919052124,24000,24000,4683,958,1.94335177571888,0.12610141866839772,1.815000057220459,2.1541500329971313,-0.01837533712387085,0.018145814538002014,0.022059225121431502,0.3350699543952942,1805.8266458735816,1806.008507374922,10.009990336933082,-0.4405561106082132,-0.5302983442886671,False
302,1787908859.3208792,6519.19966193,30.20231556892395,24000,24000,4537,861,1.9532682909505847,0.12867185151527374,1.8279999494552612,2.1659998893737793,-0.015033545903861523,0.020509380847215652,0.021207106482076906,0.3363449275493622,1811.9853806911335,1811.9939120836568,10.027563867637076,0.03197877917659753,0.09248445699881813,False
303,1787908859.420823,6519.29950779,30.30225944519043,24000,24000,4549,846,1.9470543786707217,0.11121046905418301,1.8262499868869781,2.1175000071525574,-0.017801498994231224,0.02296057716012001,0.020823293080506528,0.37759774923324585,1818.6680324791798,1818.0653520336782,10.015422835982593,0.7177688997628593,0.7456914219330883,False
304,1787908859.5211785,6519.39934217,30.40261483192444,24000,24000,4632,974,1.9536201233002195,0.12697741040389476,1.8209999799728394,2.135050070285797,-0.013450070284307003,0.017574744299054146,0.021246701279597272,0.292175829410553,1823.6849812060086,1824.086662259241,9.988403665031592,-0.2868356121848592,-0.2910604028563739,False
305,1787908859.6228416,6519.49997507,30.50427794456482,24000,24000,4788,1000,1.9587869995832443,0.14034484657668686,1.8239499986171723,2.1731500983238217,-0.01434969063848257,0.02320283278822899,0.021778411908898877,0.3572894334793091,1829.7773550188122,1830.0022282298899,9.99233985574076,-0.2944815901112179,-0.30618682262661423,False
306,1787908859.720139,6519.59981585,30.60157537460327,24000,24000,4851,1112,1.9546465857637871,0.12990344978912152,1.8235499799251556,2.1507000207901004,-0.013858815655112267,0.017389893531799316,0.020994293026670215,0.29148873686790466,1835.405150174505,1835.9773500634753,9.99233985574076,-0.5047552620094393,-0.7123580600068635,False
307,1787908859.8204155,6519.69965843,30.701851844787598,24000,24000,4779,1100,1.9546381839838896,0.1190586914700355,1.8259499788284301,2.1180500268936155,-0.01619062013924122,0.02536371536552906,0.020988478660241273,0.3917584717273712,1842.7467524629367,1841.9654286196774,10.006059314255067,0.820028961519256,0.8863601047846714,False
308,1787908859.9203901,6519.79949357,30.80182647705078,24000,24000,4855,1195,1.9497807542649273,0.12003108399228402,1.8214000344276429,2.122200012207031,-0.016063135117292404,0.025625033304095268,0.020893450219732483,0.39466777443885803,1848.4828413725306,1848.0379807429663,10.03573265170516,0.5574107733518758,0.7108916145812145,False
309,1787908860.0217826,6519.89933395,30.903218984603882,24000,24000,4912,1115,1.9486224252546849,0.11484259054540247,1.8240000009536743,2.1313000202178953,-0.01726791262626648,0.02589200995862484,0.020806393759846616,0.4024488627910614,1852.82032209388,1854.0464068390097,10.02551850868488,-1.1888913705104187,-1.4064282235237897,False
310,1787908860.1212041,6519.99998547,31.00264048576355,24000,24000,4831,1009,1.9477324060453296,0.12591199562738742,1.815999984741211,2.1427999496459953,-0.016872523352503777,0.021428605541586876,0.021775246109461292,0.3575637936592102,1859.8546957711023,1860.051776113705,10.018458656570646,-0.12003565695044927,-0.09558740876104821,False
311,1787908860.2200356,6520.09981819,31.10147190093994,24000,24000,4839,946,1.9367674439200386,0.11393380797842757,1.8192500174045563,2.1057499647140503,-0.020623937249183655,0.014038803987205029,0.02215062783371098,0.33005985617637634,1866.5989509076637,1865.9861767935452,10.006685589146267,0.6941080275407785,0.8279074570261855,False
312,1787908860.3199644,6520.19966527,31.201400756835938,24000,24000,4868,952,1.9433613435811354,0.1297754255553362,1.8200000524520874,2.1673999786376945,-0.018289927393198013,0.009617605246603489,0.0220988038289841,0.2773950695991516,1872.1040701983227,1871.9306387599995,10.020487662368312,0.20326690739830156,0.17374147097962123,False
313,1787908860.4199297,6520.29950563,31.301366090774536,24000,24000,4898,931,1.9380751896877677,0.12377482062147609,1.815999984741211,2.159999966621399,-0.016464628279209137,0.00955003872513771,0.022312560112884523,0.25477007031440735,1877.46718681374,1877.9414957266379,10.022527297874461,-0.431765654156834,-0.37798341684424486,False
314,1787908860.5186658,6520.39936553,31.400102138519287,24000,24000,5132,934,1.933661667259143,0.12228430919870081,1.815000057220459,2.127599990367888,-0.0177646242082119,0.009055168367922306,0.022088105511941517,0.2628522515296936,1883.5971926101702,1884.0789219420476,10.042620096255284,-0.22614904529700652,-0.3885344437749154,False
315,1787908860.6198354,6520.49960835,31.501271724700928,24000,24000,4890,932,1.9418379834537343,0.13366268910092707,1.819000005722046,2.184049987792968,-0.012009698897600174,0.0011264279019087553,0.021756380723904876,0.159723699092865,1890.2063192844619,1890.106316637353,10.0147174912021,0.31257055705123094,0.6086378001225512,False
316,1787908860.7205331,6520.59945467,31.601969480514526,24000,24000,4852,858,1.948996501785892,0.13487142891041642,1.8220000267028809,2.2031500577926635,-0.013068010099232197,0.0038970273453742266,0.02215606003329517,0.1780271977186203,1895.8911492963207,1896.1160269579484,9.971094814334142,-0.0446955994207201,-0.009615896001378132,False
317,1787908860.8195229,6520.69929557,31.70095920562744,24000,24000,4868,827,1.9494002424676011,0.12413598710137268,1.8200000524520874,2.18090009689331,-0.012182521633803844,0.006217959802597761,0.02134721928875879,0.1751987785100937,1902.1830510509158,1902.035577329159,9.971094814334142,0.30759574403464285,0.14831162570521883,False
318,1787908860.9205048,6520.79992463,31.80194115638733,24000,24000,5045,878,1.9537425946809164,0.14097368622232767,1.8128499746322633,2.228350007534027,-0.013226854614913464,0.0036664456129074097,0.022371158561217824,0.17811107635498047,1907.7066976752474,1908.0754062724675,10.012415499149004,-0.22790614817381538,-0.26030490979383103,False
319,1787908861.0199182,6520.89975759,31.901354551315308,24000,24000,4938,851,1.9529847247059842,0.13543318289307282,1.8250000476837158,2.2214999198913574,-0.012342529371380806,0.00479293754324317,0.02207444228222006,0.1702442467212677,1914.165263828708,1914.108388756366,10.006050583767644,0.2656284341067021,0.5168091682232898,False
320,1787908861.1200676,6520.99960027,32.00150394439697,24000,24000,4836,866,1.9553625891996036,0.13767882733931058,1.8252500295639038,2.1895000338554382,-0.012282379902899265,0.007036875933408737,0.022442494206050143,0.18207186460494995,1919.7196046018914,1919.9987121384922,9.983521882000794,-0.1892239401668121,-0.22884295397693677,False
321,1787908861.2230923,6521.09944535,32.1045286655426,24000,24000,4822,950,1.9582326354478534,0.1297253861877792,1.8329000055789948,2.169200026988983,-0.009233797900378704,0.012823415920138359,0.021926449201416256,0.20364031195640564,1926.3797862992403,1925.9885684059775,10.013360724803283,0.2892383350565524,0.20096770455052138,False
322,1787908861.3197923,6521.19928487,32.201228618621826,24000,24000,4947,1018,1.949302554364757,0.1116467790454698,1.8279999494552612,2.107249999046325,-0.004052257630974054,0.01699797436594963,0.02027053638195123,0.22605672478675842,1932.7851858432355,1932.0599004105866,10.011313338398041,0.8924190385516795,1.0377347239107166,False
323,1787908861.42162,6521.29991951,32.30305624008179,24000,24000,4817,1040,1.959001924097538,0.1272199523617431,1.83289994597435,2.1883499622344966,-0.005038991570472717,0.018542615696787834,0.021234554812427135,0.25043925642967224,1938.2158942499339,1938.0896385482793,10.006397157287259,0.21323674825816852,0.05743963351505954,False
324,1787908861.519835,6521.39976233,32.4012713432312,24000,24000,4806,1037,1.9456808130214622,0.09508966089612586,1.840000033378601,2.072999954223633,-0.004703771788626909,0.020606236532330513,0.020660894135824722,0.27241626381874084,1943.1501959922387,1944.0742655676938,9.998836837452652,-0.745592827177461,-0.7801843536824435,False
325,1787908861.6203609,6521.49959717,32.50179719924927,24000,24000,4759,1049,1.9450543382488283,0.10113433159563275,1.8259999752044678,2.079199981689453,-0.008602426387369633,0.022598369047045708,0.0212508394621143,0.3178641200065613,1949.4820778085118,1950.0763006646318,10.007000620765895,-0.44549279747411674,-0.35444156147900685,False
326,1787908861.720015,6521.59945219,32.60145139694214,24000,24000,4822,1042,1.9525230353029583,0.11268837813184929,1.8260499775409698,2.1198998928070067,-0.011622123420238495,0.023472627624869347,0.02129457237287115,0.34043362736701965,1955.509770425793,1956.0852867095336,9.996156236114713,-0.39728046923482907,-0.3528425833687834,False
327,1787908861.8207207,6521.69928555,32.70215702056885,24000,24000,4935,1083,1.950295476371892,0.10876633651187104,1.829100000858307,2.0739998817443848,-0.013836259953677654,0.02405470237135887,0.021843156382288603,0.3665003776550293,1962.1734975147244,1962.0970324353057,9.9911014946236,0.2238783645445892,-0.03344530131994361,False
328,1787908861.924878,6521.79993241,32.80631422996521,24000,24000,4453,977,1.9447604908303815,0.11502690362724781,1.820799994468689,2.078000068664551,-0.01871071197092533,0.016322046518325806,0.022825278592090534,0.32642632722854614,1967.972930414812,1968.1064648772876,9.979980892988598,-0.22636004842797774,-0.4381870752888517,False
329,1787908862.0202982,6521.89976493,32.901734590530396,24000,24000,4606,1009,1.9447304244320267,0.13568175278876524,1.809999942779541,2.154999923706054,-0.014211663976311684,0.011117104440927505,0.022718079977645366,0.23850497603416443,1974.2010223446998,1974.0575460328198,9.983753024738364,0.27629152488543696,0.23539960239304492,False
330,1787908862.12073,6521.99961439,33.00216627120972,24000,24000,4447,907,1.9383649391008186,0.12410688653590901,1.809000015258789,2.1459999084472656,-0.014382751658558846,0.01286450307816267,0.022547363887085604,0.2520015239715576,1980.5957352772564,1980.0577111566013,9.980704147669039,0.6448734070654609,0.5006541455061324,False
331,1787908862.2205646,6522.09946837,33.10200095176697,24000,24000,4607,960,1.9330052060385545,0.126163180355522,1.805999994277954,2.111099898815154,-0.013487005606293678,0.009507391601800919,0.024008569590782642,0.2239462286233902,1986.128479607547,1986.0006388892514,9.980704147669039,0.18730806274834322,0.20234769021249122,False
332,1787908862.3184977,6522.19931083,33.199934005737305,24000,24000,4546,924,1.9319696959221002,0.12241339663346101,1.8079999685287476,2.1313999772071837,-0.01578802615404129,0.007315292023122311,0.022853929365629015,0.23051276803016663,1991.84820435686,1992.008066362501,9.993003499117332,0.030825091579117725,0.20156588286386068,False
333,1787908862.4216576,6522.29993735,33.303093910217285,24000,24000,4442,889,1.9244409412045045,0.11045061519851682,1.8070000410079956,2.0999999046325684,-0.015524509362876415,0.009678011760115623,0.02338682942427383,0.24289323389530182,1998.0983020817046,1998.0352366702623,10.037365661228286,0.09109208436984773,0.0010503990583856648,False
334,1787908862.5199878,6522.39977927,33.401424169540405,24000,24000,4464,847,1.9140059027508551,0.10377676944438176,1.805999994277954,2.037800049781799,-0.01806788146495819,0.008967157453298569,0.023193110193082428,0.2698976695537567,2004.0321542003685,2004.078086185787,10.032849371795846,0.1249032509101653,0.29243007869968096,False
335,1787908862.6210217,6522.49962905,33.50245809555054,24000,24000,4638,979,1.9278192019681766,0.12376304518212905,1.8109999895095825,2.1013000726699826,-0.011426005512475967,0.005853121634572744,0.022942139465169337,0.17165331542491913,2009.6206685249563,2010.0372554970559,10.023571431895618,-0.348849575194663,-0.7818769993862134,False
336,1787908862.7209,6522.59946129,33.602336406707764,24000,24000,4558,911,1.9239560934897966,0.1053662728062724,1.812000036239624,2.0749999284744263,-0.011830269359052181,0.008904692716896534,0.02308704657669016,0.19570958614349365,2015.9953558037726,2016.0268217244627,10.01970362203329,0.03291009300528458,-0.2321858466852973,False
337,1787908862.8199158,6522.69930101,33.7013521194458,24000,24000,4567,913,1.9303767806467849,0.11087372617633388,1.8201999902725219,2.068000078201294,-0.007633605040609837,0.009822907857596874,0.02329683345129135,0.16717933118343353,2021.5696062819422,2022.0213648532647,10.02478908646923,-0.33400915704100953,-0.24676216615921476,False
338,1787908862.9207778,6522.79993251,33.8022141456604,24000,24000,4569,815,1.9351963199720792,0.13163859984380177,1.8023999810218811,2.1419999599456787,-0.008021501824259758,0.01045640092343092,0.023162648379292244,0.17279665172100067,2027.7782946635637,2028.09659664529,10.016216244112137,-0.17727354435123743,-0.2956680289562428,False
339,1787908863.0208564,6522.89976491,33.90229272842407,24000,24000,4752,865,1.933620807752444,0.11801071062413894,1.8079999685287476,2.1187999725341795,-0.010980349965393543,0.012672806158661842,0.023659707264425154,0.2166307270526886,2034.0804997841226,2034.134053962755,10.014854045699597,0.11998721014174407,0.05468313204846709,False
340,1787908863.1205788,6522.99959989,34.002015113830566,24000,24000,4788,814,1.9400614236438012,0.11482283493211737,1.8126499891281127,2.1370499253273008,-0.006892555858939886,0.014574091881513596,0.022874624294641203,0.20570573210716248,2039.8410075832724,2040.1945703614674,10.004649037735309,-0.10307669886788062,0.04719315073270991,False
341,1787908863.220905,6523.09942981,34.102341413497925,24000,24000,4692,894,1.9320850090959194,0.11517984123976194,1.8056499779224395,2.1186999797821042,-0.009178449399769306,0.0076966723427176476,0.023747607961533853,0.15572017431259155,2046.1975163231828,2046.2860659772807,10.006893474643208,0.23362409293827113,0.3220681437710482,False
342,1787908863.3260536,6523.19966817,34.20748996734619,24000,24000,4370,834,1.9416330915560824,0.13161693026284446,1.8086499989032745,2.1715999007225024,-0.006555371917784214,0.006239314563572407,0.023393109299774822,0.11887387186288834,2052.078459512005,2052.321625918917,9.96759540074214,-0.19458697077470788,-0.18949353026209792,False
343,1787908863.4200482,6523.29951629,34.30148458480835,24000,24000,4634,953,1.940142708084891,0.11261710256031539,1.8070000410079956,2.1103999614715576,-0.00839722529053688,0.011105934157967567,0.02237973147716549,0.1779886782169342,2058.6987178021045,2058.257744313862,9.96759540074214,0.7857788170222193,1.0422323252387287,False
344,1787908863.5188549,6523.39936417,34.400291204452515,24000,24000,4775,972,1.949241768676067,0.12242790065187979,1.8070000410079956,2.123799955844879,-0.008152049034833908,0.016282811760902405,0.023530878819260664,0.23319202661514282,2064.453330673031,2064.241247308344,9.984516227812561,0.611768024648427,0.6051544696165365,False
345,1787908863.6248267,6523.49999569,34.50626301765442,24000,24000,4556,915,1.951264479121224,0.11613066610557295,1.8186999917030335,2.114000082015991,-0.007138431072235107,0.020565854385495186,0.022427455081270812,0.27351853251457214,2070.670028759814,2070.2613107616926,9.979862246841838,0.46991441060163197,0.4497099552754662,False
346,1787908863.7220378,6523.59983019,34.603474140167236,24000,24000,4612,898,1.9511213799096427,0.10725899442250712,1.8270000219345093,2.0820000171661377,-0.004797790665179491,0.021521735936403275,0.023153323934412683,0.2817170321941376,2076.4915621887712,2076.2116963986714,9.98377162501244,0.45855766133990983,0.32411064270309,False
347,1787908863.8235755,6523.69969119,34.70501184463501,24000,24000,4641,879,1.947939702539585,0.1139906462991094,1.812999963760376,2.0871999025344845,-0.009947300888597965,0.02174382470548153,0.022176685809655088,0.2984520494937897,2082.3120275658102,2082.137109627156,9.97081984666393,0.18652802546648672,0.28562343866451556,False
348,1787908863.9195795,6523.79953035,34.801015853881836,24000,24000,4778,1005,1.9503671646118164,0.11637624412091686,1.8229999542236328,2.091800022125244,-0.006585756782442331,0.018770473077893257,0.023111743096418426,0.26085206866264343,2087.664523660664,2088.093293066418,9.989363991457799,-0.22143649499275853,-0.3674715545507752,False
349,1787908864.0212548,6523.89936875,34.90269112586975,24000,24000,4611,935,1.9525433152754677,0.12315788713042536,1.8240000009536743,2.1228000402450555,-0.01032128557562828,0.024125181138515472,0.021234754295591383,0.33169588446617126,2093.7809186747972,2094.1184645192816,9.970820820028896,-0.20579086031284533,-0.015937912811295973,False
350,1787908864.1214669,6523.99999839,35.00290322303772,24000,24000,4594,1014,1.9459990156002533,0.11707606461647979,1.8209999799728394,2.119749987125396,-0.009114141575992107,0.019922681152820587,0.02134263265322596,0.28042325377464294,2099.460483825786,2100.1114389354234,9.961560199681232,-0.539181245690088,-0.7710295011584094,False
351,1787908864.222883,6524.09982813,35.10431933403015,24000,24000,4545,1038,1.9477244713173207,0.11721533444456525,1.8220000267028809,2.0891499757766723,-0.008742566220462322,0.02204970456659794,0.021848676048476783,0.30575689673423767,2105.253903244864,2106.011399158698,9.96936499538241,-0.8309609522871142,-1.2531599060980625,False
352,1787908864.323894,6524.19966201,35.20533037185669,24000,24000,4726,1031,1.9511998055862294,0.12412922441513824,1.8224999904632568,2.0954999923706055,-0.011175975203514099,0.02563796192407608,0.022106884899122846,0.35937419533729553,2111.404875502764,2111.9845212997693,9.972285055145639,-0.7408825016000264,-1.0113552575585345,False
353,1787908864.4203398,6524.29949031,35.30177617073059,24000,24000,4620,893,1.9467334852773959,0.11750360496865947,1.8206000089645387,2.0799999237060547,-0.014441968873143196,0.02688697539269924,0.021518748402789358,0.3817315399646759,2118.484019354115,2117.964240396859,9.972063882368039,0.5512923441428939,0.6072028834901175,False
354,1787908864.5197906,6524.39933451,35.40122699737549,24000,24000,4525,901,1.9469877931306947,0.1389169890564434,1.8109999895095825,2.2179999351501465,-0.015547484159469604,0.021964596584439278,0.02299133662538946,0.3452506959438324,2124.2459983693757,2123.9853225721827,9.98243618179208,0.3459937994075517,0.3832404946015231,False
355,1787908864.6212015,6524.49997707,35.50263786315918,24000,24000,4541,937,1.9397598716212694,0.12908844208829973,1.815999984741211,2.071399927139282,-0.019838741049170494,0.018804579973220825,0.021464696916643638,0.35094401240348816,2129.689956062086,2129.954096321394,9.993861362245182,-0.29493290901018554,-0.39639724076414495,False
356,1787908864.7209582,6524.59981051,35.602394580841064,24000,24000,4572,906,1.9390651227096323,0.13729631608178722,1.8062500059604645,2.1167500615119934,-0.018644442781805992,0.017667124047875404,0.022228967876725868,0.3300267457962036,2136.1149761194506,2135.952237981348,10.02339978620789,0.14445542497514907,-0.18053395987135445,False
357,1787908864.8274446,6524.69964263,35.70888090133667,24000,24000,4204,885,1.9407344637617554,0.13512043218652797,1.807200026512146,2.1389999389648438,-0.021517768502235413,0.015207243151962757,0.022516013158975463,0.34394699335098267,2142.988580544291,2141.984284710354,10.063700324750101,0.6286365320097502,0.5483632700770613,False
358,1787908864.9199278,6524.79947901,35.8013641834259,24000,24000,4454,897,1.9416209582899726,0.13425706241825539,1.815999984741211,2.196000099182129,-0.01413752231746912,0.016533441841602325,0.02120845427863219,0.28148072957992554,2148.281489952453,2148.089545746086,10.05524547632053,0.37233702452886064,0.19298573154219412,False
359,1787908865.0205777,6524.89930921,35.9020140171051,24000,24000,4446,894,1.9441208070023215,0.13326354522104464,1.8029999732971191,2.1826999545097348,-0.014485851861536503,0.015123482793569565,0.02180059729721619,0.2752879559993744,2153.177496166886,2154.1549715583424,10.038949628225659,-0.7708774914572132,-0.9062558489235926,False
360,1787908865.1228116,6524.99994651,36.00424790382385,24000,24000,4630,884,1.9413846164806936,0.13058447508245116,1.8131499707698822,2.1855501055717466,-0.013018022291362286,0.014818682335317135,0.02178553790301795,0.2590686082839966,2159.5199152844666,2160.1619021002653,10.03528756669577,-0.5627259176376356,-0.966040078360038,False
361,1787908865.2215548,6525.09979433,36.10299110412598,24000,24000,4575,843,1.947023723614739,0.1282569570694071,1.8240000009536743,2.1930999994277953,-0.017186613753437996,0.01906321942806244,0.021823621144379177,0.3367421329021454,2166.504571887083,2166.118846487197,10.047816310139535,0.49711232757044854,0.6136158637077642,False
362,1787908865.3201392,6525.19963333,36.20157551765442,24000,24000,4563,883,1.9536047567732606,0.13629858073462583,1.8171000242233277,2.203699994087219,-0.018623031675815582,0.024163594469428062,0.020973221179294975,0.3956282436847687,2171.8972410995225,2172.1279721716605,10.017431839420206,-0.02550924700562973,-0.12688357595561683,False
363,1787908865.4202704,6525.29946413,36.30170679092407,24000,24000,4548,901,1.9500432848004206,0.12536096901252,1.8209999799728394,2.140000104904175,-0.01652637869119644,0.019507933408021927,0.02111473207449862,0.3305230140686035,2177.5766504476833,2178.098851358391,9.991263152668674,-0.35420581604694235,-0.46250084845360107,False
364,1787908865.5190597,6525.39931529,36.40049600601196,24000,24000,4653,1013,1.95294077057476,0.13138263380158563,1.8229999542236328,2.155399990081787,-0.013515705242753029,0.016178181394934654,0.021166243856640052,0.2794591188430786,2183.5867996035777,2184.130872066593,9.996819949562445,-0.2716360101812825,-0.6056981289102623,False
365,1787908865.6209428,6525.49995195,36.502379179000854,24000,24000,4844,1034,1.9538017407607295,0.12028004927899481,1.8220000267028809,2.1517000555992123,-0.014773388393223286,0.02485882118344307,0.021597352962757117,0.37671494483947754,2190.3275625601823,2190.142971994585,10.003790174544411,0.35590303036042314,0.3924795567277215,False
366,1787908865.719695,6525.59979931,36.601131439208984,24000,24000,4721,1094,1.960028336841402,0.13823606641042605,1.8229999542236328,2.2051000833511347,-0.016578635200858116,0.02191414125263691,0.021255307509706466,0.35704782605171204,2196.664581353933,2196.0931561275665,9.990203504725763,0.7675598515756974,0.8006824223944022,False
367,1787908865.8201582,6525.69964533,36.70159459114075,24000,24000,4762,1091,1.9537250251534004,0.11740928289183933,1.8305000066757202,2.138000011444092,-0.014498811215162277,0.023520011454820633,0.020537258562132312,0.3567639887332916,2202.622945958732,2202.0640712024015,9.991072043087868,0.6979050587133315,0.582929071460967,False
368,1787908865.9196298,6525.79948141,36.801066160202026,24000,24000,4822,1140,1.9544570188773305,0.11604070881606576,1.8259999752044678,2.1240500688552855,-0.01424125861376524,0.026324082165956497,0.021764675733762402,0.3924234211444855,2207.733554513648,2208.1056881021123,10.015730465193263,-0.16000853889545397,-0.3989316758156747,False
369,1787908866.0199842,6525.89932419,36.90142059326172,24000,24000,4919,1111,1.9474725494719538,0.1161629844702775,1.8209999799728394,2.1244999170303345,-0.01607942208647728,0.02349925972521305,0.021365151219070105,0.3714650869369507,2213.4886454333673,2214.1753198791503,10.026933821963201,-0.42641363530765375,-0.44982298682862165,False
370,1787908866.1208413,6525.99995651,37.00227761268616,24000,24000,4843,1018,1.9395314348470016,0.10851008447674845,1.8188499987125397,2.1104498982429503,-0.018303856253623962,0.020038379356265068,0.021811897692936053,0.3536251187324524,2220.2728159078183,2220.139214936594,9.988050995638487,0.3061044890978337,0.4942292912874109,False
371,1787908866.2199743,6526.09978817,37.10141062736511,24000,24000,4856,970,1.9362659800912916,0.12224274112732463,1.8079000294208527,2.1400999903678892,-0.01817738078534603,0.014396388083696365,0.02195600108955163,0.306962788105011,2226.7239219256294,2226.0375982175296,9.970745458530375,0.8090023933582415,0.6229105100223933,False
372,1787908866.320079,6526.19963649,37.201515436172485,24000,24000,4874,954,1.933527253083963,0.11433732553678064,1.815999984741211,2.112700021266937,-0.01704598031938076,0.013933021575212479,0.02241323493395094,0.29402539134025574,2231.5374819343797,2232.0655939634116,9.99791335764037,-0.38395558669481034,-0.5958228313425025,False
373,1787908866.420042,6526.29946939,37.30147838592529,24000,24000,5007,975,1.932895385546562,0.11170069218681325,1.815999984741211,2.1089000463485714,-0.014834976755082607,0.005906413774937391,0.02154977646175642,0.21267956495285034,2237.673850494332,2238.0839100541048,9.985558809323742,-0.24559314710268154,-0.398752866220093,False
374,1787908866.5187762,6526.39931445,37.40021252632141,24000,24000,5014,924,1.9332997854395861,0.10832538201318948,1.815300053358078,2.13205006122589,-0.01599675603210926,0.005691031459718943,0.021948905663280106,0.22403007745742798,2243.6910871537125,2244.0527319580574,9.968468217356113,-0.15263123000249834,-0.4979566197657732,False
375,1787908866.6213672,6526.49994891,37.502803564071655,24000,24000,4867,925,1.9404313503729331,0.12388076393159803,1.818399977684021,2.169799995422363,-0.014641509391367435,0.0035564303398132324,0.02206783126625405,0.19815711677074432,2249.7520744664143,2249.9760475630374,9.95906479440509,-0.24734134161326438,-0.46445637498527503,False
376,1787908866.7195241,6526.59978727,37.60096049308777,24000,24000,4875,846,1.9498487004997036,0.1308907243311617,1.8270000219345093,2.190250039100647,-0.015081960707902908,0.005999723915010691,0.02207641687304312,0.20891891419887543,2255.9711879119513,2255.9363030115846,9.95906479440509,0.08213136752829087,0.03763433405310934,False
377,1787908866.8208113,6526.69962985,37.702247619628906,24000,24000,4941,862,1.9424825995261596,0.11265836212270616,1.8220500230789185,2.128849947452545,-0.011672801338136196,0.007739312015473843,0.02243098156106132,0.1818109005689621,2262.0719796943,2261.93500739248,10.006722275660364,0.10546338693757207,-0.00546380538980884,False
378,1787908866.9196005,6526.79948081,37.8010368347168,24000,24000,5092,878,1.9494476078039964,0.13276198341780587,1.8238499939441681,2.1933499217033385,-0.009842869825661182,0.007604939863085747,0.021644674877263605,0.15936115384101868,2268.3282601414276,2267.946590602058,10.006722275660364,0.4341644840360459,0.18472771446977276,False
379,1787908867.0200176,6526.89933079,37.90145397186279,24000,24000,4816,835,1.9504131715454742,0.1331472482710603,1.819700038433075,2.20649995803833,-0.012157000601291656,0.004307006485760212,0.021970329141660326,0.1640860140323639,2273.529269615101,2273.9739717479806,10.000552156336926,-0.39008444733053693,-0.7579228152008,False
380,1787908867.1207228,6526.99997127,38.002159118652344,24000,24000,4850,868,1.9504688943860717,0.1290530768763409,1.8279999494552612,2.1605999588966367,-0.011955964379012585,0.004423468839377165,0.022501195828520063,0.16495592892169952,2279.601533705575,2279.9361460521263,10.00376623993519,-0.3603600006858869,-0.5660434066894595,False
381,1787908867.2208142,6527.09980669,38.10225057601929,24000,24000,4815,938,1.9523848616746442,0.12255262825022847,1.829850035905838,2.138200068473816,-0.00531412847340107,0.013547072187066078,0.02138033224991174,0.18801924586296082,2286.630463684936,2285.9505010534926,10.035619399390269,0.6628531069013661,0.5932513626244145,False
382,1787908867.3197153,6527.19963613,38.201151609420776,24000,24000,5047,1103,1.9629700818282307,0.13157817117281526,1.8370000123977661,2.213199996948241,-0.006967777386307716,0.01767931692302227,0.021291065254500252,0.24903163313865662,2291.982543737026,2292.0567128338384,10.036882760030817,0.08064445383661223,-0.05263150156406482,False
383,1787908867.4198253,6527.29947409,38.30126166343689,24000,24000,4874,1013,1.9593030625010996,0.12058554138989308,1.8389999866485596,2.1431999683380125,-0.006522804033011198,0.022134361788630486,0.020945174319027773,0.2947995960712433,2297.4941776256433,2298.0820102943726,10.021380924646474,-0.41455437089734914,-0.4319173119934021,False
384,1787908867.5187154,6527.39929831,38.40015172958374,24000,24000,4823,1044,1.948557473119648,0.102660546363279,1.840000033378601,2.0840001106262207,-0.00596243841573596,0.021599840372800827,0.02126765460267945,0.292493611574173,2303.531632507393,2304.0905422533215,10.005785688243565,-0.31073013388459003,-0.26962022642192096,False
385,1787908867.6206641,6527.49993335,38.502100467681885,24000,24000,4842,1052,1.9485380233693939,0.10561531847902222,1.8229999542236328,2.105599951744079,-0.007423759438097477,0.023995965719223022,0.02078682735963885,0.3278816342353821,2309.8603514932315,2310.0491834035183,9.996481269860597,-0.09916912095286534,-0.16100415904975307,False
386,1787908867.719624,6527.59976445,38.60106039047241,24000,24000,4927,1130,1.9489044277013932,0.11513673468300055,1.8234499752521516,2.0761999845504757,-0.010360704734921455,0.019816948100924492,0.021683471916662474,0.29374876618385315,2316.085516648361,2316.0520406220303,9.997930984652315,0.18817383069290372,0.19058307037448685,False
387,1787908867.820462,6527.69960571,38.70189833641052,24000,24000,4792,1072,1.9479822771095519,0.11816804514685746,1.821550005674362,2.0793500781059264,-0.01465321984142065,0.02168883942067623,0.022117273079845987,0.3422761559486389,2322.239297121166,2322.0198857639816,9.991389945285688,0.2914464063524065,0.26411247957730666,False
388,1787908867.919887,6527.79945545,38.80132341384888,24000,24000,4745,1085,1.9396949327486452,0.10992517557919677,1.8209999799728394,2.0727999687194822,-0.013741542585194111,0.01293421071022749,0.022256579836729823,0.2494887113571167,2328.5655755839116,2328.0301090459416,10.009301973224106,0.6519923205169107,0.7343630196633057,False
389,1787908868.0192494,6527.89930363,38.90068578720093,24000,24000,4594,976,1.9422735667130986,0.12462647667035284,1.809999942779541,2.1104999780654907,-0.013876226730644703,0.017179448157548904,0.02233400766463965,0.28799304366111755,2333.6494622673167,2334.082490711508,10.004899970092213,-0.22609115575050964,-0.2018622637883709,False
390,1787908868.1201591,6527.99993795,39.00159549713135,24000,24000,4631,975,1.9430933339779193,0.12306558591485905,1.8087000012397767,2.135200047492981,-0.012694726698100567,0.015184657648205757,0.022650177018277047,0.25912976264953613,2340.1189259767348,2340.056731957871,9.996441015582203,0.18855865248588088,0.26581611698429697,False
391,1787908868.221206,6528.09978677,39.10264229774475,24000,24000,4545,889,1.9293644544914683,0.10591036234295448,1.8179999589920044,2.075399923324585,-0.013703599572181702,0.009951556101441383,0.02335156091187386,0.22510205209255219,2346.250453463564,2345.99713402217,10.013397700064345,0.25704648291502963,0.016010740181172878,False
392,1787908868.3198674,6528.19963467,39.20130372047424,24000,24000,4423,889,1.9256906663607156,0.1261565612479709,1.8024000167846679,2.0901999950408925,-0.018351467326283455,0.007698804140090942,0.02390396127130815,0.2675118148326874,2351.698220636022,2352.0893420708244,10.01720436917207,-0.21509786022625121,-0.34306346233142904,False
393,1787908868.420398,6528.29947155,39.30183434486389,24000,24000,4474,910,1.928599998977158,0.12494297811959654,1.805999994277954,2.104099977016449,-0.01405380666255951,0.004414145369082689,0.023631014855564993,0.20021232962608337,2357.591501203673,2358.0701307503996,10.003697030378776,-0.353885192369944,-0.5586977095076691,False
394,1787908868.5192866,6528.39931567,39.40072298049927,24000,24000,4422,855,1.9229578943977579,0.11337619653973097,1.8070000410079956,2.0859999656677246,-0.014028147794306278,0.006925347726792097,0.022534946862219123,0.21096865832805634,2363.6750858239825,2364.030551928683,9.993941992601153,-0.20384538283042275,-0.49872476240716423,False
395,1787908868.6210287,6528.49995697,39.50246500968933,24000,24000,4725,1000,1.9209719994068146,0.10876218642775802,1.8140000104904175,2.066999912261963,-0.016089117154479027,0.008996892720460892,0.023325473819952418,0.24547766149044037,2370.29394904487,2370.011414050035,9.999326980759863,0.3102628734532118,0.07683187469638142,False
396,1787908868.719853,6528.59979099,39.60128927230835,24000,24000,4531,890,1.928375281108899,0.1177280347731662,1.8134499847888947,2.095649981498718,-0.01184634119272232,0.012843186035752296,0.023378627266345424,0.23209282755851746,2375.655292452201,2376.003730030117,10.003522017624356,-0.25807600144798926,-0.5365170986697194,False
397,1787908868.823924,6528.69962711,39.705360412597656,24000,24000,4565,901,1.932780245300403,0.12655852601839163,1.8070000410079956,2.0940001010894775,-0.0064812954515218735,0.010354573838412762,0.022781816268371176,0.16115741431713104,2382.340111026688,2382.028123132281,10.000277611138685,0.1822356036900601,-0.11539266119916647,False
398,1787908868.9202657,6528.79947265,39.80170202255249,24000,24000,4580,827,1.9376977026246336,0.1266525252948601,1.8153000354766846,2.1751001119613647,-0.0092886071652174,0.010717982426285744,0.023389955844821522,0.18535690009593964,2387.9830008259228,2388.063845985011,10.006629989369289,0.04440797128245322,-0.14566580092741788,False
399,1787908869.0190718,6528.89931117,39.9005081653595,24000,24000,4753,866,1.937123555784688,0.13286035938231658,1.7952499687671661,2.1530001163482666,-0.008191073313355446,0.00852293986827135,0.022932234069678738,0.15383599698543549,2393.728600923763,2394.123178160501,10.006629989369289,-0.13858698285503124,-0.22978884042595382,False
400,1787908869.1201537,6528.99995355,40.00159001350403,24000,24000,4673,860,1.9367593044458433,0.12093808012031644,1.8069000363349914,2.134299898147582,-0.01068376936018467,0.011023062281310558,0.023816675887576848,0.19732750952243805,2399.959191071433,2400.100114551494,9.986306031506908,0.026860576211220177,0.011641807452633657,False
401,1787908869.2202544,6529.09980619,40.10169076919556,24000,24000,4685,913,1.9424271627950511,0.13543388619894467,1.809999942779541,2.157400035858154,-0.011634932830929756,0.007868512533605099,0.024140103751077766,0.1841362565755844,2406.4293574501085,2406.068610000483,9.999722056030167,0.4907521623244975,0.47793471908880747,False
402,1787908869.3200736,6529.19966451,40.201509952545166,24000,24000,4667,880,1.9402295432307504,0.12965724900629144,1.8029999732971191,2.1589999198913574,-0.00973657239228487,0.008845748379826546,0.02274402362445129,0.16813503205776215,2411.407290981283,2412.0973962812322,10.001708571636462,-0.5206941131273197,-0.7007656917971872,False
403,1787908869.420287,6529.29949843,40.30172324180603,24000,24000,4733,883,1.944287653957596,0.11074861984397191,1.8179999589920044,2.0956999540328978,-0.008111276663839817,0.0177156925201416,0.022771316629139275,0.24444252252578735,2418.4632839970714,2418.0472077757604,10.008334506692092,0.5222718379891376,0.5541765808197852,False
404,1787908869.5193954,6529.39933585,40.40083169937134,24000,24000,4683,916,1.9526713994132379,0.12089064964102424,1.8170000314712524,2.135999917984009,-0.0027173517737537622,0.017022347077727318,0.023282892450772093,0.2204877883195877,2424.3704434739443,2423.9708850877278,9.99338314970186,0.48269668441980684,0.38627865912485504,False
405,1787908869.6203084,6529.49996651,40.501744747161865,24000,24000,4627,911,1.952160263558774,0.12281989065279536,1.815000057220459,2.124000072479248,-0.00510400952771306,0.01881973072886467,0.022420377925994932,0.2494165003299713,2429.9881538730588,2430.0267384662975,10.002621159114186,0.0453929030954896,-0.1741851359474822,False
406,1787908869.7186625,6529.59980767,40.600098848342896,24000,24000,4587,900,1.9520855524804857,0.1159933739878765,1.815999984741211,2.099499976634979,-0.007676668465137482,0.02232467383146286,0.023004634920710313,0.30499979853630066,2435.998305936217,2436.071298532337,10.009594867379146,0.15407344800496503,0.11793290651985444,False
407,1787908869.820393,6529.69965331,40.70182943344116,24000,24000,4681,910,1.9523648327523535,0.11296540305037793,1.819000005722046,2.1006499886512753,-0.00899520143866539,0.021436234936118126,0.021581237527159427,0.2952526807785034,2441.6724024195246,2442.044421493113,10.000418058387512,-0.27589836155084413,-0.7210834902962233,False
408,1787908869.9195275,6529.79950301,40.80096387863159,24000,24000,4730,1046,1.9486424494427887,0.11508123683980716,1.8209999799728394,2.088499963283539,-0.012732968665659428,0.020059209316968918,0.022865683122195744,0.29978081583976746,2447.5647307827735,2448.0998556660024,10.002887239757309,-0.3318639458202597,-0.5946757383662771,False
409,1787908870.0240085,6529.89934753,40.905444860458374,24000,24000,4321,926,1.9465356375177272,0.11947958414842033,1.8202500343322754,2.0857499837875366,-0.0056483070366084576,0.021295910701155663,0.02227698018974753,0.28391143679618835,2453.5835698188494,2454.1050774297178,9.997927281502896,-0.5821233107812986,-0.9353262216231997,False
410,1787908870.1204388,6529.99998659,41.001875162124634,24000,24000,4599,1004,1.9490069735097695,0.11734081257800974,1.8211499869823455,2.121399986743927,-0.008445200510323048,0.02240031212568283,0.02184251512063385,0.30532416701316833,2459.7628000071395,2460.1098634293826,9.996320503517905,-0.18893226011823572,-0.1983536315069614,False
411,1787908870.2200506,6530.09983071,41.101486921310425,24000,24000,4717,1087,1.9440726784247264,0.11497529341540147,1.8170000314712524,2.0920000076293945,-0.009867490269243717,0.018035003915429115,0.02242877525979216,0.26570895314216614,2466.396330137641,2466.114213665034,9.996320503517905,0.46766398904401285,1.035715246188829,False
412,1787908870.32734,6530.19966819,41.208776235580444,24000,24000,4411,880,1.9538522720336915,0.12461254043608107,1.8279999494552612,2.1620999455451964,-0.011367029510438442,0.030811002478003502,0.021735746383214228,0.41134190559387207,2471.9159387372033,2472.1181281366717,9.99003077513502,-0.4503321962879454,-0.8514451412988819,False
413,1787908870.419728,6530.30030515,41.301164388656616,24000,24000,4532,899,1.9486829831417198,0.13164910123444667,1.8128999710083007,2.088100051879883,-0.014642465859651566,0.025616833940148354,0.021948256263684164,0.37304672598838806,2478.628588944769,2478.1216068442955,9.99003077513502,0.7188170544736749,0.5406930075623677,False
414,1787908870.5217671,6530.40015261,41.40320348739624,24000,24000,4285,816,1.9405894576042306,0.11400922716003252,1.8217500150203705,2.0992498993873596,-0.016574745997786522,0.020442863926291466,0.021473551074744694,0.3381116986274719,2485.159148113126,2484.124649787905,10.035238032780887,1.1267964043104257,0.7953724206699917,False
415,1787908870.620155,6530.49999169,41.5015914440155,24000,24000,4570,941,1.9369202968798078,0.12518091920560237,1.815000057220459,2.059000015258789,-0.021340262144804,0.016967426985502243,0.022207388870034823,0.3504709005355835,2489.3334474541457,2490.1272569675016,10.035238032780887,-0.6024071768160866,-0.7694644917319238,False
416,1787908870.719435,6530.59983049,41.600871324539185,24000,24000,4651,975,1.945616409839728,0.13888255480353098,1.8096999645233154,2.2118000507354734,-0.015359561890363693,0.01857810653746128,0.02186646428875028,0.3086044490337372,2495.88847149791,2496.129428383084,10.069462069876186,-0.004403533931963466,0.5868988281731617,False
417,1787908870.820922,6530.69967233,41.70235824584961,24000,24000,4466,889,1.9384105737887833,0.1290927597551899,1.8033999919891357,2.15460000038147,-0.015379738993942738,0.014500334858894348,0.021496184194738723,0.27476492524147034,2502.2342401713963,2502.1311640346526,10.065172391627454,0.2519172324878127,0.3306473614347851,False
418,1787908870.919374,6530.79950755,41.80081033706665,24000,24000,4447,891,1.9412716022377998,0.1285212525963868,1.8145000338554382,2.190999984741211,-0.014384630136191845,0.014172114431858063,0.021428302758509727,0.26884934306144714,2507.7520575850976,2508.1324639222075,10.065172391627454,-0.1376164988328128,-0.23965789696740103,False
