scan_index,bag_stamp_s,header_stamp_s,time_s,input_point_count,finite_point_count,central_point_count,target_point_count,target_depth_mean_m,target_depth_std_m,target_depth_p05_m,target_depth_p95_m,target_u_centroid,target_v_centroid,target_radial_std,h5_magnitude,relative_angle_deg,offline_relative_angle_deg,local_rpm,raw_motion_residual_deg,heldout_motion_residual_deg,rejected_branch_boundary
0,1787908726.417163,6386.29943853,0.0,24000,24000,4701,949,1.9438651229860409,0.12155449021242389,1.814400029182434,2.0995999336242677,-0.01368115283548832,0.021742938086390495,0.021926665601399768,0.33065134286880493,0.0,0.0,10.045653155569388,0.5080384250769802,0.3020410384198458,False
1,1787908726.5170949,6386.39967295,0.09993195533752441,24000,24000,4701,944,1.9404735174977172,0.12227469985794817,1.8179999589920044,2.076699924468994,-0.015527778305113316,0.02128409594297409,0.022468759252047197,0.3404693603515625,5.171312399859559,5.976533263383777,9.981180064848985,-0.316595848521402,-0.42702930488797897,False
2,1787908726.616965,6386.49951479,0.19980216026306152,24000,24000,4507,938,1.9415245204846234,0.1279891432865452,1.812999963760376,2.151300036907196,-0.01446891762316227,0.016674131155014038,0.021601166961174006,0.2874703109264374,11.502294323101697,11.95508828961108,9.981180064848985,0.02214444412009975,0.49857943188963993,False
3,1787908726.7169247,6386.59936619,0.2997617721557617,24000,24000,4501,942,1.9359554137140829,0.1255832726527022,1.8050499498844146,2.1036500811576837,-0.014148238115012646,0.01542058028280735,0.021063665041320116,0.2728487551212311,17.650363742550926,17.935665078681907,10.01734226501383,0.17260778867722593,0.34924816955564353,False
4,1787908726.8168705,6386.69999893,0.399707555770874,24000,24000,4568,946,1.9407928118494047,0.12953744159903177,1.805999994277954,2.1075000166893005,-0.017554841935634613,0.015105708502233028,0.021633584506952856,0.3032676875591278,23.42718041517801,23.918263630596257,10.00530617110761,-0.047351912870713164,-0.28669019853961686,False
5,1787908726.9169724,6386.79983643,0.49980950355529785,24000,24000,4669,900,1.9424988891018762,0.12766479862472402,1.8140000104904175,2.0929999351501465,-0.019875135272741318,0.023393157869577408,0.021501441044695375,0.395873099565506,29.586325760309133,29.902883945354134,10.005306171107614,0.1056471620562931,0.17848523423372242,False
6,1787908727.016691,6386.89967987,0.5995280742645264,24000,24000,4520,838,1.9377708824835984,0.12754360337866547,1.809699946641922,2.166550028324127,-0.018415963277220726,0.020628679543733597,0.02145081266140764,0.3568142056465149,35.899541196707425,35.889526022955536,9.959506277211734,0.43571906537227534,0.5952942231506739,False
7,1787908727.116472,6386.99952941,0.6993091106414795,24000,24000,4625,885,1.9344870060850672,0.11630406981890068,1.8094000101089478,2.0940001010894775,-0.016904445365071297,0.015409131534397602,0.022055982161115185,0.2996629476547241,41.80629358147563,41.878189863400465,9.973454059018893,0.3555799586465298,0.1349056878379571,False
8,1787908727.2162452,6387.09936009,0.7990822792053223,24000,24000,4608,907,1.9445325279446133,0.1319500622834038,1.820300030708313,2.184300017356872,-0.015546166338026524,0.015647049993276596,0.02248947185988131,0.2916756570339203,47.97326431462672,47.86887546668891,9.973454059018893,0.5361312714013238,0.5985590406364594,False
9,1787908727.3167374,6387.19999807,0.8995745182037354,24000,24000,4735,972,1.9415802457695635,0.11982037408101784,1.8209999799728394,2.1062500357627867,-0.014596308581531048,0.01749274879693985,0.021569695290327533,0.29895278811454773,53.56268595084874,53.861582832820886,9.982554980828125,0.09598904993887913,0.059198943851598074,False
10,1787908727.4163494,6387.29984231,0.9991865158081055,24000,24000,4705,964,1.951346472214861,0.1298757438130691,1.819000005722046,2.1586999416351316,-0.013950573280453682,0.018384423106908798,0.02200969205506762,0.3026542663574219,59.74506127822704,59.856311961795456,9.982554980828125,0.30161526183029963,0.22234241908809338,False
11,1787908727.516321,6387.39970213,1.0991580486297607,24000,24000,4650,959,1.9420990623199654,0.11324635391937368,1.8200000524520874,2.090399932861328,-0.014687993563711643,0.018834635615348816,0.021518624859845327,0.31497976183891296,64.79809144405633,65.88100473627709,10.003779476191994,-0.6436759064713868,-0.7965190849429575,False
12,1787908727.6170027,6387.49953363,1.1998398303985596,24000,24000,4732,967,1.954847983515127,0.1148679710434159,1.8270000219345093,2.1047000408172605,-0.011971401050686836,0.02067904733121395,0.021388859652245712,0.31674838066101074,72.34106441329575,71.84274182073675,9.990202402381273,0.8583605831856715,0.8112366160893743,False
13,1787908727.7167132,6387.59937745,1.2995502948760986,24000,24000,4885,1020,1.9563000029208613,0.12408862566124347,1.8250000476837158,2.136299920082092,-0.01335710659623146,0.021854180842638016,0.021820372307124622,0.33472806215286255,77.58504204652434,77.83070374193774,9.989611961152127,0.11968105961437914,-0.012442800971768975,False
14,1787908727.8167222,6387.69961491,1.3995592594146729,24000,24000,4948,1107,1.955527551344309,0.1124359575297497,1.8259999752044678,2.1256999492645265,-0.015649521723389626,0.027646727859973907,0.02106554740766236,0.42105913162231445,83.43392468365028,83.82414393734777,9.990797848112335,-0.032003551400677566,0.2320653518687692,False
15,1787908727.9176803,6387.79945373,1.5005173683166504,24000,24000,4897,1124,1.952170817453242,0.12247698510823855,1.823149961233139,2.1148500204086305,-0.01408670749515295,0.02608388476073742,0.020900750805815455,0.3910675346851349,88.88751435428871,89.81371363204406,9.982032141731992,-0.6359300695014412,-0.5971954294724213,False
16,1787908728.0166078,6387.89928559,1.59944486618042,24000,24000,4924,1164,1.945536084191496,0.11602360400382418,1.8240000009536743,2.105399954319,-0.014094057492911816,0.02242189645767212,0.020579807359009043,0.34945380687713623,94.97463750664436,95.84857885515959,9.965159542590332,-0.48448584713720777,-0.5015611354346134,False
17,1787908728.116343,6387.99992773,1.6991801261901855,24000,24000,4989,1073,1.9417409134711046,0.11237316272629337,1.819000005722046,2.120199966430664,-0.01839607022702694,0.020954499021172523,0.02201275164755275,0.3693469762802124,101.78103237537093,101.81686932338735,9.969019762501972,0.33776412557264734,0.46969969888975527,False
18,1787908728.216593,6388.09977747,1.7994301319122314,24000,24000,5067,1109,1.939004506690745,0.11928483188504241,1.8170000314712524,2.115999937057495,-0.016591887921094894,0.014646763913333416,0.02170355731684015,0.29671552777290344,107.4392499485393,107.81445203231327,9.990034062637472,-0.01904809120976836,-0.03792897109961757,False
19,1787908728.3165448,6388.19961479,1.8993818759918213,24000,24000,4894,984,1.9347865832288091,0.11465468268242839,1.8141500174999237,2.1228499174118043,-0.018564285710453987,0.012714054435491562,0.022246907583240848,0.29727864265441895,113.72934915541059,113.87610509764642,9.993564093348748,0.273917111867064,0.25325171384308476,False
20,1787908728.4167998,6388.29946027,1.9996368885040283,24000,24000,4895,913,1.940943045527363,0.12302420599224513,1.8179999589920044,2.15359992980957,-0.017610061913728714,0.011360089294612408,0.022599413646046312,0.2743251919746399,120.00516812205348,119.88368432881234,9.986130136078662,0.5344058796788431,0.6270652269570007,False
21,1787908728.5167835,6388.39929761,2.0996205806732178,24000,24000,4896,878,1.9370410005161052,0.11536007980126085,1.8126999676227569,2.180999994277954,-0.017253568395972252,0.008559929206967354,0.02286929054745401,0.25103989243507385,125.62085320383483,125.85148291475976,9.97768191419631,0.15104006290559369,0.3614528233540142,False
22,1787908728.6200287,6388.49995531,2.2028658390045166,24000,24000,5141,941,1.936403828396934,0.1241236095856906,1.8170000314712524,2.1510000228881836,-0.01776108704507351,0.0028317610267549753,0.02324330670885815,0.23949362337589264,131.70769976743466,131.75549839743312,10.011245766380936,0.043140800198131046,0.10913928057883027,False
23,1787908728.716721,6388.59979503,2.299558162689209,24000,24000,5016,882,1.9436485275389657,0.12355684415568913,1.8179999589920044,2.163750028610229,-0.012120229192078114,0.005632114131003618,0.022006795134228856,0.17421114444732666,137.5840689893512,137.80429486181526,10.016440510291664,0.11794219940992434,0.3496810605844587,False
24,1787908728.817114,6388.69963725,2.399951219558716,24000,24000,4975,886,1.9402133203521539,0.12145673940522844,1.8170000314712524,2.1637500524520874,-0.012544956989586353,0.004123069811612368,0.022656513443451237,0.17285113036632538,143.65888269851058,143.85712098353625,10.016748368040256,0.16914300775218294,0.3615095866352078,False
25,1787908728.9174724,6388.79948333,2.500309467315674,24000,24000,4967,862,1.936537121122232,0.11773604003519932,1.8151000559329986,2.10390008687973,-0.00979221984744072,0.0005185336340218782,0.022167493879727083,0.12746301293373108,149.43808052059572,149.87769260424773,10.015244621131105,-0.07318351400235201,0.1633320218042229,False
26,1787908729.0165086,6388.89933131,2.5993456840515137,24000,24000,5088,850,1.9477376473651213,0.11590147526095486,1.8240000009536743,2.156400024890899,-0.00834030844271183,0.002385038184002042,0.021830191776664554,0.11290823668241501,154.68158449112408,155.83529160165833,10.000594146376983,-0.7718816377238227,-0.9169543133698141,False
27,1787908729.1204674,6388.99996705,2.7033045291900635,24000,24000,4769,869,1.9498273894207936,0.12237298540119525,1.8200000524520874,2.1664000034332274,-0.005941043607890606,0.005137904547154903,0.02143607677266944,0.10295437276363373,161.86111262926684,161.79079222645694,9.998775231461147,0.17008525607334946,0.2737019398989844,False
28,1787908729.2168336,6389.09980611,2.799670696258545,24000,24000,4870,948,1.9615727870524684,0.12915777788956065,1.8420000076293945,2.192650020122528,-0.0074099088087677956,0.017109423875808716,0.021022004204241565,0.2423037439584732,167.58848532445015,167.81057572763999,9.995959631319012,0.11545962132717591,0.19990773054689726,False
29,1787908729.3171418,6389.19964237,2.8999788761138916,24000,24000,4871,990,1.963555557559235,0.1277935515885547,1.8394500076770783,2.21210001707077,-0.008112596347928047,0.01843271218240261,0.021456515396821103,0.2635135352611542,172.9017950030541,173.81661608209097,9.988088768919527,-0.589750955105302,-0.5349825619757667,False
30,1787908729.417315,6389.29950171,3.000152111053467,24000,24000,4960,1029,1.9538172992024176,0.1125444269492808,1.8420000076293945,2.119999885559082,-0.007452400401234627,0.02131251059472561,0.020630241840354415,0.28978869318962097,179.13992143349745,179.79735298558623,10.006039237964801,-0.3620480451144772,-0.23369313877799414,False
31,1787908729.5165641,6389.39934489,3.0994012355804443,24000,24000,5064,1119,1.9400321703281012,0.09213243297936301,1.8309999704360962,2.0412998914718625,-0.007051545195281506,0.022550955414772034,0.021354465058226524,0.30795854330062866,185.9982381910675,185.8619218810399,9.992088122912799,0.5412920881996683,0.5909441325269142,False
32,1787908729.6185672,6389.49998407,3.201404333114624,24000,24000,4889,1105,1.9417330302803764,0.10339598388537197,1.8240000009536743,2.068599987030029,-0.008484173566102982,0.02114778757095337,0.02106687359558659,0.2943345308303833,192.08734532521854,191.84483975696378,9.998902420243665,0.5101834087328427,0.5142278657021961,False
33,1787908729.7167487,6389.59982751,3.2995858192443848,24000,24000,4792,1026,1.9468577015004893,0.11005659271525549,1.8250000476837158,2.081499993801117,-0.006973954848945141,0.022222161293029785,0.0211601464346169,0.3009180724620819,197.86217500594967,197.85107258073035,10.00394636502102,0.39409508264054693,0.4361953894201065,False
34,1787908729.8170812,6389.69965683,3.3999183177948,24000,24000,4750,1052,1.950458177255587,0.11064478252292019,1.827549982070923,2.094900035858154,-0.010627047158777714,0.019922636449337006,0.021936563461879482,0.29323190450668335,203.28141264474428,203.86097274281425,10.001207680423049,-0.20664666244854857,-0.053496545971739806,False
35,1787908729.9168894,6389.79948511,3.4997265338897705,24000,24000,4923,1114,1.9520906651897534,0.13360756533076049,1.8176499843597411,2.1368499517440784,-0.013659410178661346,0.015456697903573513,0.02267780866413676,0.2760950028896332,209.52299483935022,209.89000636099362,10.000661634442523,0.04641324959885651,0.274761821702441,False
36,1787908730.0167696,6389.89931667,3.59960675239563,24000,24000,4686,952,1.9513760504602384,0.13654023416015476,1.815999984741211,2.223799967765808,-0.015154218301177025,0.014905501157045364,0.023068939568205157,0.28226208686828613,215.7264131925142,215.8530440531418,9.972386927724683,0.2569891544015377,0.4616734375140652,False
37,1787908730.1174068,6389.99994291,3.7002439498901367,24000,24000,4534,898,1.932184856957476,0.12974057573153625,1.805849987268448,2.084499943256378,-0.017145225778222084,0.011326977983117104,0.02360318250933086,0.27356600761413574,221.60373658786256,221.76480402130483,10.00373551914837,0.09605113972088475,0.28365620508938605,False
38,1787908730.2170744,6390.09977805,3.7999114990234375,24000,24000,4624,943,1.9313223771553403,0.12633039968417975,1.805999994277954,2.0935000896453855,-0.01564263179898262,0.009981000795960426,0.02338813019968245,0.25105059146881104,227.39588249628332,227.79940326107882,10.011541613709618,-0.09188517539834606,0.12133870332087326,False
39,1787908730.3168242,6390.19962437,3.8996613025665283,24000,24000,4685,922,1.938315618969096,0.13554102495642661,1.809000015258789,2.1647999644279476,-0.012070298194885254,0.00808506179600954,0.022502390258331097,0.195733904838562,233.1206772440621,233.82939085999826,10.007928415624917,-0.3521079399076825,-0.1331483268797342,False
40,1787908730.416876,6390.29946037,3.999713182449341,24000,24000,4630,960,1.9238354157656432,0.11586551522371438,1.8079999685287476,2.068200075626373,-0.008874178864061832,0.007258615922182798,0.023319265777399376,0.15643823146820068,239.7119300167937,239.76683631403213,9.992992496410036,0.23600265142300714,0.31082897818188826,False
41,1787908730.5165539,6390.39929675,4.099390983581543,24000,24000,4517,884,1.9232500012104328,0.1205279886770203,1.8029999732971191,2.0665499091148374,-0.015027678571641445,0.011587702669203281,0.02370647415129068,0.25295522809028625,244.87002187178655,245.76786863474652,9.991756296535256,-0.5866028400695313,-0.7254913027116174,False
42,1787908730.6174784,6390.49994903,4.200315475463867,24000,24000,4589,938,1.9271833686940452,0.12469352590335431,1.8040000200271606,2.099149966239929,-0.012151092290878296,0.010854518972337246,0.022797799329999965,0.21650654077529907,251.64172588289162,251.77200656546236,9.989531546131511,0.12960201334993826,0.27394986776749874,False
43,1787908730.7196681,6390.59978807,4.302505254745483,24000,24000,4591,898,1.9271269489768352,0.10312855642357603,1.8158499956130982,2.0567500114440915,-0.01341130118817091,0.014506409876048565,0.023473361166229837,0.2614932358264923,257.5328264013187,257.8509422708357,9.998723265150376,-0.11071424152140708,0.15897473148748986,False
44,1787908730.8204763,6390.69962949,4.403313398361206,24000,24000,4626,925,1.927457297685984,0.11718869777970352,1.808199977874756,2.0989999294281003,-0.009665317833423615,0.009347955696284771,0.023242253632262035,0.1781267374753952,263.43236825604544,263.89223645587685,9.985959752007084,-0.25969061430896545,-0.24707438545004834,False
45,1787908730.9177608,6390.79946625,4.500597953796387,24000,24000,4546,878,1.923712984847588,0.11047902228661999,1.7979999780654907,2.0799999237060547,-0.012846250087022781,0.008255882188677788,0.022862058604772306,0.1967354714870453,269.24680773987467,269.87152871313316,9.984945860193049,-0.2823530321711587,-0.1332614912880672,False
46,1787908731.017798,6390.89930309,4.600635051727295,24000,24000,4715,917,1.9366488538625586,0.11627577348721935,1.809999942779541,2.1456000328063958,-0.010273978114128113,0.008056100457906723,0.02439946964066619,0.17115671932697296,276.06307839296187,275.8518174411138,9.992874815040619,0.5316623609713247,0.5987787290887923,False
47,1787908731.1168783,6390.99996599,4.6997153759002686,24000,24000,4892,832,1.9418329331450737,0.12030025750870141,1.8115500152111053,2.145449948310852,-0.0043899621814489365,0.010807250626385212,0.023272383211713654,0.1497814953327179,282.08051704652183,281.7981499429838,9.992874815040619,0.6042524610976443,0.7451815578020842,False
48,1787908731.2173364,6391.09980045,4.80017352104187,24000,24000,4945,885,1.932406780140548,0.12053974610588102,1.8001999616622926,2.1237999916076657,-0.01005286443978548,0.009763382375240326,0.023890752271293732,0.18387122452259064,287.5723909673816,287.7964891101679,10.02143711978861,0.06860816569610506,-0.054598519813851,False
49,1787908731.3167746,6391.19964207,4.899611711502075,24000,24000,4686,828,1.9460253624812416,0.12848273119929302,1.8049999475479126,2.152450060844421,-0.008076007477939129,0.012136594392359257,0.0236235629961021,0.18624871969223022,293.4295389922738,293.8398942954431,10.032024209297068,-0.0405644451959688,-0.02367256716712518,False
50,1787908731.4169197,6391.29948141,4.999756813049316,24000,24000,4638,821,1.9451352018096124,0.1174987900313933,1.8040000200271606,2.118000030517578,-0.006982529070228338,0.01950998418033123,0.022343929628116155,0.2610117197036743,299.9455300474849,299.8402794401193,10.02744112706484,0.4666911013663366,0.6164607329644696,False
51,1787908731.5169764,6391.39933597,5.099813461303711,24000,24000,4667,917,1.9461864793313628,0.11426735836240905,1.799399971961975,2.0977999210357665,-0.0042204163037240505,0.016064800322055817,0.02261462962644021,0.2145463526248932,304.9953807736506,305.87702234267897,10.00154014460629,-0.48688645756442384,-0.4946438417495074,False
52,1787908731.6181724,6391.49997361,5.201009511947632,24000,24000,4741,906,1.9497726271484073,0.10701656840877835,1.8209999799728394,2.0864999294281006,-0.009314632043242455,0.020591601729393005,0.022105502887381293,0.2838748097419739,311.69942859052327,311.8799160062483,10.00449032558012,0.14536859616140418,0.0857643828164214,False
53,1787908731.716594,6391.59981147,5.299431085586548,24000,24000,4626,1034,1.9442717596686785,0.11082953988424818,1.8209999799728394,2.0859999656677246,-0.006187670398503542,0.015153375454246998,0.022688070961048575,0.21190957725048065,316.8562728318128,317.9058966718509,9.964483399172796,-0.6031104904431572,-0.5241997247919699,False
54,1787908731.816941,6391.69964435,5.399778127670288,24000,24000,4628,1018,1.9428064840715855,0.10537613127789992,1.8220000267028809,2.0791499853134154,-0.0074092368595302105,0.01805083453655243,0.02278682928057525,0.25182849168777466,323.12625652096585,323.8445416960853,9.9575134823353,-0.35397880144523697,-0.254752302908571,False
55,1787908731.9170058,6391.79949355,5.499842882156372,24000,24000,4632,995,1.952770854001069,0.12059551227197028,1.8229999542236328,2.1179999828338616,-0.0081199174746871,0.021346095949411392,0.022832149068307196,0.29276537895202637,329.3286359499507,329.80281259792264,9.959424532163567,-0.15551403383926754,-0.2558462182915946,False
56,1787908732.0177777,6391.89931443,5.600614786148071,24000,24000,4749,949,1.954038989682092,0.12744845013407557,1.8259999752044678,2.169799995422363,-0.01001177728176117,0.026303211227059364,0.02209603559926801,0.3557628393173218,335.49623500132697,335.69916566573136,9.972171082668497,-0.034258821891171465,-0.19081880494019288,False
57,1787908732.1180305,6391.99995595,5.700867652893066,24000,24000,4682,959,1.9469541185715151,0.11480503462913172,1.8109999895095825,2.1114000558853148,-0.008306844159960747,0.02434595860540867,0.02263560835560286,0.3290250301361084,342.4803177286592,341.69250780621434,10.00834230518441,0.9346224532729366,1.0996362716400085,False
58,1787908732.2176082,6392.09979703,5.800445318222046,24000,24000,4663,958,1.9508935264107579,0.11540975663254184,1.8279999494552612,2.100149929523468,-0.01210453175008297,0.025809472426772118,0.022667181594074944,0.3645874857902527,348.0853704844439,347.7093513388204,10.025671354981698,0.5649860401786668,0.40506727499564477,False
59,1787908732.3167846,6392.19962743,5.8996217250823975,24000,24000,4634,936,1.9482980772980258,0.12526478025198493,1.8247500360012054,2.0855000019073486,-0.011887519620358944,0.024060631170868874,0.02248588441095281,0.34404256939888,353.3310993242429,353.7499734110783,10.02581029685151,-0.13989866292115494,-0.12108547509041045,False
60,1787908732.4199004,6392.29946779,6.002737522125244,24000,24000,4576,950,1.9441905263850563,0.13177556099793652,1.8109999895095825,2.135999917984009,-0.011042598634958267,0.019677024334669113,0.022167487413188136,0.2956206500530243,359.45689257035235,359.7635367312275,10.044151134168242,-0.20108352778498784,-0.07856783606774798,False
61,1787908732.5169482,6392.39929117,6.099785327911377,24000,24000,4724,1001,1.9419820174113378,0.13099050907916085,1.812000036239624,2.0910000801086426,-0.016318200156092644,0.019057458266615868,0.021029542048850113,0.32051631808280945,365.4497929242082,365.8211545136887,10.048049337305804,-0.03108002713673841,0.02328529569854254,False
62,1787908732.6233327,6392.49992711,6.206169843673706,24000,24000,4264,910,1.9380736284203581,0.12695232743507162,1.8094499826431274,2.0832000613212585,-0.0156935416162014,0.015757622197270393,0.021881195379212216,0.28934386372566223,370.75946660764566,371.8116666125832,10.057698016137921,-1.1045085379685702,-1.5044325293728775,False
63,1787908732.7165177,6392.59974891,6.299354791641235,24000,24000,4517,923,1.9545991320005605,0.15181753662639869,1.8100999474525452,2.2276999235153196,-0.015040026977658272,0.01846303790807724,0.021821269835922873,0.3115181624889374,376.72066033770767,377.8929947660135,10.057698016137921,-0.7344390573532564,-0.7102801773235115,False
64,1787908732.8171134,6392.69959375,6.3999505043029785,24000,24000,4662,963,1.9395150578777118,0.12397560283627405,1.8181999683380128,2.118499898910522,-0.016455186530947685,0.014712483622133732,0.02127947873311345,0.2893470525741577,383.7397559418023,383.8980337589839,10.031264447174804,0.24888423886352484,0.3905311598362573,False
65,1787908732.9171371,6392.79943417,6.499974250793457,24000,24000,4631,892,1.9486973115948818,0.14062899001222773,1.8075500011444092,2.2006999731063837,-0.01828073523938656,0.019355807453393936,0.021732541189209236,0.34549492597579956,389.405844643829,389.9239930288013,10.020886801444949,-0.08648122870687303,-0.481294767535303,False
66,1787908733.0171964,6392.89928525,6.600033521652222,24000,24000,4562,855,1.936962574267248,0.1139470440414621,1.8147000432014466,2.0922000646591186,-0.016689490526914597,0.02105528675019741,0.022349096542648304,0.3514880836009979,396.1281345393916,395.9405698070158,10.006398237409657,0.6322230247267271,0.8520343344407024,False
67,1787908733.1168108,6392.99991045,6.699647903442383,24000,24000,4660,942,1.9408397020301495,0.13456634491364808,1.8109999895095825,2.134999990463257,-0.017052214592695236,0.016091054305434227,0.02223075717366694,0.3086370527744293,401.9027781890579,401.9238581947102,9.989447345880954,0.42997450705837537,0.4878916233621453,False
68,1787908733.216809,6393.09975231,6.7996461391448975,24000,24000,4615,882,1.945414967277423,0.13015076494494054,1.8230499565601348,2.1436000466346736,-0.015221573412418365,0.020386330783367157,0.022480999668416386,0.3303113579750061,408.07490831103246,407.9611432834711,10.008354386990176,0.6021811142068714,0.5660424532127308,False
69,1787908733.3165092,6393.19960213,6.899346351623535,24000,24000,4791,988,1.9473674094628708,0.12029303890036604,1.8196999967098235,2.14825005531311,-0.014040415175259113,0.01886276714503765,0.021135183748563786,0.3048175871372223,413.5105305281584,414.02929485581865,10.02874842816954,0.055761297478397864,0.1367549293737511,False
70,1787908733.4176068,6393.29943167,7.000443935394287,24000,24000,4600,945,1.9465851851872036,0.12478965444159078,1.8302000284194946,2.1145999908447264,-0.013245507143437862,0.017740685492753983,0.021925851010987808,0.29028213024139404,419.7902031960947,420.0278733756968,10.02227451122196,0.26954924358074095,0.35640679018627,False
71,1787908733.5167396,6393.39967223,7.099576711654663,24000,24000,4624,925,1.9512410805676434,0.12315514543068797,1.8240000009536743,2.1127999305725096,-0.012886499054729939,0.020140063017606735,0.022165199087579336,0.3174061179161072,425.9240564731764,426.0685131667959,10.02045778147811,0.455406826577871,0.7498073422503353,False
72,1787908733.617264,6393.49951093,7.200101137161255,24000,24000,4680,934,1.9546498933236656,0.11786925221324666,1.8246500313282012,2.116349995136261,-0.012086067348718643,0.023181576281785965,0.02185151451539939,0.3534499406814575,432.08032230031887,432.04098405860805,10.009397011444092,0.5801775960909481,0.6877498061402889,False
73,1787908733.718042,6393.59934751,7.300879001617432,24000,24000,4887,1004,1.95464740865734,0.11825359853086159,1.829150003194809,2.1242499828338617,-0.01401076652109623,0.02255285531282425,0.02034994082797364,0.350294828414917,437.5305566830779,437.99010859529466,9.968521657420206,-0.016289490197607392,0.17424443674218537,False
74,1787908733.818031,6393.69997455,7.40086817741394,24000,24000,4871,1108,1.9500171493752338,0.11414059243243523,1.812999963760376,2.083549976348876,-0.01252383179962635,0.024651730433106422,0.021398916881005283,0.36811959743499756,443.5774870649386,443.9117140393767,9.966787551977724,0.03126097385859339,0.1746728345302131,False
75,1787908733.91734,6393.79979561,7.5001771450042725,24000,24000,4880,1105,1.9452461537192849,0.11543994337143267,1.8142000198364259,2.0880000114440915,-0.014109361916780472,0.025206148624420166,0.020833273688782666,0.38061970472335815,449.15100816017997,449.92405329456307,9.95468930998238,-0.353785156535082,-0.4366121902160103,False
76,1787908734.0174596,6393.89962031,7.60029673576355,24000,24000,4942,1212,1.944007425221673,0.11992563324434187,1.8179999589920044,2.1159000515937807,-0.014255640096962452,0.020371422171592712,0.020537114715885776,0.3283984065055847,455.059955447536,455.88708149875515,9.9454593767432,-0.4520427230566497,-0.3440726635887472,False
77,1787908734.1170356,6393.99947057,7.699872732162476,24000,24000,5084,1140,1.9457526315722549,0.11703306988511984,1.8200000524520874,2.115100014209747,-0.016759952530264854,0.02142215147614479,0.021982359524463882,0.3623134195804596,461.42448677469736,461.82604962299195,9.933830713662086,-0.062100428480846404,-0.05369892908112206,False
78,1787908734.2184708,6394.09931791,7.801307916641235,24000,24000,4988,1090,1.9328853214552644,0.11344936061374311,1.8079000294208527,2.0890500307083126,-0.017638547345995903,0.012456520460546017,0.021810945564968355,0.2862756550312042,467.8763606247481,467.8147596068575,9.951610558825264,0.30363255809146494,0.552561521915095,False
79,1787908734.3173501,6394.19995779,7.900187253952026,24000,24000,4905,951,1.9441619358102857,0.12775142290106475,1.8174999952316284,2.140500068664551,-0.01912626065313816,0.014648311771452427,0.022474806648553038,0.3157784044742584,473.43325245601204,473.782881276844,9.945966693788725,-0.07226489331100083,-0.10353514051837465,False
80,1787908734.417796,6394.29978491,8.000633001327515,24000,24000,4913,892,1.938711882172144,0.11281804432234754,1.8197500288486481,2.1363999724388116,-0.01854707859456539,0.011150657199323177,0.02245824316184129,0.285693883895874,479.73047470779227,479.73103126476855,9.959014220498297,0.1981830118162975,-0.020010885132478506,False
81,1787908734.5169787,6394.39962751,8.099815845489502,24000,24000,4990,894,1.9396241593947614,0.12226972415044539,1.8220000267028809,2.2019999027252197,-0.01619417779147625,0.006789319682866335,0.02324784338897844,0.23218634724617004,485.1471384259631,485.64399636642173,9.996859423253081,-0.33615305290072683,-0.23343651619177308,False
82,1787908734.6175117,6394.49946399,8.200348854064941,24000,24000,5177,935,1.9358909104597122,0.11955501392236222,1.8209999799728394,2.1386000394821165,-0.011551796458661556,0.006054089404642582,0.02266438345796584,0.17028892040252686,492.0583704249249,491.63359133423046,10.026237257955662,0.5430689017796908,0.6392283694762568,False
83,1787908734.7176173,6394.59930061,8.300454378128052,24000,24000,4932,852,1.933431924788605,0.11837186270977114,1.819000005722046,2.1544500112533567,-0.013506081886589527,0.003643072908744216,0.02259787187847285,0.1852312684059143,497.58460475378945,497.72380472000987,10.026237257955662,0.06294238266849561,0.08053730878549459,False
84,1787908734.8172977,6394.69993903,8.400134801864624,24000,24000,4951,832,1.9466394229004016,0.12946954088445572,1.8235499799251556,2.1662499785423277,-0.010601862333714962,0.003549317829310894,0.02205093324990231,0.14881323277950287,503.4740139168497,503.74969233955136,10.012668907496439,-0.02850315778920276,-0.20309373721056545,False
85,1787908734.9182055,6394.79978283,8.501042604446411,24000,24000,4966,849,1.951514721197571,0.140393314780035,1.821399998664856,2.236800050735473,-0.007191766984760761,0.0008123519364744425,0.021147420265111416,0.09413235634565353,508.819709938233,509.7687531631128,10.009691787594315,-0.737304931157098,-1.0177753597276933,False
86,1787908735.0175993,6394.89961591,8.600436449050903,24000,24000,5152,900,1.9588900008466508,0.14295543219709989,1.8239499986171723,2.2473499774932857,-0.014803623780608177,0.007774053607136011,0.02282996279150382,0.21360370516777039,514.764651040902,515.7689071726687,9.997306685862382,-0.7560236999038352,-0.9050691816348717,False
87,1787908735.1170805,6394.99945433,8.699917554855347,24000,24000,4893,866,1.9554896054587243,0.1272047257654805,1.8214999735355377,2.197999894618988,-0.0062473006546497345,0.00824446976184845,0.021236691185530784,0.13476654887199402,521.7612814683098,521.7421293139339,9.99584489592811,0.271711158459766,0.32034674285819165,False
88,1787908735.217222,6395.09929455,8.800059080123901,24000,24000,4903,951,1.9610988444459676,0.1335079348403723,1.8339999914169312,2.2125000953674316,-0.006634429097175598,0.016685735434293747,0.02182701431353664,0.2319042980670929,526.9850736943574,527.767433329969,9.997163065217126,-0.5130175463697242,-0.5390007694841188,False
89,1787908735.319611,6395.19992223,8.902448177337646,24000,24000,4981,1035,1.9623227072222797,0.13787232703826924,1.832699966430664,2.175800037384033,-0.006828883662819862,0.017841843888163567,0.021340252272932438,0.250148743391037,533.547223107625,533.7718548074487,9.996588675661041,-0.09424404087440053,-0.20763621663047616,False
90,1787908735.4168956,6395.29975111,8.999732732772827,24000,24000,5077,1121,1.950090097806796,0.10291796008181281,1.8370000123977661,2.125,-0.007723648566752672,0.019817965105175972,0.021239314516079716,0.27659672498703003,539.3913242446791,539.7453826051984,10.005568299658362,-0.08724480551165925,-0.07508457953099423,False
91,1787908735.5165687,6395.39958915,9.099405765533447,24000,24000,4933,1107,1.9414399294779983,0.1015204667116209,1.8279999494552612,2.0557000160217287,-0.008001253008842468,0.019720960408449173,0.02131702388914616,0.27664414048194885,546.4345957391861,545.7804593912335,10.012740903415258,0.9756154462054383,1.0772997676959903,False
92,1787908735.6169474,6395.49942415,9.199784517288208,24000,24000,4859,1064,1.9442828960884782,0.11724310981651886,1.825300043821335,2.068850016593933,-0.007132645696401596,0.021493038162589073,0.02076234669796597,0.28801262378692627,552.0169182984623,551.7122440085479,10.004189371604268,0.5351834157511348,0.7042519985120634,False
93,1787908735.7195587,6395.59966775,9.302395820617676,24000,24000,4789,1050,1.946748574347723,0.0996911792289592,1.8250000476837158,2.0635499238967894,-0.007965263910591602,0.022250067442655563,0.021814084553730885,0.3063499629497528,557.0265784505964,557.7355664627707,10.023415997660033,-0.6118647720993522,-0.6061463205496693,False
94,1787908735.8173862,6395.69950649,9.40022325515747,24000,24000,4849,1048,1.9448959924110019,0.10152229823053462,1.8259999752044678,2.072999954223633,-0.011216117069125175,0.02135564386844635,0.021821720867064364,0.31452107429504395,563.3968189955151,563.8472908676624,10.023463118847767,-0.1112990346098286,-0.1036388353526263,False
95,1787908735.9175901,6395.79935305,9.50042724609375,24000,24000,4856,1047,1.9467325702437699,0.12474939024885415,1.812000036239624,2.092500066757202,-0.010785614140331745,0.016268480569124222,0.022161000077417902,0.2585357129573822,569.5991413533849,569.9187244965966,10.021614635470316,0.07875443397108484,0.19074967083088268,False
96,1787908736.0175807,6395.89960533,9.600417852401733,24000,24000,4615,943,1.9407200431520335,0.12417336728685688,1.812999963760376,2.089799928665161,-0.014117509126663208,0.01351374015212059,0.021973058140894324,0.2624494433403015,575.4052462072792,575.8873674570441,10.007731585123418,-0.11460646104762873,-0.12052161592635002,False
97,1787908736.1171877,6395.99944655,9.700024843215942,24000,24000,4582,896,1.9360223234231984,0.12325972261092367,1.809000015258789,2.106999933719635,-0.015273990109562874,0.012938211672008038,0.02287683267981587,0.2699088454246521,581.5005008522294,581.8989475002202,10.010411476326409,0.0041994772959697,-0.060378540269312,False
98,1787908736.2174344,6396.09929089,9.80027151107788,24000,24000,4589,947,1.9399556493054222,0.13838381533009092,1.8070000410079956,2.177999973297119,-0.014031645841896534,0.008500678464770317,0.023075064747064247,0.22237975895404816,586.8944332972319,587.957374128141,9.983182082027758,-0.6166975950654887,-0.5535571958131413,False
99,1787908736.3169138,6396.19992595,9.89975094795227,24000,24000,4649,927,1.9254714141257243,0.12386322334843292,1.805299961566925,2.0759999752044678,-0.016965487971901894,0.012787451967597008,0.023727710479720176,0.2827872931957245,593.6172774821822,593.9300324410198,9.983182082027758,0.13735115713404866,0.21311575357458423,False
100,1787908736.4168801,6396.29974895,9.999717235565186,24000,24000,4578,948,1.9280959909726798,0.12247792643426228,1.8047000110149383,2.1185500621795654,-0.010982749052345753,0.00709875114262104,0.023204432587364942,0.17438849806785583,599.8111466306967,599.9243567372852,9.979094320625952,0.3332136855827912,0.14555458295092194,False
101,1787908736.5167587,6396.39959273,10.099595785140991,24000,24000,4526,898,1.9274777294798258,0.11690674240479772,1.8128499746322633,2.1080000400543213,-0.013238012790679932,0.011649335734546185,0.023603368598530402,0.23289787769317627,605.3710978595182,605.9065981866538,9.999967852489403,-0.09957739766366558,-0.0002310565231482542,False
102,1787908736.634803,6396.49943499,10.217640161514282,24000,24000,4584,934,1.9250888653434575,0.11501976355845905,1.8086499989032745,2.0883999586105344,-0.015776576474308968,0.009394645690917969,0.023169711446137962,0.2435397058725357,612.3919375558947,611.9531051278183,10.015242679805676,-0.1614349570874083,-0.21287452660726558,False
103,1787908736.7290034,6396.59967027,10.311840534210205,24000,24000,4203,855,1.9321426914449324,0.1262700404780243,1.8126999855041503,2.1032999753952026,-0.015946492552757263,0.012826276943087578,0.02412494784296446,0.26823320984840393,618.5356177523117,617.9813031898318,10.010344660179696,0.3301952079165176,0.48146236706577383,False
104,1787908736.8171883,6396.69952667,10.400025367736816,24000,24000,4542,938,1.9266737746531521,0.11788894011722292,1.8078499794006349,2.1084500432014464,-0.013823923654854298,0.00821169838309288,0.023192933454321486,0.2092408984899521,623.1198045352819,623.9709560158578,10.010344660179696,-0.3767339234116207,-0.12203702131353111,False
105,1787908736.9168904,6396.79937031,10.499727487564087,24000,24000,4554,888,1.931550676758225,0.11748561926599221,1.8163500010967255,2.131999969482422,-0.012027712538838387,0.009005567990243435,0.023854172778308275,0.19966383278369904,629.4592516920306,629.9569342903669,10.002494674750286,-0.019443241995531935,0.10564469744133476,False
106,1787908737.0198164,6396.89999719,10.602653503417969,24000,24000,4707,878,1.9326264209247668,0.12033671049593615,1.805849987268448,2.124450075626373,-0.007586294319480658,0.008813231252133846,0.02331969869845712,0.14951364696025848,636.1805694918893,635.9636421670934,10.003849833182695,0.5262833739725465,0.6809021280455454,False
107,1787908737.117288,6396.99984583,10.700125217437744,24000,24000,4947,879,1.936274173181076,0.12121319666849434,1.8008000016212464,2.121200037002563,-0.001063064788468182,0.011366280727088451,0.023962341176971602,0.14852333068847656,641.2237487371343,641.9177063071623,10.01647439625451,-0.2788688525240559,-0.156166490060059,False
108,1787908737.2172,6397.09967659,10.800037145614624,24000,24000,4833,766,1.9394530029894477,0.12890943056487428,1.8009999990463257,2.1095000505447388,-0.003782217623665929,0.011859111487865448,0.02325517969265393,0.1631776988506317,647.2462773772882,647.8673513976859,10.01647439625451,-0.25108525030691453,-0.11968090030256917,False
109,1787908737.317132,6397.19951955,10.899969100952148,24000,24000,4669,804,1.9434054744480855,0.131042739805138,1.8001499593257904,2.176250028610229,-0.00666785379871726,0.012708336114883423,0.023025635195884946,0.18233539164066315,653.4356327886524,653.8375468753137,10.024883546356874,-0.05767651240057603,-0.17748933109896825,False
110,1787908737.4173355,6397.29936625,11.00017261505127,24000,24000,4661,895,1.9498547491414586,0.12499663882399843,1.8140000104904175,2.163499951362609,-0.008678712882101536,0.016554171219468117,0.023002771398312468,0.23947055637836456,659.4765670056523,659.8196202486323,10.022757998737712,-0.028982574319798005,-0.014177410459979,False
111,1787908737.517655,6397.39961177,11.100492000579834,24000,24000,4812,988,1.9495030361631138,0.11889380739057315,1.8123500108718873,2.1312499403953553,-0.00785389356315136,0.015749340876936913,0.02254259170960511,0.22426214814186096,665.3367216308418,665.8305243032736,10.013970089841724,-0.1880205478513517,0.013983461441057443,False
112,1787908737.6171675,6397.49945727,11.200004577636719,24000,24000,4792,995,1.9456321579727096,0.10672619973305865,1.812000036239624,2.0875999212265013,-0.010772371664643288,0.018137739971280098,0.02289451260481185,0.26884007453918457,671.5881881377281,671.833945834891,10.013970089841724,0.09266210560019772,0.2671426388778855,False
113,1787908737.7169294,6397.59930451,11.299766540527344,24000,24000,4637,997,1.9509007041169744,0.11425747428647964,1.8140000104904175,2.1376000881195067,-0.005496711935847998,0.017927436158061028,0.023060444969074556,0.24135464429855347,677.8033076315337,677.8527211337838,9.987903901144337,0.3220345226940253,0.4699196742068352,False
114,1787908737.8189251,6397.69994319,11.401762247085571,24000,24000,4621,987,1.9442472154729393,0.11066773040662099,1.812000036239624,2.0840001106262207,-0.006773132365196943,0.01772199012339115,0.02274875445764224,0.24181003868579865,683.3442500109252,683.8689902834593,9.99624503107801,-0.2567954508042476,-0.14690823930641272,False
115,1787908737.9170847,6397.79978305,11.499921798706055,24000,24000,4786,1042,1.9515508630683005,0.1165118968610145,1.8240500032901763,2.1049500226974485,-0.010304046794772148,0.019375978037714958,0.023152061575754647,0.2837415039539337,689.5488608980328,689.786329219689,9.994805741682507,0.05821350647943291,0.06996511176225795,False
116,1787908738.0170033,6397.89962349,11.59984040260315,24000,24000,4758,904,1.9495331825671998,0.11344149604006037,1.8270000219345093,2.08470002412796,-0.007219957187771797,0.026697656139731407,0.022285079701625188,0.3503706157207489,695.3899703549611,695.8044244808332,10.018065153209625,-0.0958226197027443,-0.031180729114339556,False
117,1787908738.1169887,6397.99945551,11.699825763702393,24000,24000,4655,947,1.950122492743898,0.12088643751108427,1.8179999589920044,2.1262000322341907,-0.010119852609932423,0.02625012770295143,0.022990782842703644,0.3612520694732666,701.9430392449804,701.8660118785715,10.030410984271914,0.45809523546859054,0.29874819622625637,False
118,1787908738.21728,6398.09929943,11.800117015838623,24000,24000,4639,954,1.9506865827292517,0.12484454771488969,1.8183000147342683,2.0920000076293945,-0.013521522283554077,0.02230028435587883,0.022307326817576006,0.3335415720939636,708.2892153700288,707.9170217306307,10.02217574346548,0.7867667735997657,0.9398047704210057,False
119,1787908738.3175092,6398.19993875,11.900346279144287,24000,24000,4667,970,1.9527773198393201,0.14076966321337245,1.8174499988555908,2.1640499472618098,-0.010356827639043331,0.02408474124968052,0.02184755416698974,0.3381524384021759,713.281687704283,713.9052793770009,10.0020883975689,-0.23454613102126132,-0.3106828037496143,False
120,1787908738.4170513,6398.29978897,11.99988842010498,24000,24000,4739,949,1.9440958908159438,0.12422355602501275,1.815000057220459,2.09060001373291,-0.006317418068647385,0.02227635681629181,0.021427975257747627,0.3012481927871704,719.5607609111183,719.9353013661059,10.001778616607508,0.0719693794669638,0.15249831616756637,False
121,1787908738.5171645,6398.39963159,12.100001573562622,24000,24000,4545,946,1.9408900638211353,0.1251070608397985,1.8132499754428864,2.089500069618225,-0.012098493985831738,0.016868706792593002,0.021527186934718317,0.2718759775161743,725.3013008462782,725.9158175808157,9.984709096711812,-0.19430929926181761,-0.23166208246311726,False
122,1787908738.6175418,6398.49947327,12.200378894805908,24000,24000,4517,961,1.9484484923865868,0.13278803810520456,1.815000057220459,2.1760001182556152,-0.016413362696766853,0.019977597519755363,0.021790363581419885,0.3329789936542511,730.6578183129698,731.8870721117636,9.976384821940039,-0.8604605911921226,-1.081051928900024,False
123,1787908738.717272,6398.59931259,12.300109148025513,24000,24000,4528,947,1.9400390710095543,0.1360284429425547,1.80829998254776,2.131199955940246,-0.017914213240146637,0.016561968252062798,0.021605211659103916,0.3158828914165497,737.3401311803219,737.8776442424795,9.980522539561896,-0.16199221097633654,-0.10669659608811344,False
124,1787908738.8182516,6398.69994659,12.40108871459961,24000,24000,4756,954,1.942856395019675,0.13102779225975927,1.813649994134903,2.1082000374793997,-0.018645616248250008,0.02389465644955635,0.022102815456277493,0.39243608713150024,744.0334764775538,743.8823019520496,9.976217749664384,0.47254943088637447,0.6115018241466714,False
125,1787908738.9176292,6398.79979369,12.500466346740723,24000,24000,4586,910,1.9350560428022028,0.11600519879430152,1.8049999475479126,2.080100047588348,-0.017956377938389778,0.01906057633459568,0.021707641394715767,0.34197545051574707,750.4779920668622,749.8318646592735,9.954575585636979,0.9543779013439462,1.170051604684204,False
126,1787908739.0178514,6398.89962997,12.600688457489014,24000,24000,4560,868,1.9331993104950074,0.1175705442146145,1.8079999685287476,2.0965499877929688,-0.014663390815258026,0.01691366359591484,0.021670944792190158,0.2894206643104553,755.507552194723,755.780626799083,9.9393954040749,-0.02941805412717713,0.07086414941670682,False
127,1787908739.116969,6398.99946809,12.699806213378906,24000,24000,4586,912,1.9355657887563371,0.12137196006287244,1.812000036239624,2.119999885559082,-0.015472976490855217,0.015753820538520813,0.02226961325238311,0.2898794412612915,761.7875813835561,761.7636901831245,9.952188538589693,0.30351666726232907,0.14782577917867457,False
128,1787908739.2173448,6399.09929847,12.800181865692139,24000,24000,4679,912,1.938959429007873,0.1128255309291718,1.8229999542236328,2.0863500475883483,-0.016349032521247864,0.01595640741288662,0.021367417431444987,0.29776087403297424,766.9641265483959,767.7089439925896,9.99368009433846,-0.5425067902261844,-0.8465227990069479,False
129,1787908739.3177123,6399.19994993,12.900549411773682,24000,24000,4586,951,1.936299684797301,0.10740351912013099,1.8195000290870667,2.087000012397766,-0.013567781075835228,0.018451157957315445,0.021394451748988682,0.2960742115974426,773.5767536016082,773.7553793672703,9.988707612501477,0.04803801694004051,-0.03302812709864611,False
130,1787908739.4179287,6399.29979217,13.000765800476074,24000,24000,4595,928,1.9543189647896537,0.13619878503570285,1.8193500220775605,2.1718499302864074,-0.013793847523629665,0.0195591039955616,0.022114578565854606,0.3152698576450348,778.9596417822195,779.7251072160457,9.995256846910104,-0.5820865613458182,-0.7845669671614814,False
131,1787908739.517616,6399.39964275,13.10045313835144,24000,24000,4631,889,1.947181104540959,0.09922651357441319,1.8250000476837158,2.098199939727783,-0.013773816637694836,0.020202722400426865,0.02170730761192401,0.32709458470344543,785.5008722194323,785.7436914616175,10.003876686572342,-0.022125678009501826,-0.1470109123512202,False
132,1787908739.6177654,6399.49947821,13.200602531433105,24000,24000,4697,924,1.9585108229350219,0.13644367979101069,1.8221500158309936,2.181999921798706,-0.014604256488382816,0.022972701117396355,0.02115824222375221,0.36055490374565125,791.3864441535253,791.7522167175277,9.983114208669456,-0.14554674589123806,-0.19546649953872475,False
133,1787908739.717729,6399.59933247,13.30056619644165,24000,24000,5007,1133,1.9517758175638642,0.11362315573218439,1.825600004196167,2.094800043106079,-0.009913763031363487,0.0218802560120821,0.020938783158235254,0.31754130125045776,797.2333150029862,797.6855465034754,9.98316672216367,-0.2965251594637266,-0.28414984804612686,False
134,1787908739.8199773,6399.69998357,13.402814388275146,24000,24000,4800,1101,1.9583596731726416,0.1293756889266369,1.819000005722046,2.1559998989105225,-0.017048876732587814,0.02484055608510971,0.02156703346034295,0.39949753880500793,803.196250940926,803.6338778659823,10.007012705530213,-0.46851076509278755,-0.47276975993224823,False
135,1787908739.9253223,6399.79982461,13.508159399032593,24000,24000,4957,1192,1.948687080668923,0.11518437127928802,1.8250000476837158,2.110449969768524,-0.013611989095807076,0.023148100823163986,0.02063062467702033,0.3512004017829895,809.4534377651416,809.7042815343323,10.021134248290837,-0.5320555295176064,-0.8109117231315395,False
136,1787908740.018172,6399.89965211,13.601009130477905,24000,24000,4952,1186,1.9452301854829965,0.1177523183251517,1.815000057220459,2.121000051498413,-0.015944207087159157,0.023625733330845833,0.0216620357850897,0.3766237795352936,815.6802007326851,815.8121928619075,10.026424560130888,0.12369627837585995,0.1667668596534213,False
137,1787908740.1173418,6399.99948695,13.700178861618042,24000,24000,5124,1142,1.9470376544574932,0.12488130528048454,1.8320000171661377,2.102799928188324,-0.014688449911773205,0.022367822006344795,0.02087008294695831,0.35064488649368286,820.949525219741,821.8225145190286,10.025815245707415,-0.557192232293346,-0.5425082559972907,False
138,1787908740.2171412,6400.09932975,13.799978256225586,24000,24000,4926,1021,1.9324358486872346,0.10145558012436527,1.815000057220459,2.0950000286102295,-0.017807917669415474,0.015144518576562405,0.022168471806947337,0.30838775634765625,828.1374918924018,827.9054942791034,10.015523885491083,0.6427814496457813,0.7954332219425169,False
139,1787908740.3187432,6400.19995871,13.901580333709717,24000,24000,4894,937,1.9342988270196741,0.10926405864151896,1.815000057220459,2.1016000747680663,-0.018096286803483963,0.012943618930876255,0.022402744986448224,0.293551504611969,833.5628147513269,833.8634436475821,10.022000531928972,-0.02805018425169692,-0.0058097364801597,False
140,1787908740.418091,6400.29977229,14.000928163528442,24000,24000,4942,892,1.9348408092030496,0.10652095097554144,1.8179999589920044,2.121999979019165,-0.016629518941044807,0.009639314375817776,0.022457943132505098,0.25575709342956543,839.887622306067,839.8789130226457,10.01592730577647,0.33585839973466136,0.3630710429622468,False
141,1787908740.5195873,6400.39961251,14.102424383163452,24000,24000,5135,981,1.9355524975225467,0.11102062908601887,1.8229999542236328,2.1480000019073486,-0.019890403375029564,0.006920866668224335,0.0234374587840241,0.279213547706604,845.5882008760925,845.8000149815202,10.040980231006667,-0.053366021021247434,-0.03309468833583651,False
142,1787908740.6176076,6400.49944879,14.20044469833374,24000,24000,5028,878,1.9312938506076438,0.11529729597583314,1.812999963760376,2.111199915409088,-0.011599177494645119,0.005508239381015301,0.022150440291841298,0.16973234713077545,851.4593994526264,851.8458337496005,10.034245410104296,-0.06341514640132573,-0.09011908323634543,False
143,1787908740.7173893,6400.59967783,14.30022644996643,24000,24000,4951,850,1.9394023508184097,0.12840933257346251,1.809999942779541,2.159100043773651,-0.011969365179538727,0.004159366711974144,0.022798258592847225,0.16920776665210724,857.6283398397427,857.8967729793129,10.022409649037728,0.11859083366664436,0.19405025715877855,False
144,1787908740.8177097,6400.69951529,14.400546789169312,24000,24000,4913,871,1.937990816397727,0.12294226350661051,1.8174999952316284,2.140000104904175,-0.006763318087905645,0.00014124125300440937,0.021068975866740277,0.08839666843414307,863.9754944061141,863.9190490618519,10.005263453950514,0.4464955805780164,0.653214769040801,False
145,1787908740.9175484,6400.79935139,14.500385522842407,24000,24000,4967,838,1.9438842483807293,0.11766130034073975,1.8218500196933747,2.153300094604492,-0.009271062910556793,0.004267488140612841,0.021733337420758156,0.13330581784248352,869.0200527037774,869.8879511516056,9.99531951416789,-0.4992994679687399,-0.5176478208743447,False
146,1787908741.0194185,6400.89998701,14.602255582809448,24000,24000,4952,852,1.9534178376197815,0.1364301572153561,1.8209999799728394,2.221350038051605,-0.010102149099111557,0.003180274274200201,0.022211296418426316,0.1356959193944931,875.0740868483355,875.8316060507647,9.979216728825781,-0.5574988439227582,-0.4759486810451108,False
147,1787908741.117611,6400.99983003,14.700448036193848,24000,24000,4865,881,1.9566413176316815,0.13182968811508206,1.8220000267028809,2.203000068664551,-0.011048195883631706,0.009907667525112629,0.021974839176723708,0.19053484499454498,881.649301100325,881.8318413474117,9.960621035329238,0.12613936274362914,0.12796447887330942,False
148,1787908741.2170594,6401.09967893,14.799896478652954,24000,24000,4897,981,1.9603047948121781,0.1321395003401774,1.8289999961853027,2.203000068664551,-0.008973833173513412,0.015247003175318241,0.02191220912812178,0.22960391640663147,886.9463009827359,887.7578028438757,9.96310129529458,-0.5437965135752165,-0.5061588924041871,False
149,1787908741.317172,6401.19950645,14.900009155273438,24000,24000,4993,1031,1.9531425813467727,0.12462518342218086,1.8339999914169312,2.118000030517578,-0.008782250806689262,0.017473537474870682,0.020894189575088477,0.24936707317829132,893.7881451382132,893.7672921192583,9.981851203101046,0.2912576383829446,0.47602020183205696,False
150,1787908741.4171383,6401.29934679,14.999975442886353,24000,24000,5091,1093,1.9501253450451264,0.10993791919974528,1.8359999656677246,2.104600000381469,-0.004435541108250618,0.020760321989655495,0.02172101758631508,0.27518603205680847,899.6453555269707,899.7755506991198,9.985683864512787,0.1504614070745447,0.35864005480686956,False
151,1787908741.5190005,6401.39998343,15.101837635040283,24000,24000,4863,1074,1.9426899448009398,0.10791038323418778,1.8229999542236328,2.068350052833557,-0.006422562059015036,0.01887323521077633,0.021009016269559654,0.25588229298591614,906.5193063226296,905.7853422555417,9.991309024658504,0.9126507533189852,0.9232625433783141,False
152,1787908741.6171124,6401.49981963,15.199949502944946,24000,24000,4848,1040,1.9445336575691516,0.0977548884840117,1.8279999494552612,2.068000078201294,-0.004441971890628338,0.02129446156322956,0.021272018275873265,0.282696932554245,911.4101884893104,911.7456910798644,9.990495735806261,-0.08320797286864945,0.07593513141955555,False
153,1787908741.7171128,6401.59967295,15.299949884414673,24000,24000,4825,1050,1.9449085734004066,0.09869460369887062,1.8289999961853027,2.0665499448776243,-0.008168043568730354,0.0218387171626091,0.02124773846227853,0.3028767704963684,917.0388609546752,917.7422972210427,10.013640032352699,-0.4545877689928375,-0.32484972280667535,False
154,1787908741.8171382,6401.69951577,15.399975299835205,24000,24000,4986,1115,1.953584753451326,0.11885317704886608,1.8270000219345093,2.1068999528884884,-0.013439520262181759,0.01927116885781288,0.022542586345227874,0.3064465820789337,922.931475255775,923.7752719507507,10.019583162820874,-0.5635277737836759,-0.9292101445786329,False
155,1787908741.9265418,6401.79935777,15.509378910064697,24000,24000,4684,1000,1.9484430000782014,0.12254774125872674,1.815999984741211,2.0921000123023985,-0.015055438503623009,0.01980057917535305,0.02203532144892852,0.32878732681274414,929.3111584424071,929.8556524930966,10.012026018070198,-0.7480933362551241,-1.0315309997058648,False
156,1787908742.0177388,6401.89961033,15.600575923919678,24000,24000,4631,931,1.937634803042632,0.11630572293647061,1.8054999709129333,2.072499990463257,-0.015255111269652843,0.01660815067589283,0.022204472855134712,0.30158981680870056,935.8662760721915,935.8322519979135,10.015914865303523,0.3351766747551892,0.34961482075777894,False
157,1787908742.1176798,6401.99945477,15.700516939163208,24000,24000,4619,953,1.9383777537601066,0.12731992727185432,1.809000015258789,2.126799964904785,-0.013235162943601608,0.01174671296030283,0.0231315661552728,0.24071775376796722,941.3831247441434,941.8455472100383,9.995395293166974,-0.1444649237723752,-0.01895892076220207,False
158,1787908742.2175145,6402.09929255,15.800351619720459,24000,24000,4700,962,1.9387214133000918,0.14128536970598218,1.809000015258789,2.1556000590324382,-0.013646692037582397,0.006926504895091057,0.02283659969267904,0.2042781114578247,947.5554117324418,947.8850991993479,9.96654566211694,0.03771190645727529,-0.17517785603058655,False
159,1787908742.317799,6402.19992643,15.900636196136475,24000,24000,4620,927,1.9277195251489534,0.1261476503993159,1.7970000505447388,2.103100085258484,-0.011780453845858574,0.010093539953231812,0.023629979861765755,0.2089986503124237,953.6232575075194,953.7922069031622,9.971186825612202,0.08845363979128251,0.08248904707625115,False
160,1787908742.4175143,6402.29976385,16.000351428985596,24000,24000,4515,903,1.9308748612240172,0.13608402839838676,1.809999942779541,2.096899890899658,-0.015287589281797409,0.012219664640724659,0.023712733336755446,0.25897279381752014,959.1635543444762,959.7846705975197,9.984420162677763,-0.354192783747294,-0.49893530039958023,False
161,1787908742.5173151,6402.39959939,16.100152254104614,24000,24000,4561,970,1.9273484544655712,0.12711489136904588,1.8079999685287476,2.1086000442504877,-0.01477498933672905,0.009274990297853947,0.023301129893429317,0.23306697607040405,965.4944147795876,965.7635136590843,9.984420162677763,-0.011411170466317344,0.018329894691305526,False
162,1787908742.617172,6402.49943867,16.20000910758972,24000,24000,4628,916,1.9218362418845232,0.10980499110101749,1.8057499825954437,2.0630000233650208,-0.014631175436079502,0.011388382874429226,0.02338951628967302,0.24350599944591522,972.1552442626895,971.8147295998834,10.015438242533156,0.6579777723824236,0.7856837622570083,False
163,1787908742.7169971,6402.59928141,16.29983425140381,24000,24000,4677,944,1.9264978815690945,0.10935939804886621,1.8111499965190887,2.1020999193191523,-0.012471728958189487,0.009198042564094067,0.023003225824950957,0.2078712433576584,977.7471385630902,977.8480310961831,10.02077155518062,0.2603341221054052,0.17980003923787535,False
164,1787908742.819334,6402.69993401,16.40217113494873,24000,24000,4560,883,1.9329094022748694,0.1262182852889046,1.8141000151634217,2.1057999610900877,-0.011598079465329647,0.008576651103794575,0.02334013207875337,0.19119296967983246,983.4711014052547,983.830257016171,9.987288087543261,-0.15594610803611886,-0.17977346142833994,False
165,1787908742.9177587,6402.79977515,16.500595808029175,24000,24000,4602,882,1.9384058968009863,0.1328749789835749,1.8060999929904937,2.1708000063896176,-0.008894837461411953,0.008391774259507656,0.02372907493923691,0.16092292964458466,989.2286985652361,989.782486187114,9.987288087543261,-0.30385824335087364,-0.3792137711648138,False
166,1787908743.0171206,6402.89962699,16.599957704544067,24000,24000,4819,868,1.939594469586825,0.1265029094775701,1.8133499801158905,2.1545999169349668,-0.007710720412433147,0.008210618048906326,0.024174180763028654,0.1440473049879074,995.6964179133639,995.6894749369806,9.964957913063204,0.20211812812135577,0.3829563466200625,False
167,1787908743.1173708,6402.99947617,16.700207948684692,24000,24000,4930,873,1.9406403187077752,0.12321184873179399,1.8079999685287476,2.141799974441528,-0.004414685070514679,0.014410820789635181,0.02340083099511013,0.19925518333911896,1000.9414616591572,1001.7087388253415,9.994389267412258,-0.5678822212208843,-0.8685700309695221,False
168,1787908743.2173152,6403.09931963,16.80015230178833,24000,24000,4729,795,1.9449459120912371,0.1371634985239995,1.8006999850273133,2.1803000450134276,-0.0076275537721812725,0.011858672834932804,0.022800633394602407,0.1823427826166153,1006.7918143363772,1007.7121006954194,9.991331447552303,-0.7142200870672468,-0.8100449495967723,False
169,1787908743.3186476,6403.19995799,16.901484727859497,24000,24000,4651,787,1.947673445432583,0.13661490726312966,1.8002999663352965,2.1691000699996947,-0.008544186130166054,0.01729125902056694,0.02266575743091885,0.24289540946483612,1013.7295282998103,1013.696379974751,9.991490374641911,0.14351854752635518,0.4020031044552752,False
170,1787908743.4173079,6403.29979343,17.000144958496094,24000,24000,4690,934,1.9449357575471702,0.12313450521235418,1.8053000032901765,2.1020999193191523,-0.0067306505516171455,0.012137295678257942,0.023166675694107245,0.1790180653333664,1019.3627899568507,1019.6958132495606,9.991490374641911,-0.1428626132892532,-0.19939136510458866,False
171,1787908743.5173473,6403.39962603,17.100184440612793,24000,24000,4865,1010,1.9473346548505348,0.11484452504228644,1.812000036239624,2.128650104999542,-0.007773729041218758,0.01589287258684635,0.023132977516760213,0.22758015990257263,1025.4940061945867,1025.6489058742313,9.990901372273957,-0.014044687345631246,-0.11620289528968897,False
172,1787908743.6179235,6403.49947895,17.20076060295105,24000,24000,4737,1037,1.9504676971049295,0.12415656278870374,1.819000005722046,2.1549999713897705,-0.005917877424508333,0.012885433621704578,0.023142915842589904,0.18235930800437927,1031.7296931230746,1031.6790566622794,10.010532135427498,0.18704295841621388,-0.18794194605879966,False
173,1787908743.7175858,6403.59932299,17.30042290687561,24000,24000,4600,945,1.9508433878106415,0.11890056364920827,1.8240000009536743,2.1252000808715814,-0.007277003489434719,0.01817159727215767,0.02273028490031323,0.24958865344524384,1037.1073103131719,1037.6793523191036,10.01681254157935,-0.41510736096142864,-0.49527635028198347,False
174,1787908743.8181825,6403.69993529,17.40101957321167,24000,24000,4638,960,1.9517791672299305,0.11445896511134354,1.8209999799728394,2.103249931335449,-0.009441936388611794,0.020417537540197372,0.02330638468966119,0.28948885202407837,1043.2234727598359,1043.707523670266,10.018754814170673,-0.3347744429142949,-0.4794734312408764,False
175,1787908743.91804,6403.79976751,17.500877141952515,24000,24000,4856,976,1.950747950521649,0.11622427561264115,1.819000005722046,2.1072500348091125,-0.0056958976201713085,0.024697838351130486,0.021328826138522182,0.31998711824417114,1049.2210934624434,1049.7266060304867,10.020537658674334,-0.3286371961144141,-0.7265863770342094,False
176,1787908744.017212,6403.89959193,17.600049018859863,24000,24000,4716,915,1.9434273209076762,0.10698412544866662,1.8179999589920044,2.0739998817443848,-0.007922499440610409,0.02361828275024891,0.023076350272016186,0.3243134617805481,1056.1932164953023,1055.7132668973418,10.032750071132424,0.6931440923565333,0.5447492224438975,False
177,1787908744.1171858,6403.99943721,17.70002293586731,24000,24000,4657,912,1.955160090536402,0.1219417303382604,1.8255500078201294,2.154249930381773,-0.012776386924088001,0.025528904050588608,0.022282721240591687,0.36344876885414124,1061.4091926398637,1061.7558205485716,10.040974751479444,-0.08934414906070742,-0.20165090744990266,False
178,1787908744.2175112,6404.09967409,17.80034828186035,24000,24000,4645,940,1.9545255319869264,0.13424269969145036,1.8250000476837158,2.127300083637237,-0.011641192249953747,0.023221518844366074,0.02226948933487488,0.331479549407959,1067.1284867426066,1067.8018448047892,10.025299433458105,-0.38960027465827807,-0.680525509281324,False
179,1787908744.317897,6404.19952869,17.900734186172485,24000,24000,4721,1034,1.9417543524238543,0.10945477329260107,1.8126499891281127,2.1134500503540035,-0.012676151469349861,0.02193434350192547,0.02189831705603723,0.3239717185497284,1073.5084341660247,1073.7765144189993,10.010485528891044,-0.03283659651401649,0.18166411807783334,False
180,1787908744.418523,6404.29936585,18.001360177993774,24000,24000,4698,993,1.9480584096332332,0.131066090225305,1.8170000314712524,2.1088000297546383,-0.008071132935583591,0.020916646346449852,0.02065065643371409,0.2901810109615326,1079.4491938513504,1079.8041109987814,10.01542281706773,-0.1296659775327953,0.18425950793835,False
181,1787908744.5168943,6404.39961391,18.0997314453125,24000,24000,4518,984,1.938407519483954,0.11537064520540458,1.8151500463485717,2.068850016593933,-0.012486977502703667,0.01883065514266491,0.02202967128748856,0.29351621866226196,1085.6540051385693,1085.8242576554935,10.01542281706773,0.1728403757799697,0.45315441244360954,False
182,1787908744.618068,6404.49946675,18.200905084609985,24000,24000,4547,908,1.9499856841459149,0.13045452408255198,1.8186999917030335,2.1738500237464904,-0.018085654824972153,0.02342311479151249,0.022132264604958672,0.38169077038764954,1090.7421522599514,1091.8695383073489,9.995673212375012,-0.809460578615699,-0.8278526449382753,False
183,1787908744.7173562,6404.59931145,18.300193309783936,24000,24000,4520,870,1.943754025437366,0.13540245435404263,1.8054499685764314,2.1630001068115234,-0.019182326272130013,0.0201033316552639,0.021491883129101687,0.3536558151245117,1097.9626832647223,1097.9042851620911,9.995673212375012,0.4537477515957562,0.5696673986985843,False
184,1787908744.8176258,6404.69995495,18.400462865829468,24000,24000,4734,989,1.9370333669882331,0.1338775352798139,1.8049999475479126,2.1216000080108643,-0.020349644124507904,0.013515138998627663,0.022203471012844735,0.3213127851486206,1103.591657283443,1103.8690415617857,9.98371465674923,0.0665189552139509,0.1389823935962795,False
185,1787908744.917975,6404.79978455,18.50081205368042,24000,24000,4528,877,1.932838084352465,0.11606762918550267,1.8088000059127807,2.066199970245361,-0.018107818439602852,0.019854508340358734,0.0219237845006899,0.3488786518573761,1109.625729992828,1109.8181259782777,9.992373710534272,0.07961091778065565,0.24678288584709662,False
186,1787908745.0179813,6404.89964509,18.600818395614624,24000,24000,4593,937,1.9424557077719282,0.14095010546944234,1.8140000104904175,2.215399932861327,-0.017588192597031593,0.014333762228488922,0.022429411274560274,0.2962086796760559,1115.9738649458857,1115.7916640191754,10.002495825978613,0.42733597973006,0.6175078192547971,False
187,1787908745.1183312,6404.99948909,18.701168298721313,24000,24000,4545,882,1.936760773599283,0.11851192737544121,1.819000005722046,2.127849948406218,-0.014479324221611023,0.016496485099196434,0.021971082780763228,0.28483450412750244,1121.909663971365,1121.8641380467964,9.993997483725996,0.34211134283691536,0.418993626430165,False
188,1787908745.2175765,6405.09933059,18.800413608551025,24000,24000,4797,930,1.938846238710547,0.12047795549508407,1.8134499847888947,2.110850095748901,-0.012410948984324932,0.015333798713982105,0.021205519373571003,0.2581566572189331,1127.045100126363,1127.8463573806096,9.984115847523809,-0.47720024346449463,-0.5440098591679998,False
189,1787908745.3180346,6405.19997023,18.900871753692627,24000,24000,4550,919,1.9468443972242022,0.12341671183971696,1.8300000429153442,2.1347000598907466,-0.0111191151663661,0.01729690097272396,0.021278018715653338,0.2709963321685791,1133.4955637699288,1133.7971747618717,9.990224345777225,-0.05425481615998251,-0.0657402286622073,False
190,1787908745.4173162,6405.29981835,19.000153303146362,24000,24000,4579,875,1.9483154314586095,0.11933992321494423,1.8170999884605408,2.150600051879883,-0.015788601711392403,0.018539464101195335,0.022115662132073305,0.3224887549877167,1139.6213636518328,1139.795106508933,9.988469559866624,0.11462293635827336,0.14233113231261996,False
191,1787908745.526092,6405.39965409,19.10892915725708,24000,24000,4362,833,1.950448982569636,0.1225116218784384,1.8220000267028809,2.150600004196167,-0.017584597691893578,0.022027023136615753,0.021965715249762503,0.3725840449333191,1145.3811674286537,1145.8044613134762,9.992280818539708,-0.6521564844058503,-0.6258287088064662,False
192,1787908745.6177459,6405.49949395,19.20058298110962,24000,24000,4839,1027,1.9527711777747432,0.12660395664770427,1.8262999892234801,2.1302999496459956,-0.016589153558015823,0.023618469014763832,0.021171011810578077,0.3744264841079712,1150.9880434528131,1151.8114495117131,9.995669773694985,-0.5445368130535826,-0.7020832195385083,False
193,1787908745.7174592,6405.59934291,19.300296306610107,24000,24000,4970,1100,1.9582354565100237,0.12716776276856967,1.8220000267028809,2.1080000400543213,-0.010733879171311855,0.021372497081756592,0.021281421626416767,0.31848812103271484,1157.2703639335698,1157.7599904736896,9.98591488398671,-0.24504515131411608,-0.189749272957215,False
194,1787908745.8178005,6405.69997093,19.40063762664795,24000,24000,4854,1111,1.950999100609581,0.11651314153739095,1.8184999823570251,2.0915000438690186,-0.014010337181389332,0.025785017758607864,0.021347698045251794,0.38782891631126404,1163.5762793774256,1163.7789999664228,9.983573379575907,0.040361616821201096,0.0002565511138072907,False
195,1787908745.9173894,6405.79981101,19.500226497650146,24000,24000,4898,1195,1.9426970737249782,0.10810615306513029,1.8209999799728394,2.0739998817443848,-0.0145186772570014,0.02328142710030079,0.02072672730678378,0.361725389957428,1169.8807885134556,1169.775116968447,9.980918604427961,0.36950924028769805,0.37588316553365075,False
196,1787908746.0179532,6405.89964839,19.60079026222229,24000,24000,5018,1191,1.950306466704752,0.12334941336379474,1.8234999775886536,2.1110000610351562,-0.01568104885518551,0.02494065649807453,0.021078425865387034,0.385353684425354,1175.4960321735389,1175.7638113916144,9.981377843837523,-0.049102512746685534,0.03293371399627176,False
197,1787908746.11728,6405.99949119,19.700117111206055,24000,24000,5016,1151,1.9401928744659953,0.11848900238016138,1.8065000176429749,2.125999927520752,-0.01602921448647976,0.01861765794456005,0.02191912599733086,0.3276439607143402,1181.0979569318192,1181.7957592765417,9.992727554714621,-0.4068178689597062,-0.6001207923939091,False
198,1787908746.217963,6406.09933703,19.80080008506775,24000,24000,4845,939,1.941401491784694,0.11409380655199626,1.8209999799728394,2.12309992313385,-0.0213935486972332,0.016204144805669785,0.022355568050738964,0.35341572761535645,1187.6663458086864,1187.7913076264308,10.002999484505645,0.12056300240124074,0.12683195258750857,False
199,1787908746.3262284,6406.19997993,19.90906548500061,24000,24000,4587,863,1.9370463507752844,0.11114231247308332,1.8220000267028809,2.145700073242187,-0.014946149662137032,0.014006164856255054,0.02264333521662824,0.2713920474052429,1193.846851741205,1193.7140976039816,10.026439461314665,-0.19488686205704653,-0.4120488342171029,False
200,1787908746.4182513,6406.30021467,20.0010883808136,24000,24000,5146,981,1.9346116195517336,0.11682777763837983,1.819000005722046,2.0910000801086426,-0.01207579392939806,0.008444971404969692,0.02257253151826728,0.19838295876979828,1199.585569675995,1199.6853291109874,10.055693954661182,0.02243029389046569,0.02452085236768653,False
201,1787908746.517295,6406.40005785,20.10013198852539,24000,24000,5061,915,1.932906012717492,0.11742153944537458,1.815000057220459,2.1216000080108643,-0.01670209690928459,0.006455147173255682,0.02280305333290602,0.2359064221382141,1205.3222548852991,1205.746573585789,10.055693954661182,-0.18353005178323656,-0.1809803320888932,False
202,1787908746.6174004,6406.49989025,20.2002375125885,24000,24000,4958,864,1.9369814818104107,0.11662198480159598,1.8209999799728394,2.158249938488006,-0.01611478067934513,0.004935733042657375,0.022795552577625756,0.22682249546051025,1211.5411735872756,1211.8312884182094,10.041356670156835,0.02902780221734247,0.1069300945480336,False
203,1787908746.7175899,6406.59973323,20.300426959991455,24000,24000,4936,849,1.9444040050214535,0.12940404001807596,1.8200000524520874,2.1477999687194815,-0.01225140318274498,0.004642356187105179,0.021756486895631623,0.1720076948404312,1217.2277607198803,1217.828552901486,9.997197145116955,-0.2957813381954111,-0.4902018479565413,False
204,1787908746.8182225,6406.69957473,20.40105962753296,24000,24000,4934,907,1.9406703420090177,0.1212919179609742,1.8179999589920044,2.124900031089782,-0.008482260629534721,0.0017815956380218267,0.021387729767312364,0.11306500434875488,1223.2691761131814,1223.801054786644,9.999290544138972,-0.29235555641253086,-0.35368390205871947,False
205,1787908746.917718,6406.79942399,20.50055503845215,24000,24000,5176,895,1.9541273744412642,0.14145429272729665,1.8186999917030335,2.2518000125885007,-0.010694409720599651,0.008167723193764687,0.022106185638742365,0.17365413904190063,1229.2273229674565,1229.819830472375,10.013559015542308,-0.303962582268241,-0.12987501636962406,False
206,1787908747.0175457,6406.89966431,20.600382804870605,24000,24000,4914,831,1.9550300858081033,0.13511809494583177,1.8210000395774841,2.1955000162124634,-0.01049826294183731,0.006420319899916649,0.0219101417498119,0.1573273092508316,1235.3303576175922,1235.8262654905525,10.010352726988573,-0.19062323984280738,-0.24107839666271502,False
207,1787908747.117832,6406.99950193,20.700669050216675,24000,24000,4910,890,1.958747191241618,0.14286011670659832,1.8254500150680542,2.238600027561187,-0.010113337077200413,0.010114500299096107,0.0226217963342457,0.18377317488193512,1241.1352236566674,1241.8128635223998,10.013960748226827,-0.4029613788043207,-0.3725025069390995,False
208,1787908747.217822,6407.09933997,20.8006591796875,24000,24000,4845,948,1.9612763739084895,0.13618270374436736,1.8350000381469727,2.19964998960495,-0.00987689197063446,0.013399717397987843,0.02220857448047904,0.21787519752979279,1247.842459977971,1247.7793598341138,10.013960748226827,0.3048378039554791,0.2827577147027114,False
209,1787908747.3182032,6407.19997385,20.90104031562805,24000,24000,5067,1105,1.957861539033743,0.13682059247580364,1.8309999704360962,2.2033999919891354,-0.008233069442212582,0.016697866842150688,0.021289812523625995,0.24070627987384796,1254.307078067652,1253.805496166236,10.022759848444514,0.7465582520580938,0.919809355973257,False
210,1787908747.4175239,6407.29981133,21.00036096572876,24000,24000,4994,1091,1.9532612291199696,0.11444693709481278,1.8359999656677246,2.1480000019073486,-0.007151235360652208,0.017347313463687897,0.021405531716316067,0.24402986466884613,1260.4066844821232,1259.8273987205805,10.013701644344557,0.8868964868404419,0.9910620550353997,False
211,1787908747.5177734,6407.39966001,21.100610494613647,24000,24000,4831,1044,1.9463400402288327,0.10761117414917457,1.8284499526023865,2.0678500533103943,-0.00348438648506999,0.02060488983988762,0.020285533637272597,0.2677861452102661,1265.5230857554723,1265.859543930444,10.021957678225183,-0.01170341939177888,-0.15430979600250794,False
212,1787908747.6188998,6407.49950871,21.20173692703247,24000,24000,4739,1023,1.944944282197999,0.1027938108426921,1.8279999494552612,2.0626999616622923,-0.006846138741821051,0.023100513964891434,0.02163690113891566,0.3136594593524933,1270.7795619983763,1271.8902693047569,10.013853648189142,-0.8228428256797997,-0.9427583911115107,False
213,1787908747.7174923,6407.59935015,21.300329446792603,24000,24000,4975,1088,1.9507573542787748,0.12331812487176298,1.8233499705791474,2.088550090789794,-0.005562368780374527,0.02008897438645363,0.020838464619560793,0.26958656311035156,1277.2045987010767,1277.9247066776113,10.013853648189142,-0.31338626835872674,-0.3225680381883649,False
214,1787908747.8186023,6407.69998561,21.401439428329468,24000,24000,4828,1026,1.9489951262697143,0.10874320988355064,1.8222500085830688,2.0824999809265137,-0.014357717707753181,0.020896349102258682,0.021955351549307944,0.3363262116909027,1283.6053437281828,1283.9490080111495,10.002239748982442,0.020730167305146097,0.2115640441445521,False
215,1787908747.9179983,6407.79983883,21.500835418701172,24000,24000,4709,1007,1.9477298920298995,0.11587524558215084,1.8209999799728394,2.0869998931884766,-0.013916072435677052,0.01878010481595993,0.02170095920740152,0.30871665477752686,1289.1732463377234,1289.9822733771837,9.98189213833856,-0.3751558412329814,-0.3483248321424526,False
216,1787908748.0174482,6407.89966811,21.600285291671753,24000,24000,4618,951,1.9379242920599775,0.11407491173669829,1.815500020980835,2.0774999856948853,-0.01659751683473587,0.015566335059702396,0.02293377403223313,0.30229952931404114,1295.733515865657,1295.906931135248,9.967702986913705,0.2180920968621649,0.1900256058102059,False
217,1787908748.1171641,6407.99950739,21.70000123977661,24000,24000,4703,1010,1.931323762577359,0.11557543768674397,1.8114500105381013,2.078550028800964,-0.012918968684971333,0.009343096055090427,0.023155484558488603,0.21503740549087524,1301.8550044226447,1301.9034734392958,9.971210451023572,0.35659447780017217,0.2652943528389642,False
218,1787908748.2190795,6408.09935111,21.80191659927368,24000,24000,4777,963,1.9274662517684271,0.12017279487990931,1.8100999474525452,2.059000015258789,-0.013670786283910275,0.013986459001898766,0.0230963765520671,0.261023610830307,1307.7770834130083,1307.8758676466423,9.949965193412115,0.16372196254405935,0.071547063912476,False
219,1787908748.3210392,6408.19997371,21.903876304626465,24000,24000,4479,897,1.9341627653094307,0.13039055414688808,1.8040000200271606,2.1131999492645264,-0.012360609136521816,0.011780365370213985,0.023081041724070803,0.22479505836963654,1313.5005848665903,1313.8461163171896,9.971449160746186,-0.23038885386245056,-0.37046980637569504,False
220,1787908748.4194849,6408.29980645,22.00232195854187,24000,24000,4467,882,1.9336904769852048,0.13002902253426138,1.8040000200271606,2.1179500341415403,-0.014007028192281723,0.012397177517414093,0.023611610936764293,0.2460719347000122,1319.9295854437312,1319.861288285455,10.001532272335972,0.29184357172175623,0.2849233423273745,False
221,1787908748.5249488,6408.39965417,22.107785940170288,24000,24000,4509,938,1.9214434978296,0.11937818580206432,1.805999994277954,2.0691499948501586,-0.016447484493255615,0.00902913510799408,0.023456557071764753,0.25169217586517334,1325.75597753936,1325.891208052359,10.01980298344535,-0.20963420849375325,-0.16227199460081465,False
222,1787908748.6188092,6408.49948863,22.201646327972412,24000,24000,4680,957,1.918045979682181,0.10255461055484451,1.8040000200271606,2.0541999340057373,-0.016389375552535057,0.004998944234102964,0.0237254918867689,0.22965802252292633,1331.5107146788898,1331.891649410056,10.02965208059956,-0.0865479068845616,-0.14758179093246326,False
223,1787908748.7182438,6408.59932225,22.30108094215393,24000,24000,4666,897,1.9229910814908302,0.12164376274604886,1.8049999475479126,2.0673999309539792,-0.015017458237707615,0.009038226678967476,0.023102807867361352,0.23184135556221008,1337.6286852229916,1337.8777481563106,10.0040728324465,0.06531657920481848,-0.04763933447497948,False
224,1787908748.8215485,6408.69996201,22.404385566711426,24000,24000,4580,937,1.9308463184912406,0.11732541994051604,1.8148000478744506,2.067199945449829,-0.008738630451261997,0.011055076494812965,0.023472285226619635,0.18719308078289032,1343.3369241246526,1343.8435973025323,10.011965609078473,-0.42475233645109256,-0.37930814195465246,False
225,1787908748.9189484,6408.79980369,22.50178551673889,24000,24000,4622,835,1.936355690327947,0.13578160231643988,1.8006999850273133,2.1606000423431397,-0.007953641004860401,0.010660468600690365,0.023357972312124786,0.17398583889007568,1348.8982073527911,1349.8381655161552,10.008604158661827,-0.7074947194362267,-0.8608799963942602,False
226,1787908749.0242913,6408.89964537,22.607128381729126,24000,24000,4640,856,1.9346214950641738,0.11556277281294153,1.809000015258789,2.116749942302704,-0.003686309326440096,0.0068263462744653225,0.024025639215989682,0.10330086201429367,1356.206055342737,1355.7985690599828,10.019692136364773,0.27975042853222476,0.37141234176192484,False
227,1787908749.117523,6408.99949615,22.70036005973816,24000,24000,4833,804,1.9464912923117774,0.13789831194489352,1.7993000209331513,2.170199954509734,-0.005529195535928011,0.013039219193160534,0.023160944870320756,0.18328799307346344,1361.2390826753933,1361.7896170891509,10.039055181520913,-0.2811503044745223,-0.21491711693147408,False
228,1787908749.2176483,6409.09933267,22.800485372543335,24000,24000,4709,818,1.9369009790035798,0.12750925002518312,1.799699956178665,2.1614500164985655,-0.009648647159337997,0.013320820406079292,0.023075043868304473,0.20993652939796448,1366.9836221421917,1367.8582187232105,10.039055181520913,-0.5441590159884981,-0.6659754423519644,False
229,1787908749.3179588,6409.19997719,22.900795936584473,24000,24000,4676,880,1.9481420474973592,0.12654963385930798,1.804949951171875,2.158149993419647,-0.012342329137027264,0.014344384893774986,0.023872867139577755,0.24086785316467285,1373.5232023131593,1373.8901327959447,10.02346338669704,-0.02324215190515133,-0.1108271925684221,False
230,1787908749.4173982,6409.29982413,23.000235319137573,24000,24000,4804,982,1.9454429757813572,0.1293116705768041,1.8070500373840332,2.18069999217987,-0.008026916533708572,0.01017009187489748,0.022981880818375284,0.1675684154033661,1379.6134381076429,1379.8960337616386,10.021584281440603,0.10060148087040943,0.08481064139778027,False
231,1787908749.5175335,6409.39965501,23.10037064552307,24000,24000,4782,993,1.9444833834245725,0.10758320976826653,1.8125999927520753,2.0937999725341796,-0.007392521016299725,0.016424162313342094,0.022842670988127582,0.2301260083913803,1386.0356018948955,1385.9112540951041,10.026465845573425,0.5146162720500342,0.6232324596896888,False
232,1787908749.617593,6409.49949303,23.200430154800415,24000,24000,4589,933,1.955288314742674,0.1313812521966726,1.815999984741211,2.1407999992370605,-0.006300122942775488,0.01727689616382122,0.02279204282492824,0.23380401730537415,1392.0040817517681,1391.968097058877,10.02592720626779,0.47949618160896534,0.591696629402577,False
233,1787908749.7172983,6409.59932781,23.300135374069214,24000,24000,4622,926,1.9530615541383978,0.1137301662605249,1.828499972820282,2.1244999170303345,-0.004656483884900808,0.020806269720196724,0.022779068370099104,0.2662772834300995,1397.337841403628,1397.9355932188294,10.011306781783853,-0.1690866092660599,-0.18820571015544374,False
234,1787908749.8174458,6409.69997807,23.400282859802246,24000,24000,4719,938,1.946300640924653,0.10846262181023829,1.8148500502109528,2.0771499276161194,-0.00879492238163948,0.021671880036592484,0.023227093470468554,0.2965194284915924,1403.765075557837,1403.8991344375434,10.028520385344173,0.24926898444641665,0.32734521173097164,False
235,1787908749.917656,6409.79983137,23.500493049621582,24000,24000,4845,975,1.947818463643392,0.11511361922665675,1.823699986934662,2.081300067901611,-0.011310921981930733,0.019830118864774704,0.023052910952570765,0.2973765730857849,1409.7676548305444,1409.9411373703651,10.044200450973145,0.23920743306075565,0.28435244086153943,False
236,1787908750.0177915,6409.89966645,23.60062861442566,24000,24000,4639,928,1.953855604704084,0.12610605642214082,1.8270000219345093,2.153549909591675,-0.010401398874819279,0.02498670481145382,0.023026200626514975,0.3469313085079193,1415.789080800863,1415.942914494245,10.005828761610031,0.2524701021218334,0.3881373033445925,False
237,1787908750.1174567,6409.99952489,23.70029377937317,24000,24000,4653,975,1.9483784618133153,0.12155475019233866,1.812000036239624,2.1188000917434686,-0.008963280357420444,0.020755626261234283,0.0215176441975999,0.2906500995159149,1421.9646776493737,1422.0512920849183,9.989281362131043,0.4481277789402611,0.5867806633198143,False
238,1787908750.2177253,6410.09937973,23.800562381744385,24000,24000,4622,993,1.9502145026745752,0.12193270036693636,1.8235999822616578,2.1074000835418696,-0.008741629309952259,0.022691398859024048,0.021766468534788086,0.31382426619529724,1427.031244129464,1428.017116266206,9.959585016627237,-0.5014513353328311,-0.5348636232301942,False
239,1787908750.3173509,6410.19960467,23.900187969207764,24000,24000,4824,1016,1.9477598454773895,0.11837993471864663,1.8177499771118164,2.0920000076293945,-0.007530659902840853,0.02328466810286045,0.021476133663428383,0.3160971701145172,1433.3692145212312,1433.92811713523,9.960666642595724,-0.14104545458485518,0.12286640557567807,False
240,1787908750.4174361,6410.29945049,24.00027322769165,24000,24000,4579,1022,1.944510762822138,0.12569694651513083,1.8200000524520874,2.0880000591278076,-0.010200103744864464,0.019790619611740112,0.021923061324127042,0.29036766290664673,1439.3792511014794,1439.8695016614765,9.951835906943769,-0.13615378160648106,-0.04466989164984625,False
241,1787908750.5187137,6410.39929255,24.101550817489624,24000,24000,4544,937,1.9531632857745078,0.14492864430091548,1.8097999572753907,2.195000028610228,-0.015537469647824764,0.02208472415804863,0.022613705333844204,0.3497011363506317,1445.7394078504776,1445.8393538345922,9.96998493642627,0.14731783105116847,0.1698818586564812,False
242,1787908750.61862,6410.49992713,24.201457023620605,24000,24000,4543,910,1.9405802210608682,0.12216166971832568,1.812000036239624,2.1019999980926514,-0.019437069073319435,0.02205563150346279,0.021043357086856285,0.37240371108055115,1451.0447556765648,1451.8179007246388,9.978255346822108,-0.5417360563637885,-0.42702595460832526,False
243,1787908750.7173364,6410.59975707,24.30017352104187,24000,24000,4683,959,1.9528925965799406,0.13832206740938216,1.8200000524520874,2.208299946784973,-0.017762746661901474,0.02296413853764534,0.022543784412872817,0.3789524435997009,1458.085797312731,1457.8276927415698,9.972607398666971,0.5762867383389221,0.7586589680322504,False
244,1787908750.8177273,6410.69959583,24.400564432144165,24000,24000,4707,953,1.9369181552188468,0.12211609103836679,1.809000015258789,2.1244000434875487,-0.019621238112449646,0.015561017207801342,0.02202004994174106,0.32789644598960876,1464.640550394109,1463.7968478158828,9.985430563009155,1.1075556655628134,1.0858716769623697,False
245,1787908750.9182434,6410.79943053,24.50108051300049,24000,24000,4537,867,1.935223760214369,0.12288980553546387,1.8113000035285949,2.122299981117248,-0.015447596088051796,0.01693163998425007,0.02152124010840112,0.29614195227622986,1469.4135423465275,1469.7855905132515,9.98990699239531,-0.15044675818080577,-0.13638281719795486,False
246,1787908751.0173824,6410.89967115,24.60021948814392,24000,24000,4559,931,1.9388399563337628,0.13521204001459586,1.8029999732971191,2.159000039100647,-0.015112667344510555,0.013800548389554024,0.0225403090670508,0.2670513689517975,1475.1354724543608,1475.7923720564827,9.99124185110844,-0.37688427923649215,-0.4805769929978396,False
247,1787908751.117406,6410.99952227,24.70024299621582,24000,24000,4559,867,1.9383967739488015,0.12789947899544335,1.8132999777793883,2.119899988174438,-0.014154869131743908,0.01433629635721445,0.021981115184906298,0.2651755213737488,1480.5958531238543,1481.828520158116,10.002119045424626,-0.9179434741552086,-1.010614183788448,False
248,1787908751.21791,6411.09936421,24.80074715614319,24000,24000,4733,922,1.9436908915089424,0.1314970233825267,1.8250000476837158,2.153250038623809,-0.01799948140978813,0.019974036142230034,0.02152657998239413,0.35273298621177673,1487.4075626661745,1487.8286737222224,10.020164940373888,-0.13651304875838832,0.056893268358635396,False
249,1787908751.32041,6411.19960111,24.903247117996216,24000,24000,4415,846,1.9508475183595158,0.12388212321345557,1.8200000524520874,2.1567500233650208,-0.013629007153213024,0.02151084505021572,0.02177388389922811,0.33127379417419434,1493.6930941610651,1493.817964372131,10.022426237461751,-0.0010093725613842253,-0.02585915369468239,False
250,1787908751.4174533,6411.29945739,25.000290393829346,24000,24000,4589,869,1.9519850418949019,0.11886593172016408,1.8339999914169312,2.141599988937378,-0.01352836936712265,0.020002905279397964,0.021604609437595946,0.31864169239997864,1499.7145662728046,1499.8539497575448,10.011735336351439,0.19783768448110095,0.15871199224807242,False
251,1787908751.5171967,6411.39929281,25.1000337600708,24000,24000,4746,949,1.9564214958657205,0.1374090140215619,1.8250000476837158,2.1549999713897705,-0.013109080493450165,0.01841452531516552,0.0210881610552116,0.30326908826828003,1505.3783710035473,1505.872245941314,10.011735336351439,-0.1229888570753701,-0.1898219140969104,False
252,1787908751.6225033,6411.49994187,25.20534038543701,24000,24000,4719,1007,1.9472720940276433,0.11263815079577486,1.8220000267028809,2.127700042724609,-0.014156524091959,0.020402543246746063,0.021437300078766767,0.32707375288009644,1511.7943537744968,1511.8800220260418,9.999803670524427,-0.025434540017158724,0.05548835119338946,False
253,1787908751.7173645,6411.59978211,25.300201654434204,24000,24000,4786,1072,1.9538330230027883,0.11739929652482436,1.8259999752044678,2.1197000145912166,-0.014451324008405209,0.022252973169088364,0.021968424753931196,0.3515387177467346,1517.6034324576228,1517.8432215273604,10.015427614813806,0.09194013949331747,0.05024977474477055,False
254,1787908751.8174584,6411.69962107,25.40029549598694,24000,24000,4855,1123,1.9516108649602875,0.11536200825150865,1.8240000009536743,2.12090003490448,-0.013929925858974457,0.02307954430580139,0.020832009575539226,0.3528033494949341,1523.560783735281,1523.8884494267666,10.015427614813806,0.04363152322980568,-0.242665146580066,False
255,1787908751.92171,6411.79946237,25.504547119140625,24000,24000,4887,1215,1.9488502043264884,0.12359553974961118,1.812999963760376,2.1232999563217163,-0.014381170272827148,0.023990988731384277,0.021332994791026107,0.369232177734375,1529.75737033772,1529.9988295014966,10.03972597437629,-0.014909885583165305,-0.015145644838639782,False
256,1787908752.0175424,6411.89929165,25.600379467010498,24000,24000,5004,1153,1.9509462262895556,0.11764165731183851,1.8305999994277955,2.0935999870300286,-0.015312537550926208,0.02797093242406845,0.02061368424551908,0.4136999845504761,1535.6797533950482,1536.0359421442943,10.030419800315846,0.15750415053184952,0.16744771423282145,False
257,1787908752.1177917,6411.99993087,25.700628757476807,24000,24000,4810,1046,1.9427590821486813,0.11731850696664654,1.8172500133514404,2.0829999446868896,-0.018064383417367935,0.020862016826868057,0.022280926952878716,0.36066460609436035,1541.388980165196,1542.0566341833514,10.008101010991666,-0.14825595371689815,-0.020484318670469293,False
258,1787908752.2177262,6412.09978555,25.8005633354187,24000,24000,4882,984,1.9383993905976535,0.11889906198883636,1.8131499707698822,2.1382499575614924,-0.017541158944368362,0.013219665735960007,0.022582921045956352,0.2915523052215576,1548.374290554839,1547.9683247011062,9.997683324202567,0.8409504054357058,0.9527159863500856,False
259,1787908752.3173482,6412.19963889,25.900185346603394,24000,24000,4946,941,1.9380945814783337,0.1144549358304131,1.8209999799728394,2.1470000743865967,-0.016764219850301743,0.011531095951795578,0.022862380120923675,0.27322426438331604,1553.8088940059042,1553.9216548462423,9.995784469207416,0.298203923253368,0.4464655109081832,False
260,1787908752.417264,6412.29948321,26.00010108947754,24000,24000,5080,912,1.9393662274406667,0.12319964042049132,1.8209999799728394,2.1345999956130974,-0.015343716368079185,0.009515039622783661,0.021811651051216796,0.24636659026145935,1559.300134727079,1559.9234735094658,10.005475884228664,-0.2055292764650858,-0.40028258978941267,False
261,1787908752.5172422,6412.39930095,26.10007929801941,24000,24000,5136,993,1.9283615294299936,0.10169633448568824,1.8175999879837037,2.1104000091552733,-0.0186113640666008,0.008345688693225384,0.02249521237933816,0.26619771122932434,1565.313005252711,1565.919545932884,10.006909370414325,-0.1913806301377008,-0.29913796946175353,False
262,1787908752.617466,6412.49992427,26.200303077697754,24000,24000,4928,910,1.9385022008812034,0.1253540087889751,1.8179999589920044,2.122650063037872,-0.010656194761395454,0.004228545818477869,0.022184497198083353,0.1533973067998886,1571.7806745287392,1571.9554015343563,10.014228135085391,0.26283242626504943,0.4282003827825065,False
263,1787908752.7172894,6412.59976451,26.300126552581787,24000,24000,4930,854,1.9476557400522523,0.12743713668711956,1.8252999842166902,2.1873500108718873,-0.01261128205806017,0.0047785439528524876,0.0221666576884358,0.17548605799674988,1577.6609788269934,1577.977543153189,9.993334958157345,0.15369891013506276,0.300838027550526,False
264,1787908752.817588,6412.69958961,26.40042519569397,24000,24000,5048,916,1.9483810065875407,0.1309971376445216,1.8240000009536743,2.1740000247955322,-0.011376936919987202,0.0013964223908260465,0.02254532426433962,0.15160290896892548,1583.5418567786833,1583.9650347343545,9.984408900887269,0.01662881417951212,-0.14662477947422303,False
265,1787908752.917612,6412.79942079,26.500449180603027,24000,24000,5056,832,1.9506622578662176,0.13132877177500946,1.8250999867916107,2.1639000415802,-0.012687625363469124,0.00719585781916976,0.022431323202906167,0.18808798491954803,1589.5376451770105,1589.9050037190184,10.000755445812525,0.010948737724902458,0.17453491804076293,False
266,1787908753.0174568,6412.89966873,26.6002938747406,24000,24000,4906,854,1.9539566747756976,0.1328455089677844,1.8176499843597411,2.211100041866302,-0.009401063434779644,0.007254249881953001,0.022068772982868575,0.15210378170013428,1595.536330736428,1595.9251598212848,9.99774787837328,0.018923321312968255,-0.060067089091489834,False
267,1787908753.1190126,6412.99952153,26.701849699020386,24000,24000,4924,896,1.9568069192713924,0.13823232504807517,1.8229999542236328,2.196750044822693,-0.01025872677564621,0.008240140974521637,0.02241455100820647,0.16954004764556885,1601.288295467181,1601.8961198903608,9.999566410515232,-0.32249123490987586,-0.25902625430830994,False
268,1787908753.2217362,6413.09935467,26.80457329750061,24000,24000,4730,955,1.9513130920719726,0.1254644919528704,1.8270000219345093,2.134900069236755,-0.01276983879506588,0.012933598831295967,0.021822332256863922,0.23480409383773804,1607.942295927544,1607.8851947991081,10.017853437683986,0.1680631434383031,0.03373131449689026,False
269,1787908753.317775,6413.19961059,26.900612115859985,24000,24000,5110,1083,1.9488910438831712,0.1114246159058006,1.8281999588012696,2.089099931716918,-0.0033863650169223547,0.017777301371097565,0.021517480665049875,0.23392358422279358,1614.0740805146656,1613.9639774487298,10.026652679200966,0.5374904193297425,0.592308654656108,False
270,1787908753.418246,6413.29944885,27.00108313560486,24000,24000,4832,1016,1.953563976592905,0.11834740461870139,1.8307499885559082,2.1239999532699585,-0.004063186701387167,0.019220318645238876,0.021034151857571466,0.25367051362991333,1619.7744370745631,1619.9995693781884,10.01104861665271,0.20955628298793272,0.43094288600013897,False
271,1787908753.518112,6413.39929019,27.10094904899597,24000,24000,4829,1045,1.9492468910354177,0.10643254009272278,1.832200002670288,2.0838000774383545,-0.004674471449106932,0.020020389929413795,0.021541920825066074,0.26921072602272034,1626.0053699576301,1625.9968704195908,10.003401209730917,0.44850502878034604,0.5975200257785218,False
272,1787908753.6185725,6413.49992659,27.201409578323364,24000,24000,4836,1004,1.9392420333695126,0.08804219208328284,1.827150011062622,2.055999994277954,-0.004955630283802748,0.022901101037859917,0.020096330000414112,0.3077349066734314,1630.9825239004715,1631.9466613736672,10.020997105983406,-0.6020022964873988,-0.6636836862185191,False
273,1787908753.717531,6413.59977663,27.300368070602417,24000,24000,5063,1120,1.945259821840695,0.10684979795189739,1.8200000524520874,2.063999891281128,-0.012682522647082806,0.022616218775510788,0.021972145753719582,0.3380874991416931,1637.319374249242,1637.9895124598177,10.025248429614605,-0.20269055172934713,-0.16621824296657906,False
274,1787908753.8175073,6413.69962335,27.400344371795654,24000,24000,4880,1046,1.947290632054637,0.11214804604851465,1.8220000267028809,2.0810000896453857,-0.011434225365519524,0.021190263330936432,0.021430639492723395,0.31868696212768555,1643.5412253986729,1643.9933394471432,10.00689920296467,0.02055315987490758,-0.22750006459841643,False
275,1787908753.917588,6413.79945303,27.500425100326538,24000,24000,4785,1086,1.9418766102299068,0.11083125248996964,1.8182499706745148,2.0767499208450317,-0.013149377889931202,0.015932349488139153,0.02211191177632069,0.2741071581840515,1650.2552993350967,1650.00062466696,10.004781145069154,0.7297539875398797,0.9060772397783694,False
276,1787908754.0175672,6413.89930953,27.600404262542725,24000,24000,4623,957,1.9381974901898902,0.11135405559736235,1.8127999782562256,2.080399942398071,-0.013791735284030437,0.017494257539510727,0.022894684647542705,0.29554465413093567,1655.4425862871542,1656.007666574957,10.002171395890544,-0.08173816044632076,-0.0726704067810715,False
277,1787908754.1180918,6413.99994273,27.700928926467896,24000,24000,4805,1038,1.9351888226635883,0.12387349275361119,1.805999994277954,2.123199999332428,-0.012508438900113106,0.005247425753623247,0.022889316083920426,0.18240003287792206,1662.14190507286,1662.0468516077522,10.001435980356463,0.5860712624453299,0.6198114271976465,False
278,1787908754.2175803,6414.09978643,27.80041742324829,24000,24000,4547,898,1.940287303685611,0.14304879882968366,1.8020000457763672,2.2137500405311585,-0.01372288353741169,0.013364892452955246,0.023129178008293488,0.2512175440788269,1667.6477857380603,1667.9826332515047,9.973742800732012,0.12261289787329588,0.23090159038133606,False
279,1787908754.317873,6414.19961723,27.900710105895996,24000,24000,4488,884,1.9295497745680055,0.12709266378851827,1.8041500091552733,2.1099500656127925,-0.014576551504433155,0.012860746122896671,0.023828415945690306,0.25604474544525146,1673.43550628153,1674.0145152223113,9.983886813514717,-0.10725697668294742,-0.023025741256333276,False
280,1787908754.41774,6414.29945793,28.000577211380005,24000,24000,4532,933,1.9318853170797627,0.12378805772533301,1.812000036239624,2.0971999645233153,-0.012977011501789093,0.00813446007668972,0.02342088924758747,0.20588074624538422,1679.6273050003074,1680.0283280538526,9.986921507045663,0.09248607889594496,0.10496607477898579,False
281,1787908754.5174372,6414.39930323,28.100274324417114,24000,24000,4489,916,1.9239421398358574,0.12868631800942437,1.7979999780654907,2.1280000805854797,-0.01876290701329708,0.008138099685311317,0.023528502259195033,0.2705231010913849,1685.6040827718457,1686.0045003702905,9.988519095027558,0.08740778398191651,0.18539643638723646,False
282,1787908754.618311,6414.49993335,28.20114803314209,24000,24000,4640,928,1.9253890102022682,0.12550093122516537,1.809999942779541,2.1259500861167906,-0.012179124169051647,0.007275633048266172,0.02375057029069274,0.18761852383613586,1692.2432805310164,1692.033276151712,10.010204433703864,0.6741533898243688,0.8078057885156795,False
283,1787908754.72442,6414.59977659,28.307257175445557,24000,24000,4562,898,1.9251057911821887,0.11716217616674483,1.805849987268448,2.0731499433517455,-0.010691812261939049,0.008082891814410686,0.023250001431572215,0.17974849045276642,1697.4478851386339,1697.982416954906,9.993905367690429,-0.4878217084096832,-0.48794042608710697,False
284,1787908754.822003,6414.700400032,28.404839992523193,24000,24000,4282,817,1.9311334134023659,0.11400622740881095,1.8109999895095825,2.1093999862670896,-0.00024155245046131313,0.008106299676001072,0.02282173970145486,0.10909310728311539,1703.8855282266097,1703.9607816616167,9.990081153600519,0.09482369171860228,0.24546059943827458,False
285,1787908754.9184396,6414.80025431,28.50127673149109,24000,24000,4776,835,1.943075448595835,0.13584199738210917,1.809000015258789,2.220399975776672,-0.006789814680814743,0.01115832943469286,0.023793117249226732,0.17365339398384094,1709.746234814042,1709.9471236076201,10.003096142077384,0.16929761452729508,0.18841645104680538,False
286,1787908755.018719,6414.90008497,28.601556062698364,24000,24000,4862,917,1.9365147243019278,0.1204170496004455,1.8107999801635741,2.131800031661987,-0.010637533850967884,0.013084840029478073,0.023487133710090518,0.2166074812412262,1715.6879993171071,1715.9980193711558,9.990912680989334,0.09427278991392996,0.1074145014390524,False
287,1787908755.118514,6414.99993205,28.701351165771484,24000,24000,4753,856,1.9424158880643756,0.13358915836557467,1.809999942779541,2.171750009059906,-0.006843507289886475,0.01166666578501463,0.023163094373831575,0.17356941103935242,1721.0079452242364,1721.9676208920464,10.00443523710451,-0.5735168003525359,-0.4434594157692118,False
288,1787908755.2180681,6415.09977871,28.800905227661133,24000,24000,4677,835,1.9332491018101128,0.11338625908619444,1.7970000505447388,2.1276000499725343,-0.00941347237676382,0.01066539529711008,0.024034216260966055,0.18440145254135132,1727.96696713274,1728.00176822204,10.00313636342905,0.4122321525649113,0.582031326951892,False
289,1787908755.3177114,6415.19962849,28.900548458099365,24000,24000,4754,900,1.9414644434716966,0.12182516058981084,1.811950033903122,2.147050070762634,-0.007483567576855421,0.009681439027190208,0.022915673982175887,0.15695759654045105,1733.2098888909427,1734.0421470155736,9.986071507964905,-0.323469183924999,-0.32596559183912177,False
290,1787908755.4175704,6415.29946729,29.000407457351685,24000,24000,4880,986,1.942291074906595,0.11038439124501427,1.809999942779541,2.1229999661445618,-0.01042222324758768,0.012450013309717178,0.0240721952019772,0.21120187640190125,1739.6318382501543,1739.9760141016097,9.980118590734106,0.1069108883705212,0.037279324385963264,False
291,1787908755.5175614,6415.39929531,29.100398540496826,24000,24000,4713,994,1.9401700211242892,0.1038849313935713,1.809999942779541,2.0889999866485596,-0.007886083796620369,0.013272624462842941,0.022972294810910947,0.19861574470996857,1746.0734319964113,1745.9402516522991,9.988726305976597,0.549010275344699,0.45342750549730226,False
292,1787908755.618881,6415.49993999,29.20171809196472,24000,24000,4586,893,1.949807391722018,0.11123448715286581,1.8196000337600708,2.0877999305725097,-0.006967883091419935,0.020473897457122803,0.02235221004185699,0.2691434621810913,1751.826707397856,1751.9160027929029,10.007164283874744,0.22308282792801037,0.3574316238771189,False
293,1787908755.7182841,6415.59976561,29.3011212348938,24000,24000,4612,917,1.9505594343499504,0.10822725089954685,1.8200000524520874,2.0882000446319577,-0.007869127206504345,0.021657176315784454,0.02393543433909079,0.29463431239128113,1757.922689850471,1757.908673013061,10.007164283874744,0.3548475069210326,0.3098802066774624,False
294,1787908755.8177547,6415.69960583,29.40059185028076,24000,24000,4739,912,1.9519144737145357,0.11129664374263601,1.821550005674362,2.0884500265121457,-0.00809803418815136,0.023824401199817657,0.022390224745470397,0.31685107946395874,1763.6417983311849,1763.88064355613,9.994784608920027,0.10568984672090664,0.12015300872099033,False
295,1787908755.917714,6415.79944445,29.500551223754883,24000,24000,4811,983,1.9482146496690302,0.11682766382581218,1.8180999636650086,2.0829999446868896,-0.003014995716512203,0.02071901224553585,0.023015421622051783,0.27226778864860535,1769.5708787599751,1769.9298926637666,9.99767045575772,0.037178505803922235,0.3141992973392007,False
296,1787908756.0183072,6415.89967867,29.601144313812256,24000,24000,4637,918,1.95134313654536,0.12364205498326938,1.8248500406742096,2.0940001010894775,-0.008555692620575428,0.0202923770993948,0.021627048329340492,0.28234195709228516,1775.3732750862762,1775.9819513395764,9.987489466955912,-0.19604011874025673,-0.5013877229953323,False
297,1787908756.1180985,6415.99953237,29.70093560218811,24000,24000,4597,975,1.9483743578348405,0.12054644580897686,1.8226999759674072,2.0889999866485596,-0.0090951481834054,0.02146359346807003,0.0219692388054545,0.3010473847389221,1781.689154620003,1781.9947629855092,9.98743158774377,0.13233280054691932,-0.1814546649247859,False
298,1787908756.2178547,6416.09938907,29.800691843032837,24000,24000,4673,1042,1.9436842604699383,0.11233816197240856,1.816049987077713,2.0868999004364013,-0.009286734275519848,0.020574718713760376,0.022137655570470146,0.29229429364204407,1787.5170976945024,1787.9588649866214,9.966077302135318,-0.025127877230715967,0.14657829077827955,False
299,1787908756.3174798,6416.19963203,29.900316953659058,24000,24000,4818,1018,1.9608074654998855,0.13528980738599344,1.8237000048160552,2.2114499688148497,-0.01209850050508976,0.02781769074499607,0.02141190571162638,0.38465094566345215,1792.822264341634,1793.9342719156625,9.963650418784164,-0.6974971307486157,-1.0283127952195628,False
300,1787908756.4177504,6416.29947999,30.000587463378906,24000,24000,4571,962,1.940644490000116,0.12122002846690294,1.812000036239624,2.080950081348419,-0.011446873657405376,0.02092750370502472,0.022090833194787003,0.30746781826019287,1799.9173979382763,1799.8940422805179,9.952553962780344,0.3813764300521143,0.5854790847263303,False
301,1787908756.5177224,6416.39930875,30.10055947303772,24000,24000,4602,921,1.9447502733959567,0.12661371770585,1.812999963760376,2.115999937057495,-0.015215880237519741,0.024841705337166786,0.021944597391414047,0.37379756569862366,1805.7299805402984,1805.8473619535714,9.960981324847246,0.1956090875735299,0.04195076677547149,False
302,1787908756.6185267,6416.49993341,30.201363801956177,24000,24000,4664,961,1.9432216418769432,0.1282935473828464,1.812999963760376,2.11899995803833,-0.019939735531806946,0.017897294834256172,0.022259879984776753,0.3456757366657257,1811.5295261930355,1811.8369594364826,9.96438219234866,-0.05313460424713412,-0.17614987815181848,False
303,1787908756.7271395,6416.59976401,30.30997657775879,24000,24000,4690,939,1.9401043666183504,0.13087285922822417,1.8126999616622925,2.1347000598907466,-0.020056981593370438,0.01796039752662182,0.022154339372273384,0.3513198494911194,1818.1685575131055,1817.7760610086652,9.995749098742314,0.06909826462538149,0.3400918867425844,False
304,1787908756.8182976,6416.69960887,30.401134729385376,24000,24000,4562,931,1.9301009674973697,0.1087539530829663,1.809000015258789,2.061500072479248,-0.01817210204899311,0.01618415303528309,0.022078883770058923,0.31545573472976685,1823.9543101796455,1823.7591023417765,9.999590568850726,0.3853350575100194,0.32355048598446956,False
305,1787908756.917486,6416.79944635,30.500323057174683,24000,24000,4501,896,1.9342299087771349,0.117329667777937,1.815750002861023,2.0999999046325684,-0.015003254637122154,0.01749558374285698,0.022444136928510987,0.29922249913215637,1829.3279367802315,1829.8006795007855,10.015358674843176,-0.19236714404155464,0.06400436946910304,False
306,1787908757.0181663,6416.89929381,30.601003408432007,24000,24000,4518,900,1.9414399994744196,0.12386152513544295,1.814950054883957,2.153400111198425,-0.011926215142011642,0.015049510635435581,0.02142948648581308,0.24985788762569427,1835.0192558813346,1835.8497813849626,10.01143737820059,-0.5418986914121433,-0.27245282282092376,False
307,1787908757.11863,6416.99993399,30.701467037200928,24000,24000,4731,898,1.940210467855755,0.1338929231164539,1.805999994277954,2.136749935150146,-0.011606676504015923,0.014744327403604984,0.02187739045744581,0.2499382644891739,1841.3611925541964,1841.8512735472202,9.989216992857388,-0.22780925406163988,-0.2026586494798721,False
308,1787908757.2179234,6417.09977651,30.800760507583618,24000,24000,4581,838,1.9448102608785425,0.12571502360557857,1.8220000267028809,2.1473499178886413,-0.014290646649897099,0.01914960704743862,0.02115952757243879,0.31491026282310486,1847.0620818453922,1847.8184883058036,10.003955732611649,-0.4845573514903663,-0.664365294883055,False
309,1787908757.3180285,6417.19961589,30.90086555480957,24000,24000,4593,876,1.9440856170436562,0.12090927006760299,1.819750040769577,2.1440000534057617,-0.015703586861491203,0.02256110869348049,0.021156442195811802,0.3580893576145172,1853.7304958614625,1853.8415016744102,9.979101674833,0.1775244269738323,0.12199734813566465,False
310,1787908757.41743,6417.29946053,31.000267028808594,24000,24000,4664,927,1.9469277278762291,0.12076174956586802,1.8182999730110168,2.122299981117248,-0.014467132277786732,0.017394093796610832,0.021874609574675043,0.30009692907333374,1859.1241488698613,1859.7611046002478,9.979101674833,-0.39294020195598023,-0.4951825535358694,False
311,1787908757.518063,6417.39930307,31.100900173187256,24000,24000,4794,950,1.953129472481577,0.1279104266259713,1.8259999752044678,2.1496500134468075,-0.016805443912744522,0.020947454497218132,0.022167727134693612,0.352932870388031,1865.4242918487782,1865.771631582295,9.998533259351133,-0.1308154449268386,-0.42742053047436457,False
312,1787908757.6185865,6417.49993621,31.20142364501953,24000,24000,4786,1040,1.9509153861265915,0.12409108514016574,1.8139500081539155,2.1261499285697933,-0.012374796904623508,0.016926536336541176,0.021361491181455826,0.2776339054107666,1871.4473033877264,1871.7777154466808,9.996236648967084,-0.1392417428689896,-0.30055856139892967,False
313,1787908757.719469,6417.59976707,31.302306175231934,24000,24000,4787,1052,1.952515209355735,0.11332946359937826,1.81910001039505,2.138900053501129,-0.01330290175974369,0.023419933393597603,0.02129529538306089,0.3521130084991455,1878.2335300678435,1877.7550166433655,9.998460607122041,0.5940034920831749,0.5846170970216917,False
314,1787908757.818638,6417.69959991,31.401475191116333,24000,24000,4850,1136,1.9541029924867859,0.12213698192370442,1.8279999494552612,2.166749894618988,-0.013723993673920631,0.02338603138923645,0.021530446368300905,0.3566265404224396,1884.1910311244947,1883.7581255817702,10.03205411371925,0.601334466563685,0.852336119409074,False
315,1787908757.918075,6417.79945123,31.500912189483643,24000,24000,5018,1196,1.9536413038056033,0.12507714530647318,1.8209999799728394,2.1195001006126404,-0.015063870698213577,0.024240368977189064,0.020487947399051857,0.3717055916786194,1889.296285261543,1889.7803795597597,10.048341255744825,-0.2596605062483377,-0.39601457693743214,False
316,1787908758.0196195,6417.89929335,31.60245656967163,24000,24000,5034,1186,1.9538920736835537,0.1193200182128572,1.819000005722046,2.1542499661445618,-0.015325877815485,0.02675255760550499,0.021290724014325982,0.4050959050655365,1894.9512962428066,1895.8511638224106,10.025259372193238,-0.6973421630912071,-0.8348451086451405,False
317,1787908758.1180766,6417.99994213,31.700913667678833,24000,24000,4824,1020,1.943796078013439,0.10899686577399911,1.8229499578475952,2.115350008010864,-0.018355052918195724,0.021135643124580383,0.021994621264243796,0.36555173993110657,1901.1689790637338,1901.886801220413,10.025259372193238,-0.38711414259000776,-0.30293960238554973,False
318,1787908758.2179139,6418.09978859,31.800750970840454,24000,24000,4895,983,1.9431129197987025,0.13183115143173832,1.8121000289916993,2.1585999250411985,-0.017157476395368576,0.014055801555514336,0.02270063208977066,0.2982810139656067,1908.0012178754253,1907.8398519551247,10.020530345718592,0.4548571540001376,0.38638876193954275,False
319,1787908758.3177104,6418.19962601,31.90054750442505,24000,24000,4961,974,1.9303367558935585,0.10808316585506986,1.8166500151157379,2.0706999659538265,-0.014092603698372841,0.011898375116288662,0.021696475750916034,0.24935364723205566,1913.1212859565342,1913.7947112089169,10.011646639345361,-0.4128960933953749,-0.5230472522921445,False
320,1787908758.4178572,6418.29947287,32.000694274902344,24000,24000,5132,942,1.931451168915775,0.11726342307684595,1.8110999882221221,2.1269500851631165,-0.012767164036631584,0.009657268412411213,0.02186885783062517,0.2170991152524948,1919.6228364192375,1919.8462139313665,10.015318845035713,0.07981872436562298,0.133500874469064,False
321,1787908758.5176332,6418.39932033,32.100470304489136,24000,24000,5042,955,1.9337486938656312,0.11017265875886469,1.823699986934662,2.1237999916076657,-0.013287702575325966,0.00459709158167243,0.022191488988291437,0.18799704313278198,1925.3715285278402,1925.8714869114706,9.99924764236995,-0.15808024964530887,-0.1822966074157648,False
322,1787908758.6175463,6418.49995259,32.20038342475891,24000,24000,4925,863,1.943775202418534,0.12922367743410754,1.8259999752044678,2.2060000896453857,-0.014586572535336018,0.007103575859218836,0.022221607827371863,0.21316446363925934,1931.3062118850403,1931.8863073593398,9.99567753819568,-0.21821345630564792,-0.37464249519939585,False
323,1787908758.717811,6418.59979031,32.30064821243286,24000,24000,4927,905,1.9466718246923627,0.13215013571212494,1.8174000263214112,2.2048000812530515,-0.012572063133120537,0.003944254945963621,0.02203844187955755,0.17157740890979767,1937.5248548787265,1937.8344061397497,9.976949085153533,-0.015487174026475259,-0.06838551130908854,False
324,1787908758.8174644,6418.69963779,32.400301456451416,24000,24000,5153,898,1.9410300682276023,0.11767702302912103,1.8226999580860137,2.117150092124939,-0.0097172437235713,0.008792346343398094,0.021814770942757394,0.16927284002304077,1944.133337069975,1943.8694796067791,9.99694590630858,0.6137711047686025,0.6919428670562411,False
325,1787908758.9177806,6418.79948441,32.50061774253845,24000,24000,5032,856,1.942668224188769,0.12250131649374461,1.8187499940395355,2.1337499618530273,-0.010780989192426205,0.0060606058686971664,0.022037919786975002,0.15871687233448029,1950.2518626564101,1949.917879354639,10.0128192927512,0.7132900598849119,0.924867431569055,False
326,1787908759.0181482,6418.89931989,32.600985288619995,24000,24000,4918,856,1.9497558402123851,0.1298605335564601,1.8247500360012054,2.166249930858612,-0.012217550538480282,0.004536922555416822,0.022604412757959772,0.167846217751503,1955.1033556867158,1955.9121007838403,10.010510766782813,-0.4572991558554804,-0.5972272384710777,False
327,1787908759.1188211,6418.99998017,32.70165824890137,24000,24000,4866,842,1.954694773833712,0.13489284333223728,1.8240000009536743,2.2037499904632565,-0.009408188983798027,0.006943055894225836,0.022244905427560673,0.15214219689369202,1960.8878013606472,1961.8820230319543,9.983429763775314,-0.7132606696695802,-0.9222538603119119,False
328,1787908759.2177188,6419.09983213,32.80055594444275,24000,24000,5159,1073,1.9569701798475467,0.12826506358845666,1.8300000429153442,2.198000049591064,-0.010315523482859135,0.01415566261857748,0.021722892664181696,0.22686123847961426,1968.2568004874386,1967.8290382524806,9.983429763775314,0.7218476752275365,0.749483201859448,False
329,1787908759.3180525,6419.19967697,32.90088963508606,24000,24000,4908,1002,1.9522844312671654,0.10755599410181041,1.8360999703407288,2.1339000582695005,-0.005813769064843655,0.016574518755078316,0.021792337683801753,0.22540387511253357,1974.079590488013,1973.8610021273607,9.99127874851205,0.5245867659943997,0.5103323251439633,False
330,1787908759.4174163,6419.29951225,33.000253438949585,24000,24000,4818,1015,1.9519950771566683,0.10733170758805347,1.8347000241279603,2.096299934387207,-0.0016721283318474889,0.019249051809310913,0.020597840809401937,0.25120723247528076,1979.4155264097442,1979.821422522478,9.99127874851205,-0.10133473040809804,-0.12592839006151735,False
331,1787908759.5176086,6419.39936445,33.10044574737549,24000,24000,4835,1013,1.9498835145426878,0.10277762096490133,1.8426000356674195,2.0929999351501465,-0.005063225980848074,0.02346106618642807,0.020543831721083476,0.3145582675933838,1984.913108836328,1985.8439986852622,9.995713796294842,-0.615320239058974,-0.7702774021486221,False
332,1787908759.6178288,6419.49963127,33.20066595077515,24000,24000,4920,1027,1.9475209361274146,0.10768489510249372,1.8232999682426452,2.072999954223633,-0.007174476981163025,0.023595642298460007,0.020636185849655726,0.3212641179561615,1990.923082298822,1991.7954720750731,9.984334620773337,-0.6185884184187671,-0.7896397383694875,False
333,1787908759.71823,6419.59947465,33.30106711387634,24000,24000,5018,1124,1.9500987561572065,0.11559934124816891,1.8251500368118285,2.071000099182129,-0.00809006579220295,0.021923324093222618,0.021355912748054044,0.30859023332595825,1997.7120810775104,1997.7239835989094,9.999015394014936,0.1463110831703034,0.06929251224187283,False
334,1787908759.8179412,6419.69932101,33.40077829360962,24000,24000,4833,1074,1.9485130366666357,0.11310432052535409,1.8256500005722045,2.0767000079154965,-0.012200694531202316,0.021345308050513268,0.021763181519904657,0.3233241140842438,2003.4665976239694,2003.7243809608733,10.015447794678908,-0.08187244272517091,-0.12374386454075648,False
335,1787908759.9178634,6419.79997595,33.5007004737854,24000,24000,4767,1045,1.947025840590445,0.11750489104139483,1.8179999589920044,2.0936000823974608,-0.014381326735019684,0.01563071645796299,0.022496651492482114,0.28070130944252014,2009.5778952491535,2009.7797885236253,10.033284597982945,0.034065021576907384,-0.0709410906206358,False
336,1787908760.018398,6419.89981397,33.601235151290894,24000,24000,4774,1015,1.9422581293312786,0.12117078034972299,1.8157000064849853,2.1389999389648438,-0.012772796675562859,0.013649052940309048,0.02277994677802811,0.2462555170059204,2015.5993194262212,2015.8519277627056,10.016830633277321,0.023379018069817903,-0.1110006587045973,False
337,1787908760.1180885,6419.99965103,33.70092558860779,24000,24000,4783,981,1.934440367326338,0.12246710707322889,1.8140000104904175,2.0829999446868896,-0.011706291697919369,0.014422347769141197,0.022975321772860588,0.24848659336566925,2021.4195944132878,2021.8791861524153,10.013931134103307,-0.13780151614218994,-0.20739782179657595,False
338,1787908760.2178342,6420.09949907,33.800671339035034,24000,24000,4475,928,1.9398653019091179,0.13783471209843595,1.805999994277954,2.1760499358177183,-0.014429617673158646,0.010768411681056023,0.023266503901838088,0.23852255940437317,2027.7735587287666,2027.8024359321905,9.999720322289521,0.23138847518976036,0.28642592206711015,False
339,1787908760.3175137,6420.19935383,33.90035080909729,24000,24000,4486,899,1.9266807568882145,0.11239661629631191,1.8009999990463257,2.091100072860718,-0.012616434134542942,0.009855435229837894,0.02356766103411486,0.21549373865127563,2033.5056755300182,2033.895765157124,10.00334955872151,-0.01729220633751538,0.03354297988471444,False
340,1787908760.4180648,6420.29960053,34.00090193748474,24000,24000,4458,870,1.9243574685063856,0.12278857660355404,1.8070000410079956,2.082100009918213,-0.017650814726948738,0.008777773007750511,0.02322168622399367,0.2649250328540802,2039.6492723279594,2039.9077087282533,10.000211613398356,0.09320735327924012,-0.06528757692922227,False
341,1787908760.5179915,6420.39942925,34.100828647613525,24000,24000,4695,1006,1.9286998003187994,0.1271186285063739,1.808249980211258,2.128249943256378,-0.018208444118499756,0.007155389524996281,0.02438340117033736,0.26241227984428406,2045.1478871844884,2045.9034880840618,9.995654629347404,-0.403809749584525,-0.48999656845012396,False
342,1787908760.6176925,6420.49966973,34.2005295753479,24000,24000,4553,889,1.919103487672366,0.11268181969038331,1.8040000200271606,2.044799995422363,-0.015334121882915497,0.009717762470245361,0.02380251400544954,0.24115817248821259,2051.8430857892895,2051.895771124106,10.008813239583187,0.30930390580761014,0.5245825207416601,False
343,1787908760.7181706,6420.59950127,34.30100774765015,24000,24000,4593,908,1.9296277552711807,0.12061554142333598,1.8077000319957732,2.086950051784515,-0.007373814471065998,0.009164229035377502,0.022735998631771483,0.15900039672851562,2058.2222814841143,2057.8683862332937,9.995046051686549,0.6597797488498145,0.7962843677310047,False
344,1787908760.8185036,6420.69934581,34.40134072303772,24000,24000,4628,879,1.9374948830870367,0.1293617767810105,1.8070000410079956,2.1659998893737793,-0.0065932259894907475,0.011673178523778915,0.02313371101350393,0.17927825450897217,2063.5022393853546,2063.871132510412,9.995932771934944,-0.08027034416318202,-0.09287665115607524,False
345,1787908760.9184186,6420.79998845,34.50125575065613,24000,24000,4715,844,1.9384099538857338,0.13220563815679448,1.8101499497890472,2.1728500723838806,-0.006354570388793945,0.011377273127436638,0.023723432264582334,0.1725967526435852,2069.4067437313147,2069.891818061271,10.006580679857027,-0.17069700354204542,-0.14421073380890448,False
346,1787908761.0186942,6420.89982681,34.60153126716614,24000,24000,4845,868,1.9459539160201078,0.13139919295483973,1.8033499896526337,2.204900002479553,-0.004978014621883631,0.008552351966500282,0.022661892463513512,0.12788894772529602,2075.5626837684385,2075.9381187876593,10.001462826854395,-0.031317411140207696,-0.07386041320387449,False
347,1787908761.118487,6420.99965607,34.70132398605347,24000,24000,4713,893,1.929320268908647,0.11743919462883465,1.7979999780654907,2.1010000705718994,-0.010958242230117321,0.008798434399068356,0.023674615078720842,0.18175563216209412,2080.9846028112593,2081.94714440272,9.982728092612934,-0.5969908138672508,-0.77443799069124,False
348,1787908761.2223032,6421.09949355,34.805140256881714,24000,24000,4735,868,1.9448444715567998,0.13331924376951743,1.809000015258789,2.1809499144554136,-0.01112926285713911,0.010849999263882637,0.024023290549627888,0.20087787508964539,2087.9168291385095,2087.9514012568434,9.979238593948846,0.10622876953402738,0.07995570719322131,False
349,1787908761.3199975,6421.19933951,34.90283465385437,24000,24000,4793,914,1.9351236324602457,0.12090876660111255,1.7990000247955322,2.1020500779151914,-0.009708814322948456,0.007440970744937658,0.023405743596113037,0.15647512674331665,2092.8833342658004,2093.937002674491,9.984563277817047,-0.7889586174983378,-0.9690843324378875,False
350,1787908761.422888,6421.29997133,35.005725145339966,24000,24000,4752,908,1.9470969169412942,0.1309021698180503,1.8036999642848968,2.104949939250946,-0.008525717072188854,0.012942414730787277,0.023466200596582804,0.1981390416622162,2100.1389658713724,2099.929925414044,9.983477095326464,0.29321327671459585,0.5933873394760667,False
351,1787908761.5192468,6421.39982189,35.102083921432495,24000,24000,4642,932,1.9517821897252947,0.11794493128413501,1.8125499963760376,2.1333499789237975,-0.00445866584777832,0.01720983162522316,0.02293402283629309,0.226572185754776,2106.100775305768,2105.9128237551786,9.976165237989509,0.47346784190904145,0.3804188707263165,False
352,1787908761.6184568,6421.49966269,35.2012939453125,24000,24000,4651,928,1.9515334032475948,0.1146062082537394,1.819000005722046,2.1136500239372253,-0.0030227219685912132,0.018719680607318878,0.02310256425455214,0.24331723153591156,2111.6255911964795,2111.8161577734263,10.004058680380895,0.04565315866784658,-0.1023815122744054,False
353,1787908761.7192783,6421.59948741,35.30211544036865,24000,24000,4649,920,1.9500326084054034,0.11453634233713235,1.8199500501155854,2.0950000286102295,-0.006532859057188034,0.020996330305933952,0.02236910571269847,0.27935492992401123,2117.6247690532286,2117.815283687132,10.028956383907449,-0.004488302444769943,0.04659205469351946,False
354,1787908761.8185043,6421.69934503,35.40134143829346,24000,24000,4874,994,1.9549507043011471,0.11403342206861845,1.8300000429153442,2.103750038146972,-0.013522925786674023,0.02314356341958046,0.023532918109009086,0.3414615988731384,2123.9550554775633,2123.853047967389,10.032500198855347,0.3722091005574839,0.48746503900383686,False
355,1787908761.9202178,6421.79998321,35.50305485725403,24000,24000,4649,879,1.9511934010242034,0.12111250388484257,1.8219000220298767,2.1075001001358027,-0.007799450773745775,0.0230198223143816,0.021321891231005283,0.30900585651397705,2129.506822080533,2129.93889052126,10.013278348383801,-0.17885931058663118,-0.16901080962543347,False
356,1787908762.0189552,6421.89981623,35.601792335510254,24000,24000,4603,990,1.9430626259909736,0.11444085537955792,1.815000057220459,2.0936500191688534,-0.007578876335173845,0.01734277978539467,0.021458643049028867,0.24376951158046722,2135.068813714396,2135.9520379560713,10.015962216736503,-0.5411453744472965,-0.6850411938739853,False
357,1787908762.1187506,6421.99965309,35.70158767700195,24000,24000,4587,1014,1.9443954626719158,0.11500432485958166,1.820650005340576,2.0876999258995053,-0.006732600275427103,0.020156608894467354,0.022184622841284227,0.27553194761276245,2141.4399427948283,2141.941187472913,9.996064699986226,-0.15776609659542373,-0.31729213897369846,False
358,1787908762.2180712,6422.09950883,35.80090832710266,24000,24000,4778,1041,1.949911621874279,0.11366676751224442,1.8300000429153442,2.1070001125335693,-0.008977961726486683,0.024493083357810974,0.022337134883535205,0.33612751960754395,2147.1552692791433,2147.9046724477626,9.991819655617252,-0.401707791969784,-0.7535601124591267,False
359,1787908762.3183632,6422.19933525,35.90120029449463,24000,24000,4785,995,1.9445819084368758,0.11294776280139542,1.8096999645233154,2.097599911689758,-0.010843965224921703,0.022886041551828384,0.02216990068802693,0.3250885307788849,2153.7107068801606,2153.905129897459,9.996258723237695,0.13618230657584718,0.02547902068545227,False
360,1787908762.4187822,6422.29997241,36.00161933898926,24000,24000,4600,946,1.9440961928750697,0.11924134244111759,1.8079999685287476,2.1170000433921814,-0.01224761176854372,0.024987587705254555,0.02243060501179679,0.35936668515205383,2159.359845661856,2159.8130928223163,9.983717252152644,-0.23985107768658054,-0.15463314657836236,False
361,1787908762.518759,6422.39981455,36.10159611701965,24000,24000,4577,921,1.941573291078582,0.1235075542795005,1.812999963760376,2.068000078201294,-0.017748627811670303,0.0222396869212389,0.02156906508259386,0.3606523871421814,2165.6120205397865,2165.8113150098884,9.99684369010678,0.013687752048099355,0.11060694641537339,False
362,1787908762.618203,6422.49965687,36.20104002952576,24000,24000,4703,959,1.9448404606738603,0.13155204058509354,1.819000005722046,2.1141000747680665,-0.014859865419566631,0.022054333239793777,0.022645876627835026,0.34496551752090454,2172.312360078302,2171.840433088415,10.008739646025969,0.7473633303443421,0.6890638247805327,False
363,1787908762.7185001,6422.59949491,36.301337242126465,24000,24000,4686,945,1.942253967063137,0.1366843485996724,1.8079999685287476,2.1911999702453597,-0.01865847222507,0.01656739041209221,0.02151147893698505,0.3256683647632599,2177.861167015378,2177.8375751739873,10.007831897891899,0.27830805088387933,0.10337921322116017,False
364,1787908762.8186371,6422.69933577,36.40147423744202,24000,24000,4510,904,1.9375818603861648,0.1242308825299016,1.812000036239624,2.1029999256134033,-0.015853585675358772,0.015171509236097336,0.021397791928980166,0.28379932045936584,2184.071117878789,2183.844510669484,10.029586397804586,0.4800097819288567,0.29143345656075326,False
365,1787908762.9198158,6422.79998569,36.50265288352966,24000,24000,4550,917,1.944153761135713,0.14149655376257833,1.8070000410079956,2.1905999660491924,-0.015343410894274712,0.013751355931162834,0.021983678441313773,0.27089688181877136,2188.708587560543,2189.904320071565,10.032691347280862,-0.9532690209757675,-1.5270613748812139,False
366,1787908763.019697,6422.89981567,36.60253405570984,24000,24000,4624,966,1.938472048096035,0.12780246630309203,1.8162499964237213,2.1202500462532043,-0.017691535875201225,0.015643397346138954,0.021920914273521067,0.30774080753326416,2195.2822387709134,2195.9902363802616,10.001542449299453,-0.3725174797054933,-0.4800677181606261,False
367,1787908763.118466,6422.99966721,36.701303005218506,24000,24000,4635,833,1.9473469378996868,0.1330698762138555,1.8179999589920044,2.205199956893921,-0.012153059244155884,0.019910022616386414,0.021455987172061975,0.31085124611854553,2201.6914624704414,2201.9924028988435,10.001542449299453,0.1105402377079372,0.33093856292680357,False
368,1787908763.2177062,6423.09950985,36.80054330825806,24000,24000,4558,828,1.947429950254551,0.12481158983330734,1.8073500156402589,2.176300013065338,-0.01706616021692753,0.021096307784318924,0.02095440220879043,0.35497647523880005,2207.28526402835,2207.95076598206,9.988910490030596,-0.25010553680294834,-0.3983867408151127,False
369,1787908763.3182714,6423.19934703,36.901108503341675,24000,24000,4608,870,1.9499540219361755,0.12438990155851101,1.831449991464615,2.1281000137329102,-0.01494854036718607,0.022102180868387222,0.021252537246390625,0.34551772475242615,2213.5742832874334,2213.9242179980783,9.990490713279916,0.004972478054241947,0.00954803882905253,False
370,1787908763.418468,6423.29998715,37.001305103302,24000,24000,4767,1003,1.9447826536916426,0.11682572776076083,1.819000005722046,2.100800061225891,-0.012440092861652374,0.01586633175611496,0.021768482357174063,0.2711021304130554,2219.776499891111,2219.9529095854646,9.992165744998287,0.19536365317162563,0.1298655642740414,False
371,1787908763.5179844,6423.39982827,37.10082149505615,24000,24000,4843,1011,1.9544174113448132,0.12892205985188848,1.82150000333786,2.1644999980926514,-0.013093484565615654,0.020353039726614952,0.02206630239249876,0.3185094892978668,2225.841518818633,2225.875922065701,9.969087699967664,0.28936984430220036,0.4628416170994569,False
372,1787908763.6228006,6423.49967389,37.20563769340515,24000,24000,4765,1062,1.947294725312127,0.11137641664419952,1.8279999494552612,2.090900075435638,-0.014945617876946926,0.0188524778932333,0.021725619804625725,0.31797540187835693,2231.7085284565014,2231.8453894253907,10.006904607280548,-0.13262320663397986,-0.13078963377529362,False
373,1787908763.7195127,6423.600400032,37.30234980583191,24000,24000,4789,1055,1.955859716921621,0.11500671187586904,1.826700007915497,2.132100105285644,-0.013149168342351913,0.022923648357391357,0.021337557824676272,0.3470975160598755,2237.9127506435125,2237.884870792983,10.02241859337931,0.26884382733578605,0.19292655733715947,False
374,1787908763.8192048,6423.70054811,37.40204191207886,24000,24000,5041,1164,1.9509080765173608,0.11893675375530753,1.8209999799728394,2.124699985980987,-0.012798952870070934,0.02326754853129387,0.021452366089100276,0.3502466082572937,2243.952228403101,2243.9283047395693,10.037956341697752,0.32676592935195004,0.3076226822404351,False
375,1787908763.9192202,6423.80038151,37.50205731391907,24000,24000,4987,1154,1.9474532073250677,0.10480737379316678,1.8240000009536743,2.0940001010894775,-0.013374749571084976,0.02879469282925129,0.020254236664445684,0.41560178995132446,2249.7600510257635,2249.994885753865,10.037956341697752,0.13363506388486712,0.0029943146373625495,False
376,1787908764.0193737,6423.90021321,37.60221076011658,24000,24000,4872,1113,1.9466909248338342,0.11197406474283368,1.8206000089645387,2.097199964523315,-0.016181690618395805,0.02439982257783413,0.02150166397566472,0.38513898849487305,2254.8863547985047,2255.982409686986,10.010957846493687,-0.7492973534899647,-0.8840317765807413,False
377,1787908764.1188526,6424.00005065,37.70168972015381,24000,24000,4817,1026,1.9405409360257273,0.12257759420131231,1.8132499754428864,2.109999895095825,-0.017459511756896973,0.017805568873882294,0.021775457518686314,0.33352231979370117,2261.218949834956,2261.979815755782,10.00086656714591,-0.3854691394199108,-0.36070608498448564,False
378,1787908764.2189448,6424.09989583,37.80178189277649,24000,24000,4913,972,1.9406337436334586,0.11883389791124623,1.8156500220298768,2.133449971675873,-0.018483813852071762,0.013478336855769157,0.022570785871888984,0.30538779497146606,2268.0694178260705,2267.9681181835163,10.00197694903711,0.45943909406651073,0.6904069839533804,False
379,1787908764.3181837,6424.19973819,37.901020765304565,24000,24000,5110,1043,1.9439894534711755,0.1285069859590111,1.8221000194549561,2.1957000970840452,-0.018076281994581223,0.013209120370447636,0.02204249330454295,0.3006914556026459,2273.5211704455573,2273.9321175002283,10.007928780198487,-0.04316978775750613,-0.16366294182989805,False
380,1787908764.4214838,6424.29957959,38.00432085990906,24000,24000,4836,891,1.9388563406855437,0.12405087559510335,1.8140000104904175,2.1369999647140503,-0.012653661891818047,0.014040788635611534,0.021678242674730154,0.25090134143829346,2279.077801188273,2279.9614860032866,9.996684279347186,-0.6845750638476602,-1.1814631140641723,False
381,1787908764.5181725,6424.39943373,38.10100960731506,24000,24000,4938,962,1.9304677746152183,0.1124347123146826,1.815999984741211,2.084650039672851,-0.013857956044375896,0.003127541858702898,0.021756305671740233,0.18847057223320007,2286.1561161208297,2285.990024931329,10.003615496006917,0.5923866237758375,0.4292856511037826,False
382,1787908764.6208532,6424.49965885,38.20369029045105,24000,24000,4897,855,1.951705263372053,0.14231236068558345,1.8226999759674072,2.256999969482422,-0.015118575654923916,0.006898770574480295,0.02282312179968062,0.2168765813112259,2291.886361070631,2291.972470323863,9.992615953445357,0.16176042482265984,0.11979733486214172,False
383,1787908764.7183719,6424.59948789,38.30120897293091,24000,24000,4947,889,1.9475185604277827,0.1246918899715903,1.8179999589920044,2.2088000297546384,-0.013486789539456367,0.006537593901157379,0.02302002113440623,0.1952250897884369,2297.891674728014,2297.945608682604,9.993958712773464,0.3159244890625814,0.31739796239708085,False
384,1787908764.8184564,6424.69932037,38.40129351615906,24000,24000,5152,908,1.938485683454816,0.11140944782476009,1.8153500318527223,2.1136500239372253,-0.011323748156428337,0.0035438360646367073,0.022274265291567542,0.15477408468723297,2303.678037228145,2303.928474285442,10.010991925397336,0.09718499747850728,-0.09751763366239175,False
385,1787908764.9192994,6424.79995481,38.50213646888733,24000,24000,4923,862,1.9475881684130694,0.12681574745006513,1.8200000524520874,2.19869989156723,-0.012348480522632599,0.006600073538720608,0.022229923753797905,0.18090863525867462,2309.79062119882,2309.9511885205234,10.029305309612564,0.1591621836619197,0.12040201856279964,False
386,1787908765.0188441,6424.89977527,38.60168123245239,24000,24000,4918,836,1.9475562198880756,0.1275057576942388,1.823749989271164,2.1492499113082886,-0.011814219877123833,0.0038422083016484976,0.022727995676567112,0.16152837872505188,2315.40793505067,2315.97277955657,10.031514400994991,-0.19623901786826536,-0.27707285271890214,False
387,1787908765.118227,6424.99962313,38.701064109802246,24000,24000,4976,884,1.9554309963640584,0.134314032293988,1.8270000219345093,2.1868500471115113,-0.010145044885575771,0.005905316211283207,0.02226210219884641,0.15197892487049103,2321.446768397734,2321.9580884056486,10.016061607227659,-0.12040750371988906,-0.16794423236342482,False
388,1787908765.218038,6425.09945731,38.800875186920166,24000,24000,5092,995,1.953423117992267,0.11564792883525407,1.8339999914169312,2.148299980163574,-0.0041405633091926575,0.014277654699981213,0.021277732903036896,0.19402705132961273,2327.9263098167676,2327.944962181268,9.989908899215942,0.3704399705375181,0.2521934948040325,False
389,1787908765.3179948,6425.19929523,38.90083193778992,24000,24000,4897,1011,1.9629831837617324,0.13489485766457504,1.8339999914169312,2.1999999284744263,-0.0035925519187003374,0.01746448688209057,0.020639654200516416,0.2328929603099823,2333.8936321218143,2333.972438897787,9.998935749895722,0.340327862909362,0.35732874502627965,False
390,1787908765.4187455,6425.29993649,39.001582622528076,24000,24000,4868,1067,1.9588106844954771,0.11550839630593934,1.8359999656677246,2.1635999202728264,-0.004638824611902237,0.01925434172153473,0.02152628844877313,0.26042431592941284,2339.0738599973242,2339.9241029902514,10.000582944410953,-0.5245149395636872,-0.7422921742395374,False
391,1787908765.5183725,6425.39977557,39.10120964050293,24000,24000,4841,1034,1.9451847218222038,0.0974166380871875,1.8359999656677246,2.0636999964714047,-0.007821490988135338,0.022231532260775566,0.020155536145778523,0.303860604763031,2345.0015712655186,2345.876340939425,9.988523658341153,-0.5744540134969611,-0.7211638413386936,False
392,1787908765.6179614,6425.49962913,39.20079851150513,24000,24000,5041,1072,1.9486539162584204,0.1024576278318604,1.8289999961853027,2.063449931144714,-0.00855212565511465,0.024632645770907402,0.021337622626668988,0.33940690755844116,2351.642660366063,2351.8702448566464,9.988523658341153,0.09127357448369366,0.12192813218962328,False
393,1787908765.7179947,6425.59948747,39.30083179473877,24000,24000,4906,1079,1.943448563656175,0.10322121183723154,1.8189000010490417,2.0611001014709474,-0.01003046240657568,0.02341589890420437,0.02126635991448413,0.33200860023498535,2357.7512901378054,2357.884193120137,9.997268224790215,0.19787696923822296,0.23792740429553305,False
394,1787908765.8176334,6425.69931849,39.400470495224,24000,24000,4876,1143,1.9436325458508255,0.10443435438186577,1.8250000476837158,2.069999933242798,-0.011366277933120728,0.01688016578555107,0.02187462849040684,0.26933401823043823,2364.046231773293,2363.913067553737,10.00165130324621,0.5144673085437717,0.691237334735888,False
395,1787908765.9188774,6425.79996979,39.50171446800232,24000,24000,4685,1042,1.944661231507724,0.10970582166775107,1.8200000524520874,2.0769999027252197,-0.013506944291293621,0.019023248925805092,0.02189600524885681,0.30222049355506897,2369.83513014417,2369.9116575449534,9.998198651687188,0.2286975741335482,0.27075738565281426,False
396,1787908766.0185325,6425.89982025,39.60136961936951,24000,24000,4721,967,1.9413185122094456,0.11508140070518441,1.8113000035285949,2.091100001335144,-0.010804723016917706,0.015993237495422363,0.02250705948868999,0.25227296352386475,2375.884534306748,2375.912679272552,10.001093284593493,0.29876338277972536,0.4227074422424266,False
397,1787908766.1183012,6425.99965711,39.70113825798035,24000,24000,4735,968,1.9298719003919727,0.1118830278805595,1.809000015258789,2.0840001106262207,-0.01519985031336546,0.009334524162113667,0.023896683212615354,0.2398008108139038,2381.367950873688,2381.885371057967,9.996835911339433,-0.2039676721651631,-0.428189561576346,False
398,1787908766.2178252,6426.09950023,39.80066227912903,24000,24000,4512,891,1.9290033676541347,0.1246080823478496,1.8025000095367432,2.0894999504089355,-0.01687157154083252,0.010710113681852818,0.02379995445717443,0.2652551531791687,2387.2394770516107,2387.894900733869,10.007391099180973,-0.3039119965469581,-0.37461847090526135,False
399,1787908766.3180034,6426.19935645,39.900840520858765,24000,24000,4521,907,1.9271973544996654,0.11635757555418193,1.8070000410079956,2.0838000535964962,-0.014835822395980358,0.009126991964876652,0.023254848759262692,0.23500990867614746,2393.372658813764,2393.949358815786,10.0257246688478,-0.1814541637268121,-0.40160483345016473,False
400,1787908766.418573,6426.29960627,40.00141000747681,24000,24000,4630,907,1.92889305407052,0.13457806912221926,1.8009999990463257,2.1096999168395993,-0.014718894846737385,0.00735884765163064,0.02320331909154153,0.216834157705307,2399.975551598398,2399.962387066628,10.01730794832909,0.38723988335505055,0.5746919418156722,False
401,1787908766.5183296,6426.39942927,40.10116672515869,24000,24000,4664,915,1.9274382502654863,0.12445602864876008,1.807699990272522,2.150600051879883,-0.013084037229418755,0.008269371464848518,0.02385855201271038,0.2104298621416092,2405.388234285117,2405.9296425029497,10.01354393799961,-0.18550979257224753,-0.2489795854953627,False
402,1787908766.6186125,6426.49966913,40.20144963264465,24000,24000,4555,926,1.9283747300988396,0.1226653711560043,1.809000015258789,2.0987499952316284,-0.011676560156047344,0.0066838753409683704,0.02297963755510683,0.1800824999809265,2411.8708447317,2411.892773768771,10.012927052518288,0.2800967485604815,0.19889046600201254,False
403,1787908766.7187717,6426.59950547,40.30160880088806,24000,24000,4646,930,1.922826881434328,0.11158760321210415,1.809999942779541,2.0651999354362487,-0.008708019740879536,0.009312565438449383,0.0226275477419967,0.17173345386981964,2417.5395552044906,2417.9234025535507,10.010291925955867,-0.06077229319953403,-0.31305254263907045,False
404,1787908766.8184779,6426.69933955,40.40131497383118,24000,24000,4577,881,1.935229284809342,0.12778234374979353,1.812999963760376,2.1429998874664307,-0.011670432053506374,0.014781343750655651,0.023732447971327085,0.24825605750083923,2423.3950132924497,2423.9531737845036,10.017068133342214,-0.18771386871412687,0.13977553776157947,False
405,1787908766.9199128,6426.79998411,40.50274991989136,24000,24000,4738,854,1.9455925053120777,0.146748897697679,1.8070000410079956,2.2170000076293945,-0.008326338604092598,0.013155477121472359,0.0228643682916544,0.20155665278434753,2429.6493976484453,2430.040861321113,10.001529597150526,-0.019456071012427856,-0.05486137613934261,False
406,1787908767.0194626,6426.89984049,40.60229969024658,24000,24000,4665,858,1.9395745930138169,0.12815787406510953,1.8049999475479126,2.1470000743865967,-0.008165361359715462,0.011071777902543545,0.02394879637882217,0.1776321530342102,2435.87175364607,2436.0736901956416,10.00059686879379,0.22988446435238075,0.37780538450851964,False
407,1787908767.1185105,6426.99968121,40.7013475894928,24000,24000,4727,945,1.9380084655903005,0.1219592047726612,1.8009999990463257,2.1449999809265137,-0.008236821740865707,0.008675242774188519,0.02407504162934331,0.15715545415878296,2442.045938849151,2442.072623188233,9.994262121335955,0.4611666191290169,0.703081726140681,False
408,1787908767.2180457,6427.09951015,40.8008828163147,24000,24000,4725,881,1.9331975023808734,0.11918519687564229,1.8009999990463257,2.1080000400543213,-0.010558415204286575,0.008388479240238667,0.023030215339954828,0.17057381570339203,2447.5693541301453,2448.0913441448133,9.992571597732608,0.012439054135029437,-0.1121149555019656,False
409,1787908767.3180802,6427.19934387,40.900917291641235,24000,24000,4830,865,1.9394127164961974,0.11387487122177523,1.809999942779541,2.132799911499023,-0.007888318970799446,0.010953119024634361,0.02366277065320775,0.17394419014453888,2453.383393911045,2454.0813876368434,9.971562720026546,-0.17561906787750559,-0.19208456576825483,False
410,1787908767.4200392,6427.29998411,41.00287628173828,24000,24000,4713,920,1.9450717375330302,0.1264944203331964,1.80794997215271,2.111999988555908,-0.004973134957253933,0.012817036360502243,0.022414011692694354,0.17537298798561096,2460.127565603349,2460.0617904927362,9.977700270894088,0.4509832699927756,0.6028478713042205,False
411,1787908767.5186577,6427.39982079,41.101494789123535,24000,24000,4657,883,1.9481619508728165,0.10859999621068371,1.8142000079154967,2.1037000894546507,-0.006311206612735987,0.020966412499547005,0.022550065221034088,0.2756313383579254,2466.1022323758425,2466.0325527125274,9.965693365283352,0.5085106319661463,0.6745320882173473,False
412,1787908767.6184354,6427.49965415,41.20127248764038,24000,24000,4632,887,1.9596403627546153,0.12603942065141158,1.8109999895095825,2.1767000675201413,-0.00894289929419756,0.019891981035470963,0.023832949423018664,0.2791536748409271,2471.95925253185,2471.9936742962173,9.965693365283352,0.37883956906625826,0.5143472905169801,False
413,1787908767.7179472,6427.59948943,41.30078434944153,24000,24000,4813,962,1.9481413739882487,0.11425354258038913,1.8209999799728394,2.0859499692916867,-0.001384922070428729,0.01605209894478321,0.022626714034711923,0.20768645405769348,2477.498269884056,2477.945155243806,9.968861975667327,-0.05288401660800446,0.12222817977090017,False
414,1787908767.8179922,6427.69934177,41.40082931518555,24000,24000,4744,930,1.9531494596953034,0.11587648788016354,1.822349989414215,2.09310005903244,-0.008545593358576298,0.024095039814710617,0.02302385258190039,0.32808947563171387,2483.519711068207,2483.8869955552927,9.958127560909068,-0.03417016349931146,0.013727280157581845,False
415,1787908767.9187002,6427.79997727,41.50153732299805,24000,24000,4658,977,1.948226203449917,0.115766111639282,1.8270000219345093,2.084200096130371,-0.00783156231045723,0.020650949329137802,0.021530537597358863,0.2822748124599457,2488.883877862267,2489.819195230679,9.93646549359397,-0.712513419347033,-0.9144218981450649,False
416,1787908768.0184782,6427.89981469,41.60131525993347,24000,24000,4597,1022,1.9450499030475281,0.11362435422426281,1.8209999799728394,2.0869998931884766,-0.007703835144639015,0.01979123428463936,0.022524914445377534,0.27429428696632385,2495.307346466231,2495.741754269963,9.916470854972498,-0.2757503394750529,-0.1814994831261174,False
417,1787908768.1188617,6427.99966157,41.701698780059814,24000,24000,4691,1065,1.9451408457867976,0.11964667883177958,1.811199998855591,2.137399959564209,-0.009004203602671623,0.01822240836918354,0.02260258974047974,0.26570409536361694,2501.9375450303282,2501.6546726731463,9.918219310418595,0.3314075311959641,0.32758372467742447,False
418,1787908768.218361,6428.09949197,41.80119800567627,24000,24000,4823,998,1.9532174353370209,0.11842100610280597,1.8256999790668487,2.1416000247001645,-0.009826327674090862,0.027172448113560677,0.021695954502281047,0.3678362965583801,2507.10807527855,2507.557950440228,9.89262986630286,-0.4680449836691878,-0.5533555151582732,False
