scan_index,bag_stamp_s,header_stamp_s,time_s,input_point_count,finite_point_count,central_point_count,target_point_count,target_depth_mean_m,target_depth_std_m,target_depth_p05_m,target_depth_p95_m,target_u_centroid,target_v_centroid,target_radial_std,h5_magnitude,relative_angle_deg,offline_relative_angle_deg,local_rpm,raw_motion_residual_deg,heldout_motion_residual_deg,rejected_branch_boundary
0,1787908596.615174,6256.49958083,0.0,24000,24000,4787,817,1.9549351298823643,0.14423382112911987,1.8227999687194825,2.234800100326537,-0.007646224461495876,0.003014335408806801,0.021425403164526048,0.10522834956645966,0.0,0.0,-4.97988223325044,-0.32802590267246584,-1.0513548574285678,False
1,1787908596.7143123,6256.59944089,0.09913825988769531,24000,24000,5013,912,1.945005483141071,0.12019135388782769,1.8209999799728394,2.1503499388694762,-0.009466180577874184,-0.00020989775657653809,0.02190605224459213,0.12321542948484421,-2.9256430520819086,-2.909342518945088,-4.979076700581279,-0.2795026371743008,-1.094746798986741,False
2,1787908596.8149111,6256.69929235,0.1997370719909668,24000,24000,4941,809,1.9465253389957367,0.1178859652143289,1.820400023460388,2.186399984359741,-0.015034183859825134,0.005741746164858341,0.021941928042580373,0.2070832997560501,-5.622611893130883,-5.828899269355786,-4.978180523058283,0.04151167868355721,-0.6410122026060234,False
3,1787908596.9165692,6256.79992093,0.3013951778411865,24000,24000,4860,864,1.9467638902090214,0.13462201500035903,1.8201500415802,2.1679499149322505,-0.010767503641545773,0.004853827878832817,0.021435999879573425,0.15046340227127075,-8.35305825434707,-8.758670251232097,-4.97262173750457,0.36082748467926073,-0.29105015380523014,False
4,1787908597.0148876,6256.89975977,0.39971351623535156,24000,24000,4856,856,1.9444310747295896,0.12751862217609602,1.8240000009536743,2.1497499346733093,-0.013032594695687294,0.005182116758078337,0.022160378390856286,0.18120120465755463,-11.587366632538718,-11.698655464574017,-4.968463982235739,0.07608762608454711,-0.6241862709258292,False
5,1787908597.1140501,6256.99959259,0.49887609481811523,24000,24000,4996,853,1.9459191078597469,0.12497158713665261,1.8175999879837037,2.185600042343139,-0.013155375607311726,0.006631243042647839,0.021990819834842083,0.18889158964157104,-14.71729220262721,-14.648854909381548,-4.968463982235738,-0.07894206102861823,-0.7659807022504719,False
6,1787908597.2142477,6257.09942927,0.5990736484527588,24000,24000,5059,910,1.9411417589082822,0.12037867131948624,1.8200000524520874,2.156100022792816,-0.012176472693681717,0.005625035148113966,0.022612577056023524,0.17476168274879456,-17.690616643734444,-17.60926858565469,-4.96872574041612,-0.046321174250724795,-0.8658102152012965,False
7,1787908597.3142142,6257.19967829,0.6990401744842529,24000,24000,4870,874,1.9400938237831848,0.13256971305120294,1.8156500101089477,2.1682000637054433,-0.015298300422728062,0.004409835673868656,0.022825494252911326,0.207748681306839,-20.556622958551188,-20.579896493393445,-4.960658306438066,0.08668696756274841,-0.7714373808923618,False
8,1787908597.4138548,6257.29951265,0.7986807823181152,24000,24000,4872,885,1.9371796594501216,0.12152230074575922,1.8181999683380128,2.1561999320983882,-0.01336500234901905,0.0046879942528903484,0.022271664534409142,0.1853846162557602,-24.049457339808285,-23.560738632597808,-4.971329711029546,-0.4169105638809292,-1.3267491063964663,False
9,1787908597.5138295,6257.39934957,0.8986554145812988,24000,24000,4871,859,1.936323631767344,0.12097318929277259,1.819000005722046,2.150500082969665,-0.014727212488651276,0.005500266794115305,0.022257674536314213,0.2104765921831131,-26.50614322408041,-26.55179500326778,-4.979194500866043,0.12566119694224298,-0.49649873075218665,False
10,1787908597.6159937,6257.49998683,1.0008196830749512,24000,24000,5036,957,1.9342549619505274,0.11556031541808642,1.8140000104904175,2.1099999904632565,-0.02063736505806446,0.010264869779348373,0.022288068299638978,0.2991738021373749,-29.665390958784876,-29.553065605402917,-5.02142417936735,0.031360603313643765,-0.6765010590879683,False
11,1787908597.7145352,6257.59983743,1.0993611812591553,24000,24000,4882,934,1.933482867874987,0.10743243119355704,1.8286499798297882,2.1010000705718994,-0.01247339602559805,0.007616471033543348,0.02197560059995718,0.19449523091316223,-32.60250282213085,-32.589058028905065,-5.031894253948915,0.05051209495635334,-0.3610039798968998,False
12,1787908597.8150005,6257.69967477,1.1998264789581299,24000,24000,4867,973,1.937502569309364,0.12387393005882609,1.8209999799728394,2.153400039672851,-0.015390202403068542,0.007205424830317497,0.021435026360330078,0.2272530496120453,-35.340707175668385,-35.66735845228508,-5.035466790023804,0.3262854412536669,0.026265026474384,False
13,1787908597.9142232,6257.79951907,1.2990491390228271,24000,24000,4893,957,1.9390522462073538,0.1259432966022725,1.8157999992370606,2.1147999286651604,-0.018498001620173454,0.01450386829674244,0.022211116375274398,0.31101253628730774,-38.69095268676085,-38.69840000407504,-5.014151753631739,-0.04726173118108079,-0.5035410333726986,False
14,1787908598.0138745,6257.89935429,1.398700475692749,24000,24000,5049,1044,1.935603447001556,0.11139796041262896,1.8220000267028809,2.1107000470161434,-0.017034348100423813,0.011500654742121696,0.022373433910916295,0.27421480417251587,-41.41725481887735,-41.68711242243516,-5.007102231519132,0.2159948536019769,-0.21705931019602787,False
15,1787908598.1150193,6257.99999411,1.499845266342163,24000,24000,4837,1049,1.9382783600668094,0.12127651278029683,1.812999963760376,2.1294000625610336,-0.01785052940249443,0.013090024702250957,0.02189612232934629,0.29291629791259766,-44.515266305274984,-44.66312828628951,-5.020050139846077,0.1523459824948361,-0.35759851699931744,False
16,1787908598.2145934,6258.09983741,1.599419355392456,24000,24000,4807,1017,1.9453421838163978,0.11921430102471826,1.8220000267028809,2.12160005569458,-0.01931743696331978,0.019666187465190887,0.021663460835042156,0.35875076055526733,-47.23158280121786,-47.6866680837709,-5.023584459982889,0.42327076043130063,-0.05962151300686713,False
17,1787908598.314413,6258.19967247,1.6992390155792236,24000,24000,4771,1017,1.9469675531312312,0.11997745774883532,1.8287999868392943,2.1616000175476073,-0.017256511375308037,0.01926495134830475,0.021365407572048845,0.3381027579307556,-50.760951246056145,-50.73504723735132,-5.021448168874396,-0.11148923055595361,-0.5307903406718353,False
18,1787908598.4141133,6258.29951565,1.7989392280578613,24000,24000,4895,1084,1.9439169734826387,0.11851135043769075,1.8141500174999237,2.1198000311851493,-0.017296917736530304,0.02378787472844124,0.021606818300378982,0.3807949721813202,-53.743468828743225,-53.71458734555014,-5.023253313188428,-0.10298181295105024,-0.5512966958321144,False
19,1787908598.5140603,6258.39935851,1.8988862037658691,24000,24000,4965,1128,1.95003812141875,0.1258886272983126,1.8243500173091889,2.129250001907348,-0.013714526779949665,0.022639891132712364,0.021089783777469565,0.3426900804042816,-57.17166996103572,-56.77217961391163,-5.03108436027954,-0.532755001970294,-1.0284224617838404,False
20,1787908598.6150997,6258.49999219,1.9999256134033203,24000,24000,4809,1113,1.9489029656630428,0.11735261529002418,1.8196000337600708,2.1210000038146966,-0.014405537396669388,0.024667805060744286,0.021443808924218665,0.37798336148262024,-60.403092547093124,-59.80411779167392,-5.02563210591869,-0.7329764227833167,-0.9830380674042587,False
21,1787908598.714534,6258.59983737,2.0993599891662598,24000,24000,4816,1106,1.9504918624220877,0.12074610737583763,1.8192500174045563,2.097499966621399,-0.014519711956381798,0.026375338435173035,0.02051546398037643,0.396186888217926,-62.83186749900993,-62.82256379178434,-5.029935001955209,-0.17870152554253593,-1.6561513658257496,False
22,1787908598.8155062,6258.69966743,2.2003321647644043,24000,24000,4958,1123,1.9518290303800112,0.11312310741501394,1.8240000009536743,2.1284999608993522,-0.013235924765467644,0.023909326642751694,0.02038249917184098,0.36117082834243774,-65.2386990757862,-65.87632142686037,-5.012701327651247,0.4436510291857587,-0.5485446519515733,False
23,1787908598.913715,6258.79950997,2.2985408306121826,24000,24000,4971,1188,1.9468400667010735,0.1111226833502034,1.8193500220775605,2.0849499583244318,-0.017311397939920425,0.025421272963285446,0.0217957811744544,0.4029771387577057,-68.50898242664606,-68.86690859998359,-5.012701327651247,0.11964600104226975,-1.3662929061130882,False
24,1787908599.0147207,6258.89935331,2.3995466232299805,24000,24000,4715,1034,1.957508705340225,0.12570467524753293,1.8259999752044678,2.1663999438285826,-0.015035100281238556,0.026500528678297997,0.020832378123717837,0.3973412811756134,-71.73164882633279,-71.89311634972626,-5.0070088497510845,-0.07282775026997967,-1.5648346206463373,False
25,1787908599.114813,6258.99999097,2.4996390342712402,24000,24000,4770,1078,1.9522727271179101,0.10846833416783305,1.8220000267028809,2.0925999999046323,-0.012241648510098457,0.022096913307905197,0.020510092612495517,0.3272891640663147,-75.18654207941938,-74.88320508585376,-4.997503721890977,-0.5249299729156292,-2.0038622408346924,False
26,1787908599.215616,6259.09984193,2.6004419326782227,24000,24000,4813,1065,1.9555305159707583,0.12914169345365015,1.8242000102996827,2.160799932479858,-0.014603078365325928,0.017947662621736526,0.021546871583118177,0.3073102831840515,-77.78383468093138,-77.89118547532887,-4.963698298300571,-0.09811679028219089,-1.6582707901547877,False
27,1787908599.3145785,6259.19968947,2.69940447807312,24000,24000,4765,1001,1.9567822181023322,0.12584548997729347,1.8300000429153442,2.190000057220459,-0.014743603765964508,0.024992162361741066,0.021209785785631822,0.37619832158088684,-80.36278046545121,-80.83646623876638,-4.9553452904786965,0.29183227516723775,-0.8880092867430704,False
28,1787908599.414339,6259.29954107,2.7991650104522705,24000,24000,4627,1004,1.9559482070079364,0.12569160397770815,1.8279999494552612,2.136100077629089,-0.013301235623657703,0.02021932601928711,0.02145938132291781,0.3161158561706543,-84.1885634590161,-83.78300149723488,-4.948990493403421,-0.5411161098213455,-2.1218662102521364,False
29,1787908599.513708,6259.39939011,2.898534059524536,24000,24000,4568,967,1.9447042407023007,0.11366795015786332,1.8220000267028809,2.0934000730514524,-0.01576230674982071,0.02033168077468872,0.021075376951920084,0.33488714694976807,-86.7861758148795,-86.7087075755301,-4.953782742260687,-0.15763842945167994,-1.2322401583437994,False
30,1787908599.6141424,6259.49962827,2.9989683628082275,24000,24000,4530,957,1.9499738776945394,0.1210434978210545,1.8236000061035156,2.125600004196167,-0.0156105300411582,0.01948249526321888,0.02170119130657527,0.3231831192970276,-89.63753178805119,-89.70463423176508,-4.967348029021196,0.004053458962616219,-1.3369138781145864,False
31,1787908599.7139215,6259.59946743,3.098747491836548,24000,24000,4709,963,1.9538618905521998,0.137936269579395,1.8221000194549561,2.1669000387191772,-0.013046407140791416,0.018431710079312325,0.0215516588919574,0.29563310742378235,-92.97271400920704,-92.71359631678143,-4.982117328543637,-0.3377362506676178,-1.4976648718884746,False
32,1787908599.814077,6259.69930713,3.1989028453826904,24000,24000,4638,907,1.9523792743945727,0.12917297662774382,1.8220000267028809,2.1398000478744503,-0.013922449201345444,0.019652605056762695,0.0217491424299029,0.31622087955474854,-95.36194039158663,-95.71913922024083,-4.994184583936824,0.2777166842990937,-0.5386034492639453,False
33,1787908599.914579,6259.79993525,3.2994048595428467,24000,24000,4520,864,1.9485104147482801,0.1177032499648853,1.8229999542236328,2.128300023078917,-0.013059938326478004,0.021049050614237785,0.020911438146783545,0.32934099435806274,-98.7922743872587,-98.68983043624276,-4.9745081446836785,-0.13753811084333734,-1.1691844423532984,False
34,1787908600.0149174,6259.89976621,3.3997433185577393,24000,24000,4522,880,1.942287503318353,0.11434881963239302,1.815999984741211,2.143499898910522,-0.014036644250154495,0.017679739743471146,0.021035778093280978,0.29597246646881104,-101.52028339488199,-101.65535496602332,-4.968157793335425,0.1446253971498379,-0.434080013122923,False
35,1787908600.1136212,6259.99960659,3.4984471797943115,24000,24000,4586,844,1.9361078206679267,0.10996056379336852,1.8229999542236328,2.118199908733367,-0.015102075412869453,0.020130831748247147,0.02085801238241594,0.3253841996192932,-104.58259913533769,-104.62948763223419,-4.968363179032923,0.04344393358643117,-0.7235187780178904,False
36,1787908600.213844,6260.09944441,3.59867000579834,24000,24000,4622,899,1.9456295879584664,0.12891038088475174,1.8199000477790832,2.167700052261352,-0.02017774060368538,0.020180929452180862,0.022013272160084335,0.3662693202495575,-107.13921069449437,-107.63219973152373,-4.968130707293088,0.49353587811779676,0.2261792364843842,False
37,1787908600.313587,6260.19929269,3.6984128952026367,24000,24000,4507,885,1.940003389019077,0.13114654620141408,1.809999942779541,2.1327999114990233,-0.017093606293201447,0.014847124926745892,0.021642913635600353,0.2938975393772125,-110.3313595762529,-110.64597661207317,-4.971618970102847,0.29369231239391524,-0.15621389620298487,False
38,1787908600.4151483,6260.29993235,3.799974203109741,24000,24000,4471,856,1.9440525701948415,0.13240543339682284,1.8185000121593475,2.1760000586509705,-0.016079431399703026,0.01985529437661171,0.02175490673991754,0.3316095769405365,-113.6296942969271,-113.58362320811351,-4.97765656576538,0.042215802554409265,-0.7861079624645555,False
39,1787908600.5213149,6260.39977969,3.9061408042907715,24000,24000,4312,833,1.9471644639682655,0.13874017815822495,1.8200000524520874,2.211400032043457,-0.018335411325097084,0.015293684788048267,0.02188198398608304,0.3090951144695282,-116.95635958114613,-116.59790311445465,-4.9871150537778846,-0.09943161225407948,-0.6492794138981992,False
40,1787908600.614864,6260.49962355,3.999690055847168,24000,24000,4621,930,1.9458741954577867,0.14916961739393242,1.8164500057697297,2.23364999294281,-0.018967898562550545,0.013860735110938549,0.022090100782464126,0.30564767122268677,-119.55099412340327,-119.6134939259514,-4.98691261772967,0.112428868994769,-0.7148823632196155,False
41,1787908600.7141302,6260.59946657,4.098956108093262,24000,24000,4522,919,1.9341283992532807,0.1156604594845258,1.80589998960495,2.078000068664551,-0.016965799033641815,0.01710018515586853,0.021888116076911105,0.3116152286529541,-122.9013187049505,-122.61434327053098,-4.997838180832734,-0.25989560034633996,-0.674332381403147,False
42,1787908600.8140764,6260.69930857,4.198902368545532,24000,24000,4435,870,1.9390126421533782,0.12413546725930082,1.815999984741211,2.1526999473571773,-0.01777888648211956,0.018365545198321342,0.021372557637716512,0.3265257477760315,-125.63705321060328,-125.64318498474613,-4.997838180832734,0.00277637946837217,-0.3287243441343435,False
43,1787908600.914828,6260.79993749,4.299654006958008,24000,24000,4545,940,1.9395936192350185,0.12901551580704138,1.8089000165462494,2.1342500567436216,-0.01797816902399063,0.01584814116358757,0.02234102274626472,0.31211602687835693,-128.39803508432522,-128.5775421038135,-5.000663444637683,0.2643624804803153,-0.05411934030860266,False
44,1787908601.0152223,6260.89977927,4.40004825592041,24000,24000,4633,924,1.937424240690289,0.12273682614827416,1.805999994277954,2.07284996509552,-0.013677400536835194,0.018762828782200813,0.021650368737268458,0.3008047342300415,-131.50131709303358,-131.60908572072844,-5.025868834869156,0.17292669623634538,0.1375538329432402,False
45,1787908601.1293213,6260.99960865,4.5141472816467285,24000,24000,4437,889,1.9457435341063716,0.13259210421366602,1.811400008201599,2.2018000602722165,-0.013608062639832497,0.01690007373690605,0.020609584537969596,0.28385046124458313,-134.51115790335388,-134.63128969825513,-5.030829327827257,0.5860779736159714,0.6434425969297308,False
46,1787908601.2184796,6261.09945457,4.6033055782318115,24000,24000,4131,902,1.934376943402174,0.13003385381200058,1.8070500373840332,2.078949999809265,-0.017761990427970886,0.014314800500869751,0.02088771303301057,0.2964988648891449,-137.69421848777603,-137.64354686354787,-5.029732736794605,0.07778294324486978,0.10320922615971995,False
47,1787908601.3147125,6261.19930129,4.699538469314575,24000,24000,4446,936,1.941979698645763,0.12598524854963247,1.8087500035762787,2.099000036716461,-0.018572667613625526,0.02030232921242714,0.02169019918710697,0.3535881042480469,-140.22691608350692,-140.64086591899428,-5.026595575769027,0.43209005816686386,0.6648312613547773,False
48,1787908601.4147134,6261.29993369,4.79953932762146,24000,24000,4703,1011,1.947174084292675,0.13086900673120008,1.815999984741211,2.130500078201294,-0.017207391560077667,0.022286593914031982,0.02126561513395321,0.3567834496498108,-143.78817590954552,-143.67964363831786,-5.026595575769027,-0.12912533656586334,0.10526474167096467,False
49,1787908601.5146623,6261.39977573,4.899488210678101,24000,24000,4469,967,1.9341520162254973,0.11434412747255057,1.8113000035285949,2.0520999670028686,-0.014181933365762234,0.019367853179574013,0.02177951323549402,0.30897223949432373,-146.69031800365585,-146.6877733953843,-5.007977308395325,-0.03278226658764538,0.3505100125872218,False
50,1787908601.6141758,6261.49962699,4.999001741409302,24000,24000,4511,921,1.9409858841331722,0.12284175306716333,1.815000057220459,2.0759999752044678,-0.014280756935477257,0.02425515465438366,0.02214071466725914,0.3606225550174713,-149.43369243749316,-149.71446094318546,-5.0116872170657105,0.2092678125681573,0.6862241041842481,False
51,1787908601.7137625,6261.59947319,5.098588466644287,24000,24000,4536,928,1.942010777906097,0.11589779141103235,1.814350026845932,2.090950000286102,-0.01371799223124981,0.023517310619354248,0.021960452764977444,0.345251202583313,-152.48973290197395,-152.68414728867498,-5.011846559330773,0.14084770986818285,0.36377664765942086,False
52,1787908601.8142493,6261.69931473,5.199075222015381,24000,24000,4673,1011,1.9465173119725152,0.13108901080323415,1.8115000128746033,2.093000054359436,-0.013754025101661682,0.019214920699596405,0.02297628953852821,0.30359551310539246,-155.51400642635582,-155.70842835358243,-5.037655738757817,0.1311956194934396,-0.1398996814426141,False
53,1787908601.9148881,6261.79993923,5.299714088439941,24000,24000,4540,909,1.950321232393892,0.12755481221483256,1.8223999977111816,2.1040000915527344,-0.01266215555369854,0.02667423151433468,0.022288998995429906,0.37326034903526306,-159.4499942950646,-158.74813474333808,-5.0352823016909385,-0.7856074551869199,-0.9171455933422124,False
54,1787908602.0150108,6261.89977175,5.399836778640747,24000,24000,4580,976,1.948545082426462,0.11072288398607638,1.8247500360012054,2.0897499918937683,-0.013014091178774834,0.02514854073524475,0.02291395312860546,0.3598335087299347,-161.7736475738654,-161.74403767676375,-5.0352823016909385,-0.10556132310364319,-0.01975769813560646,False
55,1787908602.1137996,6261.99961093,5.4986255168914795,24000,24000,4543,945,1.9447904755829504,0.11552929432113353,1.815999984741211,2.0883999824523922,-0.012688600458204746,0.02236189693212509,0.022383045709695414,0.3280605673789978,-164.7193867535793,-164.7710163004799,-5.039956882411093,-0.08761989964378358,-0.04464812335592683,False
56,1787908602.214656,6262.09944081,5.59948205947876,24000,24000,4627,966,1.951608695475458,0.12084847550658602,1.8240000009536743,2.0942500233650208,-0.008855319581925869,0.025775913149118423,0.02199557207928629,0.3468371331691742,-168.00359684604462,-167.79658561193986,-5.024205509270156,-0.3461148725329508,-0.38479524675230437,False
57,1787908602.31346,6262.19967991,5.698286056518555,24000,24000,4700,964,1.9424056017547227,0.11120708548124571,1.8171500205993651,2.0998499155044557,-0.003560683224350214,0.020634274929761887,0.02114283046328557,0.27281874418258667,-170.74903068533467,-170.8418006184478,-5.0178186747512985,-0.12741034212675117,-0.0628434945305969,False
58,1787908602.4149303,6262.29953591,5.799756288528442,24000,24000,4559,954,1.9426352189271956,0.10979113371148667,1.8272999584674836,2.0859999656677246,-0.00925337802618742,0.02237333171069622,0.021861049822765065,0.31153222918510437,-173.04713784127276,-173.81945321900707,-4.991953021803355,0.618608418838619,0.6093077250117176,False
59,1787908602.5136662,6262.39938759,5.898492097854614,24000,24000,4559,966,1.9532939959510267,0.1257747772226746,1.8242500126361847,2.0927499532699585,-0.008800302632153034,0.022055722773075104,0.022677138605872067,0.303096204996109,-176.51016056559246,-176.8476219854346,-4.983157984201657,0.11767842006773321,0.07750900108572978,False
60,1787908602.6140566,6262.49963379,5.998882532119751,24000,24000,4636,1024,1.9449228518642485,0.11564381752125742,1.81629998087883,2.0896999359130857,-0.008793581277132034,0.018307330086827278,0.022229974126676794,0.25703081488609314,-179.61316402777206,-179.8672344070504,-4.980872948084591,0.026406740721910182,0.13355080070735426,False
61,1787908602.71726,6262.59947513,6.102085828781128,24000,24000,4786,999,1.9521471457677084,0.10991847526108695,1.8300000429153442,2.0891999959945675,-0.008333144709467888,0.023217804729938507,0.02299796369788923,0.3136681914329529,-183.1702122200858,-182.83441030882838,-4.943117881724658,-0.4345232713736209,-0.03102170003009519,False
62,1787908602.8152895,6262.70050673,6.200115442276001,24000,24000,4568,955,1.9483026196195192,0.10565988595753238,1.8309999704360962,2.0920000076293945,-0.006545416545122862,0.022194020450115204,0.022707287856379137,0.29398787021636963,-186.0075705436076,-185.77108521818917,-4.933202953046099,-0.3309748762166862,-0.030435538375343185,False
63,1787908602.914595,6262.80034497,6.2994208335876465,24000,24000,4599,989,1.9488624880359677,0.12128819073585723,1.8154000282287597,2.093600034713745,-0.007836509495973587,0.01786288060247898,0.02309146944151038,0.24784082174301147,-188.66268619863393,-188.6833049260116,-4.941045687637832,-0.006910239721037215,0.611853146850251,False
64,1787908603.0150478,6262.90017525,6.399873733520508,24000,24000,4686,999,1.9464624627335771,0.10524087572484528,1.823800003528595,2.0940001010894775,-0.009910093620419502,0.01697121374309063,0.023170528684033527,0.25044479966163635,-192.04255069694966,-191.62503033394518,-4.977601206972413,-0.37316897350143563,-0.10764342941163818,False
65,1787908603.114599,6263.00002229,6.499424934387207,24000,24000,4675,908,1.9530352434135219,0.11130887301176937,1.8223500013351441,2.0959499597549436,-0.008260502479970455,0.020780673250555992,0.023020260949785668,0.2791747450828552,-194.6841885325855,-194.5950981601323,-4.985374871656757,-0.028252185041708344,0.107530970753686,False
66,1787908603.2147915,6263.09985495,6.5996174812316895,24000,24000,4560,943,1.9532269340557613,0.11564586974066382,1.8160999894142151,2.1277000188827513,-0.00802578218281269,0.019320538267493248,0.023780777189303454,0.26833102107048035,-197.58880719451298,-197.56452816639816,-5.002616466814346,0.07292427627572806,0.2488477482549456,False
67,1787908603.3199873,6263.19970113,6.704813241958618,24000,24000,4241,876,1.9536221469646176,0.1292982970133308,1.815999984741211,2.1457499265670776,-0.008366798982024193,0.01798766478896141,0.022926406257784516,0.25123491883277893,-200.33929218382767,-200.5787296124534,-5.011923490693275,0.4783317613767224,1.2101909561690718,False
68,1787908603.413989,6263.29954703,6.798815011978149,24000,24000,4551,894,1.9514272929037977,0.11717276137048044,1.8179999589920044,2.098800003528594,-0.0059149665758013725,0.017963729798793793,0.02334037335352444,0.24185879528522491,-203.5800750933268,-203.59427760105802,-5.011923490693275,0.057619513816860035,0.8021993295056973,False
69,1787908603.5136266,6263.39938449,6.898452520370483,24000,24000,4623,852,1.9524401409525267,0.13345182957615728,1.8070999801158905,2.197449994087219,-0.007855119183659554,0.01669318415224552,0.023061272218965197,0.23602725565433502,-206.2089555895395,-206.57786334911742,-4.9979115792824365,0.4178828835926822,1.0919429580341387,False
70,1787908603.614364,6263.49963479,6.999189853668213,24000,24000,4714,910,1.951168134710291,0.12217092086816739,1.8179999589920044,2.1312499642372122,-0.005028620827943087,0.016345394775271416,0.022030105759029334,0.21624433994293213,-208.98136388221076,-209.53480560925925,-4.983475138052632,0.6676134095404507,1.4569468909143666,False
71,1787908603.7137103,6263.59946955,7.098536252975464,24000,24000,4574,897,1.941562988952118,0.10822128466349336,1.8127999782562256,2.092400026321411,-0.00880607683211565,0.015098977833986282,0.022989438159032323,0.22309713065624237,-212.12410499941956,-212.48600671550292,-4.9919880685301505,0.505282831382857,1.2343560539281668,False
72,1787908603.8143082,6263.69932123,7.199134111404419,24000,24000,4615,902,1.947194010349705,0.1311753990311624,1.8049999475479126,2.178749907016754,-0.008374192751944065,0.010465786792337894,0.023233369252181287,0.16941580176353455,-215.32727332901663,-215.53697083495888,-5.0183573969604645,0.32006904828497795,0.7686148198825151,False
73,1787908603.913743,6263.79996559,7.298568964004517,24000,24000,4765,859,1.9491327122565059,0.12270403519726197,1.8169000267982482,2.1724999427795404,-0.01014778297394514,0.015467989258468151,0.023406397410131966,0.2337033897638321,-218.53968007581946,-218.57681348864713,-5.02695033689296,0.09072645584356565,0.6526109903670658,False
74,1787908604.014774,6263.89981061,7.399600028991699,24000,24000,4811,886,1.9388284424895896,0.11819044155699732,1.8049999475479126,2.1259999871253967,-0.009551409631967545,0.010939324274659157,0.022751816683849194,0.18409478664398193,-222.40215379845972,-221.608281166248,-5.033578926040417,-0.7407964426193132,-0.41236262382403766,False
75,1787908604.1145568,6263.99966201,7.499382734298706,24000,24000,4663,889,1.9410191239334467,0.13105598214151232,1.8074000120162963,2.174800109863281,-0.008710413239896297,0.007424892392009497,0.024187586721756825,0.14880184829235077,-224.79018895060577,-224.69190229096185,-5.04218934133061,-0.135331794211055,0.38207744368577323,False
76,1787908604.2146184,6264.09951019,7.599444389343262,24000,24000,4674,847,1.9463376634377094,0.1307099581553082,1.8079999685287476,2.161399984359741,-0.00827973522245884,0.010971488431096077,0.023545380200195427,0.17609457671642303,-227.90868099579566,-227.7597256967429,-5.043176303728981,-0.251955494606932,0.43508913248189174,False
77,1787908604.3140383,6264.19935429,7.698864221572876,24000,24000,4700,849,1.9373875168383612,0.12432681199343788,1.809000015258789,2.1410000324249268,-0.007810517214238644,0.00825163908302784,0.02332869317217632,0.1469976156949997,-230.7895261559419,-230.83009755545726,-5.038047845760936,-0.15018711431235943,0.1617203117381223,False
78,1787908604.4158177,6264.29999869,7.800643682479858,24000,24000,4746,874,1.936450803989131,0.11792291031064574,1.8116500198841095,2.132800078392028,-0.0091359568759799,0.010088213719427586,0.024126222476505657,0.17473280429840088,-233.6914591710946,-233.84478479871592,-5.035773679524024,0.0012827121211955728,0.1338851685005693,False
79,1787908604.5149157,6264.39983359,7.8997416496276855,24000,24000,4637,817,1.9431884949764686,0.12695431549803715,1.8179999589920044,2.1180000782012938,-0.006262483540922403,0.012185003608465195,0.023105308748934877,0.17556136846542358,-236.25408597420005,-236.87806561472215,-5.029936453709446,0.411613436872301,0.5936426584239314,False
80,1787908604.6148045,6264.49965661,7.999630451202393,24000,24000,4615,844,1.9365604245832182,0.12395018572305386,1.8109999895095825,2.112500083446502,-0.0049598743207752705,0.00925454217940569,0.023742334075848342,0.13899581134319305,-239.89012925073018,-239.88599515578247,-5.0146562739841185,-0.22774713125167523,-0.025284626578269354,False
81,1787908604.713792,6264.59949369,8.098618030548096,24000,24000,4525,788,1.9360774094380704,0.13904659919838808,1.8053499639034272,2.18930002450943,-0.0062279291450977325,0.008356517180800438,0.022525994641493772,0.1366594433784485,-243.2238139724182,-242.87935090993133,-5.000248874146202,-0.5917859797694405,-0.6634134278064607,False
82,1787908604.8147202,6264.69933663,8.199546098709106,24000,24000,4600,835,1.9334251476619058,0.11667557965876635,1.8140000104904175,2.1217998981475827,-0.00894770585000515,0.01225610077381134,0.023633100852263163,0.19975613057613373,-245.63542184139067,-245.84869808998712,-4.978086729522656,0.024467051408549878,0.009050669730385152,False
83,1787908604.9149747,6264.79996183,8.299800634384155,24000,24000,4530,899,1.9256551728497888,0.10624420730034025,1.812999963760376,2.0675999164581293,-0.008367251604795456,0.010517142713069916,0.02286181886485133,0.17678795754909515,-248.88105314682696,-248.7841592124445,-4.977914964821575,-0.21350945428511636,-0.3538617334309606,False
84,1787908605.014882,6264.89980359,8.399708032608032,24000,24000,4515,876,1.9304805928713655,0.119855213231302,1.8049999475479126,2.103499948978424,-0.012784707359969616,0.012015346437692642,0.023474312940202698,0.2304341048002243,-251.84176396437863,-251.75072282393782,-4.992478906973068,-0.17697966048129388,-0.21169525124389565,False
85,1787908605.1145227,6264.99964191,8.499348640441895,24000,24000,4497,925,1.9298443224623396,0.11203452008002468,1.824399995803833,2.0828001022338865,-0.013523871079087257,0.01090998575091362,0.023336721192380075,0.22849635779857635,-254.6430901979579,-254.77789661404313,-4.990207130119694,0.010930955752854743,-0.1943848011416378,False
86,1787908605.2141614,6265.09949069,8.598987340927124,24000,24000,4663,979,1.9236108292354626,0.10854327790971392,1.8079999685287476,2.09210000038147,-0.010393933393061161,0.009578276425600052,0.022711026031727338,0.18642345070838928,-257.6030812845994,-257.761275117798,-4.994533284191596,0.04011949810950455,-0.3269878473498693,False
87,1787908605.313971,6265.19934313,8.69879698753357,24000,24000,4568,926,1.9258185740938454,0.11445261086431856,1.807500034570694,2.07874995470047,-0.017495498061180115,0.012498745694756508,0.023124905111068073,0.2798927426338196,-260.41946931648783,-260.7863770124602,-4.99190433772245,0.21803951079169792,0.3443748990052313,False
88,1787908605.4157686,6265.29998035,8.800594568252563,24000,24000,4473,935,1.9276406414368574,0.12430525117233168,1.809999942779541,2.0920999526977533,-0.013561566360294819,0.007301075384020805,0.023190672121796676,0.20401601493358612,-263.8673962032957,-263.77695539613075,-4.994433675662401,-0.1759409366844693,-0.5537324987624856,False
89,1787908605.5146163,6265.39981417,8.899442195892334,24000,24000,4409,855,1.9205555565873085,0.11894809867993054,1.809999942779541,2.046600031852722,-0.017157595604658127,0.009547297842800617,0.023343575471973143,0.2638360857963562,-266.86887545885065,-266.76753805612174,-4.992205356331473,-0.21197289639280825,-0.4318241045611444,False
90,1787908605.6141593,6265.49965455,8.998985290527344,24000,24000,4567,936,1.9273472224545276,0.1275767907727475,1.8017500340938568,2.0869999527931213,-0.019483868032693863,0.009628704749047756,0.02346796303957771,0.2836301028728485,-269.8007158062331,-269.70483223347026,-4.979075589895472,-0.15750180814478654,-0.5056149812842818,False
91,1787908605.7138238,6265.59948703,9.098649740219116,24000,24000,4568,919,1.9300021772415776,0.13069616300659084,1.8049999475479126,2.1253000020980832,-0.012160832062363625,0.006643698085099459,0.023767317253840004,0.18723635375499725,-272.4670790912521,-272.69809477525706,-5.000246785775192,0.16608701684106109,0.0009322090280647899,False
92,1787908605.814433,6265.69932279,9.199259042739868,24000,24000,4427,858,1.9239708607569164,0.12545012698583233,1.8009999990463257,2.071000099182129,-0.014973451383411884,0.011323655024170876,0.023094451635686342,0.2503465712070465,-275.5269320670772,-275.7130795437464,-5.006541047941273,0.1245319124070079,0.05339629450037364,False
93,1787908605.9148395,6265.79996279,9.299665451049805,24000,24000,4460,869,1.9277146153400628,0.12249707585978646,1.8029999732971191,2.1017999649047843,-0.012671580538153648,0.008042881265282631,0.022963272097358513,0.20253035426139832,-278.96185663210844,-278.71893116399826,-5.005302098579475,-0.2981816454621935,-0.1589551668046738,False
94,1787908606.0149295,6265.89980665,9.399755477905273,24000,24000,4548,959,1.9326027109675163,0.12869389912539592,1.80589998960495,2.1428999662399284,-0.011280464008450508,0.007782012224197388,0.023195088128662514,0.18653877079486847,-281.60382072871334,-281.77304350122944,-5.011255361490914,0.06257376235470247,0.2090630441547887,False
95,1787908606.1145093,6265.99964451,9.499335289001465,24000,24000,4654,967,1.9359555340602208,0.13411469033561196,1.8063000082969665,2.1544999599456776,-0.014641871675848961,0.006978009361773729,0.023191862557490135,0.21388235688209534,-284.673983626178,-284.80901329320193,-4.98227174158762,-0.02017619878466803,0.04612651581544469,False
96,1787908606.2140841,6266.09948993,9.598910093307495,24000,24000,4515,915,1.9403267773122734,0.14052463851867392,1.8037000060081483,2.1612999677658076,-0.01580970361828804,0.013577446341514587,0.023454899447788842,0.27861371636390686,-287.8473033581304,-287.7761775096849,-4.979546127819766,-0.20623319905195103,-0.18457769138262847,False
97,1787908606.3138328,6266.19933197,9.69865870475769,24000,24000,4533,987,1.9399929104604983,0.14457738268830414,1.8042999982833863,2.1643999576568596,-0.014692310243844986,0.009168443270027637,0.02299474874651348,0.23068390786647797,-290.39708851408017,-290.74859841015314,-4.985767865140874,0.23645862347882485,0.21422445680400415,False
98,1787908606.4156675,6266.29996183,9.800493478775024,24000,24000,4590,949,1.9330463643069011,0.11505297971143509,1.815999984741211,2.0702000617980953,-0.015368463471531868,0.010847038589417934,0.022987936928326468,0.24684754014015198,-293.7535038663705,-293.7225958077332,-4.973481715398768,-0.06489448358115624,-0.013211328156728541,False
99,1787908606.514724,6266.39981427,9.899549961090088,24000,24000,4719,981,1.9389296642501785,0.11831994350145844,1.819000005722046,2.0880000591278076,-0.01367566641420126,0.018151521682739258,0.022382707234139054,0.29404252767562866,-296.67408485196523,-296.7367725063432,-4.965610365467219,-0.013762494052400598,-0.20671194262070003,False
100,1787908606.6142266,6266.49965431,9.99905252456665,24000,24000,4593,996,1.9422459853700844,0.11716274465894642,1.8124999701976776,2.0950000882148743,-0.012664222158491611,0.014228878542780876,0.022313053030031862,0.2482042759656906,-299.8923953604421,-299.6881396572959,-4.96623451268431,-0.24697750922416617,-0.33168720878126123,False
101,1787908606.713858,6266.59949797,10.098683834075928,24000,24000,4632,1005,1.95066069512818,0.12730692155413345,1.8192000150680543,2.14220004081726,-0.012701082974672318,0.01682327687740326,0.02254107947923588,0.275875061750412,-302.71691391159914,-302.6489668741683,-4.973359170572825,-0.08253816204245368,-0.7532701713901702,False
102,1787908606.8143654,6266.69934047,10.199191331863403,24000,24000,4639,1042,1.947205373970881,0.11470322596490713,1.820050048828125,2.087950050830841,-0.012152228504419327,0.017617840319871902,0.021919081630110426,0.27999821305274963,-305.95897117325995,-305.6161906122044,-4.987986420916584,-0.3093517133296473,-0.9451921961153857,False
103,1787908606.9153194,6266.79997567,10.300145387649536,24000,24000,4924,1110,1.95583603725777,0.12608743714809076,1.8240000009536743,2.118199908733368,-0.015131230466067791,0.018760807812213898,0.022555239085663044,0.31687986850738525,-308.63374607723205,-308.60517889933215,-4.991178997074705,0.044513916457390224,-0.45607036115200117,False
104,1787908607.0149786,6266.89980917,10.399804592132568,24000,24000,4702,989,1.947303335273712,0.0970350856799957,1.8283999681472778,2.0676000118255615,-0.01287214457988739,0.02258729375898838,0.021324226105997737,0.34161603450775146,-311.0670565576142,-311.62548405820235,-4.989030507581449,0.6009981888379343,-0.10086500541041232,False
105,1787908607.114504,6266.99965605,10.499330043792725,24000,24000,4739,1006,1.9447127263067256,0.09906951321362387,1.8250000476837158,2.064750015735626,-0.0094137042760849,0.022874876856803894,0.020911724581497454,0.32340893149375916,-314.0788370843916,-314.63178446709736,-4.98471858807051,0.574999805149389,-0.13733605165987228,False
106,1787908607.2140932,6267.09949133,10.598919153213501,24000,24000,4772,1081,1.95235337822885,0.1141607965481003,1.8300000429153442,2.068000078201294,-0.010114476084709167,0.023134086281061172,0.021366072529035475,0.3276887536048889,-317.7673949459863,-317.62592100291954,-4.979996906870938,-0.1258661686454161,-0.8685132296156439,False
107,1787908607.3138127,6267.19932777,10.698638677597046,24000,24000,4788,1039,1.9497613103717881,0.11774943339807,1.8270000219345093,2.0992999792098996,-0.008473878726363182,0.024419210851192474,0.02102229096970748,0.33237922191619873,-320.68068865684984,-320.5926541542299,-4.986652223819692,-0.047555518461877,-0.4846610222724621,False
108,1787908607.4153671,6267.29996975,10.800193071365356,24000,24000,4951,1098,1.9367668492980776,0.09034646350584778,1.8250000476837158,2.051150107383728,-0.0067153084091842175,0.018084021285176277,0.021408596398416264,0.25063732266426086,-323.3456904294047,-323.5368755750121,-4.980679850932183,0.33409349436243474,0.2936141373927512,False
109,1787908607.5145848,6267.39978665,10.899410724639893,24000,24000,4797,1068,1.9497537470042483,0.11313751902288095,1.8320000171661377,2.072999954223633,-0.008480295538902283,0.020609213039278984,0.02098037586089021,0.28604215383529663,-326.0253265008497,-326.51860361851584,-4.9910604292570335,0.6310055569349515,0.21976471761001903,False
110,1787908607.6143594,6267.49962531,10.99918532371521,24000,24000,4786,1041,1.9475408288633216,0.10264166043817045,1.8359999656677246,2.0980000495910645,-0.007043037097901106,0.020739557221531868,0.02092499524998693,0.27826446294784546,-329.9543084760903,-329.4735569247205,-5.0109999756255075,-0.3047198062164398,-0.6627219414650085,False
111,1787908607.7139237,6267.59947511,11.09874963760376,24000,24000,4824,1050,1.9550561924207779,0.11394936394585593,1.8394500076770783,2.1185500621795645,-0.006454791873693466,0.020048962906003,0.02176354712293377,0.27391207218170166,-333.044407483339,-332.51733188897487,-5.041323334425733,-0.4078707962642625,-0.7386253631912041,False
112,1787908607.8146067,6267.69932125,11.199432611465454,24000,24000,5032,1052,1.9517918261964964,0.113184118194396,1.8259999752044678,2.1343499064445495,-0.00467841699719429,0.018427839502692223,0.020252037889799637,0.24311093986034393,-335.7600411669731,-335.57568908921905,-5.05957557649055,-0.10299645451578954,-0.43528120957836336,False
113,1787908607.915281,6267.79996397,11.3001070022583,24000,24000,4824,1022,1.9534412908227476,0.1132405141118223,1.8329999446868896,2.092899942398071,-0.005170160438865423,0.018598981201648712,0.021057560680474385,0.2513664662837982,-338.43925624348293,-338.66945433256353,-5.044540047163278,0.2380390006880475,-0.12567200404981804,False
114,1787908608.0154781,6267.89980171,11.400304079055786,24000,24000,4797,985,1.957611166765242,0.12241760844360118,1.8309999704360962,2.1474000930786126,-0.006712626665830612,0.01681394688785076,0.021080154874583833,0.2336101084947586,-341.39787545662267,-341.7348225328833,-5.038395473226651,0.28535081022960185,0.08652410625740004,False
115,1787908608.1149385,6267.99966079,11.499764442443848,24000,24000,4785,982,1.9593747485193846,0.13434118980652002,1.8350000381469727,2.182550084590911,-0.005068343598395586,0.014111901633441448,0.021327748053296774,0.19528408348560333,-344.16201314935984,-344.7790267403887,-5.02816007135204,0.5050426002586619,0.3512967296144893,False
116,1787908608.2143145,6268.09950911,11.599140405654907,24000,24000,4969,964,1.9527665959106937,0.1214446388934275,1.827150011062622,2.163499963283538,-0.007977006025612354,0.011720323003828526,0.021427667270848005,0.18304629623889923,-347.24550984950906,-347.7754559042983,-5.019027849806798,0.40284336179803404,0.3921034209396339,False
117,1787908608.3137627,6268.19934821,11.698588609695435,24000,24000,4856,846,1.9605331005215927,0.13980132631740322,1.8192500174045563,2.240500032901764,-0.007295816671103239,0.00803173054009676,0.021190647799644826,0.14092811942100525,-350.88753255741653,-350.82406457885753,-5.0128833819325145,-0.25571464604081484,-0.6520655143471572,False
118,1787908608.417536,6268.29999493,11.802361965179443,24000,24000,4776,835,1.9631928125541367,0.1437605405907975,1.8250000476837158,2.2711999416351314,-0.009168777614831924,0.007335403002798557,0.021746805022406324,0.15174013376235962,-353.9339386084779,-353.84051458155614,-4.993407235704979,-0.1889006457069513,-0.407083750908555,False
119,1787908608.5147164,6268.39982939,11.899542331695557,24000,24000,4819,821,1.950014615175059,0.12117498811407944,1.8229999542236328,2.2060000896453857,-0.011096968315541744,0.005161833018064499,0.021740732372631327,0.15694975852966309,-356.9292649366863,-356.80702182546406,-4.982276555897733,-0.26879782325522683,-0.6124337846464982,False
120,1787908608.615542,6268.49967497,12.000367879867554,24000,24000,4969,838,1.953301910853329,0.1357799027055501,1.8238499939441681,2.19675008058548,-0.01216774433851242,0.005217000842094421,0.02227418674044382,0.1680687963962555,-360.57676472011894,-359.7497114389767,-4.989880250622753,-0.8915123253605657,-1.2695798912008627,False
121,1787908608.7147753,6268.59950447,12.09960126876831,24000,24000,5012,893,1.94062709781651,0.12024371157442823,1.8170000314712524,2.1444000244140624,-0.012762482278048992,0.0003118928871117532,0.022370741486462755,0.16457229852676392,-362.9329525562459,-362.75804953115687,-4.999275809953561,-0.27067995574361703,-0.3197542212928397,False
122,1787908608.8148859,6268.69933451,12.199711799621582,24000,24000,4855,853,1.9389320043159117,0.11056753793775484,1.8206000089645387,2.117400074005127,-0.012859450653195381,0.005167624447494745,0.022050239660791678,0.17845584452152252,-365.71796241626674,-365.77402367010393,-5.002957970227722,-0.05235518757802993,0.08860646778288128,False
123,1787908608.9149413,6268.79997789,12.299767255783081,24000,24000,4875,848,1.9431886785435226,0.12204862572781756,1.8133499801158905,2.1708500027656554,-0.013835765421390533,0.004660068545490503,0.023003381252661364,0.18871228396892548,-368.5645192837438,-368.78018824997076,-4.999763133275983,0.10277032208915671,-0.003895752161895416,False
124,1787908609.01523,6268.89982973,12.400055885314941,24000,24000,5014,905,1.940414366142526,0.11807448329264612,1.8211999893188477,2.1470000743865967,-0.008464351296424866,0.005338896997272968,0.021649917763994886,0.12807999551296234,-371.7143441640241,-371.74785355795296,-4.994530682132157,-0.038376936374788784,0.00028555987722711507,False
125,1787908609.1150098,6268.99966501,12.499835729598999,24000,24000,5015,835,1.9364071864567831,0.11398122632604298,1.8209999799728394,2.131500053405761,-0.012823550030589104,0.0028138996567577124,0.022471700712536728,0.1732116937637329,-374.23263053537966,-374.7593983049955,-4.973422789545563,0.43675066160096776,0.8040707833043825,False
126,1787908609.2146018,6269.09950851,12.599427700042725,24000,24000,4885,861,1.9421660873809619,0.12369213571162828,1.8220000267028809,2.1600000858306885,-0.012235525995492935,0.0043214247561991215,0.022019403909591184,0.16949686408042908,-377.50719098159067,-377.7349145372504,-4.957060656499894,0.14996793441287082,-0.0590572942311951,False
127,1787908609.3139348,6269.19933191,12.698760747909546,24000,24000,4873,858,1.946524476393675,0.13700558229474225,1.8238499939441681,2.178149962425232,-0.014132757671177387,0.0046934401616454124,0.02232321191988779,0.19589287042617798,-380.23679134689667,-380.6481001326837,-4.947129881566656,0.40037756245089895,0.5951298421495039,False
128,1787908609.4165118,6269.29996733,12.801337718963623,24000,24000,4970,881,1.9356549370708314,0.12166213426968614,1.812000036239624,2.1470000743865967,-0.017154915258288383,0.006101218517869711,0.02224120906615318,0.23567454516887665,-383.5115978204576,-383.5806548231154,-4.971221127440319,0.2028993838794122,0.8184836565378646,False
129,1787908609.514676,6269.39981503,12.899502038955688,24000,24000,5056,926,1.9415140394000718,0.12839749952365193,1.815999984741211,2.1725000143051147,-0.01377355121076107,0.008651337586343288,0.02188391570726188,0.21493659913539886,-386.8291784149272,-386.5120358481073,-4.971537438409874,-0.16973327182984121,-0.11574850629506273,False
130,1787908609.6146092,6269.49965757,12.999435186386108,24000,24000,4855,962,1.9311632031958217,0.10454654130093831,1.8150500535964966,2.1125499248504633,-0.013917779549956322,0.004533445928245783,0.022006507800181558,0.19548743963241577,-389.66406057321905,-389.511505939093,-5.005957731317946,-0.006602337759488819,-0.2004497002876633,False
131,1787908609.7141452,6269.59948961,13.098971128463745,24000,24000,4869,939,1.9370756127709905,0.12297486298311923,1.8169000267982482,2.1512000322341915,-0.015783125534653664,0.009257839992642403,0.021986787775010976,0.24199803173542023,-392.5795258614739,-392.58066975920434,-5.034287181816389,0.06402923155872031,-0.30028467499647604,False
132,1787908609.8264117,6269.69934083,13.211237668991089,24000,24000,4253,812,1.9346662548375246,0.10858201887324596,1.8185499846935271,2.1196499705314626,-0.018674336373806,0.01203244086354971,0.023218672793458427,0.2904861569404602,-395.7192199148227,-395.6510206438441,-5.048632038147735,0.29235236759683403,-0.16286772298229835,False
133,1787908609.9139445,6269.79997753,13.298770427703857,24000,24000,5052,1018,1.9321944993465026,0.10402592962219012,1.8209999799728394,2.088300037384033,-0.016622507944703102,0.00939785223454237,0.02220965667911761,0.2549028694629669,-398.726714120316,-398.7036030506045,-5.048632038147735,-0.0891427236968525,-0.794674563746014,False
134,1787908610.0153627,6269.89980943,13.400188684463501,24000,24000,4916,992,1.937080645873662,0.11157274842887091,1.8135499894618987,2.126450002193451,-0.01912507601082325,0.013663549907505512,0.022223377610189193,0.309948205947876,-402.02059425988915,-401.7574896977545,-5.06054258299933,-0.3404562135838205,-1.0399052757855998,False
135,1787908610.1146514,6269.99964597,13.49947738647461,24000,24000,4833,958,1.9375302730622024,0.11024219365174387,1.82284996509552,2.1067499637603757,-0.021242471411824226,0.015611376613378525,0.022166312693944163,0.34342584013938904,-404.2412620161506,-404.8417528528888,-5.053851111486425,0.4175556395426838,-0.20374448009704338,False
136,1787908610.2156217,6270.09947539,13.600447654724121,24000,24000,4802,1005,1.9424169143040975,0.12828989406802033,1.8140000104904175,2.145199918746948,-0.016544099897146225,0.016814475879073143,0.022189061343342666,0.31225451827049255,-407.0827063652854,-407.8639191212845,-5.030196143410631,0.6052382010971087,-0.048122473290334256,False
137,1787908610.3145359,6270.19931537,13.699361801147461,24000,24000,4950,1070,1.9411626179641652,0.11400980407989718,1.819000005722046,2.110200011730194,-0.013320915400981903,0.017456786707043648,0.02142315141663896,0.2887677550315857,-410.6725744546858,-410.88192264813677,-5.021846907439225,-0.017187016522598242,-0.43783798407724817,False
138,1787908610.4147484,6270.29995077,13.799574375152588,24000,24000,4816,1074,1.9445316565103372,0.1147658826983927,1.8220000267028809,2.1233999609947203,-0.0174852441996336,0.021029284223914146,0.021116398730321874,0.3578578233718872,-414.0909007625329,-413.8875530135687,-5.021846907439225,-0.4291173825639589,-1.1866744284051833,False
139,1787908610.5154486,6270.39979565,13.900274515151978,24000,24000,4813,1117,1.943757387496791,0.11864464827696397,1.8157999992370606,2.1137999534606937,-0.01612473651766777,0.022808559238910675,0.021439335532561613,0.36719396710395813,-417.55456666976175,-416.9185744550135,-4.996178769253429,-0.8717602770724397,-1.7901031648741537,False
140,1787908610.614575,6270.49962117,13.999400854110718,24000,24000,4830,1116,1.9496138030696513,0.11173615396092362,1.8247500360012054,2.1262499690055847,-0.015416473150253296,0.026180444285273552,0.02020399988047534,0.39630869030952454,-419.97366284625866,-419.92160936620445,-4.994359564739574,-0.31704776608501106,-1.1356505843564264,False
141,1787908610.714137,6270.59947123,14.098963022232056,24000,24000,4951,1185,1.9522708859624742,0.11755839098847745,1.8220000267028809,2.1327999114990233,-0.013362888246774673,0.02409445308148861,0.020622820043271234,0.3611937463283539,-423.05452272462526,-422.89709219531585,-4.99284619522935,-0.41102400066796463,-0.4472516183687958,False
142,1787908610.8163877,6270.69931579,14.201213598251343,24000,24000,4907,1168,1.9486190081663328,0.11292015387784368,1.8209999799728394,2.1202500224113456,-0.015460507944226265,0.026229320093989372,0.02092582820302976,0.4021044373512268,-425.7544467783752,-425.8680645946898,-4.994598058554109,-0.043411671449064215,0.027639697617132697,False
143,1787908610.91532,6270.79994265,14.300145864486694,24000,24000,4800,1102,1.954006353112617,0.11401583640744854,1.8240500032901763,2.108949971199036,-0.015109382569789886,0.02488056570291519,0.021020437331781192,0.37727129459381104,-428.91645673292106,-428.8887373364554,-4.983398176412909,-0.23743515646879132,-0.3115379935043734,False
144,1787908611.0157225,6270.89979399,14.400548458099365,24000,24000,4775,1112,1.9518875919228835,0.11164660546598631,1.827549982070923,2.124000072479248,-0.013404314406216145,0.02345452457666397,0.02108495394926757,0.35295164585113525,-431.7924764315346,-431.850776959927,-4.972337153412616,-0.10135828955094439,-0.10056749613227112,False
145,1787908611.1150563,6270.99963851,14.499882221221924,24000,24000,4713,1086,1.9528139954772443,0.12333887976352709,1.815250039100647,2.152000069618225,-0.01612045057117939,0.024205666035413742,0.02117550876995695,0.37602487206459045,-434.45423222911563,-434.85601912956673,-4.958323258263332,0.21691736401783146,0.2083547149462106,False
146,1787908611.2146208,6271.09950123,14.599446773529053,24000,24000,4841,1052,1.954592203459359,0.11828186343489464,1.8325499773025513,2.0884500265121457,-0.013249578885734081,0.021231917664408684,0.02153339418720252,0.32453253865242004,-437.65042414669074,-437.7699958747809,-4.967254839732825,0.007680616245465899,-0.18685436817787604,False
147,1787908611.3144064,6271.19932183,14.699232339859009,24000,24000,4722,1008,1.955198412613263,0.12649921023182648,1.8240000009536743,2.1516000509262083,-0.015019004233181477,0.019212447106838226,0.021921006975192864,0.32038331031799316,-440.8311387469092,-440.6491622184409,-4.9592172444432085,-0.17944835219566357,0.12008954446821463,False
148,1787908611.41617,6271.29995591,14.800995826721191,24000,24000,4588,954,1.9455545077283927,0.11658181936075204,1.8209999799728394,2.0910000801086426,-0.014940979890525341,0.019925957545638084,0.021137580530051617,0.32657718658447266,-443.5397544833616,-443.5828130271501,-4.959850810230011,0.16485952860989528,0.42529453431416187,False
149,1787908611.5148537,6271.39978739,14.89967966079712,24000,24000,4624,916,1.9523973774701748,0.12437229709317009,1.8277499675750732,2.1237499117851257,-0.014376593753695488,0.019906040281057358,0.021927950022274947,0.3213837444782257,-446.0901195934396,-446.5412833348431,-4.96915030070481,0.5750278768633734,0.8248361240486588,False
150,1787908611.6145113,6271.49963481,14.999337196350098,24000,24000,4770,987,1.9479361690407224,0.1216417244422162,1.8229999542236328,2.1174999952316282,-0.011169509962201118,0.018040629103779793,0.02136379421083997,0.2812817096710205,-449.58168677072985,-449.5542576566925,-4.985827415515722,0.07320538412250244,0.413085208890152,False
151,1787908611.7142718,6271.59947525,15.099097728729248,24000,24000,4566,888,1.94886486554468,0.12448143342386797,1.8250000476837158,2.098650002479553,-0.01548057422041893,0.0191041249781847,0.021766233979021637,0.32460638880729675,-452.79770825869844,-452.58252326346275,-5.013239799516502,-0.14998149526979887,0.05332007936044647,False
152,1787908611.8156993,6271.69930949,15.200525283813477,24000,24000,4525,881,1.9509046547258617,0.1313792144310287,1.8200000524520874,2.1619999408721924,-0.01510822307318449,0.018325719982385635,0.02129877776603324,0.3130020797252655,-455.75504515811724,-455.635863359917,-5.007153136085124,-0.06447279352784108,0.06395209546002434,False
153,1787908611.9157455,6271.79994923,15.30057144165039,24000,24000,4525,879,1.9404243455947598,0.11273698211576277,1.812000036239624,2.121200037002563,-0.018169943243265152,0.020681601017713547,0.021233745709084102,0.35624974966049194,-458.01615646667705,-458.61934104232563,-5.0141458039810285,0.6758193235819476,0.8473340817859594,False
154,1787908612.0159526,6271.89977821,15.400778532028198,24000,24000,4665,919,1.9446833529332257,0.11479636908477468,1.8300000429153442,2.107000088691709,-0.014906940050423145,0.023643333464860916,0.020696612534094265,0.3607463538646698,-461.67504611272386,-461.65134538652495,-5.018273690681644,0.02316110949686845,0.1768651254973861,False
155,1787908612.1141942,6271.99961479,15.499020099639893,24000,24000,4669,918,1.9450010893651344,0.12791347594106028,1.8218500196933747,2.136749935150146,-0.014565866440534592,0.01659044809639454,0.022108686442085235,0.2880106270313263,-464.3866504061605,-464.702419953352,-5.009751257427703,0.25882219784074323,0.6979749454284843,False
156,1787908612.2143645,6272.09945875,15.599190473556519,24000,24000,4573,922,1.939413232037923,0.1258367492075016,1.812000036239624,2.1730000972747803,-0.016488652676343918,0.014445037581026554,0.022190990017473686,0.2849660813808441,-467.811975215717,-467.7167431452043,-5.007112974413199,-0.16137268044883513,0.004964493947397841,False
157,1787908612.3142054,6272.19929877,15.699031352996826,24000,24000,4514,875,1.9336057145254952,0.10793743173760993,1.815999984741211,2.0901000499725337,-0.016087668016552925,0.01865474134683609,0.02198060814993066,0.3176095485687256,-470.9785895696235,-470.70979148677634,-5.006800967166566,-0.3327419989339546,-0.18385208765710104,False
158,1787908612.4159343,6272.29992859,15.800760269165039,24000,24000,4555,864,1.941787036066806,0.12972244728270144,1.815999984741211,2.144549977779388,-0.01448333915323019,0.018944982439279556,0.02170971688590723,0.30717936158180237,-473.7083576495521,-473.6923485291055,-5.030018381089529,-0.010623588882140211,0.00939940339566192,False
159,1787908612.5148523,6272.39976307,15.899678230285645,24000,24000,4654,974,1.933519506478946,0.12737690770157184,1.7990000247955322,2.1023499727249146,-0.017824415117502213,0.012630666606128216,0.022064587471638978,0.2873649001121521,-476.8860997956598,-476.7131200345081,-5.031114983446536,-0.22080842157851066,-0.12976425962636995,False
160,1787908612.6146235,6272.49960953,15.999449491500854,24000,24000,4455,872,1.950131880444124,0.14512437103738346,1.8140000104904175,2.2154999613761897,-0.014171918854117393,0.0173849705606699,0.02124663274708714,0.28781363368034363,-479.9839822625266,-479.7234885853587,-5.022699456173965,-0.3255344127828721,-0.2562561475907046,False
161,1787908612.7146986,6272.59944779,16.09952449798584,24000,24000,4453,891,1.9394186317719995,0.12635063788191112,1.815000057220459,2.1269999742507935,-0.014993229880928993,0.017416711896657944,0.021457480147809467,0.29712989926338196,-482.47554260309033,-482.69366110534145,-5.0343888841947555,0.18517413715460407,-0.06963797394928406,False
162,1787908612.815904,6272.69928819,16.200729846954346,24000,24000,4467,896,1.9341183036033596,0.11681602406512706,1.8070000410079956,2.0712499618530273,-0.0160467941313982,0.01658042147755623,0.02130322212137736,0.2998238503932953,-485.2204368329439,-485.72881577847704,-5.040134927628176,0.47645928347770905,0.58656890840507,False
163,1787908612.9146442,6272.79994063,16.29947018623352,24000,24000,4523,890,1.9347146073084198,0.11139077646187447,1.8094499826431274,2.1162499666213983,-0.01578746736049652,0.017730483785271645,0.021347789293222775,0.30647367238998413,-488.990586859258,-488.82756013802793,-5.01733586700152,-0.3314621178511743,-1.0921816315996011,False
164,1787908613.0154696,6272.89977385,16.40029549598694,24000,24000,4432,942,1.9412144383300896,0.1321853208669244,1.8041000187397003,2.1267500877380368,-0.01679072342813015,0.014331605285406113,0.021097009187128497,0.2881273329257965,-491.6635433372325,-491.77619157829156,-5.0067537957701775,0.020359532899647093,0.21499525854898138,False
165,1787908613.1139922,6272.99962367,16.498818159103394,24000,24000,4426,917,1.9359214847974455,0.12147972268034442,1.8086000204086303,2.078200054168701,-0.01859220676124096,0.016872279345989227,0.021516485843467034,0.3248823285102844,-494.3152983306126,-494.7773953954108,-5.005703268051619,0.32430283895700995,1.2283358833190618,False
166,1787908613.2150714,6273.09946851,16.599897384643555,24000,24000,4422,903,1.9520686586301852,0.14197948772190705,1.8170000314712524,2.2334999799728394,-0.020474502816796303,0.021776121109724045,0.022065925666951487,0.3836009204387665,-497.3577524704783,-497.79829201348946,-4.982949746123669,0.3142443488553681,0.75474979856034,False
167,1787908613.3139918,6273.19931947,16.69881772994995,24000,24000,4628,958,1.9339154497068958,0.11306611517730437,1.809000015258789,2.083299958705902,-0.01953517086803913,0.021382588893175125,0.020768507243471495,0.3664446473121643,-500.80996404365504,-500.77327001729043,-4.982949746123669,-0.17033838489089703,-0.3506014104529527,False
168,1787908613.415109,6273.29995245,16.79993486404419,24000,24000,4490,937,1.9437097116366522,0.126238885154209,1.809000015258789,2.1080000400543213,-0.01608283631503582,0.020581956952810287,0.02191159708681433,0.33404186367988586,-504.43310161300604,-503.80135854072074,-4.993986477579212,-0.7599430407734644,-0.6126444972175022,False
169,1787908613.515348,6273.39981635,16.900173902511597,24000,24000,4522,919,1.9401033736676205,0.1204243924149915,1.8200000524520874,2.078799915313719,-0.016038399189710617,0.023293625563383102,0.021891794666381633,0.3590252697467804,-506.88135401170655,-506.80122160085267,-4.979759942699942,-0.20100555885574067,-0.23649148569808176,False
170,1787908613.6147456,6273.49966253,16.999571561813354,24000,24000,4517,939,1.939413208423204,0.1146526880516636,1.819000005722046,2.0512001037597654,-0.014833095483481884,0.01961931772530079,0.022290443984948113,0.3151814639568329,-509.40620679955373,-509.77647945735475,-4.993719252098834,0.2560900017598442,0.6028881375844435,False
171,1787908613.713859,6273.59948749,17.098685026168823,24000,24000,4621,930,1.9447774162856482,0.12499793303329773,1.8220000267028809,2.086549925804138,-0.014875920489430428,0.02153431996703148,0.022951895029135746,0.33118247985839844,-513.3968244892866,-512.7568651303932,-4.993719252098834,-0.7611052409920376,-0.8051126949350191,False
172,1787908613.8149538,6273.69931627,17.199779748916626,24000,24000,4701,963,1.950525442511617,0.13079931150271756,1.8140000104904175,2.121000051498413,-0.014056432992219925,0.02399696595966816,0.021681501495037288,0.3531627953052521,-515.9236255631081,-515.7182842707124,-5.002587380564539,-0.25504574592514473,-0.28406877556722065,False
173,1787908613.9141219,6273.79995567,17.29894781112671,24000,24000,4539,958,1.9394749478905584,0.1107371939520669,1.8158499956130982,2.0881500482559203,-0.012099066749215126,0.0208382997661829,0.022155028882029238,0.31099653244018555,-517.8925307612237,-518.714179897583,-5.001820478175817,0.7511094487786067,1.2618828674973201,False
174,1787908614.0151014,6273.89979401,17.399927377700806,24000,24000,4521,924,1.9457532470618493,0.10959424568379993,1.8221500158309936,2.0840001106262207,-0.010370475240051746,0.024663565680384636,0.021637931567811533,0.3385990560054779,-521.9517200059918,-521.7275556007341,-4.999274418617518,-0.2786739338255302,0.24445974108721202,False
175,1787908614.1140187,6273.99964627,17.498844623565674,24000,24000,4703,990,1.953290907060257,0.12369487178857491,1.824450021982193,2.1167499780654895,-0.009067232720553875,0.024631353095173836,0.022219585752983852,0.3373684287071228,-524.7831222504764,-524.7141453004351,-4.9883314133432775,-0.14254032270457628,0.02581042107067333,False
176,1787908614.214628,6274.09948285,17.599453926086426,24000,24000,4727,1005,1.946751243558096,0.1141428152900931,1.8209999799728394,2.0950000286102286,-0.008250652812421322,0.02317587286233902,0.021478716739366487,0.3156335651874542,-526.9684879597216,-527.6885036561688,-4.994956562917895,0.6903918394411903,1.6232970490843854,False
177,1787908614.3143315,6274.19931777,17.69915747642517,24000,24000,4560,994,1.948252513135223,0.12030193095674428,1.8200000524520874,2.0910000801086426,-0.008037695661187172,0.023050572723150253,0.021968278180499897,0.312039852142334,-530.8266937649056,-530.6424699354163,-4.989012787317981,-0.17668882902398764,0.2302009865530863,False
178,1787908614.415278,6274.29994905,17.800103902816772,24000,24000,4538,1010,1.9508881203018793,0.12594000662522462,1.8204500198364257,2.1245500326156614,-0.00956583209335804,0.020206214860081673,0.023188112864775928,0.28987517952919006,-533.2830827436256,-533.6521696107962,-4.999101576884032,0.39533384275387107,0.4927093198585908,False
179,1787908614.5149744,6274.39979831,17.899800300598145,24000,24000,4605,991,1.947118064469454,0.11586042299151533,1.824500024318695,2.0800000429153442,-0.008683026768267155,0.02045176923274994,0.02244716982250892,0.2842159867286682,-536.2985806015508,-536.6995571429746,-4.999101576884032,0.3707465434899859,0.5709230836340566,False
180,1787908614.614454,6274.49964021,17.999279975891113,24000,24000,4775,1002,1.9532534930996315,0.1141332753066394,1.8301500380039215,2.1108000636100765,-0.007769064977765083,0.02596077136695385,0.02235059046876997,0.3431641161441803,-539.8399098155802,-539.719964970232,-4.9984946261314445,-0.18617382701802399,-0.09594638833107183,False
181,1787908614.71407,6274.59949255,18.098896026611328,24000,24000,4574,926,1.9473304539983267,0.11109233279685016,1.8182499706745148,2.112250030040741,-0.007893078960478306,0.023989321663975716,0.021739590706618468,0.3166661858558655,-543.1646882252602,-542.6947549774089,-5.011803187940196,-0.522452104881836,-0.6564221786960616,False
182,1787908614.8152509,6274.69932721,18.200076818466187,24000,24000,4577,958,1.9550177446237935,0.12665073186750614,1.8220000267028809,2.1673000335693358,-0.006802485324442387,0.020429100841283798,0.02352222713227902,0.27479612827301025,-546.190823593558,-545.7631899318665,-5.012984644784583,-0.5131448150000324,-0.7627024865275871,False
183,1787908614.915363,6274.79995799,18.30018901824951,24000,24000,4540,919,1.9500467896591203,0.11378224430105599,1.8256999731063843,2.0860999584198,-0.007564309984445572,0.020382188260555267,0.022765131389590396,0.27447769045829773,-548.3318314590509,-548.7927571706053,-4.996587700436726,0.34923201590686404,0.2098683995840247,False
184,1787908615.0154703,6274.89980877,18.400296211242676,24000,24000,4754,990,1.9525727269625424,0.11358376647520137,1.8240000009536743,2.1016499161720272,-0.009784343652427197,0.019950877875089645,0.022724877077827714,0.2865273654460907,-551.7410755385334,-551.7515213087772,-5.00171988582904,-0.05677757181604193,0.11717158886949619,False
185,1787908615.114481,6274.99965993,18.49930691719055,24000,24000,4651,906,1.9481125822656729,0.1126773141364493,1.815999984741211,2.0824999809265137,-0.010161753743886948,0.020535506308078766,0.022871792426399758,0.2888540029525757,-554.9100623833427,-554.7556877505624,-5.013881104907454,-0.2554247410694188,-0.4197004919905112,False
186,1787908615.2150772,6275.09949173,18.599903106689453,24000,24000,4547,881,1.9514506273183054,0.11253788629739614,1.8240000009536743,2.0829999446868896,-0.007861278019845486,0.02061336673796177,0.02242953379203882,0.2763107717037201,-557.672993937651,-557.745038053006,-5.011502605409802,-0.00045181709185726504,0.2014542300649964,False
187,1787908615.3142474,6275.19933533,18.699073314666748,24000,24000,4532,926,1.9522775375559829,0.12316120537267952,1.8140000104904175,2.115749955177307,-0.004895609337836504,0.016687965020537376,0.02301619891911337,0.22467321157455444,-560.8321931916232,-560.7046515270657,-5.011502605409802,-0.1845263048275001,-0.2037043207010356,False
188,1787908615.4142299,6275.29996809,18.799055814743042,24000,24000,4783,968,1.9529504140546499,0.12371538803510784,1.8123500108718873,2.1262499809265134,-0.0061672767624258995,0.016647372394800186,0.02276515108996327,0.22855593264102936,-563.3870323870848,-563.7605572580021,-5.018246160901758,0.2601281806693123,0.24189024512020296,False
189,1787908615.5150075,6275.39980475,18.89983344078064,24000,24000,4630,921,1.95413897829646,0.12009677390936818,1.8240000009536743,2.125,-0.008486544713377953,0.020021148025989532,0.02247143880608301,0.2738786041736603,-566.569629050617,-566.7624155061638,-4.973227647722722,0.10087912547965061,-0.1930406962910638,False
190,1787908615.6144214,6275.49965695,18.999247312545776,24000,24000,4605,963,1.9476303228584282,0.12287403316300813,1.804100012779236,2.1258000850677488,-0.006277536507695913,0.013948294334113598,0.022914117319150936,0.19532589614391327,-569.5579952128428,-569.7394419599316,-4.973227647722722,0.09494768864681191,-0.16579427083138398,False
191,1787908615.7147517,6275.59947351,19.09957766532898,24000,24000,4634,959,1.9463023996452593,0.11769470132943585,1.8119000315666198,2.1042000770568845,-0.007359818555414677,0.014921730384230614,0.023391392175437804,0.2141784429550171,-572.6763861619855,-572.6941792544011,-4.981823886632514,-0.01351393334448403,-0.13885726420244282,False
192,1787908615.815238,6275.69931925,19.200063943862915,24000,24000,4612,896,1.9433984367975168,0.12403884160061793,1.809000015258789,2.105000078678131,-0.009722257032990456,0.013716244138777256,0.023034667051370382,0.2130492627620697,-575.4344560954727,-575.6735204848561,-4.994374822026623,0.24302326197164348,0.19637241172711128,False
193,1787908615.915056,6275.79995211,19.29988193511963,24000,24000,4740,921,1.9384766555634954,0.12054452422389877,1.8040000200271606,2.13100004196167,-0.00684986962005496,0.010304220020771027,0.02267828607995743,0.15663443505764008,-578.7163782774978,-578.6976451387173,-5.00655592250835,-0.04434053441582364,0.12094694555253227,False
194,1787908616.0149791,6275.89980359,19.399805068969727,24000,24000,4593,832,1.942941106426028,0.12882070923948902,1.8036499917507172,2.17325005531311,-0.009570660069584846,0.010197724215686321,0.024224345617418992,0.17902778089046478,-581.56379458394,-581.6786411600856,-5.0038104280257185,0.10595584222380694,0.3969432698032733,False
195,1787908616.114021,6275.99964341,19.498847007751465,24000,24000,4637,798,1.9377380921727134,0.12107630911700855,1.805999994277954,2.139199995994568,-0.008795232512056828,0.008695866912603378,0.024325221229435902,0.1574825942516327,-584.9401417982218,-584.7004339321102,-5.006825161561157,-0.299114705651391,-0.05896874147276776,False
196,1787908616.2149427,6276.09947259,19.59976863861084,24000,24000,4719,846,1.9471666646623724,0.1381801160780579,1.8029999732971191,2.2237499952316284,-0.005542778875678778,0.009529576636850834,0.024253216192878006,0.1429448425769806,-588.2941855926097,-587.7324461219424,-5.010098079714726,-0.6254907201404194,-0.3761494078405576,False
197,1787908616.318238,6276.19931811,19.70306396484375,24000,24000,4823,812,1.9379753714124557,0.12147992883456067,1.7920000553131104,2.13700008392334,-0.005735448561608791,0.012665757909417152,0.02327974074291909,0.18109416961669922,-590.956401929192,-590.7556907564006,-5.008003909729973,-0.1888279721656545,-0.08386750503973417,False
198,1787908616.4158113,6276.29993833,19.800637245178223,24000,24000,4683,846,1.9396536622205243,0.12954294292658344,1.8070000410079956,2.124750077724457,-0.005929065402597189,0.010952415876090527,0.023332025028881414,0.1597527265548706,-593.2987227674324,-593.8064297999658,-4.988104968997431,0.39606782820874287,0.5557642599731025,False
199,1787908616.514896,6276.39978087,19.89972186088562,24000,24000,4641,834,1.941053957104397,0.1270092132013472,1.8096499681472777,2.151949977874754,-0.0039573838002979755,0.011016223579645157,0.02339766295348048,0.15344281494617462,-596.2218788514291,-596.7650027440866,-4.988104968997431,0.4454687263614687,0.4302899075852338,False
200,1787908616.6147494,6276.49962331,19.99957537651062,24000,24000,4603,804,1.9476679124642367,0.12650428302588432,1.8211499869823455,2.1894000649452208,-0.0067354231141507626,0.012417078018188477,0.023161738976753898,0.18404214084148407,-599.1474181542056,-599.7406965775302,-4.992853446940056,0.5155535469077677,0.6450046526523465,False
201,1787908616.7139995,6276.59946595,20.098825454711914,24000,24000,4702,907,1.9320540248099078,0.12410094784257476,1.8176000237464904,2.1168999910354604,-0.009343769401311874,0.005616817157715559,0.0237982080274468,0.14336508512496948,-602.8488174562434,-602.7304446845654,-4.992853446940056,-0.20832486725214494,-0.22429638183439238,False
202,1787908616.8148186,6276.69932387,20.199644565582275,24000,24000,4596,850,1.9415552966734941,0.14333329654846014,1.805999994277954,2.1657500386238095,-0.010717329569160938,0.012400588020682335,0.023238863902983128,0.2132936716079712,-606.1243887893141,-605.7132735533354,-4.991344643614833,-0.4593040392472858,0.02608081815958485,False
203,1787908616.9151783,6276.79996107,20.300004243850708,24000,24000,4466,861,1.9400174228710303,0.12888166020372616,1.8250000476837158,2.1570000648498535,-0.013041000813245773,0.01310346182435751,0.023609777125820793,0.2389785200357437,-608.9279436657046,-608.68996992098,-4.9807284901673565,-0.2520498184508142,-0.19070526066718685,False
204,1787908617.0152307,6276.89979399,20.40005660057068,24000,24000,4475,936,1.9262713690598805,0.11011635855533572,1.815000057220459,2.0639999508857727,-0.012008754536509514,0.009093241766095161,0.02332174067258389,0.19841331243515015,-611.7863176250885,-611.6479176188834,-4.974893910294241,-0.10883438451537586,-0.4746164233702075,False
205,1787908617.114119,6276.99963737,20.498944997787476,24000,24000,4551,915,1.9193967212093332,0.10065341716974908,1.8079999685287476,2.061000108718872,-0.0149947889149189,0.010340382345020771,0.02256768394538745,0.23703008890151978,-614.5493446719516,-614.6335625755473,-4.994453625974969,0.09480895939532274,-0.3394527284514197,False
206,1787908617.2151794,6277.09947791,20.600005388259888,24000,24000,4640,966,1.9287960656434606,0.12281147269473494,1.8109999895095825,2.0959999561309814,-0.012462757527828217,0.008595355786383152,0.02284210969028347,0.197641521692276,-617.5885754693815,-617.6262473736919,-5.017685465092802,0.08740875617843358,0.3651014586321253,False
207,1787908617.314194,6277.19931453,20.69901990890503,24000,24000,4458,923,1.9304496198408265,0.12731513755552576,1.8121000289916993,2.1404000282287594,-0.013771130703389645,0.007160512264817953,0.023707744853939183,0.20657488703727722,-620.4587279765125,-620.6635681085455,-5.017685465092802,0.18771036623388682,0.8637698224910082,False
208,1787908617.4156315,6277.29996935,20.80045747756958,24000,24000,4430,863,1.920413676860849,0.11256294771310223,1.8000999569892884,2.0939000844955444,-0.015286128036677837,0.00741159450262785,0.023417324630390483,0.22778618335723877,-623.1070151141821,-623.7305874443408,-5.0326076438109215,0.5825692390054655,0.8111030793389773,False
209,1787908617.5149355,6277.39980995,20.89976143836975,24000,24000,4568,877,1.9256522236827298,0.11964856534654507,1.812999963760376,2.1001998901367176,-0.009325889870524406,0.004791614133864641,0.02237098543481313,0.14104896783828735,-626.8446354179722,-626.7571044991048,-4.999561570386389,-0.17591368887406134,-0.004249335513577535,False
210,1787908617.614704,6277.49963279,20.99952983856201,24000,24000,4721,997,1.919302908563566,0.1031485389783202,1.815999984741211,2.0603999614715574,-0.016457553952932358,0.010513735935091972,0.0239572048839564,0.260641485452652,-629.7932754858645,-629.7317536993463,-4.999561570386389,-0.13148311232691867,0.26166644011129847,False
211,1787908617.714142,6277.59947459,21.098968029022217,24000,24000,4421,850,1.9229788252886604,0.11592616473805085,1.8064500153064729,2.0746499657630917,-0.014684546738862991,0.011582078412175179,0.023338532884529077,0.25243815779685974,-632.5507842766116,-632.6847851599775,-4.990291266659669,0.0941723877141385,0.05718948786727651,False
212,1787908617.8207614,6277.69931347,21.20558738708496,24000,24000,4162,853,1.9258581480974328,0.1096042540993803,1.8070000410079956,2.0850000381469727,-0.01453225314617157,0.009235185571014881,0.023483317347815277,0.23189227283000946,-635.7377304555678,-635.7103617960122,-4.993047171902746,0.10582686920372453,-0.04323571071972765,False
213,1787908617.915107,6277.79994365,21.299932956695557,24000,24000,4654,982,1.931021383483638,0.1288736358606771,1.8070500373840332,2.11299991607666,-0.012286685407161713,0.004017871804535389,0.023152081671862917,0.17310449481010437,-638.5129323437758,-638.7267581965993,-4.994773441947515,0.16100969489536965,-0.08713223467964326,False
214,1787908618.0153596,6277.89977981,21.400185585021973,24000,24000,4608,933,1.933379421152358,0.13621648891203259,1.8070000410079956,2.1461999893188475,-0.01597968488931656,0.012037614360451698,0.023655554928949506,0.26970481872558594,-642.0681626482911,-641.7481007520989,-5.003057918838542,-0.38662303069270365,-0.8260663649047046,False
215,1787908618.1141684,6277.99961271,21.49899435043335,24000,24000,4448,910,1.9407186816026876,0.14030732379046884,1.809000015258789,2.1580999851226808,-0.014364294707775116,0.010164660401642323,0.02323257455174467,0.23301327228546143,-644.584687984562,-644.7383152643026,-5.002261208432041,0.06113305477094855,-0.34025420529371786,False
216,1787908618.2142508,6278.09945155,21.599076747894287,24000,24000,4489,932,1.9405794008095376,0.1304321397536687,1.8115500152111053,2.1639499902725214,-0.014466713182628155,0.010129271075129509,0.02282677565147038,0.23041008412837982,-647.9326806220093,-647.7515320705587,-5.008806732820824,-0.28436896151583824,-0.4345672772992657,False
217,1787908618.3144405,6278.19928571,21.69926643371582,24000,24000,4406,880,1.9336659092794766,0.11937668114483255,1.8109499871730805,2.078150069713592,-0.01423795334994793,0.013105394318699837,0.023276298897892747,0.2557457387447357,-651.017328797471,-650.7436012006723,-5.01062856074546,-0.3633078449554432,-0.6805390553839743,False
218,1787908618.4160764,6278.29992577,21.800902366638184,24000,24000,4675,965,1.9386383418592146,0.11951693371668021,1.8229999542236328,2.138599967956543,-0.01346819382160902,0.01299873273819685,0.02286760251414609,0.2458879053592682,-653.5381182392632,-653.7243441453174,-5.002819256818383,0.16499968848620483,-0.2490294643089328,False
219,1787908618.5148516,6278.39977007,21.899677515029907,24000,24000,4621,985,1.944465990235963,0.13096506998365393,1.809000015258789,2.130000114440918,-0.013359862379729748,0.010826139710843563,0.02324398357996662,0.22784915566444397,-656.321198815808,-656.6841243434254,-5.004985819747264,0.3451920168060951,0.03489525166708063,False
220,1787908618.6147208,6278.49961939,21.999546766281128,24000,24000,4559,950,1.9488115787506104,0.13058205929431255,1.8124500036239624,2.1145500421524046,-0.014007726684212685,0.016569770872592926,0.022670943039115335,0.2884526550769806,-659.7067367327382,-659.7055310056382,-5.013585051686678,-0.044249705075003476,-0.4236180468215025,False
221,1787908618.714214,6278.59946115,22.099040031433105,24000,24000,4598,983,1.9421159742079819,0.10488445149930395,1.8170000314712524,2.0789000034332275,-0.012693258002400398,0.016817746683955193,0.02141333073931601,0.2787024676799774,-662.7161749897363,-662.7080663220745,-5.006071675509799,-0.06887142024265813,0.44835441070006254,False
222,1787908618.815348,6278.69930687,22.20017385482788,24000,24000,4753,1055,1.9518018983551677,0.12604208673224426,1.819000005722046,2.115600037574768,-0.01427863072603941,0.016874780878424644,0.02187906182285042,0.29276543855667114,-665.2202218911193,-665.7165361400661,-5.0086419643441396,0.46111527397681584,1.318509001801317,False
223,1787908618.9143877,6278.79993155,22.299213647842407,24000,24000,4825,1058,1.9482504735596915,0.10776190679069084,1.8248500406742096,2.0795999884605405,-0.015536298975348473,0.021123304963111877,0.02236730625877319,0.34061798453330994,-668.661855455481,-668.7571844270146,-4.984507784492609,-0.009305997395472332,0.5581580553766798,False
224,1787908619.0153437,6278.89975397,22.400169610977173,24000,24000,4738,1074,1.946788641660573,0.10526123988899615,1.8279999494552612,2.0703499913215637,-0.01067940704524517,0.019770119339227676,0.02166393426078409,0.29369494318962097,-671.5563701743034,-671.737723738851,-4.973844232663001,0.12487703835654429,1.079598529630175,False
225,1787908619.1142035,6278.99959939,22.499029397964478,24000,24000,4784,1096,1.950379562856507,0.10699244930589458,1.826750010251999,2.078000068664551,-0.010143904015421867,0.020088007673621178,0.021156245720996735,0.29387253522872925,-675.0210257214159,-674.7417413496576,-4.975705487725225,-0.37396643021168074,0.09967897373257983,False
226,1787908619.2141902,6279.09943655,22.599016189575195,24000,24000,4863,1046,1.9460382422799134,0.10766107078893646,1.8232499659061432,2.0769999027252197,-0.008462746627628803,0.024815108627080917,0.02087386706800987,0.3334251344203949,-677.548082247561,-677.7092252517132,-4.977178316101329,0.09859947143615955,-0.1460773714259176,False
227,1787908619.3140905,6279.19966809,22.6989164352417,24000,24000,4958,1131,1.951475684353991,0.10884750650747593,1.8279999494552612,2.0859999656677246,-0.00851189624518156,0.02152910642325878,0.021496051603359077,0.30186349153518677,-680.8748954602108,-680.680941585184,-4.985127625601508,-0.23118770791563747,-0.1313653417500973,False
228,1787908619.414589,6279.29949605,22.79941487312317,24000,24000,4799,1075,1.9435962777914002,0.10771817706138762,1.8226999759674072,2.065000057220459,-0.008073857054114342,0.021010227501392365,0.02089955506308203,0.287535697221756,-683.9611348310806,-683.6648197234869,-5.024750187782738,-0.3024551672845064,-0.4014626377688728,False
229,1787908619.5143056,6279.39933389,22.899131536483765,24000,24000,4738,1009,1.9497016857353264,0.1116001967361796,1.8354000091552733,2.106600046157837,-0.006594944279640913,0.021488239988684654,0.02098796417484681,0.2846086621284485,-686.8055056462906,-686.654623158411,-5.034816873172147,-0.15530745267051316,-0.7593517585253267,False
230,1787908619.615678,6279.49996959,23.00050401687622,24000,24000,4799,1041,1.9474716625112851,0.10171446623944441,1.8339999914169312,2.069999933242798,-0.006130825728178024,0.020836254581809044,0.021553083314659358,0.27900901436805725,-689.5782959832912,-689.6593539038366,-5.035275235264212,0.1130955604475048,-0.3220144086315031,False
231,1787908619.7150285,6279.59979923,23.099854469299316,24000,24000,4955,1043,1.9558331748097422,0.11725617436535496,1.8421000123023987,2.099899911880493,-0.0035114719066768885,0.019328031688928604,0.020348733928396444,0.25137871503829956,-692.8466463609388,-692.6957283058367,-5.041157019384165,-0.17472268391634316,-0.9447288633141397,False
232,1787908619.8157654,6279.69965201,23.200591325759888,24000,24000,4820,1032,1.957688953871875,0.10887706171401215,1.8375500380992889,2.1494500041007996,-0.0040153879672288895,0.018533658236265182,0.02138327593294636,0.24979619681835175,-695.4928737476516,-695.7394655808326,-5.025791094722691,0.2011744427860549,-0.47576612483283043,False
233,1787908619.914291,6279.79951191,23.299116849899292,24000,24000,4770,979,1.9660572013280244,0.13918085411521333,1.833899986743927,2.2150999307632446,-0.006698430050164461,0.019584473222494125,0.020327596282772843,0.2693145275115967,-698.0000124021162,-698.7843874387574,-5.025791094722691,0.6498199189818479,0.3459673854470111,False
234,1787908620.0147347,6279.89935963,23.399560689926147,24000,24000,4835,1020,1.9577666649631424,0.13073742539825048,1.8309499740600585,2.195099937915802,-0.005611250642687082,0.016200009733438492,0.020883388174175198,0.2211027890443802,-701.3487999174387,-701.7891370402506,-5.0060540574805525,0.3143663693219878,-0.00933976598469144,False
235,1787908620.1144807,6279.99999831,23.499306678771973,24000,24000,5023,1033,1.9591655384998008,0.12453708159190466,1.8317999839782715,2.1796000003814693,-0.00887049175798893,0.01525902934372425,0.021231854629324084,0.2264135777950287,-704.5470294392843,-704.8072071181947,-5.00892851213223,0.10853514733594238,-0.3431752225767468,False
236,1787908620.2151756,6280.09982281,23.600001573562622,24000,24000,4883,910,1.9614505491413914,0.1348096445489631,1.8379000008106232,2.2360999464988707,-0.008411982096731663,0.013899240642786026,0.021052391663461654,0.20890666544437408,-707.6354272315493,-707.8542673961508,-4.992285793174538,0.041003010549161445,-0.3414706996750283,False
237,1787908620.314454,6280.19966361,23.69928002357483,24000,24000,4812,887,1.9541386688441005,0.13117384312673083,1.8240000009536743,2.1982999563217156,-0.009125377051532269,0.00837799347937107,0.022107873986847375,0.15874575078487396,-711.0910232014999,-710.8393035347837,-4.97651947107765,-0.43622091189570256,-0.9515183143926151,False
238,1787908620.4144404,6280.29950975,23.79926633834839,24000,24000,4789,829,1.9570663478607435,0.13863836685560363,1.8279999494552612,2.2027999877929685,-0.00988059863448143,0.005458476487547159,0.021645647398916574,0.14407627284526825,-714.4638960906884,-713.8149727141192,-4.97651947107765,-0.8094856784952071,-1.1385930527915207,False
239,1787908620.5142221,6280.39934741,23.89904808998108,24000,24000,4928,853,1.9593388047615221,0.1440850168037083,1.8247999668121337,2.2939999103546143,-0.014891165308654308,0.0018027181504294276,0.02228241393038973,0.18946294486522675,-717.293064342339,-716.7999122340766,-4.987066540922872,-0.6451827399990862,-0.9878316675187762,False
240,1787908620.614575,6280.49997933,23.999400854110718,24000,24000,4871,821,1.9485968323776115,0.12724134040552731,1.8240000009536743,2.1630001068115234,-0.011589215137064457,0.003909438848495483,0.02204341151595979,0.15805652737617493,-719.9412459829555,-719.7881776968134,-4.998292194724578,-0.2827627088842064,-0.21769195564183974,False
241,1787908620.71515,6280.59982673,24.099976062774658,24000,24000,4874,843,1.9450450793421283,0.12225472039822353,1.8210999846458436,2.152000093460083,-0.012757649645209312,0.005321249831467867,0.022193731294585423,0.17699690163135529,-722.8772930296496,-722.7815651281346,-5.0035607321041455,-0.20153470626109993,-0.270593569028847,False
242,1787908620.8156445,6280.69967401,24.200470447540283,24000,24000,4876,862,1.9426624136015322,0.12264954188037419,1.8259999752044678,2.129550111293792,-0.012216893024742603,0.003942734561860561,0.022522485375285714,0.1652681529521942,-725.828148667203,-725.7975562726116,-5.005393047221024,-0.13754002654604847,-0.09989790646511665,False
243,1787908620.9146442,6280.79950637,24.29947018623352,24000,24000,4863,834,1.9460779371307337,0.13863022246077977,1.820650005340576,2.174799978733062,-0.011704234406352043,0.002853627083823085,0.022184664811893247,0.1554218977689743,-728.0428785580856,-728.7954145604219,-4.981871363847759,0.6177407384392382,0.7078332987510976,False
244,1787908621.0152743,6280.89933305,24.400100231170654,24000,24000,5062,861,1.9472334506758138,0.13150511536680587,1.815999984741211,2.2039999961853027,-0.007094162981957197,0.005426828283816576,0.021783552091616386,0.11792914569377899,-731.7343890753014,-731.7405749655193,-4.971083395382106,-0.054849631018896616,0.01140601945007802,False
245,1787908621.114542,6280.99996557,24.4993679523468,24000,24000,4878,862,1.9424802792321225,0.12082066111951532,1.8259999752044678,2.1339000582695005,-0.009714443236589432,0.002692322712391615,0.021267473234321658,0.13178737461566925,-734.277453517143,-734.7210165012135,-4.95563152818368,0.38013610755888294,0.37881176251119086,False
246,1787908621.2157238,6281.09980531,24.600549697875977,24000,24000,4877,888,1.940740991014618,0.12427578305702058,1.8193500220775605,2.1638999581336975,-0.011968317441642284,0.002249478828161955,0.021964401009518852,0.16004294157028198,-737.1313961032929,-737.66763694021,-4.941471458909598,0.5616647899962572,0.6208602437667423,False
247,1787908621.3143048,6281.19963315,24.69913077354431,24000,24000,4877,860,1.9446081379125284,0.13363808627148324,1.8208499789237975,2.2027999043464654,-0.014608760364353657,0.006565527059137821,0.02222949320179888,0.20813603699207306,-740.3478219316247,-740.5961841964959,-4.941471458909598,0.3026896485708903,0.281962478000537,False
248,1787908621.4148915,6281.29947335,24.79971742630005,24000,24000,5106,953,1.9417555097017558,0.12393375797199656,1.8270000219345093,2.1627999782562255,-0.015084663406014442,0.009133637882769108,0.022078880995483635,0.2302679419517517,-743.7673049655417,-743.5712853031788,-4.98354847409493,-0.09917501113693561,-0.10201112947970614,False
249,1787908621.5146437,6281.39931419,24.89946961402893,24000,24000,4931,956,1.936330544150524,0.12483093491555476,1.8070000410079956,2.181250035762787,-0.015312711708247662,0.005121003836393356,0.02217464637823975,0.21033276617527008,-746.929636713212,-746.578420608075,-5.000424111252607,-0.2689224912978716,-0.26590567850769276,False
250,1787908621.6232805,6281.49994571,25.008106470108032,24000,24000,4576,844,1.9334822278734631,0.1078688150683906,1.8140000104904175,2.125699949264526,-0.02057756669819355,0.012308066710829735,0.02243056353663556,0.31306353211402893,-749.9623961817286,-749.6190294589485,-5.032027321374701,-0.042555981970394896,-0.17435277694266915,False
251,1787908621.7150826,6281.59978759,25.099908590316772,24000,24000,4871,922,1.943046638867343,0.11437592200787236,1.8279999494552612,2.138949942588806,-0.015591701492667198,0.010038696229457855,0.022775838522245094,0.24198563396930695,-752.7628721386212,-752.7060753559765,-5.019182300314404,-0.08895118218470088,-0.15093293058669133,False
252,1787908621.815154,6281.69963373,25.19998002052307,24000,24000,5069,999,1.9346086083947718,0.10184735532042527,1.816700029373169,2.121200037002563,-0.018790317699313164,0.008989051915705204,0.022196380011057552,0.2771937847137451,-755.7776470071007,-755.749696689499,-5.028770442496721,-0.10156444919164187,-0.21899581161210335,False
253,1787908621.914695,6281.79947937,25.29952096939087,24000,24000,4915,929,1.939538213357217,0.11965847433384522,1.818399977684021,2.142799997329711,-0.019512824714183807,0.01399806048721075,0.022739547322309313,0.3142279386520386,-758.6949093958658,-758.8228924871697,-5.02139888443858,-0.03257977574344295,-0.11342037209510636,False
254,1787908622.028035,6281.89931145,25.412860870361328,24000,24000,4828,950,1.934602104488172,0.10956371811026913,1.8184499800205232,2.1207499623298642,-0.018569447100162506,0.012886099517345428,0.022325998108458072,0.29748764634132385,-761.7261600566782,-761.838973858841,-5.014491756039005,0.336387766649068,0.26544540334100475,False
255,1787908622.1220508,6281.99994781,25.506876707077026,24000,24000,4518,887,1.9374757624801413,0.11148732613264876,1.8162999987602233,2.1040000915527344,-0.015106764622032642,0.01524228136986494,0.022702940852640636,0.28160274028778076,-764.2161047843863,-764.8342468172721,-5.018003833009899,0.6669357043931541,0.6907952312478756,False
256,1787908622.215164,6282.09979573,25.599989891052246,24000,24000,4927,963,1.9338317750522775,0.10681210505894582,1.8100999474525452,2.0749000310897827,-0.016039730980992317,0.016612637788057327,0.020818489741808364,0.30431628227233887,-767.6079415819446,-767.8453437752786,-5.018003833009899,0.06851182143964252,0.11620998965315721,False
257,1787908622.3143232,6282.19962527,25.699149131774902,24000,24000,4947,1071,1.9393622767246292,0.11890470233127769,1.8134999871253967,2.103500008583069,-0.01245822012424469,0.016910433769226074,0.02085422828313243,0.28150829672813416,-770.899552741251,-770.8110445186574,-4.98761169657399,-0.24830359131829027,-0.11569398573078615,False
258,1787908622.414489,6282.29946779,25.799314975738525,24000,24000,4818,1095,1.9475086751049513,0.12440130624310014,1.8157000064849853,2.139499974250793,-0.016853785142302513,0.021633164957165718,0.021755935355665675,0.3622211217880249,-773.8456217226828,-773.7841136171296,-4.986475328669795,-0.18937854091950612,-0.4392895336933407,False
259,1787908622.5146823,6282.39930891,25.899508237838745,24000,24000,4833,1156,1.9508391002057746,0.12676829190455713,1.816500037908554,2.181999981403351,-0.015939610078930855,0.023621024563908577,0.02094386392877044,0.3693351745605469,-777.1789005311468,-776.7565436647741,-4.98602758823757,-0.5168407683328269,-0.5700251902720765,False
260,1787908622.615557,6282.49993043,26.000382900238037,24000,24000,4989,1209,1.9468966101298557,0.1132306585310578,1.82739999294281,2.110599994659424,-0.01451977901160717,0.022915268316864967,0.020638563815018718,0.3542865514755249,-780.059140971657,-779.7389117157879,-4.9847368676084285,-0.37082249152149416,-0.9563074657580728,False
261,1787908622.7150567,6282.59977373,26.09988260269165,24000,24000,5040,1222,1.955995090269223,0.12557110755456571,1.8229999542236328,2.1188499569892887,-0.014995810575783253,0.027459286153316498,0.02128669887551673,0.40752530097961426,-782.2506065273367,-782.7227308620261,-4.9847518780166515,0.42272161488097026,0.3279397013856169,False
262,1787908622.8159888,6282.69961579,26.200814723968506,24000,24000,4815,1117,1.9491298130397403,0.10508497506740042,1.8294000387191773,2.114200067520142,-0.013673431240022182,0.026423493400216103,0.02059533292511922,0.38313028216362,-785.8421122362095,-785.7005537706052,-4.9995096887184305,-0.1408015996088352,-0.5113686193444664,False
263,1787908622.9143345,6282.79945501,26.299160480499268,24000,24000,4783,1147,1.9621072352815943,0.138321770643975,1.827300000190735,2.2200000286102295,-0.015024146996438503,0.02329763025045395,0.021559438259268152,0.3639242947101593,-788.4776412945192,-788.6962830975962,-4.9995096887184305,0.17406041089850532,-0.06378585235484024,False
264,1787908623.015073,6282.89928891,26.399899005889893,24000,24000,4712,1077,1.9592859805903173,0.12576770062239123,1.8270000219345093,2.146199941635132,-0.014476919546723366,0.022181101143360138,0.020875355584016597,0.3432736098766327,-791.2423286900957,-791.6483564150767,-5.002289139695561,0.4315475969505087,0.1661878548744653,False
265,1787908623.1147974,6282.99992645,26.49962329864502,24000,24000,4866,1092,1.9574688642452924,0.10832335066694224,1.8375500380992889,2.123449981212616,-0.012397105805575848,0.024698004126548767,0.0215800771160821,0.3630180060863495,-795.1027802587432,-794.6521767292467,-5.01209773502349,-0.43715655861160485,-0.8207683268212804,False
266,1787908623.2159004,6283.09975211,26.60072636604309,24000,24000,4639,997,1.9565677047373657,0.1254172813870064,1.8170000314712524,2.1481999874114988,-0.015849687159061432,0.021966906264424324,0.022527991546507347,0.3530038297176361,-797.3857022342615,-797.6261570730953,-4.998564226910706,0.31303237582562815,-0.061642002408234475,False
267,1787908623.3144033,6283.19960245,26.69922924041748,24000,24000,4622,974,1.960201234298565,0.1285845402001818,1.8270000219345093,2.1782000541687,-0.014527710154652596,0.01933208294212818,0.0218961237388446,0.316550612449646,-800.5383381848014,-800.6095155519037,-5.009276522991455,0.11550105876426642,-0.3312860713988357,False
268,1787908623.414694,6283.29943585,26.799520015716553,24000,24000,4596,905,1.9582508295280499,0.12933879567813134,1.8220000267028809,2.190599918365478,-0.012559055350720882,0.020066479220986366,0.021251143851537303,0.3179318904876709,-803.3123769517262,-803.6113844401821,-5.015047750218229,0.35020428707321116,-0.07734010935223523,False
269,1787908623.519166,6283.39928311,26.90399193763733,24000,24000,4407,860,1.9515837216100027,0.12841084002243902,1.8209499835968017,2.1363499164581294,-0.017966507002711296,0.021748114377260208,0.02107189826103799,0.36912697553634644,-806.5536185008472,-806.6660535206933,-5.026156084615836,0.24313991295616688,-0.32927434344549056,False
270,1787908623.6155457,6283.49992363,27.00037169456482,24000,24000,4650,924,1.9490660169681946,0.11813511101300186,1.826149982213974,2.0996999263763425,-0.013383356854319572,0.019307078793644905,0.021383115074586193,0.30965983867645264,-809.6088014656056,-809.7784877028796,-5.002457519152018,0.07936766162981712,-0.21552513281631036,False
271,1787908623.7155352,6283.59977037,27.100361108779907,24000,24000,4578,929,1.9507136697789695,0.1307921289254472,1.8250000476837158,2.1380000114440905,-0.015322322957217693,0.016934020444750786,0.021459162529157895,0.29893431067466736,-812.7589955429312,-812.834988131043,-4.996779829635968,-0.07112530928179694,-0.26399021132681355,False
272,1787908623.815385,6283.69962309,27.20021104812622,24000,24000,4537,896,1.9513861600841795,0.12402815810842564,1.8287499845027924,2.1619999408721924,-0.017582504078745842,0.02247737906873226,0.0219722381070802,0.36856508255004883,-815.791735063438,-815.7896090968501,-4.996779829635968,-0.10834799549445506,-0.2621522466992019,False
273,1787908623.915034,6283.79945493,27.29986000061035,24000,24000,4673,924,1.9500248909512639,0.1277674627352208,1.8279999494552612,2.135849928855896,-0.014360182918608189,0.021755147725343704,0.021556246859110558,0.3367508053779602,-818.6386691485988,-818.8427812879729,-5.005216291295528,0.034205110225116186,-0.22082023244945503,False
274,1787908624.0157382,6283.89967469,27.400564193725586,24000,24000,4712,987,1.9324944288655739,0.1081957353716581,1.8092999935150147,2.0799999237060547,-0.016723833978176117,0.016103515401482582,0.021137115788917332,0.30193883180618286,-822.3527099082033,-821.8405478331267,-4.973054393624022,-0.6586910424264261,-0.8126627206507919,False
275,1787908624.1149771,6283.99951197,27.499803066253662,24000,24000,4520,898,1.9462928744095205,0.12640862272384742,1.82284996509552,2.1634500741958615,-0.016337472945451736,0.017405014485120773,0.02234853459223134,0.3110925257205963,-824.89325237878,-824.7746312319643,-4.989986569197986,-0.22204879741525474,-0.3908045623625185,False
276,1787908624.214881,6284.09934427,27.599706888198853,24000,24000,4504,855,1.9419836282730103,0.12994112752565865,1.8259999752044678,2.136299967765808,-0.01532348059117794,0.01837260276079178,0.02181966963253708,0.3093999922275543,-827.7469027448079,-827.75758664636,-4.989986569197986,-0.07856584111641496,-0.2419068711831187,False
277,1787908624.3143518,6284.19996975,27.699177742004395,24000,24000,4627,931,1.941374866714027,0.12853332333814033,1.8109999895095825,2.1545000076293945,-0.018671466037631035,0.015083558857440948,0.022284990776725966,0.31133154034614563,-830.9205737685212,-830.6860598413085,-5.016328669195344,-0.26809266757925343,-0.6300605014305347,False
278,1787908624.415379,6284.29981735,27.80020499229431,24000,24000,4555,893,1.9387323612061487,0.11654634171507676,1.8140000104904175,2.128600025177002,-0.014910663478076458,0.016188010573387146,0.022350769874654147,0.28488948941230774,-834.0980699120059,-833.6723566473437,-5.015416536933508,-0.41475242851720395,-0.4610670032594726,False
279,1787908624.5144598,6284.39966817,27.899285793304443,24000,24000,4445,856,1.936692761065804,0.12026470269667777,1.8187499940395355,2.1022499799728394,-0.013568888418376446,0.015932247042655945,0.021962241648610843,0.27321112155914307,-836.3808818948056,-836.6339519701218,-5.015416536933508,0.27487812920185206,0.7436102346060807,False
280,1787908624.614843,6284.49952219,27.999668836593628,24000,24000,4500,910,1.935748351406265,0.12382116803865817,1.803449994325638,2.1169500231742853,-0.012803805992007256,0.014881148934364319,0.02128953846908491,0.25933101773262024,-838.7535310343206,-839.6353186940405,-5.022093708413379,0.9137390418612767,1.5556392753710497,False
281,1787908624.7145884,6284.59935883,28.099414348602295,24000,24000,4447,839,1.9380262219152804,0.11114201895102913,1.819000005722046,2.0950001001358025,-0.014902569353580475,0.01795073039829731,0.020686590369002604,0.3037712275981903,-842.3316909313336,-842.6619478246268,-5.01404527632419,0.32796313950404965,1.0234834126916894,False
282,1787908624.8167634,6284.69999393,28.201589345932007,24000,24000,4594,887,1.9396381052935405,0.12274164398759656,1.8092999935150147,2.1056999683380124,-0.016003673896193504,0.01751924492418766,0.02156613154614961,0.3089452385902405,-845.9440764974748,-845.6900383821923,-5.009787190055126,-0.21915341847522996,0.0013588170331786387,False
283,1787908624.9157481,6284.79984263,28.30057406425476,24000,24000,4491,952,1.9425262603439202,0.1281745362981427,1.815000057220459,2.1504500627517698,-0.018131069839000702,0.01646711677312851,0.02110897048037929,0.31738558411598206,-848.06969760036,-848.6971247406635,-5.009433568296771,0.6247855205868973,0.8153071633345235,False
284,1787908625.0144799,6284.89967661,28.399305820465088,24000,24000,4438,892,1.9398127778228622,0.12449209963798981,1.809999942779541,2.1203499674797057,-0.02054559253156185,0.019809193909168243,0.022113830724665048,0.36779600381851196,-851.2779325938733,-851.7357905634758,-5.009433568296771,0.37852165838990004,0.4466523203924453,False
285,1787908625.114423,6284.99951869,28.49924898147583,24000,24000,4477,936,1.9413547012795749,0.1460076210247983,1.8047499656677246,2.112749993801117,-0.019672639667987823,0.01848376914858818,0.02186938019615826,0.3481256663799286,-854.7584534768345,-854.784042345761,-5.009683269073876,-0.10368572292873068,-0.4023545185089006,False
286,1787908625.2149835,6285.09937069,28.599809408187866,24000,24000,4637,971,1.9416858924036782,0.13702615418229286,1.8070000410079956,2.1125000715255737,-0.01616164855659008,0.017926998436450958,0.02122895442522188,0.3096004128456116,-858.114473149112,-857.8171819330288,-5.015190643518158,-0.44287380720754754,-0.6903800213917748,False
287,1787908625.3141594,6285.19960117,28.69898533821106,24000,24000,4522,901,1.9459822433240934,0.13570898557337013,1.815999984741211,2.184999942779541,-0.017378607764840126,0.02150055207312107,0.022738475040823054,0.3533781170845032,-861.5194693627361,-860.8695131279891,-5.015190643518158,-0.8725735921491378,-1.0966497071276535,False
288,1787908625.4146612,6285.29943495,28.799487113952637,24000,24000,4497,927,1.9400927746565981,0.12317173531790378,1.8153000354766846,2.128799939155577,-0.016811169683933258,0.01821480691432953,0.021614666588647295,0.3185657262802124,-864.0612565709761,-863.9211211684234,-5.008526561765424,-0.39928875246141615,-0.6698966568466176,False
289,1787908625.5148118,6285.39966509,28.899637699127197,24000,24000,4503,942,1.943296178764092,0.13198717666038473,1.812000036239624,2.1019500017166135,-0.015350560657680035,0.018452011048793793,0.022359177718065403,0.3110811114311218,-867.2500419589185,-866.9374101373164,-5.012098447448623,-0.5835378750957716,-0.8285937402912396,False
290,1787908625.6148427,6285.49950231,28.99966859817505,24000,24000,4623,925,1.944265944635546,0.12659150205365297,1.815000057220459,2.112399911880493,-0.01906450279057026,0.020150233060121536,0.02250253244268873,0.34682488441467285,-869.9618992807965,-869.9074992662379,-5.022565071328894,-0.294449537826722,-0.29689226116954615,False
291,1787908625.7144082,6285.59935271,29.099234104156494,24000,24000,4616,983,1.949302135988509,0.1293233504162761,1.8200000524520874,2.1201000452041625,-0.012500817887485027,0.02307608164846897,0.021572009135618384,0.33705100417137146,-872.5803263012946,-872.8664790699254,-4.997785674308866,0.07410722188558339,-0.31284494076714964,False
292,1787908625.8166883,6285.69998689,29.20151424407959,24000,24000,4490,907,1.9485380406416501,0.12564524633509652,1.8220000267028809,2.0880000591278076,-0.009064937941730022,0.022593455389142036,0.020798051324559856,0.31212306022644043,-875.5791279652506,-875.818812741975,-4.992164555470177,0.1437288635357845,-0.02531354164500499,False
293,1787908625.915303,6285.79982997,29.300128936767578,24000,24000,4534,949,1.941751316550911,0.10359952659309313,1.8197999954223634,2.085200023651123,-0.009329602122306824,0.023237908259034157,0.021030907436238696,0.32104068994522095,-878.8922461267923,-878.8088834471389,-4.994891016708155,-0.2109300942296386,-0.27685035065871944,False
294,1787908626.015074,6285.89966803,29.39989995956421,24000,24000,4566,1033,1.9472971928431242,0.1195878401999958,1.8185999870300293,2.114999961853027,-0.010821977630257607,0.02001032419502735,0.022206767033116578,0.2945253849029541,-881.1712953958062,-881.7551680044933,-4.966234100474051,0.5031699598171144,0.5353832491401818,False
295,1787908626.1150997,6285.99950047,29.49992561340332,24000,24000,4797,998,1.949783566480648,0.11572534705273649,1.8238499939441681,2.0918499946594236,-0.010472754016518593,0.024707132950425148,0.022099537340642055,0.34216493368148804,-884.7339795376491,-884.700545235012,-4.960660291397589,-0.05872588012096003,0.0314433413665256,False
296,1787908626.2145407,6286.09934917,29.599366664886475,24000,24000,4627,973,1.9559445045467272,0.11969092268428448,1.8279999494552612,2.139400005340576,-0.010211811400949955,0.026597822085022926,0.02199736190540858,0.3614256978034973,-887.6645557565254,-887.6704515424464,-4.960660291397589,-0.006051976985986585,-0.07182628124371604,False
297,1787908626.3154244,6286.19998585,29.700250387191772,24000,24000,4582,999,1.9431321323812902,0.11952641803159493,1.8109999895095825,2.148099994659424,-0.01056322455406189,0.02043268270790577,0.022743055999065058,0.29363325238227844,-890.1754645793169,-890.6501861330968,-4.976843281108054,0.5095697164168769,0.7203168165859779,False
298,1787908626.4155107,6286.29982291,29.800336599349976,24000,24000,4612,969,1.9580206403545304,0.1339310580307807,1.8209999799728394,2.2125999927520748,-0.011682315729558468,0.02266096882522106,0.023088526823500242,0.32566654682159424,-893.2023854233278,-893.6763084026604,-4.98259783903245,0.48525393519719273,0.6156173477091897,False
299,1787908626.5146997,6286.39965965,29.89952564239502,24000,24000,4774,1008,1.9491438508506804,0.11641404968191232,1.819000005722046,2.111650013923645,-0.007196602877229452,0.023661719635128975,0.022100272605503367,0.31321051716804504,-897.0195324238888,-896.6796043412155,-4.980263263219742,-0.35620324357603295,-0.4527032548785428,False
300,1787908626.6147075,6286.49949387,29.9995334148407,24000,24000,4604,924,1.9532716474233767,0.11910194212058262,1.8320000171661377,2.0799999237060547,-0.00708074402064085,0.02308167703449726,0.02230965513838817,0.3094410002231598,-900.2026112799134,-899.6987787622463,-4.993228074161776,-0.539030242839317,-0.7804486593763613,False
301,1787908626.7143853,6286.59933939,30.0992112159729,24000,24000,4552,927,1.9470582524035227,0.11201749732854528,1.8140000104904175,2.0859999656677246,-0.008123363368213177,0.020488055422902107,0.023529194536466062,0.2852286696434021,-902.5269440242276,-902.7432215306279,-5.003655266065416,0.12698966855850813,0.405865049371414,False
302,1787908626.8152304,6286.69997465,30.200056314468384,24000,24000,4559,928,1.9545237081574982,0.1265485534301845,1.8203500270843507,2.136600029468536,-0.008771697990596294,0.02125224843621254,0.02231846085706134,0.2891480028629303,-905.8718441823522,-905.7471185804737,-4.991129545074629,-0.19253869488181863,-0.004146531816559218,False
303,1787908626.9153922,6286.79980183,30.300218105316162,24000,24000,4745,1010,1.9497376236585107,0.11238781018328543,1.819899994134903,2.086549925804138,-0.01143368985503912,0.021169571205973625,0.02358638703094736,0.30605176091194153,-909.0132236210685,-908.701344589942,-5.007842169764705,-0.3290456960000938,-0.16338899228276205,False
304,1787908627.0154922,6286.89963315,30.400318145751953,24000,24000,4614,876,1.9538915526104845,0.1175782734254082,1.8259999752044678,2.0912500619888306,-0.006789662409573793,0.022485733032226562,0.02138231009500181,0.2974144518375397,-911.6720666437789,-911.6814391914828,-5.016376356164419,0.015131194991795383,0.057191695499227535,False
305,1787908627.114767,6286.99948997,30.499593019485474,24000,24000,4566,933,1.950111469655175,0.11211884431872009,1.8240000009536743,2.0869998931884766,-0.005855938885360956,0.018554409965872765,0.02200585368161721,0.2478044480085373,-914.5296240712048,-914.6575832352962,-5.016376356164419,0.13583852604278945,0.16488873942910232,False
306,1787908627.2146592,6287.09933387,30.599485158920288,24000,24000,4547,990,1.9456222221104786,0.10909703293238537,1.8109999895095825,2.0957499980926513,-0.005935701075941324,0.016161488369107246,0.022716745858022754,0.2213805913925171,-917.3973115327701,-917.7117729702047,-5.017892604718783,0.26493390931045724,0.649669858747302,False
307,1787908627.316186,6287.19996631,30.701011896133423,24000,24000,4683,969,1.9541744076184566,0.12596213964478256,1.8164000034332275,2.140599966049194,-0.007844597101211548,0.017620213329792023,0.022998398915871382,0.24438385665416718,-920.5619620902097,-920.7278693791267,-5.006668583554898,0.14610443542801477,0.3254032739325794,False
308,1787908627.415838,6287.29980473,30.800663948059082,24000,24000,4736,956,1.9525993730732587,0.12313624046981113,1.815999984741211,2.155750036239624,-0.008313007652759552,0.01587841846048832,0.02302033313694204,0.2269926518201828,-923.5036759148037,-923.6955463657987,-4.992537681125865,0.19397078553924985,0.5540080130213028,False
309,1787908627.514783,6287.39963331,30.899608850479126,24000,24000,4580,953,1.9512948560814793,0.12900258234411807,1.812999963760376,2.1601999282836912,-0.007676363922655582,0.013629728928208351,0.022859876201541927,0.1999712735414505,-926.5625971040556,-926.6707134284393,-5.00174042786835,0.10341515371499099,0.09999670591514587,False
310,1787908627.6165924,6287.49947463,31.001418352127075,24000,24000,4434,888,1.9520833355349463,0.12158084993954979,1.8209999799728394,2.1371500611305234,-0.009816447272896767,0.016677770763635635,0.023467497305756348,0.24475006759166718,-929.7573922673166,-929.7023790943339,-5.0091307303534505,-0.03707594011859783,-0.08842262057726202,False
311,1787908627.7144375,6287.59930423,31.099263429641724,24000,24000,4639,940,1.948193618718614,0.12417162677223192,1.8049999475479126,2.1203998923301692,-0.006780166644603014,0.014439376071095467,0.02307766433026768,0.20353831350803375,-932.2787763890923,-932.7156886920804,-5.006501481169705,0.3769105429029196,0.5518624925861104,False
312,1787908627.8151522,6287.69994235,31.19997811317444,24000,24000,4742,893,1.9509585675306844,0.13850625920663637,1.8020000457763672,2.2242000102996826,-0.008743485435843468,0.011982464231550694,0.02362131744982931,0.18998123705387115,-935.3958332878665,-935.7200569161521,-5.012345270360855,0.2813129655658031,0.6211608378190476,False
313,1787908627.9153283,6287.79977059,31.300154209136963,24000,24000,4623,827,1.939925032630653,0.1169748825713989,1.809999942779541,2.1026999473571775,-0.007977386936545372,0.012727503664791584,0.02399938482378098,0.19167481362819672,-939.1384369864426,-938.7473813387356,-5.01778044724425,-0.45598913929745777,-0.37641594977628756,False
314,1787908628.0148306,6287.89961551,31.399656534194946,24000,24000,4705,851,1.9445652175874184,0.12689473640649415,1.8049999475479126,2.1614999771118164,-0.007396596018224955,0.009096067398786545,0.023708214558984638,0.15191355347633362,-942.4595792260894,-941.7939677246258,-5.0324401697437136,-0.7920430382411041,-0.9132956251858104,False
315,1787908628.1148221,6287.99946483,31.499648094177246,24000,24000,4644,831,1.9341768931539194,0.11655253179200635,1.8040000200271606,2.11899995803833,-0.006399489939212799,0.010758139193058014,0.024187177988736278,0.1624704897403717,-945.0014102144584,-944.8539255425081,-5.0368893650098325,-0.3341085467787934,-0.3083096854205678,False
316,1787908628.214654,6288.09930067,31.599479913711548,24000,24000,4839,841,1.9421759804137113,0.1359457151454864,1.8079999685287476,2.1540000438690186,-0.008911210112273693,0.014240909367799759,0.023041258022649922,0.2135283648967743,-947.3756855220763,-947.9157013073866,-5.027064235287931,0.2865893821518739,0.3483515325044664,False
317,1787908628.3154533,6288.19995145,31.700279235839844,24000,24000,4664,829,1.9365283472259025,0.12324796207564351,1.8083999872207641,2.132199954986572,-0.006908905692398548,0.011604667641222477,0.023553039295150485,0.17315414547920227,-950.78955819147,-950.9336907547759,-4.991521401005126,-0.10328479212500952,0.18715986678012086,False
318,1787908628.4159267,6288.29980053,31.800752639770508,24000,24000,4621,813,1.9407736769754802,0.12218987501579087,1.7979999780654907,2.1816000938415523,-0.006633779499679804,0.014092930592596531,0.022566145973236102,0.1986015886068344,-953.9149889665298,-953.9508587065293,-4.965072102721559,-0.2144946788849893,0.2668435380202254,False
319,1787908628.514581,6288.39963665,31.899406909942627,24000,24000,4622,844,1.938812796538475,0.12040215648575303,1.8041500091552733,2.1619999408721924,-0.007751716300845146,0.011319885961711407,0.023772085923349045,0.17647741734981537,-956.6065751609375,-956.9073329455921,-4.965072102721559,0.05356566240141092,0.5867283999771189,False
320,1787908628.6152234,6288.49946657,32.000049352645874,24000,24000,4702,898,1.9276870836924869,0.10794851225328282,1.812999963760376,2.0757500290870667,-0.00889064185321331,0.007901257835328579,0.02402253384183948,0.15616337954998016,-959.5004226179145,-959.839754620126,-4.960342497114175,0.17901028848154965,0.900827448546579,False
321,1787908628.7216191,6288.59928723,32.10644507408142,24000,24000,4406,827,1.9385695291689835,0.13146218650920974,1.801300013065338,2.181800031661987,-0.005896810907870531,0.0031132858712226152,0.023419957924451035,0.08840913325548172,-963.1768615838265,-962.8014150945144,-4.958582199488583,-0.305537157580261,0.1711579123896172,False
322,1787908628.817095,6288.69993001,32.20192098617554,24000,24000,4518,889,1.938173230641068,0.1219660748940763,1.8220000267028809,2.128599977493286,-0.010992168448865414,0.011001151986420155,0.02386209688446339,0.2019585818052292,-965.8281157020174,-965.7078009453568,-4.9582108239945,-0.092496076195971,0.13192187193772043,False
323,1787908628.9154902,6288.79975589,32.30031609535217,24000,24000,4475,897,1.9316956517156816,0.12853048129504802,1.8105999946594238,2.0991999626159665,-0.011539701372385025,0.010216954164206982,0.023540198882877065,0.20392048358917236,-968.9093513212382,-968.6326824991451,-4.970500716559047,-0.22186003800345588,-0.007033141271790555,False
324,1787908629.0147483,6288.89958971,32.399574279785156,24000,24000,4610,914,1.9259113768519145,0.10610704636858906,1.8176499843597411,2.0888500094413747,-0.008000962436199188,0.009934893809258938,0.022275946274531826,0.1664283126592636,-971.9876520408683,-971.6220168357124,-4.970500716559047,-0.3223966812906838,0.02876811946680391,False
325,1787908629.1148732,6288.99942513,32.499699115753174,24000,24000,4615,923,1.9252816907504526,0.10951872825342726,1.8130999684333802,2.0668999195098876,-0.012137679383158684,0.010278954170644283,0.023570986118407963,0.2106059044599533,-974.528883853482,-974.6348710901269,-4.996495868406012,0.1401352903969837,0.6885564138175368,False
326,1787908629.2186704,6289.09966387,32.60349631309509,24000,24000,4307,811,1.9242367450464815,0.11807317888339587,1.809999942779541,2.0885000228881836,-0.016070788726210594,0.013930346816778183,0.023102775160938657,0.2780998945236206,-977.114717841052,-977.6739407407572,-4.989754294418753,0.6682366144135585,1.5840632225664422,False
327,1787908629.314763,6289.19950691,32.699589014053345,24000,24000,4460,861,1.9266074335118204,0.11656222830931985,1.812000036239624,2.0929999351501465,-0.014055297710001469,0.008713881485164165,0.022929016448794467,0.2179252952337265,-980.2151980003104,-980.6567256387053,-4.989754294418753,0.45055543588250657,1.2985563332771335,False
328,1787908629.4153247,6289.29934969,32.800150632858276,24000,24000,4513,919,1.9212002182162495,0.10651968804070083,1.8119000315666198,2.0714000940322874,-0.010757614858448505,0.006864766590297222,0.02304948737218348,0.17242299020290375,-983.0174978082414,-983.6602657435516,-4.981154545546508,0.6651229789597437,1.7874550739351207,False
329,1787908629.5145848,6289.39997087,32.89941072463989,24000,24000,4637,947,1.9229366426860643,0.11425760815996625,1.8009999990463257,2.081199932098388,-0.011837799102067947,0.008628619834780693,0.02323083384125773,0.19823916256427765,-986.5425637266342,-986.6514732348721,-4.98362216553391,0.11787835772520339,0.8542662587578889,False
330,1787908629.6160636,6289.49981493,33.00088953971863,24000,24000,4423,864,1.9231018527514405,0.11481705170305712,1.8061500012874603,2.06684992313385,-0.014521021395921707,0.011691313236951828,0.02311941653391571,0.247624933719635,-989.8856820152863,-989.6549300789092,-4.971168109735227,-0.18085652035460953,0.5823770722178097,False
331,1787908629.7144778,6289.59966421,33.09930372238159,24000,24000,4499,940,1.9313319142828596,0.11775690376521426,1.809000015258789,2.101050066947937,-0.012206129729747772,0.009229280985891819,0.02361509961952597,0.20378509163856506,-992.7227548609253,-992.5892972542787,-4.971168109735227,-0.06548550042714396,0.9450447088977398,False
332,1787908629.815382,6289.69948877,33.20020794868469,24000,24000,4398,863,1.9240706842716433,0.11844638333825043,1.8049999475479126,2.084700036048889,-0.016180597245693207,0.01084327232092619,0.023353161533191818,0.25571781396865845,-996.0063635529423,-995.5899159883835,-4.994881710493469,-0.3219485524850825,0.7883434868797394,False
333,1787908629.9148157,6289.79932167,33.299641609191895,24000,24000,4523,882,1.931688208969272,0.12732232824630807,1.809000015258789,2.0888499855995177,-0.01271536573767662,0.010648922063410282,0.02315180842461238,0.2186935842037201,-998.7694496222856,-998.5785591244085,-4.998908464682344,-0.10200623047660429,0.6649528591150329,False
334,1787908630.016162,6289.89994817,33.40098786354065,24000,24000,4473,932,1.934967812038798,0.13137945371077728,1.8045499801635743,2.1234500408172594,-0.015388761647045612,0.008284361101686954,0.023157263503568754,0.23054762184619904,-1001.624623749198,-1001.593533919978,-5.037723971108885,0.08322620651904344,0.867435670908776,False
335,1787908630.1152296,6289.99977615,33.50005555152893,24000,24000,4479,903,1.9344363229747363,0.13293909255480268,1.804100012779236,2.128999948501587,-0.01539729442447424,0.011759850196540356,0.023532628740920113,0.25744491815567017,-1004.928891883186,-1004.6508114353506,-5.041664917733633,-0.24899278005545966,0.6225839067127481,False
336,1787908630.214719,6290.09962007,33.59954500198364,24000,24000,4452,901,1.9351609318158471,0.1252429816555386,1.8109999895095825,2.109999895095825,-0.014311105944216251,0.011488058604300022,0.022996794586291922,0.24631109833717346,-1007.342163461497,-1007.6905918292607,-5.041664917733633,0.3224377418333688,0.7534618359251226,False
337,1787908630.314802,6290.19946031,33.69962787628174,24000,24000,4662,975,1.9359087162751418,0.11630427632197969,1.8157000064849853,2.1191000938415523,-0.010713150724768639,0.006523623131215572,0.02261073794560259,0.1667356640100479,-1010.3577790434457,-1010.6961952321601,-5.0224826923715735,0.3093270862489135,1.4282682465310472,False
338,1787908630.4149501,6290.29930181,33.79977607727051,24000,24000,4614,914,1.9388435439938267,0.12440728569399749,1.8056499779224395,2.1185500860214224,-0.014998618513345718,0.013944792561233044,0.023563248697628235,0.27480602264404297,-1013.2996007288194,-1013.7072833944676,-5.0198829655009005,0.3719701401640805,1.6191925170252262,False
339,1787908630.5146196,6290.39993109,33.89944553375244,24000,24000,4541,931,1.9360397434388272,0.10418849619802112,1.815999984741211,2.0670000314712524,-0.01617605797946453,0.014564771205186844,0.022397319856683372,0.2889510989189148,-1016.6148327166253,-1016.6657854420948,-4.992749153114863,0.04684046700333511,1.1771878834687186,False
340,1787908630.6154475,6290.49977201,34.00027346611023,24000,24000,4607,986,1.9444634915607213,0.12490398020269096,1.8179999589920044,2.0949999690055847,-0.014223924838006496,0.015108862891793251,0.021905751036557956,0.2751801908016205,-1019.0782156611915,-1019.6365833527412,-5.00212363707205,0.608314329783525,0.6471168281584596,False
341,1787908630.7146478,6290.59960903,34.09947371482849,24000,24000,4755,1010,1.9500762379995666,0.11868298890126394,1.8209999799728394,2.0835500359535217,-0.014780286699533463,0.020768865942955017,0.022652749919113348,0.3339112401008606,-1022.8351397137835,-1022.6740468431266,-5.009726233443559,-0.17258372873072858,-0.19545866798569023,False
342,1787908630.8152442,6290.69944277,34.20007014274597,24000,24000,4858,1092,1.9483095244828599,0.11910042996176468,1.8250000476837158,2.0834500193595886,-0.012976499274373055,0.020667411386966705,0.021782698105453684,0.3202366530895233,-1025.8141121838476,-1025.7016846943743,-5.001224384511411,-0.13364456790691293,-0.20017537341323077,False
343,1787908630.9149344,6290.79967499,34.29976034164429,24000,24000,4771,1116,1.9497921179486004,0.11274451518222217,1.8250000476837158,2.0929999947547913,-0.012094886042177677,0.016374198719859123,0.021644778984420607,0.2665598392486572,-1028.9614562884303,-1028.7319541803752,-5.004672637879841,-0.29026408147819893,-0.1843844664504104,False
344,1787908631.0147612,6290.89950833,34.39958715438843,24000,24000,4713,1071,1.9483529431701931,0.11440171294510505,1.8174999952316284,2.0774999856948853,-0.012689348310232162,0.020870676264166832,0.021349029523691193,0.3129122853279114,-1031.9860658944056,-1031.7300487225716,-5.00160496783545,-0.3200506555449465,-0.36866849480861674,False
345,1787908631.1147566,6290.99935093,34.49958252906799,24000,24000,4709,1018,1.9428624737941915,0.10108145304232181,1.8289999961853027,2.0523000240325926,-0.00974672008305788,0.022417936474084854,0.0211969060382008,0.31192898750305176,-1034.780740396852,-1034.746260309465,-5.005077566826174,-0.11484523652961798,-0.37376898327124763,False
346,1787908631.214895,6291.09999573,34.59972095489502,24000,24000,4973,1143,1.9462397203879302,0.10655465680207298,1.8240000009536743,2.071000099182129,-0.009607778862118721,0.019116630777716637,0.02210948381395885,0.2811328172683716,-1037.7124219803127,-1037.7965295626148,-5.008579720329988,-0.042355337379831326,-0.11461315215046852,False
347,1787908631.315308,6291.19983085,34.70013403892517,24000,24000,4745,1016,1.9449261824681063,0.10794753920429644,1.8217500150203705,2.0779999494552612,-0.007391614373773336,0.02255873940885067,0.020660385831876907,0.3031488358974457,-1040.6800944792967,-1040.7866720135123,-4.994749812950756,0.0023834436517518043,-0.29212986786978945,False
348,1787908631.4179814,6291.29967427,34.802807331085205,24000,24000,4539,984,1.9461707327424027,0.10096254774562453,1.8361499726772308,2.0802500724792474,-0.005098565481603146,0.022348446771502495,0.020858616371421307,0.2962707579135895,-1043.4616936657735,-1043.7345189314688,-4.999841251371838,0.30100220333793004,0.03533096309774919,False
349,1787908631.5146627,6291.39951463,34.89948868751526,24000,24000,4760,1023,1.9505601184459027,0.11319945175130668,1.8309999704360962,2.083000087738037,-0.007703579030930996,0.0206120777875185,0.02108225393310611,0.284294068813324,-1046.7140203465058,-1046.6741548884288,-4.99871755314675,-0.050865722540720526,-0.032664871061797385,False
350,1787908631.6148944,6291.49934621,34.999720335006714,24000,24000,5003,1092,1.9498406599511158,0.10810757618251207,1.8385500192642212,2.0889999866485596,-0.002505911746993661,0.018258119001984596,0.020858046382497053,0.23883570730686188,-1049.9650606683567,-1049.6764601306595,-5.019056239336998,-0.2949378944329055,-0.26357536976297524,False
351,1787908631.7158225,6291.59997791,35.100648403167725,24000,24000,4798,1028,1.9562957205661076,0.1073509207564785,1.847000002861023,2.1205499172210693,-0.004752171225845814,0.020551098510622978,0.020669197855184143,0.27591463923454285,-1052.4016663501764,-1052.6518203152953,-5.004797615662523,0.29631732389793797,0.3856526719152953,False
352,1787908631.8161325,6291.69982073,35.200958490371704,24000,24000,4774,998,1.9530731471841465,0.11660389552769322,1.8388499975204469,2.1160500049591064,-0.007542509585618973,0.019327174872159958,0.020055398698347077,0.2664560079574585,-1055.282887644991,-1055.6708383527919,-5.00771010772894,0.4244173850718198,0.6308287566646413,False
353,1787908631.9150088,6291.79967505,35.29983472824097,24000,24000,4813,1021,1.9663418243027107,0.13762155330642611,1.8350000381469727,2.2679998874664307,-0.0075692422688007355,0.0188895370811224,0.021163219805948468,0.2622317373752594,-1058.5147326221206,-1058.6870648294566,-5.009998719341623,0.15887801601866158,0.30745107584880316,False
354,1787908632.0149064,6291.89951877,35.3997323513031,24000,24000,4987,997,1.9613410252386494,0.12770267004801064,1.840999960899353,2.147799921035766,-0.006834495812654495,0.01902511902153492,0.020537527521277004,0.2594490945339203,-1061.8743438244965,-1061.7318047450526,-5.015159450782932,-0.20378583168030673,-0.33033049905952794,False
355,1787908632.1146212,6291.99936605,35.49944710731506,24000,24000,4966,1007,1.9559265149030336,0.12087681089514105,1.8300000429153442,2.1524000883102414,-0.006476501934230328,0.01693534664809704,0.021446731453925335,0.23190702497959137,-1064.552126854785,-1064.764068909567,-5.002612785871399,0.10989244704001067,0.08281523655637102,False
356,1787908632.2153094,6292.09960749,35.6001353263855,24000,24000,4831,969,1.9651434468288047,0.13926952833884151,1.8339999914169312,2.2685999870300293,-0.008652869611978531,0.012699620798230171,0.022050260628398904,0.19831308722496033,-1067.3870622537997,-1067.7776644875137,-5.000109513094842,0.295622430649928,0.1212954514573994,False
357,1787908632.3148205,6292.19944339,35.69964647293091,24000,24000,4783,871,1.9526750885386417,0.12975727828387995,1.8270000219345093,2.171999931335449,-0.009848149493336678,0.007480566389858723,0.021623819541358086,0.1589939296245575,-1070.5859152379617,-1070.7745065169372,-5.000109513094842,0.08212243346201831,-0.027130703609827833,False
358,1787908632.4150002,6292.29967739,35.79982614517212,24000,24000,4886,851,1.9510505290485296,0.13238819391837298,1.8229999542236328,2.1535000801086426,-0.010630480013787746,0.0035393773578107357,0.022547140234964163,0.14393091201782227,-1074.1855673652615,-1073.7726545835133,-5.0035178748398605,-0.512120811096338,-0.7367307266044918,False
359,1787908632.515311,6292.39953439,35.900136947631836,24000,24000,5022,882,1.954961449245747,0.13859934155068268,1.8259999752044678,2.201849901676178,-0.012172618880867958,0.0025029415264725685,0.022612188484842012,0.16150504350662231,-1077.3857657219157,-1076.750035662768,-5.000650141523726,-0.7029763539560463,-0.8560120907077362,False
360,1787908632.6148033,6292.49938211,35.9996292591095,24000,24000,4867,819,1.9507631252682398,0.13202490031305106,1.8249000430107116,2.1601999282836903,-0.012051759287714958,0.0039856634102761745,0.022143983361138108,0.16254056990146637,-1079.9443794272274,-1079.737996546478,-5.0047979879577325,-0.27680212784503055,-0.31873796693980694,False
361,1787908632.7152824,6292.59961773,36.10010838508606,24000,24000,4844,851,1.9423748518129074,0.12496134628649694,1.8179999589920044,2.1204999685287476,-0.009346401318907738,0.0026331727858632803,0.02201442386553207,0.12505505979061127,-1082.6344450013448,-1082.789777427483,-5.016368770311539,0.04752484878326868,-0.38805235712379726,False
362,1787908632.816255,6292.69945557,36.20108103752136,24000,24000,4940,860,1.944882558251536,0.12198903863505528,1.8229999542236328,2.161600017547607,-0.009226013906300068,0.003919557202607393,0.02159086312896412,0.12933312356472015,-1085.5969833461645,-1085.774132175401,-5.006312646058537,0.11418494067220308,-0.17584243081046225,False
363,1787908632.9150193,6292.79929253,36.29984521865845,24000,24000,5069,840,1.9506904776607241,0.1311997434964099,1.8249500453472138,2.1963500976562496,-0.010419725440442562,0.0034594442695379257,0.021737921303567893,0.14336541295051575,-1088.5905113699985,-1088.7726222513475,-5.001367387113663,0.0836008020146437,-0.3769720700997823,False
364,1787908633.016305,6292.89992975,36.40113091468811,24000,24000,4866,904,1.9395829673889464,0.123435222800999,1.8132999777793883,2.0977000355720516,-0.009331975132226944,0.0013574614422395825,0.020750757397218784,0.12192708998918533,-1091.2919758666487,-1091.7699645007347,-4.99490864975672,0.4207261083863614,-0.19621100098083843,False
365,1787908633.1156397,6292.99976893,36.500465631484985,24000,24000,4864,873,1.9400389455301519,0.11765136353865006,1.8209999799728394,2.1333999633789062,-0.012622813694179058,0.0060400813817977905,0.02223416776867326,0.18328715860843658,-1094.4749077199044,-1094.8030210272007,-4.978937924108586,0.21785431668808997,-0.16583096791691787,False
366,1787908633.2152145,6293.09960643,36.600040435791016,24000,24000,4865,857,1.9438261372344774,0.12090367953547164,1.825599980354309,2.1751999855041504,-0.015229295939207077,0.005882408004254103,0.022435491506503005,0.21134944260120392,-1097.5548292231167,-1097.79406467094,-4.978937924108586,0.12519554516075004,-0.37085719076230816,False
367,1787908633.3151884,6293.19946847,36.70001435279846,24000,24000,5059,930,1.9549182808527383,0.1452788401770921,1.8240000009536743,2.232400000095367,-0.015304501168429852,0.008245891891419888,0.02240384946455318,0.22533701360225677,-1100.7578357866412,-1100.7243998615772,-4.959104577253398,-0.0785748310740928,-0.5715478618026282,False
368,1787908633.4155226,6293.29930407,36.80034852027893,24000,24000,4964,895,1.9402223453841396,0.12725332226019975,1.8186999917030335,2.189899897575378,-0.013443617150187492,0.0068855294957757,0.02247730183538728,0.19586077332496643,-1103.7759144991287,-1103.6471477348773,-4.980367709260443,-0.08660977477961751,-0.5504290344395031,False
369,1787908633.516142,6293.39994813,36.900967836380005,24000,24000,4844,869,1.9387813573328068,0.1136409093907618,1.8240000009536743,2.157999944686889,-0.015081890858709812,0.008796868845820427,0.022276487570705578,0.22674331068992615,-1106.87417347255,-1106.6217111844094,-5.010286003617996,-0.16627046752932984,-0.756011789444301,False
370,1787908633.6161602,6293.49979085,37.000986099243164,24000,24000,4839,894,1.932887023594022,0.1089968850845634,1.8156500101089477,2.111049902439117,-0.01649831235408783,0.008086866699159145,0.023276777011957395,0.24156638979911804,-1110.0735509318881,-1109.6425432334058,-5.020476178625647,-0.36508135562189636,-0.8622284894411223,False
371,1787908633.7149303,6293.59962887,37.09975624084473,24000,24000,4958,906,1.936424945758668,0.12688816939655068,1.815999984741211,2.1607500314712524,-0.018708735704421997,0.007271410897374153,0.02262083579346067,0.26267552375793457,-1112.5747812795541,-1112.6828983046007,-5.031079847864057,0.0968109969364832,-0.46730689474907194,False
372,1787908633.8157568,6293.69946025,37.20058274269104,24000,24000,5045,988,1.9311113357543945,0.10856539071148709,1.811350005865097,2.10630007982254,-0.018423592671751976,0.009391063824295998,0.02192039252393638,0.27482298016548157,-1115.9800418399623,-1115.7046559153082,-5.036433573890464,-0.28363567173664705,-0.9789436723649487,False
373,1787908633.9154973,6293.79930033,37.300323247909546,24000,24000,4826,930,1.9426935490741524,0.13305565856794943,1.8220000267028809,2.166649973392486,-0.016876040026545525,0.009907671250402927,0.02231988565744255,0.25893351435661316,-1118.512960880898,-1118.7634677920935,-5.033087738179509,0.17567907734314758,-0.3233482968073531,False
374,1787908634.0149665,6293.89994321,37.399792432785034,24000,24000,4866,941,1.9444293295539021,0.1341041147136794,1.8109999895095825,2.178999900817871,-0.018079053610563278,0.014924617484211922,0.022426368121752645,0.3118455111980438,-1121.5120045364363,-1121.8176571829872,-5.033087738179509,0.1607295508417792,-0.14113112992254173,False
375,1787908634.1156101,6293.99976835,37.50043606758118,24000,24000,5024,1042,1.9379712102966895,0.12159846248621917,1.8180499613285064,2.0880000591278076,-0.013347284868359566,0.010300028137862682,0.020977484096345995,0.22511160373687744,-1124.1997785453443,-1124.807042393585,-5.013789147019782,0.4922833880004873,0.13247442354781924,False
376,1787908634.215774,6294.09960175,37.60060000419617,24000,24000,4919,1049,1.9427492862888696,0.125683348823564,1.815999984741211,2.128999948501587,-0.017508614808321,0.016048505902290344,0.021872843207934048,0.31309038400650024,-1127.2460549304217,-1127.8222970059605,-4.996204061807827,0.4509438139384656,0.04968394181400981,False
377,1787908634.3150666,6294.19943801,37.69989252090454,24000,24000,4841,1068,1.9448735968450481,0.12492385664625953,1.8123500108718873,2.1549000501632687,-0.017783895134925842,0.021783078089356422,0.021958944575890482,0.3713982403278351,-1130.72888547576,-1130.8213446098953,-4.996204061807827,-0.05309268038149639,-0.48961904195562056,False
378,1787908634.4152756,6294.29967739,37.80010151863098,24000,24000,4801,1104,1.9459809801284818,0.11995171173096458,1.8250000476837158,2.1255499243736264,-0.017478343099355698,0.021433405578136444,0.020852895934183182,0.35860344767570496,-1134.0239434546208,-1133.7923827644672,-4.999042522853336,-0.341862006465135,-1.0651108608183222,False
379,1787908634.5160375,6294.39952735,37.90086340904236,24000,24000,4792,1165,1.939482404131746,0.10982833035245908,1.815999984741211,2.086799907684326,-0.017459800466895103,0.022256702184677124,0.02092127881221201,0.3680587708950043,-1137.1809165272216,-1136.7960250968936,-4.999708240194857,-0.4759595424498002,-1.2929357054104003,False
380,1787908634.6164582,6294.49936295,38.00128412246704,24000,24000,5039,1172,1.9525836188435148,0.11594504219349605,1.8240000009536743,2.1229000210762026,-0.014730689115822315,0.027953926473855972,0.020470579862100827,0.40731656551361084,-1140.2572528489668,-1139.8223186570358,-5.000971425723415,-0.5396557009180469,-0.6724007951841031,False
381,1787908634.7150736,6294.59999425,38.09989953041077,24000,24000,4799,1144,1.9528566453006717,0.11301974386869587,1.8300000429153442,2.1357499957084642,-0.013963189907371998,0.02737417444586754,0.020712931062152096,0.39742574095726013,-1142.953815059878,-1142.836238484958,-4.997983522058511,-0.27773725024712803,-0.3646962023042306,False
382,1787908634.816973,6294.69983345,38.20179891586304,24000,24000,4781,1144,1.946681819491453,0.10345183091532316,1.826149982213974,2.089849925041199,-0.01359054446220398,0.024148864671587944,0.021844902459689734,0.36489778757095337,-1146.086578365538,-1145.8254209628676,-5.010910673368011,-0.3534999555579361,-0.4974923325776217,False
383,1787908634.9153702,6294.79968357,38.300196170806885,24000,24000,4757,1088,1.9580349279019762,0.11998438709732874,1.8270000219345093,2.1649999618530273,-0.013729061931371689,0.02373705804347992,0.020849990650470603,0.35757407546043396,-1148.5283448986127,-1148.8628418961734,-5.00505433140239,0.15666954219796025,0.15894496049781992,False
384,1787908635.0150588,6294.89952611,38.39988470077515,24000,24000,4864,1069,1.9569812924980114,0.1230939980353964,1.8209999799728394,2.1296000003814686,-0.012759794481098652,0.02493509091436863,0.02151767013888608,0.37253624200820923,-1151.403916883934,-1151.8532346566362,-4.993400278871287,0.27177207967474715,0.5130744676193899,False
385,1787908635.1153028,6294.99935445,38.500128746032715,24000,24000,4836,1080,1.956089813620956,0.12213333434571598,1.8279999494552612,2.158049988746643,-0.0198802649974823,0.02229039929807186,0.021023386768669446,0.3869265913963318,-1154.8152065037816,-1154.8281115695622,-4.996018548409297,-0.13217745491442656,-0.2630625600897929,False
386,1787908635.2155044,6295.09961433,38.6003303527832,24000,24000,4689,1027,1.9581898744521842,0.1234088536627983,1.8270000219345093,2.150799965858459,-0.012376656755805016,0.022764714434742928,0.021116122032984814,0.3385041058063507,-1157.4201883968467,-1157.7856322895911,-4.990467394939729,0.26890757413798383,0.3780892908741862,False
387,1787908635.315875,6295.19946495,38.700700998306274,24000,24000,4631,996,1.9621576313752247,0.14096864523494473,1.8192500472068787,2.2345000505447388,-0.013152806088328362,0.019281839951872826,0.02121035775483369,0.30871546268463135,-1160.484579756821,-1160.7358415821077,-4.981647773842366,0.21565433103864962,0.22616612788397106,False
388,1787908635.4150162,6295.29931697,38.79984211921692,24000,24000,4718,949,1.9473350882153366,0.11153261208789197,1.8294000148773193,2.084600067138672,-0.014247747138142586,0.024039246141910553,0.02081412189662467,0.3644068241119385,-1164.0514885947032,-1163.7531219486063,-4.981647773842366,-0.37700235804049953,-0.555152386060854,False
389,1787908635.5175068,6295.39995059,38.90233278274536,24000,24000,4491,943,1.9492364794426733,0.11600864990479666,1.8270000219345093,2.1050000190734863,-0.01437615416944027,0.017193090170621872,0.021461641623525537,0.2939477562904358,-1166.691189342086,-1166.7421644234146,-4.98048291775632,0.05803594767303366,-0.10183112939330385,False
390,1787908635.6160564,6295.49980017,39.000882387161255,24000,24000,4639,986,1.948091276639857,0.12025450289469737,1.8242500126361847,2.1235000491142273,-0.014320528134703636,0.015092325396835804,0.021873944905711314,0.27515536546707153,-1169.4331703312719,-1169.74751357752,-4.98048291775632,0.272561501941027,0.12602967708062351,False
391,1787908635.7152493,6295.59963951,39.100075244903564,24000,24000,4562,920,1.9504500019809474,0.12366717880054356,1.8219500243663789,2.133099901676178,-0.015238907188177109,0.022324858233332634,0.022293171923900595,0.35325202345848083,-1172.8926091101875,-1172.7647119846783,-4.998637593582293,-0.21107301355618802,-0.35978530887064153,False
392,1787908635.826767,6295.69948837,39.21159291267395,24000,24000,4117,808,1.9591051962706123,0.13278136195884377,1.8259999752044678,2.144249951839447,-0.014758506789803505,0.02333822287619114,0.02164165649885705,0.3644448220729828,-1175.8615030191531,-1175.7990701759747,-5.004720026549818,0.16558394425237566,0.2714899855554904,False
393,1787908635.916277,6295.79933273,39.30110287666321,24000,24000,4768,980,1.9477561237860699,0.11820898519155551,1.8229999542236328,2.1481000065803526,-0.013893014751374722,0.018945761024951935,0.021277533258032,0.30463194847106934,-1178.64194768556,-1178.8281157584943,-5.001976709288408,0.07045491972030504,0.20038753402604925,False
394,1787908636.0180044,6295.89995537,39.402830362319946,24000,24000,4499,926,1.9446954628046336,0.12609534535731498,1.8192500174045563,2.1649999618530273,-0.015295171178877354,0.01846812106668949,0.02209565062917694,0.3087385296821594,-1181.8524177716763,-1181.828904929123,-4.992823141393681,-0.08817159202726543,-0.1500651631179153,False
395,1787908636.1164765,6295.99978173,39.50130248069763,24000,24000,4485,872,1.938988531401398,0.10791243043032928,1.8220000267028809,2.107900047302246,-0.01442080270498991,0.016279950737953186,0.021787993870658016,0.28380459547042847,-1185.0740894949158,-1184.8007695198187,-4.997384716522048,-0.35566136743500465,-0.671975390716625,False
396,1787908636.2156196,6296.09962825,39.60044550895691,24000,24000,4489,859,1.9381664712437374,0.11574237067256087,1.8119000315666198,2.119199967384338,-0.01357293501496315,0.014873174950480461,0.021956890879643587,0.2657718360424042,-1187.928939341993,-1187.793858261425,-4.989928618593848,-0.2362018448939125,-0.2517537969370096,False
397,1787908636.3153594,6296.19946439,39.70018529891968,24000,24000,4642,876,1.9356963465747223,0.11268845114536087,1.8217500150203705,2.0767499804496765,-0.017939070239663124,0.02010338567197323,0.020962683865550693,0.35096776485443115,-1190.859248928385,-1190.74817188724,-4.994073670899999,-0.17429909907627916,-0.1666303643964966,False
398,1787908636.415449,6296.29931705,39.80027484893799,24000,24000,4552,866,1.9416235568341702,0.1334420655024884,1.8170000314712524,2.1622501015663147,-0.016962703317403793,0.016896406188607216,0.022003032975351774,0.30712246894836426,-1193.1133156094231,-1193.7121167891578,-5.007279811200857,0.5743394191038078,0.7866126965811873,False
399,1787908636.5152087,6296.39997379,39.9000346660614,24000,24000,4459,853,1.9490386875125756,0.14271378170954196,1.809999942779541,2.184200096130371,-0.013895165175199509,0.017829671502113342,0.021356384958783517,0.29459866881370544,-1196.643726179803,-1196.7794947883658,-5.0127799705886416,0.03674199949432477,0.5499230344407806,False
400,1787908636.6168096,6296.49980861,40.00163555145264,24000,24000,4520,852,1.9352147878615509,0.1109672998435955,1.817549991607666,2.072449994087219,-0.016271287575364113,0.020665844902396202,0.021465449872646,0.3394954800605774,-1199.683511566789,-1199.757732843159,-4.989506787698707,0.045002155260817744,0.26802675670796816,False
401,1787908636.7156775,6296.59966131,40.10050344467163,24000,24000,4644,960,1.9395656251658997,0.12971272783286858,1.8039500176906587,2.112099993228912,-0.018026743084192276,0.01310749165713787,0.02192003080161779,0.2914491593837738,-1202.8227894187264,-1202.7169337298196,-4.99676339502927,-0.12822042966718072,0.502034390367271,False
402,1787908636.8159487,6296.69949213,40.20077466964722,24000,24000,4500,883,1.9407916198635424,0.1198201113019379,1.809999942779541,2.1227999210357664,-0.019040312618017197,0.019443433731794357,0.021478998785390557,0.34726768732070923,-1205.4119009160336,-1205.7209198041655,-4.994034195906612,0.2908235549023175,0.9161608789731872,False
403,1787908636.9162977,6296.79933535,40.30112361907959,24000,24000,4481,908,1.9485264315479127,0.13181362325005896,1.8179999589920044,2.1822499752044675,-0.01856946386396885,0.019118042662739754,0.02222711008103716,0.34581899642944336,-1208.7001319038638,-1208.7587334844727,-4.969429324329442,0.01307979717262242,0.45079425386666117,False
404,1787908637.0163352,6296.89997551,40.401161193847656,24000,24000,4537,960,1.9399927082161108,0.12102550422167076,1.808950012922287,2.094400095939636,-0.019501110538840294,0.016588957980275154,0.021624244471997792,0.3340030312538147,-1211.5646134760543,-1211.6976056057906,-4.981237669470817,0.14974415698293342,0.5901308360130315,False
405,1787908637.1163924,6296.99980477,40.50121831893921,24000,24000,4612,940,1.9356659572175208,0.11675284294065197,1.809000015258789,2.073099958896637,-0.017955418676137924,0.018412545323371887,0.021806651501121564,0.3329183757305145,-1214.713116078296,-1214.693885025113,-4.979661539040081,0.0029740000986748782,0.14117122852348984,False
406,1787908637.2168462,6297.09965147,40.60167217254639,24000,24000,4584,933,1.9407792086258835,0.13026893019065638,1.809000015258789,2.1920000076293946,-0.015880849212408066,0.0177689790725708,0.02182142589369298,0.3043782711029053,-1217.825881483048,-1217.7061212284527,-4.992815622435629,-0.09615702971041173,0.13294197769664606,False
407,1787908637.3154068,6297.19949769,40.70023274421692,24000,24000,4475,937,1.9381120590415555,0.12734434693197044,1.8109999895095825,2.0850000381469727,-0.015332674607634544,0.01684173382818699,0.02210829601033381,0.2944886386394501,-1221.0317220459237,-1220.7049264616523,-4.999168686003244,-0.3451620294440545,-0.21367225190897443,False
408,1787908637.4155014,6297.29933341,40.80032730102539,24000,24000,4447,880,1.9329193185676228,0.10732334030864613,1.814950054883957,2.0680500745773314,-0.013596931472420692,0.02022067829966545,0.02163868470858918,0.3133518695831299,-1223.961205190366,-1223.7166727651706,-4.988478978236494,-0.27178977002813554,0.557579342670806,False
409,1787908637.5161304,6297.39997665,40.90095639228821,24000,24000,4558,885,1.9431118659380466,0.12823287251095808,1.8152000427246093,2.124800062179565,-0.012603792361915112,0.01801825873553753,0.020652191661599914,0.28345364332199097,-1225.9921247179434,-1226.7155869293342,-4.989599115061016,0.7161822397442847,1.3480959486998927,False
410,1787908637.6158953,6297.49981531,41.00072121620178,24000,24000,4640,1039,1.9403974986971284,0.1192598902595371,1.8158999919891357,2.075200033187866,-0.01666237972676754,0.019966157153248787,0.022364141145220364,0.3316105008125305,-1229.786419208915,-1229.7111344139319,-4.989599115061016,-0.08514889581670104,0.43061995705784284,False
411,1787908637.7155142,6297.59966735,41.100340127944946,24000,24000,4517,930,1.947689248156804,0.12486782705323964,1.8214500010013581,2.105749988555908,-0.01104987133294344,0.023544013500213623,0.02141351458017038,0.3348628580570221,-1232.752656129406,-1232.7033152189813,-4.988469788408373,-0.06279985326841597,0.604474379419571,False
412,1787908637.8156767,6297.69951315,41.20050263404846,24000,24000,4536,952,1.954643907792428,0.13222814520398787,1.824550026655197,2.16540001630783,-0.01153518259525299,0.02423429861664772,0.021468763834665193,0.34251102805137634,-1235.5373362431974,-1235.6921293444825,-4.993519780334023,0.15741392834411272,0.9065492549548253,False
413,1787908637.9149978,6297.79936049,41.29982376098633,24000,24000,4575,1006,1.951579522304459,0.12633095328453992,1.8229999542236328,2.1527498960494995,-0.010585845448076725,0.022157013416290283,0.022187410219986582,0.3153044283390045,-1237.8969524434924,-1238.677576790436,-4.98339872401623,0.7774500912973963,1.711746314074162,False
414,1787908638.0146675,6297.89960839,41.39949345588684,24000,24000,4730,1001,1.9515134869041024,0.1242295536494658,1.8240000009536743,2.0940001010894775,-0.012398316524922848,0.0229237861931324,0.02252984010056315,0.33353546261787415,-1241.9715859061523,-1241.6596575568415,-4.982368309286327,-0.3070739041156685,0.3963354621957933,False
415,1787908638.1151977,6297.99945123,41.50002360343933,24000,24000,4570,964,1.9561856857721243,0.12164118452222795,1.8259999752044678,2.153550040721893,-0.012578445486724377,0.02696218714118004,0.022213437596148956,0.37482544779777527,-1244.4491590392458,-1244.6383716436987,-4.973899173131977,0.2312761703462911,1.1598979250547927,False
416,1787908638.214844,6298.09929435,41.59966993331909,24000,24000,4562,942,1.9462898111647102,0.11642776441486419,1.8179999589920044,2.107700037956237,-0.009989438578486443,0.023106873035430908,0.022398287195992597,0.3204577565193176,-1247.518345619547,-1247.613719051008,-4.97129066966621,0.15149810230445837,0.8854677504243682,False
417,1787908638.316026,6298.19992573,41.700851917266846,24000,24000,4566,930,1.9522720459968812,0.1267884805760357,1.824450021982193,2.1140499949455256,-0.010211801156401634,0.025290729478001595,0.02295440761294854,0.3470686078071594,-1250.732279935365,-1250.5856997787694,-5.0076319015993915,-0.026957792324537877,0.620038854981658,False
418,1787908638.4160273,6298.29976709,41.80085325241089,24000,24000,4743,999,1.952056056625015,0.12762639353553504,1.8257999777793885,2.145799994468688,-0.007833641022443771,0.024232981726527214,0.022347157077443437,0.3202277719974518,-1253.649978856197,-1253.5543138269825,-5.053882068085405,0.05540202335328104,0.49638110091586896,False
