scan_index,bag_stamp_s,header_stamp_s,time_s,input_point_count,finite_point_count,central_point_count,target_point_count,target_depth_mean_m,target_depth_std_m,target_depth_p05_m,target_depth_p95_m,target_u_centroid,target_v_centroid,target_radial_std,h5_magnitude,relative_angle_deg,offline_relative_angle_deg,local_rpm,raw_motion_residual_deg,heldout_motion_residual_deg,rejected_branch_boundary
0,1787908923.4217992,6583.29999659,0.0,24000,24000,4241,723,1.9318437073405519,0.12286890992543273,1.804100012779236,2.155799913406372,-0.017077475786209106,-0.046075671911239624,0.031034242205524663,0.18487296998500824,0.0,0.0,-15.06631671341371,0.29578274205717536,0.21078717880276784,False
1,1787908923.5210161,6583.39982351,0.09921693801879883,24000,24000,4262,727,1.9317427778506377,0.11116825612211545,1.7979999780654907,2.09860005378723,-0.015877988189458847,-0.047347161918878555,0.03216719319404702,0.23212940990924835,-9.004845192624307,-9.015611837598652,-15.109748368598304,0.22005235311826432,0.07653720811653919,False
2,1787908923.620733,6583.49965781,0.19893383979797363,24000,24000,4264,679,1.9492253340747816,0.145661801039395,1.8028999805450439,2.2753000974655153,-0.015307124704122543,-0.04529066011309624,0.035331772160500555,0.20975594222545624,-18.724338804542946,-18.032455438880334,-15.109748368598304,-0.5253317807859474,-0.43691038642669966,False
3,1787908923.7198484,6583.59948445,0.2980492115020752,24000,24000,4414,664,1.9316295202238014,0.11993285295651697,1.78814999461174,2.1138500571250916,-0.016041914001107216,-0.04693525284528732,0.03651963309383312,0.2563181519508362,-26.52279358206583,-27.050530803845046,-15.080999527780703,0.5961876963712385,0.977620417933764,False
4,1787908923.8196752,6583.69932205,0.3978760242462158,24000,24000,4467,644,1.9422267058991498,0.11593296423710459,1.7961500108242034,2.1128499269485475,-0.014308645389974117,-0.0449625700712204,0.03804687665736582,0.2684788405895233,-35.75583220643524,-36.069837932492796,-15.057863340921697,0.3471500830947818,0.5245653430824504,False
5,1787908923.91962,6583.79994329,0.4978208541870117,24000,24000,4638,587,1.943298127622783,0.12647035567486511,1.7879999876022339,2.181900024414062,-0.008580155670642853,-0.04412110522389412,0.037790071593511367,0.1733759492635727,-44.9152018697731,-45.09037682482357,-15.06515925782569,0.18240249131380892,0.1738168814484098,False
6,1787908924.0214117,6583.89977897,0.5996124744415283,24000,24000,4510,545,1.95245504838611,0.1290527248306655,1.8187999725341797,2.186999988555908,-0.004621419589966536,-0.04992024600505829,0.03666502425179659,0.12886762619018555,-54.03394007019846,-54.11214748083738,-15.048464621485552,0.22448986619005495,0.4105933470691241,False
7,1787908924.1207087,6583.99962353,0.6989095211029053,24000,24000,4534,543,1.9753149177048965,0.1427210368404378,1.833199954032898,2.277800107002258,-0.004927526693791151,-0.05018877238035202,0.03562390088276048,0.1655849814414978,-62.93043485388312,-63.13514990053421,-15.048464621485552,0.26431933329358515,0.3713381683959369,False
8,1787908924.2202392,6584.09946929,0.7984399795532227,24000,24000,4547,534,1.972352061378822,0.1409374390090066,1.819000005722046,2.2577499985694884,-0.004791698418557644,-0.04985019937157631,0.035003744933018485,0.1861850917339325,-71.68479010324661,-72.15938408391408,-15.040213493764368,0.4672944320802941,0.39265163309690365,False
9,1787908924.3197865,6584.19930823,0.8979873657226562,24000,24000,4750,592,1.955298989407114,0.11414561924853774,1.8250000476837158,2.1620001077651962,-0.005392963998019695,-0.047822967171669006,0.03268945416077654,0.20757177472114563,-80.77165162304269,-81.18485003097697,-15.040213493764368,0.3392866852686325,-0.05659390770105688,False
10,1787908924.4195852,6584.29993505,0.9977860450744629,24000,24000,4561,609,1.9525353041384217,0.11109187110571749,1.8229999542236328,2.156400012969971,-0.003959702327847481,-0.0472763255238533,0.030171226481000495,0.18084929883480072,-91.21369937366798,-90.21154774172153,-15.037772739644106,-1.1212919434248079,-1.7032388780544352,False
11,1787908924.520716,6584.39977397,1.09891676902771,24000,24000,4577,618,1.9521569567205066,0.12086187863495264,1.8288499891757966,2.1668998956680294,-0.007290103938430548,-0.048820074647665024,0.02798335093539485,0.2157319188117981,-99.99381357240732,-99.23868020972141,-15.045913574465274,-0.8000585054605693,-1.5717936147957658,False
12,1787908924.6207843,6584.49961391,1.1989850997924805,24000,24000,4560,627,1.944789472569309,0.10816320515089627,1.8253000259399415,2.1437999963760372,-0.01251953188329935,-0.046852901577949524,0.02808913364908331,0.21256478130817413,-108.0672118391769,-108.29673977449097,-15.068001921840334,0.13227986361020783,-0.06760439517799455,False
13,1787908924.7202423,6584.59945125,1.298443078994751,24000,24000,4700,665,1.9449714293157248,0.1211579446204072,1.833199954032898,2.1604001045227044,-0.013362935744225979,-0.04584889113903046,0.031019243005659888,0.2118052989244461,-116.95987663237563,-117.33350175431731,-15.045251690374426,0.1904225854686672,0.061505276497570094,False
14,1787908924.8198447,6584.69928851,1.398045539855957,24000,24000,4654,747,1.938955823899592,0.10480849064066354,1.8243000149726867,2.104000043869018,-0.018781613558530807,-0.045568276196718216,0.03397129217409881,0.17165938019752502,-126.49435620567006,-126.31614106722,-15.064635024110425,-0.3802467199581798,-0.3141988990393827,False
15,1787908924.921449,6584.79992413,1.4996497631072998,24000,24000,4504,710,1.948401408799937,0.12752917918254175,1.8184499800205232,2.1656500458717343,-0.018997665494680405,-0.045483313500881195,0.03525520291921406,0.214927539229393,-135.65785907888653,-135.39518057428396,-15.075883693489631,-0.3997889744885015,-0.3493799943993281,False
16,1787908925.02121,6584.89977751,1.5994107723236084,24000,24000,4567,717,1.9501101814387067,0.13398053022948817,1.8097999572753907,2.179399967193602,-0.018777383491396904,-0.04624702036380768,0.03605757656759783,0.22012470662593842,-143.95464930699598,-144.42438432015211,-15.075883693489631,0.28149976266055887,0.5591935509245332,False
17,1787908925.1213052,6584.99960967,1.6995060443878174,24000,24000,4547,604,1.9560943684041106,0.13916716053051317,1.8135999739170074,2.21570006608963,-0.022871509194374084,-0.048459742218256,0.03550103514711135,0.24221521615982056,-152.96403438606256,-153.45631635781908,-15.076698465506055,0.28027592515641686,0.8229394173890512,False
18,1787908925.219916,6585.09945655,1.79811692237854,24000,24000,4541,589,1.9453310668974457,0.1330260044774478,1.8187999963760375,2.211199998855591,-0.024256527423858643,-0.047792788594961166,0.03546121223246568,0.2815554440021515,-162.55099087994574,-162.5567691743842,-15.086359893396533,-0.4321086654440478,-0.4143942354257035,False
19,1787908925.3203242,6585.19929873,1.8985249996185303,24000,24000,4297,558,1.9461129064201026,0.14571205172564555,1.8170000314712524,2.221350038051605,-0.025531435385346413,-0.04980497434735298,0.033648772950207566,0.3173418641090393,-171.28947361651564,-171.64433339535796,-15.048016219844714,-0.1342789860501341,-0.20285284717996888,False
20,1787908925.4200296,6585.29992973,1.9982304573059082,24000,24000,4316,686,1.9379693877940276,0.13395781655136318,1.8102499544620514,2.143500030040741,-0.021726807579398155,-0.04403853416442871,0.03293947511893409,0.27651506662368774,-180.7944724298596,-180.6267140363193,-15.042545161519834,-0.6661982423943584,-1.1287945962376398,False
21,1787908925.5211957,6585.39977915,2.0993964672088623,24000,24000,4250,699,1.9386037212925749,0.13061975662954914,1.8018000364303588,2.1670000553131104,-0.020990770310163498,-0.037585534155368805,0.031153580378879726,0.30147022008895874,-189.61926967938314,-189.72414222594026,-15.057926303827118,-0.38647226541903024,-1.3014623745117433,False
22,1787908925.6214635,6585.49961503,2.199664354324341,24000,24000,4382,759,1.937420292177062,0.13294721390010195,1.797599983215332,2.1938000679016114,-0.015995459631085396,-0.03368952497839928,0.027659825833583746,0.3393602967262268,-198.16733545373046,-198.84746939882925,-15.014812508349243,0.08915784376756619,-0.2099704174572139,False
23,1787908925.7211466,6585.59946723,2.299347400665283,24000,24000,4156,712,1.9344536524810148,0.12605843600775984,1.7915500342845916,2.0969998836517334,-0.01656084693968296,-0.03500448912382126,0.027527966082494994,0.31821706891059875,-208.51907967255772,-207.86391926885375,-14.993378839888004,-1.2915237467137217,-2.1342726768739055,False
24,1787908925.8202918,6585.69930807,2.3984925746917725,24000,24000,4171,723,1.9474384525834607,0.13044791165355243,1.8049999475479126,2.185900092124939,-0.012558468617498875,-0.03668959066271782,0.02822011050506747,0.2437715232372284,-217.5827406810525,-216.81962781342276,-14.996869063986876,-1.432528414552678,-1.7964042006767045,False
25,1787908925.9204817,6585.79993277,2.4986824989318848,24000,24000,4213,738,1.9396463396749521,0.12133177984905634,1.8068500339984894,2.082050085067749,-0.008707189001142979,-0.039219945669174194,0.029618615029234338,0.20075371861457825,-225.45001804166844,-225.7768036437652,-14.996869063986876,-0.28312622854724623,-1.184331599053479,False
26,1787908926.0215597,6585.89976133,2.5997605323791504,24000,24000,4351,738,1.9420704597703164,0.12342400740300917,1.8088500082492829,2.112149977684021,-0.006934999488294125,-0.03819393366575241,0.031415509468927474,0.1983247697353363,-235.22135665528887,-234.80926202832458,-14.985437134715546,-0.9578591334692135,-1.359793021477003,False
27,1787908926.1216242,6585.99960009,2.6998250484466553,24000,24000,4274,705,1.9422709228299189,0.11305640922532566,1.819000005722046,2.1246000766754136,-0.0013757749693468213,-0.04099716246128082,0.03219147548983885,0.25001147389411926,-244.48190637622636,-243.79778816651455,-14.950205069947934,-1.2130155255712225,-1.630677955779987,False
28,1787908926.2200966,6586.09944791,2.79829740524292,24000,24000,4266,697,1.9484949782383836,0.1183317853267065,1.823799991607666,2.1730000972747803,-0.0024426663294434547,-0.04250554367899895,0.03353679939841588,0.26932865381240845,-252.35501263298397,-252.76105269539286,-14.943295292476172,-0.22401621466133292,-0.08646895650130659,False
29,1787908926.320407,6586.19929453,2.8986077308654785,24000,24000,4307,739,1.947239517036407,0.11698950241069087,1.8289999961853027,2.1172000885009767,-0.0021782666444778442,-0.047240834683179855,0.034375011089704484,0.26131030917167664,-260.67468670580206,-261.6879169698091,-14.908802418175844,0.48382488648388744,0.9319721111116337,False
30,1787908926.4200404,6586.29991625,2.9982411861419678,24000,24000,4453,742,1.9489528307053599,0.10045347503891205,1.8390499889850616,2.137950015068054,-0.00043493887642398477,-0.05094520375132561,0.034042295402093144,0.2835795283317566,-270.6141046428712,-270.57138891326224,-14.908676493537536,-0.4889934133028646,-0.6534950346995743,False
31,1787908926.5214229,6586.39974433,3.099623680114746,24000,24000,4334,723,1.9512240650907757,0.11759933330400413,1.8311999678611754,2.183499956130981,-0.003487012581899762,-0.052235838025808334,0.03337664935855006,0.2526440918445587,-279.38205585405535,-279.4797298247353,-14.920834322410704,-0.13293872546040575,0.16572929558878968,False
32,1787908926.6209538,6586.49958833,3.1991546154022217,24000,24000,4316,728,1.9617719802555147,0.12551110791680598,1.8316999614238738,2.2093000054359435,-0.00611247681081295,-0.05178404226899147,0.03203587304523542,0.24369259178638458,-287.85397272254056,-288.39956015303,-14.920834322410704,0.3525176675801731,0.7411743488718798,False
33,1787908926.7203038,6586.59942769,3.298504590988159,24000,24000,4330,683,1.9464641322503153,0.11902509885332165,1.798099982738495,2.1449999809265137,-0.009176762774586678,-0.050628919154405594,0.03095933069228355,0.3119605779647827,-297.16782369987334,-297.244830292048,-14.92413104745385,-0.020245674271450298,0.022414019620327963,False
34,1787908926.8202012,6586.69928481,3.398401975631714,24000,24000,4430,695,1.943417267490634,0.1171131180848772,1.7922000169754029,2.163300085067749,-0.010035607032477856,-0.051851384341716766,0.028737192280954546,0.27639126777648926,-306.5965440247155,-306.18876770150075,-14.93783915579798,-0.45861380843012967,-0.8245358104992988,False
35,1787908926.9219122,6586.79995005,3.500113010406494,24000,24000,4456,752,1.9477154300250905,0.13061000850619753,1.8020000457763672,2.2185999751091,-0.00965424720197916,-0.04921158403158188,0.02770031998117059,0.2268383502960205,-316.1084427181423,-315.2169363566046,-14.982179043514174,-0.8169392870337333,-1.6538226530777251,False
36,1787908927.0210292,6586.89979053,3.5992300510406494,24000,24000,4262,700,1.9450699995245253,0.12212155182900182,1.8099499464035034,2.1811499953269955,-0.010009230114519596,-0.048177044838666916,0.025955564077368112,0.23803652822971344,-324.3077003442648,-324.1610751123611,-15.00644579834264,-0.09607246166149253,-0.11984299692267086,False
37,1787908927.1210911,6586.99963465,3.699291944503784,24000,24000,4229,712,1.9333946649613005,0.11221647545258982,1.809099954366684,2.122900021076202,-0.012029225938022137,-0.04792388156056404,0.02582834322297884,0.1953326016664505,-332.8698633781115,-333.2350292912171,-15.025370148240041,0.3469218097613975,0.5094470062211371,False
38,1787908927.2208831,6587.09947451,3.799083948135376,24000,24000,4195,729,1.9308861446642254,0.10834463165559213,1.812999963760376,2.1255999565124513,-0.01504826731979847,-0.04946466162800789,0.02684318035841406,0.13739237189292908,-341.5524980604879,-342.3855718232928,-15.052207122028383,0.6451554620583124,0.9780042416328456,False
39,1787908927.3211162,6587.19931311,3.8993170261383057,24000,24000,4443,831,1.9260024083363594,0.10710444065184963,1.809000015258789,2.075500011444092,-0.01779954321682453,-0.04873722419142723,0.028396801240571295,0.13255053758621216,-351.201567036501,-351.49156580887296,-15.018476237469157,0.01664969315942244,-0.1774807142516579,False
40,1787908927.4211824,6587.29995333,3.9993832111358643,24000,24000,4184,710,1.9411971837701931,0.12715637883326056,1.8084499895572663,2.174749994277954,-0.01397637091577053,-0.04749400541186333,0.03045656233319898,0.21724753081798553,-360.38564722755547,-360.49387356367805,-15.029846905766938,-0.16188697224492898,0.16051432538449717,False
41,1787908927.521055,6587.39979995,4.099255800247192,24000,24000,4170,725,1.9394524143482077,0.1277421634691384,1.8063999891281128,2.166799974441528,-0.016056500375270844,-0.046536631882190704,0.03225280883544245,0.3290443420410156,-369.5326192015936,-369.58322048940096,-15.014797461136352,-0.3207382511313881,-0.04176012395697626,False
42,1787908927.6210568,6587.49964633,4.1992576122283936,24000,24000,4186,684,1.9400160798901005,0.13046902674059582,1.8009999990463257,2.147249984741211,-0.016324449330568314,-0.04471210017800331,0.034775739216181385,0.3292006552219391,-378.2367132835792,-378.62706235782434,-14.975658753839168,-0.02508211317444875,-0.3291753284607921,False
43,1787908927.7202494,6587.59949669,4.298450231552124,24000,24000,4493,750,1.9322413342793783,0.1139330550214525,1.7882500112056732,2.1110999464988707,-0.01722276583313942,-0.046846307814121246,0.0367019799758854,0.2280493527650833,-387.76657936365206,-387.56639183415376,-14.961059581382488,-0.6280219717181126,-0.9776610791631697,False
44,1787908927.821053,6587.69933497,4.399253845214844,24000,24000,4585,624,1.9351858953252816,0.12476050901926758,1.7761999785900116,2.08740006685257,-0.014274084940552711,-0.04734953120350838,0.03813693826210193,0.27885326743125916,-397.12160835035615,-396.5410123027041,-14.946493235103313,-0.9111418973883474,-1.7160554712150997,False
45,1787908927.9228506,6587.79996871,4.501051425933838,24000,24000,4497,537,1.9374729980969563,0.1116111302492225,1.7995999574661254,2.1471999645233155,-0.009104018099606037,-0.044268347322940826,0.03849671104467026,0.24738936126232147,-405.72713285497775,-405.4337529925989,-14.959929564048366,-0.3553044095132236,-1.1683752748813845,False
46,1787908928.020965,6587.89981321,4.599165916442871,24000,24000,4502,516,1.9662868228069572,0.1368050780582538,1.8370000123977661,2.2572500109672546,-0.006515169516205788,-0.048598308116197586,0.03757484921704453,0.17322885990142822,-415.25856094365935,-414.4509762574177,-14.98315196538315,-1.0568334189240431,-2.0581544673920007,False
47,1787908928.1209207,6587.99964787,4.699121475219727,24000,24000,4682,540,1.9742611092549782,0.14389119116757138,1.824850046634674,2.2900999665260313,-0.0050666737370193005,-0.05028010532259941,0.0362074361002637,0.12185850739479065,-423.621256328366,-423.4284160186924,-14.981908827132365,-0.4239411811224727,-1.2621753232573951,False
48,1787908928.220103,6588.09950487,4.798303842544556,24000,24000,4554,554,1.9743574024968198,0.1471859339490535,1.820600003004074,2.297549986839295,-7.938736234791577e-05,-0.05187586322426796,0.03358751228479526,0.06908734142780304,-432.229088821114,-432.4174141781795,-14.97850006121437,-0.10577008991697312,-0.1226335212350591,False
49,1787908928.3209782,6588.19934233,4.899178981781006,24000,24000,4542,562,1.96172063842787,0.13461069745570736,1.8260499775409698,2.234849905967712,-0.003840651363134384,-0.050143949687480927,0.03224806529639454,0.09648885577917099,-440.7569896653493,-441.35078271026737,-14.944469282822665,0.44467513322337027,0.7122608900581895,False
50,1787908928.4228454,6588.29998469,5.001046180725098,24000,24000,4398,547,1.9596617927934832,0.12576221122295206,1.8326000094413757,2.175500035285949,-0.0015748944133520126,-0.04744947329163551,0.03124601937147508,0.11667904257774353,-450.1167084553364,-450.2672545041043,-14.934221421177684,0.25258368857231517,1.0483136349270126,False
51,1787908928.521382,6588.39981705,5.09958291053772,24000,24000,4718,631,1.9504500827774194,0.12054038432521981,1.8224999904632568,2.166499972343445,-0.005240982864052057,-0.04947877675294876,0.028619078525192063,0.19651387631893158,-458.45617189944136,-459.18948832620356,-14.942068147549513,0.7810191178424475,1.561772185293023,False
52,1787908928.6211739,6588.49964879,5.199374675750732,24000,24000,4705,688,1.9503183156944985,0.11918041525726746,1.8343500077724457,2.176650071144104,-0.012650667689740658,-0.04761242866516113,0.028561846811201608,0.19719330966472626,-467.51487423378154,-468.15094545882056,-14.934058786639133,0.7031636614877357,1.314788330961619,False
53,1787908928.7202203,6588.59947881,5.298421144485474,24000,24000,4593,705,1.9480411331704321,0.11053964692025822,1.839199995994568,2.1692000389099118,-0.014768010936677456,-0.04592321440577507,0.03106654168671395,0.24710097908973694,-477.095613977678,-477.1009190407392,-14.934058786639133,0.036197189495453586,0.6862084427449417,False
54,1787908928.819886,6588.69931055,5.398086786270142,24000,24000,4592,716,1.9400865935080545,0.1048150074678635,1.8247500360012054,2.1012500524520874,-0.017894161865115166,-0.04476837068796158,0.03313250923644562,0.24305665493011475,-485.5525396465531,-486.1008372962518,-14.936847810348056,0.5487678107564875,1.1438052336034161,False
55,1787908928.9278963,6588.79995029,5.506097078323364,24000,24000,4366,723,1.9505200577309847,0.1206878642067784,1.8360999703407288,2.162200093269348,-0.020426996052265167,-0.045474156737327576,0.03526256691373846,0.2322421371936798,-496.1861537154783,-495.06032392118937,-14.949368217619908,-0.36436589482514137,-0.36894820162530095,False
56,1787908929.0209305,6588.89977969,5.599131345748901,24000,24000,4711,705,1.943929077885675,0.1209598834499966,1.8231999635696412,2.131599903106689,-0.022157171741127968,-0.04616234451532364,0.03691207865441769,0.25384581089019775,-504.49429295731403,-504.076011561765,-14.949368217619908,-0.29980516115875844,-0.46669535902145753,False
57,1787908929.1211624,6588.99962501,5.6993632316589355,24000,24000,4507,630,1.9555428595769972,0.15007215043193423,1.8048000037670135,2.2661999106407165,-0.02494627982378006,-0.04817401245236397,0.03533977978252543,0.26548558473587036,-513.5477332533528,-513.103353103127,-14.979513206068296,-0.33278953352237295,-0.5405698763157716,False
58,1787908929.2201889,6589.09947071,5.798389673233032,24000,24000,4371,592,1.9516165548482456,0.13664899268692135,1.8220000267028809,2.224149942398071,-0.02642819844186306,-0.04796352982521057,0.0354877452807728,0.27804890275001526,-521.7955593259701,-522.104581081318,-14.987219864482833,0.3313553039888575,0.23503908696091003,False
59,1787908929.3207386,6589.19932799,5.898939371109009,24000,24000,4297,571,1.9430122600962945,0.13713606335056144,1.809499979019165,2.1999999284744263,-0.02481694705784321,-0.04602210968732834,0.03389133626919272,0.2773829698562622,-530.7133868140268,-531.1150847872221,-14.996985117347656,0.4625855044527043,0.5729519915799983,False
60,1787908929.4215279,6589.29995925,5.999728679656982,24000,24000,4438,657,1.938290715761925,0.13262627946815728,1.81080002784729,2.1829998970031723,-0.02029632404446602,-0.041127465665340424,0.03179173927709809,0.29279211163520813,-540.243445866406,-540.0757153775851,-14.993921381709745,0.003148111838982004,-0.08315804100868718,False
61,1787908929.521361,6589.39978595,6.099561929702759,24000,24000,4195,667,1.9386506766929799,0.13226389959921964,1.801300013065338,2.1882000446319574,-0.01910134218633175,-0.03889225795865059,0.03097649893251136,0.22050981223583221,-549.3392334759168,-549.0457687191165,-15.00048467492325,-0.10805915600815297,0.6283614851681705,False
62,1787908929.6210713,6589.49962205,6.199272155761719,24000,24000,4163,673,1.9376612186077622,0.13025111239647083,1.7904000282287598,2.1470000267028806,-0.014601178467273712,-0.035972729325294495,0.02821417605002692,0.3043285012245178,-557.9511048647253,-557.9943625517818,-15.010779075524852,0.2535781459392865,0.6018605240874422,False
63,1787908929.7203212,6589.59945611,6.298521995544434,24000,24000,4143,691,1.9361881354093207,0.12393235625811125,1.796999990940094,2.146999955177307,-0.014174257405102253,-0.035148944705724716,0.027729551118437706,0.30937454104423523,-566.6411732519048,-566.9630504861917,-15.001539992473274,0.4955855853623916,0.5275046066574305,False
64,1787908929.8203037,6589.69930055,6.3985044956207275,24000,24000,4256,746,1.9474115282217235,0.13332788674292845,1.8049999475479126,2.1839999556541443,-0.014061677269637585,-0.03385571017861366,0.028028282266290932,0.1873907744884491,-575.22800534049,-575.9544914102842,-14.993091948028818,0.9067657250074035,0.49418113244041706,False
65,1787908929.9248857,6589.79993669,6.503086566925049,24000,24000,4109,704,1.9448863623494452,0.12881349730565558,1.8070000410079956,2.0993500471115114,-0.014418658800423145,-0.03667513281106949,0.02984565983170659,0.14491909742355347,-585.311007748516,-584.9450675942916,-14.976961074889559,0.23571796636360887,-0.06097205409059825,False
66,1787908930.0228498,6589.89978343,6.601050615310669,24000,24000,4206,744,1.9416653225498814,0.11919057491285098,1.815999984741211,2.0796999454498293,-0.006641951389610767,-0.04058529809117317,0.03133681631253903,0.1845622956752777,-593.3860382304866,-593.9586076088538,-15.015725354713434,0.9770473936581539,1.022066913861977,False
67,1787908930.121143,6589.99960599,6.699343919754028,24000,24000,4303,744,1.9443911285169664,0.12379256445187135,1.8141500174999237,2.1164000749588014,-0.0021352546755224466,-0.04079065099358559,0.03266622336431874,0.21279458701610565,-603.0206490245539,-602.9886082003912,-15.019693867651812,0.18842819471615257,-0.2078945925395601,False
68,1787908930.2208827,6590.09945439,6.799083471298218,24000,24000,4332,744,1.9544180133329925,0.13363604307837254,1.8300000429153442,2.1848499536514283,-0.003735925303772092,-0.04476754367351532,0.03397631079663333,0.25133371353149414,-612.2328834901332,-612.0555010500001,-15.038012480636946,-0.047658407507128686,-0.8257184382329115,False
69,1787908930.3208506,6590.19928765,6.8990514278411865,24000,24000,4464,736,1.9572241822986498,0.12237007247468079,1.8370000123977661,2.174750030040741,-0.005168420262634754,-0.045580968260765076,0.034242423386990156,0.24154698848724365,-620.9694066321267,-621.0331669359001,-15.030381523035466,0.21252182077330417,-0.07271837529231107,False
70,1787908930.421545,6590.29992471,6.999745845794678,24000,24000,4299,676,1.9451198214609948,0.10644296643685772,1.8337499797344208,2.098499894142151,-0.003537159413099289,-0.049657274037599564,0.03455254456569331,0.2191726267337799,-630.2476218212735,-630.0075472089627,-15.071390703175176,-0.0036114703547127647,-0.19548244659017655,False
71,1787908930.521536,6590.39975751,7.099736928939819,24000,24000,4262,682,1.9539516124207952,0.12189458690798909,1.8309999704360962,2.159750008583067,-0.004520941525697708,-0.05168291553854942,0.03388746638431969,0.18257513642311096,-639.6599396929288,-639.1060355626397,-15.074334658454639,-0.4171446730186972,-0.6824780210681638,False
72,1787908930.6210692,6590.49959161,7.199270009994507,24000,24000,4330,694,1.9588371748883031,0.12011102665436268,1.8220000267028809,2.2343499422073365,-0.006553772836923599,-0.05281919986009598,0.03086848239665548,0.1340939700603485,-648.4202686469159,-648.1795877657086,-15.074334658454639,-0.21990725528985422,-0.4798062117289419,False
73,1787908930.720872,6590.59943059,7.299072742462158,24000,24000,4493,694,1.9485878932372982,0.11542828056338622,1.8049999475479126,2.1863999247550967,-0.004665841814130545,-0.05068596079945564,0.030173634625337207,0.19915954768657684,-656.9889875024902,-657.2424170612932,-15.08111953891106,0.1932077747604808,0.10279750492418316,False
74,1787908930.8199902,6590.69967793,7.398190975189209,24000,24000,4409,694,1.9448386162777112,0.11704971826359636,1.8046499729156493,2.1247000217437746,-0.008496835827827454,-0.050377294421195984,0.028957072118012055,0.17773626744747162,-666.0962261188199,-666.3107998775778,-15.075476659908938,0.006200893364507465,0.0439639733004924,False
75,1787908930.9204335,6590.79951585,7.498634338378906,24000,24000,4386,725,1.9377103435582128,0.11149670430073842,1.8031999826431275,2.1404000282287594,-0.006766562815755606,-0.05087026581168175,0.028493967220939973,0.1515384316444397,-674.2344913846608,-675.3063598256739,-15.047828950709958,0.9074236332826331,1.3256064071726996,False
76,1787908931.0204597,6590.89933975,7.598660469055176,24000,24000,4269,738,1.940383472255252,0.12194837343705918,1.8137000143527984,2.164600026607513,-0.009437420405447483,-0.04978817701339722,0.02643230127882303,0.1302775889635086,-684.6157387065801,-684.3915399742351,-15.037968614863281,-0.4718848865379641,-0.5610731743186079,False
77,1787908931.1203818,6590.99998273,7.698582649230957,24000,24000,4431,800,1.9355150009691715,0.11903223816800933,1.8038000166416168,2.1580999970436094,-0.013996300287544727,-0.04595464840531349,0.025583141687719003,0.15403424203395844,-693.2445123241233,-693.3731796225666,-14.99766139802165,-0.10807481786582684,0.17268205339098586,False
78,1787908931.2214622,6591.09981339,7.799663066864014,24000,24000,4196,739,1.9299905261425592,0.10326096917250961,1.8217000246047974,2.0855999469757087,-0.017379984259605408,-0.04713226854801178,0.02657379893725338,0.12568256258964539,-702.0725621700489,-702.3340472914006,-14.975850454809256,0.16069561178517233,0.06343784894568216,False
79,1787908931.3214095,6591.19965841,7.899610280990601,24000,24000,4196,769,1.9274200252190679,0.11282668617818928,1.8124000072479247,2.0920000553131097,-0.013865593820810318,-0.04980992153286934,0.028875625415100224,0.1390368491411209,-711.8114737089578,-711.32624683396,-14.977622218730973,-0.583379288688775,-1.0519814667231913,False
80,1787908931.4204059,6591.29950087,7.9986066818237305,24000,24000,4184,722,1.9368947344803744,0.130976920327008,1.8081499695777894,2.1198998928070067,-0.014414788223803043,-0.04785042628645897,0.031119564830587153,0.1304757446050644,-721.0268419948088,-720.2874870806911,-14.977622218730973,-0.8894802070749392,-1.1729881320808317,False
81,1787908931.5203352,6591.39934075,8.098536014556885,24000,24000,4275,737,1.9469443676106157,0.1366403598622401,1.8097999572753907,2.202199935913086,-0.017160966992378235,-0.045459114015102386,0.033343629715527165,0.21423617005348206,-728.9564185142004,-729.2607476585841,-14.9808280919559,0.1741706603829698,0.03079764843312205,False
82,1787908931.621357,6591.49997869,8.199557781219482,24000,24000,4246,689,1.9380609553161312,0.12209453977517547,1.7990000247955322,2.1047999382019045,-0.014544427394866943,-0.04412282630801201,0.03476206352030332,0.20013386011123657,-738.5362838852653,-738.2428085516611,-15.003973009365938,-0.31415278030567606,-0.2424332159213236,False
83,1787908931.7219734,6591.59980929,8.300174236297607,24000,24000,4374,647,1.9418995358291697,0.12530332582496903,1.8088999748229981,2.1725999832153313,-0.01629381813108921,-0.044013239443302155,0.037147751183297675,0.21627303957939148,-747.4841835910545,-747.278057229822,-15.020723941477414,-0.20698692498865512,-0.253565342110619,False
84,1787908931.8210838,6591.69964881,8.399284601211548,24000,24000,4463,621,1.9485523370537012,0.1417966264654913,1.7790000438690186,2.184999942779541,-0.0121961310505867,-0.04704714193940163,0.03747287364028746,0.18529446423053741,-755.9656385916018,-756.3392992527878,-15.021888025329401,0.2310817387002544,0.130818740682912,False
85,1787908931.922333,6591.79948833,8.500533819198608,24000,24000,4567,574,1.9353153338000335,0.1116987673717829,1.7939499914646149,2.102400052547455,-0.009855056181550026,-0.04525343328714371,0.03821611985517721,0.13822303712368011,-765.154844805669,-765.3167237107557,-14.993174724304373,0.15388713517620545,0.545322478331741,False
86,1787908932.0219011,6591.89933959,8.600101947784424,24000,24000,4650,525,1.9569428584689186,0.13853252360003815,1.8154000520706177,2.216600084304809,-0.00669907359406352,-0.04823197051882744,0.036952596480756966,0.13027159869670868,-773.6612749278192,-774.2718421259275,-14.996423642562974,0.6081775178494127,0.5964667870496214,False
87,1787908932.1228242,6591.99996441,8.701025009155273,24000,24000,4538,556,1.9754496388298144,0.14992776235802233,1.834250032901764,2.268999993801117,-0.004731577821075916,-0.05055954307317734,0.035983644675222144,0.06528384238481522,-782.7821265453415,-783.3224702129152,-14.996226465502533,0.5699847619517868,0.6464130988756551,False
88,1787908932.2217298,6592.09978263,8.799930572509766,24000,24000,4549,557,1.9813913826026437,0.14910750470387366,1.8270000219345093,2.310799932479858,-0.004134084098041058,-0.052822474390268326,0.034023327286522756,0.10960137099027634,-792.4226389729063,-792.3380949940382,-14.945752343959073,-0.16943529620209574,-0.0897632810496134,False
89,1787908932.3210568,6592.19962063,8.89925765991211,24000,24000,4586,581,1.9605335637337165,0.13381081658478478,1.815000057220459,2.2049999237060547,-0.0043776207603514194,-0.05052147060632706,0.03207176758153085,0.09305896610021591,-801.2088033602148,-801.2752325641319,-14.945752343959073,-0.016571890058912686,-0.3436130461624316,False
90,1787908932.4208074,6592.29946293,8.999008178710938,24000,24000,4816,652,1.9549279159929123,0.11688082790423004,1.815000057220459,2.2068000078201293,-0.005480217281728983,-0.04607832431793213,0.030213231900578855,0.15102678537368774,-810.3418978247622,-810.2613031817283,-14.98708360235297,-0.1725314836112375,-0.7666690616696314,False
91,1787908932.5204918,6592.39930419,9.098692655563354,24000,24000,4626,629,1.9684467397168255,0.13821201579766454,1.8323999881744384,2.257999897003174,-0.007484478410333395,-0.04866417124867439,0.027963923162784562,0.1187192052602768,-819.4786020133545,-819.2895241787141,-14.990845783110762,-0.3380443037307259,-0.6747254572394468,False
92,1787908932.6232407,6592.49993999,9.201441526412964,24000,24000,4552,641,1.9477644290269445,0.10149440319169675,1.8339999914169312,2.190999984741211,-0.011226067319512367,-0.04756377637386322,0.028302563309743664,0.11700599640607834,-829.1306225878529,-828.2995075738053,-14.985053791639265,-0.7430907013867909,-1.045748377955988,False
93,1787908932.7216105,6592.59979891,9.299811363220215,24000,24000,4588,700,1.944377145596913,0.1074844929557369,1.8320000171661377,2.1533001065254207,-0.015419194474816322,-0.04738151654601097,0.03171797696026328,0.12202981859445572,-837.5622834909918,-837.2675067280114,-14.985053791639265,-0.3218724126147663,-0.6670078112052806,False
94,1787908932.8211858,6592.69964219,9.399386644363403,24000,24000,4728,749,1.9544152209214438,0.12825237198016048,1.82739999294281,2.212399911880494,-0.02261212468147278,-0.04492514580488205,0.033252748020790465,0.14018671214580536,-845.6667057520773,-846.2460912190344,-15.002822358490805,0.5350695317574719,0.7395828682508636,False
95,1787908932.920684,6592.79947879,9.498884916305542,24000,24000,4556,678,1.950660765346876,0.1160460131406036,1.8309999704360962,2.173750078678131,-0.02122514881193638,-0.042411718517541885,0.03503356207222329,0.16068722307682037,-855.8088219418668,-855.2266933447303,-15.032685094549114,-0.6526129627355886,-0.46173676709054234,False
96,1787908933.0203822,6592.89933553,9.598582983016968,24000,24000,4528,646,1.9610464401289405,0.13901374708176828,1.8220000267028809,2.216499984264374,-0.0209712665528059,-0.044755369424819946,0.0358875968533068,0.16615420579910278,-864.012083776462,-864.25906196416,-15.033709061096255,0.11653960234696115,0.3216098359187072,False
97,1787908933.12743,6592.99997745,9.705630779266357,24000,24000,4216,584,1.960482876798878,0.15245558735958026,1.812000036239624,2.257399904727936,-0.022334158420562744,-0.05024102330207825,0.036328201262634426,0.19936268031597137,-872.6641713309845,-873.2446184194731,-15.002103663621632,1.0983117624955412,1.7935205113160464,False
98,1787908933.2211134,6593.09980759,9.799314260482788,24000,24000,4550,585,1.956282048755222,0.1496239590301872,1.8250000476837158,2.272600078582763,-0.02480355277657509,-0.05094990134239197,0.03519427577061544,0.2034861296415329,-881.5125880790682,-882.1871166826934,-15.002103663621632,0.6810215508094188,1.1928910347846795,False
99,1787908933.322471,6593.19964275,9.90067172050476,24000,24000,4342,597,1.9365728652257617,0.12172967774700875,1.815000057220459,2.169599914550781,-0.019273666664958,-0.04878935217857361,0.0344257391170721,0.3064844310283661,-891.1823015275814,-891.2123138693739,-15.013238975742404,0.13306104910316208,0.1990274927727569,False
100,1787908933.4203491,6593.29947071,9.998549938201904,24000,24000,4254,627,1.944078148457042,0.13617428639229542,1.815999984741211,2.2161999464035023,-0.02271016500890255,-0.04193685203790665,0.03257496601187339,0.3079453408718109,-900.3419974834402,-900.2227112016328,-15.013238975742404,-0.21799940510038596,0.10991047868549231,False
101,1787908933.5203824,6593.39932437,10.098583221435547,24000,24000,4218,699,1.936220313005352,0.12443122212634779,1.801900041103363,2.146599912643433,-0.021078815683722496,-0.03875173628330231,0.0314757093412116,0.2843666076660156,-909.3572419370701,-909.268474419105,-15.015992646828737,-0.23066135599742665,-0.848453573853817,False
102,1787908933.6215038,6593.49996163,10.199704647064209,24000,24000,4347,732,1.9391844280756236,0.13699752914721933,1.7967500269412995,2.1628999829292295,-0.01583155058324337,-0.034792013466358185,0.029182220996448755,0.25619783997535706,-917.5582094633826,-918.2992860628651,-14.999796991191397,0.6688819435692039,0.4948338445843774,False
103,1787908933.721667,6593.59980533,10.299867868423462,24000,24000,4317,765,1.9376431360743405,0.12779293211153728,1.7981999874114991,2.1136000633239744,-0.017150836065411568,-0.03491322696208954,0.027693922214155703,0.31156793236732483,-927.7229776156603,-927.4017275765226,-15.011208025316238,-0.481609811121416,-1.0141275754049275,False
104,1787908933.8217063,6593.69964745,10.399907112121582,24000,24000,4168,731,1.9481381685071701,0.1355745234553112,1.7960000038146973,2.1924999952316284,-0.013340956531465054,-0.0372142568230629,0.028384905936296723,0.24375170469284058,-936.9876681120395,-936.4259520996815,-14.998635397908261,-0.7431813875725766,-1.272054106597011,False
105,1787908933.920362,6593.79949615,10.498562812805176,24000,24000,4235,734,1.954012261262057,0.14794847625891938,1.8126499891281127,2.2604000449180606,-0.010535766370594501,-0.037055887281894684,0.028965710599163908,0.1380309909582138,-945.7538614635581,-945.3999294508615,-14.9980196894209,-0.6307689785008961,-1.633058212310516,False
106,1787908934.0205445,6593.89933665,10.598745346069336,24000,24000,4224,726,1.9392617067358053,0.11181566173136806,1.809999942779541,2.1160000562667847,-0.009603215381503105,-0.039600055664777756,0.030908674030820447,0.18327908217906952,-954.2643730800604,-954.3952439225662,-15.011550159438833,-0.12526620570383784,-0.7189506204574627,False
107,1787908934.1218288,6593.99998337,10.700029611587524,24000,24000,4395,709,1.9443370963017257,0.11442049335967527,1.820400023460388,2.1371999740600587,-0.004946811590343714,-0.042167969048023224,0.03243354410275513,0.18769757449626923,-963.2455338337593,-963.3870281986466,-15.02863585233139,0.008738784247952935,-0.16386647002923382,False
108,1787908934.2212865,6594.09982375,10.799487352371216,24000,24000,4262,689,1.942216254284143,0.10842973110957292,1.8247999906539918,2.145599937438965,-0.00312336185015738,-0.04416221007704735,0.03286940200956074,0.2389385998249054,-972.8024336822383,-972.4039110172561,-14.98449049592829,-0.5973750058617497,-1.2818267520153768,False
109,1787908934.321878,6594.19965111,10.900078773498535,24000,24000,4256,652,1.9434585887595919,0.1050667257805607,1.8270000219345093,2.101249957084654,-0.0009310995228588581,-0.04491766169667244,0.033430007795373334,0.2834224998950958,-981.3049253415703,-981.3380215307664,-14.967781020976645,-0.04705405630716086,-0.4425256559160289,False
110,1787908934.420416,6594.29949627,10.998616933822632,24000,24000,4310,697,1.9454806292245173,0.09771349734465852,1.8220000267028809,2.0950000286102295,-0.001597538241185248,-0.048764701932668686,0.03388303913586124,0.30202364921569824,-990.2673074562632,-990.301026245761,-14.953803493262823,-0.14140855749815273,-0.428894337633551,False
111,1787908934.5208695,6594.39932853,11.099070310592651,24000,24000,4392,692,1.9455809246942488,0.10140345512408429,1.8355499982833863,2.0934500098228455,-0.0029087308794260025,-0.04992551729083061,0.034320496105450224,0.31188637018203735,-998.7344149833816,-999.2482239770811,-14.96181886465122,0.4318731020304085,0.14760991055595696,False
112,1787908934.621465,6594.49998479,11.199665784835815,24000,24000,4302,712,1.9483946622087713,0.10545167670797288,1.8211000382900238,2.1381499767303462,-0.004397992510348558,-0.055692292749881744,0.03158280475836506,0.20174987614154816,-1007.8975074708997,-1008.2626033987639,-14.96181886465122,0.32195798709165047,0.49779558580974026,False
113,1787908934.721165,6594.59983201,11.299365758895874,24000,24000,4320,681,1.9536270209521098,0.13362012491041972,1.805999994277954,2.1989998817443848,-0.008656627498567104,-0.05204040929675102,0.030799147376807758,0.22545471787452698,-1016.5615606772711,-1017.1285795026719,-14.917748578442641,0.6304908339003532,1.124828043891739,False
114,1787908934.8219686,6594.69966445,11.400169372558594,24000,24000,4368,695,1.945764028597221,0.1379353611528395,1.7799999713897705,2.194299960136413,-0.01157804299145937,-0.050766605883836746,0.028798939344699674,0.23421257734298706,-1026.2223427886408,-1026.0769776466148,-14.941367160904774,0.041617783564788624,-0.1913418562944571,False
115,1787908934.9204054,6594.79950233,11.498606204986572,24000,24000,4492,759,1.9432476934865215,0.11960898844940047,1.795800006389618,2.176400113105774,-0.0068556880578398705,-0.04977649077773094,0.02739526684488324,0.21821872889995575,-1034.931244101686,-1035.0511709282368,-14.952696195137117,0.19162499170397496,0.0073196114108213806,False
116,1787908935.0208955,6594.89934595,11.599096298217773,24000,24000,4430,775,1.9398554828090053,0.12530810442180754,1.8134000182151795,2.1521999835968013,-0.011775843799114227,-0.049489282071590424,0.02700141152670063,0.20385204255580902,-1044.9043604167377,-1044.0469147934054,-14.96673659830856,-0.7377978067788717,-1.2457557528721281,False
117,1787908935.1223598,6594.99998103,11.700560569763184,24000,24000,4200,745,1.9320268459768104,0.1073023283847597,1.8053999662399292,2.1145999908447264,-0.013673140667378902,-0.049350570887327194,0.026120175648089612,0.17487743496894836,-1053.48618635942,-1053.0057245329422,-14.973899974667871,-0.1882582065168208,-0.7125722156172287,False
118,1787908935.221356,6595.09983005,11.799556732177734,24000,24000,4153,706,1.927182721011024,0.11501811687390186,1.8070000410079956,2.0737498998641968,-0.020139755681157112,-0.04740050807595253,0.02618752122536992,0.12414567172527313,-1061.506572415984,-1061.9612048502215,-14.999943645426692,0.7006016476962031,0.7077584295773249,False
119,1787908935.321978,6595.19965051,11.900178909301758,24000,24000,4247,744,1.9329556454253454,0.11400109418447131,1.805999994277954,2.1338500380516052,-0.01788582280278206,-0.04784892871975899,0.028356838922050886,0.1292179971933365,-1070.967598815423,-1070.9493115429611,-15.026562684579057,0.29515576987068926,0.2302217835540432,False
120,1787908935.4202883,6595.29949313,11.998489141464233,24000,24000,4363,758,1.9325052749827543,0.12432411879174768,1.805699998140335,2.0920999407768246,-0.014952346682548523,-0.04615434259176254,0.030486613508287554,0.20335902273654938,-1079.9200373131373,-1080.0064349971199,-15.026562684579057,0.190232292115752,0.4572372881107185,False
121,1787908935.5203707,6595.39934327,12.098571538925171,24000,24000,4205,686,1.9442623912766792,0.13582168731770164,1.8142500221729279,2.180000066757202,-0.0154392309486866,-0.045300159603357315,0.03284212985689297,0.27143409848213196,-1089.246304430315,-1089.0665183748965,-15.030694200314445,-0.1290322446409391,0.07543480387948875,False
122,1787908935.6216786,6595.49997519,12.19987940788269,24000,24000,4272,685,1.9361883245245384,0.12095785336439109,1.8181999683380128,2.092599964141846,-0.014614397659897804,-0.045502398163080215,0.03431672711872416,0.3480209410190582,-1097.1588410486868,-1098.0537920588063,-15.018875389992795,1.075721092730646,1.0502464886808411,False
123,1787908935.7216177,6595.59982845,12.299818515777588,24000,24000,4441,701,1.944222540215997,0.12556882721627471,1.7999999523162842,2.1530001163482666,-0.015556792728602886,-0.04571410268545151,0.036796092619074475,0.33274027705192566,-1107.0253842717195,-1107.030571484583,-15.007029628445371,0.2032849807474122,-0.042639064509785385,False
124,1787908935.821207,6595.69965943,12.399407863616943,24000,24000,4618,691,1.9401620881774837,0.13955506010476257,1.75600004196167,2.1545000076293945,-0.01278363261371851,-0.046127062290906906,0.037717541235897566,0.19775034487247467,-1115.946495236422,-1116.0368454788631,-15.016255205407832,0.2448041660832132,-0.3371507932949953,False
125,1787908935.9209344,6595.79950059,12.499135255813599,24000,24000,4569,578,1.9348858106095073,0.11377170113378157,1.7940000295639038,2.101600062847137,-0.008323291316628456,-0.04656650498509407,0.03808964486978272,0.2291771024465561,-1125.1400178522952,-1125.0312201162255,-15.006656843122743,0.026335122488035267,-0.21875650350216347,False
126,1787908936.0203605,6595.89934707,12.59856128692627,24000,24000,4553,534,1.964170412401135,0.12741741066641873,1.8326499700546264,2.2120499730110166,-0.007917487993836403,-0.04983029142022133,0.037454912249789564,0.18168579041957855,-1133.9358080617253,-1134.0018988388554,-15.013440918897574,0.17847723194904574,-0.31388587094670584,False
127,1787908936.1204019,6595.99997769,12.698602676391602,24000,24000,4583,517,1.9697427466021746,0.13387960923286973,1.8355999708175659,2.2562000274658205,-0.005386820994317532,-0.049016933888196945,0.03647664633795664,0.18986102938652039,-1143.1440273613773,-1143.091903810128,-15.048514445682967,-0.026430037584759702,-0.7374659377562693,False
128,1787908936.2212384,6596.09982045,12.799439191818237,24000,24000,4732,590,1.9705728809712297,0.14075319056447033,1.8288999915122985,2.2875500321388245,-0.0014145958703011274,-0.04923098906874657,0.034187394728052295,0.16791284084320068,-1152.3450687524164,-1152.1697621460232,-15.061513092930383,-0.15260134467280295,-0.45879728684258225,False
129,1787908936.3213239,6596.19966187,12.899524688720703,24000,24000,4519,553,1.9609457504469059,0.12377542328591654,1.8238000392913818,2.2019999980926515,-0.007041420787572861,-0.050362225621938705,0.031998354471101075,0.19131681323051453,-1161.9382217279658,-1161.1825893295618,-15.055991950682452,-0.7384728028598602,-0.8651346906908657,False
130,1787908936.4203863,6596.29949861,12.998587131500244,24000,24000,4550,595,1.9609983191770666,0.12966377642507815,1.8234000086784363,2.2058000087738034,-0.00445922976359725,-0.048268433660268784,0.030568778615790628,0.17511169612407684,-1169.8767712837177,-1170.2565034903757,-15.065925200391519,0.23818851137548336,0.38795271501589923,False
131,1787908936.5203874,6596.39934167,13.098588228225708,24000,24000,4558,591,1.9589763113286491,0.1241755557058263,1.8339999914169312,2.1820000410079956,-0.0053139012306928635,-0.04801516234874725,0.027946377768252574,0.20270897448062897,-1178.8070664574498,-1179.3664410149433,-15.072210434914501,0.30757918752260593,0.20796564768716053,False
132,1787908936.6211843,6596.49999259,13.199385166168213,24000,24000,4755,666,1.9617597607520965,0.1269132769766055,1.840000033378601,2.2179999351501465,-0.012876452878117561,-0.047013722360134125,0.028418184233308275,0.21317794919013977,-1188.2544201047947,-1188.4243593294516,-15.044686607584971,-0.06846618604708965,-0.28763891361836613,False
133,1787908936.722247,6596.59984413,13.300447702407837,24000,24000,4623,684,1.950621344366966,0.11551968890721599,1.8344499945640564,2.179800009727478,-0.011182241141796112,-0.04803628474473953,0.031605620522680074,0.23162923753261566,-1197.6274304963838,-1197.3988621874682,-15.013087586594358,-0.346265553645253,-0.20321340043460623,False
134,1787908936.8212578,6596.69969449,13.399458646774292,24000,24000,4547,707,1.9481400300286278,0.12170096388895485,1.817300009727478,2.191699934005737,-0.01666378602385521,-0.04703464359045029,0.03320261942277134,0.2580495774745941,-1205.7661187229123,-1206.401443434784,-15.009337260180802,0.4256224452474271,0.32053713723416877,False
135,1787908936.9219878,6596.79953167,13.50018858909607,24000,24000,4556,724,1.951658837373744,0.1303559467073623,1.8121500253677367,2.18854992389679,-0.019888805225491524,-0.043909166008234024,0.03497494468227005,0.25457924604415894,-1215.506932479496,-1215.3947264174574,-15.007319473520786,-0.24991236683445095,-0.5166529449222708,False
136,1787908937.0218108,6596.89936459,13.600011587142944,24000,24000,4559,673,1.954542349741682,0.12722382074291896,1.8305999994277955,2.1788000106811523,-0.023069823160767555,-0.043530866503715515,0.036125947946611885,0.286035418510437,-1224.7663909100347,-1224.476032497185,-14.96100905203553,-0.5257130932850487,-0.7122189759970752,False
137,1787908937.1219614,6596.99999365,13.700162172317505,24000,24000,4515,623,1.9564012845867518,0.13724647379378446,1.8210999846458436,2.231800103187561,-0.023603415116667747,-0.05188445746898651,0.03552020595609122,0.27398496866226196,-1233.4395619006837,-1233.5130651918996,-14.918597267434224,-0.1857448908006063,-0.4329604075608131,False
138,1787908937.2219746,6597.09983959,13.800175428390503,24000,24000,4389,606,1.9458828379612159,0.14109366825863234,1.812999963760376,2.216499984264374,-0.025426335632801056,-0.05244822800159454,0.034853601561819075,0.26968857645988464,-1242.6430695094944,-1242.511172022079,-14.883107462490955,-0.38847235865409857,-1.0115665988648743,False
139,1787908937.3215601,6597.19969315,13.899760961532593,24000,24000,4274,589,1.9361714735905464,0.12256291976455226,1.8083999872207641,2.169200038909912,-0.024958470836281776,-0.046050313860177994,0.03345219935058632,0.30985012650489807,-1251.7454515058794,-1251.4064732210875,-14.88950542646103,-0.5285675120057931,-0.728857732584629,False
140,1787908937.4207149,6597.29953619,13.998915672302246,24000,24000,4253,630,1.9402333346624223,0.13240324632655456,1.8064500153064729,2.1636499524116513,-0.022993648424744606,-0.03925704210996628,0.031849233927429735,0.3258291482925415,-1260.3058640914508,-1260.3195546501477,-14.875715268263177,-0.16546548940914363,-0.6551688285483124,False
141,1787908937.5210605,6597.39938231,14.099261283874512,24000,24000,4416,718,1.9458203357242276,0.1323025676698566,1.8068500339984894,2.2025999307632445,-0.019676659256219864,-0.035850849002599716,0.029972056202068133,0.32319778203964233,-1268.4871408498416,-1269.176835566512,-14.874165823998842,0.6839485159587184,0.6335864744032733,False
142,1787908937.6213722,6597.49960771,14.199573040008545,24000,24000,4186,695,1.9379884884511824,0.13712325168442893,1.7876999735832215,2.1645000457763666,-0.017148593440651894,-0.036700233817100525,0.030042050794913268,0.28609466552734375,-1278.3401602912086,-1278.011170375423,-14.881472903473549,-0.14142701131800095,-0.538500845203771,False
143,1787908937.7205172,6597.59945923,14.298717975616455,24000,24000,4167,719,1.9421641184988538,0.13695724789741262,1.7968000411987304,2.1611000061035157,-0.014611507765948772,-0.03741172328591347,0.02806312459623207,0.3137304484844208,-1287.1916477454758,-1286.9009931239682,-14.905223400865225,-0.07027958161734205,0.13141717903522476,False
144,1787908937.8204403,6597.69930333,14.398641109466553,24000,24000,4116,723,1.9422517309215224,0.12345716928005665,1.7951999664306642,2.1204000473022457,-0.012485409155488014,-0.03654693812131882,0.027562292308888268,0.27908211946487427,-1296.383138762733,-1295.8626958642562,-14.922669658016133,-0.2691010859080052,-0.1337538843413313,False
145,1787908937.9244585,6597.79994401,14.502659320831299,24000,24000,4323,788,1.9557017756597646,0.1425960902186423,1.8140000104904175,2.2328999638557434,-0.012869159691035748,-0.03566136583685875,0.0289522796208596,0.1854758858680725,-1305.3460445836547,-1304.7458093349505,-14.912048896006652,0.1292026758915199,1.2710663687430497,False
146,1787908938.0211658,6597.89978817,14.599366664886475,24000,24000,4225,738,1.9452750671523695,0.11825311871356188,1.8188499987125397,2.1341500520706176,-0.00557948462665081,-0.03940283879637718,0.030932815168365182,0.25912293791770935,-1312.9130781198562,-1313.6620241360588,-14.926295745404003,1.2654308475302969,2.6009385538739025,False
147,1787908938.1218677,6597.99963243,14.700068473815918,24000,24000,4279,737,1.942124831951457,0.10546087196100042,1.819000005722046,2.0860000133514403,-0.004225522745400667,-0.042576923966407776,0.033088593593656276,0.2476523518562317,-1321.5154835142957,-1322.6366569419731,-14.941677828542865,1.7257725084314188,2.4583361593963673,False
148,1787908938.2209818,6598.09948117,14.799182653427124,24000,24000,4317,754,1.9480968166725705,0.12510442883192924,1.8229999542236328,2.1894500255584717,-0.002588775474578142,-0.04518446326255798,0.03355915494321986,0.26241737604141235,-1330.4014336317634,-1331.6120213712045,-14.94974710283154,1.7596893622046537,2.1511629569899924,False
149,1787908938.3218195,6598.19932019,14.900020360946655,24000,24000,4372,722,1.9577216086625393,0.13059744969435447,1.8300500392913819,2.2184000968933097,-0.0025862809270620346,-0.04606858640909195,0.033757625258049144,0.2605830430984497,-1340.5782657928362,-1340.5925086226684,-14.993314278780234,0.6578345685220484,0.5212610404446423,False
150,1787908938.4223604,6598.29995839,15.000561237335205,24000,24000,4330,715,1.9513902118989637,0.10895207931411281,1.8286999821662904,2.144300031661987,-0.003319017356261611,-0.04789702966809273,0.03360367162919599,0.24992133677005768,-1350.1217377224098,-1349.6154004443006,-15.009414460774265,0.162626430020282,0.3536235539727386,False
151,1787908938.522378,6598.39979955,15.100578784942627,24000,24000,4311,695,1.9496187083155132,0.10475605525971124,1.826700007915497,2.122899985313415,-0.0038704543840140104,-0.05154212564229965,0.03357755780904931,0.25231561064720154,-1359.0565745835074,-1358.649980305934,-15.011999783847678,0.22895593026032657,0.515700403434721,False
152,1787908938.6217754,6598.49963155,15.199976205825806,24000,24000,4289,676,1.9489881678445804,0.11142005750120007,1.815000057220459,2.177250027656555,-0.004932716954499483,-0.054065924137830734,0.032334544815764664,0.24686652421951294,-1368.3020997820347,-1367.6452758542766,-15.032130664420755,-0.07121175191264228,-0.11459662719266817,False
153,1787908938.7207518,6598.59946567,15.298952579498291,24000,24000,4350,700,1.9538257145881652,0.12596233369476645,1.8179999589920044,2.1923499107360835,-0.006876358762383461,-0.053359080106019974,0.02999498825563434,0.2022080421447754,-1377.058088106388,-1376.7033038919812,-15.052282577158621,0.0802649294234925,0.183022019000191,False
154,1787908938.8209434,6598.69930597,15.399144172668457,24000,24000,4510,705,1.9468014199683006,0.12121258150244807,1.808199977874756,2.164600038528442,-0.008103753440082073,-0.04822159186005592,0.029106049373318864,0.22504886984825134,-1385.5371887174258,-1385.78655454664,-15.079308569712959,0.6179940618214914,0.8853679489031947,False
155,1787908938.9225037,6598.79994871,15.500704526901245,24000,24000,4382,733,1.9494106405265985,0.13200060881866837,1.8041999578475951,2.2007999420166016,-0.009589568711817265,-0.04868243262171745,0.02752197728217599,0.22324945032596588,-1394.6887257374613,-1394.9050884943779,-15.074168615625114,0.6064696299158641,0.5923485741805052,False
156,1787908939.0210762,6598.89978279,15.599277019500732,24000,24000,4288,720,1.9410458321372668,0.12018848955247745,1.8069500386714936,2.144200050830841,-0.008500311523675919,-0.051193252205848694,0.02643034701165062,0.1893501877784729,-1403.996828147054,-1404.0242296687386,-15.094255650595727,0.16948459686932438,0.44429493592792824,False
157,1787908939.1213508,6598.99961257,15.699551582336426,24000,24000,4258,763,1.9349030131281282,0.12336961534248819,1.81910001039505,2.1358999252319335,-0.010647219605743885,-0.04998498409986496,0.026118213065810136,0.17131689190864563,-1412.74902098834,-1413.0773514332107,-15.088783607729795,0.44158842637580165,0.9337247741714236,False
158,1787908939.2209673,6599.09945873,15.799168109893799,24000,24000,4434,810,1.9309333321488933,0.11335291254188129,1.8054499685764314,2.0954999089241024,-0.0160056222230196,-0.04811621829867363,0.026380662819806944,0.1420496255159378,-1421.6535202057867,-1422.0162906829962,-15.058651889704292,0.5021654213771853,0.5642504679474314,False
159,1787908939.3213024,6599.19929393,15.899503231048584,24000,24000,4215,738,1.9253346879630877,0.10738001431502556,1.8088500082492829,2.103149950504303,-0.016864601522684097,-0.04662521928548813,0.0279239544623294,0.2017267644405365,-1431.1220897035246,-1430.9777935930285,-15.043297861069709,0.06334259313439361,0.1753837325479708,False
160,1787908939.4225225,6599.29993797,16.000723361968994,24000,24000,4201,755,1.9328847695660119,0.12358524256442442,1.8014000177383422,2.13190004825592,-0.014690998010337353,-0.04610435664653778,0.030062432726170787,0.2625568211078644,-1440.2036554485228,-1440.0374677003886,-15.018509717505493,0.09117074276696258,0.10458343696041084,False
161,1787908939.5241873,6599.39978695,16.10238814353943,24000,24000,4189,700,1.9330457161154067,0.1172353830844474,1.8019500434398652,2.1221999764442443,-0.01520990114659071,-0.045972637832164764,0.03355415859485968,0.21346597373485565,-1449.1045824906953,-1449.060422755286,-15.017899527223767,0.33965431798333157,0.3011354475136159,False
162,1787908939.621168,6599.49963145,16.199368715286255,24000,24000,4430,726,1.9392258974803052,0.12434518774571393,1.8042500019073486,2.141499936580658,-0.01641153357923031,-0.046351298689842224,0.035584065077696764,0.19323882460594177,-1457.986424254141,-1458.0645670893537,-15.017899527223767,0.1856636266034002,0.2754841687305998,False
163,1787908939.7219899,6599.59948853,16.300190687179565,24000,24000,4441,695,1.9355366928114308,0.10663990910187288,1.8029999732971191,2.10599992275238,-0.01763593964278698,-0.046221036463975906,0.03712614425139144,0.27507656812667847,-1467.137074157559,-1467.1023245214567,-15.05067534921596,0.10857494918036537,-0.11411045782256224,False
164,1787908939.820293,6599.69932149,16.398493766784668,24000,24000,4416,590,1.9263966156264483,0.11889976547811791,1.7547999978065492,2.126550018787384,-0.014346792362630367,-0.04319686070084572,0.03839233204501795,0.2583732604980469,-1475.9703908083316,-1476.1389890126443,-15.05067534921596,0.12212961773298048,0.054077808955071305,False
165,1787908939.921324,6599.79994955,16.49952483177185,24000,24000,4510,563,1.9426625236524782,0.11971912255715673,1.7920000553131104,2.1364000797271725,-0.008201276883482933,-0.04702012240886688,0.037537579131905176,0.11063273996114731,-1484.991908485531,-1485.1842990594566,-15.052519576874941,0.19299068173427258,0.4405327114245665,False
166,1787908940.0217574,6599.89978837,16.599958181381226,24000,24000,4606,561,1.955975042519935,0.11520836198157909,1.8279999494552612,2.180999994277954,-0.003194518620148301,-0.04825738072395325,0.03689864492388598,0.07027600705623627,-1494.4184717112125,-1494.1793670373584,-15.040483056753429,-0.19498571907593032,0.10819853899488407,False
167,1787908940.1214688,6599.99962101,16.69966959953308,24000,24000,4644,508,1.976190946937546,0.13879548927122548,1.8377000033855437,2.2516000390052793,-0.006270718295127153,-0.04983469471335411,0.03576407392006383,0.07072068750858307,-1503.018836744632,-1503.1978550339393,-15.036574415024512,0.1782652216995757,0.2992087139468822,False
168,1787908940.2212312,6600.09946211,16.799432039260864,24000,24000,4504,547,1.9694113347822395,0.13758349269351616,1.8306000351905822,2.2533999919891357,-0.0031765741296112537,-0.049975842237472534,0.03390805922927887,0.11438696831464767,-1512.9619668892453,-1512.2221151861925,-15.023423379694227,-0.7866572175285,-0.9444878834813153,False
169,1787908940.320977,6600.19930835,16.89917778968811,24000,24000,4536,589,1.9651562001790175,0.13409841019718707,1.8363999843597412,2.224399995803833,-0.0019833752885460854,-0.050108447670936584,0.032094986863913766,0.11244941502809525,-1521.1084197957514,-1521.2335780827614,-15.004533685793694,0.04359561320438843,0.29425019095901916,False
170,1787908940.4219372,6600.29995731,17.0001380443573,24000,24000,4728,648,1.9503348799031457,0.11646085937988743,1.8240000009536743,2.163949954509735,-0.005623050965368748,-0.0493878535926342,0.030642456577837814,0.13106121122837067,-1529.2919045384197,-1530.2787938226832,-14.984489177098952,0.9461169754583807,0.8061202192507153,False
171,1787908940.5224447,6600.39978809,17.100645542144775,24000,24000,4726,632,1.9554525317647788,0.11947078493157151,1.8289999961853027,2.181449961662292,-0.002834962448105216,-0.0488680824637413,0.028339218465759465,0.15056867897510529,-1539.104153828759,-1539.2919820878367,-14.98598233937544,0.17912753989799057,0.21888319002800927,False
172,1787908940.621281,6600.49962709,17.19948172569275,24000,24000,4605,658,1.9547948324571627,0.11789981726549924,1.8380000591278076,2.1983500361442565,-0.009213168174028397,-0.048784494400024414,0.028661193337530273,0.18185104429721832,-1548.4471733042596,-1548.2983180582746,-14.971526072167082,-0.2690434623434612,-0.0351513625505504,False
173,1787908940.721159,6600.59946799,17.299359798431396,24000,24000,4597,717,1.9438465860265735,0.10449673960420548,1.8370000123977661,2.1133999347686765,-0.01366397738456726,-0.0464409776031971,0.03179353236794596,0.14780938625335693,-1557.5016222964725,-1557.2928457573746,-14.974087104222674,-0.3348782555849539,-0.36634215575531925,False
174,1787908940.8208234,6600.69929513,17.39902424812317,24000,24000,4536,707,1.9466265934022853,0.12292242638906602,1.8271999955177307,2.169700026512146,-0.01669260300695896,-0.04469863325357437,0.03386948987416945,0.12890313565731049,-1566.5593207668207,-1566.2976069464069,-14.962763918599164,-0.4231877192360116,-0.39371675655024774,False
175,1787908940.9220133,6600.79994747,17.500214099884033,24000,24000,4594,751,1.9456471369841128,0.11723142866798868,1.8145000338554382,2.156499981880188,-0.022825634106993675,-0.045748885720968246,0.03514216481855223,0.16969621181488037,-1574.852187173124,-1575.2934488690487,-14.953512697288382,0.39061476974006837,0.1497611259610494,False
176,1787908941.0215485,6600.89979447,17.599749326705933,24000,24000,4522,657,1.9582252700216332,0.1436688396913236,1.8309999704360962,2.2185999393463134,-0.02294152043759823,-0.04422749951481819,0.035487053925405423,0.22073471546173096,-1584.511347407495,-1584.23370370323,-14.953512697288382,-0.31078598272438285,-0.6075243357427098,False
177,1787908941.1260908,6600.99964827,17.704291582107544,24000,24000,4375,595,1.955818489419312,0.12449490064202869,1.8229000210762023,2.2097999572753904,-0.023412272334098816,-0.04907940328121185,0.03525363164318338,0.20869548618793488,-1593.5551668032513,-1593.2386548175953,-14.96116536458934,0.05376600403769771,0.41951648822941934,False
178,1787908941.229055,6601.09948493,17.807255744934082,24000,24000,4370,587,1.9457120978649471,0.1293038123770134,1.8162999987602233,2.1913999557495116,-0.025521816685795784,-0.04967137426137924,0.03493450619658702,0.15522760152816772,-1602.2008702638054,-1602.1454611512738,-15.006785124417094,0.6744121094147886,0.9748854557342383,False
179,1787908941.3264418,6601.200400032,17.904642581939697,24000,24000,4272,594,1.9468148139992145,0.14014557840420108,1.820650005340576,2.2239000797271733,-0.02434469759464264,-0.04872581362724304,0.033622414320912404,0.20458129048347473,-1611.028450964719,-1611.1816743628028,-15.019167955329335,0.6112446765882851,0.8501285528368498,False
180,1787908941.4216585,6601.30034991,17.99985933303833,24000,24000,4220,608,1.935126645784629,0.12412534846697601,1.8080500066280365,2.1658999681472775,-0.02106030285358429,-0.04058883711695671,0.03251228179185991,0.2696169316768646,-1619.7472932342973,-1620.167415921038,-15.019167955329335,0.4615169026874355,0.8996967353077707,False
181,1787908941.5216935,6601.40019515,18.099894285202026,24000,24000,4211,682,1.9370087970736438,0.12525412506797437,1.809000015258789,2.157649993896484,-0.018827997148036957,-0.03642234951257706,0.030146817520431746,0.30740076303482056,-1629.155229993001,-1629.124706444346,-15.004130584921038,0.056312843531259205,-0.5939255941379997,False
182,1787908941.6223795,6601.50003129,18.20058035850525,24000,24000,4172,690,1.9367826086887414,0.13093083624018811,1.7879999876022339,2.171849966049194,-0.017958451062440872,-0.03416263312101364,0.02930206941963792,0.26288744807243347,-1638.1246571591907,-1638.1390754390586,-14.997425052693865,0.14821659128710962,-0.011338603361764399,False
183,1787908941.723595,6601.59988043,18.301795721054077,24000,24000,4334,767,1.938357234467428,0.13866930750956058,1.7943000078201294,2.1255000591278073,-0.016255274415016174,-0.03457013517618179,0.028605965487713384,0.1888202428817749,-1647.0711559087356,-1647.153969647258,-15.000105978263264,0.3106826026169074,0.7148798789260127,False
184,1787908941.8216496,6601.69972171,18.399850368499756,24000,24000,4288,762,1.9442769052788342,0.12215408326493858,1.7999999523162842,2.135849916934967,-0.011440644972026348,-0.037509627640247345,0.027888253158299348,0.2129427194595337,-1655.9468577940895,-1656.1229324386509,-15.027468414887963,0.2594941678944451,-0.10643239086857648,False
185,1787908941.9209907,6601.79957253,18.499191522598267,24000,24000,4216,743,1.9518438773392668,0.13809200755235884,1.809000015258789,2.2458000421524047,-0.010389371775090694,-0.03871171548962593,0.029696037678361313,0.12163379788398743,-1664.6802988918394,-1665.1748394487802,-15.015117447339163,0.4663468081769224,-0.11977697767065365,False
186,1787908942.0218031,6601.89941829,18.600003957748413,24000,24000,4239,720,1.9486888903710577,0.1340179553531967,1.8209999799728394,2.159699928760528,-0.005354658234864473,-0.03778646141290665,0.029990300471946684,0.14935261011123657,-1674.3032770291366,-1674.1554492512626,-15.016432567619601,-0.08392837063752268,-1.009915304104652,False
187,1787908942.1206386,6601.99966359,18.69883942604065,24000,24000,4365,709,1.946572637524356,0.11290805155463414,1.8279999494552612,2.14399995803833,-0.006417853757739067,-0.04037322849035263,0.03181654069493438,0.17618803679943085,-1682.805811434184,-1683.1114582125874,-15.016432567619601,0.3083213275108392,0.16537653633145055,False
188,1787908942.2206712,6602.09951603,18.798871994018555,24000,24000,4393,734,1.943245235191054,0.11815062001339639,1.8172999680042268,2.1071999549865725,-0.004584178794175386,-0.04621989652514458,0.034397817071880374,0.2072410136461258,-1692.8801701558111,-1692.1245800125082,-15.043779899447527,-0.7635192614468451,-1.2504065953064583,False
189,1787908942.3208685,6602.19935951,18.89906930923462,24000,24000,4272,693,1.95057431684772,0.11575890303373046,1.8296000242233277,2.1480000019073486,-0.002222256502136588,-0.047879233956336975,0.033482045598079255,0.17414413392543793,-1701.4150862306165,-1701.1395020902344,-15.036509206880735,-0.28109063230863285,-0.2759559473122408,False
190,1787908942.4220748,6602.29999961,19.00027561187744,24000,24000,4313,676,1.960468936424989,0.1192173155260012,1.8347500264644623,2.1619999408721924,-0.0025525891687721014,-0.04643111675977707,0.03386827602448566,0.1964908391237259,-1710.5934477362862,-1710.1676789000426,-15.014859740108223,-0.3513027312403665,-0.11521548832411099,False
191,1787908942.5215957,6602.39984329,19.099796533584595,24000,24000,4349,696,1.958264367847607,0.12414654405680207,1.8377500474452972,2.1927499771118164,-0.002121476922184229,-0.04988916963338852,0.03300428494101571,0.20707350969314575,-1718.9947036809554,-1719.1430297151842,-15.014859740108223,0.20391340472838237,0.18418094302273857,False
192,1787908942.621454,6602.49967907,19.199654817581177,24000,24000,4449,725,1.9522482753622121,0.10351983297186164,1.8339999914169312,2.1304000377655026,-0.0012930603697896004,-0.054918497800827026,0.03231542907997303,0.22827012836933136,-1727.58469667846,-1728.179588130827,-15.0075130270121,0.6007537011071236,0.6219460754650754,False
193,1787908942.7213469,6602.59952629,19.29954767227173,24000,24000,4321,690,1.9468492777451225,0.10925802349369686,1.8079999685287476,2.144099938869476,-0.0070151942782104015,-0.05351029708981514,0.03028975066109317,0.11763398349285126,-1736.7063797274354,-1737.2154618081352,-15.006657862273748,0.46901516574689595,0.6597080456465392,False
194,1787908942.8209596,6602.69936523,19.399160385131836,24000,24000,4380,692,1.9457312153943012,0.12588720583986626,1.805999994277954,2.171699929237365,-0.008332985453307629,-0.04872725158929825,0.028902323919317924,0.15362833440303802,-1746.5220223057536,-1746.210618643068,-14.982972690956105,-0.38189450712798134,-0.12207276679487222,False
195,1787908942.9205732,6602.79961835,19.49877405166626,24000,24000,4375,725,1.94483310403495,0.12582949739984642,1.7912000179290772,2.1677999973297117,-0.00994258001446724,-0.048192985355854034,0.027384070042067436,0.19523651897907257,-1754.5705415019277,-1755.1719156187748,-14.968707664361022,0.5344050288922517,0.6221985019408294,False
196,1787908943.0206103,6602.89945309,19.598811149597168,24000,24000,4437,752,1.944223405991463,0.13167351607277286,1.802099984884262,2.199249970912933,-0.011950920335948467,-0.049953002482652664,0.026423386425458488,0.18261674046516418,-1763.6528122844363,-1764.1019390078811,-14.955164902087633,0.45506005612151057,0.20970854671259076,False
197,1787908943.1208286,6602.99967671,19.699029445648193,24000,24000,4251,770,1.927358441074173,0.11040855160492011,1.8129000246524811,2.0859999656677246,-0.013452140614390373,-0.04988747090101242,0.02697622510608572,0.12289813905954361,-1773.7329547930658,-1773.0496993982724,-14.942154444521208,-0.6058495600377682,-1.0808524178539756,False
198,1787908943.2204645,6603.09952709,19.798665285110474,24000,24000,4198,778,1.9321066830642426,0.11222559524552982,1.815000057220459,2.134000062942505,-0.01577911339700222,-0.050458863377571106,0.02699093837660428,0.11472547054290771,-1782.4131820756043,-1781.9621105466156,-14.955081816892438,-0.3192626384159212,-0.6595749781308768,False
199,1787908943.3212438,6603.19937581,19.899444580078125,24000,24000,4129,699,1.9216952770735232,0.10919469107529131,1.80589998960495,2.0571999311447144,-0.015795698389410973,-0.047701846808195114,0.02814163064190629,0.14838656783103943,-1791.27917470222,-1790.9453750083671,-14.99137748635978,-0.11553478615383028,-0.2232311180623583,False
200,1787908943.4209096,6603.29962847,19.999110460281372,24000,24000,4235,710,1.9344492954267583,0.1257624745116067,1.8040000200271606,2.1591499567031853,-0.013181458227336407,-0.0466102696955204,0.030377028550573816,0.22216303646564484,-1799.929401173735,-1799.9228737684234,-15.010899775891561,0.20375648915501188,0.1787811426040662,False
201,1787908943.5217702,6603.39946361,20.099971055984497,24000,24000,4281,743,1.9391372826346478,0.1295873541583492,1.809000015258789,2.114600014686584,-0.0167862381786108,-0.045956727117300034,0.032693920356837165,0.2073226273059845,-1809.2713784469397,-1808.995512804882,-15.055388552972579,-0.06118357463014945,-0.1285595222725533,False
202,1787908943.6204827,6603.49932027,20.198683500289917,24000,24000,4315,684,1.9419926894687072,0.12454264692133248,1.8091500043869018,2.1610000133514404,-0.016498440876603127,-0.043942518532276154,0.03520183396032703,0.2388223260641098,-1817.692341166031,-1818.0793861455163,-15.055388552972579,0.40156615856653843,0.7004001112397873,False
203,1787908943.7218578,6603.59996313,20.300058603286743,24000,24000,4401,678,1.9459528036877118,0.12901487097984113,1.7998499631881715,2.197050094604492,-0.01675586961209774,-0.0465213768184185,0.03616431652296118,0.3036562204360962,-1826.4347269868992,-1827.0904753136815,-15.030168622591262,0.7825210794028408,1.2915398429129255,False
204,1787908943.8218184,6603.69979715,20.40001916885376,24000,24000,4509,654,1.9413562697737223,0.11671082891407236,1.7910000085830688,2.158849942684174,-0.013761285692453384,-0.046337202191352844,0.03761608262449974,0.2232576310634613,-1835.7196252558947,-1836.1091934161573,-15.045296734033954,0.4936610233596639,0.6016835866162182,False
205,1787908943.9215589,6603.79964119,20.499759674072266,24000,24000,4672,599,1.944744576993888,0.13804977285029557,1.7585999488830566,2.1625999450683597,-0.00818861834704876,-0.04385185241699219,0.03778456935687585,0.17217163741588593,-1844.9302343290105,-1845.1736107693298,-15.037052916121892,0.25928564035098134,0.14468137442418083,False
206,1787908944.0215168,6603.89947615,20.599717617034912,24000,24000,4531,559,1.952896242064952,0.12611407590069165,1.8288999915122985,2.182099938392639,-0.0049862489104270935,-0.050495296716690063,0.036800997025047806,0.1820547729730606,-1853.9189340451148,-1854.2151229091212,-15.034457609907344,0.26638811363295645,0.799270618506398,False
207,1787908944.121421,6603.99932159,20.69962191581726,24000,24000,4548,525,1.9791961915152414,0.14606457462705522,1.8384000539779664,2.3338000297546384,-0.006356867030262947,-0.04982089251279831,0.036235717341132304,0.19195637106895447,-1863.282062231942,-1863.2498216028957,-15.025742626465357,-0.105765638564435,0.06396727055312112,False
208,1787908944.2223618,6604.09996415,20.800562620162964,24000,24000,4635,558,1.9725448049097505,0.14781131351066515,1.8318500101566315,2.3203500151634215,-0.005139686167240143,-0.0486554317176342,0.03505069369018983,0.19784604012966156,-1872.3931533442726,-1872.2939547328674,-15.0451203654665,-0.13261009437269422,0.016930500094076706,False
209,1787908944.3220744,6604.19980565,20.900275230407715,24000,24000,4776,607,1.9602932446871009,0.13152114664872472,1.833299958705902,2.176400017738342,-0.0019096562173217535,-0.046913109719753265,0.031943448464678795,0.19829484820365906,-1881.8697833715628,-1881.3517096419034,-15.053635336489378,-0.635516864029114,-0.9977937027135795,False
210,1787908944.421928,6604.29965007,21.000128746032715,24000,24000,4560,617,1.952743921712693,0.11269033055652204,1.819000005722046,2.1538001060485836,-0.005383079405874014,-0.04918050393462181,0.030052623413840227,0.2121652066707611,-1891.1852969260963,-1890.4332482807592,-15.045943337532627,-0.9646262584353735,-1.5748745095418144,False
211,1787908944.5217326,6604.39948337,21.099933385849,24000,24000,4579,613,1.9539526914889038,0.11709802264140691,1.8259999752044678,2.1805999279022212,-0.008848479948937893,-0.049279820173978806,0.027972693017702232,0.21510837972164154,-1899.5973751358483,-1899.4587156553432,-15.047767270166814,-0.3946989290602687,-0.987646246642953,False
212,1787908944.6215825,6604.49932091,21.199783325195312,24000,24000,4574,623,1.943245583897035,0.11098493017836177,1.8170000314712524,2.1110000610351562,-0.010611291974782944,-0.04663675278425217,0.02827977799770354,0.21132540702819824,-1908.0044482598132,-1908.5187461367204,-15.048888420801257,0.184310256785011,0.16981383724260013,False
213,1787908944.7221715,6604.59995937,21.30037236213684,24000,24000,4795,742,1.9468477098446972,0.1118951667735049,1.8350000381469727,2.1518499493598937,-0.016137076541781425,-0.04645092040300369,0.03198814635276776,0.18783986568450928,-1917.4868491794239,-1917.503211173618,-15.031088480584472,-0.245492620817231,-0.253805422469668,False
214,1787908944.8214905,6604.69979759,21.399691343307495,24000,24000,4548,689,1.9499303336067366,0.1240974456070643,1.8254000186920165,2.1824000358581546,-0.015664899721741676,-0.045964740216732025,0.0338490086537263,0.2048836052417755,-1926.3806103145703,-1926.5473556340223,-15.040706609212613,-0.2009554898972965,-0.07504797874435098,False
215,1787908944.9216638,6604.79963907,21.49986457824707,24000,24000,4522,718,1.9488802240087462,0.12942690746824992,1.8168500244617463,2.199749898910522,-0.017885249108076096,-0.04675575718283653,0.03495381457648853,0.21665285527706146,-1935.6834654013674,-1935.5212221154884,-14.991131522964606,-0.4886329982193729,-0.22473234669837439,False
216,1787908945.0221922,6604.89948017,21.600393056869507,24000,24000,4533,679,1.9558247434899803,0.14132148358150387,1.8228999614715575,2.232499957084656,-0.02100096084177494,-0.043706588447093964,0.035832117160544304,0.2684904932975769,-1944.0387346754462,-1944.4806004804075,-14.97510782361117,0.20324577100745955,0.6511451254853,False
217,1787908945.1211302,6604.99931975,21.699331045150757,24000,24000,4542,625,1.9512208032608032,0.12512433300973883,1.8252000331878662,2.1752000331878656,-0.02293611317873001,-0.04749300703406334,0.03582333642462832,0.26813265681266785,-1952.7671418390125,-1953.4125193737655,-14.980808571430257,0.3788490863937568,0.8116383889118879,False
218,1787908945.2215152,6605.09995733,21.799715995788574,24000,24000,4427,565,1.9480637176901894,0.1273161969295702,1.8231999635696412,2.2027999877929685,-0.024511020630598068,-0.05179103836417198,0.03463243264105062,0.2980751693248749,-1962.6925560991074,-1962.40116722476,-14.974922457794525,-0.5123340564546197,-0.6021797883174713,False
219,1787908945.3219118,6605.19979931,21.900112628936768,24000,24000,4311,612,1.9418137272198994,0.13523531193647817,1.8179999589920044,2.1878499269485463,-0.02474837563931942,-0.051385730504989624,0.03379872948058891,0.2769257724285126,-1971.5173958763203,-1971.3732211303907,-14.956957304793798,-0.3018913387184057,-0.5011599358360854,False
220,1787908945.4212685,6605.29964135,21.99946928024292,24000,24000,4269,670,1.9400850755065235,0.12324670532756007,1.809999942779541,2.1607500553131103,-0.021952791139483452,-0.0416046604514122,0.032132143361084366,0.29659998416900635,-1980.150280863297,-1980.319004570313,-14.938639869618742,0.0069120970447329455,-0.08004541460672954,False
221,1787908945.5209932,6605.39948615,22.099194049835205,24000,24000,4244,674,1.9394406540103766,0.1398817152113227,1.8079999685287476,2.18569997549057,-0.02079005166888237,-0.03520134463906288,0.03054863933881109,0.34724703431129456,-1989.5632597446302,-1989.3540944048048,-14.970553544130114,-0.4312492355766153,-1.3586737989310222,False
222,1787908945.6211011,6605.49932313,22.199301958084106,24000,24000,4373,739,1.9344736139248446,0.13028354616449705,1.7978999853134154,2.120399904251099,-0.016576508060097694,-0.03379382938146591,0.028041801818590704,0.35729220509529114,-1998.473143050041,-1998.3829882283462,-14.977177243448919,-0.33183409497132743,-0.24183599982575288,False
223,1787908945.7224207,6605.59995891,22.300621509552002,24000,24000,4136,722,1.9431315766146968,0.1484125647495902,1.7929999828338623,2.1937499999999996,-0.015912489965558052,-0.03537391126155853,0.028758836905735736,0.3020360767841339,-2008.0094060989243,-2007.336031591401,-14.958592121241727,-0.7497558104087148,-1.352766678352964,False
224,1787908945.8215263,6605.69980475,22.39972710609436,24000,24000,4187,735,1.9447306162646028,0.13006332948328805,1.80310001373291,2.1252000331878658,-0.011612406000494957,-0.03780894726514816,0.027890478921350246,0.25122392177581787,-2015.5417906754533,-2016.3047441515928,-14.956818333240747,0.6369541435424253,0.5184998129402629,False
225,1787908945.9222074,6605.79964613,22.500408172607422,24000,24000,4135,712,1.9422120775064726,0.1237703143049373,1.805999994277954,2.134999990463257,-0.00953856110572815,-0.03854553401470184,0.029286484067450422,0.20801523327827454,-2025.2089903666308,-2025.250695976095,-14.991451655119269,0.03063477586647423,-0.48591895726212897,False
226,1787908946.020782,6605.89949745,22.59898281097412,24000,24000,4401,754,1.951856767625328,0.13624775904450206,1.8152999937534333,2.1864500045776367,-0.0073294672183692455,-0.037342071533203125,0.03063673205039226,0.18661263585090637,-2034.3142697513263,-2034.2806145639481,-14.991451655119269,-0.2033341220926559,-0.65780665613579,False
227,1787908946.1211216,6605.99933567,22.69932246208191,24000,24000,4305,702,1.9425227912063272,0.10780819115759656,1.8240500032901763,2.099899911880493,-0.0025302462745457888,-0.03960343077778816,0.03204902934298541,0.26676666736602783,-2043.464931161173,-2043.277104059348,-14.983898322789555,-0.3238411853758407,-0.3228784105242539,False
228,1787908946.2217515,6606.09996573,22.799952268600464,24000,24000,4311,725,1.9494744827007424,0.11313485563937317,1.8259999752044678,2.1768000602722166,-0.001351645216345787,-0.043699827045202255,0.03382636425732559,0.2432575225830078,-2051.7675387702443,-2052.232167910575,-14.969011497202459,0.4298183411760874,0.6523477346063373,False
229,1787908946.329071,6606.19979999,22.90727186203003,24000,24000,4299,724,1.9520593944175468,0.11875258770924883,1.835450041294098,2.1684500098228456,-0.0003203077067155391,-0.04728866368532181,0.03412807435757038,0.2774815559387207,-2060.799854103899,-2061.1868931164754,-14.990632024986384,1.055823346291163,1.571692366665502,False
230,1787908946.421873,6606.29964059,23.00007390975952,24000,24000,4389,726,1.9552258962442066,0.11209067461516051,1.8370000123977661,2.1957499980926514,0.00025740585988387465,-0.049544356763362885,0.034606538496779186,0.2924499809741974,-2070.718016721159,-2070.16824285489,-15.000487170779607,-0.5105381093899268,-0.5224588228093126,False
231,1787908946.5211859,6606.39949109,23.09938669204712,24000,24000,4388,705,1.9515446791412137,0.11054168893080185,1.8302000284194946,2.128599977493286,-0.004247532691806555,-0.05223465338349342,0.0330330880926376,0.26693204045295715,-2079.173916953086,-2079.158244516238,-15.012937919363162,-0.02869794913340229,0.35805711564398734,False
232,1787908946.6215732,6606.49933161,23.199774026870728,24000,24000,4298,698,1.9479054438008963,0.10858816070111382,1.8176999628543853,2.139950013160705,-0.0065702577121555805,-0.053245920687913895,0.031857307488988476,0.2833717465400696,-2087.7988578320096,-2088.201805814974,-15.015128959363258,0.3808068560679203,0.8395214372935698,False
233,1787908946.7229302,6606.59995085,23.301131010055542,24000,24000,4346,698,1.946686245821267,0.11346230113290726,1.801850038766861,2.1454499840736387,-0.009439300745725632,-0.05164450407028198,0.031031486605632045,0.3044326603412628,-2097.1171538852213,-2097.1849596141933,-15.052022403907706,0.18422083628729524,0.34375216664329855,False
234,1787908946.8218176,6606.69978941,23.400018453598022,24000,24000,4510,707,1.9393210780333934,0.1199992976586601,1.8002999663352965,2.1247999429702755,-0.010911504738032818,-0.051906511187553406,0.02890740500130516,0.26301631331443787,-2106.358657811388,-2106.2344597972265,-15.055334281583862,-0.15782142874195415,-0.28839740454031926,False
235,1787908946.9215703,6606.79964263,23.499771118164062,24000,24000,4469,760,1.9444736854026192,0.11268699120066582,1.808950012922287,2.1552499771118163,-0.0070481738075613976,-0.04824284836649895,0.02764408230036731,0.22478434443473816,-2115.7895448164645,-2115.2101446209767,-15.055334281583862,-0.6113804526330568,-1.3707509490113807,False
236,1787908947.02126,6606.89948671,23.59946084022522,24000,24000,4293,697,1.9414849346303187,0.12109679673062448,1.8007999897003173,2.1495999336242675,-0.009348466992378235,-0.048627275973558426,0.02571030489353856,0.23614078760147095,-2124.146918492852,-2124.228864897648,-15.080946916439993,0.0029092865843267646,0.17482001782400403,False
237,1787908947.121288,6606.99932911,23.699488878250122,24000,24000,4218,715,1.9306111899289218,0.12149366553290293,1.8087000012397767,2.1138999223709103,-0.01085289753973484,-0.048835936933755875,0.026327026796241486,0.16442355513572693,-2132.8976823903727,-2133.297413034703,-15.104717070532686,0.25425584466483997,0.5819303402668083,False
238,1787908947.2211168,6607.09996559,23.799317598342896,24000,24000,4346,745,1.9245033556982976,0.1040562038137415,1.8020000457763672,2.1000000476837157,-0.012996352277696133,-0.04993986710906029,0.026710623654630408,0.16044223308563232,-2141.8530750310288,-2142.423514787424,-15.104717070532686,0.2830358686042018,0.19348977827394265,False
239,1787908947.3217325,6607.19980075,23.899933338165283,24000,24000,4325,828,1.932975843620761,0.11800911589892292,1.8056999802589417,2.117650055885315,-0.01867114007472992,-0.046841830015182495,0.028374271470304243,0.14060242474079132,-2151.8062950207955,-2151.4634264276215,-15.075674639978672,-0.6151829301197722,-0.6292962746110788,False
240,1787908947.421306,6607.29964453,23.99950671195984,24000,24000,4141,714,1.930070028585546,0.10951344882907356,1.809000015258789,2.1157000422477723,-0.014270767569541931,-0.046236854046583176,0.030454269509557146,0.28488942980766296,-2160.6477038335242,-2160.533549738469,-15.054148410584494,-0.49539919089329487,0.04347287248720022,False
241,1787908947.5209107,6607.39948181,24.099111557006836,24000,24000,4168,713,1.936753154636934,0.12824391076840627,1.806600022315979,2.133799934387207,-0.015260846354067326,-0.04611143097281456,0.03228233488191688,0.3219090700149536,-2169.288245470663,-2169.6693284707694,-15.012490000106576,-0.17191599328634766,0.11000436451968199,False
242,1787908947.6208112,6607.49931477,24.19901204109192,24000,24000,4241,709,1.9378039495564987,0.12261094173602474,1.7965999841690063,2.12620005607605,-0.015062831342220306,-0.04535330832004547,0.03527180386381018,0.23503422737121582,-2177.9303272585908,-2178.724603853764,-15.010446362126862,0.17663334641065376,0.002481689114574692,False
243,1787908947.7207935,6607.59995511,24.298994302749634,24000,24000,4568,720,1.936497222714954,0.12329358184749428,1.7969000458717346,2.1001499056816098,-0.016836121678352356,-0.04666171967983246,0.03679317140131922,0.280770480632782,-2187.8699633621213,-2187.687887505004,-14.972412057413289,-0.7650119855775301,-1.4542603762133695,False
244,1787908947.8214257,6607.69979395,24.39962649345398,24000,24000,4492,628,1.9406210193588476,0.12346393311343531,1.7660499930381774,2.14225001335144,-0.015075044706463814,-0.04495259001851082,0.037953391778588474,0.2753787040710449,-2197.0515410733087,-2196.6507301494967,-14.937258565948918,-0.8901079942634169,-1.7935012350485522,False
245,1787908947.9217281,6607.79964147,24.499928951263428,24000,24000,4509,531,1.9353107357653745,0.13243554477818395,1.7730000019073486,2.1670000553131104,-0.009063858538866043,-0.04284835234284401,0.03861926755753955,0.2389659285545349,-2205.9444418478083,-2205.54949569944,-14.948451292195495,-0.7562016654974286,-1.519348752912265,False
246,1787908948.0216334,6607.89947963,24.599834203720093,24000,24000,4488,510,1.957223531779121,0.12816704184875638,1.8196999967098235,2.2285000443458554,-0.007457953877747059,-0.04946528375148773,0.03697688020523914,0.1417020708322525,-2215.1437214950924,-2214.5189395398234,-14.943931629855278,-0.9644210514002225,-1.5735991241231204,False
247,1787908948.1210291,6607.99931687,24.699229955673218,24000,24000,4647,524,1.9693110642087368,0.14426579403094913,1.833449947834015,2.24065009355545,-0.007010506931692362,-0.0498758889734745,0.036032183930649685,0.09666667878627777,-2223.791919506327,-2223.412762687131,-14.943931629855278,-0.6674117430948172,-1.254488151573696,False
248,1787908948.2217116,6608.09996075,24.799912452697754,24000,24000,4508,530,1.9700358521263555,0.14092019945738304,1.8214500010013581,2.2360999464988707,-0.004790716338902712,-0.050525400787591934,0.03404444700673448,0.11372555047273636,-2232.195854257658,-2232.333941489607,-14.923058690634447,-0.010337430797790148,0.14679879127925233,False
249,1787908948.3216128,6608.19980315,24.899813652038574,24000,24000,4538,566,1.9624787979749403,0.13816432006431792,1.8252500295639038,2.2320000529289246,-0.0038978303782641888,-0.047808315604925156,0.03246434479553202,0.09659425914287567,-2241.544657906526,-2241.2291176742897,-14.926240251118061,-0.36844558197708466,0.10388160846468963,False
250,1787908948.421836,6608.29963283,25.00003671646118,24000,24000,4579,618,1.956716827011417,0.12639038781615605,1.8178499698638917,2.173199951648712,-0.0038932363968342543,-0.04907375946640968,0.030768539269432786,0.16699092090129852,-2249.7294455786414,-2250.1964260793948,-14.930737497652453,0.4664287721338951,1.0245496759421258,False
251,1787908948.5207121,6608.39947637,25.098912954330444,24000,24000,4677,645,1.9547953472581021,0.12588927756885993,1.8240000009536743,2.1805999755859373,-0.004079787060618401,-0.05241662636399269,0.028646887477158038,0.1740814596414566,-2258.233363762025,-2259.1786656136924,-14.930737497652453,0.8609637855611254,1.597281763880801,False
252,1787908948.6208599,6608.49931523,25.199060678482056,24000,24000,4781,694,1.9488775247455674,0.12124999808502065,1.8250000476837158,2.190399956703186,-0.010735917836427689,-0.04570376127958298,0.02785010485722194,0.2258407473564148,-2267.3377513901937,-2268.1010905823955,-14.893643769690447,0.7694578702721628,1.3500734613498935,False
253,1787908948.7219548,6608.59995493,25.300155639648438,24000,24000,4606,719,1.9471947120525908,0.10614855454238403,1.8379000544548034,2.152299952507019,-0.013526334427297115,-0.046087924391031265,0.031058064815542685,0.22953203320503235,-2276.699390839547,-2276.9509014023847,-14.918289989488775,0.5059475544512679,1.11356115095532,False
254,1787908948.8214002,6608.69979111,25.399600982666016,24000,24000,4600,741,1.94792847659102,0.11823375503623869,1.8259999752044678,2.190000057220459,-0.015919608995318413,-0.0448969267308712,0.033556443089309024,0.2135729193687439,-2285.5399657549824,-2285.910667399931,-14.91939384508141,0.6150429496192373,1.0229265772045437,False
255,1787908948.9209101,6608.79963651,25.49911093711853,24000,24000,4570,746,1.953486596770964,0.12727468008632503,1.8272500038146973,2.215250074863434,-0.01841788738965988,-0.04798760637640953,0.03527707846122377,0.22003088891506195,-2295.5262804279073,-2294.9065659703315,-14.931054029486901,-0.41578665030647244,-0.36260585139052637,False
256,1787908949.0208876,6608.89946777,25.599088430404663,24000,24000,4725,731,1.953280438150492,0.15099508026216663,1.8119999766349792,2.2704999446868896,-0.02282935008406639,-0.04665346443653107,0.036457001990718774,0.21807903051376343,-2304.151763134956,-2303.827553210533,-14.938933661158002,-0.043707719569283654,-0.022734119429514976,False
257,1787908949.1216807,6608.99931117,25.699881553649902,24000,24000,4474,604,1.9616374181990592,0.1357631102397469,1.8329999446868896,2.2428500413894654,-0.025849156081676483,-0.04768776148557663,0.035125927350319414,0.26184332370758057,-2313.733594078539,-2312.8563996866733,-15.023615331893124,-0.5545736963817944,-0.6124028243721114,False
258,1787908949.2217605,6609.09995507,25.79996132850647,24000,24000,4426,573,1.9531064561940406,0.13583597942484477,1.8179999589920044,2.224200105667114,-0.025165505707263947,-0.04722597450017929,0.034787776024211195,0.2834314703941345,-2322.036599179983,-2321.90903095017,-15.039901395720328,0.14918775902924608,0.3078281889911523,False
259,1787908949.3216891,6609.19980011,25.899889945983887,24000,24000,4344,587,1.9450238508503928,0.1434174443572026,1.8074999928474427,2.2481000661849975,-0.023631935939192772,-0.04598435387015343,0.03400184969084748,0.26346728205680847,-2331.0352596445096,-2330.942555548382,-15.06471967483755,0.14369031128899223,0.2547930366768014,False
260,1787908949.4214478,6609.29965029,25.999648571014404,24000,24000,4451,665,1.9432210524279372,0.12213171921686171,1.815000057220459,2.1647999286651607,-0.02026515267789364,-0.04317912459373474,0.03285641288599518,0.2272346019744873,-2339.8500581684766,-2340.0109344429557,-15.074757067976043,0.3067561857023975,0.27892638696312133,False
261,1787908949.5212705,6609.39949693,26.0994713306427,24000,24000,4198,648,1.93958024588632,0.1364986533978466,1.8086999595165252,2.1829500079154966,-0.01885475032031536,-0.037565264850854874,0.030738156568897543,0.27971237897872925,-2348.4211290063304,-2349.0350411995746,-15.06863529647049,0.7193215952488572,1.1129371150282168,False
262,1787908949.6210902,6609.49934503,26.199290990829468,24000,24000,4135,681,1.9406534499884003,0.14458658947902947,1.8070000410079956,2.2200000286102295,-0.015413281507790089,-0.03597479686141014,0.028370307087275122,0.3454412519931793,-2357.716082016544,-2358.111794103516,-15.073788302485069,0.407725895493968,0.417509094457273,False
263,1787908949.7216508,6609.59998571,26.299851655960083,24000,24000,4115,685,1.9373109492072225,0.13872517193138895,1.7910000085830688,2.1566000938415515,-0.014258088544011116,-0.03397640213370323,0.028453961217420526,0.23900152742862701,-2367.2363425056724,-2367.1350396311886,-15.04436623454407,-0.06248989747473388,0.10883984682595838,False
264,1787908949.8212419,6609.69982569,26.399442672729492,24000,24000,4344,813,1.9487109474590343,0.14557762416764775,1.7910000085830688,2.2422000408172607,-0.016049718484282494,-0.03617287054657936,0.02850762420825917,0.16053827106952667,-2375.6667270220673,-2376.1567263523616,-15.038234302653436,0.469905932983238,0.4272816011166469,False
265,1787908949.9215283,6609.79967213,26.49972915649414,24000,24000,4257,761,1.9419526950445187,0.1201723113865681,1.8070000410079956,2.0999999046325684,-0.010230191983282566,-0.04052848741412163,0.02997972623537563,0.17541752755641937,-2384.4917534097553,-2385.19446066669,-15.036503499011905,0.6702490504781053,1.19243961903112,False
266,1787908950.0212376,6609.89952313,26.599438428878784,24000,24000,4267,738,1.9432777778566046,0.12542149164893063,1.8112500369548798,2.1313000202178953,-0.0053960890509188175,-0.03972076252102852,0.031250240515448946,0.1917169690132141,-2394.9325679373947,-2394.224683515272,-15.01622892733888,-0.7971426131566659,-0.6931434379589518,False
267,1787908950.1209664,6609.99936387,26.699167251586914,24000,24000,4305,734,1.9569945504295079,0.13978474398920523,1.8279999494552612,2.2597000360488897,-0.0029587310273200274,-0.04078429937362671,0.0323161794789602,0.20279990136623383,-2403.4179687393207,-2403.213931344592,-15.026614888161303,-0.3073611026779872,-0.565027949942305,False
268,1787908950.220465,6610.09960105,26.798665761947632,24000,24000,4325,736,1.9586739162711992,0.1383323525478798,1.8259999752044678,2.233500063419342,-0.005524204578250647,-0.04588435962796211,0.03349231225673037,0.2642500400543213,-2412.3667273271485,-2412.271890685743,-15.044771195561381,-0.30166453852143604,-1.1475259507160445,False
269,1787908950.3216462,6610.19943873,26.89984703063965,24000,24000,4406,685,1.9488189784279706,0.10887238139515044,1.8402000188827514,2.1533999919891356,-0.002388707362115383,-0.04534319043159485,0.03449341299866524,0.20812901854515076,-2421.4658991230785,-2421.2944054938175,-15.051608598212722,-0.2949398799332812,-0.6133125540313813,False
270,1787908950.420791,6610.29928431,26.99899172782898,24000,24000,4280,682,1.9470293249202963,0.10738656778867556,1.8360499680042266,2.116800093650818,-0.004421751014888287,-0.049285899847745895,0.0342767397625227,0.17595435678958893,-2430.8039187134887,-2430.370845878528,-15.053563169281324,-0.7103460430630548,-0.8764882546215631,False
271,1787908950.5217075,6610.39991651,27.099908351898193,24000,24000,4256,646,1.9558297203790294,0.10864143098118836,1.8367499709129333,2.153749942779541,-0.0032277971040457487,-0.050631556659936905,0.032898246281365284,0.17341022193431854,-2440.0852317836884,-2439.3986140856855,-15.04083256596642,-0.9095795822090622,-1.2956752294130638,False
272,1787908950.6214569,6610.49975933,27.199657678604126,24000,24000,4394,660,1.9580227261239833,0.11758498237391105,1.8259499788284301,2.179249906539917,-0.006896669045090675,-0.050854358822107315,0.03160479241226239,0.18753625452518463,-2447.740753639495,-2448.399187949895,-15.030033806087035,0.4119261495407045,0.24436628101102542,False
273,1787908950.721519,6610.59959987,27.29971981048584,24000,24000,4440,687,1.9472445412667732,0.11789074540055264,1.8143000245094298,2.1534000158309934,-0.006482287310063839,-0.05271543562412262,0.030074698835791676,0.2137185037136078,-2457.1045825173096,-2457.4192836249545,-15.030033806087035,0.053276033683232527,0.016642292097913014,False
274,1787908950.8213785,6610.69943161,27.399579286575317,24000,24000,4391,708,1.9468460439962183,0.12406044336924446,1.809000015258789,2.168950068950653,-0.007756415288895369,-0.05144685506820679,0.029435720815283485,0.15417644381523132,-2466.1969801061578,-2466.448153455193,-15.002575148968104,-0.05218097784245401,0.12760555698014286,False
275,1787908950.9217465,6610.79967251,27.49994730949402,24000,24000,4388,728,1.9431195028208115,0.12550375229643432,1.809999942779541,2.18329998254776,-0.008580118417739868,-0.049535393714904785,0.028169744328271396,0.1342865228652954,-2474.3830982121685,-2475.4362110978436,-14.96345072027963,0.7944086085590243,1.4902602851725533,False
276,1787908951.0209582,6610.89950415,27.599159002304077,24000,24000,4278,732,1.9441830613574043,0.1265286370114674,1.8045499801635743,2.1628999829292295,-0.010357404127717018,-0.048387620598077774,0.02633078888754024,0.14876146614551544,-2484.251454779751,-2484.3567263475547,-14.96345072027963,-0.1453052024698991,-0.1767161752723041,False
277,1787908951.1207836,6610.99934619,27.698984384536743,24000,24000,4369,772,1.9350841990406649,0.11297462342931645,1.8200000524520874,2.1159000515937803,-0.013473744504153728,-0.04676055908203125,0.025827477729077144,0.15663565695285797,-2493.676911489768,-2493.3729889867122,-14.973562282523476,-0.586889641520429,-0.4296209185222324,False
278,1787908951.222317,6611.09996901,27.800517797470093,24000,24000,4215,775,1.9226438720764651,0.09665987402341641,1.819000005722046,2.065900063514709,-0.014902075752615929,-0.051140837371349335,0.027565854025702462,0.10545535385608673,-2502.684345801624,-2502.3604590809155,-14.967298540868269,-0.45673597096902085,-0.8844463918344445,False
279,1787908951.3221245,6611.19980441,27.900325298309326,24000,24000,4205,759,1.925301712021055,0.1106172519569959,1.8009999990463257,2.1022000074386598,-0.012793386355042458,-0.04932958260178566,0.028644896292380713,0.12578456103801727,-2511.8556558066575,-2511.3378664679863,-14.966375720178506,-0.6457829566215878,-0.9074856566949165,False
280,1787908951.4207616,6611.29963501,27.99896240234375,24000,24000,4114,698,1.9269297990553016,0.11772687056442528,1.8038500130176545,2.093149960041046,-0.01526558492332697,-0.04643872007727623,0.031114430893597608,0.15431492030620575,-2520.18035899596,-2520.303605172544,-14.959182712540594,-0.09355400698268568,-0.3167847774338952,False
281,1787908951.5209825,6611.39946293,28.099183320999146,24000,24000,4265,729,1.9381111109698261,0.11970277796426182,1.805999994277954,2.1083999156951907,-0.016231629997491837,-0.04737313836812973,0.0329074853394207,0.22335654497146606,-2529.6196985865013,-2529.2838441296262,-14.974356078776466,-0.513424681487777,-0.32915037707743977,False
282,1787908951.620611,6611.49931107,28.198811769485474,24000,24000,4350,667,1.9400914555368038,0.1323121789344139,1.7985999703407287,2.1574999809265125,-0.01678186096251011,-0.044240906834602356,0.03516018509680714,0.2069249451160431,-2538.392480050821,-2538.320700441918,-15.004498158942,-0.32005709896930057,-0.0016702185962458316,False
283,1787908951.7220008,6611.59994829,28.300201654434204,24000,24000,4393,663,1.935662143910093,0.12467926538698043,1.7786999940872192,2.133999991416931,-0.01546413078904152,-0.045919083058834076,0.03673369373886842,0.1979682594537735,-2547.038230792257,-2547.301211230332,-14.98240873838563,0.1588632159437111,0.5518431049990795,False
284,1787908951.8217986,6611.69980331,28.399999380111694,24000,24000,4483,624,1.9405560906116779,0.12078944791626504,1.7973000466823579,2.1246999859809876,-0.014609560370445251,-0.04623362794518471,0.037624935979458214,0.19236773252487183,-2556.1846502415565,-2556.30711605212,-14.979020361733511,-0.006172938175495801,0.6928953782180542,False
285,1787908951.921171,6611.79963949,28.499371767044067,24000,24000,4602,563,1.93687566580188,0.12635616806073552,1.769200050830841,2.125,-0.009597176685929298,-0.04240608587861061,0.03789681008374424,0.18144957721233368,-2564.8714040196537,-2565.2754039708393,-14.971721576462985,0.25017784786223274,0.6539051974805261,False
286,1787908952.0209873,6611.89948879,28.599188089370728,24000,24000,4609,563,1.9517904113495117,0.1295031248468151,1.801199996471405,2.213799977302551,-0.002992302179336548,-0.049393754452466965,0.036524511307975724,0.1303901970386505,-2574.119219818785,-2574.235847837038,-14.929514046788084,-0.014581034439743235,-0.03730705287671299,False
287,1787908952.1213381,6611.99932317,28.699538946151733,24000,24000,4531,555,1.972376577489011,0.13837953485029347,1.8200000524520874,2.2608999729156487,-0.00496027572080493,-0.05225295200943947,0.0355510404430838,0.1380646824836731,-2583.061935312822,-2583.205450279305,-14.931883374742569,0.07386628241420112,0.5141053063734944,False
288,1787908952.2209697,6612.09995793,28.79917049407959,24000,24000,4557,544,1.972126839134623,0.14262205651031726,1.8151500463485717,2.2720000743865967,-0.004202086478471756,-0.05272077023983002,0.033814935134252266,0.10743356496095657,-2591.9768756580993,-2592.1733546075498,-14.931883374742569,0.12535392091649555,0.2753738333490219,False
289,1787908952.3234575,6612.19979581,28.901658296585083,24000,24000,4642,578,1.964790658348572,0.13195793950847332,1.825849986076355,2.209450078010559,-0.0049914028495550156,-0.04889687895774841,0.03212023158160376,0.13882440328598022,-2600.9622190810105,-2601.117007661701,-14.950906288185125,0.36348960170016653,-0.0349815851745916,False
290,1787908952.421131,6612.29962299,28.99933171272278,24000,24000,4789,659,1.9491987868759086,0.1097959240576969,1.8218000292778016,2.1330000400543216,-0.006318391766399145,-0.046050604432821274,0.030128973786893238,0.16607943177223206,-2610.2022555899794,-2610.126622085825,-14.96660725114104,-0.08634270043876313,-0.38508727879343496,False
291,1787908952.5215588,6612.39945347,29.099759578704834,24000,24000,4600,640,1.954751561768353,0.1238531935714122,1.8289499938488007,2.186300098896026,-0.005238385871052742,-0.048813726752996445,0.02837944041273787,0.11574023962020874,-2619.5833712003773,-2619.1313689377407,-14.988626852468093,-0.42936498978497184,-0.4424190935565093,False
292,1787908952.6274807,6612.49929471,29.205681562423706,24000,24000,4311,637,1.9453704888629764,0.10577432517795952,1.8309999704360962,2.1376000881195067,-0.009086214005947113,-0.045994844287633896,0.028448137295398197,0.1416313350200653,-2628.574004088681,-2628.1640465052583,-14.99727489522766,0.11254335676267146,-0.21257912097780718,False
293,1787908952.7219944,6612.59994047,29.30019521713257,24000,24000,4580,690,1.9513913037120432,0.11987716536864908,1.8274499893188476,2.183000087738037,-0.016888882964849472,-0.04540964588522911,0.031224116515560858,0.1396910399198532,-2637.15821402113,-2637.1376093264653,-15.016061390619607,0.0341721476515886,-0.21799546600368558,False
294,1787908952.829115,6612.69978027,29.407315731048584,24000,24000,4387,628,1.9458662446137447,0.11666706260332933,1.8283499658107758,2.141799962520599,-0.02322123944759369,-0.04288528859615326,0.03342640211255283,0.167782723903656,-2645.9321822365737,-2646.120744046189,-15.021360105978287,0.9006079366595259,2.3593383046245435,False
295,1787908952.9211657,6612.79961393,29.499366521835327,24000,24000,4506,692,1.9449956642754505,0.11045137719266122,1.8355499982833863,2.123899948596954,-0.018595363944768906,-0.04407481476664543,0.03548157579352346,0.17816074192523956,-2655.4899406065338,-2655.14102210964,-15.015371453069932,-0.3729592949975995,-0.017237788485090277,False
296,1787908953.020897,6612.89945639,29.599097728729248,24000,24000,4529,678,1.9522241874430384,0.14058790593674858,1.815999984741211,2.2346500277519223,-0.020810715854167938,-0.04514358192682266,0.03580397888283887,0.18980377912521362,-2663.434415254748,-2664.110992884826,-15.018702797547483,0.6579629360708168,0.9379107303498131,False
297,1787908953.120962,6612.99930809,29.69916272163391,24000,24000,4471,613,1.9546427417540433,0.12998082343892947,1.8192000150680543,2.2190001010894775,-0.02301880344748497,-0.04910352826118469,0.03544474906389094,0.1869703233242035,-2672.639041033436,-2673.1042731200673,-15.042482157130033,0.4587733995936105,0.879086361498139,False
298,1787908953.2218184,6613.09992567,29.80001926422119,24000,24000,4579,597,1.9510067022425845,0.12861072485737138,1.8300000429153442,2.2430000782012938,-0.02117222361266613,-0.04951659217476845,0.035322289756892535,0.27963900566101074,-2682.0176875028583,-2682.1659375075888,-15.072265835872892,0.15679937589811743,0.8048351950833421,False
299,1787908953.3235054,6613.19976263,29.901706218719482,24000,24000,4340,582,1.9361116847221793,0.12367099589772765,1.8190500080585479,2.1702000021934498,-0.023394322022795677,-0.048473455011844635,0.033844377700642574,0.2831959128379822,-2691.65738080549,-2691.217393879774,-15.068891344048042,-0.3314878373785177,0.037084304739892104,False
300,1787908953.4211512,6613.29960339,29.999351978302002,24000,24000,4298,636,1.9425408797069166,0.14338433458598815,1.811000019311905,2.1994999051094055,-0.023362737149000168,-0.04263940453529358,0.032558274016558926,0.2588326930999756,-2700.346707222743,-2700.2874802281863,-15.07955334214021,-0.2330990235873287,0.2731671974083838,False
301,1787908953.521215,6613.39943987,30.09941577911377,24000,24000,4251,675,1.935497778080128,0.1325970145854142,1.804699969291687,2.1589999198913574,-0.021207138895988464,-0.03690526261925697,0.03071921897000578,0.2550889253616333,-2708.880820559109,-2709.3653434727853,-15.047945509474713,0.23811659881903324,-0.11838967396442968,False
302,1787908953.6212065,6613.49966963,30.19940733909607,24000,24000,4297,728,1.9373186838168364,0.14250219542499162,1.7863999903202057,2.1889500498771666,-0.014497627504169941,-0.03430144861340523,0.02850971282738925,0.32365134358406067,-2717.944061403648,-2718.4751560049435,-15.043242728240813,0.1737033366466676,-0.14061640083264138,False
303,1787908953.7209268,6613.59951037,30.29912757873535,24000,24000,4314,776,1.9378479399631934,0.13497836420856854,1.7989999651908875,2.172249972820282,-0.014445150271058083,-0.0348268523812294,0.0276337807266776,0.3126717805862427,-2727.836713608782,-2727.5745705465883,-15.045761999594987,-0.7445389968434029,-1.295868651447563,False
304,1787908953.8295217,6613.69935217,30.40772247314453,24000,24000,3868,664,1.9519728930240654,0.1504693316375605,1.80215003490448,2.235250043869019,-0.018096137791872025,-0.03755323588848114,0.028149319268866217,0.20792512595653534,-2736.678227063454,-2736.5568777306416,-15.015724869739296,0.18703971032800837,-0.6605837754345885,False
305,1787908953.9224203,6613.79999129,30.50062108039856,24000,24000,4235,756,1.9408240720393166,0.12626503902083053,1.809000015258789,2.116249978542328,-0.009234976023435593,-0.039902977645397186,0.029858472148011572,0.16595147550106049,-2745.4823504032156,-2745.523703097911,-15.038979300522525,-0.25659250929311384,-1.0686118071994315,False
306,1787908954.0219688,6613.89983665,30.60016965866089,24000,24000,4286,731,1.9423515741215196,0.1228544003317304,1.8109999895095825,2.0924999713897705,-0.008039392530918121,-0.04134799540042877,0.03171660056723447,0.1774742305278778,-2755.0611740309887,-2754.5548499709485,-15.031055418512217,-0.8764550806426996,-1.511728047235465,False
307,1787908954.1219304,6613.99969005,30.70013117790222,24000,24000,4394,714,1.9544971964272464,0.13162617750138175,1.809000015258789,2.1622000217437747,-0.002854841062799096,-0.03954841196537018,0.03214179748679927,0.220298171043396,-2764.322146268083,-2763.5258329487306,-15.019062900738595,-1.1413032780337744,-1.5474813798477953,False
308,1787908954.2210705,6614.09953477,30.79927134513855,24000,24000,4263,687,1.9557612822045405,0.133469170177131,1.8240000009536743,2.247299981117248,-0.0014047198928892612,-0.0409579761326313,0.03296380653758798,0.24226818978786469,-2772.5264068770343,-2772.5134625334954,-15.010045297951164,-0.42335813677300393,-1.1636713904108547,False
309,1787908954.321168,6614.19937723,30.89936876296997,24000,24000,4277,691,1.9526975418827812,0.12145949297658154,1.8244999647140503,2.1584999561309814,-0.0025837630964815617,-0.044554807245731354,0.03389990380841947,0.26493313908576965,-2781.540815292153,-2781.5026288614104,-15.001709046440451,-0.42941220013926795,-0.5635522118459448,False
310,1787908954.421817,6614.29963083,31.000017881393433,24000,24000,4279,721,1.9474188653176105,0.10915105175042149,1.8320000171661377,2.1519999504089355,-0.002849231706932187,-0.05077485740184784,0.034282178130075606,0.2969990372657776,-2790.0766158519477,-2790.5397937805606,-14.974665238799872,0.09279236740167107,0.08946662466860289,False
311,1787908954.5210357,6614.39947601,31.099236488342285,24000,24000,4437,734,1.9470463206722561,0.09950022263900386,1.8336499750614166,2.1093499422073365,-0.0008783322409726679,-0.050921786576509476,0.033660561761596354,0.2738114893436432,-2798.9169252659144,-2799.47712541142,-14.974665238799872,0.18174795393497334,0.4232819358544475,False
312,1787908954.6211185,6614.49930921,31.19931936264038,24000,24000,4365,731,1.9573502072557378,0.11976806394253371,1.82150000333786,2.20550000667572,-0.003950262442231178,-0.05575453117489815,0.0313963091182231,0.19349399209022522,-2807.618545276009,-2808.4429381505647,-14.970678038671196,0.4871734376370114,0.7649675872926309,False
313,1787908954.7218618,6614.59993799,31.300062656402588,24000,24000,4323,678,1.954629793631292,0.12481071006515401,1.8138500034809113,2.2136000514030454,-0.011263098567724228,-0.04968302696943283,0.030631629787535176,0.2691209614276886,-2816.5546833663507,-2817.3180821939163,-14.945164058618387,0.6175158663145339,1.1396114512258464,False
314,1787908954.8218796,6614.69979691,31.40008044242859,24000,24000,4402,716,1.9434189954616503,0.12127893259459056,1.800000011920929,2.156499922275543,-0.011649565771222115,-0.04939616471529007,0.028869613441134957,0.2518959641456604,-2826.7583967669543,-2826.260297923385,-14.93724954713622,-0.5850097162638122,-0.947343908066614,False
315,1787908954.9211745,6614.79963485,31.499375343322754,24000,24000,4513,782,1.9413606112875292,0.1176189094750031,1.8090500116348267,2.1519999504089355,-0.006845628377050161,-0.04956280440092087,0.027810982840987448,0.2017182856798172,-2835.8991328534703,-2835.2276821127866,-14.926382743994703,-0.7896146621819753,-1.1860010161444734,False
316,1787908955.0211165,6614.89946985,31.5993173122406,24000,24000,4382,726,1.935293388268179,0.11762093875917635,1.7977499961853027,2.119749963283539,-0.01101984828710556,-0.04958126321434975,0.026088587920574877,0.2307959944009781,-2844.768419609553,-2844.1794030932683,-14.91771279826999,-0.6645368269610117,-0.9356249036768531,False
317,1787908955.1210086,6614.99931481,31.699209451675415,24000,24000,4220,708,1.9351977396146052,0.11293263007887634,1.8109999895095825,2.141900038719177,-0.016375040635466576,-0.04759867861866951,0.025913584028531216,0.17921435832977295,-2853.5066507090983,-2853.163027614439,-14.928556675654363,-0.4128877829548401,-0.36674247614291744,False
318,1787908955.2209442,6615.09994047,31.799144983291626,24000,24000,4198,722,1.9265193927651296,0.09868857098557123,1.812000036239624,2.071850025653839,-0.01585434563457966,-0.04951498657464981,0.026851933290033297,0.12796235084533691,-2862.033186689564,-2862.1907609665145,-14.95770844629228,0.05436149731212936,0.35737618015582484,False
319,1787908955.32212,6615.19979465,31.900320768356323,24000,24000,4326,805,1.9331639735595039,0.11667263918813395,1.809999942779541,2.132599925994873,-0.015730537474155426,-0.04967693239450455,0.027717387588577287,0.14007940888404846,-2870.9227712796996,-2871.1640972870687,-14.978505095914578,0.27017985787506404,0.2875669887926051,False
320,1787908955.4211118,6615.29963857,31.99931263923645,24000,24000,4300,725,1.9298468944944185,0.12973691611273733,1.8022000312805175,2.1041999340057367,-0.014577310532331467,-0.045579876750707626,0.031159577398248605,0.2542382776737213,-2879.572797718745,-2880.2398972355145,-14.993560703675604,0.5290131092265256,0.9379649436714317,False
321,1787908955.5212104,6615.39946363,32.09941124916077,24000,24000,4181,688,1.9395523268816084,0.12691071530243453,1.8127000272274016,2.1226499319076537,-0.013938217423856258,-0.0459945872426033,0.032388905996324116,0.32438480854034424,-2889.574770724123,-2889.2739324260415,-14.968625131687146,-0.46449826095977187,-0.33060177933020896,False
322,1787908955.6215777,6615.49930689,32.19977855682373,24000,24000,4244,695,1.9379136692705772,0.11471112027548375,1.8079999685287476,2.1132999658584595,-0.013405362144112587,-0.045375723391771317,0.03441507126076534,0.3487870395183563,-2897.4419674424526,-2898.2425623654017,-14.934489830728301,0.7009483430597356,0.7648915047252558,False
323,1787908955.7293494,6615.59994811,32.30755019187927,24000,24000,4427,696,1.944557472378358,0.13864540063874492,1.798000007867813,2.1462499499320984,-0.016779286786913872,-0.04534999653697014,0.03640878081458028,0.28130248188972473,-2907.3386643353024,-2907.1531803364587,-14.917679341834534,0.5032536690596316,0.4501680711478002,False
324,1787908955.8235962,6615.69978471,32.40179705619812,24000,24000,4601,695,1.929671945674814,0.12287299299453566,1.7734999775886535,2.0852000951766967,-0.012950138188898563,-0.04710500314831734,0.03839393852221531,0.21850153803825378,-2916.3186193589577,-2916.028537489017,-14.934173553792384,0.005127335087308893,-0.46923370813738075,False
325,1787908955.9232638,6615.79963267,32.50146460533142,24000,24000,4542,563,1.937309060808185,0.12069312461958881,1.7881999850273131,2.1214999914169312,-0.008781337179243565,-0.04526488482952118,0.037721257596370635,0.25207701325416565,-2924.9177110802243,-2924.977540495745,-14.963066699886857,0.3757035574594738,0.06691467241398641,False
326,1787908956.0221493,6615.89947141,32.60035014152527,24000,24000,4521,501,1.9488602788624412,0.11676163893599369,1.8200000524520874,2.1730000972747803,-0.007841575890779495,-0.04732997715473175,0.037327637369088625,0.19403919577598572,-2933.8878736003844,-2933.984668657799,-14.980680892469435,0.30483104493441715,-0.341485558032673,False
327,1787908956.1211693,6615.99930155,32.69937014579773,24000,24000,4500,527,1.970407968454162,0.13629349927595708,1.8300000429153442,2.2572000503540037,-0.005385873839259148,-0.05101663991808891,0.03583880552050407,0.16041883826255798,-2943.1536815928202,-2942.982152025696,-15.005428270566249,-0.04958536794356405,-0.7895795781819288,False
328,1787908956.2227921,6616.09993601,32.80099296569824,24000,24000,4669,559,1.973558139928978,0.14427918814755586,1.8258999824523925,2.2638000011444093,-0.002027592621743679,-0.0523519366979599,0.033820513701699695,0.14726784825325012,-2952.2598303917202,-2951.964837135061,-15.011095475019282,-0.010099926508701174,-0.11959633559217764,False
329,1787908956.3229344,6616.19977421,32.901135206222534,24000,24000,4540,566,1.9691254389159671,0.14402315302221874,1.8212499916553497,2.2644999623298645,-0.006383521948009729,-0.051004666835069656,0.03233597952903808,0.18173286318778992,-2961.7101189060418,-2960.9512063015814,-15.03057137921978,-0.4480002317700382,-0.43271565848544924,False
330,1787908956.4217286,6616.29959831,32.999929428100586,24000,24000,4560,586,1.9559965874147904,0.11927586178497426,1.829499989748001,2.1649999618530273,-0.0066061620600521564,-0.048330117017030716,0.030752721519333316,0.16155420243740082,-2969.439089145578,-2969.9536101510607,-15.033603595193775,0.7141016248992855,1.1444216348568261,False
331,1787908956.52172,6616.39942947,33.09992074966431,24000,24000,4567,602,1.9542657835935042,0.1146212704334748,1.8330499470233916,2.1738000273704525,-0.007952312938869,-0.04788127914071083,0.028511225193408003,0.21750642359256744,-2978.268473913338,-2978.936808780767,-15.056642843170435,0.8835229828182491,0.8820267855526254,False
332,1787908956.6216538,6616.49967581,33.199854612350464,24000,24000,4709,677,1.9494800588757109,0.11488523315061225,1.8289999961853027,2.177800035476684,-0.01143229566514492,-0.048641543835401535,0.02895901255795699,0.22838270664215088,-2987.66971009269,-2987.995157475293,-15.04555915994579,0.47592186738438613,0.42298020712087236,False
333,1787908956.721214,6616.59951831,33.29941487312317,24000,24000,4686,667,1.949997002395733,0.11865830199643275,1.829300010204315,2.1843999862670898,-0.011269394308328629,-0.047130465507507324,0.03085085862894328,0.26065805554389954,-2996.8776135894495,-2997.000558920292,-15.04555915994579,0.22803080475068782,0.6051862986178094,False
334,1787908956.821262,6616.69936861,33.39946269989014,24000,24000,4555,725,1.9502262082593194,0.11360601773477016,1.8292000055313111,2.1679999828338623,-0.0179891437292099,-0.046176664531230927,0.03315712533421889,0.25526633858680725,-3005.9863387703294,-3006.079337001658,-15.039858964774512,0.12319698455939943,0.18050335821908448,False
335,1787908956.9211473,6616.79960551,33.499348163604736,24000,24000,4533,717,1.9518521611826856,0.12182570913267605,1.8257999897003174,2.1586000442504876,-0.02076590619981289,-0.04315100237727165,0.03523239213538247,0.277750164270401,-3015.1950602282755,-3015.172737764296,-15.039478380248402,-0.09624511709307626,-0.4053950210313815,False
336,1787908957.0220504,6616.89945499,33.60025119781494,24000,24000,4631,709,1.9538970403846128,0.1269976407161949,1.821399998664856,2.1766000747680665,-0.020813286304473877,-0.04624262824654579,0.03616007831364488,0.25587812066078186,-3023.8659752804247,-3024.223745984047,-15.010280023818565,0.31369633060648994,0.17500393943419112,False
337,1787908957.1211152,6616.99929445,33.69931602478027,24000,24000,4623,664,1.957432230912059,0.147479117373812,1.826149982213974,2.2887999773025514,-0.02427554503083229,-0.05156276747584343,0.036280688503325456,0.22233846783638,-3033.255856446943,-3033.268573881251,-15.006862226486028,-0.16075939904658298,-0.24963208604549436,False
338,1787908957.225954,6617.09991923,33.80415487289429,24000,24000,4093,556,1.951776979424113,0.13536784744485916,1.826750010251999,2.2019999027252197,-0.031404588371515274,-0.04783063009381294,0.033908239694850066,0.24601151049137115,-3042.715511589027,-3042.3086001453653,-14.988016481615057,-0.1853510389814801,-0.43576433534099124,False
339,1787908957.3229039,6617.19975057,33.90110468864441,24000,24000,4276,572,1.9360052445134917,0.12285150096095929,1.8181000173091888,2.1689000248908994,-0.026493892073631287,-0.046595845371484756,0.033111717588068315,0.29669615626335144,-3051.6121502984365,-3051.3219391698644,-14.986378889432268,-0.3569065890519596,-0.5794979761335526,False
340,1787908957.4215186,6617.29960133,33.9997193813324,24000,24000,4283,644,1.9463524838782245,0.14355275135194584,1.8161499917507171,2.2173999428749087,-0.02293526940047741,-0.04118099436163902,0.03207575601845181,0.31320008635520935,-3060.4857747288397,-3060.369438395923,-15.000768956453427,-0.35561580916782987,-0.5226120564143457,False
341,1787908957.528327,6617.39941869,34.10652780532837,24000,24000,4156,688,1.9370305217629256,0.12611753877512324,1.8010499596595764,2.17979998588562,-0.021643107756972313,-0.03756225109100342,0.030326142936932463,0.2974396347999573,-3069.424824454093,-3069.287637251485,-14.982863023326827,0.3176516656926651,0.3352213742268759,False
342,1787908957.6209896,6617.49965611,34.19919037818909,24000,24000,4185,693,1.9315988467025207,0.13031083860268383,1.784000039100647,2.121000051498413,-0.01729845255613327,-0.03668105602264404,0.0291259432254575,0.28249308466911316,-3078.5559043935846,-3078.2155287402675,-14.982863023326827,-0.474179274585822,-0.8163693376450283,False
343,1787908957.7215798,6617.59948955,34.29978060722351,24000,24000,4165,714,1.943082631302147,0.13304183318874688,1.7920000553131104,2.187050032615662,-0.013219114392995834,-0.035733118653297424,0.027317397236793894,0.31925708055496216,-3087.229736683262,-3087.1595179655646,-14.972500440177498,-0.09530623881619249,-0.03520338566931969,False
344,1787908957.8217185,6617.69934257,34.399919271469116,24000,24000,4102,703,1.9484281672183346,0.13752392349117706,1.7990000247955322,2.2250000715255736,-0.012340319342911243,-0.03531444072723389,0.02782477656353324,0.2371121197938919,-3095.9775317486365,-3096.087040601418,-14.967029365351403,0.16896505455270017,0.6892674667788015,False
345,1787908957.923233,6617.79997161,34.50143384933472,24000,24000,4342,787,1.9476251580966624,0.1351596822648459,1.80829998254776,2.1262000083923334,-0.011547914706170559,-0.037618085741996765,0.029280086483309906,0.19097624719142914,-3104.7135757860788,-3105.039274991404,-14.983196965312201,0.5688139211815724,2.410647712361424,False
346,1787908958.0216384,6617.89980499,34.599839210510254,24000,24000,4207,728,1.9371607156245263,0.1095547615766689,1.8133499801158905,2.061300003528595,-0.005702437832951546,-0.04076008498668671,0.032094071854504705,0.26485997438430786,-3113.715828223438,-3113.998076184766,-14.983196965312201,0.42263772221622276,2.294351141468269,False
347,1787908958.1214476,6617.99964103,34.69964838027954,24000,24000,4320,735,1.9367564655485607,0.10505635594278308,1.8157000064849853,2.0896000146865843,-0.0027339376974850893,-0.04120829701423645,0.03268031810875911,0.2539004385471344,-3122.43622290464,-3122.9580873220384,-14.98386307471115,0.6846562572095536,1.3575827530285096,False
348,1787908958.221388,6618.09948101,34.79958891868591,24000,24000,4312,748,1.95139839591827,0.12837804600243782,1.8273499965667725,2.199599993228912,-0.0016027953242883086,-0.04429249092936516,0.032805345166230605,0.24707195162773132,-3131.445540114495,-3131.9227149215953,-14.982452969721509,0.6695748985312093,1.011769051873216,False
349,1787908958.3214,6618.19931603,34.89960074424744,24000,24000,4373,696,1.9509109186715092,0.12823823083778224,1.8300000429153442,2.177750051021576,-0.00160972960293293,-0.0438627265393734,0.033980049860693244,0.2898809313774109,-3140.7990192773786,-3140.919496693085,-14.986972785552808,0.3167471364777157,0.37012028363506033,False
350,1787908958.4221768,6618.29996593,35.0003776550293,24000,24000,4330,710,1.9427830978178642,0.10214926374846672,1.8350000381469727,2.1287000179290767,-0.0036197886802256107,-0.050089552998542786,0.03426113320753036,0.2524760365486145,-3149.92863461591,-3149.913938324201,-15.026176321095159,0.2566377099460624,0.5944510269446255,False
351,1787908958.521933,6618.39981585,35.10013389587402,24000,24000,4287,680,1.9499132336939082,0.10753446053139556,1.8329999446868896,2.1223499774932857,-0.005807804875075817,-0.05241506174206734,0.033365316297851874,0.24303297698497772,-3159.605892021855,-3158.9436500777747,-15.026176321095159,-0.4429698644967175,-0.3552991372921497,False
352,1787908958.6226146,6618.49965831,35.20081543922424,24000,24000,4290,668,1.9586017972337986,0.12397736638727709,1.8086999595165252,2.220300006866455,-0.004660407081246376,-0.054952654987573624,0.03145358605152026,0.2283802628517151,-3168.139995541443,-3167.971804803234,-15.04815201219518,0.0838498527923548,0.21616710510306802,False
353,1787908958.7209346,6618.59950809,35.29913544654846,24000,24000,4377,680,1.9496338232475168,0.11913548343191457,1.808950012922287,2.1677500486373895,-0.008290995843708515,-0.049659792333841324,0.03055300387014859,0.19575746357440948,-3177.040700420763,-3177.014224449251,-15.04815201219518,0.031539717631858366,0.21448732786211622,False
354,1787908958.821956,6618.69935167,35.4001567363739,24000,24000,4538,708,1.9495663856719174,0.11346270241553934,1.8023500204086305,2.139650046825409,-0.008262258023023605,-0.049226511269807816,0.02876044335126915,0.24493490159511566,-3186.375606239207,-3186.126236596723,-15.085832668804345,-0.21186708381128483,0.14764460181186223,False
355,1787908958.9222796,6618.79999351,35.50048041343689,24000,24000,4370,719,1.9407093175097534,0.11123051123398768,1.8029999732971191,2.1432998895645143,-0.008755392394959927,-0.050066184252500534,0.027848056092620612,0.22333718836307526,-3195.1179815513,-3195.224418578944,-15.059754827997066,0.07447435257608959,0.10991487580167814,False
356,1787908959.0222127,6618.89983613,35.60041356086731,24000,24000,4280,721,1.9364590856470116,0.12233587545051051,1.805999994277954,2.177000045776367,-0.008661927655339241,-0.05106619745492935,0.026054484903245228,0.18050739169120789,-3204.2472194411043,-3204.312887171139,-15.036036697227374,-0.06119284337364661,0.27561410583439283,False
357,1787908959.1218815,6618.99967373,35.700082302093506,24000,24000,4272,750,1.934268001874288,0.12001617095943479,1.7899999618530273,2.1392000555992126,-0.011493979953229427,-0.048313140869140625,0.02610220418063827,0.1740385890007019,-3212.808715836714,-3213.3499044368546,-15.020307214787074,0.3470859880944772,0.8461379619043328,False
358,1787908959.221052,6619.09952223,35.79925274848938,24000,24000,4384,769,1.9232652824473784,0.09130338105967116,1.815999984741211,2.059800100326538,-0.018521321937441826,-0.04638883098959923,0.026212449910938216,0.1611156016588211,-3222.0017321405535,-3222.3240569490517,-15.020307214787074,0.07900043381823707,0.09063978151743868,False
359,1787908959.3214567,6619.19935349,35.89965748786926,24000,24000,4228,752,1.929368351843763,0.10868304125085466,1.815000057220459,2.1150499820709223,-0.016039550304412842,-0.048424478620290756,0.02798774454478419,0.1884666085243225,-3231.187527630927,-3231.3224759053583,-15.000799296841945,-0.07078303422076715,0.3450943511775222,False
360,1787908959.422157,6619.29999267,36.00035786628723,24000,24000,4220,743,1.936586811757505,0.12779548315009445,1.8100999474525452,2.1519999504089355,-0.013110727071762085,-0.048021089285612106,0.030824518198115533,0.21206218004226685,-3240.5088653547364,-3240.30696927602,-14.984629740449643,-0.32950244281619234,-0.30294667007365206,False
361,1787908959.5242279,6619.39982917,36.102428674697876,24000,24000,4196,687,1.9366972316300504,0.12519109063533318,1.8019000053405763,2.1446000576019273,-0.016051704064011574,-0.044434014707803726,0.03356892680462755,0.1713067889213562,-3249.2601366452777,-3249.2904600646552,-14.97681327214247,0.10517762336439773,0.0730722084226727,False
362,1787908959.6220822,6619.49967395,36.20028305053711,24000,24000,4439,749,1.9388571431703656,0.12754375215899416,1.8007999897003173,2.117600059509278,-0.016205258667469025,-0.046253275126218796,0.03447624493703456,0.26549994945526123,-3258.5586714827105,-3258.259578307632,-14.99262515600496,-0.38686738119349684,-0.38489227400486925,False
363,1787908959.722363,6619.59952183,36.30056381225586,24000,24000,4388,655,1.941990839616033,0.13327414128001655,1.7996999740600585,2.168600010871887,-0.01795678399503231,-0.0435965396463871,0.0374740906799856,0.2855702042579651,-3268.0221706882044,-3267.192200607061,-15.013271911404894,-0.8255120420121784,-0.9803775007053446,False
364,1787908959.8236284,6619.69936909,36.4018292427063,24000,24000,4459,622,1.9371061091254378,0.1251496805480813,1.7701499819755555,2.1609500169754026,-0.011832413263618946,-0.04439505562186241,0.03811316671728955,0.19617845118045807,-3276.0957326186176,-3276.2096316979673,-15.012904597448902,0.2143966928883856,0.16062082416192425,False
365,1787908959.921565,6619.79960703,36.49976587295532,24000,24000,4496,560,1.9437999995691435,0.11877997404285685,1.804949951171875,2.1453499794006343,-0.010583752766251564,-0.048191554844379425,0.038281258274074276,0.09810863435268402,-3285.0197044747733,-3285.2346360555694,-15.01391239651489,0.10431722690054812,0.5315345301187335,False
366,1787908960.021823,6619.89946561,36.60002374649048,24000,24000,4521,519,1.9563410378604955,0.12124056656391538,1.8273999571800232,2.180999994277954,-0.005393330007791519,-0.04798942059278488,0.037226790462003355,0.08863481134176254,-3293.647052356529,-3294.2830195676247,-14.997197156392573,0.49976404779090444,1.1379914060898955,False
367,1787908960.1211748,6619.99928575,36.69937562942505,24000,24000,4669,537,1.9733836102530056,0.14447447793894092,1.8268000125885009,2.2543999671936037,-0.0038520153611898422,-0.049369875341653824,0.03590147061574648,0.07624827325344086,-3303.063705804382,-3303.282064936878,-14.997888578139827,0.024369888921228267,0.13369681489348295,False
368,1787908960.2229795,6620.09993385,36.801180362701416,24000,24000,4535,548,1.9679051072058016,0.12903906384213276,1.8259999752044678,2.2416000485420224,-0.0021361643448472023,-0.05033024027943611,0.03417618160453855,0.1116674542427063,-3312.4664836659445,-3312.2564039062795,-14.983735639705989,-0.2164022795100209,-0.21906766375605002,False
369,1787908960.322969,6620.19975615,36.901169776916504,24000,24000,4549,567,1.968363317442529,0.13556237770183205,1.8172000050544739,2.2590000867843623,-0.004167068749666214,-0.05055835098028183,0.032044655921937996,0.09345103055238724,-3320.7922954090636,-3321.205350166526,-14.974621501143432,0.456420449547295,0.3814930423450278,False
370,1787908960.422146,6620.29959503,37.00034689903259,24000,24000,4663,623,1.9578539377996282,0.11795709105281327,1.8202000498771667,2.194000005722046,-0.006229541264474392,-0.04720889776945114,0.030691732289174593,0.10418739914894104,-3329.928277357853,-3330.1388727934373,-14.991689882131025,0.2459700375798093,0.24603348707250916,False
371,1787908960.5221188,6620.39943629,37.100319623947144,24000,24000,4800,668,1.958552395869158,0.12726556210206488,1.8370000123977661,2.2195000529289244,-0.005618053488433361,-0.04730667918920517,0.027960732216027632,0.12830117344856262,-3338.764744408002,-3339.173454105204,-14.989724766353438,0.4066354914607473,0.510382787439994,False
372,1787908960.6219115,6620.49967837,37.20011234283447,24000,24000,4589,650,1.9538230771284837,0.11800368585107905,1.8404500007629394,2.1724499702453604,-0.011643161997199059,-0.04768551513552666,0.028260489356520563,0.12366152554750443,-3348.7130563835635,-3348.2129047730664,-14.967559497751871,-0.5607437793637473,-0.40354364036966217,False
373,1787908960.72197,6620.59951627,37.3001708984375,24000,24000,4588,706,1.9493711033556347,0.11696534422310091,1.8312499821186066,2.1699999570846558,-0.01485866867005825,-0.046952322125434875,0.031652899261164845,0.0885477364063263,-3358.2039305985936,-3357.2108071555645,-14.973310554171272,-1.0467610827536191,-1.0352156061212554,False
374,1787908960.822428,6620.69936749,37.40062880516052,24000,24000,4537,720,1.9450222227308485,0.11243003110296541,1.818950003385544,2.1610000133514404,-0.0166536346077919,-0.044151704758405685,0.033249038690205845,0.1363159418106079,-3366.0696241259648,-3366.258758498708,-14.987898780742391,0.12834225359029006,-0.0033027191584551474,False
375,1787908960.9211872,6620.79961049,37.499387979507446,24000,24000,4708,735,1.948360545456815,0.11625902113695187,1.8300000429153442,2.135200047492981,-0.02289373241364956,-0.045508041977882385,0.03521893947488743,0.2116951197385788,-3375.2586248179628,-3375.2672355413633,-14.983271033662211,-0.172740475309638,-0.43254742314775285,False
376,1787908961.0216722,6620.89945607,37.599873065948486,24000,24000,4540,664,1.9552439779761326,0.12328359907123591,1.8282999634742736,2.181249940395355,-0.02187233418226242,-0.04363441467285156,0.036053133539971825,0.19541360437870026,-3383.5370487111877,-3384.2270375901703,-14.973626832167293,0.592078557590412,0.5431634282945197,False
377,1787908961.1215954,6620.99930409,37.699796199798584,24000,24000,4490,623,1.9530449426384646,0.13207436574148684,1.819000005722046,2.1670000553131104,-0.022173458710312843,-0.05069127306342125,0.035918172005794086,0.13717582821846008,-3393.1734230647153,-3393.125270805831,-14.96085658654384,-0.05162628297057381,0.41301401761438683,False
378,1787908961.2254946,6621.09992963,37.80369544029236,24000,24000,4074,554,1.9530649839325502,0.14579168175094728,1.8265999674797058,2.2792000412940983,-0.025903070345520973,-0.051049668341875076,0.03437734737422215,0.15142607688903809,-3401.9272365716324,-3402.0600585961324,-14.986116324708753,0.545062905618579,0.6649229860490777,False
379,1787908961.3225973,6621.19975339,37.900798082351685,24000,24000,4477,622,1.9434678441458577,0.1276112551854197,1.820100051164627,2.172900092601776,-0.019260670989751816,-0.04794491082429886,0.033747688905379054,0.2566417455673218,-3411.2852678987015,-3411.1094362715307,-14.985816323063295,-0.07413152522804012,0.2707087378248616,False
380,1787908961.4216392,6621.29958373,37.99984002113342,24000,24000,4259,622,1.941278137578075,0.1354072349345722,1.810049945116043,2.196850025653839,-0.021958261728286743,-0.04129481688141823,0.03205541949443187,0.28249162435531616,-3420.775090431699,-3420.0259541189016,-14.974236968966487,-0.6505884633897949,-0.15999394264463263,False
381,1787908961.5217562,6621.39942821,38.09995698928833,24000,24000,4199,679,1.9433829148844521,0.12891393288556705,1.8098999500274657,2.1712000131607057,-0.020591329783201218,-0.03738117218017578,0.030786959103177147,0.26084452867507935,-3428.7804364122526,-3428.9897939682187,-14.978388796193798,0.35417935620944263,0.13435484612045911,False
382,1787908961.6213093,6621.49967177,38.19951009750366,24000,24000,4212,683,1.9381683754187902,0.13920050126863237,1.7890000343322754,2.1564999818801875,-0.018321441486477852,-0.035935234278440475,0.02981447972906821,0.189833402633667,-3437.215553734774,-3437.9201210094966,-14.978142153200002,0.878430767179907,1.0436181946010947,False
383,1787908961.723504,6621.59950987,38.30170488357544,24000,24000,4317,754,1.9388275853202577,0.1252262535105759,1.7970000505447388,2.15319995880127,-0.015904780477285385,-0.03425230085849762,0.02837829680419144,0.25455111265182495,-3446.9258344353216,-3446.993960686539,-15.030090641485648,0.36525890101347613,1.4556756088886686,False
384,1787908961.821574,6621.69936351,38.39977478981018,24000,24000,4310,785,1.9451401291379504,0.1332710371954434,1.802400040626526,2.154399967193603,-0.010434893891215324,-0.03735198825597763,0.02765811662807402,0.23918190598487854,-3455.920256609578,-3456.121554920393,-15.030090641485648,0.19672340540819278,0.18627166600754208,False
385,1787908961.9216259,6621.79961053,38.49982666969299,24000,24000,4217,733,1.94326739259176,0.13295740212978246,1.809999942779541,2.1517999172210693,-0.010607828386127949,-0.03572722524404526,0.029027923927999407,0.15896925330162048,-3464.618362137906,-3465.185980925497,-15.032100233173137,0.5028740014618052,0.5425097414981792,False
386,1787908962.0226762,6621.89944329,38.60087704658508,24000,24000,4280,742,1.942727764340424,0.12246557591580284,1.812000036239624,2.120700049400329,-0.006681961473077536,-0.03898311033844948,0.03055889305662987,0.16237220168113708,-3474.1273264292045,-3474.1921272719387,-15.007310354734967,0.08802644307661467,-0.5131022046234648,False
387,1787908962.1219435,6621.99928099,38.70014429092407,24000,24000,4235,724,1.947488949443754,0.11822696223366498,1.8211499869823455,2.1653998970985415,-0.0052540916949510574,-0.041780225932598114,0.03317490713405037,0.1659976989030838,-3483.64772998025,-3483.147671811186,-15.02597967216704,-0.4987349431567054,-0.6704339175657879,False
388,1787908962.2260535,6622.09990751,38.80425429344177,24000,24000,4365,754,1.948620689010114,0.1225175906539164,1.8216500103473663,2.1795499563217167,-0.004631631076335907,-0.04705596715211868,0.03358662227529872,0.18482814729213715,-3492.7189870753277,-3492.1922915487944,-15.028231035976338,-0.2005216307079536,-0.5459216449935411,False
389,1787908962.3220532,6622.19974651,38.900254011154175,24000,24000,4285,700,1.9529814291000367,0.12061757525342023,1.8299500405788423,2.1707500696182245,-0.0020171620417386293,-0.043635156005620956,0.033600381205116846,0.20667697489261627,-3500.6331571399446,-3501.2229697774465,-15.02748524302505,0.5248865631074295,0.6535997681658046,False
390,1787908962.4268205,6622.29959877,39.00502133369446,24000,24000,4054,633,1.9540426548435037,0.1203387910354736,1.8296000242233277,2.1274000644683837,-0.005696804728358984,-0.046969614923000336,0.03377978086246238,0.19938938319683075,-3510.864981130148,-3510.279953493126,-15.048299551879955,-0.2783109312886154,-0.09874720196648923,False
391,1787908962.5217655,6622.39944237,39.099966287612915,24000,24000,4285,701,1.9512967175661922,0.11116381674945969,1.8279999494552612,2.1700000762939453,-0.0026379418559372425,-0.05052652955055237,0.03301836088507972,0.23342034220695496,-3519.4608732703996,-3519.379177464691,-15.047689972904129,-0.32954919996154786,-0.3420961288147737,False
392,1787908962.621585,6622.49928233,39.1997857093811,24000,24000,4407,742,1.9538248014257282,0.11328409687420124,1.8191000044345855,2.159950077533722,-0.0020761943887919188,-0.0570816695690155,0.03153301969235696,0.19087225198745728,-3528.823598112086,-3528.423860533156,-15.026371120834503,-0.7089381878768108,-0.48102971762637026,False
393,1787908962.7228203,6622.59991213,39.301021099090576,24000,24000,4301,673,1.9445557245350875,0.1170107242508267,1.8039999961853028,2.1423999309539794,-0.006693013943731785,-0.05203385278582573,0.029992555031373706,0.15302731096744537,-3536.8744807223165,-3537.422574701005,-15.00673360437016,0.3509463245432016,0.7268680160473195,False
394,1787908962.8231623,6622.69975853,39.401363134384155,24000,24000,4348,675,1.9354829618665907,0.11358984650398457,1.7869999408721924,2.134900069236755,-0.009746132418513298,-0.04968717694282532,0.0284719754142178,0.23837104439735413,-3545.84125999762,-3546.4201306884147,-14.986096404718586,0.4145359626809295,0.8123789840028621,False
395,1787908962.9219568,6622.79960069,39.500157594680786,24000,24000,4427,752,1.9466861716293273,0.12608541223833744,1.799099963903427,2.1927999615669247,-0.008630674332380295,-0.0497596301138401,0.027733681245047007,0.1848050355911255,-3554.6372629789994,-3555.4054093982522,-14.965392613592945,0.509626534194922,0.9726113874571638,False
396,1787908963.023094,6622.89943319,39.60129475593567,24000,24000,4433,750,1.937627997080485,0.11447560060316256,1.8139000058174133,2.143100011348724,-0.01196564082056284,-0.050391290336847305,0.026695749539549247,0.1793970912694931,-3564.6851980447163,-3564.3432012856238,-14.951451029210167,-0.43638156424776753,-0.336232540920264,False
397,1787908963.122826,6622.99967595,39.701026916503906,24000,24000,4230,760,1.9348605246920334,0.12055393268838412,1.8069500386714936,2.1310500383377073,-0.01369054988026619,-0.05083103105425835,0.026645664466207593,0.14557673037052155,-3573.8606581291315,-3573.273026021837,-14.958492294710773,-0.6363589426287035,-0.7096358564372167,False
398,1787908963.2233877,6623.09953009,39.80158853530884,24000,24000,4160,738,1.9263008152889365,0.10538119223860522,1.809999942779541,2.0641499161720276,-0.01871647872030735,-0.04799998551607132,0.027077358555059414,0.14447155594825745,-3582.316493011872,-3582.228928029788,-14.96970900924279,-0.042063302458245744,0.15373192117795043,False
399,1787908963.3215427,6623.19936233,39.89974355697632,24000,24000,4136,696,1.9283290227939343,0.11476235132746944,1.8085000216960907,2.0959999561309814,-0.01663609780371189,-0.04640559107065201,0.028086665117324435,0.14388033747673035,-3591.238951194986,-3591.1738084324306,-14.97139774072607,-0.13097476937446118,-0.1321103478785517,False
400,1787908963.4242604,6623.29960269,40.002461194992065,24000,24000,4304,742,1.9327951486541255,0.1281007881604085,1.7999999523162842,2.0969498872756955,-0.013164440169930458,-0.04852326214313507,0.030609264910775067,0.20592249929904938,-3600.199654634615,-3600.0641763588405,-14.992478050597027,0.15248514173617878,0.23853477098373332,False
401,1787908963.5226047,6623.39943577,40.10080552101135,24000,24000,4321,735,1.9366204067152373,0.12956970674861237,1.8067999839782716,2.12590000629425,-0.016475860029459,-0.045276328921318054,0.03336111664775869,0.19283932447433472,-3609.288739349348,-3609.0994108282625,-15.006900776394511,-0.08601624668108343,0.11911869568029942,False
402,1787908963.6235974,6623.49928403,40.2017982006073,24000,24000,4285,675,1.9378385190610532,0.12092185030498072,1.812399971485138,2.1146000385284425,-0.015501689165830612,-0.045603763312101364,0.03471126938040785,0.29004544019699097,-3618.0970451675867,-3618.1195857417297,-15.029528199054255,0.19460214954415278,0.8078438719767291,False
403,1787908963.721278,6623.59992237,40.29947876930237,24000,24000,4377,662,1.9399169191853158,0.11734702469987526,1.8009999990463257,2.1347999215126023,-0.015978213399648666,-0.04554392397403717,0.03659829435536943,0.3250461220741272,-3626.698698857756,-3627.128377410143,-15.029528199054255,0.3837963668388511,0.9304513538654646,False
404,1787908963.8231025,6623.69976309,40.4013032913208,24000,24000,4518,670,1.9472343268679149,0.1410140919552715,1.7557999789714813,2.1835500478744505,-0.012820270843803883,-0.04539641737937927,0.037630809485004545,0.18656788766384125,-3635.937186491921,-3636.168345309466,-15.0379862815702,0.30909533089288743,0.3534447361025741,False
405,1787908963.9217255,6623.79960109,40.49992632865906,24000,24000,4656,612,1.947692807203804,0.14140978337808519,1.7840999782085418,2.1750500321388238,-0.007618848700076342,-0.044519342482089996,0.037671394373495426,0.18985098600387573,-3644.801074824623,-3645.189847328375,-15.02664282936432,0.3208731925515167,0.2921041333070207,False
406,1787908964.022748,6623.89943347,40.60094881057739,24000,24000,4536,548,1.9554562074859647,0.11690572970118962,1.8289999961853027,2.1786000847816465,-0.005328688304871321,-0.04783489182591438,0.037016649169379495,0.20931440591812134,-3653.7365247048747,-3654.1682335723826,-15.012500287101,0.4770296127394431,1.1334810949983876,False
407,1787908964.1229196,6623.99966127,40.701120376586914,24000,24000,4530,501,1.9738822375942846,0.1436711393661299,1.8300000429153442,2.26200008392334,-0.00456019164994359,-0.04888332635164261,0.03608625981003305,0.19571557641029358,-3663.0418461423624,-3663.201651147354,-15.044722123041089,0.18673555691202637,0.5278780957351046,False
408,1787908964.2219865,6624.09950421,40.80018734931946,24000,24000,4583,565,1.966465482458604,0.129370095267602,1.8374000072479248,2.232399892807006,-0.004404521081596613,-0.04838623106479645,0.03480407748323091,0.21417444944381714,-3672.2616129040134,-3672.2554179222593,-15.050214471688179,-0.11741265768341691,0.038088418112693034,False
409,1787908964.324511,6624.19935947,40.90271186828613,24000,24000,4748,618,1.9638317123200129,0.13044582746958094,1.8200000524520874,2.2148999929428097,-0.0029667022172361612,-0.04867963120341301,0.032265329220759344,0.21380223333835602,-3681.897169704509,-3681.3083236149205,-15.062324102671512,-0.5261860245618664,-0.8803284479972717,False
410,1787908964.4217722,6624.29960037,40.99997305870056,24000,24000,4549,597,1.9501775523126625,0.10570726021941516,1.813800001144409,2.1679999828338623,-0.00629365723580122,-0.048396531492471695,0.030048254821760642,0.22404471039772034,-3690.8667392914977,-3690.3619340795976,-15.062324102671512,-0.7426500179371942,-1.1170344503257184,False
411,1787908964.5224679,6624.39945931,41.10066866874695,24000,24000,4597,621,1.951995172938287,0.12045386833991373,1.8259999752044678,2.180999994277954,-0.007017189171165228,-0.048288971185684204,0.027972163653747762,0.19771166145801544,-3699.2528521854647,-3699.377214128847,-15.0692001352871,-0.06657373044663473,-0.5688926922616702,False
412,1787908964.6213896,6624.49929985,41.19959044456482,24000,24000,4573,633,1.9560995229989244,0.12255167160571752,1.8335999727249146,2.22039999961853,-0.009923746809363365,-0.04762784019112587,0.028262474395911685,0.2234381139278412,-3708.274645830545,-3708.46976809638,-15.07820787616393,-0.18581595134537565,-0.24272397183131034,False
413,1787908964.7226574,6624.59993869,41.30085825920105,24000,24000,4789,732,1.9475874304771423,0.11105154229640063,1.8375500380992889,2.1579999923706055,-0.0166285652667284,-0.04713069275021553,0.031856972101073154,0.1659584790468216,-3718.24450539613,-3717.5234220874563,-15.054885055198952,-1.0419902847384037,-0.8143889228467742,False
414,1787908964.8220766,6624.69977909,41.40027737617493,24000,24000,4570,723,1.9509585094979525,0.1234700108402689,1.8241999983787536,2.169900059700012,-0.016030287370085716,-0.04660799726843834,0.03373145464406295,0.20774641633033752,-3726.1293029562735,-3726.586758470567,-15.030855207952682,0.02052223006330678,0.22240335542437606,False
415,1787908964.9211054,6624.79962223,41.499306201934814,24000,24000,4516,704,1.9470596570860257,0.12055393575139017,1.8151500463485717,2.1446999669075013,-0.018501143902540207,-0.04433611035346985,0.034471062140888346,0.2633860111236572,-3735.097965391574,-3735.5931154061,-15.0229704151917,-0.03595472823053569,0.27892268432970013,False
416,1787908965.021755,6624.89946693,41.599955797195435,24000,24000,4546,683,1.9576500739744083,0.13679908659625536,1.8210999846458436,2.258700060844421,-0.021522318944334984,-0.04337204247713089,0.03637649364315176,0.2805459797382355,-3744.1772950536797,-3744.5869632683816,-15.011547880340478,-0.05723634962532742,0.2660058390820268,False
417,1787908965.1210382,6624.99931135,41.699239015579224,24000,24000,4535,630,1.9586714286652822,0.13358494274936739,1.8289999961853027,2.2157499909400937,-0.02167801558971405,-0.05086288973689079,0.03580358083359358,0.23602165281772614,-3753.413413401473,-3753.568302057469,-14.990534063251097,-0.35827493452325143,-0.0033804413665166066,False
418,1787908965.2210906,6625.09994633,41.799291372299194,24000,24000,4443,579,1.9462331601375125,0.13921790563373151,1.8177999615669251,2.232500100135803,-0.025228308513760567,-0.05175436660647392,0.03485510264076881,0.27593713998794556,-3762.666098993939,-3762.5371317733616,-14.97205894713838,-0.6066614892320104,-0.6460449900309868,False
419,1787908965.321861,6625.19977703,41.90006184577942,24000,24000,4296,606,1.9381551148474414,0.13047314408920324,1.8102499544620514,2.2024999856948853,-0.024455014616250992,-0.04929548129439354,0.03334886804380877,0.26726916432380676,-3771.4109868375344,-3771.4934524160594,-14.959069825063487,-0.28262275139832127,-0.4034806889776519,False
420,1787908965.4223979,6625.29962805,42.000598669052124,24000,24000,4262,635,1.9372236251831054,0.1308752415952256,1.812999963760376,2.1685000419616687,-0.023241588845849037,-0.04032709449529648,0.03245455460491358,0.32902389764785767,-3780.384699422208,-3780.4372639855624,-14.976537441365176,-0.2084363086933081,-0.37999154151020775,False
421,1787908965.5209029,6625.39947559,42.099103689193726,24000,24000,4263,685,1.9345532854108045,0.12384017062548508,1.7992000102996826,2.1383999347686764,-0.01969914324581623,-0.03498304635286331,0.03016726908221928,0.38114532828330994,-3790.046159243969,-3789.3685664818704,-14.976537441365176,-1.004850996557252,-1.7931222660795356,False
422,1787908965.621615,6625.49932715,42.19981575012207,24000,24000,4388,747,1.9354886204363353,0.13732407399062516,1.7840000152587892,2.1746999740600583,-0.015891078859567642,-0.03522476926445961,0.02847424760854048,0.3379516005516052,-3798.179324746726,-3798.2873599049844,-14.940123890892728,-0.07434680639744329,0.3896543388241298,False
423,1787908965.7220917,6625.59996775,42.30029249191284,24000,24000,4196,730,1.9414684940690863,0.12999028181824324,1.7984499990940095,2.1735500574111937,-0.015306128188967705,-0.03716810792684555,0.028227722263908708,0.268510103225708,-3807.4663580123247,-3807.193644254903,-14.940123890892728,-0.318888129944753,-0.8081956645319224,False
424,1787908965.8219116,6625.69981737,42.40011239051819,24000,24000,4170,739,1.946265225320127,0.13082646601412007,1.8009999990463257,2.1630999565124513,-0.011259851045906544,-0.038542915135622025,0.02772160126099266,0.25946012139320374,-3815.5877072006942,-3816.0874195316273,-14.991050208761187,0.5431414488325572,0.6336954438197608,False
