frame,bag_stamp_s,header_stamp_s,angle_deg,angle_unwrapped_deg,relative_angle_deg,smoothed_angle_unwrapped_deg,batch_angle_unwrapped_deg,raw_residual_deg,heldout_residual_deg,photometric_proxy_sigma_deg,photometric_residual,status
0,1787909075.0664113,1787909075.0645554,27.322642265052515,27.322642265052515,0.0,27.211946987435027,27.889309551738013,-0.5666672866854968,-0.5780666028540974,0.08478581619654936,0.004632133467519276,registered
1,1787909075.0743623,1787909075.0736685,27.922823045728588,27.922823045728588,0.6001807806760744,28.100129305552763,28.1626891530369,-0.23986610730831284,-0.2524221207941133,0.08621191303725377,0.004477898481066469,registered
2,1787909075.1023905,1787909075.1017625,28.78630218413817,28.78630218413817,1.4636599190856538,28.977099242149293,29.005471909990955,-0.21916972585278638,-0.22781600483513242,0.11824826516766124,0.005885172822815124,registered
3,1787909075.1314034,1787909075.1305606,30.08803722503565,30.08803722503565,2.765394959983133,29.84285679722462,29.86937519549158,0.218662029544068,0.21934893576261372,0.14202790504429577,0.007094995390601034,registered
4,1787909075.1598716,1787909075.1589358,30.9052175253941,30.9052175253941,3.5825752603415872,30.69740197077874,30.72059042896321,0.18462709643089115,0.17389786692684162,0.15157294547886607,0.0077249098901023576,registered
5,1787909075.1879485,1787909075.187382,31.394163254024257,31.394163254024257,4.071520988971743,31.54073476281175,31.573937026304424,-0.1797737722801669,-0.1945458951856529,0.10569614375976272,0.00544616018215776,registered
6,1787909075.2164614,1787909075.2159169,32.35978414221678,32.35978414221678,5.037141877164265,32.37341703763538,32.42994425236874,-0.07016011015196355,-0.0722670608601943,0.11617328465400382,0.006080708053085396,registered
7,1787909075.2456846,1787909075.2448876,33.233583071732895,33.233583071732895,5.910940806680379,33.15913209347167,33.29902575076057,-0.06544267902767675,-0.06753798388954468,0.1625714752370632,0.008615197441860347,registered
8,1787909075.273894,1787909075.273235,33.90617369797289,33.90617369797289,6.583531432920371,33.945942355031846,34.14941132581317,-0.24323762784028258,-0.25144023020413275,0.0938182324367155,0.005040361711626508,registered
9,1787909075.3035452,1787909075.302766,34.714218183420485,34.714218183420485,7.391575918367967,34.8138411342768,35.03530055941815,-0.3210823759976673,-0.31542093526678805,0.13145754026068385,0.00723417462255881,registered
10,1787909075.3323076,1787909075.3313062,35.69845681254557,35.69845681254557,8.375814547493059,35.73197236258783,35.891465134492975,-0.19300832194739925,-0.198094013115095,0.13089999456978532,0.007469043097462651,registered
11,1787909075.3597562,1787909075.358827,36.63838901621324,36.63838901621324,9.31574675116072,36.62559437786363,36.717053935935354,-0.07866491972212053,-0.0821786956170385,0.12881594159973467,0.007592019993449542,registered
12,1787909075.38802,1787909075.387397,37.642573096004305,37.642573096004305,10.31993083095179,37.55230311251172,37.57411253947896,0.06846055652534133,0.058492846312447,0.16797665900404446,0.010153098138356027,registered
13,1787909075.4183106,1787909075.417578,38.49075543067246,38.49075543067246,11.16811316561994,38.502907644236544,38.4794987459312,0.011256684741253409,0.0045282380871292105,0.1647591575830109,0.010103324152756228,registered
14,1787909075.4464796,1787909075.4456093,39.41285456670464,39.41285456670464,12.090212301652127,39.445052278660455,39.32040046698693,0.0924540997177079,0.07536686379662427,0.19571606183297602,0.012152317194057117,registered
15,1787909075.4755616,1787909075.4747586,40.28510587948157,40.28510587948157,12.962463614429053,40.30174009050203,40.19483898396372,0.09026689551784983,0.08023815741749374,0.14510800212353614,0.009102937121001497,registered
16,1787909075.5025232,1787909075.5017447,41.19387614214084,41.19387614214084,13.871233877088322,41.09377340103532,41.00438533856223,0.18949080357860915,0.18229622597731598,0.16675584907400656,0.010515650326609841,registered
17,1787909075.5337412,1787909075.5327604,42.03448071471932,42.03448071471932,14.711838449666809,41.93907365007995,41.93481149436819,0.09966922035113335,0.09970955248482483,0.1373771100134407,0.00859937244695642,registered
18,1787909075.5597012,1787909075.5589013,42.82460034403754,42.82460034403754,15.501958078985028,42.82555439546451,42.71900320159196,0.10559714244558016,0.10122200309754348,0.14495726328825892,0.008859614099303418,registered
19,1787909075.587875,1787909075.587336,43.369608453986835,43.369608453986835,16.04696618893432,43.650451398265616,43.572006492001165,-0.20239803801432998,-0.19468210834867428,0.15570738629137265,0.009254390994952172,registered
20,1787909075.617016,1787909075.6159496,44.40604892682208,44.40604892682208,17.08340666176957,44.533280166284655,44.430373953223075,-0.02432502640099088,-0.005313378322760798,0.12808620348228994,0.007041344439442477,registered
21,1787909075.6455,1787909075.6447845,45.76576263631363,45.76576263631363,18.443120371261116,45.468090703498845,45.295378681797246,0.4703839545163895,0.4906601172723697,0.15969609847382185,0.007734829838817961,registered
22,1787909075.6737695,1787909075.6731088,46.39281351211041,46.39281351211041,19.070171247057896,46.34578031372992,46.145070490758066,0.2477430213523455,0.2569683612124152,0.14250859846434846,0.00657252187198963,registered
23,1787909075.7157466,1787909075.7147946,47.010748522083276,47.010748522083276,19.688106257030757,47.198476180635936,47.39558744729999,-0.3848389252167159,-0.3782421183793332,0.1204292210164561,0.005383115644296378,registered
24,1787909075.731804,1787909075.7307243,48.33491951450522,48.33491951450522,21.01227724945271,48.1155097260524,47.87345639220709,0.46146312229813446,0.46174719931769204,0.13055492332168803,0.005833072434333275,registered
25,1787909075.7595527,1787909075.7587614,49.00609240217629,49.00609240217629,21.683450137123778,48.955635878426506,48.71452976672882,0.29156263544746963,0.28382892344502153,0.12409039751465391,0.0056813178513309874,registered
26,1787909075.7879305,1787909075.7873442,49.39154249336124,49.39154249336124,22.068900228308728,49.71285040935523,49.571974590570946,-0.18043209720970665,-0.1698187598310028,0.1429722984356445,0.006658915166133278,registered
27,1787909075.8166025,1787909075.8159065,50.56136736729297,50.56136736729297,23.23872510224046,50.566643694180534,50.42880432282655,0.1325630444664263,0.1509360374519062,0.09146811527675025,0.0044882994634822026,registered
28,1787909075.845251,1787909075.8445895,51.749586148844514,51.749586148844514,24.426943883792,51.438588955884484,51.28925308232379,0.46033306652072525,0.4686087024180132,0.09580902934577891,0.004895129990850081,registered
29,1787909075.8739002,1787909075.8733754,52.1466082729461,52.1466082729461,24.82396600789358,52.209589031864624,52.15279160420915,-0.006183331263052594,0.007770479019992393,0.06681085288675521,0.00344601032964055,registered
30,1787909075.9022703,1787909075.9016876,52.83145552434132,52.83145552434132,25.508813259288804,53.027876003926536,53.0021186495547,-0.17066312521338745,-0.18780679291491964,0.06998653334420828,0.003650832241738408,registered
31,1787909075.9308314,1787909075.9301276,54.08073980845674,54.08073980845674,26.758097543404226,53.92603163649898,53.855279288974415,0.22546051948232915,0.26912648360236346,0.09998191011986254,0.005244486161337684,registered
32,1787909075.959723,1787909075.9588695,54.812925379515384,54.812925379515384,27.49028311446287,54.74904140553482,54.717494648725975,0.09543073078941333,0.1207397859728836,0.07545891997583774,0.003947417417295962,registered
33,1787909075.9878764,1787909075.9873161,55.310544352594,55.310544352594,27.987902087541485,55.53882440330317,55.57085555052269,-0.2603111979286865,-0.2185286894395162,0.12287889391911294,0.006414717953710245,registered
34,1787909076.0164983,1787909076.0158284,56.445459777055646,56.445459777055646,29.12281751200313,56.455462425424216,56.42618331495073,0.01927646210491929,0.050715310184305196,0.07860139439791458,0.0041158621267035,registered
35,1787909076.045306,1787909076.0446842,57.65636333075179,57.65636333075179,30.33372106569927,57.388385297372835,57.29181743956692,0.36454589118486425,0.40191752827684724,0.12321950461592368,0.006614547028632002,registered
36,1787909076.0737822,1787909076.0731423,58.11210736783026,58.11210736783026,30.789465102777744,58.232382718475236,58.14552164829565,-0.03341428046539008,-0.047396633246354014,0.06844401744962177,0.0037274285013921328,registered
37,1787909076.103083,1787909076.1024878,58.88509411437193,58.88509411437193,31.562451849319416,59.093023236269886,59.02584644871091,-0.1407523343389805,-0.14190181458402762,0.0789128516830573,0.0044120399007037785,registered
38,1787909076.1308498,1787909076.1302938,60.274006541784615,60.274006541784615,32.9513642767321,60.04852752037654,59.85998931454263,0.4140172272419811,0.4355987666618901,0.08343180379179446,0.004833681440913578,registered
39,1787909076.1595306,1787909076.15885,61.01299994423526,61.01299994423526,33.69035767918275,60.89861810454254,60.71663308887672,0.2963668553585421,0.3226466103764807,0.08243722890634769,0.004805458254469713,registered
40,1787909076.1878617,1787909076.187334,61.44083338028453,61.44083338028453,34.11819111523202,61.672749402900095,61.57111689043023,-0.13028351014569495,-0.09622246181197625,0.09362002770502936,0.0054521850897703665,registered
41,1787909076.2168667,1787909076.2162178,62.52844765821405,62.52844765821405,35.20580539316153,62.54748713167051,62.4375878256932,0.09085983252084162,0.12169125400551195,0.0559638625783139,0.0032140720600622287,registered
42,1787909076.245199,1787909076.2445323,63.799126543301156,63.799126543301156,36.47648427824865,63.450942133811424,63.28698639331627,0.5121401499848943,0.5349799179208148,0.10565175160055677,0.005930261959125321,registered
43,1787909076.2738209,1787909076.2732134,63.980957006239464,63.980957006239464,36.65831474118695,64.24224622825923,64.14737793499151,-0.1664209287520464,-0.14011209492132792,0.0864923681452243,0.004842734000569858,registered
44,1787909076.3024955,1787909076.3018541,64.80623297497792,64.80623297497792,37.48359070992541,65.06789197710592,65.00656075017694,-0.20032777519902112,-0.18368140841759129,0.09148384057501073,0.005094642935958559,registered
45,1787909076.3308444,1787909076.3302803,66.27485252675096,66.27485252675096,38.952210261698454,65.98608779814384,65.85930656038714,0.4155459663638297,0.43184692523939106,0.09651696592063831,0.005495187007628758,registered
46,1787909076.359467,1787909076.3588605,67.07871440345012,67.07871440345012,39.75607213839761,66.83041077738487,66.71667270972401,0.3620416937261197,0.3773545532149143,0.08069952758390252,0.00472869389541991,registered
47,1787909076.3884704,1787909076.3876588,67.29117406636398,67.29117406636398,39.968531801311464,67.64050590847422,67.58058314745239,-0.289409081088408,-0.277701271364748,0.08646567144819822,0.005112482102274626,registered
48,1787909076.4167273,1787909076.4159617,68.4553579723801,68.4553579723801,41.132715707327584,68.54681911533125,68.42963125591568,0.02572671646441904,0.04078845479993731,0.05765159592348208,0.003598287496972143,registered
49,1787909076.4456804,1787909076.4448805,69.73192174318496,69.73192174318496,42.40927947813244,69.4354592652684,69.29715356865795,0.434768174527008,0.4429224379054233,0.08657457504757975,0.005699582134940205,registered
50,1787909076.473677,1787909076.4731061,70.11704096908689,70.11704096908689,42.79439870403438,70.20569409778841,70.14388435533014,-0.026843386243257328,-0.010892365719215036,0.0645354280787216,0.00429954412305443,registered
51,1787909076.5022879,1787909076.5017173,70.88731734691271,70.88731734691271,43.5646750818602,71.00695808071649,71.00218029427455,-0.11486294736184277,-0.09385941667257924,0.08368577935104259,0.005662970405988275,registered
52,1787909076.5307257,1787909076.5301738,72.05935912568708,72.05935912568708,44.73671686063457,71.92277716555922,71.85583443740903,0.20352468827805126,0.2184121263852532,0.11218791651708326,0.00759906098193772,registered
53,1787909076.5596218,1787909076.5590556,72.9444438581818,72.9444438581818,45.621801593129284,72.74634434248831,72.72224815485,0.22219570333179206,0.23935753625377743,0.08751512206357971,0.005840887339895178,registered
54,1787909076.5878785,1787909076.5873759,73.18752623860968,73.18752623860968,45.86488397355716,73.55396287754905,73.57181837593907,-0.38429213732939616,-0.3700324318673722,0.08084922116218687,0.005366098034854295,registered
55,1787909076.6166675,1787909076.6160433,74.3492806979988,74.3492806979988,47.02663843294628,74.48184976781778,74.43180224063255,-0.08252154263375644,-0.08059832016264323,0.08010036768426074,0.0051697474620008,registered
56,1787909076.6454122,1787909076.6445794,75.74139837060785,75.74139837060785,48.418756105555346,75.41497943562175,75.28784522783562,0.45355314277224323,0.4579700968390199,0.12418531895071114,0.007873759298559343,registered
57,1787909076.6738212,1787909076.6733015,76.19878013417248,76.19878013417248,48.876137869119965,76.25766192901554,76.1494669526839,0.04931318148857855,0.05867762395781995,0.10052683011657321,0.006376291126172612,registered
58,1787909076.7024019,1787909076.70174,77.01922713854755,77.01922713854755,49.69658487349504,77.10064135592509,77.00258467873711,0.01664245981044843,0.03739102637326397,0.08352653100181145,0.0053344904823107485,registered
59,1787909076.7307777,1787909076.730279,78.21195583647582,78.21195583647582,50.889313571423315,78.05196975349305,77.85871349267317,0.3532423438026484,0.37008931518712984,0.10944190655022643,0.007091689823167334,registered
60,1787909076.7595325,1787909076.7588625,78.95617593790462,78.95617593790462,51.6335336728521,78.88081462516736,78.71617977319855,0.23999616470606355,0.25901366981644713,0.09936041873692719,0.006472429736840982,registered
61,1787909076.788555,1787909076.7876718,79.34275965769739,79.34275965769739,52.02011739264488,79.63794823895759,79.58041921340345,-0.23765955570605257,-0.2086432743398774,0.09409269723154867,0.006131634508784105,registered
62,1787909076.817563,1787909076.8167522,80.45953130351084,80.45953130351084,53.13688903845833,80.4985826890913,80.45279073656039,0.0067405669504481125,0.02828328783314049,0.07266532226166798,0.0046894644189952785,registered
63,1787909076.8457303,1787909076.8448877,81.73455103044326,81.73455103044326,54.41190876539075,81.36885386923444,81.296817981143,0.43773304930026313,0.4657535429954862,0.1335677143924884,0.008375132452348503,registered
64,1787909076.8740647,1787909076.8735354,82.04759988572731,82.04759988572731,54.7249576206748,82.17256338933933,82.1562082109332,-0.10860832520588559,-0.0839164248963371,0.07637501719381205,0.004746620614627812,registered
65,1787909076.9037929,1787909076.9028153,82.7903907975429,82.7903907975429,55.46774853249038,83.01511528900016,83.03456614871713,-0.24417535117424194,-0.22257955822700382,0.08086473207911628,0.004918762363923861,registered
66,1787909076.930954,1787909076.930313,84.0890773119537,84.0890773119537,56.766435046901194,83.94977237374894,83.85946118406774,0.22961612788596852,0.2438413259480825,0.11117881779847044,0.00656872175649154,registered
67,1787909076.9597414,1787909076.9590247,84.93563469855405,84.93563469855405,57.61299243350154,84.81498817250929,84.72076821089502,0.21486648765903738,0.2281342330516054,0.09813610637088349,0.0057617465809059985,registered
68,1787909076.9888158,1787909076.9876862,85.40417816491346,85.40417816491346,58.08153589986095,85.64110280791414,85.58057326989473,-0.17639510498126754,-0.16802943320020347,0.11365905440487394,0.006683866208303543,registered
69,1787909077.016782,1787909077.0160503,86.5560536752348,86.5560536752348,59.2334114101823,86.56878479788193,86.43145950088984,0.12459417434496345,0.11489528870995258,0.08749778706614393,0.005227792366539653,registered
70,1787909077.0463574,1787909077.0457323,87.7570617985798,87.7570617985798,60.43441953352729,87.47039202705716,87.32187609466075,0.4351857039190463,0.4401499045980657,0.14089628908497287,0.008610165032390007,registered
71,1787909077.0744436,1787909077.0735111,88.1953043578776,88.1953043578776,60.87266209282509,88.25226205334098,88.15520360652894,0.040100751348660424,0.032004332047222306,0.10045503298790483,0.006179831901911828,registered
72,1787909077.102507,1787909077.1018453,88.8947326811512,88.8947326811512,61.57209041609869,89.07682168319556,89.00518865682753,-0.1104559756763237,-0.10668283383640897,0.10717717884439514,0.006639468521995119,registered
73,1787909077.1310327,1787909077.1303685,90.08421991532703,90.08421991532703,62.76157765027452,89.94679588165839,89.86084542373207,0.22337449159495293,0.2097521118036525,0.15038279942502564,0.009315800628694058,registered
74,1787909077.1607115,1787909077.159279,90.84734974605946,90.84734974605946,63.52470748100695,90.76801288566514,90.72812456073083,0.1192251853286308,0.10562338825121742,0.09943462648256006,0.006118159605703048,registered
75,1787909077.1881924,1787909077.1876106,91.28240615131779,91.28240615131779,63.95976388626528,91.54176869690181,91.57803093652416,-0.29562478520637114,-0.28810912197702265,0.10594109906501219,0.006483581544463075,registered
76,1787909077.2166402,1787909077.2160728,92.49761370876186,92.49761370876186,65.17497144370935,92.42682870927375,92.43185673312465,0.06575697563721405,0.06501152426133672,0.06599754511008464,0.003972029414757353,registered
77,1787909077.2458148,1787909077.2450428,93.47735144845622,93.47735144845622,66.15470918340371,93.34135605738328,93.30091677483321,0.1764346736230067,0.17954426504215348,0.14440701896860325,0.00859464319027515,registered
78,1787909077.2739575,1787909077.2733312,94.15480674311989,94.15480674311989,66.83216447806738,94.1515068031274,94.14952859740374,0.0052781457161472645,0.026348437567847327,0.09416089717884081,0.005577072151391738,registered
79,1787909077.3026154,1787909077.301913,94.7664119443544,94.7664119443544,67.4437696793019,95.01235115464638,95.00694481233486,-0.24053286798046258,-0.22745155615004364,0.12232710194288024,0.007231240088113487,registered
80,1787909077.3311238,1787909077.3304431,96.13949131782498,96.13949131782498,68.81684905277247,95.95782435748063,95.86280899384418,0.2766823239807934,0.2799942896815253,0.1037299550864389,0.006152271077362372,registered
81,1787909077.3595212,1787909077.3589325,96.94031669080704,96.94031669080704,69.61767442575453,96.80363695966722,96.71745014440819,0.22286654639884773,0.2506751917592851,0.10186963241274721,0.006070309507908192,registered
82,1787909077.3887646,1787909077.3877687,97.29571546109521,97.29571546109521,69.9730731960427,97.60570711599615,97.58249778634887,-0.2867823252536539,-0.27979442018664713,0.10381661154466701,0.006198360630708183,registered
83,1787909077.4166985,1787909077.4160461,98.59092301091188,98.59092301091188,71.26828074585937,98.45887300357992,98.43078060644288,0.1601424044689992,0.16448664006551894,0.08010235484175135,0.004788697261905566,registered
84,1787909077.4458492,1787909077.4449856,99.63094476412591,99.63094476412591,72.3083024990734,99.3647585609022,99.29892516299942,0.33201960112648976,0.33568415463558665,0.1358704917669448,0.008032459288537382,registered
85,1787909077.4738703,1787909077.4733071,99.94316101090284,99.94316101090284,72.62051874585033,100.15085703112248,100.14853114522724,-0.2053701343243972,-0.2021749449094159,0.11117059576495683,0.0065323234120891974,registered
86,1787909077.5032074,1787909077.5026093,100.73847211291663,100.73847211291663,73.41582984786412,100.96788761639581,101.02755424019196,-0.28908212727533567,-0.2732874244765071,0.10682719474403954,0.006144940173301024,registered
87,1787909077.5309238,1787909077.5304065,102.09251709626328,102.09251709626328,74.76987483121077,101.92212913533717,101.8614324735969,0.23108462266637275,0.24389929038315472,0.15775000898957212,0.008621705424072305,registered
88,1787909077.55979,1787909077.5591278,102.98118775938688,102.98118775938688,75.65854549433438,102.77613378959751,102.72303274176194,0.25815501762494364,0.27326394181977776,0.14849181226716615,0.007816228453753552,registered
89,1787909077.5881658,1787909077.5875664,103.30096194857732,103.30096194857732,75.97831968352482,103.60448549190602,103.57615046781515,-0.2751885192378296,-0.27280906297026775,0.10757681395159233,0.005589010677074649,registered
90,1787909077.6167147,1787909077.6161432,104.49293363054356,104.49293363054356,77.17029136549105,104.5216981504069,104.43341648596352,0.05951714458004176,0.07272519773869135,0.08089307536706596,0.004031304022317298,registered
91,1787909077.6452959,1787909077.6447208,105.86732541426277,105.86732541426277,78.54468314921026,105.43773232679635,105.29070396079514,0.5766214534676237,0.6146394347771178,0.15690509286994003,0.007619705787356437,registered
92,1787909077.6738896,1787909077.6733384,106.02404623828187,106.02404623828187,78.70140397322936,106.247378471447,106.1491930098888,-0.12514677160693566,-0.161883667391578,0.09698090489545566,0.00470434932028873,registered
93,1787909077.7026079,1787909077.7019103,106.82407345138137,106.82407345138137,79.50143118632886,107.09710916673271,107.00630883125442,-0.18223537987304894,-0.14531657830684708,0.11259562611620925,0.005462932239221249,registered
94,1787909077.7311041,1787909077.7304342,108.22940481891789,108.22940481891789,80.90676255386538,108.04351250428249,107.86198705484222,0.3674177640756682,0.40544548404905356,0.12508190106745842,0.0061935445389579465,registered
95,1787909077.7598689,1787909077.7592323,109.07352641672324,109.07352641672324,81.75088415167073,108.87553748700324,108.72589034034284,0.34763607638039673,0.37909857586396356,0.11295375868309904,0.005693803122255295,registered
96,1787909077.7881763,1787909077.787478,109.406500395824,109.406500395824,82.08385813077149,109.63925710063111,109.57322191414607,-0.1667215183220776,-0.17354374535887018,0.1354395220413012,0.006872547793867429,registered
97,1787909077.8168554,1787909077.8162796,110.57137985244593,110.57137985244593,83.24873758739342,110.55199815821419,110.43723248306294,0.13414736938298688,0.14377576230316436,0.1160741428725416,0.0059775338432934005,registered
98,1787909077.8456013,1787909077.8448064,111.66652177275041,111.66652177275041,84.3438795076979,111.41942713383355,111.29299653338376,0.37352523936665705,0.38494682931002444,0.16535999111890368,0.008473829219350299,registered
99,1787909077.8792903,1787909077.8785799,111.99332698435482,111.99332698435482,84.67068471930232,112.16701881323135,112.3061525075772,-0.3128255232223722,-0.3133563436413027,0.0877160616527843,0.004469989879956822,registered
100,1787909077.9118755,1787909077.911096,112.75071773722031,112.75071773722031,85.4280754721678,112.9643280040771,113.2815947848434,-0.5308770476230933,-0.5209299017363804,0.09499785817328009,0.004746868436203752,registered
101,1787909077.9312637,1787909077.930473,114.1845300147641,114.1845300147641,86.8618877497116,113.9054778765161,113.86287779079179,0.32165222397232185,0.3147973860657629,0.12708120686377275,0.006015216395113965,registered
102,1787909077.9597058,1787909077.9590766,114.80915285877282,114.80915285877282,87.48651059372031,114.75859839171565,114.72094485844818,0.08820800032464149,0.07926763956444915,0.14571468353222183,0.006730218804488521,registered
103,1787909077.9882205,1787909077.9876058,115.24179112962761,115.24179112962761,87.9191488645751,115.57930654457587,115.57678043104649,-0.3349893014188723,-0.33256920850257643,0.10911869158434573,0.004964644933253954,registered
104,1787909078.0170205,1787909078.0163524,116.52858216791353,116.52858216791353,89.20593990286102,116.49345456694101,116.43913883535306,0.08944333256046377,0.08532531047241321,0.10174061077619229,0.004506721773669593,registered
105,1787909078.045393,1787909078.044823,117.81741715687814,117.81741715687814,90.49477489182563,117.40208900164563,117.2932149599248,0.5242021969533397,0.524300911486165,0.18300800825765912,0.008155143480008245,registered
106,1787909078.0738478,1787909078.073374,118.01875484556714,118.01875484556714,90.69611258051464,118.19868850143268,118.14970853747613,-0.1309536919089851,-0.1497612933985124,0.1094653209080179,0.004894189075599332,registered
107,1787909078.102483,1787909078.1018505,118.80358669608638,118.80358669608638,91.48094443103388,119.05411238440365,119.00396346774164,-0.20037677165525736,-0.2152457336310789,0.14231866082095432,0.006464182319222108,registered
108,1787909078.1311696,1787909078.1305885,120.12597869295927,120.12597869295927,92.80333642790676,119.95604505809582,119.86606439184919,0.2599143011100722,0.22762175642057514,0.18312484829849227,0.008503039233124746,registered
109,1787909078.1598086,1787909078.1592247,120.91829341958213,120.91829341958213,93.59565115452962,120.73139015456732,120.72511131470738,0.19318210487475085,0.17676480313812704,0.1698569567889183,0.007897455495136972,registered
110,1787909078.1883688,1787909078.1877332,121.26129680578796,121.26129680578796,93.93865454073546,121.49284778249739,121.58032464349141,-0.31902783770344456,-0.3255701190510507,0.14985471479466173,0.006945382486196254,registered
111,1787909078.216965,1787909078.21629,122.41098677236167,122.41098677236167,95.08834450730916,122.39294850397934,122.43698987450875,-0.026003102147086565,-0.031906792409358786,0.1941821160200663,0.008770039787368478,registered
112,1787909078.2459528,1787909078.245486,123.46463397498904,123.46463397498904,96.14199170993653,123.27773013816378,123.3128302281246,0.1518037468644451,0.13732002179850156,0.20853243693012416,0.009100255499057068,registered
113,1787909078.27407,1787909078.2734313,123.8420695810045,123.8420695810045,96.51942731595199,124.08243727531699,124.15114999496248,-0.3090804139579859,-0.3160135964154449,0.20626634431507324,0.008901154696119141,registered
114,1787909078.302586,1787909078.301909,124.81872166532749,124.81872166532749,97.49607940027498,124.9539804056017,125.00544068636673,-0.186719021039238,-0.20072592191118588,0.19250915667904028,0.00815780564069382,registered
115,1787909078.3311365,1787909078.3305604,126.10429651050156,126.10429651050156,98.78165424544905,125.86207597397127,125.86494535180093,0.23935115870062873,0.23385438869637198,0.23724942441047195,0.010115361561518368,registered
116,1787909078.360007,1787909078.3592083,126.84746492617897,126.84746492617897,99.52482266112646,126.68121782486207,126.72434273381887,0.1231221923600998,0.12793874739328714,0.2185219327110194,0.009458992755786634,registered
117,1787909078.3884976,1787909078.3878372,127.27250086467961,127.27250086467961,99.9498585996271,127.46754443909381,127.5831679376168,-0.31066707293719276,-0.3202277273523464,0.20386523766988912,0.008920103382458761,registered
118,1787909078.4167457,1787909078.4161277,128.33062371447465,128.33062371447465,101.00798144942213,128.31004235144906,128.4318441302371,-0.10122041576244101,-0.10911341477887504,0.22748692420097094,0.010278964170961753,registered
119,1787909078.4456983,1787909078.4449341,129.16612188015287,129.16612188015287,101.84347961510035,129.0857505027986,129.29599774370897,-0.12987586355610858,-0.13561783116060155,0.2407878045931136,0.011249404169359675,registered
120,1787909078.473937,1787909078.473293,129.80820728445934,129.80820728445934,102.48556501940682,129.8575077748303,130.1467266256936,-0.3385193412342602,-0.35515585185399345,0.20740765616516996,0.01001228788261594,registered
121,1787909078.502626,1787909078.5020018,130.53217261407696,130.53217261407696,103.20953034902445,130.70660868931395,131.00794782578785,-0.47577521171089643,-0.4914365302513204,0.23243907653399962,0.011729144625289494,registered
122,1787909078.5313408,1787909078.5307953,131.68112660561687,131.68112660561687,104.35848434056436,131.57743927408492,131.87171521896124,-0.19058861334436017,-0.20852145051061655,0.21725699099433007,0.011861042787485383,registered
123,1787909078.563855,1787909078.563023,132.46366127557047,132.46366127557047,105.14101901051797,132.4143263020129,132.83850330064962,-0.37484202507913267,-0.40158164952310926,0.2411097916987457,0.013854930842952976,registered
124,1787909078.5883346,1787909078.587746,133.30771730832527,133.30771730832527,105.98507504327276,133.2694113748361,133.58015355721471,-0.2724362488894485,-0.29285109789813646,0.2597106110508476,0.015645231488325605,registered
125,1787909078.617327,1787909078.6166465,134.1544506227764,134.1544506227764,106.83180835772389,134.17460319107764,134.44713230064798,-0.2926816778715704,-0.31243516438567553,0.22816395386115834,0.014277764672661893,registered
126,1787909078.6456506,1787909078.6448412,135.0057819582358,135.0057819582358,107.68313969318326,135.06223806251202,135.29293329771264,-0.2871513394768641,-0.30024712830586964,0.22022500920568014,0.014223554595890418,registered
127,1787909078.674186,1787909078.673397,135.94084647236062,135.94084647236062,108.61820420730811,135.92224333321573,136.149569919819,-0.20872344745835392,-0.23583711574960375,0.25268151876259737,0.01684574719119987,registered
128,1787909078.7026308,1787909078.7019875,136.7732097279595,136.7732097279595,109.45056746290699,136.8407776038125,137.00724361494912,-0.23403388698960725,-0.25543552130767466,0.22602731472383666,0.015484672078098831,registered
129,1787909078.7313251,1787909078.7307978,137.86646267313677,137.86646267313677,110.54382040808424,137.77143435681342,137.871511664065,-0.005048990928244734,-0.03546777101642817,0.22678186250950544,0.01600375252063735,registered
130,1787909078.7601066,1787909078.759366,138.65470454097502,138.65470454097502,111.3320622759225,138.69867543177574,138.72852020201435,-0.07381566103934745,-0.11413842481330505,0.22095364254855432,0.01576216340667699,registered
131,1787909078.7882216,1787909078.7876432,139.60536408100936,139.60536408100936,112.28272181595685,139.63987407320292,139.57679586988064,0.02856821112872865,-0.010940228177119593,0.21152508129840783,0.015011990908125477,registered
132,1787909078.816794,1787909078.816218,140.59495824792657,140.59495824792657,113.27231598287405,140.54404812292339,140.43399751797924,0.1609607299473197,0.12254736469279237,0.18397427369259886,0.012693538451628232,registered
133,1787909078.8457704,1787909078.845145,141.45482587424004,141.45482587424004,114.13218360918754,141.41747443961083,141.30177015869276,0.15305571554728203,0.11256315051623744,0.20959388512668087,0.01391849719213,registered
134,1787909078.8741283,1787909078.873563,142.29559444594474,142.29559444594474,114.97295218089222,142.28732469455065,142.15427279315946,0.14132165278527964,0.09679676317634289,0.17324518371186926,0.0110619366438271,registered
135,1787909078.902543,1787909078.9019542,143.22599250188003,143.22599250188003,115.9033502368275,143.18824378090542,143.00596722589034,0.22002527598966992,0.18803023041350286,0.16570386606692117,0.010264890517595906,registered
136,1787909078.931368,1787909078.9305952,143.91202204906003,143.91202204906003,116.58937978400752,144.05159501373652,143.86515719330353,0.04686485575649613,0.02002069715797461,0.17369052953803577,0.010694280775245035,registered
137,1787909078.961247,1787909078.9601812,144.84849628774595,144.84849628774595,117.52585402269342,144.91146473144036,144.75269859151885,0.09579769622709478,0.06828857553723822,0.13278678527117943,0.008305324310197744,registered
138,1787909078.9882526,1787909078.9876893,145.9191124756113,145.9191124756113,118.59647021055879,145.79116648412963,145.5779011726627,0.3412113029486079,0.31554468757930465,0.14944055741592954,0.009752547618656316,registered
139,1787909079.0169604,1787909079.0163686,146.69882080429963,146.69882080429963,119.3761785392471,146.6640587112194,146.43824264874368,0.2605781555559332,0.24395901623702798,0.10887854761073142,0.007385359070148808,registered
140,1787909079.0462785,1787909079.045534,147.43092160402392,147.43092160402392,120.10827933897141,147.48576885140378,147.31316036497975,0.11776123904418512,0.1077124281901547,0.15847800668493767,0.011156224322214655,registered
141,1787909079.0740254,1787909079.0734355,148.3418834165687,148.3418834165687,121.01924115151617,148.31887926331623,148.15017127413932,0.19171214242936685,0.1626363422708863,0.11586947525978092,0.008510570003754271,registered
142,1787909079.1027076,1787909079.1020966,149.16232808086116,149.16232808086116,121.83968581580865,149.10738838419073,149.00996202868353,0.15236605217762644,0.11595553732668407,0.10949602489807449,0.008291469593199832,registered
143,1787909079.1311798,1787909079.1305075,149.8545124475822,149.8545124475822,122.5318701825297,149.8580136282572,149.86225009631772,-0.007737648735499647,-0.044465602331953846,0.13182316082446857,0.010154488715946876,registered
144,1787909079.1599977,1787909079.1593785,150.53354102679137,150.53354102679137,123.21089876173885,150.6525725061321,150.72834196350993,-0.1948009367185648,-0.20377297041925146,0.1118505516686088,0.008678554760369547,registered
145,1787909079.1884382,1787909079.1879208,151.52229056736272,151.52229056736272,124.1996483023102,151.4428427390286,151.5845709086345,-0.062280341271787165,-0.11375090686472333,0.11772495159433818,0.009061821690570458,registered
146,1787909079.2214606,1787909079.2206495,152.22395639049657,152.22395639049657,124.90131412544406,152.22984599216431,152.5663858208262,-0.3424294303296307,-0.38125433986060386,0.12247021465292357,0.009260290062642814,registered
147,1787909079.2455008,1787909079.2448938,152.96926139675557,152.96926139675557,125.64661913170305,153.03609964121375,153.29368155629652,-0.3244201595409635,-0.34103095725410526,0.14972906756027216,0.011029843006859935,registered
148,1787909079.2742865,1787909079.2736182,153.93844704703196,153.93844704703196,126.61580478197943,153.85716952111207,154.15537480342232,-0.216927756390362,-0.22565279263591265,0.11682570517744831,0.008323876765723371,registered
149,1787909079.3025556,1787909079.3019638,154.65816024233328,154.65816024233328,127.33551797728076,154.6861985719149,155.0057031606529,-0.3475429183196326,-0.34523277096334937,0.14804158184719549,0.010410533874145275,registered
150,1787909079.331352,1787909079.3307648,155.52488401600692,155.52488401600692,128.2022417509544,155.502836364943,155.86969227288654,-0.3448082568796025,-0.3289310931109668,0.17070204589603724,0.012115669718011863,registered
151,1787909079.360216,1787909079.3596466,156.32278984520175,156.32278984520175,129.00014758014922,156.34894797336102,156.7361059903275,-0.4133161451257479,-0.3844912676513559,0.13569478883032524,0.009985873117040312,registered
152,1787909079.3885505,1787909079.3878388,157.1720312349817,157.1720312349817,129.84938896992915,157.20269339071405,157.5818354651147,-0.4098042301330054,-0.4103972484763574,0.1505533948361906,0.011779110201862095,registered
153,1787909079.417286,1787909079.4167323,158.08168635436144,158.08168635436144,130.7590440893089,158.04259069984775,158.44859964171542,-0.3669132873539809,-0.4221808260986393,0.13029937441454598,0.011008709881944018,registered
154,1787909079.4456267,1787909079.444932,158.91444972385432,158.91444972385432,131.59180745880178,158.90272370562616,159.29455083556283,-0.38010111170851246,-0.43882091388755384,0.13122245150136708,0.011856264804288351,registered
155,1787909079.4740562,1787909079.4735732,159.7695994813724,159.7695994813724,132.44695721631987,159.7727803032492,160.15374795520378,-0.38414847383137385,-0.3932371585919725,0.15779398693944552,0.0150796698429913,registered
156,1787909079.5027678,1787909079.5021682,160.6870746575149,160.6870746575149,133.36443239246236,160.6676328793972,161.01155754266117,-0.3244828851462671,-0.3275808826237494,0.17065463920355162,0.0169761502260389,registered
157,1787909079.5315409,1787909079.5309422,161.50564047254844,161.50564047254844,134.1829982074959,161.55491020657928,161.874738453159,-0.36909798061057586,-0.411471500880765,0.17552846444893375,0.017772660239191305,registered
158,1787909079.5597894,1787909079.5592258,162.4348398265354,162.4348398265354,135.11219756148287,162.45795769876278,162.72320723117454,-0.288367404639132,-0.33085180681806037,0.17193010062151082,0.017479712925508508,registered
159,1787909079.5885074,1787909079.5877926,163.45273756481706,163.45273756481706,136.13009529976452,163.4063279827555,163.5801728557574,-0.12743529094035466,-0.1315282557806654,0.19991217449843846,0.020271678101299664,registered
160,1787909079.6169155,1787909079.6163208,164.3558736572476,164.3558736572476,137.03323139219506,164.3658789994485,164.4359798194447,-0.08010616219709732,-0.09312925631823532,0.2427299615290389,0.024729797850434183,registered
161,1787909079.6455996,1787909079.644928,165.238934344737,165.238934344737,137.91629207968447,165.3131483297638,165.29415417051737,-0.05521982578036955,-0.08099334654383483,0.22072560435577188,0.022884366062173016,registered
162,1787909079.674134,1787909079.6735687,166.30873019119008,166.30873019119008,138.98608792613754,166.2807766457724,166.1533369857028,0.15539320548728597,0.14417553520542015,0.18707548477326458,0.02001747181756232,registered
163,1787909079.7027018,1787909079.7020502,167.30965220769832,167.30965220769832,139.98700994264578,167.22565021393655,167.00774211275106,0.3019100949472602,0.2831334043652589,0.1861130763841276,0.020357684617382816,registered
164,1787909079.7312686,1787909079.7306893,168.12175061619953,168.12175061619953,140.799108351147,168.1246130372482,167.86687486234226,0.25487575385727723,0.24395114480532243,0.17458587510017823,0.019101402284144434,registered
165,1787909079.760074,1787909079.7594488,168.98789334506444,168.98789334506444,141.6652510800119,169.02291344496092,168.7296194869473,0.25827385811712134,0.2428912158318326,0.14571182764361407,0.01556737570713321,registered
166,1787909079.7884495,1787909079.7878578,169.98758991538273,169.98758991538273,142.6649476503302,169.92223596149438,169.5818503367595,0.4057395786232405,0.3668440198472638,0.13118633147515002,0.013211830035933576,registered
167,1787909079.8171368,1787909079.8164723,170.75132560979145,170.75132560979145,143.42868334473891,170.79965845956775,170.4402464068924,0.31107920289903745,0.2906867080659197,0.11538627436106298,0.01091527821797343,registered
168,1787909079.8456545,1787909079.845031,171.55170375376525,171.55170375376525,144.22906148871272,171.65907623126108,171.29696885573176,0.25473489803349025,0.2573510025218866,0.1684297054001671,0.014832502140998209,registered
169,1787909079.8743043,1787909079.8736162,172.59049466702896,172.59049466702896,145.26785240197643,172.54307816669726,172.15448520185137,0.436009465177591,0.41026163213507516,0.15632820277617523,0.012705301294934784,registered
170,1787909079.902841,1787909079.9021533,173.49992269181737,173.49992269181737,146.17728042676484,173.41717790750423,173.01055679796545,0.4893658938519252,0.4681250706436799,0.1607704452234778,0.012537072608129151,registered
171,1787909079.931507,1787909079.9307516,174.2528255763389,174.2528255763389,146.93018331128636,174.2412955282465,173.86846651661133,0.3843590597275579,0.375129089921046,0.1653992681163746,0.012752580649980895,registered
172,1787909079.9597187,1787909079.959194,175.00904388572818,175.00904388572818,147.68640162067564,175.07308317111523,174.72169867830854,0.28734520741963365,0.27478104943014614,0.13785094896120603,0.010675384268236278,registered
173,1787909079.988535,1787909079.9878235,175.9814029890554,175.9814029890554,148.65876072400286,175.92647766418744,175.58054533878973,0.4008576502656638,0.3778181823453508,0.11419988083105803,0.009014468886328795,registered
174,1787909080.0175674,1787909080.0168757,176.70525214437194,176.70525214437194,149.3826098793194,176.7302787342229,176.45207289907216,0.2531792452997763,0.23376033916079564,0.12172778064269799,0.009793798617548982,registered
175,1787909080.0457106,1787909080.0450358,177.3879378134818,177.3879378134818,150.06529554842928,177.52041996667117,177.29683682311304,0.09110099036877273,0.05948123690745888,0.13023782632499226,0.010683254712327634,registered
176,1787909080.0741644,1787909080.0736172,178.39461163427765,178.39461163427765,151.07196936922512,178.32409634966277,178.15423873358864,0.2403729006890103,0.20355215739297705,0.1210492018583705,0.010197429439145136,registered
177,1787909080.1028557,1787909080.1023018,179.30012873039283,179.30012873039283,151.9774864653403,179.11059344932966,179.01473755868014,0.28539117171268913,0.2571315141452146,0.11306778826189487,0.009679637857658194,registered
178,1787909080.1315136,1787909080.1308157,179.76703539736695,179.76703539736695,152.44439313231442,179.83514143440414,179.87011538870243,-0.10307999133547696,-0.12302411160260363,0.09997831583734912,0.008587431275428528,registered
179,1787909080.1597517,1787909080.1592453,180.55082017908458,180.55082017908458,153.22817791403205,180.59268706507441,180.72296133010113,-0.1721411510165467,-0.18805030020172353,0.10261884629689116,0.008776420036437983,registered
180,1787909080.1885755,1787909080.1878538,181.42954525267322,181.42954525267322,154.10690298762069,181.39587825595095,181.5811785945403,-0.15163334186706834,-0.1505502567574979,0.11576492083206186,0.00969637235521755,registered
181,1787909080.2169461,1787909080.2163858,182.1314425668512,182.1314425668512,154.80880030179867,182.2033656977335,182.4370999938716,-0.30565742702040666,-0.31178076288605894,0.10717410655026423,0.008727767857865979,registered
182,1787909080.2458432,1787909080.2451959,182.86779541597036,182.86779541597036,155.54515315091783,183.05783014652008,183.30136089075975,-0.4335654747893898,-0.4453777292335417,0.12273031739780221,0.009623054795731228,registered
183,1787909080.274773,1787909080.273928,184.02824071594335,184.02824071594335,156.70559845089082,183.9699639570451,184.16328300917354,-0.13504229323018535,-0.13659305178123304,0.13782029103640273,0.010111582109912077,registered
184,1787909080.3029952,1787909080.302463,185.0264966364834,185.0264966364834,157.70385437143085,184.8507610134953,185.0192973874656,0.007199249017787679,-0.016030981272962208,0.1309505731232105,0.009156729029188456,registered
185,1787909080.3482141,1787909080.3471196,185.74398947928833,185.74398947928833,158.4213472142358,185.69338553341555,186.358931101776,-0.6149416224876632,-0.6263321011422818,0.1702643813797462,0.011675935217722628,registered
186,1787909080.3598368,1787909080.3592918,186.54146601632942,186.54146601632942,159.2188237512769,186.53917821409777,186.7240809373387,-0.18261492100927512,-0.21446618412889507,0.17395175333121507,0.011924677656186317,registered
187,1787909080.3889577,1787909080.3882957,187.36801246301584,187.36801246301584,160.0453701979633,187.38974738704184,187.59415659538783,-0.22614413237198505,-0.23801030396552392,0.1834453470762518,0.012886364935133482,registered
188,1787909080.4175842,1787909080.4167192,188.11958180684445,188.11958180684445,160.79693954179191,188.19981525797544,188.44682373109276,-0.32724192424831244,-0.3425132357994016,0.18932452859568163,0.013826350369992092,registered
189,1787909080.4458451,1787909080.445133,188.90490943024162,188.90490943024162,161.58226716518908,189.00477436428605,189.29919762545993,-0.3942881952183086,-0.39257316474120785,0.16665461550330543,0.01276724106099716,registered
190,1787909080.4744759,1787909080.473694,189.9475316302094,189.9475316302094,162.62488936515686,189.88536517084566,190.1559915965768,-0.20845996636739983,-0.20691423269752818,0.15948482777858702,0.012949087726704138,registered
191,1787909080.5027287,1787909080.5021946,190.91764485527509,190.91764485527509,163.59500259022255,190.7779550576302,191.01096890184508,-0.0933240465699896,-0.0901186627575612,0.19163227667704233,0.01614703494906268,registered
192,1787909080.5313716,1787909080.530832,191.61064169367782,191.61064169367782,164.28799942862528,191.6542440612996,191.870051585842,-0.25940989216417165,-0.2513462552080341,0.22866933969549819,0.01956971734320971,registered
193,1787909080.5599713,1787909080.5594761,192.42827226947253,192.42827226947253,165.10563000442,192.5502396033752,192.72933453221594,-0.3010622627434145,-0.312423741616044,0.23160246726089198,0.02004007976993006,registered
194,1787909080.588455,1787909080.5878422,193.6146065764831,193.6146065764831,166.29196431143058,193.47450721243575,193.58027798103308,0.03432859545003453,0.02448585580631857,0.24168016891852642,0.02126554120846668,registered
195,1787909080.617342,1787909080.6165357,194.35128329516542,194.35128329516542,167.02864103011288,194.38390677123104,194.4410414385513,-0.08975814338589316,-0.09844051129041986,0.23154585906859915,0.02072839599928524,registered
196,1787909080.6459768,1787909080.6453848,195.19691508292672,195.19691508292672,167.87427281787419,195.32300485538275,195.3064753007905,-0.10956021786378756,-0.11801616959905914,0.22818171366690937,0.020935577615126308,registered
197,1787909080.6741574,1787909080.6735425,196.34426351216385,196.34426351216385,169.0216212471113,196.33085535682858,196.1511677025539,0.19309580960995731,0.19409995718598338,0.23632439872252672,0.022248024939594557,registered
198,1787909080.7027404,1787909080.7022483,197.38426683395804,197.38426683395804,170.0616245689055,197.32117644057269,197.01230307591516,0.37196375804288095,0.3769274806175247,0.22687057116092765,0.021295374690178472,registered
199,1787909080.7316318,1787909080.7309904,198.2020525289925,198.2020525289925,170.87941026393997,198.24211178658297,197.87452558789445,0.327526941098057,0.33219855262214537,0.2076756561229851,0.018989196839589884,registered
200,1787909080.7600381,1787909080.759516,199.21619749227895,199.21619749227895,171.89355522722641,199.1735662959154,198.7302538770765,0.48594361520244433,0.4795532881158522,0.19056683855831288,0.01645782810134936,registered
201,1787909080.7885816,1787909080.787943,200.2345884881612,200.2345884881612,172.91194622310866,200.09458152930353,199.58302114396994,0.6515673441912497,0.6452494262040034,0.20454052614175833,0.016556635233589877,registered
202,1787909080.8171296,1787909080.8165681,200.8955550627897,200.8955550627897,173.57291279773716,200.93845964569215,200.44173906435162,0.4538159984380741,0.44260972375505503,0.20559295518844592,0.01612083860948323,registered
203,1787909080.8461905,1787909080.8454885,201.6045106078327,201.6045106078327,174.28186834278017,201.75421479515808,201.30931144268814,0.2951991651445667,0.27971782156780023,0.20416707262847603,0.015737548981765805,registered
204,1787909080.8743021,1787909080.873732,202.612264023554,202.612264023554,175.28962175850145,202.60048516662127,202.15657864644163,0.4556853771123599,0.4593391919403018,0.19452207887440975,0.015047028523558333,registered
205,1787909080.9029028,1787909080.902369,203.5597129665026,203.5597129665026,176.23707070145005,203.41490725295444,203.01564702598307,0.5440659405195163,0.5642758478665542,0.1646798567356434,0.012928005126881026,registered
206,1787909080.9317017,1787909080.9311006,204.11769926375683,204.11769926375683,176.7950569987043,204.2217039769768,203.87755483994135,0.2401444238154795,0.26429576964551416,0.15258381603052154,0.012045242777149441,registered
207,1787909080.9599938,1787909080.9594352,205.01097976349666,205.01097976349666,177.68833749844413,205.0673815854374,204.72755419469544,0.2834255688012206,0.3073041211748375,0.1347079553665817,0.010608984438653211,registered
208,1787909080.9886782,1787909080.9879386,206.01339006874247,206.01339006874247,178.69074780368993,205.90154012813235,205.58261732669672,0.4307727420457468,0.46302959388995646,0.1478923149197398,0.011425246569625645,registered
209,1787909081.0171845,1787909081.0166755,206.64416917973116,206.64416917973116,179.32152691467863,206.6925540183928,206.44468248966552,0.19948669006564046,0.22671843497926147,0.13537814494127481,0.010268257139539386,registered
210,1787909081.0458698,1787909081.0452392,207.43678581482726,207.43678581482726,180.11414354977472,207.46676049824146,207.30155513528763,0.13523067953963164,0.15930874109079696,0.17553664218387535,0.012959793012923852,registered
211,1787909081.0741713,1787909081.0736248,208.33223175048676,208.33223175048676,181.00958948543422,208.2650034834462,208.15308506678028,0.17914668370647746,0.09540104496787194,0.14035412538446815,0.009998817539895536,registered
212,1787909081.1031997,1787909081.1026268,209.06941007422543,209.06941007422543,181.7467678091729,209.01547239003483,209.0231035070074,0.04630656721803916,-0.04480738973200005,0.13629197368928253,0.0093564174011194,registered
213,1787909081.1317422,1787909081.1310637,209.731700981905,209.731700981905,182.40905871685246,209.75295059663907,209.87617116746634,-0.14447018556134594,-0.24081213337527174,0.1439335064192498,0.00946493711754119,registered
214,1787909081.159997,1787909081.1593864,210.4593273152635,210.4593273152635,183.13668505021096,210.54346834833052,210.7258129108329,-0.26648559556940654,-0.34847225403672155,0.16172857969056892,0.010006565150259859,registered
215,1787909081.188603,1787909081.1880324,211.3635026942267,211.3635026942267,184.04086042917416,211.34860450130662,211.58515307502884,-0.22165038080214572,-0.27847927462281064,0.17291064375076193,0.009728928403620388,registered
216,1787909081.2176158,1787909081.2169514,212.11862113191714,212.11862113191714,184.7959788668646,212.14401732739822,212.45268253999888,-0.33406140808173745,-0.3535906613518023,0.18979106101910803,0.00978919243928945,registered
217,1787909081.245797,1787909081.2451768,212.96867745979895,212.96867745979895,185.64603519474642,212.97282754288483,213.29940617444333,-0.3307287146443798,-0.32497661547350276,0.18871362371647715,0.008946881119298805,registered
218,1787909081.2744553,1787909081.2737784,213.94435227143748,213.94435227143748,186.62171000638494,213.8691189276284,214.15741602427772,-0.2130637528402417,-0.19946715647179758,0.2176565258236933,0.009869245323846518,registered
219,1787909081.302905,1787909081.302429,214.78287858895712,214.78287858895712,187.46023632390458,214.78753027545875,215.01689208080091,-0.23401349184379683,-0.25258879841692305,0.21795264666698133,0.010031415733455586,registered
220,1787909081.331499,1787909081.3309224,215.51642882491765,215.51642882491765,188.19378655986512,215.66540397341362,215.87165481923668,-0.3552259943190279,-0.38531593849535284,0.23527451538568653,0.01125410238596327,registered
221,1787909081.3602247,1787909081.3595939,216.56901610834143,216.56901610834143,189.2463738432889,216.56022202276745,216.73176027180193,-0.16274416346050202,-0.17645743466283648,0.23572467556321902,0.012023835120615584,registered
222,1787909081.389467,1787909081.3882456,217.65000871539797,217.65000871539797,190.32736645034544,217.46649382550862,217.59127208946387,0.05873662593410245,0.05494759484486167,0.21422649731158547,0.011533976414797309,registered
223,1787909081.4174953,1787909081.4167678,218.35605843230877,218.35605843230877,191.03341616725623,218.3260310793733,218.44690024745742,-0.09084181514865008,-0.09683806156422747,0.2365316198161077,0.013064620132912052,registered
224,1787909081.4461915,1787909081.445574,219.03867096145487,219.03867096145487,191.71602869640233,219.15328273130973,219.31104670870155,-0.27237574724668434,-0.2785737267373065,0.2461018734556818,0.013829926174467905,registered
225,1787909081.474648,1787909081.4739714,220.10255096081008,220.10255096081008,192.77990869575754,220.0414035289739,220.16292709935396,-0.06037613854388724,-0.0890923535593231,0.23139191005324566,0.013134000582898448,registered
226,1787909081.5028362,1787909081.502257,220.986064194806,220.986064194806,193.66342192975347,220.94779033378546,221.01146024741925,-0.025396052613245956,-0.06709030833116003,0.2579116751578243,0.014455559603463468,registered
227,1787909081.5316615,1787909081.531102,221.6164814176392,221.6164814176392,194.29383915258666,221.84606051749014,221.87676536955894,-0.26028395191974596,-0.310633265249578,0.25108804478731,0.013735781319901337,registered
228,1787909081.5599015,1787909081.5593412,222.65878720019916,222.65878720019916,195.33614493514662,222.8009619630546,222.7239038332129,-0.06511663301373005,-0.12586824998155066,0.2573228380883745,0.013083066178376325,registered
229,1787909081.5890946,1787909081.5884151,224.04585693974158,224.04585693974158,196.72321467468905,223.73504784710642,223.5960822462206,0.4497746935209932,0.39288468984889846,0.2818076882937062,0.012210002750478725,registered
230,1787909081.6288018,1787909081.6279795,224.77992678824688,224.77992678824688,197.45728452319435,224.6251806061174,224.78295868024054,-0.0030318919936576094,-0.06501075113604315,0.2807161395849926,0.0110059188189037,registered
231,1787909081.645883,1787909081.645209,225.38194747474017,225.38194747474017,198.05930520968764,225.544812117741,225.29982157084217,0.08212590389800312,0.002106589549214277,0.2794205898638175,0.010165785860186806,registered
232,1787909081.6743567,1787909081.67379,226.40484963559442,226.40484963559442,199.08220737054188,226.43079559231006,226.15720917686227,0.24764045873214968,0.18526794232522548,0.263467981421913,0.00889984909185251,registered
233,1787909081.7031372,1787909081.702413,227.1666858747988,227.1666858747988,199.84404360974625,227.2403171276303,227.0158627271942,0.1508231476045978,0.10557621163420094,0.2633217876366125,0.008936628289036958,registered
234,1787909081.7314804,1787909081.7309318,228.07556931327787,228.07556931327787,200.75292704822533,228.00508519603727,227.8713836017715,0.20418571150636922,0.17522672153859276,0.2238588624662314,0.008025658693996065,registered
235,1787909081.7599041,1787909081.7593923,228.96832623519416,228.96832623519416,201.64568397014162,228.840534146839,228.72515933277774,0.24316690241641936,0.21579554702995551,0.20697593963081834,0.007959588451255408,registered
236,1787909081.789131,1787909081.7882369,229.59811791674204,229.59811791674204,202.2754756516895,229.70339040985667,229.59045730268966,0.0076606140523836075,-0.029806142739573716,0.18711456029379844,0.007527196339931318,registered
237,1787909081.817247,1787909081.81666,230.47437820967465,230.47437820967465,203.15173594462212,230.51583851949715,230.4431101339391,0.03126807573556789,0.0014365895971195641,0.11511029269390342,0.004864623114862524,registered
238,1787909081.8457913,1787909081.8452516,231.27396713755073,231.27396713755073,203.9513248724982,231.32140687182488,231.300819590208,-0.026852452657266213,-0.06645999353068532,0.16426929594025572,0.007164562940302008,registered
239,1787909081.8745072,1787909081.8738406,232.23895621523317,232.23895621523317,204.91631395018064,232.16451922493064,232.1584503719716,0.0805058432615624,0.05168127020687052,0.1414630694965837,0.006329986791956212,registered
240,1787909081.9029257,1787909081.90227,233.10538172056258,233.10538172056258,205.78273945551004,233.0140055756711,233.0112963133703,0.09408540719226721,0.08035633780519902,0.1298942194145705,0.0059055734737544635,registered
241,1787909081.9316216,1787909081.9309924,233.7631506198376,233.7631506198376,206.44050835478507,233.8805522706237,233.87292519044635,-0.1097745706087494,-0.13314482159873364,0.09568510752975734,0.004389274774132116,registered
242,1787909081.9601948,1787909081.9595625,234.64550990267892,234.64550990267892,207.3228676376264,234.72953072859016,234.7299909462177,-0.08448104353877284,-0.09707793368315265,0.0863291329704983,0.003988153072953988,registered
243,1787909081.988773,1787909081.9881165,235.76764158244396,235.76764158244396,208.44499931739142,235.58321842374625,235.58657035050203,0.1810712319419281,0.1772398694216406,0.10999475428010609,0.005068178011582981,registered
244,1787909082.017821,1787909082.0167618,236.37683300316505,236.37683300316505,209.0541907381125,236.4445917818434,236.44588905801473,-0.06905605484968191,-0.08324714400777111,0.09339813743362008,0.0042695654631303296,registered
245,1787909082.0458348,1787909082.045194,237.26542099318496,237.26542099318496,209.94277872813242,237.3115323492525,237.2988136739187,-0.033392680733726365,-0.028691125499534564,0.13508653657905698,0.006061977300261316,registered
246,1787909082.0745125,1787909082.0738983,238.1792994298557,238.1792994298557,210.85665716480315,238.18560964340855,238.15990613391344,0.019393295942251143,-0.015310003545465634,0.10386523156689144,0.004556654491448723,registered
247,1787909082.1030867,1787909082.1025136,239.042651123088,239.042651123088,211.72000885803547,239.00742208080402,239.0183236607296,0.0243274623584,-0.013139671345555826,0.09355750990850824,0.004033396238238374,registered
248,1787909082.1316967,1787909082.1309783,239.92125728198903,239.92125728198903,212.5986150169365,239.82321059315188,239.87222813183536,0.04902915015367171,0.009112659777457566,0.10065915983244397,0.0043043836282226,registered
249,1787909082.1601338,1787909082.1595926,240.6274990870053,240.6274990870053,213.30485682195277,240.6836915847868,240.73061704974052,-0.10311796273521168,-0.13304107922985509,0.09383256499443775,0.004017342830149005,registered
250,1787909082.1890123,1787909082.188026,241.47945203240593,241.47945203240593,214.1568097673534,241.48879724197167,241.5835774267832,-0.10412539437726309,-0.1359758476397417,0.13720266894045952,0.005920894826533851,registered
251,1787909082.2174673,1787909082.2167418,242.27263400653166,242.27263400653166,214.94999174147912,242.3272495851574,242.44501319371,-0.17237918717833622,-0.2224876856932383,0.1023739923154313,0.004463399699977056,registered
252,1787909082.2460256,1787909082.2454147,243.235299777438,243.235299777438,215.91265751238546,243.20911571726288,243.3051615596417,-0.0698617822037022,-0.12727155677887936,0.12173654957749133,0.0053808629009423625,registered
253,1787909082.2751646,1787909082.2745883,244.05915389511196,244.05915389511196,216.73651163005943,244.0914952753547,244.18032960384903,-0.12117570873706995,-0.1781894136617268,0.09526481792656588,0.004268936670260754,registered
254,1787909082.3029253,1787909082.3024135,244.87654267291205,244.87654267291205,217.55390040785952,244.97761828861525,245.01504464790077,-0.13850197498871353,-0.19043002985267776,0.10762284294496581,0.004905459389219909,registered
255,1787909082.331869,1787909082.3312125,246.02271319464467,246.02271319464467,218.70007092959213,245.86649042176646,245.8789765423124,0.1437366523322794,0.10961679923113365,0.1305271425312703,0.006120042654996933,registered
256,1787909082.3600934,1787909082.3595915,246.82025721507,246.82025721507,219.49761495001746,246.73476166128432,246.73030621142803,0.08995100364197128,0.0488886847403478,0.09707442768953518,0.004634349582640739,registered
257,1787909082.3890102,1787909082.3882189,247.48367739795762,247.48367739795762,220.16103513290508,247.54947097576604,247.58908850185946,-0.10541110390184372,-0.15334437186743344,0.10326521201555357,0.0049816188051412715,registered
258,1787909082.4172614,1787909082.4166946,248.3558188708523,248.3558188708523,221.03317660579975,248.3923137740214,248.4433219754417,-0.08750310458941613,-0.12461674518135624,0.07448101879190522,0.003610167888623939,registered
259,1787909082.4462745,1787909082.4456577,249.29248591363387,249.29248591363387,221.96984364858133,249.24030165348069,249.31217460254553,-0.019688688911656982,-0.051723793155986186,0.10108301618509251,0.004873442992353285,registered
260,1787909082.4746165,1787909082.4740746,249.97551832882868,249.97551832882868,222.65287606377615,250.0539619920355,250.16464147587345,-0.18912314704476785,-0.2342920778816051,0.12183480919758763,0.00583122888011543,registered
261,1787909082.5030427,1787909082.5024712,250.8309607237496,250.8309607237496,223.50831845869706,250.91516551693525,251.01650040984262,-0.18553968609302274,-0.21423930938883018,0.1340015865152386,0.006366918741260909,registered
262,1787909082.5318716,1787909082.5313106,251.94150814339392,251.94150814339392,224.61886587834138,251.82022784433357,251.88164103074402,0.05986711264989708,0.030073785014025134,0.1300929481751899,0.0061872456195208765,registered
263,1787909082.5602462,1787909082.559513,252.7296130746043,252.7296130746043,225.40697080955175,252.71255265278353,252.72767805132446,0.0019350232798274192,-0.05241846813845541,0.08716142831791684,0.004178298550234695,registered
264,1787909082.5888278,1787909082.588268,253.4782574475651,253.4782574475651,226.15561518251258,253.54841745803154,253.5902867836023,-0.11202933603718179,-0.13799106337268086,0.10018861454048715,0.004850731252993433,registered
265,1787909082.6175325,1787909082.6169653,254.46695155431294,254.46695155431294,227.1443092892604,254.4244902567823,254.45116467676453,0.015786877548407574,-0.027069110175148126,0.07679342388613863,0.0037647725693826743,registered
266,1787909082.6459625,1787909082.6454077,255.40639750950638,255.40639750950638,228.08375524445384,255.3154110327708,255.30439683846174,0.10200067104463528,0.0418021914777853,0.12674584519515714,0.0062809232357629655,registered
267,1787909082.6746018,1787909082.6739352,256.0882782461832,256.0882782461832,228.7656359811307,256.1555699189904,256.1601823454658,-0.07190409928256258,-0.11245398771720261,0.09644427901860197,0.004823732935862171,registered
268,1787909082.7037544,1787909082.703092,256.7913452054796,256.7913452054796,229.4687029404271,257.00453863947234,257.0348497337306,-0.24350452825095203,-0.2855184900320751,0.11659021534887631,0.005906235998950061,registered
269,1787909082.7317562,1787909082.731131,258.04526488367384,258.04526488367384,230.7226226186213,257.869661778805,257.87598032607434,0.16928455759949657,0.1362492502940711,0.08114549047716595,0.004240302893542084,registered
270,1787909082.760321,1787909082.759695,258.86696676895355,258.86696676895355,231.54432450390104,258.7009236030511,258.7328601239242,0.13410664502939085,0.10275985421930045,0.05879310451285094,0.003138278749458284,registered
271,1787909082.7887845,1787909082.7881446,259.3765624974962,259.3765624974962,232.05392023244366,259.5020048940482,259.5863068524539,-0.2097443549577065,-0.23820455629072512,0.11360861520133025,0.0061305373153494064,registered
272,1787909082.81772,1787909082.8171258,260.3144928738119,260.3144928738119,232.99185060875936,260.3625192272907,260.4557030488667,-0.14121017505485156,-0.18571404222973342,0.10152306889680952,0.005542230881319665,registered
273,1787909082.8459654,1787909082.8454075,261.29293626562094,261.29293626562094,233.97029400056843,261.24736400962996,261.30411460906026,-0.011178343439297578,-0.05597850949030203,0.09135489920461462,0.004979226862166484,registered
274,1787909082.8745174,1787909082.8739238,261.9626885510917,261.9626885510917,234.64004628603914,262.0333508143967,262.15956396136005,-0.1968754102684045,-0.2530225744796155,0.07296017608611616,0.003944428928512562,registered
275,1787909082.9029863,1787909082.9024596,262.7912528146437,262.7912528146437,235.46861054959118,262.87510644906234,263.0155997963354,-0.22434698169166722,-0.2822217604536661,0.09169700548061425,0.004884165868706553,registered
276,1787909082.9317389,1787909082.9310467,264.0054279588557,264.0054279588557,236.6827856938032,263.7950176442201,263.873173360277,0.1322545985787258,0.07228937839116156,0.1330156019329798,0.006922581060007511,registered
277,1787909082.960371,1787909082.9597843,264.7431375219237,264.7431375219237,237.42049525687116,264.6772617332788,264.7352599799291,0.007877541994616877,-0.041640557433595404,0.10071113512293063,0.005185199914738872,registered
278,1787909082.9889216,1787909082.9882314,265.2168673893228,265.2168673893228,237.89422512427024,265.49811148243987,265.58863518618125,-0.37176779685850647,-0.425337338153156,0.11143033130562516,0.005710622108800717,registered
279,1787909083.0177007,1787909083.017058,266.4419437315084,266.4419437315084,239.11930146645585,266.3955932450786,266.45338958678417,-0.011445855275809436,-0.04263982377167963,0.05953737629172117,0.0030461488651044558,registered
280,1787909083.0459895,1787909083.0453777,267.48186988857435,267.48186988857435,240.15922762352184,267.29577450657257,267.30294550341773,0.1789243851566198,0.17392159782951921,0.11275354253746701,0.005833899806824962,registered
281,1787909083.0746028,1787909083.0739627,268.04567783204595,268.04567783204595,240.72303556699345,268.1148332335197,268.1604546973096,-0.11477686526365005,-0.1778387100141856,0.10155363384915081,0.005309147350006477,registered
282,1787909083.1036348,1787909083.1028328,268.7678800437091,268.7678800437091,241.4452377786566,268.96533620597154,269.0265179555908,-0.25863791188169216,-0.32537181017036687,0.1339877153862827,0.007117737178703022,registered
283,1787909083.1317441,1787909083.1311498,270.1287807969313,270.1287807969313,242.8061385318788,269.8681488350063,269.8759880454914,0.25279275143992663,0.1605026263195839,0.08799018553689089,0.004812766367842119,registered
284,1787909083.1605089,1787909083.159803,270.7331874308573,270.7331874308573,243.4105451658048,270.68288548563385,270.7355427765199,-0.0023553456625506897,-0.08335727163012052,0.07751207403455583,0.004276482155869757,registered
285,1787909083.1889625,1787909083.1882503,271.23427178309623,271.23427178309623,243.91162951804372,271.4608298708069,271.58892513499984,-0.35465335190357905,-0.4313094010809664,0.15191018242854365,0.008415011715341068,registered
286,1787909083.217606,1787909083.2169983,272.34901516558193,272.34901516558193,245.02637290052942,272.3215503861223,272.4513264526729,-0.1023112870909415,-0.17382898127817725,0.09548592467888002,0.005282612853948595,registered
287,1787909083.245872,1787909083.245383,273.4110846180841,273.4110846180841,246.08844235303158,273.21464192249,273.3028277752545,0.10825684282957582,0.04560268807961165,0.11192160293315485,0.00613412559046915,registered
288,1787909083.274679,1787909083.2740347,273.8850223203193,273.8850223203193,246.5623800552668,274.0235297240242,274.16233959291645,-0.2773172725971449,-0.3241669319761229,0.08053138140100888,0.004395964198554381,registered
289,1787909083.3036866,1787909083.302891,274.67632215346066,274.67632215346066,247.35367988840812,274.89791052369446,275.02798802198816,-0.3516658685275331,-0.3939016957374122,0.10560828736203388,0.0057485797514604045,registered
290,1787909083.331729,1787909083.331161,276.0607859376347,276.0607859376347,248.73814367258217,275.8355459903472,275.8760491230219,0.18473681461276215,0.15020548441790993,0.10550203389677487,0.00582517815073022,registered
291,1787909083.3604605,1787909083.35977,276.86727128657543,276.86727128657543,249.54462902152292,276.7120707044917,276.7342806919166,0.13299059465884966,0.09612541276248976,0.07922497751946429,0.0044574082462078566,registered
292,1787909083.38921,1787909083.3884509,277.28474700254014,277.28474700254014,249.96210473748764,277.53705410245306,277.5946650813641,-0.30991807882392663,-0.35501068709169203,0.12351422161276306,0.007028176460691179,registered
293,1787909083.4174619,1787909083.4169028,278.4245660030753,278.4245660030753,251.1019237380228,278.4313369785077,278.4481833321713,-0.023617329095969808,-0.08543886486265251,0.08866108285162783,0.005195475820746402,registered
294,1787909083.445993,1787909083.4453876,279.5573287790309,279.5573287790309,252.2346865139784,279.3062367891175,279.302688590408,0.2546401886228864,0.17963394832705148,0.10826235103060837,0.00645054281482224,registered
295,1787909083.474957,1787909083.4743757,279.99523859645285,279.99523859645285,252.6725963314003,280.07030784488563,280.17229220142565,-0.1770536049728264,-0.24720373380523597,0.1103427279597016,0.006580854107886825,registered
296,1787909083.5036333,1787909083.5026612,280.6736298165447,280.6736298165447,253.35098755149215,280.8808808912839,281.02081819726317,-0.34718838071850655,-0.4303753104665873,0.10616058717603638,0.006297227805349634,registered
297,1787909083.5318382,1787909083.5311387,281.9691115842108,281.9691115842108,254.64646931915829,281.7889715317233,281.87510173643966,0.09400984777113308,0.02799169937196666,0.08863132114875437,0.005093122636611874,registered
298,1787909083.5605946,1787909083.5598161,282.701465315739,282.701465315739,255.37882305068646,282.6198319293673,282.7353859946987,-0.03392067895967443,-0.10158864365061504,0.09057624342369842,0.005073606457327808,registered
299,1787909083.588956,1787909083.588236,283.1647715486192,283.1647715486192,255.84212928356672,283.4327486547463,283.58794584698734,-0.42317429836811016,-0.4950498361295388,0.12375819247901147,0.006821457417453048,registered
300,1787909083.6178768,1787909083.6171489,284.3742188596113,284.3742188596113,257.05157659455875,284.3652171079264,284.4552893540358,-0.08107049442452308,-0.12937992950713806,0.09416279574680435,0.005039705856869055,registered
301,1787909083.646278,1787909083.645675,285.5710316040034,285.5710316040034,258.24838933895086,285.3220546094846,285.31103194767337,0.25999965633002375,0.22908791802717587,0.12683251779839638,0.006808259567024298,registered
302,1787909083.674794,1787909083.6741445,286.0007893744482,286.0007893744482,258.67814710939564,286.15930648012176,286.1650794633341,-0.16429008888593444,-0.19700230641689132,0.0913238744352721,0.004945955247324411,registered
303,1787909083.7032988,1787909083.702554,286.8812453696038,286.8812453696038,259.55860310455125,287.02455462282035,287.0173246176018,-0.13607924799799775,-0.15550391381299278,0.1389403564017288,0.007723469799362703,registered
304,1787909083.7320163,1787909083.7314262,288.19838360307205,288.19838360307205,260.8757413380195,287.9398069461833,287.88345224593274,0.31493135713930087,0.27553344183530726,0.11694530989512182,0.0067777275146982405,registered
305,1787909083.7605352,1787909083.75992,288.89793374779543,288.89793374779543,261.5752914827429,288.73891378282804,288.7382221365963,0.15971161119915678,0.11649751969252975,0.08686042372840612,0.005116287472264988,registered
306,1787909083.7892482,1787909083.7883978,289.1800647590633,289.1800647590633,261.8574224940108,289.48388022336735,289.5925199802283,-0.4124552211649757,-0.4520599827879437,0.13470074680838034,0.00797081973062088,registered
307,1787909083.8177958,1787909083.8171155,290.33426102072394,290.33426102072394,263.0116187556714,290.33190523852056,290.4540129649771,-0.11975194425315294,-0.2004606221429981,0.07821891117018043,0.004651608369041293,registered
308,1787909083.8464553,1787909083.8454242,291.40591847417153,291.40591847417153,264.083276209119,291.2019803358738,291.3032327269064,0.10268574726512725,0.007529684674011605,0.12535338816711064,0.007327822291720158,registered
309,1787909083.8746922,1787909083.8740716,291.78697993268725,291.78697993268725,264.4643376676347,291.9676758615388,292.1626158044688,-0.37563587178158286,-0.4513550222810636,0.0906194450904967,0.005239268900288942,registered
310,1787909083.9033816,1787909083.9026585,292.64519623045584,292.64519623045584,265.3225539654033,292.8107381494699,293.0201822161827,-0.37498598572688024,-0.453988479696136,0.114430338550779,0.006406243245742121,registered
311,1787909083.9318252,1787909083.9313407,294.0361388227405,294.0361388227405,266.71349655768796,293.767195034383,293.88060951899666,0.15552930374383322,0.07682187180836308,0.1287502084760396,0.006815449017439044,registered
312,1787909083.9605353,1787909083.9599133,294.8108075552976,294.8108075552976,267.48816529024504,294.64152772752277,294.73774679704553,0.07306075825204061,0.01070691942504709,0.0978233052162367,0.005092667448098905,registered
313,1787909083.9889953,1787909083.988286,295.05726413050843,295.05726413050843,267.7346218654559,295.4894234175078,295.5888905082397,-0.5316263777312429,-0.5982306074182588,0.15277690710440212,0.00794441756394964,registered
314,1787909084.017534,1787909084.0169454,296.4670235228657,296.4670235228657,269.14438125781317,296.42889898942013,296.4486311971896,0.01839232567607496,-0.01600263937990576,0.08258565668462914,0.004450529510050237,registered
315,1787909084.0461745,1787909084.0455768,297.6510321152391,297.6510321152391,270.32838985018657,297.3482211572504,297.3075350754928,0.3434970397462962,0.300919814101519,0.11947675627494413,0.006861519660712903,registered
316,1787909084.074695,1787909084.0741308,298.04004440568866,298.04004440568866,270.7174021406361,298.1590654868331,298.16411447977714,-0.12407007408847903,-0.17510795794214573,0.09842387801967119,0.005771580332319321,registered
317,1787909084.103635,1787909084.102958,298.82745243466996,298.82745243466996,271.50481016961743,298.97449236680757,299.02889033706333,-0.20143790239336568,-0.23527526666373433,0.10698562347941641,0.006501347164847128,registered
318,1787909084.1318707,1787909084.1312115,300.1098300282631,300.1098300282631,272.78718776321057,299.89349300085655,299.8764579343823,0.23337209388080282,0.14623824609867597,0.10778958387804047,0.006754428099360039,registered
319,1787909084.1608813,1787909084.160066,300.78430753063384,300.78430753063384,273.4616652655813,300.67532205446724,300.742049145632,0.04225838500184409,-0.05390596940759451,0.09298313578139776,0.005839091788599689,registered
320,1787909084.1890209,1787909084.1883504,301.1071982597986,301.1071982597986,273.7845559947461,301.3999276313219,301.5905465325585,-0.48334827275988346,-0.5338038507223928,0.1421758549595152,0.008911743372083846,registered
321,1787909084.2178464,1787909084.2171934,302.1752962023058,302.1752962023058,274.85265393725325,302.26213158609295,302.4557944368762,-0.2804982345704161,-0.37487317005496834,0.10444123338259304,0.006445732008800802,registered
322,1787909084.2464762,1787909084.2458477,303.5384349662382,303.5384349662382,276.21579270118565,303.13607979882045,303.31538492904343,0.2230500371947528,0.10935215546368227,0.13229333195990567,0.007942933767241095,registered
323,1787909084.2748706,1787909084.2740471,303.7322227730025,303.7322227730025,276.40958050794995,303.92027128177085,304.1613289706631,-0.42910619766058744,-0.4965937102090834,0.12260709578592498,0.0073357512940070094,registered
324,1787909084.3046844,1787909084.303987,304.46110501512965,304.46110501512965,277.1384627500771,304.7849267353132,305.0594842748598,-0.5983792597301658,-0.5916233646329374,0.1469408514426139,0.008702213367376593,registered
325,1787909084.3318152,1787909084.3311865,306.05576631247925,306.05576631247925,278.7331240474267,305.71691666547326,305.8754318732948,0.1803344391844348,0.11931965786612864,0.16981528341979682,0.010064864241446567,registered
326,1787909084.360582,1787909084.3598742,306.68470015384867,306.68470015384867,279.36205788879613,306.55690655805273,306.7360236773471,-0.05132352349841085,-0.11626810336781546,0.13604003476553334,0.008142257991045612,registered
327,1787909084.3892174,1787909084.3884737,307.0642425357062,307.0642425357062,279.7416002706537,307.3531923777258,307.5939691571317,-0.5297266214254819,-0.5473006031716068,0.14775602865593732,0.008914301048724248,registered
328,1787909084.4181132,1787909084.417508,308.32785329591815,308.32785329591815,281.0052110308656,308.2685151994666,308.4649531481051,-0.13709985218696374,-0.11367371757387446,0.15571613804414217,0.00971135789296843,registered
329,1787909084.446121,1787909084.445575,309.30867446486604,309.30867446486604,281.9860321998135,309.1213165264325,309.30692770332337,0.0017467615426767225,-0.021038790688805875,0.16810504494268194,0.01078370763831827,registered
330,1787909084.474861,1787909084.4742262,309.81174930568795,309.81174930568795,282.4891070406354,309.89900051734867,310.16642521652983,-0.3546759108418769,-0.41012250991093424,0.12629144785425805,0.008221585930109791,registered
331,1787909084.5032911,1787909084.50271,310.61624279524244,310.61624279524244,283.2936005301899,310.78057717799527,311.0209018658556,-0.40465907061314965,-0.4657277995381719,0.14830216922514725,0.009895989673102176,registered
332,1787909084.5319293,1787909084.531324,311.80991890268706,311.80991890268706,284.4872766376345,311.6962263563111,311.87927647930525,-0.06935757661818798,-0.07035034238595017,0.1570346470056221,0.010925209968826354,registered
333,1787909084.560603,1787909084.5599136,312.58926554705664,312.58926554705664,285.2666232820041,312.54265453890605,312.7369287177521,-0.1476631706954663,-0.1602588627584396,0.1406123662333153,0.010082003443053742,registered
334,1787909084.5889714,1787909084.5883944,313.335446905084,313.335446905084,286.01280464003145,313.4224980444567,313.5913123881171,-0.2558654830331193,-0.3130475154983401,0.1695722812383683,0.012509065604944043,registered
335,1787909084.6176836,1787909084.6171277,314.3528302705451,314.3528302705451,287.03018800549256,314.3620289211915,314.45327026766967,-0.10043999712456753,-0.09980560788943649,0.15486341721869265,0.011803390087272395,registered
336,1787909084.646121,1787909084.645615,315.34571245291573,315.34571245291573,288.0230701878632,315.2599892470901,315.30785420041167,0.037858252504065604,0.029539730903366035,0.17194332834643927,0.013382334863436166,registered
337,1787909084.6747108,1787909084.6741474,316.10212454418456,316.10212454418456,288.779482279132,316.1070782024497,316.16378275197076,-0.06165820778619491,-0.12911741472436233,0.14374789096671617,0.011291676703493674,registered
338,1787909084.7034945,1787909084.7028856,316.9595943249118,316.9595943249118,289.63695205985925,316.98755250020497,317.02589082830605,-0.06629650339425552,-0.12077284492511353,0.1620793136423021,0.012825763606398241,registered
339,1787909084.7319453,1787909084.7313406,317.9698805714196,317.9698805714196,290.64723830636706,317.91426855448424,317.879502058074,0.0903785133455699,0.05780238912552704,0.18677861834261478,0.014946060872665774,registered
340,1787909084.7603102,1787909084.7597697,318.74793073791466,318.74793073791466,291.4252884728621,318.8075337181553,318.73233369501725,0.015597042897411484,-0.009874315614410989,0.15525165753763592,0.012585135323964332,registered
341,1787909084.7889845,1787909084.788394,319.5901501656917,319.5901501656917,292.26750790063915,319.70660174899075,319.5910230064879,-0.0008728407962053097,-0.043314793748095326,0.15792735074013717,0.013013811506102018,registered
342,1787909084.8180103,1787909084.817308,320.6442119506925,320.6442119506925,293.32156968564,320.6261961936368,320.45840227467517,0.18580967601735665,0.14726892682733705,0.13453874744448605,0.011273867834241984,registered
343,1787909084.8462436,1787909084.8456535,321.73189420583446,321.73189420583446,294.4092519407819,321.5453624991346,321.30873063190575,0.4231635739287185,0.3654012524196446,0.14969969098506783,0.012611853335429812,registered
344,1787909084.8747818,1787909084.8741796,322.3483424084736,322.3483424084736,295.0257001434211,322.410156090723,322.1644732255433,0.18386918293032295,0.14343033081604517,0.13914394116155412,0.011692852691571446,registered
345,1787909084.9033616,1787909084.9027874,323.25223651483157,323.25223651483157,295.92959424977903,323.26649138723104,323.0226690332992,0.2295674815323423,0.16826176872160659,0.13700115073652008,0.011427947971432102,registered
346,1787909084.9318047,1787909084.931257,324.1401799277394,324.1401799277394,296.81753766268685,324.15161026366945,323.87671654895996,0.26346337877942005,0.18179208195215324,0.10797817161721521,0.008948528528830636,registered
347,1787909084.9608257,1787909084.9600053,324.98294187025243,324.98294187025243,297.6602996051999,324.9691579397489,324.73912501886076,0.24381685139167075,0.20188901954736593,0.09569658239182495,0.007903472592104863,registered
348,1787909084.9892218,1787909084.988438,325.60511652455585,325.60511652455585,298.2824742595033,325.69628562236784,325.5920639392202,0.013052585335628919,-0.009861442655392239,0.15035465376127422,0.012384688343441391,registered
349,1787909085.018471,1787909085.0176573,326.5920362765232,326.5920362765232,299.26939401147064,326.49771828147607,326.4686052111556,0.12343106536758341,0.03500550553258108,0.144505086886679,0.01175893690908598,registered
350,1787909085.0464969,1787909085.0457308,327.5602342921146,327.5602342921146,300.2375920270621,327.3051352169987,327.3107728765231,0.24946141559149737,0.1647184647537756,0.12915066634624964,0.010183818143487127,registered
351,1787909085.0748415,1787909085.0742846,327.85628923958933,327.85628923958933,300.5336469745368,328.06834093324346,328.1673451285797,-0.3110558889903814,-0.39640925594437704,0.12520370284130442,0.009729943225643876,registered
352,1787909085.1036181,1787909085.1029732,328.57367195851776,328.57367195851776,301.2510296934652,328.86072656489847,329.0279655415429,-0.4542935830251622,-0.5376885391067958,0.1207707370706183,0.008977699376738158,registered
353,1787909085.1319077,1787909085.131322,329.9861293132379,329.9861293132379,302.66348704818535,329.7561523122529,329.87838687773433,0.10774243550355322,0.03855304027905504,0.12787685242840674,0.0085649205602934,registered
354,1787909085.160732,1787909085.1600895,330.6939152716675,330.6939152716675,303.37127300661496,330.6394495254205,330.7413746780829,-0.04745940641538482,-0.08546055912660222,0.1252475119712227,0.008072626128709178,registered
355,1787909085.1892104,1787909085.1885219,331.2783074146116,331.2783074146116,303.9556651495591,331.5169001295676,331.5943064462146,-0.3159990316029848,-0.28611394044099825,0.1740151277482684,0.011069197961931485,registered
356,1787909085.2188618,1787909085.2179394,332.54153327522334,332.54153327522334,305.2188910101708,332.4652705343479,332.4767912194104,0.06474205581292836,0.060612087661809255,0.12970645013903756,0.008538910469933563,registered
357,1787909085.246472,1787909085.2456853,333.6203791551214,333.6203791551214,306.29773689006885,333.2648705300133,333.3091317238491,0.3112474312723066,0.2787108023869109,0.15498718953101379,0.010908002542910866,registered
358,1787909085.2750654,1787909085.274373,334.07627723225573,334.07627723225573,306.7536349672032,334.08673595170444,334.16972352790134,-0.09344629564560591,-0.0958800711741219,0.12229394412354658,0.008859827229186108,registered
359,1787909085.305815,1787909085.304825,334.8051435047969,334.8051435047969,307.48250123974435,335.0272456598009,335.08324181730563,-0.27809831250874595,-0.29829715955276015,0.11897992010641929,0.008987986484423938,registered
360,1787909085.3342922,1787909085.3331628,335.889671976371,335.889671976371,308.56702971131847,335.98686537764945,335.93333415102046,-0.04366217464945521,-0.057081097809543735,0.12016978036867286,0.009548402385531762,registered
361,1787909085.3623707,1787909085.3603873,336.59411232418466,336.59411232418466,309.2714700591321,336.9167468646641,336.75003273336927,-0.1559204091846027,-0.159844986593896,0.13957770617199416,0.01140803097382024,registered
362,1787909085.4181147,1787909085.4174857,338.26350851782837,338.26350851782837,310.94086625277583,337.9000004985568,338.46290545282795,-0.19939693499958366,-0.19396259052598452,0.1288720230154534,0.011299809003968622,registered
363,1787909085.4464064,1787909085.4458184,339.07162898664023,339.07162898664023,311.7489867215877,338.92593346772657,339.31284758976,-0.24121860311976207,-0.24053007828916861,0.11619317482167724,0.010596479319240534,registered
364,1787909085.4748423,1787909085.4742951,339.90275961652884,339.90275961652884,312.5801173514763,339.9042399087113,340.1671096722533,-0.26435005572443515,-0.2665251542524629,0.1091402520581869,0.010378612615906568,registered
365,1787909085.5056624,1787909085.5050042,340.8118386837042,340.8118386837042,313.48919641865166,340.82987969546787,341.0883380631724,-0.27649937946819136,-0.28235189637234726,0.11963030822370148,0.011871562407639301,registered
366,1787909085.532322,1787909085.5317245,341.65078998116104,341.65078998116104,314.3281477161085,341.7352522551025,341.88990968382933,-0.2391197026682903,-0.23545251946632106,0.13489724862503205,0.013819042622852539,registered
367,1787909085.5610056,1787909085.560296,342.5085907182252,342.5085907182252,315.18594845317267,342.57219538426443,342.7470183529672,-0.23842763474198136,-0.23148652414084836,0.12853393310785904,0.01345549667478264,registered
368,1787909085.5891821,1787909085.5886664,343.4995727434576,343.4995727434576,316.17693047840504,343.48542650571534,343.5980905418838,-0.0985177984262009,-0.08837176950032699,0.10195011068331092,0.010781034753713867,registered
369,1787909085.6180067,1787909085.6174438,344.410042665149,344.410042665149,317.08740040009644,344.37962258015204,344.46137158357016,-0.05132891842117715,-0.04879655015957951,0.11458277997498496,0.012090636163254896,registered
370,1787909085.646111,1787909085.6454961,345.2875932940919,345.2875932940919,317.96495102903936,345.2588347578408,345.3029027006679,-0.015309406576022866,-0.02325654225069229,0.1339222858610146,0.014037998625767769,registered
371,1787909085.6752055,1787909085.6744752,346.22054218892487,346.22054218892487,318.89789992387233,346.12576688752165,346.172234527031,0.04830766189388669,0.03734326412768496,0.1533962324585572,0.016012401760134343,registered
372,1787909085.7040446,1787909085.7033474,346.979216611596,346.979216611596,319.65657434654344,347.0058118865701,347.03836215536194,-0.0591455437659647,-0.0660862600574319,0.16131385703598541,0.01688189029547422,registered
373,1787909085.7323706,1787909085.7316625,347.8030987317203,347.8030987317203,320.48045646666776,347.8943851941825,347.8877750274405,-0.08467629572021451,-0.0895067814311119,0.12316873396444185,0.012997072095190467,registered
374,1787909085.7608662,1787909085.7601213,348.74508913016854,348.74508913016854,321.422446865116,348.81454952519846,348.74150069285247,0.0035884373160683936,0.0015339942991658972,0.12234745385371003,0.013045134388903238,registered
375,1787909085.7891495,1787909085.7885334,349.6836761246676,349.6836761246676,322.3610338596151,349.7465919884145,349.59382452162544,0.08985160304217743,0.08456003955524238,0.13686506810800655,0.014629121990200543,registered
376,1787909085.817769,1787909085.8171341,350.77389258982066,350.77389258982066,323.4512503247681,350.67353317799143,350.4518057625488,0.32208682727184623,0.31825759362567396,0.12118929216073293,0.012768535445920801,registered
377,1787909085.8464115,1787909085.8456743,351.67148479437276,351.67148479437276,324.3488425293202,351.6073238392049,351.30797033762366,0.3635144567491011,0.3628794964800477,0.11697656110675583,0.012030353177532949,registered
378,1787909085.874912,1787909085.8743656,352.5408831119096,352.5408831119096,325.21824084685704,352.4886758964467,352.16866942509216,0.3722136868174175,0.36872217156457054,0.12714276097970653,0.012729845373491923,registered
379,1787909085.9035792,1787909085.9029574,353.32413189120564,353.32413189120564,326.0014896261531,353.3226882013899,353.0263860335888,0.2977458576168601,0.29233093987164693,0.13312162003972342,0.013059286226493456,registered
380,1787909085.932148,1787909085.9315841,354.12036210593556,354.12036210593556,326.797719840883,354.17279680046477,353.88514686733697,0.23521523859858462,0.21016953954898554,0.10108072733044422,0.009776739257931757,registered
381,1787909085.9607625,1787909085.9601524,354.9458651695607,354.9458651695607,327.62322290450817,354.9932960667338,354.7421554052863,0.2037097642743788,0.18081420449124153,0.0921872298085955,0.008821645307192814,registered
382,1787909085.9892845,1787909085.9887426,355.68802397788767,355.68802397788767,328.36538171283513,355.7529772495051,355.59982194818866,0.08820202969900492,0.06141877031666354,0.1454742560552275,0.013744655745383985,registered
383,1787909086.0178921,1787909086.0171885,356.62550815436526,356.62550815436526,329.3028658893127,356.5308246440015,356.45316139330214,0.17234676106312463,0.15074282678693862,0.12973728783059033,0.01189005234708532,registered
384,1787909086.046251,1787909086.0456815,357.5788895704523,357.5788895704523,330.25624730539977,357.38549805121755,357.3079098272824,0.27097974316990303,0.2575022687502724,0.1222958988257075,0.010618959448594232,registered
385,1787909086.0749006,1787909086.0743067,358.0746425285723,358.0746425285723,330.7520002635198,358.1881248433675,358.1666277476641,-0.09198521909178226,-0.16223102662519295,0.10829428678716883,0.009067334640662608,registered
386,1787909086.1035397,1787909086.1029098,358.711460898472,358.711460898472,331.3888186334195,359.01400362413,359.024680510865,-0.31321961239297025,-0.37457560256933675,0.11704331562126918,0.009314329804730126,registered
387,1787909086.1319659,1787909086.131368,0.0026204678217709443,360.00262046782177,332.67997820276923,359.88420357932614,359.8783847195937,0.1242357482280454,0.11263262730972201,0.14047312977323956,0.01024556281668026,registered
388,1787909086.160737,1787909086.1600769,0.9403170580698088,360.9403170580698,333.6176747930173,360.73137370898553,360.73961307191576,0.20070398615405338,0.21733737187582847,0.13346259934437874,0.009503824852855575,registered
389,1787909086.1893373,1787909086.1887789,1.336954279762324,361.3369542797623,334.0143120147098,361.54830626016474,361.600634009633,-0.2636797298706597,-0.24643722874446894,0.1539209391771203,0.01096661584014792,registered
390,1787909086.218157,1787909086.2176292,2.5424246214344635,362.54242462143446,335.2197823563819,362.40263971858,362.46610363301096,0.07632098842350388,0.060499986851255017,0.14477675494815442,0.01051006129282921,registered
391,1787909086.2463844,1787909086.2458045,3.3610847963657307,363.36108479636573,336.0384425313132,363.23436380083234,363.3113252996278,0.04975949673792002,0.02142578251522309,0.1410458125903459,0.010316977877364122,registered
392,1787909086.2754817,1787909086.274227,3.9029920007201326,363.90299200072013,336.5803497356676,363.9905047823887,364.163956674194,-0.26096467347389307,-0.30069312094940415,0.11736367499586803,0.008561289049253946,registered
393,1787909086.3037229,1787909086.3030264,4.637831099031985,364.637831099032,337.31518883397945,364.8215211476884,365.0279028730611,-0.3900717740291384,-0.4231000504445319,0.11835562832569074,0.008520730351553506,registered
394,1787909086.332023,1787909086.3314168,5.722768757571146,365.72276875757115,338.4001264925186,365.695204294787,365.8795758491088,-0.15680709153764383,-0.14939755662601328,0.18514697428236107,0.012988150469794225,registered
395,1787909086.36095,1787909086.3602898,6.604660119608752,366.60466011960875,339.2820178545562,366.52001532459246,366.745724934123,-0.1410648145142659,-0.1264658075166949,0.15873175425857916,0.011058985473348808,registered
396,1787909086.3898563,1787909086.3890889,7.341621459661667,367.34162145966167,340.01897919460913,367.3940338313954,367.60965682853464,-0.2680353688729724,-0.260985022055479,0.17053850485437727,0.012045340962966751,registered
397,1787909086.41802,1787909086.4174378,8.37558772708087,368.37558772708087,341.05294546202833,368.28439403877195,368.4600853169537,-0.0844975898728535,-0.09367417784039844,0.13964808313669727,0.0103040758418164,registered
398,1787909086.446584,1787909086.4459589,9.138727497056607,369.1387274970566,341.81608523200407,369.1330500953761,369.31567771380855,-0.17695021675194766,-0.19670404380008222,0.13704777260036471,0.010492407834227052,registered
399,1787909086.4748719,1787909086.4743564,9.992915947763379,369.9929159477634,342.67027368271084,369.9732318879281,370.1675652566887,-0.17464930892532493,-0.18648015986758537,0.1221528399879872,0.009652558573713598,registered
400,1787909086.5174758,1787909086.5163913,10.793256440903349,370.79325644090335,343.4706141758508,370.8576818691479,371.42855307465703,-0.6352966337536827,-0.6281163925122542,0.14079859591720426,0.011276585987096592,registered
401,1787909086.5322335,1787909086.5316484,11.671330841595648,371.67133084159565,344.3486885765431,371.763660738692,371.8862455850806,-0.21491474348493966,-0.18526030258340143,0.18906841094675245,0.015086291326615577,registered
402,1787909086.560877,1787909086.560205,12.610671673975219,372.6106716739752,345.2880294089227,372.64632904391533,372.74290366387015,-0.13223198989493312,-0.09153116654380256,0.1821836906590637,0.01428672314557632,registered
403,1787909086.5898128,1787909086.5890412,13.658660743328369,373.65866074332837,346.33601847827583,373.53482731314386,373.60795130581084,0.05070943751752566,0.057480125734400644,0.1597021720421739,0.012311345415668805,registered
404,1787909086.6178057,1787909086.6171622,14.51744949531934,374.51744949531934,347.1948072302668,374.41334520881225,374.4515422645007,0.06590723081865235,0.04416452564754536,0.16933766348884452,0.01306524287566919,registered
405,1787909086.6465156,1787909086.645863,15.323066151963758,375.32306615196376,348.0004238869112,375.31561260488724,375.31252744107917,0.010538710884588909,-0.011309727518550972,0.19617441670206562,0.015360300082193832,registered
406,1787909086.6749518,1787909086.674418,16.108001149079882,376.1080011490799,348.78535888402735,376.19561906474325,376.1691354542745,-0.061134305194627814,-0.06667258918361085,0.20956179341168027,0.016749182262897414,registered
407,1787909086.7036371,1787909086.7029147,16.967645386274626,376.9676453862746,349.6450031212221,377.0767753204666,377.0239983238988,-0.05635293762418314,-0.035949156800370474,0.1889918895509725,0.015382653993928092,registered
408,1787909086.7319975,1787909086.7314568,17.996157101830477,377.9961571018305,350.67351483677794,378.00426194326224,377.8802201167956,0.11593698503486394,0.15319626327578817,0.15054229286065285,0.012286263881075916,registered
409,1787909086.7609437,1787909086.7600458,19.00711378583958,379.0071137858396,351.68447152078704,378.94409082532735,378.73785089855926,0.2692628872803198,0.28056745757214685,0.14478831555544164,0.011556991979162462,registered
410,1787909086.7895002,1787909086.7889333,19.81548036140657,379.81548036140657,352.49283809635403,379.8565698326273,379.60443626946625,0.21104409194032314,0.17094862934328603,0.16071421491690907,0.012442842988109966,registered
411,1787909086.817923,1787909086.8173668,20.847546811486097,380.8475468114861,353.52490454643356,380.7615536452432,380.4574037987367,0.3901430127493768,0.34749004655719773,0.13914451979677922,0.01034514675579763,registered
412,1787909086.8468509,1787909086.846201,21.80378158638382,381.8037815863838,354.4811393213313,381.66163217909957,381.3223870706276,0.4813945157562216,0.44968261701819756,0.14411999504143935,0.01044641146928709,registered
413,1787909086.8751996,1787909086.874629,22.36432962367695,382.36432962367695,355.0416873586244,382.50235199540765,382.1751900986598,0.18913952501713993,0.16773651366941067,0.13129760331643958,0.009438424366910909,registered
414,1787909086.903918,1787909086.903299,23.186688665051406,383.1866886650514,355.86404639999887,383.31287524118704,383.03525263785855,0.1514360271928581,0.14611458023551904,0.10708828251221698,0.007627794144905062,registered
415,1787909086.9320443,1787909086.9315562,24.21459113680754,384.21459113680754,356.891948871755,384.1498161905449,383.88292751859376,0.3316636182137813,0.3347809368358412,0.10191759973669696,0.007096910450316112,registered
416,1787909086.9609127,1787909086.9602106,25.060279232447897,385.0602792324479,357.73763696739536,384.9351994726467,384.742518010761,0.3177612216869079,0.32396209474916304,0.10094026714414406,0.006749504527310905,registered
417,1787909086.9893317,1787909086.9887404,25.64087081759294,385.64087081759294,358.3182285525404,385.66605963372797,385.5983750400425,0.042495777550414005,0.04659818947880012,0.15131894163331036,0.009704167049260444,registered
418,1787909087.018192,1787909087.017474,26.497416053479753,386.49741605347975,359.1747737884272,386.4982434771889,386.4603400718228,0.03707598165692616,0.05266971036053292,0.11176247204704853,0.0066254975579869155,registered
419,1787909087.046775,1787909087.0460057,27.40810278400403,387.40810278400403,360.0854605189515,387.3502943245845,387.3162543189264,0.09184846507764632,0.11151861235504157,0.1108729862088133,0.006009501642275532,registered
420,1787909087.075305,1787909087.0746179,27.947995799248417,387.9479957992484,360.6253535341959,388.15812411193167,388.1745788667818,-0.2265830675333973,-0.24467525840145754,0.11432750542550224,0.0059275437026696035,registered
421,1787909087.1037123,1787909087.103062,28.790767912954607,388.7907679129546,361.46812564790207,389.0073267502761,389.0278610940733,-0.2370931811186665,-0.2529256179137178,0.11978736369972187,0.0059610962387140806,registered
422,1787909087.1327205,1787909087.1320748,30.263779488887337,390.26377948888734,362.9411372238348,389.9112731830041,389.8982085367769,0.36557095211043134,0.3666194710493187,0.14292418368789775,0.007168780111600916,registered
423,1787909087.1716473,1787909087.1709392,30.89951338583154,390.89951338583154,363.576871120779,390.773711914072,391.06408603012204,-0.16457264429050156,-0.16761208761198532,0.10288779547373972,0.0052429468766251215,registered
424,1787909087.1895695,1787909087.1889036,31.411313418547707,391.4113134185477,364.08867115349517,391.602411202501,391.60299208665,-0.19167866810226997,-0.18934054064493466,0.10543706707571499,0.005434692680133457,registered
425,1787909087.2179937,1787909087.2174287,32.473888082426356,392.47388808242636,365.1512458173738,392.44431133110277,392.4587060713766,0.015182011049773791,0.008767497842427474,0.09936238863371147,0.005208705851881108,registered
426,1787909087.2467146,1787909087.2460423,33.33601896689839,393.3360189668984,366.01337670184586,393.2269268898932,393.31707353259844,0.018945434299951103,0.008674348282170286,0.141220126905309,0.007496850500816364,registered
427,1787909087.2749648,1787909087.2744417,33.93203633338044,393.93203633338044,366.6093940683279,393.992249719096,394.1690182933006,-0.2369819599201719,-0.2519424190853101,0.12696065261966358,0.006825301828040181,registered
428,1787909087.3037567,1787909087.3031113,34.743174220835954,394.74317422083595,367.4205319557834,394.8608236169282,395.02906652804387,-0.2858923072079165,-0.3034543797683682,0.1401691082758757,0.007721257875334722,registered
429,1787909087.3323848,1787909087.3318174,35.75712560990462,395.7571256099046,368.4344833448521,395.75341140340487,395.8902090536329,-0.13308344372825331,-0.14673285086206533,0.12124596158046229,0.006933312657744581,registered
430,1787909087.3608794,1787909087.360196,36.63412459602995,396.63412459602995,369.3114823309774,396.6249010030475,396.74153157052075,-0.10740697449080017,-0.12105762856589308,0.13396095791596777,0.007894226224325248,registered
431,1787909087.3898764,1787909087.3890374,37.60602661238312,397.6060266123831,370.2833843473306,397.5475477739292,397.60672940924417,-0.0007027968610486823,-0.007225119372606059,0.1544887472638493,0.00933093354203536,registered
432,1787909087.418089,1787909087.4175391,38.47003743736502,398.470037437365,371.1473951723125,398.5126806851845,398.4617424756512,0.008294961713829707,0.00047252714432488574,0.1519430882335154,0.009314582040719324,registered
433,1787909087.4466865,1787909087.4460788,39.40957237376739,399.4095723737674,372.08693010871485,399.44114735006445,399.31789274627056,0.09167962749683056,0.0852762503737381,0.18100017381771163,0.011238112847810412,registered
434,1787909087.4751618,1787909087.474617,40.32223538670513,400.32223538670513,372.9995931216526,400.28511335081737,400.1740001035234,0.14823528318174795,0.14329185211346385,0.155679417228508,0.009769703058585929,registered
435,1787909087.5038042,1787909087.5032172,41.207390309928485,401.2073903099285,373.88474804487595,401.08829930780473,401.03196703999123,0.1754232699372551,0.15979653544911798,0.1708256097826854,0.010772244509309218,registered
436,1787909087.5323398,1787909087.5316234,42.03684235774375,402.03684235774375,374.7142000926912,401.93660052789755,401.8841120630704,0.1527302946733471,0.13460152350745602,0.1499033778713803,0.009383060879076735,registered
437,1787909087.5609832,1787909087.5603316,42.69716703626062,402.6971670362606,375.3745247712081,402.78800785329975,402.74531895870916,-0.04815192244853961,-0.06712561666716965,0.14745058054775503,0.009058514804002271,registered
438,1787909087.58964,1787909087.589053,43.353703355027335,403.35370335502733,376.0310610899748,403.59492720618994,403.6069192268742,-0.25321587184686223,-0.2607019555350689,0.15525875943346965,0.009236513948368571,registered
439,1787909087.618123,1787909087.6174572,44.42053731535651,404.4205373153565,377.097895050304,404.4736738133339,404.4590070321314,-0.03846971677489819,-0.05133241532274724,0.1295112716569894,0.007110567267593584,registered
440,1787909087.6466308,1787909087.645943,45.66000191998302,405.660001919983,378.3373596549305,405.41911336639487,405.31354089927913,0.3464610207038845,0.3300737206228632,0.16781165114061106,0.008204917375884274,registered
441,1787909087.67565,1787909087.6750193,46.22161544785831,406.2216154478583,378.8989731828058,406.2947004174331,406.18579083456433,0.035824613293982566,0.004685183458832398,0.1357268918428873,0.0063348882760478524,registered
442,1787909087.7039096,1787909087.7032523,47.05842020342561,407.0584202034256,379.7357779383731,407.14145818912533,407.0327433402968,0.025676863128808236,0.016578137709075236,0.13502569528019953,0.006026096919045872,registered
443,1787909087.732789,1787909087.7320094,48.327299889989774,408.3272998899898,381.00465762493724,408.03444296245004,407.89541644262437,0.43188344736540785,0.4284860826843442,0.14647700570931715,0.006543063762626334,registered
444,1787909087.7615247,1787909087.760731,48.92145222837257,408.9214522283726,381.59880996332004,408.8580999543293,408.7570238630172,0.16442836535537708,0.1659015259149328,0.11410917367539555,0.005205780120514355,registered
445,1787909087.789608,1787909087.788987,49.20980664476576,409.20980664476576,381.8871643797132,409.6068573403386,409.60466298261366,-0.394856337847898,-0.4000313084427489,0.1670754196741427,0.007717767398951194,registered
446,1787909087.818309,1787909087.8177123,50.421911256566034,410.42191125656603,383.0992689915135,410.45984588389354,410.46638483865047,-0.04447358208443575,-0.06204515534653865,0.0783816626188189,0.0038239739244789296,registered
447,1787909087.846706,1787909087.846065,51.648908667520516,411.6489086675205,384.326266402468,411.32119256457304,411.3169277627136,0.331980904806926,0.30535444764598196,0.10984204810691642,0.005596772150378134,registered
448,1787909087.8753297,1787909087.8746502,52.025748355936855,412.02574835593686,384.7031060908843,412.11349078112676,412.1744441088332,-0.1486957528963444,-0.17470961680885466,0.07982451191864753,0.004106314619490206,registered
449,1787909087.9042141,1787909087.9036996,52.763323827345516,412.7633238273455,385.440681562293,412.9704372922145,413.04588584238263,-0.2825620150371151,-0.3059654696410803,0.10603154865858709,0.005526463173860451,registered
450,1787909087.932355,1787909087.9317122,54.12054768199653,414.1205476819965,386.797905416944,413.8987513930757,413.8862225374461,0.2343251445504393,0.21177509194848199,0.09760072849919596,0.005119180690938924,registered
451,1787909087.9611168,1787909087.9602892,54.78847618340649,414.7884761834065,387.46583391835395,414.7130228016284,414.7434957078222,0.044980475584281976,0.02062049007031419,0.057681926765783306,0.0030178101008351246,registered
452,1787909087.9895363,1787909087.9889524,55.26382012853941,415.2638201285394,387.94117786348687,415.4944978074834,415.60335083241614,-0.3395307038767328,-0.38833646978611114,0.09300288762763784,0.004855832890945756,registered
453,1787909088.0184398,1787909088.0176728,56.42973206992309,416.4297320699231,389.10708980487055,416.41285135447424,416.46492249167017,-0.03519042174707465,-0.06946012784464983,0.06500523476738954,0.003403357026662403,registered
454,1787909088.056471,1787909088.055769,57.5511775925014,417.5511775925014,390.22853532744887,417.3451733262781,417.60775550720393,-0.0565779147025296,-0.07665079850812617,0.08322918609777237,0.004454317655275924,registered
455,1787909088.0750628,1787909088.0745463,57.97668820217535,417.97668820217535,390.6540459371228,418.1625440469852,418.1710506603603,-0.194362458184969,-0.20806205731616956,0.06923226119281595,0.003753591102016142,registered
456,1787909088.1039915,1787909088.1031637,58.881157215106214,418.8811572151062,391.5585149500537,419.043903604413,419.0295325572263,-0.14837534212006176,-0.16024053615285538,0.066161661085043,0.0036986328673715087,registered
457,1787909088.132292,1787909088.1317,60.288359351604186,420.2883593516042,392.96571708655165,419.99872762654695,419.8855826966571,0.4027766549471039,0.3753667102254781,0.08003128774689271,0.004637666336149607,registered
458,1787909088.160999,1787909088.160378,60.97228604433735,420.97228604433735,393.6496437792848,420.84819616412096,420.7458812593716,0.22640478496577998,0.1942338451083856,0.08840680386281022,0.005153043652189064,registered
459,1787909088.1898482,1787909088.1892207,61.301522156131,421.301522156131,393.97887989107846,421.6234222315744,421.6111220114615,-0.3095998553304753,-0.34611573272428586,0.08465638884239178,0.004933361167445923,registered
460,1787909088.218544,1787909088.2179184,62.58103405201342,422.5810340520134,395.2583917869609,422.5106057804718,422.47201420907925,0.109019842934174,0.060467255847072465,0.05540435494730886,0.003178914448233718,registered
461,1787909088.2594326,1787909088.2586348,63.64902950777514,423.64902950777514,396.3263872427226,423.38114546430177,423.6934502075885,-0.044420699813372266,-0.10322568827342593,0.11020747337754852,0.00620035265075437,registered
462,1787909088.2751212,1787909088.2745965,63.92011724865523,423.92011724865523,396.5974749836027,424.1521937093098,424.1722775510142,-0.25216030235895914,-0.3106787323617368,0.08804526981143912,0.004933593527334247,registered
463,1787909088.304084,1787909088.3033128,64.7333729419629,424.7333729419629,397.41073067691036,424.9741955090155,425.03372762239644,-0.30035468043354285,-0.35951976996227586,0.08812384494689439,0.0049075956503331925,registered
464,1787909088.3393886,1787909088.3386128,66.25973020316997,426.25973020316997,398.93708793811743,425.90125064767267,426.0926793108749,0.16705089229503756,0.11067475368713531,0.061216075097947284,0.003483792328180148,registered
465,1787909088.3614397,1787909088.3605733,66.83743750541902,426.837437505419,399.5147952403665,426.7310537365378,426.7514638567253,0.08597364869370949,0.058129515692940004,0.05230048073106605,0.0030352860433762114,registered
466,1787909088.3901436,1787909088.389104,67.20488666365111,427.2048866636511,399.8822443985986,427.5352806068441,427.6073423426901,-0.4024556790390079,-0.4267453287296803,0.10055743695287303,0.005923614202606474,registered
467,1787909088.418362,1787909088.4177036,68.41838100124829,428.4183810012483,401.09573873619576,428.4655239441593,428.4652949747025,-0.04691397345419546,-0.07649922092059569,0.060819255118737786,0.0037894077871103216,registered
468,1787909088.4467888,1787909088.4462478,69.69641862891189,429.6964186289119,402.37377636385935,429.3640678725129,429.3215811376491,0.374837491262781,0.37953469864982026,0.07524627630111781,0.004947749437443469,registered
469,1787909088.4751961,1787909088.4746103,69.99058740735984,429.99058740735984,402.6679451423073,430.1354418396984,430.17241730304994,-0.18182989569010033,-0.1790886099215072,0.06189567556229113,0.004108728644758217,registered
470,1787909088.5039196,1787909088.503233,70.78821191331548,430.7882119133155,403.46556964826294,430.97475635433284,431.03105654892636,-0.24284463561087932,-0.2583741799260224,0.07714726922140591,0.0052134942480856926,registered
471,1787909088.5321412,1787909088.531632,72.22018645141992,432.2201864514199,404.8975441863674,431.90186483835737,431.88298700517305,0.3371994462468706,0.3170176432462881,0.0929340912274989,0.006283191840183948,registered
472,1787909088.5614345,1787909088.5607853,72.77602131495945,432.77602131495945,405.4533790499069,432.7241355433931,432.75754711002156,0.018474204937888317,-0.006358176359412937,0.07666104738855552,0.005134717058049863,registered
473,1787909088.589742,1787909088.5891073,73.14247446257923,433.14247446257923,405.8198321975267,433.51777917702634,433.6071673967049,-0.46469293412565094,-0.462611627108231,0.11165928941122477,0.00741887738000648,registered
474,1787909088.618393,1787909088.617789,74.42935336841458,434.4293533684146,407.10671110336204,434.43893153835404,434.4675803950634,-0.03822702664882627,-0.06763284374841305,0.0613845108523266,0.003955081172033646,registered
475,1787909088.6468222,1787909088.6461844,75.7089387512051,435.7089387512051,408.38629648615256,435.35580779346355,435.3194035678938,0.38953518331129544,0.360591479190532,0.09518461907393992,0.0060355501727559005,registered
476,1787909088.675572,1787909088.6749616,76.01603790237573,436.01603790237573,408.6933956373232,436.1708857773517,436.1826774573524,-0.16663955497665484,-0.2014217277792909,0.06664394022770563,0.0042249611801065115,registered
477,1787909088.703968,1787909088.7033467,76.88935594014168,436.8893559401417,409.56671367508915,437.06279769732623,437.0341930843895,-0.14483714424784466,-0.16780643237450477,0.08909462166566406,0.005681779970267938,registered
478,1787909088.7327344,1787909088.7320023,78.19859677742971,438.1985967774297,410.8759545123772,437.9912968938671,437.8938193376955,0.30477743973420957,0.2712338340252245,0.11141602307989194,0.007218614201289783,registered
479,1787909088.7610195,1787909088.760407,78.94782257138974,438.94782257138974,411.6251803063372,438.81593842021334,438.74592144740814,0.20190112398159954,0.1877588554316958,0.08051962036950848,0.005244975927925113,registered
480,1787909088.7898312,1787909088.789126,79.30785606630894,439.30785606630894,411.9852138012564,439.59832461661057,439.6074501932957,-0.29959412698673304,-0.2983921835792671,0.11526462999561227,0.007511631690457914,registered
481,1787909088.8179827,1787909088.8174775,80.51399840665096,440.51399840665096,413.1913561415984,440.47976767218233,440.45795735622005,0.056041050430906125,0.058630573686059506,0.07287629360321592,0.00469891509490301,registered
482,1787909088.8468754,1787909088.8462193,81.55463929153552,441.5546392915355,414.231997026483,441.3317858178953,441.3201727159716,0.23446657556394257,0.21804872668741382,0.09604380994170535,0.006051807857337724,registered
483,1787909088.8760252,1787909088.8752708,82.04490313230684,442.04490313230684,414.7222608672543,442.1318875567253,442.19167881957077,-0.14677568726392565,-0.15181863905246473,0.09810060440447232,0.0060973162332716435,registered
484,1787909088.9043026,1787909088.9037356,82.75360465572902,442.753604655729,415.4309623906765,442.9652270327,443.0455832906765,-0.29197863494749754,-0.30191426192345716,0.10042723814328311,0.00611502914290805,registered
485,1787909088.932755,1787909088.931999,84.0276824293735,444.0276824293735,416.70504016432096,443.8764522593999,443.89344412933326,0.13423830004023785,0.10952603298341046,0.1095633958850576,0.006479169738979743,registered
486,1787909088.9611192,1787909088.9604867,84.84572373164889,444.8457237316489,417.52308146659635,444.7280301655519,444.748035214303,0.0976885173458868,0.06932561687938232,0.08317117571048055,0.0048836107749062885,registered
487,1787909088.9897425,1787909088.989124,85.40332197037282,445.4033219703728,418.0806797053203,445.55882869516347,445.6071178983,-0.2037959279271604,-0.23814890918714582,0.12434138582902374,0.007312010243209806,registered
488,1787909089.0182588,1787909089.0175517,86.37370594986601,446.373705949866,419.05106368481347,446.4763007838892,446.45990662187666,-0.08620067201064785,-0.11969218007823201,0.08772906646735103,0.005224379808767805,registered
489,1787909089.0468395,1787909089.0462031,87.6134776466007,447.6134776466007,420.29083538154816,447.3984248063314,447.31941128731086,0.29406635928984315,0.2757765399019263,0.13188385697332422,0.008039462066600025,registered
490,1787909089.075367,1787909089.0747762,88.18468028529696,448.18468028529696,420.8620380202444,448.19709784672386,448.1765628698152,0.008117415481763146,-0.05640897467208106,0.10030100238014114,0.006169474952250647,registered
491,1787909089.104217,1787909089.103613,88.8625544523415,448.8625544523415,421.53991218728896,449.0344264504125,449.04162481621137,-0.17907036386986874,-0.2595928211303544,0.1336000314457658,0.008274598493860136,registered
492,1787909089.1327243,1787909089.1319492,90.1476367999947,450.1476367999947,422.82499453494216,449.9508937418671,449.8916742365597,0.25596256343499135,0.2617715219910224,0.1279623962610552,0.007923800904342774,registered
493,1787909089.1610522,1787909089.160433,90.86391448275378,450.8639144827538,423.54127221770125,450.8035824133809,450.74615088588547,0.11776359686831483,0.123092747211615,0.08669325090652363,0.005333182057902769,registered
494,1787909089.19024,1787909089.1895533,91.26465704300199,451.264657043002,423.94201477794945,451.5796159282101,451.61971683107674,-0.3550597880747546,-0.3744092436912183,0.10948269128546373,0.006701889425074287,registered
495,1787909089.2181857,1787909089.2176085,92.54433829586168,452.5443382958617,425.22169603080914,452.4595654038137,452.4613337749075,0.08300452095420496,0.09175607046302048,0.06956444209571466,0.004184129803310802,registered
496,1787909089.2469509,1787909089.2462947,93.63955419069157,453.63955419069157,426.31691192563903,453.37666763769187,453.32188266559325,0.3176715250983193,0.3212182955562639,0.1307972530488957,0.007773707850905707,registered
497,1787909089.275402,1787909089.2747562,94.04937716499074,454.04937716499074,426.7267348999382,454.19724345717833,454.17568700551044,-0.12630984051969563,-0.12224261356340094,0.11187699888344399,0.006630177375940613,registered
498,1787909089.3039773,1787909089.3034048,94.82328922543434,454.82328922543434,427.5006469603818,455.0535649346238,455.03510584421167,-0.21181661877733404,-0.23682355370254982,0.11613081495003981,0.006864523922092698,registered
499,1787909089.3325753,1787909089.331808,96.21167157967324,456.21167157967324,428.8890293146207,456.0098153713743,455.8871650405578,0.3245065391154185,0.3473033670760515,0.1144588152328171,0.006791248370157998,registered
500,1787909089.3609827,1787909089.3603044,97.00010295992047,457.00010295992047,429.67746069486793,456.8479138843767,456.7420136057266,0.2580893541938849,0.26581697305908847,0.10364802545589286,0.0061784253954680875,registered
501,1787909089.3901463,1787909089.3893101,97.38538283160449,457.3853828316045,430.06274056655195,457.6475572715469,457.61214648159773,-0.22676364999324505,-0.29897613811351675,0.1401023824100633,0.008368394232526144,registered
502,1787909089.4187407,1787909089.4179716,98.53885677999256,458.53885677999256,431.21621451494,458.5322113804639,458.47195154059744,0.06690523939511195,0.026630353622635994,0.08116365617063519,0.004853217657532719,registered
503,1787909089.4470353,1787909089.4464078,99.76100707474899,459.761007074749,432.43836480969645,459.402845807392,459.32499774437315,0.436009330375839,0.46980962320327535,0.14929856094285646,0.008805337824187593,registered
504,1787909089.4754958,1787909089.4747841,99.94060825289853,459.9406082528985,432.617965987846,460.160900448196,460.17624873898353,-0.23564048608500343,-0.24980149649758232,0.08115432355923499,0.004768846495236987,registered
505,1787909089.504069,1787909089.5035388,100.7688039402098,460.7688039402098,433.44616167515727,460.98117985223195,461.0388503190336,-0.27004637882379257,-0.31726432297193696,0.11477011483430305,0.006595465974389281,registered
506,1787909089.5325963,1787909089.531984,102.10654488767113,462.10654488767113,434.7839026226186,461.91685388178814,461.8921683074638,0.21437658020732897,0.2380260162490231,0.14513206735024783,0.00792740936816691,registered
507,1787909089.561162,1787909089.5606327,102.84936802700804,462.84936802700804,435.5267257619555,462.76121239984,462.75158714616504,0.09778088084300407,0.1216732130480409,0.10083114711438572,0.005336853889094446,registered
508,1787909089.589814,1787909089.5890949,103.28961605385155,463.28961605385155,435.966973788799,463.5471320991046,463.6054129427655,-0.3157968889139511,-0.36467045254141794,0.18157437804770188,0.009437745550860847,registered
509,1787909089.618083,1787909089.6175308,104.55669484979035,464.55669484979035,437.2340525847378,464.46292560044486,464.45845199431346,0.09824285547688305,0.10761278447091627,0.08148765506169606,0.0040536623938745315,registered
510,1787909089.6472037,1787909089.6464832,105.70838714348338,465.7083871434834,438.38574487843084,465.38392381221684,465.3269827711685,0.3814043723148757,0.3949604733360843,0.16106683157330076,0.007833821483911409,registered
511,1787909089.6754854,1787909089.6748757,105.95262222726404,465.95262222726404,438.6299799622115,466.1803643786992,466.1787201172659,-0.2260978900018813,-0.16676169859346146,0.1318390065432655,0.006398213239240783,registered
512,1787909089.7041,1787909089.7034624,106.73194965416843,466.73194965416843,439.4093073891159,467.04202302868146,467.036279376752,-0.3043297225835886,-0.22549297374069965,0.12755858269188583,0.006185719853947109,registered
513,1787909089.7328544,1787909089.7322214,108.2443129977708,468.2443129977708,440.92167073271827,467.9895137406244,467.8990096969016,0.3453033008692046,0.3117435707783329,0.109752888424426,0.0054361721610825895,registered
514,1787909089.7613156,1787909089.760794,109.06306306501176,469.06306306501176,441.7404207999592,468.83155234715593,468.75614697495047,0.30691609006129283,0.21963710166033934,0.10051671017169506,0.005065774954808175,registered
515,1787909089.7915277,1787909089.7909322,109.26625842978865,469.26625842978865,441.9436161647361,469.6303057336729,469.6602529326354,-0.39399450284673776,-0.3710481021927876,0.15489077400544485,0.007838308224079677,registered
516,1787909089.8184032,1787909089.8177488,110.64966098985013,470.64966098985013,443.3270187247976,470.5439655986572,470.46471405330345,0.18494693654668026,0.1497368477508303,0.0808243015349964,0.004163628872597178,registered
517,1787909089.846788,1787909089.8461523,111.69373477580189,471.6937347758019,444.37109251074935,471.4165732860688,471.3167804018774,0.37695437392449094,0.3697933733157015,0.11005394599447384,0.005637471153946678,registered
518,1787909089.8759005,1787909089.8752594,111.96411395501326,471.96411395501326,444.6414716899607,472.16766278317107,472.1899529745424,-0.22583901952913266,-0.21601524239042647,0.10423932180439126,0.005315061232761799,registered
519,1787909089.9040985,1787909089.903463,112.76519426772143,472.7651942677214,445.4425520026689,472.9923861118842,473.0360186040338,-0.270824336312387,-0.27895429204346556,0.12987106009120333,0.006486452253546603,registered
520,1787909089.9327173,1787909089.93207,114.17986576623497,474.17986576623497,446.85722350118243,473.9319964292153,473.89419295510646,0.2856728111285065,0.3184369035053578,0.13628485006169133,0.0064520782632239695,registered
521,1787909089.9615088,1787909089.9609177,114.84176356134509,474.8417635613451,447.51912129629255,474.7554850741948,474.75958390397915,0.08217965736594124,0.062109525313189806,0.09481730197628907,0.0043741085579465525,registered
522,1787909089.9899814,1787909089.9892683,115.30203213547242,475.3020321354724,447.9793898704199,475.5845431764169,475.6100624579925,-0.30803032252009643,-0.3845681442858222,0.13292426497285922,0.0060362197778970235,registered
523,1787909090.018713,1787909090.0178356,116.5530486204637,476.5530486204637,449.23040635541116,476.5149266540085,476.46704238703086,0.08600623343284042,0.0775881116128403,0.10405907845098833,0.004608553710257337,registered
524,1787909090.0469348,1787909090.0462382,117.7052866750978,477.7052866750978,450.38264441004526,477.4130730403464,477.31908012669373,0.3862065484040613,0.41036674896338354,0.15120151062452677,0.006726767693561972,registered
525,1787909090.0760095,1787909090.0750742,118.05549494152996,478.05549494152996,450.7328526764774,478.21924368720795,478.1841206164067,-0.12862567487673005,-0.15661871981984632,0.14024812104004347,0.006274580660831821,registered
526,1787909090.1041596,1787909090.1035664,118.89058174181196,478.89058174181196,451.5679394767594,479.0803500570487,479.0388475937037,-0.14826585189172192,-0.17347994983902026,0.15529884332768587,0.007066706159593082,registered
527,1787909090.1332574,1787909090.1325464,120.17165871245368,480.1716587124537,452.84901644740114,479.973921752293,479.90820802897775,0.2634506834759236,0.2629806520347415,0.1914957940047051,0.008895137889375798,registered
528,1787909090.1612418,1787909090.160568,120.8796298398251,480.8796298398251,453.55698757477256,480.7462169310316,480.74881650869577,0.1308133311293318,0.12524634243834498,0.17394946527349892,0.00808945243504324,registered
529,1787909090.1901011,1787909090.1893876,121.34859009387594,481.34859009387594,454.0259478288234,481.50600034171373,481.6133634946939,-0.2647734008179441,-0.2877778085429554,0.1591583551177596,0.007367924109355271,registered
530,1787909090.218366,1787909090.2177343,122.39367786671983,482.3936778667198,455.0710356016673,482.4054773827829,482.46372761306327,-0.07004974634344308,-0.060135928250645065,0.1431006978888321,0.0064664008935320025,registered
531,1787909090.246928,1787909090.2462435,123.38504867373751,483.3850486737375,456.062406408685,483.28737187330324,483.3189623985305,0.06608627520699883,0.05924650839477863,0.18931877867124816,0.00828276465554266,registered
532,1787909090.2755806,1787909090.2749944,123.86024979407216,483.86024979407216,456.5376075290196,484.10430229072387,484.1814495429366,-0.32119974886444425,-0.35258083387822126,0.20313860656192798,0.008761841311261927,registered
533,1787909090.3039904,1787909090.3034558,124.88996672251307,484.88996672251307,457.56732445746053,484.9779053968867,485.03525388285385,-0.1452871603407857,-0.16858135877299674,0.2274223402079037,0.009631981298049663,registered
534,1787909090.3330264,1787909090.332179,126.23545697247607,486.2354569724761,458.91281470742354,485.8794533401281,485.89691136884085,0.33854560363522523,0.33744941174046517,0.23189302089229152,0.00990904839854073,registered
535,1787909090.3614497,1787909090.3607721,126.79480371709161,486.7948037170916,459.4721614520391,486.7064915512375,486.75466373847627,0.04013997861534335,0.04793908961380566,0.24892901964328207,0.010761794519614341,registered
536,1787909090.3898904,1787909090.3892212,127.29106058487417,487.2910605848742,459.96841831982164,487.50517317040783,487.60809616255045,-0.317035577676279,-0.32350533677868043,0.2532106481193429,0.011084717257056648,registered
537,1787909090.431523,1787909090.430429,128.30538816662846,488.30538816662846,460.9827459015759,488.33636337926146,488.8442729024531,-0.538884735824638,-0.5506881314075258,0.2303327610247381,0.010398448342309593,registered
538,1787909090.4469438,1787909090.4463549,129.2078452327263,489.2078452327263,461.88520296767376,489.09660280874743,489.3220274117162,-0.11418217898989269,-0.13037836078279952,0.2549350667448479,0.011933321981722636,registered
539,1787909090.4755547,1787909090.4749346,129.82986128338035,489.82986128338035,462.5072190183278,489.85782605168333,490.17937925659754,-0.34951797321718914,-0.3777362166539433,0.23625737461718269,0.011418868150060118,registered
540,1787909090.504156,1787909090.5035775,130.61437736389865,490.61437736389865,463.2917350988461,490.7227703506826,491.0386264418328,-0.42424907793412103,-0.4509601003096577,0.23158938246932217,0.011749884390161561,registered
541,1787909090.5329998,1787909090.5323813,131.64642768798353,491.64642768798353,464.323785422931,491.5794234236273,491.9027013807994,-0.2562736928158529,-0.27994301487422035,0.2263410343383906,0.012327614342189675,registered
542,1787909090.5611897,1787909090.5605094,132.4205805207439,492.4205805207439,465.09793825569136,492.4194017963466,492.7465069063217,-0.32592638557781584,-0.3423026044076778,0.21470365383361428,0.012304786391215896,registered
543,1787909090.5897672,1787909090.5892355,133.310319729958,493.310319729958,465.98767746490546,493.290910141632,493.6082502190418,-0.2979304890837966,-0.3195551305706772,0.25933778705551364,0.015624812668738731,registered
544,1787909090.6185193,1787909090.617893,134.2048371887659,494.2048371887659,466.88219492371337,494.20022134044643,494.46793369016973,-0.26309650140382246,-0.2688693765519474,0.24298425710732485,0.015235858642988256,registered
545,1787909090.6468549,1787909090.6462977,135.0256124757238,495.0256124757238,467.70297021067125,495.09970624972783,495.3200357998824,-0.29442332415862893,-0.2622514120814685,0.22887587428446846,0.014792497811179226,registered
546,1787909090.6755242,1787909090.6748672,136.06186719435385,496.06186719435385,468.7392249293013,495.988434195798,496.1770800989705,-0.11521290461666922,-0.12172291046863393,0.22855178120345565,0.01529866827558396,registered
547,1787909090.7040455,1787909090.7035682,136.90208795002127,496.90208795002127,469.57944568496873,496.9236136622916,497.03807242777674,-0.1359844777554713,-0.14083901328382353,0.238556676333229,0.016408801575265714,registered
548,1787909090.7328348,1787909090.7320976,137.84954831630444,497.84954831630444,470.5269060512519,497.86810103490313,497.8939151526028,-0.0443668362983658,-0.043808749739184805,0.21589873084432445,0.015230358206488326,registered
549,1787909090.761279,1787909090.7607512,138.78549348224038,498.7854934822404,471.46285121718785,498.80530030750924,498.75348418808676,0.03200929415362452,0.04040307423025524,0.21184191498717395,0.0151207358019831,registered
550,1787909090.790017,1787909090.7894654,139.728338932479,499.728338932479,472.40569666742647,499.76363922037467,499.6148698894193,0.11346904305969474,0.11343196824509505,0.21955086782210756,0.015546068764386394,registered
551,1787909090.8184102,1787909090.8177757,140.73422237670985,500.73422237670985,473.4115801116573,500.6592001619508,500.46413971694284,0.27008265976701296,0.2778472007173036,0.18565350178830198,0.012738286364541974,registered
552,1787909090.8470318,1787909090.8463573,141.6083474992298,501.6083474992298,474.28570523417727,501.54979365797806,501.3215487796462,0.2867987195836008,0.2993527183351148,0.19844002084995774,0.013080669662668281,registered
553,1787909090.8757176,1787909090.8750339,142.41820568500782,502.4182056850078,475.0955634199553,502.4358523715855,502.1818044289942,0.2364012560136075,0.2412000808230914,0.1842473632946814,0.011704506785027827,registered
554,1787909090.9040053,1787909090.9033978,143.36090835026368,503.3609083502637,476.03826608521115,503.3165463902155,503.0326835077616,0.32822484250209527,0.3218270092269222,0.19665010165927727,0.012152573227864453,registered
555,1787909090.9332747,1787909090.9325871,143.984659266417,503.984659266417,476.66201700136446,504.16199739914987,503.9083235990004,0.07633566741657205,0.06543783990736074,0.16652473814815755,0.010255783024022155,registered
556,1787909090.961746,1787909090.9611034,145.0249840037439,505.0249840037439,477.70234173869136,505.01220293106223,504.7637729513002,0.26121105244368437,0.25214191388016616,0.13719576276326684,0.00862920066862698,registered
557,1787909090.9933746,1787909090.9927502,145.9868281520458,505.9868281520458,478.66418588699327,505.8781387420155,505.71313105396115,0.2736970980846536,0.25801797192644926,0.13592086378223578,0.008898754344611234,registered
558,1787909091.0185251,1787909091.0179048,146.74370355013343,506.74370355013343,479.4210612850809,506.7432069634442,506.46773399498204,0.27596955515139143,0.2718392855891807,0.12241301415040191,0.008322450987353094,registered
559,1787909091.0469742,1787909091.0463588,147.48777254568495,507.48777254568495,480.1651302806324,507.5698831297281,507.321316615839,0.16645592984593804,0.1677782738896667,0.14650747734284475,0.010342649959779576,registered
560,1787909091.075601,1787909091.0750244,148.4657800520588,508.4657800520588,481.14313778700625,508.3995510151979,508.1812432627105,0.2845367893482944,0.27302718743993637,0.1295210454507286,0.009562694875791053,registered
561,1787909091.1040678,1787909091.1035442,149.21971854824807,509.21971854824807,481.89707628319553,509.1777884165749,509.0367998984265,0.18291864982154493,0.1635460407909477,0.103251928378599,0.007832359060215085,registered
562,1787909091.1326025,1787909091.132069,149.9580231277223,509.9580231277223,482.63538086266976,509.95389402293904,509.89250673092533,0.06551639679696564,0.055739863552162205,0.10640101057509475,0.008210538922385173,registered
563,1787909091.1614668,1787909091.160781,150.66362804421078,510.6636280442108,483.34098577915825,510.7483796127741,510.75382090998033,-0.0901928657695521,-0.09623497342499832,0.11176153202105693,0.008673482747788855,registered
564,1787909091.1906137,1787909091.1897418,151.5520677163429,511.5520677163429,484.22942545129035,511.54632053803243,511.6226091670344,-0.07054145069150763,-0.08911544940832528,0.14335386581586326,0.011028293315399566,registered
565,1787909091.2185824,1787909091.2179863,152.3405898972626,512.3405898972626,485.01794763221005,512.3293883963672,512.4699049796989,-0.12931508243633516,-0.14036566498953107,0.11375800281735654,0.00856949053851495,registered
566,1787909091.2469227,1787909091.2463994,153.1219750534019,513.1219750534019,485.7993327883494,513.1334317499836,513.3222574173828,-0.20028236398093213,-0.21055830245643392,0.15685210161991892,0.011489023612036908,registered
567,1787909091.2757983,1787909091.2751198,153.97748260447838,513.9774826044784,486.6548403394259,513.950471894579,514.1838290766368,-0.2063464721584296,-0.2121686999527128,0.11649213376770512,0.008291218829911375,registered
568,1787909091.3043644,1787909091.303644,154.79978191344378,514.7997819134438,487.4771396483913,514.7744639241861,515.0395144524524,-0.23973253900857117,-0.24165991892994043,0.14551921873317264,0.010227245527651347,registered
569,1787909091.3329847,1787909091.3321717,155.55954984126254,515.5595498412625,488.23690757621,515.5749306179946,515.8953071116842,-0.3357572704217091,-0.3564322609396413,0.16111126765299963,0.011446761903272228,registered
570,1787909091.3614786,1787909091.3608663,156.3736072687891,516.3736072687891,489.0509650037366,516.4065633578498,516.7561063303413,-0.382499061552096,-0.398284025345788,0.1424121234053258,0.010512882424186716,registered
571,1787909091.3902028,1787909091.3895876,157.2639974001246,517.2639974001246,489.9413551350721,517.2486458815338,517.6177065985063,-0.3537091983816367,-0.362126075564845,0.14915628596218344,0.011757837828097337,registered
572,1787909091.41902,1787909091.4183104,158.093617554027,518.093617554027,490.77097528897445,518.095971507361,518.4793497800378,-0.38573222601081625,-0.4051026405621201,0.12506940087984433,0.01057753686923862,registered
573,1787909091.4475935,1787909091.4469063,158.91010753948694,518.910107539487,491.58746527443446,518.9429225853617,519.3371879764062,-0.42708043691919784,-0.44952991344683824,0.14715017328651067,0.013291065860693025,registered
574,1787909091.4757795,1787909091.4750776,159.89581739577181,519.8958173957718,492.57317513071933,519.8221198120456,520.1822880551513,-0.2864706593794608,-0.30930452478872894,0.15401340225215449,0.014819091658511715,registered
575,1787909091.5043786,1787909091.5036905,160.71141000035925,520.7114100003593,493.3887677353067,520.7197694178706,521.04063405969,-0.32922405933072696,-0.3473753970946518,0.17312161757416705,0.017234710950521592,registered
576,1787909091.5335145,1787909091.5329137,161.58042308190647,521.5804230819065,494.257780816854,521.6069408375854,521.9172897672694,-0.3368666853628497,-0.34659618478633547,0.18479543342745983,0.018727061523072953,registered
577,1787909091.5614028,1787909091.5608625,162.45916685170994,522.4591668517099,495.13652458665746,522.522096357156,522.7557168175234,-0.29654996581348314,-0.30771044020389127,0.17244534957015023,0.017531423495360764,registered
578,1787909091.590048,1787909091.5894253,163.53486291929858,523.5348629192986,496.21222065424604,523.476637403579,523.6125608542345,-0.07769793493599764,-0.09348371344805173,0.20124863293027037,0.02040674353972881,registered
579,1787909091.6193004,1787909091.6186478,164.43350807142633,524.4335080714263,497.1108658063738,524.4260243529352,524.4891951051306,-0.055687033704373334,-0.0832346386247309,0.23190569304597053,0.023650950319577736,registered
580,1787909091.6501455,1787909091.649366,165.29164920215646,525.2916492021565,497.9690069371039,525.3868989414748,525.4106952807043,-0.11904607854785354,-0.14985470480030472,0.22234922208968216,0.023085122677330597,registered
581,1787909091.676101,1787909091.6751685,166.4002225989234,526.4002225989234,499.07758033387086,526.3534162341421,526.1847379767504,0.21548462217293718,0.19255216040130563,0.18075066073039225,0.019391558090722964,registered
582,1787909091.7042868,1787909091.7036204,167.39558759019246,527.3955875901925,500.07294532514,527.3146741637845,527.0382562275577,0.3573313626348522,0.3459372644871337,0.1891769294705264,0.020712087344849136,registered
583,1787909091.7331393,1787909091.7323368,168.16815674020097,528.168156740201,500.84551447514843,528.2054588355495,527.8997062989399,0.2684504412609954,0.26678271941773346,0.17355797988093238,0.018977279438974003,registered
584,1787909091.761554,1787909091.7608936,169.0876057009433,529.0876057009433,501.7649634358908,529.0893560542909,528.7563715299573,0.3312341709860789,0.33066754101099605,0.14385954961905723,0.015301571259554803,registered
585,1787909091.7903876,1787909091.789735,170.06153699002732,530.0615369900273,502.73889472497484,529.9926591499494,529.6215765209084,0.439960469118887,0.4314190788303449,0.134971567104301,0.013518002345103955,registered
586,1787909091.8187084,1787909091.8179553,170.84518700930994,530.8451870093099,503.5225447442574,530.8529260311332,530.4681428063424,0.37704420296751096,0.3659243435483859,0.13343810962048472,0.012518478206619083,registered
587,1787909091.8476834,1787909091.846684,171.52213770734681,531.5221377073468,504.1994954422943,531.6920731123865,531.3299647935677,0.19217291377907486,0.18521570445398083,0.15897153608029427,0.014036064413890697,registered
588,1787909091.8760028,1787909091.8753273,172.60111938165403,532.601119381654,505.27847711660155,532.56491987525,532.1892262832583,0.4118930983956943,0.42017427085818326,0.15132254179698443,0.012290338497238238,registered
589,1787909091.9047449,1787909091.9039762,173.59398224881966,533.5939822488197,506.2713399837671,533.4247277683274,533.0486522741874,0.5453299746322955,0.5709779023766259,0.14119867723188628,0.010983564443624614,registered
590,1787909091.9331617,1787909091.9323041,174.19206945667202,534.192069456672,506.8694271916195,534.2586190206284,533.8984513665645,0.29361809010754314,0.3276355113456475,0.16358515286998443,0.012615835399340435,registered
591,1787909091.9615936,1787909091.960882,175.00783603136654,535.0078360313665,507.685193766314,535.108280972839,534.7557459936238,0.2520900377427324,0.2918059463593181,0.13570311575951036,0.010508882642592471,registered
592,1787909091.9901252,1787909091.9894254,176.05388732484414,536.0538873248441,508.7312450597916,535.9782395097985,535.6120106998872,0.44187662495698987,0.4901415659492159,0.1194879678568274,0.00944872959166064,registered
593,1787909092.0189257,1787909092.018121,176.77072162451577,536.7707216245158,509.4480793594633,536.7733813141169,536.4728385274551,0.2978830970606623,0.33477410331443025,0.12144125995657179,0.009788633190307898,registered
594,1787909092.0473304,1787909092.046733,177.49300141454137,537.4930014145414,510.1703591494889,537.5543138996801,537.3311559230827,0.16184549145862093,0.1983731820786261,0.1423674864225737,0.011713006338731123,registered
595,1787909092.0758588,1787909092.0752015,178.4335831904051,538.4335831904051,511.11094092535257,538.3664541493906,538.1851748298325,0.24840836057256865,0.1758209858323312,0.1339440534954536,0.011293830266482877,registered
596,1787909092.1048033,1787909092.1040542,179.26071880914196,539.260718809142,511.9380765440894,539.1349388468705,539.050715975488,0.21000283365395944,0.14881903113854378,0.11783933721151416,0.010083522543191241,registered
597,1787909092.1331766,1787909092.1323075,179.74923391651816,539.7492339165182,512.4265916514656,539.8477640578009,539.8982764205791,-0.14904250406101482,-0.21271259094902462,0.12323207495690529,0.010584224677391832,registered
598,1787909092.1618695,1787909092.1612017,180.57170979670445,540.5717097967045,513.249067531652,540.5998529195454,540.7650620538632,-0.19335225715872184,-0.23545866620793277,0.10318628618698157,0.008822327438840333,registered
599,1787909092.1905951,1787909092.1895854,181.4652116850092,541.4652116850092,514.1425694199568,541.4096697873565,541.6165347675338,-0.151323082524641,-0.17715402707449357,0.10739289642639728,0.008984358224540075,registered
600,1787909092.218718,1787909092.2181,182.15107520372987,542.1510752037299,514.8284329386775,542.2261691232716,542.4719340542393,-0.3208588505094667,-0.3368453887178475,0.1163071584996827,0.009462872694204991,registered
601,1787909092.247427,1787909092.2466784,182.91890418087428,542.9189041808743,515.5962619158219,543.0914403462261,543.3292429857541,-0.4103388048798706,-0.4138908210163663,0.13905296724221478,0.010871856143655392,registered
602,1787909092.2759612,1787909092.2752771,184.0427207451944,544.0427207451944,516.720078480142,543.9958652083275,544.1871670088556,-0.14444626366116609,-0.12907544819290706,0.14455719590929372,0.010597333585971376,registered
603,1787909092.3050382,1787909092.3040621,185.07104033695055,545.0710403369505,517.7483980718981,544.8660957637803,545.0506769218299,0.020363415120641548,0.03479879768201499,0.1453424720519143,0.010146228870598139,registered
604,1787909092.333259,1787909092.3325086,185.71155197668384,545.7115519766838,518.3889097116314,545.7004884020691,545.9040306713989,-0.19247869471507784,-0.16108471462666785,0.1529118764097817,0.010491396458287137,registered
605,1787909092.3617883,1787909092.3609333,186.56428024291267,546.5642802429127,519.2416379778603,546.548936319881,546.7567335682426,-0.19245332532989323,-0.16869580962975306,0.16574758944882628,0.011366213210059737,registered
606,1787909092.3908217,1787909092.3898113,187.35372447575617,547.3537244757562,520.0310822107037,547.3961590700956,547.6230328500395,-0.2693083742833551,-0.24886243743969771,0.175826129226888,0.012343598868856356,registered
607,1787909092.419286,1787909092.4185224,188.13629775506638,548.1362977550664,520.813655490014,548.2039797042189,548.4843255724113,-0.3480278173449278,-0.3257632842589828,0.1830427205556985,0.013380675272240244,registered
608,1787909092.4477453,1787909092.4470415,188.93081553842626,548.9308155384263,521.6081732733738,549.0246006552934,549.3398607514441,-0.4090452130178619,-0.391386702166983,0.18161224868894466,0.013935177623852164,registered
609,1787909092.4760168,1787909092.4752877,189.99884809979073,549.9988480997907,522.6762058347383,549.9211535188185,550.1872066297029,-0.18835852991219326,-0.18128632461730376,0.17657024459158796,0.014371209224737539,registered
610,1787909092.5049906,1787909092.50403,190.92148528933637,550.9214852893364,523.598843024284,550.8210175143586,551.0494362939099,-0.12795100457356057,-0.15131151853029223,0.19508069472840528,0.016439397075994792,registered
611,1787909092.5331419,1787909092.532473,191.64926507391,551.64926507391,524.3266228088576,551.7075425930016,551.9026899122904,-0.253424838380397,-0.2759529707718684,0.2387741931382355,0.020447829871577023,registered
612,1787909092.561759,1787909092.5609784,192.56052404181082,552.5605240418108,525.2378817767584,552.6037766153477,552.7578102621137,-0.19728622030288534,-0.21157343884760849,0.23688597616701015,0.02052826179642947,registered
613,1787909092.5902429,1787909092.5895941,193.6366070382103,553.6366070382103,526.3139647731579,553.5351080714568,553.6162420933854,0.02036494482490525,0.01619370878245263,0.24240109858158485,0.021338097169919034,registered
614,1787909092.6191638,1787909092.6184819,194.41496597729986,554.4149659772999,527.0923237122474,554.445552826989,554.4828346165201,-0.06786863922025077,-0.06940272992483187,0.2423397402601431,0.02173257352885835,registered
615,1787909092.6473358,1787909092.6467185,195.24309863766246,555.2430986376625,527.92045637261,555.3842627249504,555.3298944056688,-0.08679576800636823,-0.09653174836932976,0.229333135257528,0.021069450897709525,registered
616,1787909092.6761482,1787909092.675519,196.40219112829857,556.4021911282986,529.0795488632461,556.3899185126298,556.1938692134469,0.2083219148516946,0.19075847381873245,0.24369659298093005,0.022956896918514297,registered
617,1787909092.7052863,1787909092.7040899,197.4675239949945,557.4675239949945,530.1448817299421,557.3676232903381,557.0509564259015,0.4165675690929902,0.3990853236020939,0.22889591979359825,0.021449193177803264,registered
618,1787909092.7331808,1787909092.7324886,198.23724092488692,558.2372409248869,530.9145986598345,558.3070421042455,557.9028797299204,0.3343611949665046,0.3285067043723302,0.21653166052179,0.01976756371545403,registered
619,1787909092.7617278,1787909092.761117,199.27003211334102,559.270032113341,531.9473898482886,559.2489527913382,558.7616906292628,0.508341484078187,0.5249075831569598,0.18523078458302614,0.015941310951196153,registered
620,1787909092.7904449,1787909092.7897286,200.32819918650534,560.3281991865053,533.0055569214529,560.1744889845977,559.6200008726628,0.7081983138425585,0.7486787588931065,0.1979878146050323,0.015942030304352692,registered
621,1787909092.818885,1787909092.8181431,200.93698985993046,560.9369898599305,533.614347594878,561.0055678448646,560.4723962237132,0.46459363621727334,0.49762204065598326,0.1982170782914927,0.015518927720446649,registered
622,1787909092.8475087,1787909092.8469267,201.74167589090302,561.741675890903,534.4190336258506,561.8204554202263,561.3358632233211,0.4058126675819267,0.41275597804963127,0.20507321708486528,0.015788716559263557,registered
623,1787909092.8760853,1787909092.8754566,202.6711344930094,562.6711344930094,535.348492227957,562.6369952376854,562.1917202526026,0.4794142404067543,0.4681579692766036,0.18120810307201005,0.014028918485093059,registered
624,1787909092.904806,1787909092.903843,203.53500021635716,563.5350002163572,536.2123579513047,563.430343079584,563.0432716407785,0.49172857557869065,0.47739275106073364,0.16957324289177822,0.013307617904565052,registered
625,1787909092.9334807,1787909092.9328198,204.085366774161,564.085366774161,536.7627245091086,564.2101940372286,563.9125390970919,0.17282767706910818,0.15685423678655752,0.1613754353636116,0.012736830205691588,registered
626,1787909092.9623175,1787909092.961661,205.03581224851484,565.0358122485148,537.7131699834624,565.0574212534943,564.7777369358153,0.2580753126995887,0.2514954829175622,0.13602469439714696,0.010709681784138914,registered
627,1787909092.9906766,1787909092.989962,205.88725414581586,565.8872541458159,538.5646118807634,565.8971877559061,565.6267278264565,0.2605263193593146,0.2660416786376345,0.14574684102465515,0.011295614823361961,registered
628,1787909093.0234783,1787909093.0222142,206.72596721808475,566.7259672180847,539.4033249530323,566.6962160134545,566.5942454353755,0.1317217827092918,0.13764577973688574,0.14823987336960912,0.011214490270698556,registered
629,1787909093.0494099,1787909093.0484877,207.4506584441948,567.4506584441948,540.1280161791424,567.4249443097215,567.3824137812284,0.0682446629664355,0.07347595249916594,0.16275566369400885,0.012010113212687683,registered
630,1787909093.0765436,1787909093.0757282,208.44865069101627,568.4486506910163,541.1260084259638,568.2442079712837,568.1995915628364,0.24905912817985154,0.18440865963987108,0.12349370466819028,0.008751504969117509,registered
631,1787909093.1057427,1787909093.1047938,209.1000187816893,569.1000187816893,541.7773765166369,569.0785236845618,569.071519647873,0.028499133816353606,-0.030183065535538844,0.13081908367454925,0.008964930079793482,registered
632,1787909093.1340458,1787909093.1331403,209.68244372999345,569.6824437299935,542.359801464941,569.954513229156,569.9218766140145,-0.23943288402108465,-0.30442519314181027,0.1263336654712002,0.008337429449575391,registered
633,1787909093.161832,1787909093.1611452,210.54722586813944,570.5472258681394,543.224583603087,570.9203803865001,570.7619844377899,-0.2147585696504848,-0.25771568126435795,0.15067535302055743,0.009244947615148725,registered
634,1787909093.2188745,1787909093.2182407,212.18427272422502,572.184272724225,544.8616304591726,571.8959669540443,572.4747713305156,-0.29049860629061186,-0.284507594965703,0.18938229377486263,0.00969645312486225,registered
635,1787909093.2472217,1787909093.2467434,213.0174059919732,573.0174059919732,545.6947637269208,572.8582037673123,573.3298130058337,-0.3124070138604793,-0.30387412630363997,0.18198439116022935,0.008595118945870322,registered
636,1787909093.2759242,1787909093.2753086,213.9162282656995,573.9162282656995,546.5935860006471,573.886921627429,574.1867285648223,-0.27050029912277296,-0.2645443904958711,0.21437860892878122,0.009723521572415933,registered
637,1787909093.3044736,1787909093.3037152,214.99236189432156,574.9923618943216,547.6697196292691,574.8928813074252,575.0388878923569,-0.0465259980353494,-0.03672891809378598,0.23817749316087955,0.011066155433372811,registered
638,1787909093.3332083,1787909093.3325424,215.57426236902074,575.5742623690207,548.2516201039683,575.7929645584028,575.9036637496431,-0.32940138062235746,-0.3272845894548482,0.22677531805843767,0.010885661364437109,registered
639,1787909093.361906,1787909093.361214,216.57819878938346,576.5781987893835,549.255556524331,576.6043997600407,576.7637692022083,-0.18557041282485898,-0.18524912127259086,0.21805964545613005,0.01112866313363997,registered
640,1787909093.3905218,1787909093.3898075,217.64724881923723,577.6472488192372,550.3246065541848,577.5011206698866,577.6215358762992,0.025712942938071137,0.014289026693745654,0.22297164090706925,0.012003433390317304,registered
641,1787909093.419933,1787909093.419089,218.36387786380442,578.3638778638044,551.041235598752,578.3611863899912,578.4999438796774,-0.13606601587298428,-0.14950666450431527,0.24819010127259641,0.013711853500564704,registered
642,1787909093.447281,1787909093.4467492,219.13308272666893,579.1330827266689,551.8104404616165,579.1796755401755,579.3297095821259,-0.19662685545699787,-0.21174416531982843,0.2541544654525509,0.014307884637357587,registered
643,1787909093.4761634,1787909093.4754102,220.10186469555185,580.1018646955519,552.7792224304994,580.0933681234703,580.1895003366701,-0.08763564111825417,-0.10504849894550716,0.2505453067008132,0.014221184917356761,registered
644,1787909093.5044754,1787909093.5039341,221.05469389173845,581.0546938917385,553.732051626686,581.0140444968307,581.0451785602579,0.009515331480542955,-0.01992652135811568,0.26350778463121016,0.014740119155230205,registered
645,1787909093.5331888,1787909093.532549,221.7450911572828,581.7450911572828,554.4224488922304,581.9235376078439,581.9035817826186,-0.15849062533584402,-0.19433310597275977,0.24852286253562997,0.013504294765402679,registered
646,1787909093.5619948,1787909093.561146,222.7565370628447,582.7565370628447,555.4338947977923,582.8904860496082,582.7614557401257,-0.004918677281011696,-0.03877369310339418,0.25179930518499377,0.012686499949585659,registered
647,1787909093.5902243,1787909093.589693,224.1054695090777,584.1054695090777,556.7828272440253,583.8442104518397,583.6178277298053,0.48764177927239416,0.4821906965926246,0.26767781617630887,0.01150505825375962,registered
648,1787909093.619115,1787909093.6182487,224.87636887639928,584.8763688763993,557.5537266113469,584.7584838418857,584.4744571996839,0.40191167671537187,0.4123451316297633,0.2854560797873514,0.011049381655209698,registered
649,1787909093.6476207,1787909093.6469781,225.52553921081596,585.525539210816,558.2028969457635,585.6710106007107,585.3363006435925,0.18923856722346954,0.1877197231625587,0.27604630215841625,0.009890561214437063,registered
650,1787909093.6799653,1787909093.6789243,226.57457239589837,586.5745723958984,559.251930130846,586.5484516920242,586.2946419443077,0.2799304515906442,0.2611300350952206,0.25436751751859293,0.008563587223178229,registered
651,1787909093.7043548,1787909093.703838,227.32996597705892,587.3299659770589,560.0073237120065,587.3491425956635,587.0420211353008,0.2879448417580761,0.25658713432642344,0.23694655233351003,0.008097120129148597,registered
652,1787909093.7332132,1787909093.732529,228.1344808698393,588.1344808698393,560.8118386047869,588.1104939462223,587.9027059183138,0.23177495152549454,0.20027393459417908,0.22399718412687153,0.008066904341347785,registered
653,1787909093.7615645,1787909093.7610478,228.99434735225213,588.9943473522521,561.6717050871997,588.9245366217392,588.758233945119,0.23611340713318896,0.22645467508334605,0.19379934240664076,0.007467690209562065,registered
654,1787909093.7903385,1787909093.789694,229.6590086943405,589.6590086943405,562.3363664292881,589.7551467485042,589.6175812615426,0.041427432797945585,0.04168299286095589,0.15993993378183932,0.006459528216188879,registered
655,1787909093.8217268,1787909093.8208382,230.52141132445252,590.5214113244525,563.1987690594001,590.5452025310678,590.5518624681059,-0.030451143653408508,-0.04056079165980009,0.1277643448248497,0.005411208297765826,registered
656,1787909093.847476,1787909093.8468225,231.3605736651375,591.3605736651375,564.0379314000851,591.362181747901,591.3313551616978,0.029218503439665255,0.007179707701766347,0.1351389796641996,0.005910414669277801,registered
657,1787909093.8760412,1787909093.8753963,232.23132537429262,592.2313253742926,564.9086831092402,592.1998246483818,592.1885282008855,0.042797173407166156,0.009826640336768833,0.12865265876604096,0.0057558181858203055,registered
658,1787909093.9045985,1787909093.9040267,233.10216081171302,593.102160811713,565.7795185466606,593.0471693842295,593.0474034702776,0.054757341435447415,0.029721046217673575,0.12736299215431088,0.005790201857469952,registered
659,1787909093.9335794,1787909093.9328792,233.83456436622077,593.8345643662208,566.5119221011684,593.9092237923123,593.9129374637052,-0.07837309748447296,-0.10812832161207098,0.12316834555625152,0.00565451586440231,registered
660,1787909093.9624498,1787909093.9616883,234.74829053339226,594.7482905333923,567.4256482683398,594.7724809991066,594.7771697516824,-0.028879218290171593,-0.04378607489525166,0.10707521219361739,0.00494835143783245,registered
661,1787909093.9904652,1787909093.9896467,235.69455411190438,595.6945541119044,568.371911846852,595.644418147266,595.6158828910466,0.07867122085781375,0.07974890122909528,0.09428395140312133,0.004347053685226203,registered
662,1787909094.0190043,1787909094.018234,236.48819918756658,596.4881991875666,569.1655569225142,596.5083868794467,596.473463607216,0.014735580350588862,0.023181975692637025,0.10399139933296143,0.004744705377169739,registered
663,1787909094.0476208,1787909094.0470066,237.35927388239475,597.3592738823947,570.0366316173423,597.381592692378,597.3366016043473,0.022672278047480177,0.03878200291626399,0.1255340704599195,0.005620478852221663,registered
664,1787909094.0761251,1787909094.0755048,238.3080744059224,598.3080744059224,570.98543214087,598.2531346321373,598.1915073873381,0.11656701858430552,0.07908247392117573,0.09520163483706207,0.004163969347165631,registered
665,1787909094.1047492,1787909094.104105,239.10049147839493,599.1004914783949,571.7778492133425,599.0811573814142,599.049474323806,0.051017154588976155,0.011946273112926065,0.13388519821076092,0.005766943104498566,registered
666,1787909094.1332142,1787909094.1325672,239.90710988342653,599.9071098834265,572.5844676183741,599.9207354610135,599.9033001204065,0.003809763020058199,-0.009561922420630253,0.12489743659496633,0.005341086904676979,registered
667,1787909094.1619012,1787909094.1611106,240.79612968584013,600.7961296858401,573.4734874207877,600.7898181392538,600.7595648266698,0.03656485917031205,0.07238827277171822,0.09542503866774298,0.00409013517324426,registered
668,1787909094.1904304,1787909094.1897714,241.57925871317582,601.5792587131758,574.2566164481234,601.6261257681094,601.6193484289862,-0.040089715810381676,-0.017202102902160732,0.14118671812279227,0.006100143238985736,registered
669,1787909094.2189806,1787909094.2181654,242.42261650782632,602.4226165078263,575.0999742427739,602.4769315169339,602.4711286884501,-0.04851218062378848,-0.00414666859251156,0.09246856496854092,0.004039829172674203,registered
670,1787909094.2472885,1787909094.2466478,243.444715985357,603.444715985357,576.1220737203046,603.3760777406923,603.3255624244094,0.11915356094755225,0.14762345701092272,0.11821749571567819,0.005242240540739165,registered
671,1787909094.2761948,1787909094.2755282,244.27985821005427,604.2798582100543,576.9572159450018,604.252748089479,604.1919332284839,0.08792498157038153,0.0845432732368181,0.09870934046254357,0.004442014262218501,registered
672,1787909094.3045475,1787909094.3039217,245.00757691001365,605.0075769100137,577.6849346449612,605.1062118067476,605.0436991834922,-0.036122273478554234,-0.016778467721110246,0.12082966270581409,0.005524299043430547,registered
673,1787909094.333399,1787909094.3325474,246.06219790382067,606.0621979038207,578.7395556387683,605.9821632404205,605.9024314083294,0.15976649549122612,0.16049205664535293,0.13337750779062277,0.006259790842610357,registered
674,1787909094.3618608,1787909094.361166,246.91350090734034,606.9135009073403,579.5908586422879,606.8139749681154,606.7609490663341,0.1525518410062432,0.1424330908829461,0.1039647563679937,0.004972115060282179,registered
675,1787909094.3906379,1787909094.3898344,247.53544789117734,607.5354478911773,580.2128056261249,607.6291141557208,607.6209615399385,-0.08551364876120715,-0.12845313857224028,0.09220667799422277,0.004450720980864236,registered
676,1787909094.4191768,1787909094.41849,248.4425809337887,608.4425809337887,581.1199386687363,608.4684862163458,608.4805877932446,-0.03800685945589066,-0.04078560333744008,0.08558547877159539,0.004148011917241327,registered
677,1787909094.449077,1787909094.448449,249.39583002076347,609.3958300207635,582.073187755711,609.3444240466387,609.3793152756613,0.016514745102199413,-0.020836583159280053,0.08933833562851069,0.00430277809797876,registered
678,1787909094.4761674,1787909094.475517,250.06577806857013,610.0657780685701,582.7431358035177,610.1832953361252,610.1913219966059,-0.12554392803576775,-0.16999444901671268,0.12598693624472526,0.006024155605827115,registered
679,1787909094.5045981,1787909094.5040262,251.06888866095335,611.0688886609533,583.7462463959009,611.0368973046134,611.0465567820731,0.022331878880208933,-0.0070944842177596,0.12073095060105764,0.00573099542793891,registered
680,1787909094.5340385,1787909094.533216,251.98989601073254,611.9898960107325,584.6672537456801,611.9531746964656,611.9222111777675,0.06768483296502836,0.07681806438006333,0.12910902444047512,0.0061425627621012144,registered
681,1787909094.561991,1787909094.5614378,252.91324666142486,612.9132466614249,585.5906043963724,612.8161479601288,612.7688275287957,0.1444191326291957,0.15244608789896574,0.10044580377916655,0.004826410521824688,registered
682,1787909094.5905242,1787909094.5898988,253.55911196827265,613.5591119682726,586.2364697032202,613.6639864599756,613.6226175642574,-0.06350559598479322,-0.07842565993610151,0.10454997801998596,0.005067400472057505,registered
683,1787909094.6192136,1787909094.6186213,254.4959660833183,614.4959660833183,587.1733238182659,614.5298418932853,614.4842535935612,0.011712489757087496,0.0139117556303745,0.09067336296928591,0.004446730267823051,registered
684,1787909094.6472597,1787909094.6467464,255.5493400465498,615.5493400465498,588.2266977814974,615.3941411818811,615.3279661401228,0.22137390642694754,0.21931850855969515,0.12188663613588847,0.006050741048315441,registered
685,1787909094.676309,1787909094.6757243,256.10266036429084,616.1026603642908,588.7800180992384,616.2354253036538,616.1972622053471,-0.09460184105626013,-0.12415112646692705,0.12027561703238379,0.006017021985230392,registered
686,1787909094.705242,1787909094.7045906,257.05171729105314,617.0517172910531,589.7290750260007,617.0895039323462,617.0632110279844,-0.011493736931242893,-0.034270890698394396,0.11565550614617642,0.005892396216370003,registered
687,1787909094.7334938,1787909094.7329278,258.0235463043971,618.0235463043971,590.7009040393447,617.9811161045408,617.9132890572437,0.11025724715341312,0.12589587142485925,0.0894851415569039,0.004673360148248,registered
688,1787909094.761749,1787909094.761168,258.92614590873404,618.926145908734,591.6035036436816,618.8336389508072,618.7604561298086,0.1656897789254117,0.15963383829887334,0.08377991943180434,0.0044782478831056835,registered
689,1787909094.790698,1787909094.790068,259.5338837107345,619.5338837107345,592.211241445682,619.6336968199571,619.6274134165586,-0.0935297058241531,-0.11579251348905473,0.12221668933159745,0.006613412788011796,registered
690,1787909094.8189025,1787909094.818258,260.5614931060444,620.5614931060444,593.238850840992,620.4981555339248,620.4730785212961,0.08841458474830688,0.08409500626157751,0.07611414557170822,0.004158937668974095,registered
691,1787909094.8474178,1787909094.846926,261.42048610578433,621.4204861057843,594.0978438407319,621.3731024141191,621.3330766904451,0.08740941533926616,0.10416077489060172,0.10056904304101813,0.005475027740734753,registered
692,1787909094.8760986,1787909094.8753939,262.09043221559057,622.0904322155906,594.7677899505381,622.1753929074603,622.1870741405115,-0.09664192492095935,-0.08474620472770766,0.09059985819807467,0.00488812726629235,registered
693,1787909094.9048326,1787909094.9040632,262.857031408215,622.857031408215,595.5343891431626,622.9791188145568,623.047115223027,-0.1900838148120556,-0.1620671690305926,0.09778740437369907,0.0052018250843087945,registered
694,1787909094.9337552,1787909094.9329977,264.09375529465547,624.0937552946555,596.771113029603,623.9028671215597,623.9151095828008,0.1786457118546423,0.16457514122305383,0.12305239892894632,0.006394575998724043,registered
695,1787909094.9619591,1787909094.961206,264.8870560295238,624.8870560295238,597.5644137644714,624.7943227635789,624.7613182568472,0.12573777267664354,0.09744382999235768,0.09654664573106574,0.004962766220131202,registered
696,1787909094.9905324,1787909094.989927,265.2862902627735,625.2862902627735,597.9636479977211,625.645944604806,625.6229113727845,-0.33662111001103767,-0.29501255516584024,0.08854005527210193,0.004535244708102498,registered
697,1787909095.0193367,1787909095.0186431,266.58094799635444,626.5809479963544,599.258305731302,626.5464568095218,626.484354291939,0.09659370441545434,0.08450550110603672,0.07990804968445188,0.004091781638991379,registered
698,1787909095.0478144,1787909095.047148,267.83113008225973,627.8311300822597,600.5084878172073,627.4555554224871,627.3394603373068,0.49166974495290106,0.4660704761454326,0.11288383155272723,0.005876546506722574,registered
699,1787909095.0760722,1787909095.0754466,268.16356437376703,628.163564373767,600.8409221087146,628.2755957167892,628.1883797056706,-0.024815331903596416,-0.04278568985853326,0.10016026179822961,0.0052491685647882294,registered
700,1787909095.1090438,1787909095.108265,268.8866491776723,628.8866491776723,601.5640069126199,629.1277635917729,629.1728838554964,-0.2862346778240408,-0.3004968734119302,0.0988685122481476,0.005266649779403239,registered
701,1787909095.1335278,1787909095.1328375,270.1961520623647,630.1961520623647,602.8735097973123,630.0266740521358,629.9100282085789,0.2861238537858526,0.2804125243923181,0.08839549335900436,0.004840492267600544,registered
702,1787909095.1622238,1787909095.1613214,270.91642792938205,630.916427929382,603.5937856643296,630.8242516667829,630.7645048579046,0.15192307147742667,0.14624121329848094,0.0691487791928053,0.003822019884204144,registered
703,1787909095.1905582,1787909095.189915,271.41413433109926,631.4141343310993,604.0914920660468,631.5939250630438,631.6222715319955,-0.20813720089620347,-0.20621810581894806,0.10840111903681479,0.006009122525123448,registered
704,1787909095.2189178,1787909095.2183282,272.51375421506305,632.513754215063,605.1911119500106,632.4737769754813,632.4746311219072,0.03912309315580842,0.02561714259582004,0.07346163553418285,0.004059431963752333,registered
705,1787909095.2482085,1787909095.2475514,273.5263579174168,633.5263579174168,606.2037156523644,633.3762804888017,633.3512868294865,0.17507108793029147,0.16771135049691566,0.11610129469742494,0.0063564056349899,registered
706,1787909095.2763388,1787909095.2756329,274.0602296016557,634.0602296016557,606.7375873366033,634.1801136721155,634.1936905183699,-0.1334609167141707,-0.14271577556667125,0.06900317787973172,0.0037623561765879722,registered
707,1787909095.306993,1787909095.3063018,274.8420750531732,634.8420750531732,607.5194327881208,635.0405311927046,635.1137173350269,-0.2716422818537012,-0.2862613334126536,0.10172630585826176,0.0055390259077796105,registered
708,1787909095.3335419,1787909095.3327801,276.16237028701903,636.162370287019,608.8397280219666,635.9914952263642,635.9080294445173,0.2543408425017333,0.25896435261347506,0.10469935614373986,0.005792637095882144,registered
709,1787909095.3620608,1787909095.3613203,277.05831588853255,637.0583158885325,609.7356736234801,636.8590693801815,636.7641940195922,0.2941218689403513,0.29996719793200555,0.08345087870731087,0.0047191993202083705,registered
710,1787909095.3910956,1787909095.3901775,277.393127104379,637.393127104379,610.0704848393266,637.6826549611874,637.6298710575749,-0.23674395319585528,-0.23592943631615526,0.10090617024208481,0.005758898802952758,registered
711,1787909095.4191244,1787909095.4185324,278.61680444739966,638.6168044473997,611.2941621823472,638.5759449442961,638.4804783516877,0.13632609571197918,0.15840112938678885,0.0775342706817616,0.004561797961423229,registered
712,1787909095.448416,1787909095.4476573,279.7440973035086,639.7440973035086,612.4214550384562,639.4755814985753,639.354187341434,0.3899099620746256,0.41760522288609536,0.11927181336808104,0.007112411777626929,registered
713,1787909095.47667,1787909095.4759629,280.0479146404007,640.0479146404007,612.7252723753483,640.2435493693883,640.2033141244025,-0.15539948400180492,-0.12918743713021286,0.09676632954016598,0.005770482224738494,registered
714,1787909095.5050752,1787909095.504206,280.8899305973522,640.8899305973522,613.5672883322998,641.0461698819024,641.0505670237005,-0.16063642634833286,-0.13754580284114581,0.10713268928873065,0.006332766915723893,registered
715,1787909095.5333958,1787909095.5328043,282.1985502551986,642.1985502551986,614.8759079901462,641.9700159265419,641.9084767423464,0.2900735128522456,0.31140919995209515,0.09309632454875703,0.005308462928452419,registered
716,1787909095.5620885,1787909095.5614367,282.92140479176,642.92140479176,615.5987625267076,642.7920888626504,642.7674092295606,0.15399556219938404,0.16958146016361297,0.08534465662246073,0.004743481928062005,registered
717,1787909095.5904207,1787909095.5898414,283.230804612165,643.230804612165,615.9081623471126,643.6038136147055,643.6195113392732,-0.38870672710822873,-0.38057505308847794,0.10956564788155686,0.0060260280044943096,registered
718,1787909095.6198876,1787909095.619082,284.5526583134489,644.5526583134489,617.2300160483965,644.5348391567172,644.4966891594784,0.05596915397052271,0.059688995988381066,0.08860788966292169,0.004733874777125823,registered
719,1787909095.6474054,1787909095.6469045,285.77019819519455,645.7701981951946,618.4475559301421,645.4527456048662,645.3313255290249,0.43887266616968645,0.44146464129573815,0.1353698901467074,0.007293432970745305,registered
720,1787909095.6761258,1787909095.6755743,286.0918232364245,646.0918232364245,618.7691809713721,646.2794428167066,646.1913809159959,-0.09955767957137596,-0.10350433861844976,0.10811940927156038,0.005868999758906015,registered
721,1787909095.7047868,1787909095.7041416,287.00329548926277,647.0032954892628,619.6806532242103,647.1503723697158,647.0483608450342,-0.04506535577138493,-0.05552640508426521,0.10116305610331375,0.005646252588313514,registered
722,1787909095.7335255,1787909095.7328715,288.30669640601093,648.3066964060109,620.9840541409585,648.0686594615025,647.9102185933982,0.39647781261271575,0.40972632373961915,0.12248486308891914,0.007119396581682895,registered
723,1787909095.7619703,1787909095.7613304,288.9906525044777,648.9906525044777,621.6680102394253,648.8653744062699,648.7639442588102,0.2267082456675098,0.2300016712292745,0.09703863205968609,0.005725229918800433,registered
724,1787909095.7905757,1787909095.7899668,289.36974744743713,649.3697474474371,622.0471051823847,649.6233252986016,649.6229983338961,-0.25325088645899996,-0.2459027244153731,0.12970354197607467,0.0076935004761044595,registered
725,1787909095.8189886,1787909095.8182676,290.49380330306997,650.49380330307,623.1711610380175,650.4934085398602,650.4719820723096,0.02182123076033804,0.03986482551465542,0.07233376739910613,0.00429645044434469,registered
726,1787909095.8475242,1787909095.8469493,291.5192958997736,651.5192958997736,624.1966536347212,651.346179293614,651.3323950706682,0.1869008291054115,0.19901767840588036,0.12951716160184182,0.007548319049313054,registered
727,1787909095.8762867,1787909095.8756518,292.0037713226825,652.0037713226825,624.6811290576301,652.0998379346338,652.193430312841,-0.18965899015847754,-0.18053732472708361,0.08569682716519224,0.004918693552922953,registered
728,1787909095.9052525,1787909095.9046547,292.7778561483233,652.7778561483233,625.4552138832709,652.9366297045631,653.063477361979,-0.28562121365575877,-0.271556419385206,0.10593560309031207,0.005897627484463064,registered
729,1787909095.933314,1787909095.932789,294.12776793936416,654.1277679393642,626.8051256743117,653.9042749165333,653.9074688454228,0.2202990939413212,0.20619517364320927,0.13691132786543778,0.0072268681181630766,registered
730,1787909095.9623835,1787909095.9617558,294.8379267319683,654.8379267319683,627.5152844669159,654.7904390653301,654.776428755943,0.06149797602529361,0.052599275737179596,0.11130014333305618,0.005792906066058476,registered
731,1787909095.9907565,1787909095.99,295.2522445818978,655.2522445818978,627.9296023168454,655.6599755441655,655.6237174163797,-0.3714728344818923,-0.37725428676844786,0.15535750456176559,0.008084350589391925,registered
732,1787909096.0191424,1787909096.0184717,296.7121396829057,656.7121396829057,629.3894974178532,656.6093857880276,656.4778293020902,0.2343103808154865,0.24140183935207915,0.0785004305620272,0.0042815929000595615,registered
733,1787909096.0477905,1787909096.047065,297.9170087360186,657.9170087360186,630.5943664709662,657.5273746089351,657.3355888239533,0.5814199120652574,0.5985862174374006,0.14964339244548125,0.008718822480245173,registered
734,1787909096.0765266,1787909096.075829,298.1499397959435,658.1499397959435,630.8272975308911,658.3011836249854,658.1984693408857,-0.0485295449421983,-0.09701567731349314,0.0986230950416025,0.005815653219921293,registered
735,1787909096.1051302,1787909096.1044111,298.9991224776105,658.9991224776105,631.6764802125581,659.1058972945634,659.0558927080446,-0.05677023043404006,-0.10489999669721328,0.10897608330296316,0.0066635434358090755,registered
736,1787909096.13394,1787909096.1331754,300.16027339311336,660.1602733931134,632.8376311280609,659.9708191012052,659.9187803772046,0.24149301590875893,0.1734455938561723,0.11587482495626242,0.007264499267233341,registered
737,1787909096.1625593,1787909096.1619241,300.72846040138324,660.7284604013832,633.4058181363308,660.7280229146692,660.7812031515609,-0.05274275017768559,-0.08913598958417879,0.0779800796103115,0.0048976546131274945,registered
738,1787909096.1904438,1787909096.1898954,301.13203091203934,661.1320309120393,633.8093886469869,661.4783213136641,661.6203025112236,-0.4882715991842588,-0.5065660927392628,0.11401650631745801,0.007145187974690329,registered
739,1787909096.219074,1787909096.218465,302.43248286540575,662.4324828654057,635.1098406003533,662.3915480117695,662.4773539625395,-0.04487109713375048,-0.05335797758971239,0.09896283536428747,0.006076658087587522,registered
740,1787909096.2482774,1787909096.2474802,303.58966473206874,663.5896647320687,636.2670224670163,663.281343093554,663.3477657752928,0.24189895677591267,0.23822305989403958,0.12737915061021574,0.007640655883977656,registered
741,1787909096.2762787,1787909096.2756321,303.9824706529548,663.9824706529548,636.6598283879024,664.1042505877456,664.1922865235902,-0.2098158706353388,-0.213024303082193,0.13202700344497265,0.007867166038064142,registered
742,1787909096.3048007,1787909096.3041406,304.7735100216818,664.7735100216818,637.4508677566293,664.9880827265956,665.0474998523742,-0.2739898306924715,-0.2720375126663157,0.11722328638864266,0.006924312642918574,registered
743,1787909096.3334048,1787909096.3328106,306.2029084518083,666.2029084518083,638.8802661867559,665.9051997401479,665.9075623915729,0.29534606023537435,0.32935562606212443,0.1754910664414891,0.010420545336859497,registered
744,1787909096.3621993,1787909096.361519,306.74167974413956,666.7416797441396,639.4190374790871,666.7214530989352,666.7687764394395,-0.02709669529997427,0.01943619720566403,0.16213885579713883,0.009715094114451935,registered
745,1787909096.3910482,1787909096.3902278,307.25699423808487,667.2569942380849,639.9343519730324,667.517716706196,667.6299976395337,-0.37300340144884103,-0.3791483805871394,0.15164200785539664,0.009190203366394681,registered
746,1787909096.4191368,1787909096.418444,308.46132179579945,668.4613217957994,641.138679530747,668.3994262094839,668.4764423370959,-0.01512054129648277,0.005091837324471271,0.14256544887097622,0.00892500818367061,registered
747,1787909096.4478137,1787909096.4470427,309.44005856538377,669.4400585653838,642.1174163003313,669.2252571084058,669.3343663601974,0.10569220518641487,0.11421727565516449,0.17476936529592912,0.01125410111357074,registered
748,1787909096.4763086,1787909096.4756835,309.9408430213608,669.9408430213608,642.6182007563084,670.0062960945455,670.1935491753828,-0.25270615402200747,-0.26536451707227116,0.11844572593036135,0.007740501678846383,registered
749,1787909096.5050063,1787909096.504352,310.6982725382353,670.6982725382353,643.3756302731829,670.8776548844692,671.053568801215,-0.3552962629796639,-0.3815748783218851,0.1448440975234702,0.00969088686007164,registered
750,1787909096.5427694,1787909096.5419352,311.8755323898216,671.8755323898216,644.5528901247692,671.76868581498,672.1810102226301,-0.30547783280849217,-0.33328213929110007,0.1664645449805587,0.011610038829673059,registered
751,1787909096.5620072,1787909096.5614693,312.5965195563447,672.5965195563447,645.2738772912923,672.5974706686741,672.7670065466659,-0.17048699032125114,-0.19131426730461953,0.15586171028455886,0.011178558681687326,registered
752,1787909096.5903506,1787909096.5897853,313.43697195023844,673.4369719502384,646.114329685186,673.476053523851,673.6164480276556,-0.1794760774171209,-0.1985971531208861,0.19317165677832973,0.014302273452431864,registered
753,1787909096.6192043,1787909096.6186728,314.4098478831388,674.4098478831388,647.0872056180864,674.41721421326,674.4830333985625,-0.07318551542368823,-0.08601937146465843,0.1722880577521467,0.0131513627520139,registered
754,1787909096.6480064,1787909096.6471257,315.4043824592437,675.4043824592437,648.0817401941913,675.3342752543864,675.3365802582807,0.06780220096300127,0.04418519850719349,0.17988573820860332,0.014012977625257446,registered
755,1787909096.676288,1787909096.6757429,316.13676018091576,676.1367601809158,648.8141179158633,676.1920275116968,676.1950550029188,-0.05829482200306302,-0.08446296398062714,0.1489164877595725,0.011701536542457964,registered
756,1787909096.7050796,1787909096.70431,317.1183250696872,677.1183250696872,649.7956828046348,677.09263626002,677.0520277797294,0.06629728995778805,0.040219572743808385,0.16807015416355692,0.013318640180944984,registered
757,1787909096.733653,1787909096.733075,318.0540104291787,678.0540104291787,650.7313681641263,677.9933434106595,677.9149369055729,0.13907352360581626,0.13382380708787878,0.18863431275935705,0.015112910595752089,registered
758,1787909096.7668173,1787909096.7659593,318.87198784820384,678.8719878482038,651.5493455831514,678.8926489455073,678.9014222224855,-0.029434374281663622,-0.021620135963644316,0.16456723202981802,0.013371710054527983,registered
759,1787909096.7912138,1787909096.7905202,319.639714350723,679.639714350723,652.3170720856706,679.7787854163511,679.6382161164081,0.0014982343149085864,-0.004725842657535395,0.140199816464157,0.01156394286512481,registered
760,1787909096.8193984,1787909096.8186781,320.71962999516654,680.7196299951665,653.3969877301141,680.6872082764237,680.4829156703993,0.23671432476726295,0.2399146471068434,0.11368415675488305,0.009534105387262586,registered
761,1787909096.848003,1787909096.847362,321.6666586079565,681.6666586079565,654.3440163429041,681.5911217358413,681.3433930388076,0.3232655691489299,0.3218000401777772,0.14747495274627323,0.012425177157784467,registered
762,1787909096.8762033,1787909096.8756487,322.49554858377996,682.49554858378,655.1729063187275,682.4569408557351,682.1919547957838,0.3035937879961921,0.33362718384751133,0.10385942420527362,0.008718811465181565,registered
763,1787909096.905071,1787909096.9043758,323.26243289332365,683.2624328933236,655.9397906282712,683.3170094662571,683.0537267174149,0.20870617590878737,0.2525661015976084,0.12780436092981245,0.010659856275596884,registered
764,1787909096.9337761,1787909096.9330657,324.23064183038855,684.2306418303885,656.9079995653361,684.2128780361263,683.9143828915169,0.31625893887166967,0.36363502577148665,0.10965228759729723,0.009082887782651263,registered
765,1787909096.9628706,1787909096.962295,325.06863619718786,685.0686361971879,657.7459939321354,685.0486937644182,684.7912245570177,0.2774116401701576,0.32416940883524603,0.10173275336679045,0.008399556382804934,registered
766,1787909096.9906924,1787909096.9900172,325.6784548580681,685.6784548580681,658.3558125930157,685.8138454527294,685.6228498386813,0.05560501938680318,0.09748713038914048,0.13844088266222573,0.011398077975062365,registered
767,1787909097.0192537,1787909097.0185835,326.7184908869971,686.7184908869971,659.3958486219447,686.6164596680492,686.4798011588086,0.23868972818843304,0.29470951135886025,0.11841638685700671,0.009608979465047218,registered
768,1787909097.0477095,1787909097.0471447,327.678967249277,687.678967249277,660.3563249842246,687.459064792831,687.3365951299255,0.3423721193514666,0.4082693426594233,0.1398580960952826,0.010967052394649488,registered
769,1787909097.0780053,1787909097.0773478,328.0700756347121,688.0700756347121,660.7474333696597,688.218543169449,688.2426464935586,-0.17257085884648404,-0.23993230799158027,0.10521481685334323,0.008079398056452056,registered
770,1787909097.1051273,1787909097.1043124,328.7685967861172,688.7685967861172,661.4459545210648,689.0158026414684,689.0515491476596,-0.2829523615423568,-0.35211634988911555,0.11459041961208949,0.00840062602643267,registered
771,1787909097.1336133,1787909097.132913,330.08701273313125,690.0870127331312,662.7643704680788,689.909304645693,689.9095303885829,0.1774823445483662,0.14291636475002178,0.13115213177271906,0.008726337019069661,registered
772,1787909097.162745,1787909097.1619844,330.8430784865793,690.8430784865793,663.5204362215269,690.7613135891779,690.7816301270854,0.061448359493965654,0.0792387069994902,0.1299010078558822,0.008329342663236951,registered
773,1787909097.191126,1787909097.1905043,331.3233303322653,691.3233303322653,664.0006880672129,691.615025678364,691.6371867628014,-0.3138564305361342,-0.25318647461153887,0.1632521706758942,0.010382492406374975,registered
774,1787909097.219751,1787909097.2191308,332.6619139053938,692.6619139053938,665.3392716403414,692.5327306738817,692.4959404443218,0.16597346107198518,0.19331897133804432,0.15950633564287495,0.010570353939004412,registered
775,1787909097.2481506,1787909097.24742,333.6743030241173,693.6743030241173,666.3516607590649,693.406705456285,693.3445808758033,0.3297221483139765,0.3279248863969997,0.16500487072341719,0.011653659546459676,registered
776,1787909097.276603,1787909097.2759085,334.0635476663979,694.0635476663979,666.7409054013455,694.1994990344041,694.1991934174564,-0.13564575105851873,-0.1488937399592487,0.110180306865324,0.007975963468847647,registered
777,1787909097.305111,1787909097.3042595,334.8937259459557,694.8937259459557,667.5710836809033,695.0198122244195,695.0496862759252,-0.1559603299695027,-0.19399208213087604,0.1013367255722576,0.007690688075147464,registered
778,1787909097.3336315,1787909097.3329968,335.9368411359154,695.9368411359154,668.614198870863,695.8425108772982,695.9117657433495,0.025075392565895527,0.002142419107940441,0.14288489652255845,0.011375505464469884,registered
779,1787909097.3624377,1787909097.3617356,336.65850014738146,696.6585001473815,669.335857882329,696.5863404423033,696.7738881241404,-0.11538797675893875,-0.13962236554220908,0.12871966778411711,0.0105472299694288,registered
780,1787909097.391325,1787909097.390394,337.30023829563856,697.3002382956386,669.9775960305861,697.3864581690013,697.6336002041793,-0.33336190854072356,-0.36046146093644893,0.14382982249822346,0.0120913018434032,registered
781,1787909097.4192474,1787909097.4186847,338.1793644899757,698.1793644899757,670.8567222249233,698.24320666687,698.4822835490273,-0.3029190590516464,-0.31990689771930647,0.12392818645844828,0.010824012882588302,registered
782,1787909097.448039,1787909097.4473462,339.12628799642914,699.1262879964291,671.8036457313767,699.0633857927871,699.3420886080271,-0.21580061159795605,-0.24565587326685545,0.10907744065983242,0.009974895325715901,registered
783,1787909097.476323,1787909097.4757428,339.9012559370068,699.9012559370068,672.5786136719544,699.8884653940027,700.1939475419962,-0.2926916049893862,-0.33185671185015053,0.11294292295129672,0.010739422602650798,registered
784,1787909097.5052178,1787909097.5045269,340.77022985888607,700.7702298588861,673.4475875938336,700.7648889351497,701.0574288460596,-0.2871989871734968,-0.32933829499688727,0.11651556081031587,0.01154166483426795,registered
785,1787909097.5336375,1787909097.5329509,341.63543014418417,701.6354301441842,674.3127878791317,701.6698180553173,701.9101102862201,-0.27468014203589064,-0.30988462115806215,0.150736095766123,0.015433955859903701,registered
786,1787909097.5622869,1787909097.5616624,342.54624917972717,702.5462491797272,675.2236069146747,702.5732102634065,702.7714173130473,-0.22516813332015317,-0.24706485807280387,0.13900999796294145,0.014561972389671501,registered
787,1787909097.5909243,1787909097.5902398,343.46633768670665,703.4663376867067,676.1436954216542,703.47863175058,703.6286976356512,-0.16235994894452688,-0.16761327770723256,0.09718121037892083,0.010275716511762218,registered
788,1787909097.619394,1787909097.6187785,344.39531006946766,704.3953100694677,677.0726678044152,704.3937611452518,704.4848192973594,-0.0895092278917673,-0.0920513891671817,0.1207504911014834,0.012742629647114426,registered
789,1787909097.6481173,1787909097.6473994,345.35735072199043,705.3573507219904,678.034708456938,705.2781852678731,705.3434084776417,0.013942244348754684,0.012838974276405679,0.14183100264659992,0.014859499048289542,registered
790,1787909097.6764946,1787909097.6758804,346.2256030429471,706.2256030429471,678.9029607778947,706.1528738796443,706.1977993002344,0.02780374271276287,0.019920495295650653,0.15598859880153687,0.016282966483504746,registered
791,1787909097.7053077,1787909097.7047029,347.0213421543774,707.0213421543774,679.698699889325,707.0452558389879,707.0624321129656,-0.04108995858814524,-0.03650623079840898,0.15330474261534968,0.01604866710034855,registered
792,1787909097.7344325,1787909097.7336905,347.8704875680294,707.8704875680294,680.547845302977,707.9465746026092,707.9320214195277,-0.06153385149832502,-0.044989402689907365,0.11399636217683619,0.012038910577340177,registered
793,1787909097.7623103,1787909097.7616558,348.74794218922955,708.7479421892295,681.4252999241771,708.8685004674688,708.7709419734965,-0.0229997842669718,-0.0004747809127820801,0.13911213895130692,0.014832998955648383,registered
794,1787909097.7907758,1787909097.7901921,349.78688438333893,709.7868843833389,682.4642421182865,709.7909713026921,709.6269921129274,0.15989227041154663,0.16228313529234129,0.13881391474948362,0.014829736085677935,registered
795,1787909097.8193643,1787909097.8185983,350.8388068465607,710.8388068465607,683.5161645815083,710.7275010943836,710.4791371360066,0.359669710554158,0.3667394397524504,0.11720271016999446,0.012330661421338698,registered
796,1787909097.848201,1787909097.847703,351.6922057017673,711.6922057017673,684.3695634367149,711.6659745777706,711.3522381863941,0.339967515373246,0.3409039220603063,0.11357321481547925,0.011672930492587124,registered
797,1787909097.8766987,1787909097.8760114,352.5973562374684,712.5973562374684,685.274713972416,712.5555738623735,712.2014507960955,0.3959054413728609,0.41610369575391815,0.1215176780322752,0.01214652765703796,registered
798,1787909097.9050803,1787909097.904441,353.369290671656,713.369290671656,686.0466484066036,713.3980749313516,713.0543038897221,0.31498678193395335,0.33814832591269806,0.12387548620255781,0.012140323071358284,registered
799,1787909097.9335663,1787909097.9329736,354.23697007129135,714.2369700712914,686.9143278062389,714.2427375330816,713.9102395935088,0.3267304777825757,0.3497457554377661,0.1009863687439544,0.009751886723187777,registered
800,1787909097.9622858,1787909097.961674,355.0382872632332,715.0382872632332,687.7156449981808,715.0531330638098,714.7712104656318,0.26707679760136216,0.2740838292901344,0.07899344239570369,0.0075494879045504,registered
801,1787909097.99098,1787909097.9902668,355.75177185651137,715.7517718565114,688.429129591459,715.8028146353463,715.6289556830395,0.12281617347184692,0.13362149371801024,0.1344780964274627,0.012687158159808339,registered
802,1787909098.019396,1787909098.0187173,356.6579235357916,716.6579235357916,689.3352812707392,716.5947887871068,716.4824310204802,0.17549251531136179,0.2073709306047249,0.10840733011286852,0.00992091716396161,registered
803,1787909098.0515184,1787909098.0500302,357.60119344845543,717.6011934484554,690.278551183403,717.4572559427434,717.4217760042908,0.1794174441646419,0.2193124833032698,0.11766770643235368,0.0102014304039084,registered
804,1787909098.0797157,1787909098.0784261,358.06444919379635,718.0644491937963,690.7418069287439,718.2452540517802,718.2736134815767,-0.20916428778036789,-0.28088919284562053,0.10807789849143788,0.009056356319298608,registered
805,1787909098.1073122,1787909098.106427,358.8304060574477,718.8304060574477,691.5077637923953,719.0545352988261,719.1135997174804,-0.2831936600326799,-0.3630301406321905,0.10322082138082025,0.008136717620108695,registered
806,1787909098.1364446,1787909098.1354182,0.18972822550017554,720.1897282255002,692.8670859604478,719.9191216171641,719.9832963074587,0.20643191804151684,0.190291414376361,0.1712871830233228,0.012394553069011317,registered
807,1787909098.165411,1787909098.164242,0.9061000377735127,720.9061000377735,693.5834577727211,720.7509110294022,720.8479720335564,0.058128004217110174,0.05199066428019705,0.13836307515782803,0.009854861147164893,registered
808,1787909098.1916723,1787909098.190718,1.2560791980945396,721.2560791980945,693.9334369330421,721.5770543731896,721.6422126207693,-0.38613342267478856,-0.38577343130907593,0.14741768368374436,0.01049785948550936,registered
809,1787909098.2194629,1787909098.2188497,2.5091405276147043,722.5091405276147,695.1864982625623,722.4202401962207,722.4861254297078,0.023015097906863957,0.01154206505248112,0.1598097569232306,0.011595205760297897,registered
810,1787909098.2484663,1787909098.2477736,3.4180733322173182,723.4180733322173,696.0954310671649,723.2253327615945,723.3538050914607,0.06426824075663262,0.03748813533275097,0.14389621746437456,0.01052574765026924,registered
811,1787909098.2768524,1787909098.2761939,3.9177913686339707,723.917791368634,696.5951491035815,723.9944294223444,724.206372095977,-0.28858072734306006,-0.32220640103957976,0.10926559547734321,0.007969233946634265,registered
812,1787909098.3051107,1787909098.3044722,4.766533803067205,724.7665338030672,697.4438915380148,724.8577524647277,725.0546835249821,-0.2881497219149196,-0.3257993943688007,0.12188012101660878,0.008747475085130952,registered
813,1787909098.3337486,1787909098.3330543,5.661383530085573,725.6613835300856,698.3387412650331,725.7485326187937,725.912106892141,-0.25072336205539614,-0.2658843681590497,0.1930029141480409,0.013555587506011903,registered
814,1787909098.3621464,1787909098.3615146,6.630256859342921,726.6302568593429,699.3076145942905,726.5664980674087,726.7658754709195,-0.13561861157654675,-0.16131414077540285,0.16230753212203916,0.011309941424626725,registered
815,1787909098.3913424,1787909098.3905635,7.456052024737801,727.4560520247378,700.1334097596854,727.4301269132712,727.6373029000133,-0.18125087527550932,-0.19676676422614037,0.18769262226581462,0.01330616930784395,registered
816,1787909098.4195223,1787909098.418965,8.3826196650175,728.3826196650175,701.0599773999651,728.3139893206959,728.4893120307653,-0.10669236574779006,-0.10347520404832267,0.148299546047492,0.010946226989780771,registered
817,1787909098.4482546,1787909098.447601,9.189676014652377,729.1896760146524,701.8670337496,729.1521545828052,729.3483518013957,-0.15867578674328797,-0.1624560933214525,0.146409437134433,0.01123470538246218,registered
818,1787909098.476882,1787909098.4760702,9.976923336903383,729.9769233369034,702.654281071851,730.0057618696814,730.202385012601,-0.225461675697602,-0.2167213678741291,0.13097483534578186,0.01034511344883406,registered
819,1787909098.505402,1787909098.5047762,10.810440037769467,730.8104400377695,703.487797772717,730.8708902935039,731.06352753819,-0.25308750042052,-0.23662562272374998,0.1495490907135837,0.011978638044613245,registered
820,1787909098.5339303,1787909098.5333033,11.669013274969984,731.66901327497,704.3463710099176,731.7669798323651,731.9192987407386,-0.25028546576857025,-0.22100050133872173,0.19067756150635745,0.015215157217127868,registered
821,1787909098.5625653,1787909098.5620158,12.642444218773903,732.6424442187739,705.3198019537215,732.6615470410972,732.7806343764768,-0.1381901577028657,-0.08907168992072911,0.18821051308227996,0.014749594615933032,registered
822,1787909098.59093,1787909098.5903842,13.680653680417095,733.6806536804171,706.3580114153647,733.5462562788584,733.6316493475714,0.04900433284569772,0.07386378273679384,0.16319308609396496,0.012578169917283107,registered
823,1787909098.619542,1787909098.6189663,14.510249406775529,734.5102494067755,707.1876071417231,734.4310828267487,734.4890727147304,0.021176692045173695,0.018711070996459966,0.18773635729449137,0.014483685164548163,registered
824,1787909098.648094,1787909098.647459,15.36065811387357,735.3606581138736,708.0380158488211,735.334341589524,735.3438139964828,0.01684411739074676,-0.009384185412955048,0.19225908757729737,0.015067575030361343,registered
825,1787909098.6767926,1787909098.6759548,16.13864641099076,736.1386464109908,708.8160041459383,736.2230360130941,736.198648257196,-0.060001846205295806,-0.09701070088351571,0.21711331538116127,0.017366501678394108,registered
826,1787909098.70553,1787909098.7048044,16.969656346988813,736.9696563469888,709.6470140819364,737.1123593048109,737.0640964238908,-0.09444007690194667,-0.12198280411985252,0.17824045615372855,0.014507979119018665,registered
827,1787909098.7343721,1787909098.7338085,18.043291907699427,738.0432919076994,710.720649642647,738.044972326752,737.9341792341677,0.10911267353174026,0.10996466618632894,0.15263938080114725,0.012451171979519251,registered
828,1787909098.7625484,1787909098.7618794,19.068303318052244,739.0683033180522,711.7456610529998,738.9858538443298,738.7762682250299,0.2920350930223776,0.2879724378102537,0.15298358931273776,0.012186463012926505,registered
829,1787909098.7912931,1787909098.7905433,19.879918565432263,739.8799185654323,712.5572763003798,739.9000405231627,739.6361448063071,0.24377375912513344,0.22277995775027648,0.1562767050545389,0.012067279872081189,registered
830,1787909098.8193936,1787909098.8187985,20.893576151794036,740.893576151794,713.5709338867416,740.8150718901561,740.4837624692203,0.40981368257371287,0.3811978868963024,0.153473744226585,0.011392611100271633,registered
831,1787909098.8480582,1787909098.8473675,21.810719391198177,741.8107193911982,714.4880771261458,741.7124695985353,741.340792463853,0.46992692734522734,0.4414966015186792,0.16196823913069794,0.011738623041913422,registered
832,1787909098.8857818,1787909098.8844092,22.405581700620928,742.4055817006209,715.0829394355685,742.5409631147754,742.4519911760473,-0.046409475426344216,-0.0849004302343701,0.13147724442678987,0.009446779787176098,registered
833,1787909098.905069,1787909098.9044518,23.265547034224255,743.2655470342243,715.9429047691718,743.3512305808924,743.0532432018744,0.21230383234990313,0.18740225470719452,0.10926409775430189,0.007774559006786703,registered
834,1787909098.9339037,1787909098.933189,24.252348499471168,744.2523484994712,716.9297062344187,744.1775258191404,743.9153155170709,0.3370329824002738,0.3264605759616188,0.10752130987484829,0.007477245420106596,registered
835,1787909098.9627454,1787909098.9621313,25.03249382072761,745.0324938207276,717.7098515556752,744.9475579300373,744.7835459003605,0.24894792036707258,0.2502003993786275,0.11009410459852532,0.007374228903856256,registered
836,1787909098.9918842,1787909098.991161,25.654279918342922,745.6542799183429,718.3316376532905,745.6610211707202,745.6544011512344,-0.00012123289150167693,0.002818526136707078,0.1522124065483259,0.009750809384752554,registered
837,1787909099.0194829,1787909099.0188606,26.516379478660724,746.5163794786607,719.1937372136083,746.477411622066,746.4853469712617,0.031032507399004317,0.04762365594331186,0.10884125190306798,0.00644016366546906,registered
838,1787909099.0481923,1787909099.0475223,27.322695702990586,747.3226957029906,720.0000534379382,747.3217423035935,747.3451591824892,-0.022463479498583183,0.0051983269911488605,0.1171325321737047,0.006399310925003912,registered
839,1787909099.0767105,1787909099.0759406,27.89244589384475,747.8924458938448,720.5698036287923,748.124562826793,748.1976689691836,-0.3052230753388585,-0.3736238738189286,0.0982039190906731,0.005112081399275266,registered
840,1787909099.1057065,1787909099.1048083,28.76953517791287,748.7695351779129,721.4468929128604,748.971056349503,749.0636607051873,-0.29412552727444563,-0.3502190560101326,0.13209439494461947,0.006577157307425307,registered
841,1787909099.134005,1787909099.1333508,30.27161334088089,750.2716133408809,722.9489710758285,749.8671053892804,749.9198968025396,0.351716538341293,0.39920451030047843,0.14483763932128912,0.007266121708969561,registered
842,1787909099.162404,1787909099.1618094,30.867537894206748,750.8675378942067,723.5448956291543,750.7285396552547,750.7736153157239,0.093922578482875,0.14409066808093485,0.11773687303272826,0.005994949330658409,registered
843,1787909099.191219,1787909099.1905606,31.338251157762443,751.3382511577624,724.01560889271,751.5886187996588,751.6361096123577,-0.29785845459525717,-0.2707016540849736,0.11736027066190377,0.006040232503998862,registered
844,1787909099.2194328,1787909099.218912,32.45336869391235,752.4533686939124,725.1307264288599,752.4367293003545,752.4866096230543,-0.033240929141925335,0.018384784738145754,0.1197014494284834,0.006273199962024156,registered
845,1787909099.2482402,1787909099.2476332,33.3393155219087,753.3393155219087,726.0166732568563,753.2409083461148,753.3482098912193,-0.008894369310610273,0.012195199468806095,0.13446480135749148,0.007138650589286154,registered
846,1787909099.2763655,1787909099.275822,33.9697672601535,753.9697672601535,726.6471249951011,754.0137588565524,754.1938320825902,-0.22406482243673054,-0.24080752997883792,0.11512566050458303,0.006194949214076954,registered
847,1787909099.305392,1787909099.3046954,34.875454257020465,754.8754542570205,727.552811991968,754.9102681607812,755.05999547206,-0.18454121503953047,-0.2043053089547584,0.12779377187187582,0.007072269078483919,registered
848,1787909099.3341346,1787909099.3334532,35.76445822910398,755.764458229104,728.4418159640516,755.8300911602682,755.9226900310708,-0.15823180196684916,-0.19007851673859477,0.13879603728343876,0.007939053175260702,registered
849,1787909099.3625352,1787909099.3619254,36.745318428965675,756.7453184289657,729.4226761639133,756.7183784209196,756.7768162212368,-0.031497792271125036,-0.022234143899027003,0.13041824206246172,0.0077110519038042676,registered
850,1787909099.391492,1787909099.3907545,37.622095657737646,757.6220956577376,730.2994533926852,757.6389709284806,757.6416492963449,-0.019553638607249013,0.024458184440845798,0.14862529660850546,0.008979722944013396,registered
851,1787909099.419714,1787909099.4190102,38.63286498121329,758.6328649812133,731.3102227161609,758.5954728421393,758.4892812637137,0.14358371749960952,0.15092538143051115,0.16772565291142796,0.010306321234049667,registered
852,1787909099.4482076,1787909099.447615,39.52094955945836,759.5209495594584,732.1983072944059,759.5254441873757,759.3473840925088,0.17356546694952613,0.18206036028539074,0.1788438272751644,0.011119963919716976,registered
853,1787909099.4767227,1787909099.4760973,40.39663573143696,760.396635731437,733.0739934663845,760.3664753649296,760.201817828468,0.19481790296890722,0.19721392937731252,0.1535787908593415,0.009644728359542038,registered
854,1787909099.5052636,1787909099.5045068,41.21076055276296,761.210760552763,733.8881182877105,761.152190264138,761.0540629827358,0.15669757002717688,0.13501339223137165,0.16593218524354553,0.01046364958252233,registered
855,1787909099.5339959,1787909099.5333383,42.113607780748225,762.1136077807482,734.7909655156958,761.9989710216246,761.9189675801214,0.19464020062684995,0.18118076402640781,0.15701399499706348,0.009813171652895837,registered
856,1787909099.5624053,1787909099.5617952,42.79381479833228,762.7938147983323,735.4711725332799,762.8371547755625,762.7726360277114,0.02117877062084972,0.04099242587869867,0.15230536237637607,0.009320748622072075,registered
857,1787909099.5919576,1787909099.5911806,43.33874861159336,763.3387486115934,736.0161063465409,763.6548342428532,763.654155250161,-0.3154066385676515,-0.2951466543314609,0.16816643228304565,0.01001328845635321,registered
858,1787909099.619533,1787909099.618967,44.51636349251032,764.5163634925103,737.1937212274579,764.5571366340531,764.4877116333172,0.028651859193132623,0.05219413725671984,0.14634302903810764,0.00796608862200092,registered
859,1787909099.648269,1787909099.6476448,45.755914682938396,765.7559146829384,738.433272417886,765.495118741646,765.3480030438039,0.40791163913445416,0.4018715069405516,0.1486795640606844,0.007207497330891085,registered
860,1787909099.6769702,1787909099.6763017,46.3173255821431,766.3173255821431,738.9946833170907,766.3549509356072,766.2076722104764,0.10965337166669542,0.09520510244647085,0.1399199059999241,0.0064861704413189366,registered
861,1787909099.7054474,1787909099.7047548,47.14314360000219,767.1431436000022,739.8205013349498,767.2152313528663,767.0612262224223,0.08191737757988449,0.07725010712124458,0.1416398828479336,0.006305615023084348,registered
862,1787909099.7341924,1787909099.7335198,48.40601062367284,768.4060106236728,741.0833683586204,768.1162924951127,767.9241353482656,0.4818752754072193,0.49184545128832724,0.115353474762641,0.005164573168928445,registered
863,1787909099.7629678,1787909099.7623484,48.864840356340665,768.8648403563407,741.5421980912882,768.9335713051277,768.7889541189184,0.07588623742230993,0.10316357265321585,0.10314152942727799,0.004694508623224568,registered
864,1787909099.7909815,1787909099.7903447,49.33783009416436,769.3378300941644,742.0151878291119,769.6820095089909,769.6288044624947,-0.2909743683303532,-0.28753669535024073,0.135865903266728,0.006312448523898965,registered
865,1787909099.8196728,1787909099.8190324,50.58848815929218,770.5884881592922,743.2658458942398,770.5257940709599,770.489396266547,0.09909189274515029,0.07762101597813853,0.09923609767556824,0.004874845249631046,registered
866,1787909099.8488154,1787909099.8480186,51.67639402866598,771.676394028666,744.3537517636136,771.3948713036605,771.3589426597426,0.3174513689233436,0.2918490910105902,0.11411503294390306,0.005818917567467559,registered
867,1787909099.8766918,1787909099.8759642,52.10598477316398,772.105984773164,744.7833425081116,772.1823909795723,772.1972695788082,-0.0912848056442499,-0.09645633870991333,0.08860934127916945,0.0045663683655951335,registered
868,1787909099.9053094,1787909099.904754,52.78682182653745,772.7868218265374,745.464179561485,773.0329305452912,773.0609225363376,-0.27410070980010914,-0.27994506415404885,0.0799476821882382,0.004168185480038322,registered
869,1787909099.9340696,1787909099.9334586,54.13712116279919,774.1371211627992,746.8144788977468,773.9183262161207,773.9220221485601,0.2150990142390583,0.1905989774459158,0.10321701666621771,0.005413561258600508,registered
870,1787909099.962788,1787909099.9620767,54.87707888075272,774.8770788807527,747.5544366157003,774.727377266505,774.7805255021093,0.09655337864342073,0.07978677196535955,0.07371376700634812,0.003854969509577161,registered
871,1787909099.9914713,1787909099.990623,55.22824808107214,775.2282480810721,747.9056058160197,775.5159153241459,775.6368760351056,-0.4086279540334772,-0.36490347002904855,0.09607111155239988,0.005016660192261829,registered
872,1787909100.019761,1787909100.019101,56.440041611618994,776.440041611619,749.1173993465666,776.4450616927406,776.4911738787376,-0.05113226711864627,-0.0222232955909476,0.06334394775750983,0.0033167359725400996,registered
873,1787909100.0482016,1787909100.047616,57.56426264176514,777.5642626417651,750.2416203767127,777.3954973566415,777.3465874698986,0.2176751718665173,0.2461018290445054,0.08801891362734503,0.00471239793871883,registered
874,1787909100.0771055,1787909100.0764422,58.09465569781037,778.0946556978104,750.772013432758,778.2253795717982,778.2113347182739,-0.11667902046349354,-0.09847078902407702,0.06953919459781703,0.0037848727243861595,registered
875,1787909100.1054661,1787909100.104928,58.93345907877847,778.9334590787785,751.610816813726,779.1032498888419,779.0658685854215,-0.13240950664305728,-0.12718868605793432,0.07468342714137911,0.004182263235417584,registered
876,1787909100.1340802,1787909100.1332982,60.41138415941077,780.4113841594108,753.0887418943583,780.0491930425453,779.9169336221105,0.4944505373002812,0.5043063258319762,0.09049609753778849,0.0052529426964579035,registered
877,1787909100.1626444,1787909100.1619506,60.997965459932516,780.9979654599325,753.6753231948801,780.8791049055958,780.7764668964556,0.2214985634768709,0.21499936042755508,0.07460765799193579,0.0043489463323171836,registered
878,1787909100.1915784,1787909100.1907544,61.311276243251996,781.311276243252,753.9886339781996,781.6556674314393,781.6405418354223,-0.32926559217025897,-0.34287241776428345,0.0870354211073263,0.0050718221965325595,registered
879,1787909100.219845,1787909100.2191086,62.52793759974918,782.5279375997492,755.2052953346968,782.5307203504846,782.4911276728519,0.03680992689726281,0.01325406825844766,0.08388075691603597,0.0048174170319643175,registered
880,1787909100.2482944,1787909100.2476504,63.62148777103994,783.6214877710399,756.2988455059875,783.4085150397575,783.3473423135209,0.27414545751901187,0.27268885908642915,0.07691790795200072,0.004329397382816891,registered
881,1787909100.2768366,1787909100.2761347,64.03199956315564,784.0319995631556,756.7093572981032,784.1784681720582,784.2018332673023,-0.16983370414664023,-0.19071429199595968,0.08267921013664967,0.004626316537446877,registered
882,1787909100.305441,1787909100.3046849,64.8682761258857,784.8682761258857,757.5456338608333,785.0197853949677,785.0582982359425,-0.19002211005681602,-0.20825719434390066,0.1250063198585437,0.006961942335546108,registered
883,1787909100.3341203,1787909100.3334682,66.26942748144961,786.2694274814496,758.9467852163972,785.9749888316727,785.9217580833226,0.34766939812698183,0.3189917623134306,0.07637769932254378,0.004347867405933739,registered
884,1787909100.3627017,1787909100.3618593,66.90140573023177,786.9014057302318,759.5787634651793,786.820218467211,786.7734525160536,0.1279532141782056,0.13769788883462297,0.07300493108984385,0.004247389036368057,registered
885,1787909100.391493,1787909100.3907802,67.26275461982459,787.2627546198246,759.9401123547722,787.6391258489277,787.6410391988455,-0.37828457902094215,-0.3793672227886873,0.09312245029785236,0.005499294048863695,registered
886,1787909100.4201376,1787909100.4193115,68.53717030737948,788.5371703073795,761.2145280423271,788.5599784486722,788.4969391414936,0.04023116588587072,0.06575508641117267,0.07297341337938328,0.004572040800483033,registered
887,1787909100.4483526,1787909100.4477508,69.85244122660129,789.8524412266013,762.5297989615489,789.4532213053212,789.3500783242301,0.5023629023711464,0.4889496402712439,0.09313389279664445,0.006155945908316203,registered
888,1787909100.4768806,1787909100.476217,70.05273810368078,790.0527381036808,762.7300958386284,790.2196719907179,790.2040257087024,-0.15128760502159366,-0.17245052038504127,0.06912201335052921,0.004596782807286886,registered
889,1787909100.505993,1787909100.5051332,70.91689338864649,790.9168933886465,763.5942511235941,791.0391489711245,791.0714693469394,-0.15457595829286674,-0.15095010336449377,0.0825022129046762,0.005584904255471678,registered
890,1787909100.5341384,1787909100.5334158,72.19835008055486,792.1983500805549,764.8757078155024,791.9539699871829,791.9199095160438,0.2784405645110155,0.29383366872161787,0.07780125912473036,0.005261534275215633,registered
891,1787909100.5626283,1787909100.5619743,72.77043189960489,792.7704318996049,765.4477896345525,792.7632992994799,792.7766248126554,-0.006192913050540483,-0.00831275793734676,0.09220199420366977,0.006176341282923041,registered
892,1787909100.5910914,1787909100.5905244,73.1631499408752,793.1631499408752,765.8405076758228,793.5439259065804,793.6330897812958,-0.46993984042057946,-0.4612982895140476,0.09780307954274202,0.006495089667389962,registered
893,1787909100.6197877,1787909100.61897,74.50475667282205,794.504756672822,767.1821144077696,794.4791121378457,794.4864149219537,0.018341750868330564,-0.008390123747744838,0.0905064655862955,0.005822452820461059,registered
894,1787909100.6482668,1787909100.6476483,75.78192617863454,795.7819261786345,768.4592839135821,795.3822163860932,795.3467277891237,0.4351983895107878,0.4026124362844712,0.11655383220072901,0.007389252365496732,registered
895,1787909100.6769915,1787909100.6762795,76.06002893309733,796.0600289330973,768.7373866680449,796.2241378494318,796.2056245151992,-0.1455955821019188,-0.1732783698403182,0.08847541741717602,0.0056094542178284695,registered
896,1787909100.7054732,1787909100.7048337,76.89367290066491,796.8936729006649,769.5710306356125,797.1179236158777,797.0622110717113,-0.16853817104640711,-0.19922005301930312,0.08090640808999218,0.005159840290246098,registered
897,1787909100.7341082,1787909100.7334993,78.27070638394605,798.270706383946,770.9480641188936,798.0406184986355,797.9221377185828,0.3485686653632456,0.33047685880580957,0.10014770124416685,0.006493279842997029,registered
898,1787909100.76249,1787909100.7619598,78.91420182322679,798.9142018232268,771.5915595581744,798.8197477258658,798.775913449589,0.13828837363780622,0.09884836297317179,0.09826685020597375,0.006400242394022948,registered
899,1787909100.7912905,1787909100.7906694,79.43884046799997,799.438840468,772.1161982029475,799.6075335608293,799.6371632585942,-0.19832279059426128,-0.21528262880087823,0.10358145051543398,0.006748669496807639,registered
900,1787909100.819699,1787909100.8190238,80.48863992354268,800.4886399235427,773.1659976584903,800.4965961425353,800.4877562482516,0.000883675291106556,-0.0045647727228015356,0.07427177485529061,0.004790889951145159,registered
901,1787909100.8484814,1787909100.8476248,81.51141917497023,801.5114191749702,774.1887769099178,801.3553586882812,801.3457446414028,0.1656745335674259,0.15258928512378134,0.0956400837634253,0.006033279455488273,registered
902,1787909100.877147,1787909100.8763597,81.94800252762968,801.9480025276297,774.6253602625773,802.1354229692568,802.2077525865495,-0.2597500589198489,-0.2712487472782641,0.10531752877988217,0.0065641391894467205,registered
903,1787909100.9054923,1787909100.9048595,82.97820953320445,802.9782095332044,775.655567268152,803.0021921881496,803.0627084351346,-0.08449890193014653,-0.08816797803126519,0.08262137048815688,0.004999625532456218,registered
904,1787909100.9340854,1787909100.9334946,84.04052213783052,804.0405221378305,776.7178798727781,803.9240806779951,803.921719596854,0.11880254097650322,0.10646214792325281,0.1050125064388828,0.006208836403502886,registered
905,1787909100.9627051,1787909100.962136,84.86005923268988,804.8600592326899,777.5374169676375,804.7904609764632,804.7809238687227,0.0791353639672252,0.05363500358691908,0.07568304161908612,0.004443815345222812,registered
906,1787909100.991451,1787909100.990762,85.40373238040752,805.4037323804075,778.0810901153551,805.6172982908156,805.6396632457877,-0.23593086538016905,-0.248913795999556,0.12809380259754038,0.0075326963701823485,registered
907,1787909101.0199547,1787909101.0192974,86.58845360309306,806.5884536030931,779.2658113380406,806.5017555761624,806.4956847763075,0.09276882678557286,0.07940332013470197,0.0877791804572828,0.005247764047605059,registered
908,1787909101.048497,1787909101.0478096,87.56630678179931,807.5663067817993,780.2436645167469,807.3819190706615,807.3510125407355,0.21529424106381612,0.2126082502020381,0.1062247309613751,0.00646987933918611,registered
909,1787909101.076873,1787909101.0761867,88.08196694812773,808.0819669481277,780.7593246830753,808.195431495907,808.2022849920291,-0.12031804390142042,-0.13033357610152052,0.10550502543538218,0.006480285896059767,registered
910,1787909101.1056523,1787909101.105025,88.83982489498396,808.839824894984,781.5171826299315,809.0275027296777,809.0673970040195,-0.22757210903557734,-0.24350258583967843,0.08161263673713236,0.005053948722775934,registered
911,1787909101.1343684,1787909101.1336606,90.08290584557938,810.0829058455794,782.760263580527,809.9356113463564,809.9264224701944,0.15648337538493706,0.15584701076443253,0.10958587580604157,0.006788596283862723,registered
912,1787909101.1625783,1787909101.1619887,90.93776504063021,810.9377650406302,783.6151227755778,810.7646730376146,810.7762287147993,0.1615363258308662,0.15666861218130634,0.09010202610964398,0.0055381223336809105,registered
913,1787909101.1914413,1787909101.1906002,91.29884181740545,811.2988418174054,783.976199552353,811.5727278958445,811.6345318059715,-0.3356899885660596,-0.3494808821408242,0.1281377628503316,0.007840314380594777,registered
914,1787909101.2200947,1787909101.2190568,92.52475023508657,812.5247502350866,785.2021079700341,812.4841650276629,812.4881931013336,0.0365571337529218,0.026192643524495907,0.09175500802012815,0.005520255340834138,registered
915,1787909101.2487655,1787909101.24807,93.61142290851274,813.6114229085127,786.2887806434603,813.4006557223381,813.3585476962651,0.25287521224765896,0.24439199983805793,0.1272144854182261,0.007562534289019281,registered
916,1787909101.277379,1787909101.2768154,94.02404843713566,814.0240484371357,786.7014061720832,814.2142784726534,814.2208703394328,-0.196821902297188,-0.21932488438540076,0.09834255275532335,0.005828945700979628,registered
917,1787909101.3058047,1787909101.3051836,94.92435733603679,814.9243573360368,787.6017150709844,815.0751910069238,815.0718781582998,-0.14752082226300445,-0.1590190586770177,0.12420367213597726,0.007341253524543804,registered
918,1787909101.334148,1787909101.3336072,96.31491451809302,816.314914518093,788.9922722530406,816.0305413241891,815.9245452940047,0.3903692240883174,0.38048958195918203,0.11386944948680665,0.006760181700597817,registered
919,1787909101.362665,1787909101.3620949,96.93291015487648,816.9329101548765,789.6102678898241,816.8898343632845,816.7791363789745,0.15377377590198194,0.14580078799758667,0.09220076365192395,0.0054939130127659355,registered
920,1787909101.3919816,1787909101.3911242,97.39060312217612,817.3906031221761,790.0679608571237,817.675715160435,817.6499773253928,-0.25937420321668014,-0.26853595782938555,0.17875509971896533,0.010677399522663245,registered
921,1787909101.4200387,1787909101.419192,98.64791790150525,818.6479179015053,791.3252756364528,818.553133220158,818.4919733372943,0.15594456421092673,0.15815299860400955,0.08318560735221066,0.004971651176878064,registered
922,1787909101.4484365,1787909101.4477327,99.6966548410602,819.6966548410602,792.3740125760078,819.4120495863997,819.3481522168247,0.3485026242354934,0.35292789192226337,0.12623204569401947,0.007453898208118658,registered
923,1787909101.4772418,1787909101.4766061,100.0331090767479,820.0331090767479,792.7104668116955,820.1774315722901,820.2143156062945,-0.18120652954655725,-0.17615808836194446,0.10117017158691997,0.005932841047305289,registered
924,1787909101.505682,1787909101.5050068,100.68503496538415,820.6850349653841,793.3623927003317,821.0008537226721,821.0662961281354,-0.3812611627512297,-0.3838536706142577,0.1046674951736542,0.006030800999291419,registered
925,1787909101.5341535,1787909101.533522,102.19357679568054,822.1935767956805,794.8709345306281,821.9208885282904,821.9217097192964,0.27186707638418284,0.27144484453822315,0.15223689044085237,0.008285047788386282,registered
926,1787909101.5626163,1787909101.5620093,102.87636051118909,822.8763605111891,795.5537182461367,822.7745305789397,822.7762936520384,0.10006685915072921,0.09352469989426027,0.08905901437227444,0.0047084278118711105,registered
927,1787909101.5912044,1787909101.5905633,103.29634276376635,823.2963427637663,795.9737004987139,823.5976217246049,823.6328730563228,-0.33653029255640377,-0.3509232613843096,0.1362905607337375,0.007082105311420086,registered
928,1787909101.6197505,1787909101.6191008,104.53962207363486,824.5396220736349,797.2169798085824,824.5362681300317,824.4889589568922,0.050663116742612146,0.044873401524000656,0.08534141692180293,0.00424738693253909,registered
929,1787909101.648401,1787909101.6477408,105.81989633171622,825.8198963317162,798.4972540666638,825.4594106167917,825.3481203153945,0.471776016321769,0.4608865784009595,0.11463468173902008,0.0055692662518366685,registered
930,1787909101.6771474,1787909101.6763413,106.12781536541354,826.1278153654135,798.8051731003611,826.2493318337082,826.2060944040901,-0.0782790386765555,-0.09273253440915141,0.11336914459347221,0.00549639230965233,registered
931,1787909101.7058628,1787909101.7051597,106.83345753317053,826.8334575331705,799.5108152681181,827.1161595113548,827.0706056289495,-0.23714809577893448,-0.2503940451398421,0.11926384904762553,0.005786805292981946,registered
932,1787909101.7348876,1787909101.734076,108.28755302229308,828.2875530222931,800.9649107572407,828.0440648544991,827.9380564194142,0.349496602878844,0.4325064767447202,0.11488766686423664,0.005695569612723774,registered
933,1787909101.7626996,1787909101.7620344,108.93806755202024,828.9380675520202,801.6154252869678,828.8565284654934,828.7767695587785,0.1612979932417602,0.16915237056673504,0.12572605148765775,0.006319687925276491,registered
934,1787909101.7913451,1787909101.790729,109.3788977815999,829.3788977815999,802.0562555165475,829.6211394210384,829.6375687774354,-0.25867099583547315,-0.2506451740528064,0.1446373020731947,0.007335433952830913,registered
935,1787909101.8199227,1787909101.8193405,110.61143419491123,830.6114341949112,803.2887919298588,830.5231627086122,830.4958718686075,0.11556232630368868,0.13294766594844987,0.1257864484328516,0.00647886851189578,registered
936,1787909101.8488305,1787909101.8480322,111.62698973563374,831.6269897356337,804.3043474705813,831.4244087684416,831.3565852605316,0.27040447510216836,0.28262068839035237,0.14156506123212123,0.007258433679328246,registered
937,1787909101.877225,1787909101.8764806,111.97970612956658,831.9797061295666,804.6570638645142,832.1732835952212,832.2099962279226,-0.2302900983560221,-0.2296151701150393,0.11237561677523977,0.005728178213413547,registered
938,1787909101.9058993,1787909101.905111,112.82494858737846,832.8249485873785,805.502306322326,833.0161215304846,833.0688714973147,-0.2439229099362592,-0.24775038989628229,0.11570640209055633,0.005767935179120554,registered
939,1787909101.9341025,1787909101.933497,114.23201379919487,834.2320137991949,806.9093715341425,833.926608454467,833.9204085810351,0.3116052181597979,0.29297358512678784,0.1096920800513794,0.005182151817437328,registered
940,1787909101.9629,1787909101.9622514,114.88165934701715,834.8816593470171,807.5590170819647,834.7503680695772,834.7830030088575,0.09865633815968522,0.0798761780794166,0.12531256520043005,0.005772470139054735,registered
941,1787909101.9912612,1787909101.9906085,115.15149808638284,835.1514980863828,807.8288558213304,835.5827732046589,835.6336746730201,-0.4821765866372516,-0.5024086873672786,0.14224427416920407,0.006490922605276911,registered
942,1787909102.0199277,1787909102.019261,116.60929470864414,836.6092947086441,809.2866524435917,836.4924820613,836.4932079473652,0.11608676127889339,0.11269381065994821,0.10277608709537316,0.00454998210089311,registered
943,1787909102.0487309,1787909102.047903,117.61327414819789,837.6132741481979,810.2906318831455,837.3846376404334,837.3524336759173,0.2608404722806199,0.257637638620281,0.14525298615788323,0.006454276424058716,registered
944,1787909102.0769842,1787909102.076252,118.06447025142893,838.0644702514289,810.7418279863765,838.2313237464017,838.2028621643364,-0.13839191290742292,-0.1736424190563639,0.12644068978232634,0.0056577612077309105,registered
945,1787909102.105814,1787909102.105086,118.9733390816524,838.9733390816524,811.6506968166,839.0967509168114,839.0678454362272,-0.09450635457483259,-0.12227139039782742,0.13122406582898008,0.005981551860095232,registered
946,1787909102.1342585,1787909102.1336129,120.14385664616111,840.1438566461611,812.8212143811087,839.999020366078,839.923609486548,0.22024715961310903,0.24298492905597868,0.15542648324304179,0.00721803331773251,registered
947,1787909102.1627958,1787909102.1620698,120.97115522124943,840.9711552212494,813.648512956197,840.7641012536385,840.777277934138,0.19387728711137697,0.20890869943184498,0.14303105597464527,0.006647945288883581,registered
948,1787909102.191421,1787909102.1907237,121.47319301176617,841.4731930117662,814.1505507467137,841.5585626630899,841.6368541218498,-0.16366111008358075,-0.15886226043528495,0.17604101033620398,0.008133777523697783,registered
949,1787909102.2200735,1787909102.2194629,122.22168999874259,842.2216899987426,814.8990477336902,842.4589328047036,842.498990807096,-0.2773008083534023,-0.25695286839459186,0.14894591363442383,0.006764666929169648,registered
950,1787909102.2486932,1787909102.2479913,123.44984824491803,843.449848244918,816.1272059798656,843.334628992573,843.3548049230111,0.09504332190692821,0.10917086431663847,0.19398531051904847,0.00846938598047955,registered
951,1787909102.2772298,1787909102.2764876,124.01323802788443,844.0132380278844,816.690595762832,844.1530976844892,844.2096534881798,-0.19641546029538404,-0.19636343208151175,0.21275096793831394,0.009140078679021942,registered
952,1787909102.3057625,1787909102.30509,125.00712690575926,845.0071269057593,817.6844846407068,845.0083495097302,845.0676847946975,-0.060557888938205906,-0.05873749985369159,0.20488242150103453,0.008671610956363917,registered
953,1787909102.3343492,1787909102.3336463,126.21198137349154,846.2119813734915,818.8893391084391,845.9092706202332,845.9243357212594,0.28764565223218597,0.28256235236892735,0.23004667323085473,0.009826069996201642,registered
954,1787909102.3658636,1787909102.3651626,126.75825188201156,846.7582518820116,819.4356096169591,846.7427329213187,846.8697815553409,-0.11152967332930075,-0.1143170513048517,0.2183651776565412,0.009432413833909158,registered
955,1787909102.3915575,1787909102.390863,127.29148512537813,847.2914851253781,819.9688428603257,847.4961796419225,847.6407559456821,-0.3492708203040138,-0.37254752592400564,0.23790937985870617,0.010414997511198171,registered
956,1787909102.421849,1787909102.4209538,128.31047262116772,848.3104726211677,820.9878303561153,848.3217480494865,848.5434386100447,-0.23296598887702658,-0.26712676199372254,0.252018375177147,0.011379452911205915,registered
957,1787909102.4501204,1787909102.4492848,129.2222444890515,849.2222444890515,821.8996022239991,849.1069018521563,849.3933306813826,-0.17108619233113131,-0.20218441795327635,0.24275636913286014,0.011370876207717585,registered
958,1787909102.4803238,1787909102.4796093,129.82004283288916,849.8200428328892,822.4974005678367,849.899388955643,850.3030225289406,-0.4829796960514159,-0.5077170194064138,0.21971857951431614,0.010613635046516787,registered
959,1787909102.506003,1787909102.5053563,130.66297105578144,850.6629710557814,823.340328790729,850.7728779940243,851.0753987559208,-0.4124277001393466,-0.43356445976348823,0.24018570267026654,0.012225547463891978,registered
960,1787909102.5344543,1787909102.5338933,131.78062127761189,851.7806212776119,824.4579790125595,851.6359120314731,851.9314703520349,-0.15084907442303574,-0.15916105675853487,0.21592629736931535,0.011868679803767736,registered
961,1787909102.5630162,1787909102.5622005,132.49357901472467,852.4935790147247,825.1709367496723,852.4733069891035,852.7806472005977,-0.2870681858730677,-0.3030073190011535,0.24100342753040363,0.013874234108989369,registered
962,1787909102.5913591,1787909102.590736,133.32065370840064,853.3206537084006,825.9980114433482,853.3297144141798,853.6366687311175,-0.31601502271689696,-0.34871856580241456,0.2576719117893152,0.015532484657044654,registered
963,1787909102.6205368,1787909102.619902,134.20586605476888,854.2058660547689,826.8832237897165,854.2284749882097,854.5116079040369,-0.30574184926797443,-0.33209478838921314,0.22856991225532877,0.01433262158021213,registered
964,1787909102.6486127,1787909102.6480112,135.0621117483828,855.0621117483828,827.7394694833304,855.1089859837489,855.3548484035668,-0.2927366551840578,-0.31931599960364565,0.24031652312920523,0.015551626371579771,registered
965,1787909102.6776052,1787909102.6769302,136.03399883940358,856.0339988394036,828.7113565743512,855.9999536999321,856.2223778685369,-0.18837902913332982,-0.21986766685802195,0.24327931023182556,0.016269388244469603,registered
966,1787909102.7061841,1787909102.7054718,136.8966852947018,856.8966852947018,829.5740430296494,856.950947299483,857.0785853569782,-0.18190006227644062,-0.21168237049960226,0.2368384696196215,0.016287903765787464,registered
967,1787909102.7348173,1787909102.7340999,137.9196968868705,857.9196968868705,830.5970546218181,857.9011672208945,857.937389104093,-0.017692217222474937,-0.04446576663485757,0.2364589424706378,0.016704741404944646,registered
968,1787909102.762935,1787909102.762257,138.84403994222066,858.8440399422207,831.5213976771682,858.8508539387717,858.7820672014008,0.0619727408198969,0.04036223526361482,0.19692340611553075,0.014057685414839925,registered
969,1787909102.7915149,1787909102.7909083,139.82936482066737,859.8293648206674,832.5067225556149,859.8001962103244,859.6415647146073,0.1878001060600809,0.16724229744545482,0.2266947518564512,0.016017443723962316,registered
970,1787909102.8202574,1787909102.8194568,140.73053342170067,860.7305334217007,833.4078911566482,860.7102492897607,860.4979796176533,0.23255380404737025,0.21487481069573278,0.1805103161507861,0.012387272868406402,registered
971,1787909102.848467,1787909102.847886,141.60348626583618,861.6034862658362,834.2808440007838,861.5886925770808,861.3508184068243,0.2526678590119218,0.23705998342825296,0.20123500371303035,0.013268019121566214,registered
972,1787909102.877123,1787909102.876416,142.49062006894235,862.4906200689423,835.1679778038899,862.4629046932043,862.2066754361058,0.28394463283655114,0.26077985027291106,0.19459575634762222,0.012326231422852146,registered
973,1787909102.9056134,1787909102.905062,143.3309789723735,863.3309789723735,836.0083367073211,863.33335971814,863.0660156003017,0.26496337207174747,0.24196123643889678,0.18732606468798718,0.01158198591510166,registered
974,1787909102.9343202,1787909102.9336572,144.08286967450113,864.0828696745011,836.7602274094487,864.1767162746248,863.9238323399869,0.15903733451420976,0.15036245141936888,0.16240239767875073,0.010008198514621992,registered
975,1787909102.9631941,1787909102.9625623,144.9831482103532,864.9831482103532,837.6605059453008,865.0344493916568,864.7909469757474,0.19220123460581817,0.19191662123853348,0.12692238826897212,0.007971963531512334,registered
976,1787909102.9914455,1787909102.9907677,146.01196487300615,866.0119648730061,838.6893226079537,865.8932352504983,865.6370698230609,0.37489504994528033,0.38376798925003186,0.15084096789108725,0.009887443855762719,registered
977,1787909103.0202026,1787909103.0194309,146.72345819929137,866.7234581992914,839.400815934239,866.7264776572365,866.4969249476549,0.2265332516365106,0.23757703981937084,0.10924037709089437,0.00741921928087304,registered
978,1787909103.0488648,1787909103.0481594,147.5099061387067,867.5099061387067,840.1872638736543,867.548816434848,867.3587397826524,0.15116635605431838,0.15576036561344608,0.14159218082976985,0.010006585288501301,registered
979,1787909103.0772357,1787909103.0765765,148.4255984035094,868.4255984035094,841.102956138457,868.3577285680371,868.2112138082081,0.2143845953013397,0.1951219751952067,0.10721250945637226,0.007902492503020844,registered
980,1787909103.10593,1787909103.1052856,149.15081612546328,869.1508161254633,841.8281738604109,869.1370559893362,869.0724493127578,0.07836681270543977,0.06093428653252886,0.12335054668215217,0.00933724223176654,registered
981,1787909103.1342838,1787909103.1336148,149.8461179298555,869.8461179298555,842.5234756648031,869.912747864609,869.9222841662737,-0.07616623641820297,-0.09015587464796226,0.1323754417027379,0.010195485561722685,registered
982,1787909103.1648037,1787909103.164073,150.693979748905,870.693979748905,843.3713374838526,870.7119017886916,870.8359884135995,-0.14200866469445828,-0.1650275804136072,0.10753871271989161,0.008345710658226346,registered
983,1787909103.1915054,1787909103.1908507,151.50711531389516,871.5071153138952,844.1844730488427,871.508102413841,871.6392837211442,-0.13216840724908252,-0.15369922720583418,0.1323816437027562,0.010192909286928599,registered
984,1787909103.2201793,1787909103.219586,152.32513200353412,872.3251320035341,845.0024897384817,872.3020339429335,872.5012988185188,-0.17616681498464004,-0.19190668499561525,0.11340750989361623,0.00854740102611648,registered
985,1787909103.248971,1787909103.2481802,153.14732458017704,873.147324580177,845.8246823151246,873.1243951806766,873.3590869492929,-0.21176236911583146,-0.22563932601815395,0.1419464598525971,0.010387433125298152,registered
986,1787909103.2773142,1787909103.2766743,153.9223263787361,873.9223263787361,846.5996841136837,873.9435812965859,874.2138711444119,-0.2915447656757806,-0.29202218276066105,0.1238750897184705,0.008830139687102709,registered
987,1787909103.3062065,1787909103.3055334,154.7756820123759,874.7756820123759,847.4530397473235,874.7634333812541,875.0796054002167,-0.30392338784076856,-0.30123923431347066,0.15049246802253521,0.010577242061450366,registered
988,1787909103.3346715,1787909103.3339336,155.5828727980952,875.5828727980952,848.2602305330428,875.5933466281831,875.931571617602,-0.3486988195068079,-0.3547438017986906,0.19181756344461448,0.013638265164571523,registered
989,1787909103.3632355,1787909103.3623552,156.43064210973262,876.4306421097326,849.1079998446802,876.4363575647733,876.784181535485,-0.3535394257523876,-0.353723739688121,0.13756480548785924,0.010191615757180845,registered
990,1787909103.392152,1787909103.3912978,157.25802351826678,877.2580235182668,849.9353812532144,877.2943785254856,877.6524190710023,-0.3943955527355456,-0.3829574145843253,0.15181000924899907,0.011961147303036192,registered
991,1787909103.4203255,1787909103.4195473,158.19012964248884,878.1901296424888,850.8674873774364,878.1576175781879,878.4998650804495,-0.30973543796062586,-0.3212007034294402,0.13339231538047458,0.011373769179370819,registered
992,1787909103.448729,1787909103.4479592,159.02194410023083,879.0219441002308,851.6993018351784,879.0076447556178,879.3521817569947,-0.3302376567638703,-0.3399137998602555,0.14328002343056342,0.013048491759886743,registered
993,1787909103.478076,1787909103.477395,159.9116906700648,879.9116906700648,852.5890484050124,879.8815033296606,880.2352172517272,-0.3235265816624633,-0.33336915309200776,0.16412858522418391,0.015805464761009375,registered
994,1787909103.505844,1787909103.5052338,160.77167592886553,880.7716759288655,853.4490336638131,880.767237101697,881.0703399727608,-0.29866404389531453,-0.31283981322246746,0.1702493433688119,0.016979729877817384,registered
995,1787909103.534737,1787909103.534178,161.60387868816883,881.6038786881688,854.2812364231164,881.6478511061093,881.9386275738724,-0.3347488857035614,-0.3414906869987817,0.16492974249647221,0.016718007916278938,registered
996,1787909103.5629258,1787909103.5622869,162.50706332101288,882.5070633210129,855.1844210559605,882.5516898056287,882.7818537689469,-0.27479044793403773,-0.2870869440404249,0.17454586296142546,0.017743399692727552,registered
997,1787909103.591438,1787909103.5908053,163.54664946117714,883.5466494611771,856.2240071961247,883.5100674601209,883.6373674912965,-0.09071803011931934,-0.10784593418611621,0.21423317853302448,0.021723437634628934,registered
998,1787909103.6199582,1787909103.619395,164.44172841130649,884.4417284113065,857.1190861462541,884.4641524115548,884.4950197297434,-0.05329131843689083,-0.07859943352843857,0.23497383606084415,0.02396657529724514,registered
999,1787909103.6486063,1787909103.6480105,165.34879753268638,885.3487975326864,858.026155267634,885.4130942795416,885.3534444087873,-0.004646876100878217,-0.03465343830009715,0.20550068731966023,0.021369120856869983,registered
1000,1787909103.677333,1787909103.6765614,166.4672148110924,886.4672148110924,859.14457254604,886.3774687588101,886.2099308341109,0.25728397698151184,0.23297461642107464,0.17652240345486156,0.018973430621837636,registered
1001,1787909103.7060013,1787909103.7051916,167.4122838046353,887.4122838046353,860.0896415395829,887.3227833646683,887.0687989512753,0.3434848533599961,0.32737532625947097,0.18268583658496607,0.020004575201184406,registered
1002,1787909103.7343204,1787909103.7336738,168.1361944897219,888.1361944897219,860.8135522246695,888.2173270396063,887.9232255350067,0.21296895471516564,0.2070649168242653,0.16205270362074614,0.017726899090399036,registered
1003,1787909103.7632022,1787909103.7624474,169.07489727718303,889.074897277183,861.7522550121306,889.1090960971891,888.7863921410491,0.28850513613394924,0.28154241232550703,0.1493949331438926,0.01589961604111822,registered
1004,1787909103.7914965,1787909103.7908752,170.082643178632,890.082643178632,862.7600009135796,890.0041642245103,889.6391880168536,0.4434551617783882,0.42447389644325995,0.12956305226036763,0.012955507062949718,registered
1005,1787909103.8204424,1787909103.819823,170.84364764931695,890.843647649317,863.5210053842645,890.8564072611864,890.5075829013814,0.3360647479355521,0.31072077236103723,0.12580860306244404,0.011804333096939908,registered
1006,1787909103.848894,1787909103.8481586,171.6242017421025,891.6242017421025,864.3015594770501,891.7173195660741,891.3576108650465,0.26659087705604634,0.24135706081392527,0.15312775765352796,0.01339976279030161,registered
1007,1787909103.8776095,1787909103.8769841,172.64258334848637,892.6425833484864,865.319941083434,892.6070530608615,892.2223366567383,0.42024669174804785,0.42442793360680753,0.15221112736768794,0.012331090264263947,registered
1008,1787909103.9059227,1787909103.9051762,173.55410555291155,893.5541055529116,866.2314632878591,893.4795148023766,893.0680589792978,0.4860465736137485,0.5192411231814731,0.13036813621347773,0.01015134331142503,registered
1009,1787909103.934628,1787909103.933834,174.2289786456413,894.2289786456413,866.9063363805889,894.3177948620337,893.9277567548812,0.30122189076007544,0.3537954094484803,0.16660266349606465,0.012846454516477722,registered
1010,1787909103.9630916,1787909103.962398,175.16366369398145,895.1636636939814,867.841021428929,895.1722904424116,894.7846365527311,0.37902714125038983,0.44405857691174333,0.13353530080356435,0.010364617467407739,registered
1011,1787909103.9915698,1787909103.9910007,176.10638818847667,896.1063881884767,868.7837459234242,896.0285127615089,895.6426750114765,0.4637131770001588,0.5247024331812327,0.11785110529115278,0.009331542809256986,registered
1012,1787909104.020422,1787909104.019837,176.84220144433664,896.8422014443366,869.5195591792842,896.8331106721719,896.5077226534172,0.3344787909194338,0.3815682032274026,0.1192366470518042,0.009630256796589968,registered
1013,1787909104.0485291,1787909104.0480244,177.51684286328634,897.5168428632863,870.1942005982339,897.6127061706923,897.3533090836494,0.16353377963696403,0.20187972633129903,0.11944194280437677,0.009833455146824228,registered
1014,1787909104.0773022,1787909104.076735,178.46688213406264,898.4668821340626,871.1442398690102,898.4181215664216,898.2145875015656,0.25229463249706896,0.21112586709273273,0.12074691610505629,0.010188757793980032,registered
1015,1787909104.1082623,1787909104.1074777,179.26757385208293,899.2675738520829,871.9449315870305,899.1585118587941,899.1368243565975,0.13074949548547465,0.09559652051996181,0.10847261584448263,0.009282765534468124,registered
1016,1787909104.1344683,1787909104.1338348,179.828737226091,899.828737226091,872.5060949610386,899.8770691802038,899.9275031343908,-0.09876590829981069,-0.14051663073155396,0.08442835638388017,0.007252730206160815,registered
1017,1787909104.1722412,1787909104.1712794,180.5992059731633,900.5992059731633,873.2765637081109,900.6394853592567,901.050789111483,-0.45158313831973373,-0.48302598858003876,0.0972571117339982,0.008312012972257844,registered
1018,1787909104.1917384,1787909104.1910636,181.53016586495505,901.530165864955,874.2075235999026,901.451324605875,901.6442881224289,-0.11412225747380944,-0.1356149719450741,0.12007320250202247,0.010022590232512393,registered
1019,1787909104.2207296,1787909104.2197087,182.09476411633102,902.094764116331,874.7721218512786,902.2584512704655,902.5035996777137,-0.40883556138271615,-0.44434949014203085,0.10661237187313606,0.008696708335775039,registered
1020,1787909104.248781,1787909104.248087,183.0265144652941,903.0265144652941,875.7038722002417,903.1239569802221,903.3549078901461,-0.32839342485203815,-0.3452229791806758,0.12622417407640493,0.009809177086069027,registered
1021,1787909104.2819538,1787909104.2799213,184.1111090992623,904.1111090992623,876.7884668342099,904.0241896286775,904.3098947960466,-0.19878569678428448,-0.22867804088252797,0.13444086198898525,0.0098186438641473,registered
1022,1787909104.3063283,1787909104.3055596,185.0328071666254,905.0328071666254,877.710164901573,904.8997265165265,905.0790096071728,-0.04620244054740397,-0.08212435095776982,0.14985422474710502,0.010476071132513727,registered
1023,1787909104.3430452,1787909104.342079,185.73403529922086,905.7340352992209,878.4113930341684,905.7443663584011,906.1745377883661,-0.440502489145274,-0.44277478830872496,0.1689789771550222,0.011589578015981757,registered
1024,1787909104.3631773,1787909104.362506,186.65127716328323,906.6512771632832,879.3286348982308,906.6043466015396,906.7873192053268,-0.13604204204352754,-0.13045691267438997,0.16143999131546177,0.01108748032189591,registered
1025,1787909104.3921056,1787909104.3913643,187.4075227500059,907.4075227500059,880.0848804849535,907.4453610727719,907.6530320044482,-0.24550925444225413,-0.2620784065037469,0.19628128712491058,0.013811770349228729,registered
1026,1787909104.4205282,1787909104.4198802,188.19141798607995,908.19141798608,880.8687757210275,908.2589964594895,908.5084670522925,-0.3170490662125758,-0.3024839391312071,0.19179557386225202,0.01406614822673659,registered
1027,1787909104.4490576,1787909104.448363,189.02001043971325,909.0200104397132,881.6973681746608,909.0834769578521,909.3629150927072,-0.34290465299397965,-0.34299321915398195,0.18072163576501316,0.013942241885800271,registered
1028,1787909104.4774554,1787909104.4766734,190.02168563655937,910.0216856365594,882.699043371507,909.9694468638824,910.2121849202308,-0.19049928367144275,-0.19584537143930447,0.17680344874738282,0.014405538931818004,registered
1029,1787909104.506241,1787909104.5056105,190.9681372107858,910.9681372107858,883.6454949457334,910.8520664105209,911.0802579545099,-0.11212074372406278,-0.10818698247487646,0.19638233326395504,0.01657069866361656,registered
1030,1787909104.5361657,1787909104.5354254,191.64393201237556,911.6439320123756,884.3212897473231,911.7328533031043,911.9746654913654,-0.33073347898982774,-0.3247262113389979,0.24265139584335021,0.020778012541648058,registered
1031,1787909104.5632353,1787909104.5624983,192.59056267346295,912.590562673463,885.2679204084105,912.6324818603383,912.786815256865,-0.19625258340204255,-0.19977517807990353,0.2462489025609181,0.021347006829768304,registered
1032,1787909104.5924377,1787909104.5915613,193.6811134249457,913.6811134249457,886.3584711598933,913.564801842826,913.6586646673962,0.022448757549454967,0.02787627890825206,0.2424884685865372,0.021364621514910913,registered
1033,1787909104.6202724,1787909104.6195996,194.4211909094297,914.4211909094297,887.0985486443773,914.4849080807537,914.4997738030567,-0.07858289362695814,-0.06868104304282951,0.22700261906362879,0.020360676433742772,registered
1034,1787909104.6491032,1787909104.6483839,195.3075826696986,915.3075826696986,887.9849404046462,915.4284998608678,915.3632622593478,-0.055679589649230365,-0.04039860863827016,0.2271063710764019,0.020903549084947945,registered
1035,1787909104.677562,1787909104.6769226,196.4881348293253,916.4881348293253,889.1654925642729,916.4390107887443,916.2193839210561,0.2687509082692259,0.3084535422146928,0.24880905758437316,0.0234573202027145,registered
1036,1787909104.7060294,1787909104.705358,197.48785784116353,917.4878578411635,890.1652155761111,917.4198709671235,917.0724086681486,0.415449173014963,0.4009038942334655,0.2302465675093813,0.02156611081584595,registered
1037,1787909104.7346041,1787909104.7339518,198.275066764161,918.275066764161,890.9524244991086,918.3472832162198,917.9301824944672,0.34488426969380725,0.2508178485120425,0.2194315875149803,0.019997383505252816,registered
1038,1787909104.7630758,1787909104.762397,199.30966473204649,919.3096647320465,891.9870224669941,919.2780509400586,918.7835004828975,0.5261642491490193,0.46189502505410474,0.1836827150412008,0.01576735431570575,registered
1039,1787909104.7924342,1787909104.7918806,200.3446645298884,920.3446645298884,893.022022264836,920.1790250559641,919.6679664231801,0.6766981067082725,0.6860772125492076,0.19428163213122185,0.015629465903279648,registered
1040,1787909104.8207464,1787909104.8200896,200.96658014228467,920.9665801422847,893.6439378772322,921.0117568739249,920.5141965539098,0.4523835883749143,0.47665251511114093,0.21057879024592885,0.016469541086021788,registered
1041,1787909104.848767,1787909104.8481226,201.6738981314562,921.6738981314562,894.3512558664038,921.8168132089671,921.3551483405598,0.31874979089639055,0.34558231911159965,0.19696507495072804,0.01517210460449066,registered
1042,1787909104.8778052,1787909104.8772001,202.67639933293935,922.6763993329394,895.3537570678869,922.6424295729826,922.2274340369837,0.44896529595564516,0.4305209545178741,0.18440881671193038,0.014277811856050222,registered
1043,1787909104.9061356,1787909104.9054193,203.54201036069253,923.5420103606925,896.2193680956401,923.4425508246325,923.0739717135067,0.46803864718583554,0.42908646932960437,0.15992313235090466,0.012551526727708366,registered
1044,1787909104.934801,1787909104.9341228,204.16617187932184,924.1661718793218,896.8435296142694,924.2354584440775,923.9350355645904,0.2311363147314296,0.2307971690671593,0.14945344645944394,0.011801111243886627,registered
1045,1787909104.9633965,1787909104.9626095,204.995678469719,924.995678469719,897.6730362046666,925.0798545004077,924.7895980406493,0.20608042906974333,0.2155706345413364,0.14768866474041584,0.011633230159659244,registered
1046,1787909104.9934638,1787909104.9927986,206.01570961516677,926.0157096151668,898.6930673501143,925.9374847487484,925.6952274228449,0.3204821923218333,0.28534678066239394,0.15164045379157132,0.011714094849003775,registered
1047,1787909105.0208876,1787909105.0201914,206.7192920625689,926.7192920625689,899.3966497975165,926.737325651801,926.5169754779854,0.20231658458351376,0.22044552527461292,0.1330525054192868,0.010067712164748499,registered
1048,1787909105.0488968,1787909105.0482705,207.47249483202313,927.4724948320231,900.1498525669707,927.5258966400623,927.3593076445912,0.11318718743189038,0.17174448229536665,0.1610247987129958,0.011872919638087145,registered
1049,1787909105.0776496,1787909105.0768905,208.43175344875863,928.4317534487586,901.1091111837062,928.3194194748594,928.2178682159624,0.2138852327962013,0.21786748409067513,0.13424087892367628,0.009520493643527701,registered
1050,1787909105.1062145,1787909105.1054502,209.20475106198455,929.2047510619846,901.8821087969321,929.0732419606682,929.0746192737128,0.13013178827179672,0.11887769974669027,0.1397681141292882,0.00951926791953494,registered
1051,1787909105.134522,1787909105.1338918,209.6905098547412,929.6905098547412,902.3678675896888,929.8110109171375,929.9278299787267,-0.2373201239854552,-0.25213138638071086,0.13731977407665016,0.009057182308319301,registered
1052,1787909105.1631405,1787909105.1624029,210.50747722935114,930.5074772293511,903.1848349642987,930.5873064508901,930.7831219820159,-0.27564475266478894,-0.3101105503931194,0.146520893631026,0.009024381498135588,registered
1053,1787909105.1916356,1787909105.1910155,211.39124295580052,931.3912429558005,904.0686006907481,931.3921436565561,931.6414608343268,-0.25021787852631405,-0.30760549117906066,0.1875504074810209,0.010519336341322764,registered
1054,1787909105.2203448,1787909105.2197595,212.19667822083466,932.1966782208347,904.8740359557822,932.2037895654126,932.5037405641282,-0.30706234329352355,-0.3617302389543511,0.19295975605812427,0.009865980884391983,registered
1055,1787909105.2491026,1787909105.248274,213.07280109839928,933.0728010983993,905.7501588333469,933.0703498255278,933.3591398508338,-0.2863387524345171,-0.32919137035855783,0.2072563441698597,0.009748246786233278,registered
1056,1787909105.2775745,1787909105.276971,214.00423690656737,934.0042369065674,906.681594641515,934.0037667203154,934.2200105917683,-0.21577368520092932,-0.23011260647786003,0.2151229550955859,0.0097500366401551,registered
1057,1787909105.3060834,1787909105.3053684,214.954814834761,934.954814834761,907.6321725697086,934.9231844668074,935.0718909824207,-0.11707614765964536,-0.11292614851902272,0.23400743860536122,0.010852746481663723,registered
1058,1787909105.3344226,1787909105.3338423,215.75203553339554,935.7520355333955,908.4293932683431,935.8043039334829,935.926067238181,-0.17403170478542052,-0.19089989068822888,0.20370571990950664,0.009885940880683973,registered
1059,1787909105.3633838,1787909105.3628075,216.71746821016268,936.7174682101627,909.3948259451103,936.691044809063,936.7949842353345,-0.07751602517180345,-0.09087693610069891,0.2233770534078669,0.01149038236576455,registered
1060,1787909105.392113,1787909105.3913922,217.68815018809266,937.6881501880927,910.3655079230402,937.5764512924391,937.6524862769986,0.03566391109404776,0.026029364570717917,0.23669870244568206,0.012764024954699263,registered
1061,1787909105.4213617,1787909105.420367,218.42299256628849,938.4229925662885,911.1003503012361,938.4227193964512,938.5216893632622,-0.09869679697374067,-0.10856793306300005,0.2555930544473215,0.014146029725514589,registered
1062,1787909105.4559517,1787909105.45509,219.13831224214448,939.1383122421445,911.815669977092,939.2442103161061,939.5633326605849,-0.4250204184404538,-0.43291212489373265,0.2469664996772254,0.013904537556272602,registered
1063,1787909105.4776285,1787909105.4769816,220.19100970329544,940.1910097032954,912.868367438243,940.1321149956771,940.2200502126155,-0.029040509320111596,-0.04947303247990931,0.24503122679066025,0.01390412285313589,registered
1064,1787909105.5061479,1787909105.505422,221.05574451954487,941.0557445195449,913.7331022544925,941.0490405497744,941.0732251564907,-0.017480636945833794,-0.024732516275207672,0.24486589624497124,0.013696897627664312,registered
1065,1787909105.5347111,1787909105.5340722,221.7921038051768,941.7921038051768,914.4694615401244,941.9640113435678,941.9326869085585,-0.14058310338168667,-0.1560988843556288,0.23639719840042256,0.012811836593132314,registered
1066,1787909105.5633235,1787909105.5626636,222.847766637341,942.847766637341,915.5251243722886,942.9270781350776,942.7903892125996,0.057377424741389405,0.02224545083834073,0.25638114403085316,0.012804009707872375,registered
1067,1787909105.591692,1787909105.5911026,224.10818176596376,944.1081817659638,916.7855395009113,943.8669373470218,943.6435212431082,0.4646605228555245,0.4379189936695411,0.2907934176181832,0.012494010686474029,registered
1068,1787909105.620433,1787909105.6197584,224.8723016378891,944.8723016378891,917.5496593728367,944.7792812325059,944.503154648642,0.36914698924715594,0.35235269654538115,0.27869839846116645,0.010793585762633007,registered
1069,1787909105.648919,1787909105.6482935,225.5591868130757,945.5591868130757,918.2365445480233,945.6919887542779,945.3591690269341,0.20001778614164323,0.18232288414526465,0.2800707152629319,0.010000743605685375,registered
1070,1787909105.6774933,1787909105.6767964,226.58357608869755,946.5835760886976,919.2609338236451,946.5782784771205,946.2142178544799,0.3693582342176569,0.3659217972093529,0.2806668967646533,0.009448006827965103,registered
1071,1787909105.7060754,1787909105.7054749,227.32421647018123,947.3242164701812,920.0015742051288,947.3862705554951,947.0745307216498,0.24968574853141945,0.24085777166681055,0.24244292002337828,0.008282698829359222,registered
1072,1787909105.7345843,1787909105.733873,228.25624290791927,948.2562429079193,920.9336006428668,948.1459181429216,947.9264325689854,0.3298103389338394,0.3393417200081785,0.24084469092456992,0.008756221898498678,registered
1073,1787909105.7630737,1787909105.7624202,229.00540098357055,949.0054009835706,921.6827587185181,948.9503223835958,948.7828117108928,0.22258927267773743,0.2638385189517294,0.190753875971766,0.007356528212298886,registered
1074,1787909105.792384,1787909105.7911787,229.77168940259992,949.7716894025999,922.4490471375475,949.802155819376,949.6455277265869,0.12616167601299821,0.14298736497789832,0.1944228479930728,0.007908272586711057,registered
1075,1787909105.820476,1787909105.8196168,230.4997017504893,950.4997017504893,923.1770594854369,950.6063548734794,950.4986311481846,0.0010706023047077906,-0.00022324898259284964,0.1222878625290343,0.005174067192789914,registered
1076,1787909105.8491652,1787909105.8483942,231.33148638082514,951.3314863808251,924.0088441157727,951.432885452157,951.361912189871,-0.03042580904582337,-0.023978218626666603,0.14259380606678745,0.006230730026168667,registered
1077,1787909105.8774662,1787909105.876927,232.3594046082767,952.3594046082767,925.0367623432243,952.281490222864,952.2178550458855,0.1415495623912193,0.14511575491007989,0.13754741737444423,0.006170380413852533,registered
1078,1787909105.906197,1787909105.9055393,233.33656302148586,953.3365630214859,926.0139207564334,953.1489492346243,953.0761867459687,0.26037627551716014,0.2667313589306559,0.13334271630517555,0.006083253927126029,registered
1079,1787909105.9346275,1787909105.9340675,233.88242541882767,953.8824254188277,926.5597831537752,954.0316199397323,953.931993709656,-0.04956829082834702,-0.05374366115529483,0.0952963209983458,0.004377204963946897,registered
1080,1787909105.9632175,1787909105.9625344,234.86444626163984,954.8644462616398,927.5418039965874,954.8959807219856,954.7859625508115,0.07848371082832273,0.08130357137713418,0.07892871899564016,0.003648598262683046,registered
1081,1787909105.992186,1787909105.9914572,235.8307653228511,955.8307653228511,928.5081230577987,955.7485721176843,955.6536064514255,0.17715887142560405,0.19011041013777685,0.13178435486150752,0.0060684886387339715,registered
1082,1787909106.02025,1787909106.019609,236.55559306403825,956.5555930640382,929.2329507989858,956.5955036152307,956.4981200474951,0.05747301654309922,0.06329691743565036,0.09411875911660936,0.004288992560919237,registered
1083,1787909106.0491943,1787909106.0484238,237.4772116634632,957.4772116634632,930.1545693984108,957.4627165926138,957.3625239889383,0.11468767452493012,0.13131059250042654,0.13974392754920392,0.006238496252192647,registered
1084,1787909106.0772767,1787909106.0765862,238.25056419355906,958.2505641935591,930.9279219285066,958.3338222978145,958.2073594352566,0.04320475830240866,0.030129762337196553,0.1115170374506551,0.004884106395666644,registered
1085,1787909106.1059828,1787909106.105367,239.2246413296116,959.2246413296116,931.9019990645592,959.1356232428602,959.0707406081315,0.15390072148011313,0.14162143217299672,0.10463766698589551,0.004499392578226466,registered
1086,1787909106.1345277,1787909106.1339972,240.05709551324128,960.0570955132413,932.7344532481889,959.9645540237334,959.9296087252959,0.12748678794537227,0.1353803070558115,0.10774493640953346,0.00460616434205769,registered
1087,1787909106.1633823,1787909106.1626718,240.80827271865792,960.8082727186579,933.4856304536055,960.8334354619674,960.7898071568219,0.01846556183602388,0.00914028587624216,0.10829649333027402,0.004642259714369658,registered
1088,1787909106.1917398,1787909106.1911302,241.53207058430166,961.5320705843017,934.2094283192492,961.6573358753974,961.6435185177784,-0.11144793347671111,-0.11134698218847916,0.14400893240543222,0.00621852081440925,registered
1089,1787909106.220364,1787909106.2196743,242.4511283632828,962.4511283632828,935.1284860982304,962.5286444886972,962.499804680725,-0.0486763174421867,-0.05019798935052222,0.08361137747521304,0.003654308127385306,registered
1090,1787909106.2489526,1787909106.2483087,243.51740897695402,963.517408976954,936.1947667119016,963.4077997689769,963.3587943857611,0.15861459119287247,0.15810687547161706,0.12585314409085505,0.005587292606691747,registered
1091,1787909106.2776458,1787909106.2769845,244.32363422633898,964.323634226339,937.0009919612866,964.2721667619397,964.2190285784259,0.1046056479131039,0.13223952531711802,0.07754643024023797,0.003492701278427338,registered
1092,1787909106.3062756,1787909106.3056302,245.04187783295936,965.0418778329594,937.7192355679069,965.1435760213121,965.078361590394,-0.036483757434666586,-0.003577958119080904,0.1289693487539429,0.0059012420454521335,registered
1093,1787909106.3350506,1787909106.3342092,246.17678263835978,966.1767826383598,938.8541403733074,966.0269365201539,965.9356919785922,0.24109065976756483,0.2780819931052747,0.13402527953438828,0.006307823100531761,registered
1094,1787909106.3634238,1787909106.3627527,246.876864805806,966.876864805806,939.5542225407536,966.8815030101111,966.7919566848556,0.08490812095044475,0.12789517289684227,0.07486644215178397,0.003578029452141536,registered
1095,1787909106.3933165,1787909106.3923535,247.5401885303463,967.5401885303463,940.2175462652939,967.7012239892475,967.6799415211914,-0.13975299084506787,-0.10415367919017626,0.11654705672041231,0.005625893935673974,registered
1096,1787909106.4205077,1787909106.4199145,248.5951035096789,968.5951035096789,941.2724612446265,968.565840360072,968.5067318968958,0.08837161278313488,0.1124938558194799,0.0993013516175549,0.004810859129568151,registered
1097,1787909106.449953,1787909106.449222,249.52882260918602,969.528822609186,942.2061803441336,969.4466386585531,969.3859194930988,0.14290311608726824,0.15412866532619773,0.08991148000055878,0.0043243676957293075,registered
1098,1787909106.4779923,1787909106.4770813,250.26587796294575,970.2658779629458,942.9432356978933,970.2864699052143,970.2216573057187,0.04422065722701518,0.03980351557436279,0.09741628876125305,0.004648603064824599,registered
1099,1787909106.5061772,1787909106.5054622,251.0658480371568,971.0658480371568,943.7432057721044,971.1411511004177,971.0730441926564,-0.007196155499627821,-0.008225149504255569,0.1216240932076483,0.005773439447510901,registered
1100,1787909106.534881,1787909106.5341086,252.11121279492318,972.1112127949232,944.7885705298708,972.0154578188115,971.9323986613078,0.17881413361533305,0.16486924745947817,0.11140831352009166,0.005305504086155005,registered
1101,1787909106.563457,1787909106.5629342,252.8963227189397,972.8963227189397,945.5736804538873,972.8430247002219,972.7971244529998,0.09919826593989,0.0855359873390853,0.09493481286046238,0.004560602841577613,registered
1102,1787909106.591713,1787909106.5911586,253.5894987560822,973.5894987560822,946.2668564910298,973.6538269130011,973.6438194785333,-0.05432072245105246,-0.04934995250312113,0.11637468635433464,0.005642824610897596,registered
1103,1787909106.6205618,1787909106.6198642,254.4582027978173,974.4582027978173,947.1355605327649,974.5375308168761,974.5049476996667,-0.046744901849365306,-0.02476451286122483,0.09820677827478304,0.004814064780982663,registered
1104,1787909106.6491125,1787909106.6485264,255.5238386991291,975.5238386991291,948.2011964340767,975.4370946780114,975.3647742153497,0.15906448377938887,0.1986972483604177,0.12495831228050337,0.006201249279955727,registered
1105,1787909106.6777794,1787909106.6771011,256.1989633972023,976.1989633972023,948.8763211321499,976.2968118002126,976.2219758634483,-0.023012466245972973,0.012212004644766239,0.08868870690480203,0.004443646541308452,registered
1106,1787909106.7062283,1787909106.7055633,257.08356345360346,977.0835634536035,949.760921188551,977.1661220824077,977.0758016600488,0.007761793554664109,0.04385052225359232,0.09707552994957837,0.004949408817624164,registered
1107,1787909106.7348444,1787909106.734224,258.31476116784245,978.3147611678424,950.99211890279,978.0710070686018,977.9355852623653,0.37917590547715463,0.41304092064490305,0.1089385490848737,0.0057339677249621775,registered
1108,1787909106.7637217,1787909106.7631593,258.9638457759122,978.9638457759122,951.6412035108598,978.9344741088812,978.8036010788223,0.16024469708986544,0.19136962509901423,0.054065113059477095,0.0028924302295538704,registered
1109,1787909106.7920372,1787909106.7914054,259.59288802847584,979.5928880284758,952.2702457634234,979.7278715610382,979.650946957081,-0.058058928605191795,-0.04158721613862326,0.12328448038217486,0.00667761961705941,registered
1110,1787909106.8203816,1787909106.8196802,260.5410602788435,980.5410602788435,953.218418013791,980.5762130877473,980.4991511026698,0.0419091761737036,0.05851074108272769,0.058224872774188044,0.003181323651462567,registered
1111,1787909106.8492393,1787909106.848449,261.5591465569478,981.5591465569478,954.2365042918954,981.4260431840077,981.3621746641571,0.19697189279065697,0.19931277918522028,0.11142553445685437,0.006057032000403484,registered
1112,1787909106.8778534,1787909106.8772225,262.13782164347015,982.1378216434701,954.8151793784177,982.211253255065,982.2253412701995,-0.08751962672931768,-0.08218846111878975,0.08466539551680033,0.004564358766634744,registered
1113,1787909106.9066536,1787909106.906032,262.9180814367098,982.9180814367098,955.5954391716574,983.0538559362553,983.0895878626321,-0.1715064259223027,-0.16939754951351915,0.08565897362347054,0.004551151262498839,registered
1114,1787909106.9348626,1787909106.9341707,264.1432786407787,984.1432786407787,956.8206363757263,983.9622840920363,983.9337080861754,0.20957055460326046,0.19735273777473594,0.12058441420901676,0.006261244619029501,registered
1115,1787909106.9640012,1787909106.9631598,264.8852466232837,984.8852466232837,957.5626043582313,984.8383875666101,984.803340306104,0.081906317179687,0.08076724220825326,0.08774670972731362,0.004510511632411626,registered
1116,1787909106.9922009,1787909106.9913397,265.438326453536,985.438326453536,958.1156841884836,985.6776997251102,985.6486978650482,-0.2103714115122557,-0.19717478098948504,0.10800299130050613,0.005526979635576602,registered
1117,1787909107.020436,1787909107.0198617,266.6186413741259,986.6186413741259,959.2959991090735,986.5860409197496,986.504318870814,0.11432250331188243,0.1260517979802671,0.07930331388651303,0.004061878018915658,registered
1118,1787909107.049427,1787909107.0486076,267.72719270675054,987.7271927067505,960.4045504416981,987.4925598959064,987.3666558184374,0.3605368883131632,0.38247115850447244,0.112710494348063,0.0058562113912703695,registered
1119,1787909107.0776193,1787909107.0770092,268.2238521136769,988.2238521136769,960.9012098486245,988.3149723223528,988.2186649491892,0.005187164487665541,0.006796845408302943,0.12168132956594606,0.006385241319540895,registered
1120,1787909107.1061563,1787909107.1055505,269.0176898520797,989.0176898520797,961.6950475870273,989.1709330049798,989.0748652854028,-0.057175433323095604,-0.045635858412197194,0.11673985044412391,0.006237628823240174,registered
1121,1787909107.1348379,1787909107.134259,270.227288630069,990.227288630069,962.9046463650166,990.0831491000505,989.9360793332694,0.2912092967995932,0.30880817699710406,0.07788203063561935,0.0042669834875344445,registered
1122,1787909107.1635668,1787909107.162965,270.9585643100587,990.9585643100587,963.6359220450063,990.8863084465545,990.7972218588584,0.1613424512003121,0.18606337240260018,0.07459023228435886,0.0041242775445483005,registered
1123,1787909107.1919475,1787909107.1913486,271.4851038779068,991.4851038779068,964.1624616128544,991.6555681452551,991.6486874203013,-0.1635835423944627,-0.13935966621272655,0.12470290729782016,0.006914012930873578,registered
1124,1787909107.2204099,1787909107.2198868,272.5938148361446,992.5938148361446,965.2711725710922,992.5393150508319,992.504794777554,0.08902005859056317,0.10415088445665788,0.07576168135983262,0.00418390646581479,registered
1125,1787909107.2494445,1787909107.2488315,273.62339940535605,993.623399405356,966.3007571403036,993.4249550208049,993.3730966831212,0.2503027222348919,0.2663449950616723,0.11230762129440187,0.006143394093943664,registered
1126,1787909107.2777262,1787909107.2771711,273.9723328825021,993.9723328825021,966.6496906174497,994.2446973120777,994.223246234658,-0.2509133521558624,-0.2524883612712756,0.09181764676048086,0.0050090336186925455,registered
1127,1787909107.3062837,1787909107.3057027,274.9562333848421,994.9562333848421,967.6335911197897,995.0927416286803,995.0791533295338,-0.12291994469171641,-0.12468873042485029,0.07574400700300418,0.004126062829883244,registered
1128,1787909107.3352664,1787909107.3346262,276.3343240530887,996.3343240530887,969.0116817880363,996.0507728659691,995.9468186868311,0.387505366257642,0.3904491400251118,0.11047944941836177,0.006135072628664637,registered
1129,1787909107.363426,1787909107.3628333,276.9726100945087,996.9726100945087,969.6499678294563,996.9037738432985,996.7929915997387,0.17961849477001124,0.18776654379894353,0.07291626046247464,0.004113953189187499,registered
1130,1787909107.3923335,1787909107.3914986,277.506524013153,997.506524013153,970.1838817481006,997.7154836992115,997.6529110943825,-0.1463870812294772,-0.13510629321888246,0.10297037965025316,0.0058950597077062055,registered
1131,1787909107.4207575,1787909107.4200099,278.59544545580707,998.5954454558071,971.2728031907546,998.6107954268323,998.5082102498994,0.08723520590763201,0.11488966337844886,0.08727973965245363,0.005132986647878899,registered
1132,1787909107.449626,1787909107.449058,279.82872191219633,999.8287219121963,972.5060796471439,999.4645427967141,999.3796162223101,0.4491056898862098,0.47233652066063314,0.11846920354118523,0.007065774335152389,registered
1133,1787909107.4778645,1787909107.4771008,279.9445978975766,999.9445978975766,972.6219556325242,1000.2282144196922,1000.2208612502978,-0.27626335272123015,-0.2587203136840799,0.08516288526803137,0.0050794520440978356,registered
1134,1787909107.5072038,1787909107.506468,280.9033736055155,1000.9033736055155,973.5807313404631,1001.0751033664515,1001.1018369034384,-0.19846329792289907,-0.18593105251204634,0.0710464897627264,0.0041986361311588255,registered
1135,1787909107.5365067,1787909107.535808,282.2272367851982,1002.2272367851982,974.9045945201458,1001.9924531824082,1001.9819972026154,0.2452395825828262,0.254115774207321,0.13406444753058136,0.007636930486303103,registered
1136,1787909107.5636349,1787909107.5630295,282.9032600383092,1002.9032600383092,975.5806177732568,1002.8380264502151,1002.7986028060035,0.10465723230572621,0.10932391942128561,0.06827865170918473,0.003797361243487582,registered
1137,1787909107.5921178,1787909107.5914588,283.3783634845598,1003.3783634845598,976.0557212195074,1003.6376438264081,1003.6514415951744,-0.2730781106146196,-0.2783936685337949,0.12225842873075245,0.006692547199786971,registered
1138,1787909107.6213043,1787909107.6206107,284.6827755422099,1004.6827755422099,977.3601332771575,1004.577315158982,1004.5259587866565,0.1568167555534501,0.1374316186568194,0.10182306607231924,0.005435453719774195,registered
1139,1787909107.654066,1787909107.6532776,285.7127527942922,1005.7127527942922,978.3901105292398,1005.4817105697764,1005.5059212718609,0.20683152243134373,0.2025148000586796,0.12666827511153128,0.006816795753961765,registered
1140,1787909107.6776,1787909107.6770456,286.09855632918595,1006.098556329186,978.7759140641335,1006.3004734510102,1006.2189268562861,-0.1203705271001354,-0.13302650427294793,0.10382203081458519,0.005636709319428414,registered
1141,1787909107.7062073,1787909107.7056344,286.9451224535245,1006.9451224535245,979.6224801884721,1007.188005670541,1007.0765504858219,-0.1314280322974355,-0.14023833341309455,0.10189507046368489,0.005676142144013764,registered
1142,1787909107.73471,1787909107.7341483,288.37416193872787,1008.3741619387279,981.0515196736754,1008.1060676524075,1007.9319283158443,0.4422336228835775,0.45638988796940794,0.12866952868067133,0.0074919039109284545,registered
1143,1787909107.7637246,1787909107.7631247,289.0820560812425,1009.0820560812425,981.7594138161901,1008.9164610563884,1008.8011814677021,0.2808746135403908,0.3032793629429307,0.07969458809620185,0.004708983268295524,registered
1144,1787909107.7919805,1787909107.7913482,289.45006456037095,1009.450064560371,982.1274222953185,1009.6745065163157,1009.6478478843246,-0.19778332395367215,-0.18745750960033547,0.12676191629311806,0.007525298298054016,registered
1145,1787909107.820834,1787909107.820136,290.6476796620291,1010.6476796620291,983.3250373969767,1010.5485253194294,1010.5114436240319,0.13623603799715056,0.17806196809453922,0.07927350659919613,0.004701072704856847,registered
1146,1787909107.8492177,1787909107.848569,291.51593344648006,1011.5159334464801,984.1932911814276,1011.4179274496516,1011.3643896966191,0.15154374986093444,0.18783011702350905,0.12497707279700926,0.007284398077519666,registered
1147,1787909107.877984,1787909107.8772764,291.97115420825685,1011.9711542082568,984.6485119432044,1012.175984232932,1012.2255751355747,-0.25442092731782395,-0.23169541249399117,0.09267241305882153,0.005325130815908258,registered
1148,1787909107.9062684,1787909107.9057052,292.77478787698635,1012.7747878769864,985.4521456119339,1013.0142600686245,1013.07839962029,-0.3036117433036907,-0.2870535909383989,0.09155999368280876,0.005097974985862031,registered
1149,1787909107.9352279,1787909107.9345055,294.3590001324577,1014.3590001324577,987.0363578674053,1013.9733784865515,1013.9423672758404,0.4166328566172979,0.4369334681524606,0.12611977843782182,0.0066157672925759225,registered
1150,1787909107.963469,1787909107.9629226,294.9690093820052,1014.9690093820052,987.6463671169528,1014.8523901414942,1014.7948413013961,0.1741680806090926,0.16717234347117937,0.12308351219546763,0.006401334014257404,registered
1151,1787909107.9924262,1787909107.9916615,295.32207419671306,1015.3220741967131,987.9994319316606,1015.7247962095481,1015.6569708344147,-0.33489663770160405,-0.32235925004329147,0.14295595132775757,0.007443536213299506,registered
1152,1787909108.020775,1787909108.0200458,296.6784328269737,1016.6784328269737,989.3557905619213,1016.6590795139255,1016.5084578525408,0.16997497443287557,0.18061070144256064,0.09707454633260541,0.005285578198700315,registered
1153,1787909108.049362,1787909108.0487611,297.88622774290945,1017.8862277429095,990.563585477857,1017.5499688656951,1017.3698793150121,0.5163484278973556,0.5179218677595827,0.14219488140932496,0.008271298393564802,registered
1154,1787909108.078195,1787909108.077526,298.17328692390845,1018.1732869239084,990.850644658856,1018.2932743594972,1018.2327884408554,-0.05950151694696615,-0.07889121901723684,0.10458821432300561,0.006174596821428831,registered
1155,1787909108.106418,1787909108.1057906,298.99056271872405,1018.990562718724,991.6679204536716,1019.1019018873615,1019.0806850406509,-0.09012232192685588,-0.11931169796969243,0.09263311098035906,0.005662553186166056,registered
1156,1787909108.1349485,1787909108.1342835,300.18972327989104,1020.189723279891,992.8670810148386,1019.9743541308778,1019.9354334746313,0.2542898052597593,0.24238126936984372,0.1149870638028706,0.00721065157454784,registered
1157,1787909108.1636956,1787909108.1631248,300.75141757030326,1020.7514175703033,993.4287753052508,1020.7389915068998,1020.8006313133546,-0.04921374305138215,-0.0471115802102986,0.07335583521049885,0.004606975923585473,registered
1158,1787909108.1922686,1787909108.1915174,301.142768468142,1021.142768468142,993.8201262030896,1021.4784913064572,1021.652368659452,-0.5096001913100281,-0.5069116080380809,0.14640621150477842,0.009174130679758865,registered
1159,1787909108.2205923,1787909108.219973,302.4021288829807,1022.4021288829807,995.0794866179283,1022.3732696285963,1022.5060013459033,-0.10387246292259533,-0.10220506418806963,0.10462732344964924,0.0064284228024526,registered
1160,1787909108.249601,1787909108.2490547,303.5750250825171,1023.5750250825171,996.2523828174646,1023.2695024699358,1023.378408630199,0.1966164523180396,0.20156410235540534,0.12243158128032296,0.007345855662252787,registered
1161,1787909108.2777495,1787909108.2771022,303.9554377149367,1023.9554377149367,996.6327954498843,1024.1035932418847,1024.2197967027419,-0.2643589878050534,-0.264056635807151,0.11960499897993607,0.007129931070530306,registered
1162,1787909108.3064842,1787909108.3058527,304.7486380634157,1024.7486380634157,997.4259957983633,1024.9966036484068,1025.0822695426923,-0.33363147927661885,-0.34154093375332195,0.12680087670504606,0.00749125923906712,registered
1163,1787909108.3349583,1787909108.3343794,306.22545298611385,1026.2254529861139,998.9028107210614,1025.9285572480171,1025.9380335930132,0.2874193931007767,0.3121448657562951,0.173128815738777,0.010283448759802655,registered
1164,1787909108.3636184,1787909108.3629394,306.8532828901127,1026.8532828901127,999.5306406250603,1026.7476310052375,1026.7947918029913,0.05849108712152429,0.07203988771050263,0.12608853037804124,0.00757216410087508,registered
1165,1787909108.392497,1787909108.3917117,307.30034499399153,1027.3003449939915,999.977702728939,1027.5386927962236,1027.6579226478948,-0.3575776539033768,-0.34037358968316767,0.14653119664956418,0.008889828818877888,registered
1166,1787909108.4206064,1787909108.4200096,308.4318164959384,1028.4318164959384,1001.1091742308859,1028.4092782408197,1028.5068205595753,-0.0750040636370386,-0.06955515524839484,0.14190951691661163,0.008876479114415806,registered
1167,1787909108.4499605,1787909108.4491076,309.4406381725296,1029.4406381725296,1002.117995907477,1029.2359613481933,1029.379721347586,0.060916824943660686,0.06640761164953801,0.18067192650940653,0.01163438706406818,registered
1168,1787909108.4787657,1787909108.4780955,309.87974698547396,1029.879746985474,1002.5571047204215,1029.9931925968563,1030.2493178063758,-0.3695708209016857,-0.38557499163857756,0.1311658868622366,0.008556168141538362,registered
1169,1787909108.5069013,1787909108.5062838,310.6908477436623,1030.6908477436623,1003.3682054786099,1030.848185660453,1031.094925693291,-0.4040779496287996,-0.4186202697359249,0.15433725960894065,0.01032354358370184,registered
1170,1787909108.5362608,1787909108.5354824,311.869576154701,1031.869576154701,1004.5469338896485,1031.7387965670277,1031.9708447214123,-0.10126856671126916,-0.12047189230020194,0.16291365891531592,0.01135981662502443,registered
1171,1787909108.5639448,1787909108.5632844,312.6432875713026,1032.6432875713026,1005.3206453062502,1032.5912972378733,1032.8048659993722,-0.1615784280695607,-0.17041835891893697,0.14865558728704215,0.010681210115946634,registered
1172,1787909108.5921645,1787909108.5914977,313.33962508399736,1033.3396250839974,1006.0169828189449,1033.4649379776272,1033.6512248702013,-0.31159978620394213,-0.3101146922826956,0.17623537708364195,0.013002569547412178,registered
1173,1787909108.620768,1787909108.6201427,314.4221795736439,1034.422179573644,1007.0995373085914,1034.4278822652082,1034.5105364254864,-0.08835685184249087,-0.08423125604133475,0.15899010632027932,0.012140197629060356,registered
1174,1787909108.6495488,1787909108.6490026,315.4187718759422,1035.4187718759422,1008.0961296108898,1035.3553851246297,1035.3762921379744,0.04247973796793758,0.033510151805444366,0.1861701107444965,0.01450562086815734,registered
1175,1787909108.6782944,1787909108.6774726,316.23498461556414,1036.2349846155641,1008.9123423505117,1036.2299538667287,1036.2303539580905,0.004630657473626343,-0.0001210163607083814,0.14318300024524946,0.011261209689534311,registered
1176,1787909108.70697,1787909108.706232,317.0729974690503,1037.0729974690503,1009.7503552039977,1037.1256279373447,1037.0930985826956,-0.020101113645409896,-0.02370708937883137,0.16941755243861953,0.013419884831453741,registered
1177,1787909108.7350268,1787909108.734315,318.1836623347365,1038.1836623347365,1010.8610200696841,1038.0359678550078,1037.9355451849453,0.24811714979114186,0.24934794795046855,0.20074903138897573,0.016115189381757856,registered
1178,1787909108.7636447,1787909108.7630377,318.88865429121233,1038.8886542912123,1011.5660120261599,1038.9074350783558,1038.797188366477,0.09146592473541659,0.09767401798148967,0.1504891892254562,0.01223173020844622,registered
1179,1787909108.7922792,1787909108.7915325,319.6339604904115,1039.6339604904115,1012.311318225359,1039.7653108046918,1039.651994018279,-0.018033527867714838,-0.02381249305972233,0.1494197649309278,0.012323071938570221,registered
1180,1787909108.8211968,1787909108.820388,320.6280533920267,1040.6280533920267,1013.3054111269741,1040.6616071773774,1040.5176209906676,0.11043240135893484,0.10125059085646626,0.12136888128818613,0.01016841902772806,registered
1181,1787909108.8493922,1787909108.8488178,321.6667237644606,1041.6667237644606,1014.3440814994082,1041.577459949505,1041.370474084294,0.2962496801665111,0.28092108753833145,0.14596549306549467,0.01229800049224252,registered
1182,1787909108.878209,1787909108.877189,322.42460102718246,1042.4246010271825,1015.1019587621299,1042.4263611991666,1042.2215677298939,0.20303329728847075,0.20405423928832533,0.13453470469389284,0.01129969454735854,registered
1183,1787909108.9064527,1787909108.905862,323.24779083970475,1043.2477908397047,1015.9251485746523,1043.302765550075,1043.0817232480535,0.1660675916513128,0.19030755918549858,0.11945578394771124,0.009964785814511485,registered
1184,1787909108.935198,1787909108.9344738,324.3152155574878,1044.3152155574878,1016.9925732924354,1044.21862667325,1043.9400334914533,0.3751820660345402,0.4029495312572635,0.11717690920619624,0.009702112975383315,registered
1185,1787909108.9634535,1787909108.9627993,325.08216049803286,1045.0821604980329,1017.7595182329803,1045.0575425858565,1044.789761061553,0.29239943647985456,0.33490007542059175,0.10076275924409833,0.008319081175021508,registered
1186,1787909108.9925852,1787909108.9917772,325.62796332344874,1045.6279633234487,1018.3053210583962,1045.810369740686,1045.6590571267773,-0.031093803328531067,0.013678493809493375,0.15192182476829866,0.012512035358627466,registered
1187,1787909109.020858,1787909109.0202057,326.731454422707,1046.731454422707,1019.4088121576546,1046.6036083845158,1046.5118744592648,0.21957996344212916,0.27101824490659965,0.12582412521764563,0.010206941699223477,registered
1188,1787909109.0492845,1787909109.0486012,327.68184683868276,1047.6818468386828,1020.3592045736303,1047.4324452512988,1047.3636976320954,0.3181492065874636,0.3892478061309248,0.13011488823924305,0.010201610765345483,registered
1189,1787909109.078029,1787909109.0772445,327.9747933059459,1047.974793305946,1020.6521510408935,1048.1908675029053,1048.222959121786,-0.24816581584002506,-0.33092786452459677,0.12570872882116926,0.009706090308530525,registered
1190,1787909109.106592,1787909109.1059892,328.7574694921582,1048.7574694921582,1021.4348272271058,1049.0172664105114,1049.0852603082706,-0.32779081611238325,-0.3505668603548884,0.12428450821776516,0.0091186812430861,registered
1191,1787909109.1350694,1787909109.13444,330.0780932576133,1050.0780932576133,1022.7554509925608,1049.9174849977126,1049.938742797939,0.1393504596742332,0.19907813065981372,0.13719791736085962,0.0091338321092328,registered
1192,1787909109.1638534,1787909109.1630924,330.9152993011203,1050.9152993011203,1023.5926570360679,1050.780752128119,1050.7982760722844,0.11702322883604666,0.18534684239284616,0.14570857911021554,0.009323589267382972,registered
1193,1787909109.1923375,1787909109.191642,331.3969543907556,1051.3969543907556,1024.074312125703,1051.645254814486,1051.6547267364692,-0.25777234571364716,-0.2253002185383366,0.16980011104134013,0.010798160208804433,registered
1194,1787909109.220777,1787909109.2200696,332.70843435076154,1052.7084343507615,1025.385792085709,1052.5795617161552,1052.5075154600459,0.20091889071568403,0.15287863275671043,0.11404645495069134,0.007577813571270209,registered
1195,1787909109.2495403,1787909109.2488678,333.6214677391797,1053.6214677391797,1026.2988254741272,1053.4452962754024,1053.3714187455464,0.2500489936332997,0.22438447309400544,0.15777709457686176,0.011105139925718292,registered
1196,1787909109.2779975,1787909109.2772956,334.14595549351293,1054.145955493513,1026.8233132284604,1054.217832241461,1054.224214621351,-0.07825912783800959,-0.12051964000283988,0.1107069051158302,0.00805470344882444,registered
1197,1787909109.3064864,1787909109.3059044,334.8867691727851,1054.886769172785,1027.5641269077325,1055.03387586247,1055.0824390380178,-0.19566986523273044,-0.18717940435726632,0.11185185044599798,0.00848565282139774,registered
1198,1787909109.3351853,1787909109.334485,335.976006566289,1055.976006566289,1028.6533643012365,1055.8454922561255,1055.93981949181,0.036187074478903014,0.05685722974772034,0.13401251046358245,0.010686369320322367,registered
1199,1787909109.369809,1787909109.368888,336.64320536617515,1056.6432053661752,1029.3205631011226,1056.602213182263,1056.9718573472644,-0.3286519810892514,-0.3058425437825463,0.13785761511855177,0.011289201155420855,registered
1200,1787909109.393021,1787909109.3921545,337.2795678751818,1057.2795678751818,1029.9569256101292,1057.4122776417576,1057.6698217967307,-0.3902539215489469,-0.39229607400625355,0.1494619983312928,0.01255414230570444,registered
1201,1787909109.420992,1787909109.4202967,338.2824391065649,1058.2824391065649,1030.9597968415123,1058.2737811288432,1058.5140493036904,-0.23161019712551933,-0.2825371274823283,0.13164835704043895,0.011553447183152219,registered
1202,1787909109.4505057,1787909109.449895,339.0981342569287,1059.0981342569287,1031.7754919918762,1059.1036847576481,1059.401955465521,-0.3038212085923533,-0.35885023526520854,0.10762710045747967,0.009828347407520848,registered
1203,1787909109.4785883,1787909109.4779918,340.0213344680742,1060.0213344680742,1032.6986922030217,1059.9346726859326,1060.244824049208,-0.22348958113389017,-0.25864394778409405,0.09851923293017131,0.009423688316699973,registered
1204,1787909109.506764,1787909109.5061247,340.8072494171133,1060.8072494171133,1033.4846071520608,1060.8346911779015,1061.0887726192855,-0.28152320217213855,-0.282751864590864,0.11712188963665261,0.01162034041421317,registered
1205,1787909109.5361247,1787909109.5354123,341.72352363537993,1061.72352363538,1034.4008813703274,1061.7409632176073,1061.9673594283572,-0.2438357929772792,-0.16917176739843853,0.13229651148116195,0.0135837470439268,registered
1206,1787909109.564312,1787909109.5636914,342.5546306846977,1062.5546306846977,1035.2319884196452,1062.6373753705461,1062.8156923140457,-0.26106162934797794,-0.17694208096463626,0.11870640963290119,0.012436895309627126,registered
1207,1787909109.5922556,1787909109.591579,343.5763522883908,1063.5763522883908,1036.2537100233383,1063.5530711194524,1063.652281241768,-0.07592895337711525,-0.06384480194242315,0.09768629468150337,0.010331918452537414,registered
1208,1787909109.6209805,1787909109.6202357,344.4981211763361,1064.498121176336,1037.1754789112836,1064.4460489483295,1064.5119432562126,-0.013822079876490534,0.0269463560996428,0.11089257982326156,0.011694455573891066,registered
1209,1787909109.6493614,1787909109.648725,345.36117150351333,1065.3611715035133,1038.0385292384608,1065.336671871167,1065.3665844067766,-0.005412903263277258,0.03762359980623842,0.13880560716554163,0.014542137066362877,registered
1210,1787909109.6779606,1787909109.6773684,346.28116636090886,1066.2811663609089,1038.9585240958563,1066.202241223897,1066.2258458964673,0.055320464441592776,0.06294380684266798,0.14318934150942855,0.014946741973765837,registered
1211,1787909109.7066932,1787909109.7060058,347.0629001664979,1067.062900166498,1039.7402579014454,1067.0766585062788,1067.0849285804643,-0.022028413966381777,0.028935355348039593,0.1494136912470992,0.015646335320255163,registered
1212,1787909109.7353258,1787909109.734624,347.8727371396733,1067.8727371396733,1040.5500948746208,1067.906293961858,1067.9434319340135,-0.07069479434017012,0.02835764452947842,0.12020569692915394,0.012695008931590094,registered
1213,1787909109.7637527,1787909109.7630086,348.81539627699385,1068.8153962769939,1041.4927540119413,1068.8347064488416,1068.794933256595,0.020463020398892695,0.09952735597607898,0.12736443981084594,0.013587707827706281,registered
1214,1787909109.7923687,1787909109.7917416,349.7742802240814,1069.7742802240814,1042.4516379590289,1069.8529812861605,1069.65688398392,0.11739624016149719,0.09474555517476801,0.14145329261397915,0.01511280463225498,registered
1215,1787909109.820923,1787909109.8202307,350.82288470384105,1070.822884703841,1043.5002424387885,1070.9232052889145,1070.511517982256,0.3113667215850455,0.25047992766531024,0.11310539618488688,0.011903877604312168,registered
1216,1787909109.8495436,1787909109.8489068,351.8176326785922,1071.8176326785922,1044.4949904135397,1072.0079153999097,1071.3717593271485,0.4458733514436517,0.362833534888523,0.1116361925480167,0.011429471921377896,registered
1217,1787909109.906584,1787909109.9060233,353.3518829680204,1073.3518829680204,1046.0292407029679,1073.057865813659,1073.0851756159163,0.2667073521040493,0.2511803052486812,0.12564976270629902,0.012318832902862807,registered
1218,1787909109.9352524,1787909109.9344108,354.2717250650903,1074.2717250650903,1046.9490828000378,1074.0935793239469,1073.936762765231,0.3349622998593986,0.3357393487808622,0.0994142381946051,0.009595604151282295,registered
1219,1787909109.9642363,1787909109.9635258,355.04048318496007,1075.04048318496,1047.7178409199075,1075.04239820375,1074.8101713614117,0.23031182354839075,0.23239769555402745,0.08919398053672085,0.008524100621504714,registered
1220,1787909109.9927804,1787909109.9920733,355.76692832248636,1075.7669283224864,1048.4442860574338,1075.8472531525981,1075.6665576555467,0.10037066693962515,0.1093222620618235,0.1412102407929957,0.01331751608896326,registered
1221,1787909110.0211024,1787909110.0203428,356.6216591865418,1076.6216591865418,1049.2990169214893,1076.6445468472134,1076.514604452125,0.10705473441680624,0.11147757338721931,0.11950312344564147,0.010953973961184398,registered
1222,1787909110.0495083,1787909110.0489376,357.552770085686,1077.552770085686,1050.2301278206335,1077.4149563518129,1077.3724068873546,0.18036319833140624,0.1810556488178463,0.11218226142848246,0.009758171614486102,registered
1223,1787909110.078344,1787909110.0776064,358.01334957608333,1078.0133495760833,1050.6907073110308,1078.2055831773987,1078.2324336654146,-0.21908408933131795,-0.2370002126037889,0.11522914445558682,0.009693637554907732,registered
1224,1787909110.1065662,1787909110.1059852,358.7995891487742,1078.7995891487742,1051.4769468837217,1079.0188140403886,1079.0837561823025,-0.28416703352831973,-0.28879700189327195,0.1027488560358019,0.00811937616288135,registered
1225,1787909110.1355503,1787909110.1349537,0.1749033860101008,1080.17490338601,1052.8522611209576,1079.904720534782,1079.9527733106445,0.22213007536561236,0.22257641761643754,0.13735805162520867,0.009945068060459094,registered
1226,1787909110.1639457,1787909110.163232,0.828620086516139,1080.8286200865161,1053.5059778214636,1080.7549207126967,1080.8010847396497,0.027535346866443433,0.023286490496502665,0.11976695712793171,0.008535875579039358,registered
1227,1787909110.1928089,1787909110.1920805,1.3978620254333691,1081.3978620254334,1054.0752197603808,1081.5824820619443,1081.6664971452055,-0.2686351197721706,-0.2853652052012876,0.15941225688533564,0.01136359617111078,registered
1228,1787909110.221265,1787909110.220564,2.497807136551046,1082.497807136551,1055.1751648714985,1082.457227185949,1082.5209594900757,-0.02315235352466516,-0.05166633809358245,0.13981494734091598,0.010142590636911706,registered
1229,1787909110.249529,1787909110.2489562,3.5001538725841783,1083.5001538725842,1056.1775116075316,1083.2737257328047,1083.3726896839455,0.12746418863866893,0.11132615993847139,0.151092915351594,0.011051157187419681,registered
1230,1787909110.279389,1787909110.2786207,3.897132330693239,1083.8971323306932,1056.5744900656407,1084.0511381246295,1084.2625841650906,-0.3654518343973905,-0.3904508126483961,0.10863749359542023,0.007925255438953586,registered
1231,1787909110.3065834,1787909110.3059988,4.7995106382329595,1084.799510638233,1057.4768683731804,1084.917443508139,1085.0838887821105,-0.284378143877575,-0.3015597925671045,0.12178359428698957,0.008733465100298977,registered
1232,1787909110.3352082,1787909110.3345566,5.84987547811761,1085.8498754781176,1058.527233213065,1085.7890321345553,1085.9405826220388,-0.09070714392123591,-0.09656581925582941,0.18558344337429786,0.01298932739797077,registered
1233,1787909110.3639977,1787909110.3631837,6.608428849249094,1086.608428849249,1059.2857865841966,1086.618077813327,1086.7993577602426,-0.19092891099353437,-0.18667692788267232,0.16006963911260583,0.011152446696808383,registered
1234,1787909110.3933532,1787909110.3925633,7.499932498195676,1087.4999324981957,1060.1772902331431,1087.4802914468216,1087.6807053292262,-0.18077283103048103,-0.2135413999458251,0.16685067127992315,0.011846595718298852,registered
1235,1787909110.4211245,1787909110.420357,8.416824753885976,1088.416824753886,1061.0941824888334,1088.368404023422,1088.514476279215,-0.09765152532895627,-0.13531536570735625,0.15313012845307686,0.011321886437244777,registered
1236,1787909110.4499497,1787909110.4492211,9.228234649644264,1089.2282346496443,1061.9055923845917,1089.1974042609372,1089.3803607318023,-0.15212608215801993,-0.19294861725643386,0.13994988379859932,0.01075728470420273,registered
1237,1787909110.488572,1787909110.487684,10.037970130452095,1090.037970130452,1062.7153278653996,1090.0339128380203,1090.534193873616,-0.4962237431639096,-0.5344953055534916,0.13057005620033307,0.010330151221691465,registered
1238,1787909110.5201762,1787909110.5191805,10.88177788833491,1090.881777888335,1063.5591356232824,1090.9241046842292,1091.4790460727943,-0.5972681844593808,-0.6326433418059878,0.1445568092567755,0.011582730602867651,registered
1239,1787909110.5353036,1787909110.5347004,11.689268597600403,1091.6892685976004,1064.3666263325479,1091.8231566398242,1091.9446203381985,-0.2553517405981438,-0.2773425629263784,0.1925411063539354,0.015359689101201224,registered
1240,1787909110.5640466,1787909110.5633292,12.697629011347544,1092.6976290113475,1065.374986746295,1092.7132767786034,1092.8034455419966,-0.1058165306490082,-0.11116932199456642,0.18026046371818916,0.014110447424941703,registered
1241,1787909110.5923126,1787909110.5916588,13.705863553414929,1093.705863553415,1066.3832212883624,1093.592817527737,1093.6532946999678,0.05256885344715556,0.040618941862931024,0.15619100891561846,0.012036118964934787,registered
1242,1787909110.6209834,1787909110.6203098,14.619945815983101,1094.619945815983,1067.2973035509306,1094.4860066474753,1094.5127850609465,0.1071607550366025,0.0932481244092287,0.18408211521739856,0.014220055167566636,registered
1243,1787909110.6494281,1787909110.64889,15.40510333526936,1095.4051033352694,1068.0824610702168,1095.3860079858143,1095.3701512102834,0.03495212498592082,0.02023561154919662,0.199263634560837,0.0156337774133131,registered
1244,1787909110.6787915,1787909110.6781821,16.13680927273299,1096.136809272733,1068.8141670076805,1096.2787654886686,1096.2488739116827,-0.1120646389497324,-0.11970731757674002,0.2194250530070516,0.01755058199230327,registered
1245,1787909110.7066512,1787909110.70607,17.046617136861187,1097.0466171368612,1069.7239748718087,1097.158154102936,1097.0854699916326,-0.03885285477144862,-0.042425759723528245,0.19211691965471592,0.01565377913082732,registered
1246,1787909110.7355628,1787909110.7349014,18.140382189598995,1098.140382189599,1070.8177399245465,1098.096938251526,1097.9503745890183,0.1900076005806568,0.1846184645910398,0.15417077424895748,0.012560904093449392,registered
1247,1787909110.763975,1787909110.7632623,19.049646511929723,1099.0496465119297,1071.7270042468772,1099.0251413139274,1098.801160688825,0.24848582310482925,0.2276497712721266,0.1533058034830002,0.01221974484046438,registered
1248,1787909110.7922573,1787909110.7916007,19.9367803015175,1099.9367803015175,1072.614138036465,1099.9348916205072,1099.651274479223,0.28550582229445354,0.2539905411599648,0.14689440658913502,0.011316252370680966,registered
1249,1787909110.8209145,1787909110.8203142,20.920312218256413,1100.9203122182564,1073.5976699532039,1100.8541788075527,1100.5126387238724,0.40767349438397105,0.38683940929581695,0.14404050193958517,0.010682780764574025,registered
1250,1787909110.8494935,1787909110.848902,21.888320111716666,1101.8883201117167,1074.5656778466641,1101.7474660461999,1101.3702337444972,0.5180863672194391,0.5060373180610895,0.1472271919611447,0.01065553322725042,registered
1251,1787909110.8783598,1787909110.8775728,22.37647005206304,1102.376470052063,1075.0538277870105,1102.5695915456697,1102.2303177403792,0.14615231168386345,0.1408514838362862,0.12200597194670489,0.00876923271936315,registered
1252,1787909110.9067955,1787909110.9062138,23.29595818532289,1103.295958185323,1075.9733159202704,1103.3862694153586,1103.0895077077923,0.20645047753055223,0.20024991762034006,0.12297971355513848,0.008746740494661757,registered
1253,1787909110.935392,1787909110.9347513,24.35247103141046,1104.3524710314105,1077.029828766358,1104.2052964585107,1103.945593608362,0.4068774230483996,0.39312653613342263,0.08006949493185284,0.005547588034412974,registered
1254,1787909110.9638705,1787909110.9632585,25.05669980016455,1105.0566998001646,1077.734057535112,1104.9859449375374,1104.8007711760072,0.25592862415737727,0.23123757878852302,0.1175682895487906,0.007863108676351413,registered
1255,1787909110.9925656,1787909110.9918814,25.643747647530517,1105.6437476475305,1078.321105382478,1105.7293785058798,1105.6594175741113,-0.0156699265808129,-0.04434184602610003,0.16587308313326463,0.010635044543967968,registered
1256,1787909111.0209935,1787909111.0203753,26.59312210568669,1106.5931221056867,1079.2704798406342,1106.5540086769226,1106.5141946170027,0.07892748868403032,0.06209892723836674,0.11217606352884787,0.0065868197952187995,registered
1257,1787909111.0495834,1787909111.0489948,27.41301682133144,1107.4130168213314,1080.090374556279,1107.3787681927356,1107.3727408839184,0.040275937413071006,-0.0022416415854422667,0.10342288591456657,0.0056031703228364696,registered
1258,1787909111.0783296,1787909111.07762,28.021537811560165,1108.0215378115602,1080.6988955465076,1108.1781187640925,1108.2314588043,-0.20992099273985332,-0.1951049601982504,0.11922906711519438,0.0061502785676473114,registered
1259,1787909111.106962,1787909111.1062443,28.886103250136102,1108.886103250136,1081.5634609850836,1109.0407387027885,1109.0901481157707,-0.20404486563461433,-0.19596274781861212,0.10222755466666017,0.005076240909148201,registered
1260,1787909111.135361,1787909111.1347382,30.17075897501786,1110.1707589750179,1082.8481167099653,1109.9409804367767,1109.944925158662,0.22583381635581645,0.2142194557293351,0.1405279615200802,0.007033172984877362,registered
1261,1787909111.1638627,1787909111.1631675,30.90082101550024,1110.9008210155002,1083.5781787504477,1110.7886663437587,1110.797763947833,0.10305706766735057,0.0877026045175171,0.13516614902830512,0.0068880030235568615,registered
1262,1787909111.1927319,1787909111.1920435,31.474761312853843,1111.4747613128538,1084.1521190478013,1111.6234154586723,1111.664006011808,-0.18924469895409857,-0.20943526834093973,0.11132744682330771,0.005745526405096206,registered
1263,1787909111.2239482,1787909111.2232454,32.53869472406268,1112.5386947240627,1085.2160524590101,1112.4616844285595,1112.6000180574867,-0.06132333342407037,-0.08310783045067183,0.12419803620369961,0.00651620580072952,registered
1264,1787909111.2496195,1787909111.2490757,33.35504682042779,1113.3550468204278,1086.0324045553753,1113.2651367223993,1113.374890411952,-0.01984359152424986,-0.03748720376438541,0.13466701636032602,0.007151381630777781,registered
1265,1787909111.2783136,1787909111.2776687,33.9471425644449,1113.947142564445,1086.6245002993924,1114.0682129951047,1114.2326427815874,-0.2855002171424985,-0.2978243538516381,0.130568632724143,0.007021920256782768,registered
1266,1787909111.3071048,1787909111.3064053,34.828575994004495,1114.8285759940045,1087.505933728952,1114.9308440400337,1115.0947007923285,-0.26612479832397185,-0.2773956527082646,0.14095845118158207,0.007787890145101744,registered
1267,1787909111.3354297,1787909111.3348439,35.8459356002154,1115.8459356002154,1088.5232933351629,1115.8233243694206,1115.9478185183816,-0.10188291816621131,-0.11217697077904631,0.14883868020300983,0.008539135153563346,registered
1268,1787909111.3639886,1787909111.363373,36.774397441022074,1116.774397441022,1089.4517551759695,1116.7163568948195,1116.80365409098,-0.029256649957915215,-0.04420889316907051,0.12648876518760854,0.007485064397128125,registered
1269,1787909111.3927937,1787909111.3920166,37.69611392636011,1117.69611392636,1090.3734716613076,1117.6602436209105,1117.6629227328983,0.033191193461789226,0.013984632124220298,0.1605878793875889,0.009716815918471408,registered
1270,1787909111.4213805,1787909111.4206471,38.50511662975896,1118.505116629759,1091.1824743647064,1118.622179363062,1118.5217980022906,-0.016681372531593297,-0.03286133485312348,0.16996534622956727,0.01042476796927879,registered
1271,1787909111.4497976,1787909111.4490461,39.54673099191814,1119.5467309919181,1092.2240887268656,1119.5403753472212,1119.3737284585372,0.17300253338089533,0.16229896550248668,0.17361439789663788,0.010798324994273814,registered
1272,1787909111.478275,1787909111.4776006,40.49003323156444,1120.4900332315644,1093.167390966512,1120.3748035919366,1120.230322167277,0.2597110642873304,0.25559752272602054,0.14261743111054673,0.008963832920393877,registered
1273,1787909111.509101,1787909111.5082424,41.28067673690521,1121.2806767369052,1093.9580344718527,1121.1884487892899,1121.1495336299706,0.1311431069345872,0.1232988888464206,0.16959301808586935,0.010693683295553421,registered
1274,1787909111.5354497,1787909111.5348675,42.0713971383766,1122.0713971383766,1094.748754873324,1122.049220531959,1121.9482515117552,0.12314562662140816,0.11386302360233458,0.14801449738944691,0.009258656458810481,registered
1275,1787909111.5642016,1787909111.5634851,42.812741431802124,1122.8127414318021,1095.4900991667496,1122.9042695773269,1122.8067405608488,0.006000870953357662,-0.0020550220572204125,0.14760177993921517,0.009025764593620759,registered
1276,1787909111.593914,1787909111.5932045,43.47620826217485,1123.4762082621749,1096.1535659971223,1123.7042611570987,1123.6982800543765,-0.22207179220163198,-0.22722353332164857,0.17035118810729172,0.010058264433511148,registered
1277,1787909111.6212173,1787909111.6205506,44.619314482571326,1124.6193144825713,1097.2966722175188,1124.5876112417282,1124.518626272878,0.10068820969331682,0.0971216931222898,0.1344892344480098,0.007252454686587443,registered
1278,1787909111.650326,1787909111.6495733,45.72884139836219,1125.7288413983622,1098.4061991333097,1125.525586518293,1125.3892669569193,0.33957444144289184,0.32862950223875487,0.14342953725480484,0.006969676531991427,registered
1279,1787909111.6785746,1787909111.6777904,46.30855689243322,1126.3085568924332,1098.9859146273807,1126.3843440540472,1126.2357402633925,0.07281662904074437,0.06642363269224916,0.1290811505160424,0.005987372908704871,registered
1280,1787909111.7075286,1787909111.7066712,47.15679062648269,1127.1567906264827,1099.8341483614302,1127.227911426834,1127.1021253719225,0.054665254560177345,0.0381942826352315,0.15085904461035654,0.0067136043474828955,registered
1281,1787909111.7355957,1787909111.734853,48.384139819063876,1128.3841398190639,1101.0614975540113,1128.1231968105606,1127.9475401486886,0.4365996703752444,0.4160105203884541,0.1274013849198308,0.005700252210977757,registered
1282,1787909111.7639704,1787909111.7633564,48.91694267854132,1128.9169426785413,1101.5943004134888,1128.9347919884476,1128.80260328069,0.11433939785138136,0.1065382183417114,0.11477807290114876,0.0052353179497370405,registered
1283,1787909111.7931094,1787909111.7923715,49.346162716318304,1129.3461627163183,1102.0235204512658,1129.6913889405232,1129.6730150934434,-0.3268523771250784,-0.3407660186287558,0.1398035155957653,0.006497857360650923,registered
1284,1787909111.821184,1787909111.8204107,50.62133008012802,1130.621330080128,1103.2986878150755,1130.5498701766585,1130.5141528380148,0.1071772421132664,0.08707903792901561,0.10046514891837517,0.004941769025136928,registered
1285,1787909111.8496513,1787909111.8490992,51.69517052793822,1131.6951705279382,1104.3725282628857,1131.40376600066,1131.3747660987503,0.3204044291878745,0.29903432697415155,0.10998171664166072,0.005611035422786193,registered
1286,1787909111.8783169,1787909111.8776712,52.022240986203315,1132.0222409862033,1104.6995987211508,1132.1839088776323,1132.2318890723436,-0.20964808614030517,-0.23770967756604477,0.07134349743980796,0.0036697424034944238,registered
1287,1787909111.9069843,1787909111.9063568,52.84017510168724,1132.8401751016872,1105.5175328366347,1133.016552758732,1133.0924165063461,-0.2522414046588892,-0.27883958449046986,0.08492018020211481,0.004430299804224814,registered
1288,1787909111.9357078,1787909111.9351811,54.190767791805456,1134.1907677918055,1106.868125526753,1133.9168382598066,1133.9571065368993,0.23366125490611012,0.21690381460166464,0.09242613503429847,0.004846970035473773,registered
1289,1787909111.9639351,1787909111.963216,54.73804363559361,1134.7380436355936,1107.415401370541,1134.7083638139934,1134.7981155413713,-0.06007190577770416,-0.08464248829363896,0.07778749533035825,0.004070653410977917,registered
1290,1787909111.992545,1787909111.9918985,55.24350808202257,1135.2435080820226,1107.92086581697,1135.498866244761,1135.658549996413,-0.41504191439048554,-0.4364618087802228,0.10840114426524737,0.005660202509376464,registered
1291,1787909112.0212383,1787909112.020533,56.427956337891146,1136.4279563378911,1109.1053140728386,1136.417992755998,1136.517546853677,-0.08959051578585786,-0.11389623631453105,0.0668000560362526,0.0034972611028115147,registered
1292,1787909112.049621,1787909112.0490906,57.596360538531144,1137.5963605385311,1110.2737182734786,1137.339152353028,1137.3742335413776,0.22212699715350936,0.20451507389429935,0.07712510462828073,0.004132940204682896,registered
1293,1787909112.078353,1787909112.0776834,57.929908875867795,1137.9299088758678,1110.6072666108153,1138.159586847443,1138.231978758785,-0.3020698829172943,-0.3250146434636463,0.0740599573522408,0.0040092791566315525,registered
1294,1787909112.1067698,1787909112.1062388,58.923731914903556,1138.9237319149036,1111.601089649851,1139.0396136451013,1139.0886010764361,-0.1648691615325788,-0.17811785748790498,0.06351113163032077,0.0035554747878678065,registered
1295,1787909112.1359832,1787909112.1353714,60.28571569393216,1140.2857156939322,1112.9630734288796,1139.9936865957893,1139.9625389374703,0.32317675646186217,0.29840047187531127,0.07979381320446881,0.004623723444017998,registered
1296,1787909112.1638386,1787909112.1632607,60.93825660890002,1140.9382566089,1113.6156143438475,1140.8348881329644,1140.7991779307868,0.1390786781132647,0.10836595686100736,0.06864931083120675,0.004001073231670235,registered
1297,1787909112.192459,1787909112.19179,61.28167479639069,1141.2816747963907,1113.9590325313382,1141.602383170886,1141.6550206556128,-0.3733458592221268,-0.39765563900868983,0.0746892603350651,0.004352813867887773,registered
1298,1787909112.2214227,1787909112.2206988,62.542715013011275,1142.5427150130113,1115.2200727479587,1142.5173615569947,1142.5222425747897,0.020472438221531775,-0.018572868091496275,0.06443498703278387,0.003699629539700937,registered
1299,1787909112.2498348,1787909112.2492251,63.72080946104575,1143.7208094610457,1116.3981671959932,1143.404799006813,1143.377992320655,0.3428171403907072,0.29142933100592927,0.09561498342889001,0.0053732569585041075,registered
1300,1787909112.2786534,1787909112.2780662,63.91209394607108,1143.912093946071,1116.5894516810185,1144.1945445729275,1144.2431830071507,-0.33108906107963776,-0.3743363059516014,0.0903464913457591,0.005063088093884457,registered
1301,1787909112.318608,1787909112.3177311,64.80513159407383,1144.8051315940738,1117.4824893290213,1145.0493972374545,1145.4330776812812,-0.6279460872074196,-0.6603827515809826,0.07726150583969961,0.0043026131550072295,registered
1302,1787909112.3355784,1787909112.334926,66.42836808970583,1146.4283680897058,1119.1057258246533,1145.9774672288884,1145.9488963466313,0.479471743074555,0.43213689296112534,0.07935599998717406,0.004539485331781344,registered
1303,1787909112.3650157,1787909112.3641264,66.88682931413473,1146.8868293141347,1119.5641870490822,1146.792359295307,1146.8248725925744,0.0619567215603638,0.01876929501372615,0.046548376700969514,0.0027066190954533544,registered
1304,1787909112.3932495,1787909112.3924606,67.22546956920996,1147.22546956921,1119.9028273041574,1147.5838151077219,1147.674857642873,-0.44938807366293076,-0.49803027995471894,0.09245389720533728,0.005451051417782739,registered
1305,1787909112.4215643,1787909112.4209018,68.51395760050059,1148.5139576005006,1121.191315335448,1148.5127037603575,1148.5280540434314,-0.014096442930849662,-0.05217737016710089,0.05793028790319033,0.0036256100087552266,registered
1306,1787909112.4501283,1787909112.4494655,69.61596552133665,1149.6159655213366,1122.293323256284,1149.388689376974,1149.3849266890536,0.23103883228304767,0.22443806889214102,0.07297560764603914,0.004784852374146142,registered
1307,1787909112.4795353,1787909112.4787247,70.00070834675603,1150.000708346756,1122.6780660817035,1150.146630443321,1150.262662383023,-0.2619540362670705,-0.29558543953226035,0.07940881863756807,0.005272864428042057,registered
1308,1787909112.5069594,1787909112.5062222,70.89265903930664,1150.8926590393066,1123.570016774254,1151.0130928232704,1151.087550266146,-0.19489122683944515,-0.2338938330617566,0.07292158262332189,0.004934892929376098,registered
1309,1787909112.5354679,1787909112.534872,72.2523840029744,1152.2523840029744,1124.9297417379219,1151.943544018843,1151.947004865986,0.3053791369884493,0.2802606714531066,0.0863148771535696,0.00583320521835708,registered
1310,1787909112.5645404,1787909112.5637925,72.79223365143321,1152.7922336514332,1125.4695913863807,1152.7602161694522,1152.8145772443224,-0.022343592889228603,-0.0449853832176359,0.06582290470873367,0.004407327160187177,registered
1311,1787909112.5929747,1787909112.5921257,73.21061295756203,1153.210612957562,1125.8879706925095,1153.565810898592,1153.66453368571,-0.45392072814797757,-0.48078361237435274,0.1157148993842536,0.0076759836893636165,registered
1312,1787909112.6213803,1787909112.6207724,74.52764687044441,1154.5276468704444,1127.2050046053919,1154.493340887584,1154.5238953065893,0.0037515638550758013,-0.021540338725344554,0.07492937492434466,0.004818147632573615,registered
1313,1787909112.6496964,1787909112.6491282,75.66635085605913,1155.6663508560591,1128.3437085910066,1155.3982377659477,1155.3745312096132,0.2918196464459015,0.2670448068629412,0.07750166215858569,0.004914981331598366,registered
1314,1787909112.678551,1787909112.6778524,76.04496569606704,1156.044965696067,1128.7223234310145,1156.2175176072224,1156.2362173045112,-0.19125160844419042,-0.20410670519731866,0.11854399722017683,0.007515604807803568,registered
1315,1787909112.7070668,1787909112.7063184,76.97403952790205,1156.974039527902,1129.6513972628495,1157.088497317042,1157.0901575367557,-0.11611800885361845,-0.12916930653636882,0.08373578129874751,0.005345073082252021,registered
1316,1787909112.7356195,1787909112.7349527,78.30910575832922,1158.3091057583292,1130.9864634932767,1158.0259503971095,1157.949147241792,0.35995851653729005,0.31989599174426075,0.0752177675574053,0.0048787180832888044,registered
1317,1787909112.7645228,1787909112.7637331,78.87505733536887,1158.8750573353689,1131.5524150703163,1158.8398989608118,1158.812521262439,0.06253607292978813,0.023539633707969188,0.05955098893937069,0.00387802311999727,registered
1318,1787909112.7927608,1787909112.792028,79.32699673174261,1159.3269967317426,1132.00435446669,1159.6230580182964,1159.6613261951588,-0.3343294634162248,-0.3912244935575018,0.11028831605162216,0.0071871838756031895,registered
1319,1787909112.8214972,1787909112.8208518,80.49923220337928,1160.4992322033793,1133.1765899383267,1160.5036708268817,1160.5260019212565,-0.02676971787718685,-0.05770469138974477,0.1054347500265791,0.006799875238805743,registered
1320,1787909112.8619447,1787909112.8612008,81.70266249568363,1161.7026624956836,1134.380020230631,1161.3508169969616,1161.7364163368024,-0.0337538411188234,-0.07568565495148505,0.08117595999408257,0.005094483643311513,registered
1321,1787909112.8784254,1787909112.877793,81.9484335723505,1161.9484335723505,1134.625791307298,1162.1285888273007,1162.2341613226276,-0.2857277502771467,-0.33108456742616,0.09102590270243713,0.005673313209162138,registered
1322,1787909112.9068305,1787909112.9062035,82.80792278450508,1162.807922784505,1135.4852805194525,1162.9963204233395,1163.0864350858064,-0.27851230130136173,-0.3213010767203741,0.10925742092846512,0.006642536843838785,registered
1323,1787909112.936093,1787909112.9354796,84.12053699936791,1164.120536999368,1136.7978947343154,1163.9295836935303,1163.9646785879463,0.15585841142160461,0.11866186513316279,0.08736310855441444,0.005159340614684239,registered
1324,1787909112.9651504,1787909112.964113,84.80696690772675,1164.8069669077267,1137.4843246426742,1164.781120970545,1164.8236396840714,-0.01667277634464881,-0.03862220721975973,0.07526039305253249,0.004419481614509572,registered
1325,1787909112.9936042,1787909112.992459,85.38153399782209,1165.381533997822,1138.0588917327696,1165.5977406066615,1165.6739823457576,-0.2924483479355331,-0.29212888785332325,0.14544786738689447,0.008551913627388566,registered
1326,1787909113.0220754,1787909113.0210738,86.63819817749027,1166.6381981774903,1139.3155559124377,1166.5510142359337,1166.5323855681181,0.1058126093721512,0.10427085638957578,0.07371493848508379,0.004411063945380096,registered
1327,1787909113.0510173,1787909113.0502436,87.67722294533701,1167.677222945337,1140.3545806802845,1167.4416157913781,1167.4074391766815,0.2697837686555431,0.2620843749925825,0.09726733178578627,0.005935904410110283,registered
1328,1787909113.0791485,1787909113.0780644,88.08802690348693,1168.088026903487,1140.7653846384344,1168.2247251296526,1168.2420254806339,-0.1539985771469219,-0.18563688825929603,0.10687752139668065,0.006565157978864433,registered
1329,1787909113.1104376,1787909113.1093245,88.89856112822713,1168.8985611282271,1141.5759188631746,1169.068039167788,1169.1797826698837,-0.28122154165657776,-0.29431619411116117,0.10406875617565432,0.006447061554932041,registered
1330,1787909113.1363723,1787909113.135493,90.24205548958435,1170.2420554895843,1142.9194132245318,1169.9945566109998,1169.9648040355266,0.2772514540577049,0.27342194108950935,0.11903899565547518,0.00736645588261982,registered
1331,1787909113.1663356,1787909113.1653888,90.75697778494737,1170.7569777849474,1143.4343355198948,1170.8062532499882,1170.8616361775894,-0.10465839264202259,-0.11935698114461957,0.06475525773301707,0.003988360423234471,registered
1332,1787909113.1930437,1787909113.1922467,91.33662601203059,1171.3366260120306,1144.013983746978,1171.595229964864,1171.6673346336584,-0.33070862162776393,-0.34845242776327723,0.15398185204089707,0.009416903440014574,registered
1333,1787909113.2220495,1787909113.2212794,92.65495004835793,1172.654950048358,1145.3323077833054,1172.495770534494,1172.5382757112652,0.1166743370927179,0.10808409643118466,0.07396446337239658,0.004442426190306366,registered
1334,1787909113.2516515,1787909113.2508888,93.71221446991012,1173.7122144699101,1146.3895722048576,1173.3850907028018,1173.4265180278,0.2856964421100656,0.27729613231872463,0.10228889884209773,0.006075832822664797,registered
1335,1787909113.2810807,1787909113.279879,93.8688492766812,1173.8688492766812,1146.5462070116287,1174.2126917638589,1174.2961860088674,-0.42733673218617696,-0.45305401098357834,0.10839727258478245,0.006431280361580294,registered
1336,1787909113.3078601,1787909113.3068583,94.87333422152278,1174.8733342215228,1147.5506919564702,1175.0764410162965,1175.105524948861,-0.23219072733832036,-0.2550664491996031,0.12302386601761443,0.007271692732688413,registered
1337,1787909113.338642,1787909113.337819,96.28030297936857,1176.2803029793686,1148.957660714316,1175.998404270597,1176.0343060922846,0.2459968870839475,0.2260458296402703,0.13720488569817746,0.008143959249316095,registered
1338,1787909113.3643837,1787909113.3636138,96.92798940206444,1176.9279894020644,1149.605347137012,1176.8160596054367,1176.808112764815,0.11987663724949016,0.10161165787258142,0.08719971654361912,0.005195768603584257,registered
1339,1787909113.395268,1787909113.3942811,97.4581147994038,1177.4581147994038,1150.1354725343513,1177.6178493867508,1177.7280895158776,-0.26997471647382554,-0.29253676772691506,0.16085408184975683,0.0096110233239624,registered
1340,1787909113.4216995,1787909113.4210246,98.4351744938458,1178.4351744938458,1151.1125322287933,1178.5146226505642,1178.5303549026264,-0.09518040878060674,-0.11347945217221422,0.08716611866804608,0.005213995759407536,registered
1341,1787909113.4508965,1787909113.4500148,99.67517399990561,1179.6751739999056,1152.352531734853,1179.3609322629268,1179.4000228836937,0.27515111621187316,0.26423432964747917,0.10617572111522472,0.006272033934444168,registered
1342,1787909113.4790838,1787909113.47843,99.88447036436173,1179.8844703643617,1152.5618280993092,1180.1012028726334,1180.2524396914275,-0.36796932706579355,-0.39090775622503315,0.10199021966655766,0.006000355723543824,registered
1343,1787909113.5074153,1787909113.506628,100.76512963243204,1180.765129632432,1153.4424873673795,1180.9141577243486,1181.0983408196807,-0.3332111872487076,-0.35552946388634155,0.10851060291719176,0.006236484718814509,registered
1344,1787909113.5359423,1787909113.5352888,102.07105555841554,1182.0710555584155,1154.748413293363,1181.8472289253416,1181.9581244219971,0.11293113641841046,0.08385178153298511,0.17220095775779667,0.009419987585247591,registered
1345,1787909113.5645757,1787909113.563832,102.78981569070424,1182.7898156907042,1155.4671734256517,1182.715036110434,1182.8143819760328,-0.024566285328546655,-0.05403165087432171,0.11747504732928614,0.006233414924681046,registered
1346,1787909113.5936646,1787909113.5925176,103.15704426113052,1183.1570442611305,1155.834401996078,1183.518550722144,1183.674909410035,-0.5178651489045478,-0.5653599355555343,0.14500075219515074,0.007577303368888798,registered
1347,1787909113.6218598,1787909113.6210833,104.55001516857146,1184.5500151685715,1157.227372903519,1184.4750565205484,1184.5318392734794,0.01817589509209938,0.033600192207359214,0.1085941158622193,0.005403094195268258,registered
1348,1787909113.650174,1787909113.6495583,105.80540322678394,1185.805403226784,1158.4827609617314,1185.403142334917,1185.3860512903782,0.41935193640574653,0.38219453685132976,0.12870908454620375,0.00625387888997874,registered
1349,1787909113.6833868,1787909113.6825817,105.99789005976254,1185.9978900597625,1158.67524779471,1186.2480926833446,1186.3767063560692,-0.3788162963066952,-0.4550346200549029,0.15056598345533526,0.007304826690546786,registered
1350,1787909113.7072337,1787909113.706599,106.86650594383332,1186.8665059438333,1159.5438636787808,1187.1398093087896,1187.0971931707213,-0.23068722688799426,-0.24479546880797898,0.1376682352779471,0.006681266771406021,registered
1351,1787909113.7359583,1787909113.7353165,108.37681991761087,1188.3768199176109,1161.0541776525583,1188.075290186282,1187.9586790032424,0.41814091436845047,0.35338093546101845,0.1436121793644809,0.007132844725235748,registered
1352,1787909113.764922,1787909113.763979,109.00107520523557,1189.0010752052356,1161.678432940183,1188.8670836908498,1188.818512671153,0.18256253408253542,0.18476585419261937,0.11574262057497312,0.005825586801910651,registered
1353,1787909113.7935767,1787909113.792936,109.43939738054678,1189.4393973805468,1162.1167551154942,1189.6453622444428,1189.6871864925631,-0.2477891120163349,-0.2983430372253224,0.166938544499388,0.008476102844434901,registered
1354,1787909113.8226566,1787909113.822008,110.56207276395662,1190.5620727639566,1163.239430498904,1190.556097557857,1190.559300535521,0.0027722284355604643,-0.03180764743569853,0.07214961110066348,0.003715358002095108,registered
1355,1787909113.8606098,1787909113.859619,111.55100905450877,1191.5510090545088,1164.2283667894562,1191.4090788644974,1191.687578767583,-0.13656971307432286,-0.17491962484382384,0.11598059013766877,0.0059524359270455825,registered
1356,1787909113.878956,1787909113.878242,111.96421391268609,1191.964213912686,1164.6415716476336,1192.1416593284491,1192.246246429385,-0.28203251669901874,-0.32196335227149575,0.1116215872326134,0.005691464702033923,registered
1357,1787909113.9075742,1787909113.9069169,112.9035706386178,1192.9035706386178,1165.5809283735653,1192.968781232964,1193.1064520131388,-0.20288137452098454,-0.2415292924570167,0.1082291878292717,0.0053812539970577115,registered
1358,1787909113.9373145,1787909113.9364982,114.17335823057533,1194.1733582305753,1166.8507159655228,1193.9064884720112,1193.993850366799,0.17950786377627992,0.15752795177400003,0.16141217344138717,0.00764368762886645,registered
1359,1787909113.9645278,1787909113.9636815,114.75082314573933,1194.7508231457393,1167.4281808806868,1194.7560935283022,1194.809311613747,-0.05848846800768115,-0.0852122658513963,0.1069394610915675,0.004950071210225959,registered
1360,1787909113.9928858,1787909113.9921136,115.2235414419913,1195.2235414419913,1167.9008991769388,1195.6001450691065,1195.662236229651,-0.4386947876596423,-0.4429047701055424,0.14444849561219364,0.0065759332791650305,registered
1361,1787909114.0219674,1787909114.0213523,116.6055098644149,1196.605509864415,1169.2828675993624,1196.499421424182,1196.5393568320342,0.06615303238072556,0.060899250659758764,0.11235660939513162,0.004974238065922845,registered
1362,1787909114.0505195,1787909114.0496993,117.78126673961037,1197.7812667396104,1170.4586244745578,1197.417319510865,1197.3897281026314,0.39153863697902125,0.38109850777959764,0.1453579353399495,0.006473858277748599,registered
1363,1787909114.0789418,1787909114.078251,118.01744743482618,1198.0174474348262,1170.6948051697736,1198.2438816995405,1198.2462359846381,-0.22878854981195218,-0.2885443633142586,0.1349281868142764,0.006032493900215389,registered
1364,1787909114.1075242,1787909114.1066709,118.96133058717032,1198.9613305871703,1171.6386883221178,1199.0935426294106,1199.0987958369267,-0.1374652497563602,-0.2093289741130775,0.15453558657687022,0.007042394820858554,registered
1365,1787909114.136284,1787909114.1353834,120.118122757106,1200.118122757106,1172.7954804920535,1199.9943153512652,1199.9601314726651,0.15799128444086818,0.1646723063763602,0.1302803060201709,0.006048887896060476,registered
1366,1787909114.1645236,1787909114.1637955,121.04063866554452,1201.0406386655445,1173.717996400492,1200.7717188796678,1200.812455301438,0.22818336410659867,0.1855724592498973,0.11649954592224976,0.005411927477704439,registered
1367,1787909114.193711,1787909114.192733,121.22828615595245,1201.2282861559524,1173.9056438909,1201.5696589409552,1201.6805426401725,-0.4522564842200154,-0.5485899151810827,0.1607967317733743,0.007455541418414619,registered
1368,1787909114.221694,1787909114.2209022,122.40087252996841,1202.4008725299684,1175.0782302649159,1202.4832954305425,1202.5255783488678,-0.12470581889942878,-0.15072149508250732,0.1405235034855307,0.006348556659670826,registered
1369,1787909114.2503412,1787909114.2495775,123.6334755754915,1203.6334755754915,1176.310833310439,1203.3491616143735,1203.385798237077,0.2476773384144053,0.2690078796676971,0.1865422236589204,0.00809837021827648,registered
1370,1787909114.2788165,1787909114.2780938,123.97750498866276,1203.9775049886628,1176.6548627236102,1204.1586260487472,1204.2412475893768,-0.2637426007140675,-0.33101103038848123,0.2024895452838612,0.008707020743158725,registered
1371,1787909114.307301,1787909114.3065557,124.98086134795926,1204.9808613479593,1177.6582190829067,1205.0287457384636,1205.0950662337495,-0.11420488579028643,-0.17048059268495308,0.22094707696780536,0.009352684868826296,registered
1372,1787909114.3362782,1787909114.3356023,126.11247081498959,1206.1124708149896,1178.789828549937,1205.9413863581244,1205.966422140566,0.14604867442358227,0.18628725327494067,0.21601857966250418,0.009211381699745594,registered
1373,1787909114.3649428,1787909114.3641655,126.78820051766911,1206.788200517669,1179.4655582526166,1206.7547076496585,1206.8232804817326,-0.03507996406347047,-0.04498863966091449,0.2116963661673988,0.009150723613038363,registered
1374,1787909114.3937361,1787909114.392861,127.36360301297964,1207.3636030129796,1180.040960747927,1207.5282652223152,1207.684101157073,-0.3204981440933352,-0.35141249623507065,0.2711902567684969,0.01189514571314102,registered
1375,1787909114.422846,1787909114.4220705,128.47454252616967,1208.4745425261697,1181.1519002611171,1208.3916842023032,1208.5603491876705,-0.08580666150078287,-0.13015112224229597,0.22819284524570893,0.010363803073863592,registered
1376,1787909114.4612484,1787909114.460195,129.2254929492542,1209.2254929492542,1181.9028506842017,1209.187826581601,1209.7040333183065,-0.47854036905232533,-0.5029091080173202,0.24447838040940983,0.011453275820731707,registered
1377,1787909114.479512,1787909114.478603,129.98512744161644,1209.9851274416164,1182.662485176564,1209.9748725219235,1210.25624251845,-0.27111507683366654,-0.27512660259344557,0.2300714406825475,0.01121981645978033,registered
1378,1787909114.5074196,1787909114.5066903,130.6628127382894,1210.6628127382894,1183.3401704732369,1210.8256370373324,1211.0988250130272,-0.43601227473777726,-0.3916522137028551,0.22676050144667426,0.011542077263981,registered
1379,1787909114.5358415,1787909114.535203,131.821834687918,1211.821834687918,1184.4991924228655,1211.7013793766514,1211.9541670819106,-0.1323323939925558,-0.09225516148262614,0.2635717229648536,0.014528113955399474,registered
1380,1787909114.5645669,1787909114.5637698,132.53311147600584,1212.5331114760058,1185.2104692109533,1212.5499905551653,1212.8111327064935,-0.2780212304876386,-0.25215081919645854,0.23035356517508476,0.013293079652574384,registered
1381,1787909114.5940022,1787909114.5932157,133.36852817356225,1213.3685281735623,1186.0458859085097,1213.4245686581153,1213.6944685947917,-0.3259404212294612,-0.32096776522485015,0.26243986570032624,0.015857587936328046,registered
1382,1787909114.6221225,1787909114.6215131,134.37057728674176,1214.3705772867418,1187.0479350216892,1214.3241994949578,1214.5433522020166,-0.17277491527488564,-0.1779808446124207,0.2514351501423477,0.015868182403760523,registered
1383,1787909114.6524627,1787909114.6495554,135.28466899353066,1215.2846689935307,1187.9620267284781,1215.2215311707423,1215.3845829255488,-0.0999139320181257,-0.07993198140434288,0.24364933823518128,0.01588841360407948,registered
1384,1787909114.6798844,1787909114.6791906,136.08560254680128,1216.0856025468013,1188.7629602817487,1216.0974823190204,1216.2735976826807,-0.18799513587941874,-0.20058241020410605,0.29152268515846785,0.019529193510473986,registered
1385,1787909114.709773,1787909114.7090333,136.92729824890353,1216.9272982489035,1189.604655983851,1217.0332995370807,1217.1688348779553,-0.24153662905177953,-0.2420895182942786,0.2517598538883509,0.017330390480044613,registered
1386,1787909114.7359197,1787909114.7352114,137.9983894664856,1217.9983894664856,1190.675747201433,1217.968311698287,1217.9541423327082,0.044247133777389536,0.04188885871349157,0.23969167707729783,0.016958853737351814,registered
1387,1787909114.765554,1787909114.7646928,138.8585473877531,1218.858547387753,1191.5359051227006,1218.8884477026068,1218.8385439029412,0.020003484811923045,0.01606051989028856,0.21252556661854022,0.015171763863431921,registered
1388,1787909114.7937622,1787909114.793067,139.8521671921485,1219.8521671921485,1192.529524927096,1219.8238284026393,1219.6897305275018,0.16243666464674789,0.12923159875458623,0.21348886256874916,0.015076532696176252,registered
1389,1787909114.8219023,1787909114.8211532,140.8037625025138,1220.8037625025138,1193.4811202374613,1220.7559837442668,1220.53227726094,0.2714852415738278,0.25648666239430895,0.18104534453592055,0.012386185927378633,registered
1390,1787909114.858545,1787909114.8573735,141.67612950529815,1221.6761295052981,1194.3534872402456,1221.6441979883516,1221.6188365485345,0.0572929567636038,0.036254593366720655,0.20106514874341758,0.013210472908959589,registered
1391,1787909114.8797913,1787909114.8791194,142.5059006146264,1222.5059006146264,1195.1832583495739,1222.5211372926697,1222.2711840894096,0.23471652521675423,0.21492174245281603,0.18221204565261653,0.011534928098975317,registered
1392,1787909114.9082897,1787909114.907614,143.40130996415087,1223.4013099641509,1196.0786676990983,1223.4200800901117,1223.1259825889842,0.27532737516662564,0.29658460511291196,0.18335250286910248,0.011323906086597732,registered
1393,1787909114.9360003,1787909114.9353015,144.2164226120226,1224.2164226120226,1196.89378034697,1224.2713977918631,1223.956570797624,0.2598518143986439,0.28603275900331937,0.1731438483777917,0.010684562642582938,registered
1394,1787909114.9647667,1787909114.96397,145.0705622832229,1225.070562283223,1197.7479200181704,1225.124947341395,1224.8165832712284,0.25397901199448825,0.2551072764779292,0.12759656389339633,0.008037924635993494,registered
1395,1787909114.9955456,1787909114.9947429,146.10702009365855,1226.1070200936585,1198.784377828606,1225.991737771788,1225.7397284591848,0.3672916344737587,0.3691034402597779,0.1606060960895643,0.01057593561737572,registered
1396,1787909115.0224044,1787909115.0215876,146.88064244278758,1226.8806424427876,1199.558000177735,1226.8332686608928,1226.5450335427272,0.3356089000603788,0.2825238750042445,0.13324206812741113,0.009122249487015512,registered
1397,1787909115.0502894,1787909115.0494676,147.5405868774012,1227.5405868774012,1200.2179446123487,1227.6401117775529,1227.3813935991616,0.15919327823962703,0.13152776694892054,0.1330641189310268,0.009418107359086924,registered
1398,1787909115.0786116,1787909115.0779417,148.49110690641578,1228.4911069064158,1201.1684646413632,1228.4420846613289,1228.2355770071497,0.2555298992660937,0.22196030773375242,0.11020938843839115,0.008145333850222439,registered
1399,1787909115.107341,1787909115.1066868,149.27546289916768,1229.2754628991677,1201.9528206341151,1229.2228216191722,1229.0978924980895,0.17757040107812827,0.15229250332959055,0.12366101499669033,0.009396002726698225,registered
1400,1787909115.1374278,1787909115.1366858,149.92116910371192,1229.921169103712,1202.5985268386594,1229.978115064264,1229.9978215547685,-0.07665245105658869,-0.08640923391271826,0.13166134682499608,0.010153714234298396,registered
1401,1787909115.1648395,1787909115.1641312,150.73310926436852,1230.7331092643685,1203.410466999316,1230.7737351584706,1230.821143100014,-0.08803383564554679,-0.09821768344863813,0.12590496014188884,0.009770670904759396,registered
1402,1787909115.1932259,1787909115.1925564,151.60714890448185,1231.6071489044818,1204.2845066394293,1231.580826579752,1231.6738603013132,-0.06671139683135152,-0.08452106005415772,0.13468827352694393,0.010350210428388159,registered
1403,1787909115.2217355,1787909115.221159,152.36670142534672,1232.3667014253467,1205.0440591602942,1232.369916123355,1232.5318987600585,-0.16519733471182008,-0.16946421496277253,0.12499932223008119,0.009408221077438524,registered
1404,1787909115.2513142,1787909115.250688,153.15633368862018,1233.1563336886202,1205.8336914235676,1233.1830642241284,1233.4177307758416,-0.2613970872214395,-0.26726568040658094,0.13786133409657692,0.01008511639384381,registered
1405,1787909115.2787833,1787909115.2781918,154.0631429856519,1234.063142985652,1206.7405007205994,1234.009723048795,1234.242804616886,-0.17966163123401202,-0.19459071247138127,0.13513361119334427,0.009596572032234683,registered
1406,1787909115.3101628,1787909115.3095648,154.83945054541618,1234.8394505454162,1207.5168082803636,1234.8326736799008,1235.1839519620896,-0.34450141667343814,-0.3690958516644969,0.1447011756885817,0.010169506553588014,registered
1407,1787909115.3387392,1787909115.337769,155.63905524460733,1235.6390552446073,1208.3164129795548,1235.6568059392341,1236.0300390482641,-0.39098380365680896,-0.41015875673338087,0.14889172808444118,0.010605696757954369,registered
1408,1787909115.365673,1787909115.3651426,156.47317867318588,1236.4731786731859,1209.1505364081333,1236.5018090793299,1236.851207772957,-0.37802909977108357,-0.3935261165797783,0.1373922769494008,0.010206835658771165,registered
1409,1787909115.3935988,1787909115.3928528,157.34192063115484,1237.3419206311548,1210.0192783661023,1237.356833679318,1237.682475443233,-0.3405548120781532,-0.3458722803420642,0.1580426459537538,0.01253895465516726,registered
1410,1787909115.4219577,1787909115.4214478,158.23720051169494,1238.237200511695,1210.9145582466424,1238.2025334380164,1238.5402850306905,-0.3030845189955471,-0.3258916174274873,0.1337557029759023,0.01144990867250126,registered
1411,1787909115.4504957,1787909115.4499714,159.06393544130265,1239.0639354413026,1211.74129317625,1239.0557185897485,1239.3959561020504,-0.3320206607477303,-0.34479590201499377,0.13442773290996904,0.012279459614387872,registered
1412,1787909115.4788308,1787909115.4783173,159.9625080226349,1239.962508022635,1212.6398657575824,1239.937541056849,1240.246291611509,-0.2837835888740301,-0.2988575528945603,0.16300040354018305,0.015737843637419965,registered
1413,1787909115.508294,1787909115.5076926,160.83298550728227,1240.8329855072823,1213.5103432422297,1240.8266855189463,1241.1275104403928,-0.2945249331105515,-0.30719970235372784,0.1682693084306571,0.016811835476132773,registered
1414,1787909115.5364294,1787909115.5358176,161.645856034585,1241.645856034585,1214.3232137695325,1241.710820557808,1241.9712229869544,-0.3253669523694498,-0.3346192163678552,0.17505225448164646,0.017751430971863824,registered
1415,1787909115.5656095,1787909115.564911,162.59007493197487,1242.5900749319749,1215.2674326669223,1242.6270977858444,1242.8439807304098,-0.2539057984349711,-0.26214977401741635,0.17160524133815216,0.017441177686677797,registered
1416,1787909115.5930505,1787909115.5924034,163.6586249668735,1243.6586249668735,1216.335982701821,1243.5824197126562,1243.66871841675,-0.0100934498764218,-0.0169814797577601,0.2049411487423268,0.020783298912969865,registered
1417,1787909115.622194,1787909115.6213338,164.49773363152053,1244.4977336315205,1217.175091366468,1244.5382024102687,1244.536591188652,-0.03885755713145045,-0.0400285245377745,0.21438349298485515,0.02188403325573981,registered
1418,1787909115.6502254,1787909115.6497166,165.4348804519659,1245.434880451966,1218.1122381869134,1245.4972355525729,1245.3880352934116,0.046845158554333466,0.0455829670768253,0.21339245037832602,0.02224328183012647,registered
1419,1787909115.6787505,1787909115.6781793,166.53854016970354,1246.5385401697035,1219.215897904651,1246.4599144991143,1246.2418753944676,0.2966647752359677,0.2890648956483801,0.18695863862369333,0.02013417548944576,registered
1420,1787909115.7072568,1787909115.7066562,167.45155273557089,1247.4515527355709,1220.1289104705183,1247.397019539001,1247.0961446291888,0.3554081063821286,0.3408189178592238,0.18329391475158877,0.02007804333546703,registered
1421,1787909115.7357986,1787909115.735219,168.26328619316087,1248.2632861931609,1220.9406439281083,1248.306421009132,1247.9529886658997,0.31029752726112747,0.29667223862702485,0.16842848565632884,0.01838902784729258,registered
1422,1787909115.7650506,1787909115.7642667,169.18445829933466,1249.1844582993347,1221.8618160342821,1249.1985872510222,1248.8243803338548,0.3600779654798316,0.3480603525583774,0.14423322831224816,0.015270458129711633,registered
1423,1787909115.7930408,1787909115.7924101,170.1131335887053,1250.1131335887053,1222.7904913236528,1250.073518264668,1249.6686436019534,0.4444899867519325,0.4324454386674006,0.1314179467329148,0.013110306025452528,registered
1424,1787909115.8217738,1787909115.8213012,170.93808982765313,1250.9380898276531,1223.6154475626006,1250.9312140500692,1250.5353362562764,0.40275357137670653,0.3908705274541262,0.1337605807229668,0.0124450793595513,registered
1425,1787909115.8504353,1787909115.8499005,171.7489025790544,1251.7489025790544,1224.4262603140019,1251.7716746072258,1251.3932745838333,0.35562799522108435,0.333712807215079,0.16180337926978142,0.014007812719882759,registered
