scan_index,bag_stamp_s,header_stamp_s,time_s,input_point_count,finite_point_count,central_point_count,target_point_count,target_depth_mean_m,target_depth_std_m,target_depth_p05_m,target_depth_p95_m,target_u_centroid,target_v_centroid,target_radial_std,h5_magnitude,relative_angle_deg,offline_relative_angle_deg,local_rpm,raw_motion_residual_deg,heldout_motion_residual_deg,rejected_branch_boundary
0,1787908596.615174,6256.49958083,0.0,24000,24000,4494,568,1.9647482423715188,0.13205959040738963,1.8266999661922454,2.1768500447273254,-0.000944746658205986,-0.04783887788653374,0.031970979012067045,0.10778634250164032,0.0,0.0,-5.009926861094299,-0.2769340335962659,-0.4731365536016124,False
1,1787908596.7143123,6256.59944089,0.09913825988769531,24000,24000,4641,627,1.9570988817838582,0.11041611482294433,1.8215999722480773,2.1768000125885,-0.0032732966355979443,-0.051542431116104126,0.03202979887037927,0.1569117158651352,-3.0713502860270143,-2.9541662291690587,-4.973835154151032,-0.3739491176308043,-0.9041870002322532,False
2,1787908596.8149111,6256.69929235,0.1997370719909668,24000,24000,4686,579,1.9545354042234404,0.11239236842012491,1.8169000267982482,2.188399958610535,-0.0072517055086791515,-0.047548260539770126,0.03097571834107822,0.10138572007417679,-5.34321528638734,-5.912752104872454,-4.977981513345445,0.37234041141396546,0.0034782963997219696,False
3,1787908596.9165692,6256.79992093,0.3013951778411865,24000,24000,4570,614,1.9572833906555798,0.12173984150538802,1.830649995803833,2.200049889087677,-0.0033914675004780293,-0.04793133586645126,0.03026631038762826,0.08374708145856857,-8.74777937991163,-8.87575762711019,-4.966338665002042,0.017711662132228412,-0.4449055944358804,False
4,1787908597.0148876,6256.89975977,0.39971351623535156,24000,24000,4567,596,1.9512802010414585,0.11165323180423685,1.8250000476837158,2.153749942779541,-0.007587682455778122,-0.04665788263082504,0.02857529525019874,0.20331478118896484,-12.109668701993375,-11.84318279588226,-4.955278756489218,-0.3944416526961838,-0.8817893114996505,False
5,1787908597.1140501,6256.99959259,0.49887609481811523,24000,24000,4704,612,1.9639509793590098,0.1292000153113716,1.8295500218868255,2.264299976825713,-0.008137519471347332,-0.046922359615564346,0.02788906204490322,0.16766668856143951,-14.998269225708986,-14.815027611188672,-4.955278756489217,-0.3079773675965818,-0.7645796446192286,False
6,1787908597.2142477,6257.09942927,0.5990736484527588,24000,24000,4741,653,1.9537840745715598,0.1212837821398578,1.8292000055313111,2.198400020599365,-0.0058954874984920025,-0.047528017312288284,0.02771834248506954,0.22507604956626892,-18.012746942807127,-17.791292073029418,-4.965169110311479,-0.3163390678647886,-0.8647438416405038,False
7,1787908597.3142142,6257.19967829,0.6990401744842529,24000,24000,4573,614,1.948285019747209,0.11888171907594526,1.8229999542236328,2.168900012969971,-0.010205032303929329,-0.048130910843610764,0.027130574831395707,0.23331691324710846,-20.420280383256696,-20.771976181404504,-4.973895999892454,0.27531224369957386,-0.0846669144035026,False
8,1787908597.4138548,6257.29951265,0.7986807823181152,24000,24000,4561,633,1.952375985999808,0.12057429925283329,1.834600019454956,2.203800010681152,-0.009784314781427383,-0.04776094853878021,0.027929356632084214,0.20605763792991638,-24.349702083733305,-23.757079936313932,-4.988327349063511,-0.6647028667893942,-1.0000513191075022,False
9,1787908597.5138295,6257.39934957,0.8986554145812988,24000,24000,4557,631,1.950188590116244,0.11435438090606498,1.8320000171661377,2.1869999170303345,-0.010700615122914314,-0.04858965054154396,0.028755118755165916,0.23192887008190155,-26.686441205856077,-26.746603337757694,-4.972230283914759,-0.002014034623986305,0.03745706646041569,False
10,1787908597.6159937,6257.49998683,1.0008196830749512,24000,24000,4676,715,1.9463608391635068,0.11194469882300588,1.835099959373474,2.1648000478744502,-0.016523292288184166,-0.04541386291384697,0.029710525659993187,0.19939151406288147,-29.473781444685034,-29.740546385735332,-4.998817556817573,0.27576690691383376,0.11425985649198012,False
11,1787908597.7145352,6257.59983743,1.0993611812591553,24000,24000,4575,696,1.9434827579849068,0.09873200475480914,1.8415000140666962,2.1125000715255737,-0.01039108820259571,-0.04728452116250992,0.03117770862990474,0.22853776812553406,-32.802159356363234,-32.80832360385072,-4.981288555878764,-0.09617978196121868,-0.2384530823531179,False
12,1787908597.8150005,6257.69967477,1.1998264789581299,24000,24000,4576,721,1.946948682054898,0.11413738739654444,1.8380000591278076,2.183000087738037,-0.013412811793386936,-0.047441691160202026,0.03199734738339532,0.20477978885173798,-35.58627015234458,-35.84823778050062,-4.966730952275978,0.1338582669455448,0.04742801002848296,False
13,1787908597.9142232,6257.79951907,1.2990491390228271,24000,24000,4572,725,1.9468648261037367,0.11533097936946957,1.831399965286255,2.1313999652862545,-0.016146095469594002,-0.044108517467975616,0.03203482084072018,0.2493932545185089,-38.62123938324563,-38.76179978406512,-4.958301768700691,0.07575640289235253,-0.05875173724955829,False
14,1787908598.0138745,6257.89935429,1.398700475692749,24000,24000,4709,758,1.9458245372394773,0.10892676763896143,1.8348500311374665,2.134999990463257,-0.015661682933568954,-0.04654598981142044,0.03321907851251432,0.23044730722904205,-41.3601057895788,-41.716631589784555,-4.951345442731974,0.3266184719097964,0.18388199879362332,False
15,1787908598.1150193,6257.99999411,1.499845266342163,24000,24000,4540,752,1.9465252655617735,0.11197924654611377,1.8233000099658967,2.160900020599365,-0.017351092770695686,-0.04645915701985359,0.03391918878969032,0.2039966732263565,-44.837364386546405,-44.66026270538596,-4.974185302832951,-0.11610520718145523,-0.3467560663712206,False
16,1787908598.2145934,6258.09983741,1.599419355392456,24000,24000,4525,720,1.9489250007602903,0.1136680755792115,1.8279499530792236,2.1400501012802122,-0.02159859426319599,-0.04162130877375603,0.03425232124419153,0.19269992411136627,-47.863298192275785,-47.63400276103064,-4.98007380484385,-0.1546281121736257,-0.24455974211112164,False
17,1787908598.314413,6258.19967247,1.6992390155792236,24000,24000,4476,705,1.9566212784313985,0.12810027762198986,1.8359999656677246,2.2245999336242677,-0.018931956961750984,-0.043812043964862823,0.03499803110454323,0.18959714472293854,-51.12632752807758,-50.612903050081094,-4.9787533160805895,-0.4228789489301761,-0.5643082264173387,False
18,1787908598.4141133,6258.29951565,1.7989392280578613,24000,24000,4628,707,1.9443875525931826,0.11350948836619286,1.8123000144958497,2.1603999853134153,-0.021592313423752785,-0.041162293404340744,0.0353256269379259,0.14500713348388672,-53.10633678371046,-53.55244631920189,-5.01107310170409,0.5883066374411001,0.1813888659017806,False
19,1787908598.5140603,6258.39935851,1.8988862037658691,24000,24000,4643,714,1.9594930003003246,0.140186194969795,1.8316500008106231,2.229100012779236,-0.016782987862825394,-0.04407580941915512,0.035424925860859546,0.21800993382930756,-57.579120358811295,-56.598235632149596,-5.037640791641551,-0.8858787323072193,-0.9548392073249943,False
20,1787908598.6150997,6258.49999219,1.9999256134033203,24000,24000,4501,669,1.9523408061898522,0.12573063422335112,1.8186000108718872,2.197999954223633,-0.02036580815911293,-0.04590610787272453,0.03590905787944056,0.17993725836277008,-59.741455176738945,-59.621833298687555,-5.041380255785807,-0.016840261923711353,0.0017662404261216125,False
21,1787908598.714534,6258.59983737,2.0993599891662598,24000,24000,4513,633,1.9509620852944975,0.12148015729257884,1.8253999948501587,2.1347999572753906,-0.024030279368162155,-0.042795997112989426,0.0361111981866169,0.2193537950515747,-61.7360353107204,-62.64194731884779,-5.040696718777862,0.9717988421053363,0.8024135242758845,False
22,1787908598.8155062,6258.69966743,2.2003321647644043,24000,24000,4670,636,1.9626996860189259,0.13467242061528506,1.8287499845027924,2.2179999351501465,-0.022839942947030067,-0.04775404930114746,0.03590160648092061,0.2545384168624878,-64.89088885939998,-65.70926927104061,-5.041396244474,0.8463014334623011,0.39850351494091285,False
23,1787908598.913715,6258.79950997,2.2985408306121826,24000,24000,4623,680,1.9433779402690776,0.12357579780337435,1.811950033903122,2.1745000243186947,-0.025772592052817345,-0.04892086610198021,0.03598492931993857,0.2142980694770813,-68.72513616066344,-68.72993893154366,-5.041396244474,-0.04150024425821641,-0.5729761358660141,False
24,1787908599.0147207,6258.89935331,2.3995466232299805,24000,24000,4417,575,1.9559617411572001,0.12808511420541863,1.8270000219345093,2.251899933815002,-0.025413628667593002,-0.04891856759786606,0.03480238242714604,0.2613084018230438,-71.43185077409478,-71.80365119672967,-5.042245434075414,0.28214985648428126,-0.13719646536867458,False
25,1787908599.114813,6258.99999097,2.4996390342712402,24000,24000,4460,597,1.9493132328467953,0.1271584539285434,1.822599959373474,2.1584000587463374,-0.02316523902118206,-0.04809700697660446,0.035414123336451005,0.30924561619758606,-75.09513000292618,-74.86286300515889,-5.002321664985372,-0.37816783207431115,-0.808741895058759,False
26,1787908599.215616,6259.09984193,2.6004419326782227,24000,24000,4444,602,1.9517558133879374,0.1353609926008591,1.8180499613285064,2.204649925231933,-0.024379756301641464,-0.0542127788066864,0.03486707789643733,0.21714647114276886,-77.88586079798038,-77.89373021974501,-4.998124024606463,-0.14462112281887585,-0.5152239153391207,False
27,1787908599.3145785,6259.19968947,2.69940447807312,24000,24000,4517,599,1.949517528282382,0.13110018051174568,1.8218000292778016,2.2231000423431397,-0.025321539491415024,-0.04872980713844299,0.034343487519390974,0.29538872838020325,-81.13573821131372,-80.9497441011973,-4.986664138926061,-0.4254351011044122,-0.8640359526403643,False
28,1787908599.414339,6259.29954107,2.7991650104522705,24000,24000,4355,591,1.9483993226904959,0.1415428848188679,1.819000005722046,2.2325000762939453,-0.025220688432455063,-0.04799399897456169,0.03461057860606245,0.3260909616947174,-84.3574813182634,-83.95401745398652,-4.968366685025898,-0.6541736550092168,-1.2850729574249016,False
29,1787908599.513708,6259.39939011,2.898534059524536,24000,24000,4272,600,1.9379899994532268,0.12470337436881329,1.812999963760376,2.211149966716766,-0.02571752853691578,-0.04842261224985123,0.0335546074850163,0.3088415861129761,-87.14848416710167,-86.88650838988724,-4.972360742880912,-0.4639171900470842,-1.0860671388325471,False
30,1787908599.6141424,6259.49962827,2.9989683628082275,24000,24000,4232,588,1.9398503435306809,0.12749229483510577,1.809999942779541,2.1871500134468076,-0.025683321058750153,-0.044314268976449966,0.03304028558514629,0.2691885530948639,-90.12058210162772,-89.92449542459731,-4.989615899845343,-0.4227961707336192,-0.9611199267088892,False
31,1787908599.7139215,6259.59946743,3.098747491836548,24000,24000,4456,614,1.9445586328786049,0.1424114020723271,1.8146500408649444,2.2599000930786137,-0.021174868568778038,-0.04279855638742447,0.032735819006872106,0.25853976607322693,-93.03551406015065,-92.92639106086519,-4.993816793483852,-0.3441656415825207,-0.7541191479223102,False
32,1787908599.814077,6259.69930713,3.1989028453826904,24000,24000,4315,635,1.9480976395719634,0.1315845919461614,1.815000057220459,2.198200011253357,-0.02254636585712433,-0.042303021997213364,0.032525074009124515,0.20197953283786774,-95.70121861467604,-95.77076965169549,-5.0009759686138,-0.00502026170566694,-0.3023861226586746,False
33,1787908599.914579,6259.79993525,3.2994048595428467,24000,24000,4216,611,1.9450409160698299,0.132596364834082,1.8140000104904175,2.186500072479248,-0.021228037774562836,-0.03894904628396034,0.03158904838837757,0.2773747146129608,-99.16978145459757,-98.69148128023991,-4.973326408214326,-0.45833269349692785,-0.6867565842806016,False
34,1787908600.0149174,6259.89976621,3.3997433185577393,24000,24000,4207,655,1.9444442779963254,0.12077674284870644,1.8186999917030335,2.1630001068115234,-0.020697932690382004,-0.038977354764938354,0.03183137723887994,0.24993540346622467,-101.38083469674594,-101.72572759277485,-4.964502457227015,0.340957508951675,0.21448726094642723,False
35,1787908600.1136212,6259.99960659,3.4984471797943115,24000,24000,4283,637,1.93375353255489,0.11590330757798341,1.8075999736785888,2.135999917984009,-0.019800901412963867,-0.0341762937605381,0.030554702580181222,0.25977176427841187,-103.87332800847724,-104.61783044583349,-4.941829740534596,0.8097666185165053,1.1246269788489514,False
36,1787908600.213844,6260.09944441,3.59867000579834,24000,24000,4289,714,1.9415014003839146,0.13038335229157927,1.8026499986648559,2.1750500321388246,-0.023197432979941368,-0.035187624394893646,0.030244686236722683,0.3177240192890167,-107.36176288845421,-107.57633553866049,-4.947646264645001,0.32820597422447406,0.23652962671106081,False
37,1787908600.313587,6260.19929269,3.6984128952026367,24000,24000,4227,689,1.9410406382232688,0.13800830430589353,1.799399995803833,2.1492000579833985,-0.01976674422621727,-0.03715723380446434,0.03063213811642088,0.25485748052597046,-109.78562713198983,-110.57871852824536,-4.9525318253147095,0.8968169611368353,0.8729035845327786,False
38,1787908600.4151483,6260.29993235,3.799974203109741,24000,24000,4178,685,1.9421065706406198,0.14131288846335474,1.7951999664306642,2.199600028991699,-0.019373008981347084,-0.03411098197102547,0.029135481234058718,0.28327807784080505,-113.69277677435471,-113.56700115330767,-4.960457653172447,0.0366985417396819,-0.22769896590514804,False
39,1787908600.5213149,6260.39977969,3.9061408042907715,24000,24000,3978,678,1.9447994077451813,0.15603726957706185,1.798250025510788,2.220150017738342,-0.019161995500326157,-0.03754770755767822,0.028869759941586335,0.34738796949386597,-116.63149889741867,-116.57358401077805,-4.973898265808084,0.28317514544728795,-0.05805246564230515,False
40,1787908600.614864,6260.49962355,3.999690055847168,24000,24000,4369,710,1.9377619734952147,0.14050197010406804,1.788349950313568,2.143100011348724,-0.01864810660481453,-0.03691157326102257,0.028926134255222894,0.26747387647628784,-119.72768246071449,-119.61178158370586,-4.975954064490877,-0.006354030940400435,-0.023685547937915885,False
41,1787908600.7141302,6260.59946657,4.098956108093262,24000,24000,4219,753,1.9388061090611208,0.12450910240852055,1.794599986076355,2.1056000232696532,-0.016088321805000305,-0.03703814372420311,0.028254906384130474,0.3260366916656494,-122.64075623234473,-122.58323257353696,-5.006355716611062,0.05874141174524539,-0.08874265815535409,False
42,1787908600.8140764,6260.69930857,4.198902368545532,24000,24000,4147,696,1.9420660902028797,0.13208060087037277,1.7935000360012054,2.175000011920929,-0.01841207779943943,-0.034020308405160904,0.027886401278816312,0.3168945014476776,-126.89339522466081,-125.60408843723846,-5.006355716611062,-1.1953208342425228,-1.6960342153656995,False
43,1787908600.914828,6260.79993749,4.299654006958008,24000,24000,4305,758,1.9480989477879769,0.1320460922636031,1.8040000200271606,2.155800032615661,-0.014831745065748692,-0.0378190353512764,0.02781969765323899,0.26658621430397034,-128.86107788491535,-128.6153429414435,-5.040259941143698,-0.14026388692161618,-1.3772852991299658,False
44,1787908601.0152223,6260.89977927,4.40004825592041,24000,24000,4287,755,1.9426238389994135,0.12928256766099666,1.8026999950408935,2.108999943733215,-0.009972653351724148,-0.035685501992702484,0.027571086925797426,0.24917443096637726,-130.66430002725565,-131.68695561703709,-5.0499337443438135,1.068531219222507,1.1680398624769737,False
45,1787908601.1293213,6260.99960865,4.5141472816467285,24000,24000,4131,712,1.9532289339250393,0.1302475277098733,1.809999942779541,2.2145000338554377,-0.011550894007086754,-0.0359288826584816,0.028032215541264775,0.2071974128484726,-135.06087346746517,-134.7301996990082,-5.036642626194862,0.09514423715006615,-0.35027750930268553,False
46,1787908601.2184796,6261.09945457,4.6033055782318115,24000,24000,3868,713,1.9405652196009398,0.12537746789258952,1.803600001335144,2.117400074005127,-0.012866799719631672,-0.04058660939335823,0.028885674305460005,0.24334268271923065,-137.9113975425269,-137.69720457825153,-5.044545374005501,-0.08046240055597309,-0.7562415223585788,False
47,1787908601.3147125,6261.19930129,4.699538469314575,24000,24000,4145,739,1.9425764516177455,0.11667262532687737,1.8029999732971191,2.090799927711487,-0.012100120075047016,-0.03669987618923187,0.029503593858658774,0.17508749663829803,-140.08277114425076,-140.7355672638465,-5.020472555795169,0.6353326434197868,1.0012080494581994,False
48,1787908601.4147134,6261.29993369,4.79953932762146,24000,24000,4376,807,1.949101612174969,0.13008807798030625,1.8193000197410583,2.134499955177307,-0.010710110887885094,-0.034983571618795395,0.029237169684282527,0.15963181853294373,-143.4420501617701,-143.7186296172012,-5.020472555795169,0.2762684110758755,0.378036311102278,False
49,1787908601.5146623,6261.39977573,4.899488210678101,24000,24000,4164,758,1.9329947234772755,0.1013190660397892,1.8049999475479126,2.05815007686615,-0.007012880407273769,-0.038921840488910675,0.03078074086637754,0.1734919548034668,-146.59091871824978,-146.76548135976634,-4.991774248394004,0.1260552840132334,0.5278399289450988,False
50,1787908601.6141758,6261.49962699,4.999001741409302,24000,24000,4208,725,1.9396579290258473,0.11450419913251984,1.809999942779541,2.091600084304809,-0.006287132855504751,-0.0379393994808197,0.0303744256507003,0.19158269464969635,-149.0787728640476,-149.75578506780113,-4.978337522969981,0.6237951749038473,0.5439066373574235,False
51,1787908601.7137625,6261.59947319,5.098588466644287,24000,24000,4245,726,1.9474380165749017,0.12136672779738682,1.815999984741211,2.1355000138282776,-0.004813874140381813,-0.038216132670640945,0.030965370488807074,0.18695437908172607,-153.23824428115756,-152.6609089005674,-4.976690528586629,-0.5478862320413782,-0.702713888543542,False
52,1787908601.8142493,6261.69931473,5.199075222015381,24000,24000,4322,746,1.946278822326149,0.12394688026912218,1.8170000314712524,2.121000051498413,-0.004801139235496521,-0.04076980799436569,0.03236223660083252,0.1712513267993927,-155.91556975608717,-155.64774961126312,-5.035243311502557,-0.2104190913569255,-0.285106276318686,False
53,1787908601.9148881,6261.79993923,5.299714088439941,24000,24000,4272,706,1.9501118970660245,0.12543298542091633,1.8220000267028809,2.1607500314712524,-0.00561943044885993,-0.040106650441884995,0.03176094726830736,0.16103976964950562,-159.00283545276608,-158.74820992348543,-5.035382053186947,-0.27832855327565653,-0.4706166314825566,False
54,1787908602.0150108,6261.89977175,5.399836778640747,24000,24000,4288,706,1.9513866862561817,0.11842075025678202,1.8282500207424164,2.157249927520752,-0.006011771038174629,-0.03889540210366249,0.03238013120022798,0.18847377598285675,-161.96512097276428,-161.7492763857625,-5.035382053186947,-0.2367441009766651,-0.2766363315034539,False
55,1787908602.1137996,6261.99961093,5.4986255168914795,24000,24000,4260,696,1.9418893656853973,0.10873254580847835,1.819000005722046,2.108250081539154,-0.004535962827503681,-0.042635973542928696,0.03284328037034512,0.21320681273937225,-164.7614895792723,-164.69109372420587,-5.028194697201692,-0.06926381531704351,-0.3694156156500412,False
56,1787908602.214656,6262.09944081,5.59948205947876,24000,24000,4375,706,1.9472988680131713,0.11342050053269648,1.8250000476837158,2.1265000700950623,-0.003064000979065895,-0.039813872426748276,0.03322150788461066,0.26493725180625916,-168.23672600883168,-167.75930414225581,-5.0349540004923155,-0.5186133137519278,-0.6021589360426844,False
57,1787908602.31346,6262.19967991,5.698286056518555,24000,24000,4348,732,1.940319671656916,0.1022897304928511,1.8255500078201294,2.117799913883209,0.001565862214192748,-0.047376446425914764,0.033650396393468146,0.2741203010082245,-170.5795546307522,-170.8326929404378,-5.033943553254923,0.10286474901144516,0.14510944128645065,False
58,1787908602.4149303,6262.29953591,5.799756288528442,24000,24000,4255,714,1.9410070020611547,0.09930067241178286,1.834650021791458,2.1117499351501468,-0.0031403342727571726,-0.045951757580041885,0.033897363957468084,0.25966399908065796,-173.35355577063203,-173.8305036660261,-4.990899230775899,0.3731623830181263,0.4397445079436295,False
59,1787908602.5136662,6262.39938759,5.898492097854614,24000,24000,4263,699,1.9526537909187132,0.11950423139836938,1.833799993991852,2.127500081062317,-0.0017852570163086057,-0.04390372335910797,0.03362864163134436,0.2637711763381958,-175.8654977937375,-176.8240123433245,-4.986870442115115,0.8234812842896417,0.8053817426748537,False
60,1787908602.6140566,6262.49963379,5.998882532119751,24000,24000,4326,739,1.9474235445623953,0.1094847500786288,1.8358999729156493,2.1152000665664676,-0.001392936217598617,-0.04796742647886276,0.034190869981159125,0.2776833176612854,-179.2727824985763,-179.85211513586745,-4.981399594413679,0.4280993798061843,0.3131477227480559,False
61,1787908602.71726,6262.59947513,6.102085828781128,24000,24000,4474,724,1.9561864643136442,0.11744985976962327,1.8321500062942504,2.1774999022483827,-9.331914043286815e-06,-0.04741249233484268,0.03409307699067256,0.26890307664871216,-183.67984521066822,-182.7743694091843,-4.944030689837132,-0.882669342767116,-0.7814810895101516,False
62,1787908602.8152895,6262.70050673,6.200115442276001,24000,24000,4268,714,1.9494103665779285,0.10561009747173015,1.8339999914169312,2.1253499746322633,-0.0016403220361098647,-0.048722799867391586,0.033986373356008334,0.25422829389572144,-185.6731287466423,-185.77555198944185,-4.9344089134536295,0.06512083574415328,0.21509256880955263,False
63,1787908602.914595,6262.80034497,6.2994208335876465,24000,24000,4308,709,1.9488335688124254,0.10215993987895271,1.8333999633789062,2.102199983596802,-0.0006954121636226773,-0.05138518661260605,0.034092721816167675,0.25029438734054565,-188.58438515736051,-188.71296580006256,-4.9419722760082285,0.13321388567271697,0.458557748766367,False
64,1787908603.0150478,6262.90017525,6.399873733520508,24000,24000,4335,699,1.9531874088770331,0.10562703026555229,1.840999960899353,2.1460999250411987,-0.003649574937298894,-0.05261228233575821,0.03411492616967338,0.29267120361328125,-192.40943875167443,-191.63768879133053,-4.963084272876501,-0.6780628201725278,-0.7549835075807039,False
65,1787908603.114599,6263.00002229,6.499424934387207,24000,24000,4418,664,1.9591656632452126,0.1145558509110511,1.8392999827861787,2.1592000007629397,-0.004008336458355188,-0.049902018159627914,0.03332973281138681,0.2283283919095993,-195.09156765559374,-194.58619669243427,-4.978845136158055,-0.3734675121289399,-0.3895576930972311,False
66,1787908603.2147915,6263.09985495,6.5996174812316895,24000,24000,4265,674,1.9582477742557356,0.11305901406774693,1.8296500265598297,2.1631500244140627,-0.005143335554748774,-0.05184027552604675,0.03373411881359701,0.1887260377407074,-197.62501025227328,-197.58125892921302,-4.989397630455631,0.09905569485204069,0.04271112335194971,False
67,1787908603.3199873,6263.19970113,6.704813241958618,24000,24000,3993,632,1.9609762664082684,0.120693667076213,1.8295500218868255,2.2255999445915218,-0.004548755940049887,-0.051558952778577805,0.03206630405178115,0.19796067476272583,-200.42802277256214,-200.6356284420978,-4.978057529515567,0.45211485248978533,0.5816393770199966,False
68,1787908603.413989,6263.29954703,6.798815011978149,24000,24000,4254,651,1.956465437115612,0.11788659011948614,1.8270000219345093,2.166499972343445,-0.003297198563814163,-0.05132890120148659,0.0322474142082955,0.1831984668970108,-203.39503265225514,-203.60337958761198,-4.978057529515567,0.3053357690143059,0.7352058145672515,False
69,1787908603.5136266,6263.39938449,6.898452520370483,24000,24000,4379,652,1.9551119639829624,0.12232056469254336,1.8170000314712524,2.213799977302551,-0.005608498118817806,-0.05401267483830452,0.031577621701556105,0.15357574820518494,-206.4569909932518,-206.55285191372127,-4.973945499983725,0.23269102890043314,0.7686337370045067,False
70,1787908603.614364,6263.49963479,6.999189853668213,24000,24000,4358,681,1.9560249658758244,0.12071586467388246,1.809000015258789,2.183000087738037,-0.004548253025859594,-0.05237151309847832,0.031235160243403497,0.24017785489559174,-208.74131110518843,-209.42167606734483,-4.943529323908738,0.9706813440552651,1.4659359395488707,False
71,1787908603.7137103,6263.59946955,7.098536252975464,24000,24000,4281,673,1.94507429486398,0.10753829695667866,1.8156000137329102,2.119799995422363,-0.009287284687161446,-0.051639288663864136,0.030684055374354775,0.22659476101398468,-212.1727360581294,-212.32166111107568,-4.965868396299121,0.5198361691484195,0.8008000758744629,False
72,1787908603.8143082,6263.69932123,7.199134111404419,24000,24000,4320,692,1.9518930615717276,0.12204775976395756,1.812999963760376,2.1762499690055845,-0.008174577727913857,-0.05301508679986,0.029895283839905182,0.17301315069198608,-214.94169743834846,-215.3874157456583,-5.00608918473499,0.7690007063021937,0.9940454191560946,False
73,1787908603.913743,6263.79996559,7.298568964004517,24000,24000,4450,703,1.9514452339405695,0.11812831236858976,1.803599977493286,2.180599999427795,-0.009823288768529892,-0.04860268160700798,0.02928464238853815,0.2341175675392151,-218.51702717737902,-218.3884995742915,-5.007520621765046,0.176904511298261,0.38790044812989777,False
74,1787908604.014774,6263.89981061,7.399600028991699,24000,24000,4493,723,1.9449502086243688,0.11811572506468722,1.7992000222206115,2.150800013542175,-0.011206629686057568,-0.04978824779391289,0.028751437803502096,0.2383302003145218,-222.0187327908921,-221.40907710574254,-5.011724133732009,-0.29367816918596645,0.03813117716131842,False
75,1787908604.1145568,6263.99966201,7.499382734298706,24000,24000,4368,717,1.947284520919353,0.12376595634681352,1.8088000059127807,2.1762001037597654,-0.008726290427148342,-0.05142362043261528,0.028469891094741046,0.23159494996070862,-225.02692512860057,-224.45665839268918,-5.038863257313593,-0.30820072409940735,0.10652298336430022,False
76,1787908604.2146184,6264.09951019,7.599444389343262,24000,24000,4371,708,1.9509110181345104,0.1243355473490473,1.7930500209331512,2.171600031852722,-0.00980483740568161,-0.049247488379478455,0.028428571636046264,0.2465410828590393,-227.33826010803628,-227.55004041552897,-5.054681790203872,0.38250309869715693,0.9583139368788238,False
77,1787908604.3140383,6264.19935429,7.698864221572876,24000,24000,4376,715,1.9394979023433232,0.11046201230485403,1.8077999949455261,2.1217998981475827,-0.009833276271820068,-0.05081452056765556,0.027769622237005746,0.21542391180992126,-229.99402459402162,-230.64220540437435,-5.053452392450399,0.7095215172302858,1.0505042908550877,False
78,1787908604.4158177,6264.29999869,7.800643682479858,24000,24000,4507,714,1.9479313758241028,0.12431759320537766,1.8156500101089477,2.150350069999695,-0.01053918618708849,-0.04764581099152565,0.027506117151861978,0.25951746106147766,-233.58560252309024,-233.67705774839456,-5.061615729848751,0.17151981350983192,0.3657049334718181,False
79,1787908604.5149157,6264.39983359,7.8997416496276855,24000,24000,4337,706,1.9474631726910643,0.12030785345006187,1.812000036239624,2.153999924659729,-0.008617212995886803,-0.047902364283800125,0.026623435427505424,0.23438075184822083,-236.60995908759628,-236.7240676515108,-5.068775770912086,0.120289592633128,-0.005040146708466864,False
80,1787908604.6148045,6264.49965661,7.999630451202393,24000,24000,4309,721,1.9430457669389065,0.11999373325922914,1.812000036239624,2.1610000133514404,-0.007175211329013109,-0.050209928303956985,0.02631516383569651,0.20345300436019897,-240.1882516792106,-239.79887202612076,-5.048732127724555,-0.4611501275967953,-0.4171881921188856,False
81,1787908604.713792,6264.59949369,8.098618030548096,24000,24000,4228,677,1.937893647562982,0.12241403177114094,1.7947999715805054,2.1570000648498535,-0.007882758043706417,-0.04883129149675369,0.024568280167878386,0.2050190418958664,-243.1895720683544,-242.78067153772457,-5.042628998697614,-0.49265601584588126,-0.24857444972153075,False
82,1787908604.8147202,6264.69933663,8.199546098709106,24000,24000,4364,706,1.9367535406401746,0.11011505564529464,1.8072500228881836,2.131749927997589,-0.012054252438247204,-0.048702433705329895,0.025787149451606234,0.17719772458076477,-245.59385358963064,-245.83040821317348,-5.021515554855572,0.1310952964221883,0.4229517600355166,False
83,1787908604.9149747,6264.79996183,8.299800634384155,24000,24000,4219,752,1.9296250007254012,0.10739462860211774,1.8165500104427337,2.1114500284194944,-0.010243388824164867,-0.04979065805673599,0.026002449212528353,0.13029024004936218,-248.78623558997236,-248.79746612598842,-5.021766327684645,-0.0534611181618061,0.4003369333766784,False
84,1787908605.014882,6264.89980359,8.399708032608032,24000,24000,4206,730,1.937065754524649,0.11596044497227691,1.807450008392334,2.1285499811172484,-0.01401666458696127,-0.04844179004430771,0.025782553860335504,0.11150898039340973,-251.44800410487775,-251.83088324919976,-5.032024213380288,0.28218117294636613,0.6529382091886191,False
85,1787908605.1145227,6264.99964191,8.499348640441895,24000,24000,4216,760,1.9314815780049877,0.10538041596007698,1.8259999752044678,2.10304993391037,-0.016662757843732834,-0.04833754524588585,0.026887333603204007,0.11146311461925507,-255.19612466216043,-254.85718757728176,-5.020621334335528,-0.47653279434868523,-0.4251793427791313,False
86,1787908605.2141614,6265.09949069,8.598987340927124,24000,24000,4330,791,1.9303463997340533,0.10130575060421794,1.8205000162124634,2.125,-0.012199711985886097,-0.048652175813913345,0.026506038198739815,0.07557282596826553,-257.74172620907837,-257.912387159601,-5.026718053473261,-0.0327849753434748,-0.1110345127986534,False
87,1787908605.313971,6265.19934313,8.69879698753357,24000,24000,4279,759,1.9266403161175794,0.10251004585651893,1.812000036239624,2.0702999353408815,-0.020858431234955788,-0.045038364827632904,0.02662594945243516,0.11751329898834229,-260.43469646412984,-260.9248276887894,-5.013129352586149,0.26872284231149024,0.15991362750742155,False
88,1787908605.4157686,6265.29998035,8.800594568252563,24000,24000,4174,743,1.9303458951523935,0.11566091696292495,1.8111999869346618,2.1590000867843626,-0.01606794074177742,-0.049309443682432175,0.02738774246472937,0.10378710925579071,-264.10236999263697,-263.868918727596,-4.996094507806638,-0.344830832234436,-0.4129568797061438,False
89,1787908605.5146163,6265.39981417,8.899442195892334,24000,24000,4111,705,1.9260652498150548,0.10566334663068305,1.812999963760376,2.0714000225067135,-0.019325220957398415,-0.048056721687316895,0.027946429427666793,0.15815968811511993,-267.0415784937943,-266.8501833822824,-4.988799959837615,-0.31842364823182834,-0.28800041420151956,False
90,1787908605.6141593,6265.49965455,8.998985290527344,24000,24000,4226,737,1.9354843962305759,0.12652059862553683,1.8070000410079956,2.128000020980835,-0.020746195688843727,-0.04533149302005768,0.028357429171978546,0.15447552502155304,-269.75891525149785,-269.8244290681591,-4.979232441630043,-0.04927939624673172,-0.12501752285839984,False
91,1787908605.7138238,6265.59948703,9.098649740219116,24000,24000,4325,747,1.9294631876939112,0.12016044879318337,1.8085999608039856,2.107400012016296,-0.014636893756687641,-0.048185255378484726,0.029396479174965812,0.2050662338733673,-273.2289055518644,-272.8133899520509,-4.993347563046348,-0.5291478058190364,-0.496910584593536,False
92,1787908605.814433,6265.69932279,9.199259042739868,24000,24000,4130,698,1.9356504285916216,0.1356994871086282,1.8070000410079956,2.124649930000305,-0.014941814355552197,-0.044833868741989136,0.030272768818379262,0.2704470455646515,-275.4334334241862,-275.8055575092734,-5.012372780420414,0.2847935836191482,0.7471561626861671,False
93,1787908605.9148395,6265.79996279,9.299665451049805,24000,24000,4166,711,1.9334767937827881,0.11845371839434267,1.812999963760376,2.131500005722046,-0.013339521363377571,-0.04760099574923515,0.030490092101228505,0.2959752082824707,-279.0242902206045,-278.7634713671224,-5.008636294065816,-0.2936811609033043,0.259463354029549,False
94,1787908606.0149295,6265.89980665,9.399755477905273,24000,24000,4300,766,1.9392715404612588,0.12465224161379797,1.809999942779541,2.1559998989105225,-0.012602469883859158,-0.04905696213245392,0.032050722111330816,0.2127726674079895,-281.4081615682279,-281.8192225701103,-5.015820313101417,0.32533750166538766,0.6192299697182762,False
95,1787908606.1145093,6265.99964451,9.499335289001465,24000,24000,4321,739,1.9337293648429428,0.11470930585460536,1.8079999685287476,2.0970999002456665,-0.016411030665040016,-0.04604373499751091,0.032723524023419055,0.24512402713298798,-284.96884798281474,-284.8488135088176,-4.981274254586561,-0.24776633999061914,0.05487711653933047,False
96,1787908606.2140841,6266.09948993,9.598910093307495,24000,24000,4173,725,1.9505213814768299,0.14113200152166236,1.805999994277954,2.2125999450683587,-0.015590725466609001,-0.046253737062215805,0.032917376810962365,0.3162510395050049,-287.74410588217864,-287.8726371469106,-4.988641004446495,-0.035591879593141584,0.3175835530397535,False
97,1787908606.3138328,6266.19933197,9.69865870475769,24000,24000,4244,731,1.939471958436979,0.1356841550515712,1.7994999885559082,2.1735000610351562,-0.016391495242714882,-0.04649537801742554,0.03442128226688161,0.19573280215263367,-290.5599974816151,-290.8641831115354,-4.978139561997694,0.1411634236119994,0.4634488075034824,False
98,1787908606.4156675,6266.29996183,9.800493478775024,24000,24000,4274,687,1.9363959241642181,0.11173162929586697,1.8153000354766846,2.0914999723434446,-0.015747252851724625,-0.04465280473232269,0.03480637262906053,0.28029531240463257,-293.84071427639833,-293.8303751731161,-4.958918472447854,-0.08431764795176377,0.014032126232223163,False
99,1787908606.514724,6266.39981427,9.899549961090088,24000,24000,4422,696,1.931294540050386,0.12039818263844437,1.8015000224113464,2.101750075817108,-0.015291082672774792,-0.041646797209978104,0.035674950828204,0.276494562625885,-296.65565894190297,-296.8379728724375,-4.9529202708798765,0.07261940676943368,0.11798407786085363,False
100,1787908606.6142266,6266.49965431,9.99905252456665,24000,24000,4300,681,1.9395418503210933,0.12844040130602075,1.7910000085830688,2.1570000648498535,-0.015393179841339588,-0.044317759573459625,0.03664929344342139,0.20375584065914154,-299.59116693014766,-299.7853114569675,-4.94759165859223,0.12237641684214395,0.14933176785507385,False
101,1787908606.713858,6266.59949797,10.098683834075928,24000,24000,4342,671,1.9481341286316713,0.12654747345719153,1.8065000176429749,2.1740000247955322,-0.016537224873900414,-0.04491583630442619,0.03613990643535361,0.2277534008026123,-303.00840139077576,-302.7287611967339,-4.97029382178954,-0.30573042111291215,-0.578588409010365,False
102,1787908606.8143654,6266.69934047,10.199191331863403,24000,24000,4332,648,1.9404243832385097,0.1169897564602478,1.8053499639034272,2.1183000087738035,-0.017037522047758102,-0.04514572396874428,0.03774123426911652,0.22743888199329376,-306.32206329291137,-305.72414414514327,-4.979653190650508,-0.6039773959327022,-1.130384065382657,False
103,1787908606.9153194,6266.79997567,10.300145387649536,24000,24000,4613,691,1.951949349015563,0.14626742021762446,1.8025000095367432,2.1929999589920044,-0.01871512643992901,-0.04755955934524536,0.0372970968622236,0.21596172451972961,-309.5278701126463,-308.65238647937497,-4.996309775706116,-0.7809717042441662,-1.3568461641198155,False
104,1787908607.0149786,6266.89980917,10.399804592132568,24000,24000,4444,597,1.9386415381727107,0.11593821488279876,1.785599946975708,2.1107999801635735,-0.018678883090615273,-0.04183856397867203,0.03757150216939232,0.22529040277004242,-311.3486964507129,-311.66850055271175,-4.986884888708848,0.388166482306076,0.46154769239302595,False
105,1787908607.114504,6266.99965605,10.499330043792725,24000,24000,4437,604,1.9322301342787331,0.11840281223331231,1.7472999751567841,2.0877000451087953,-0.014585549011826515,-0.044769879430532455,0.037415042627193175,0.2279212474822998,-313.95093584234047,-314.6511177712072,-4.986669282519016,0.7718787777702687,0.8210710986672325,False
106,1787908607.2140932,6267.09949133,10.598919153213501,24000,24000,4479,605,1.9406991751726008,0.12571091278867286,1.7824000120162964,2.111999940872192,-0.01188642531633377,-0.04357171803712845,0.037970875507841846,0.3026116192340851,-317.5189214366152,-317.6636511367706,-4.986682497536512,0.19175472374092806,0.07380213404388769,False
107,1787908607.3138127,6267.19932777,10.698638677597046,24000,24000,4540,589,1.9549117175346724,0.14651790172732154,1.7898000240325929,2.216399955749512,-0.011381628923118114,-0.04528094083070755,0.037519363971106987,0.23236870765686035,-320.4679781529262,-320.62640932121695,-4.994595593624141,0.23447224308739578,0.25179918570393056,False
108,1787908607.4153671,6267.29996975,10.800193071365356,24000,24000,4574,574,1.9399233441734978,0.1134306746582479,1.797299987077713,2.137399983406067,-0.00839234422892332,-0.049307454377412796,0.03822431482156675,0.1583891659975052,-323.2367456757762,-323.6004161011054,-4.9909555474842,0.5125285059712041,0.33455076986825816,False
109,1787908607.5145848,6267.39978665,10.899410724639893,24000,24000,4500,546,1.9546373652451203,0.13685071938363616,1.8200000524520874,2.212500035762787,-0.007451937068253756,-0.047776609659194946,0.03743015092682162,0.20335890352725983,-326.06552865345867,-326.60761175873256,-4.99447059297704,0.6604626819672035,0.763974295090577,False
110,1787908607.6143594,6267.49962531,10.99918532371521,24000,24000,4486,520,1.952078847701733,0.12026265088795497,1.8229499578475952,2.1870500326156614,-0.005623914767056704,-0.04827596992254257,0.037316633698647586,0.15711088478565216,-329.9026886895523,-329.5776571002045,-4.988415926491638,-0.1832707736056136,0.0588648808840162,False
111,1787908607.7139237,6267.59947511,11.09874963760376,24000,24000,4522,539,1.9578664227628972,0.12733306073143622,1.8300000429153442,2.1764001131057737,-0.0070786490105092525,-0.050093259662389755,0.03759632170909519,0.1304635852575302,-332.85817818322533,-332.57426178596404,-5.007402009170873,-0.15164263987219329,-0.10145574427230031,False
112,1787908607.8146067,6267.69932125,11.199432611465454,24000,24000,4713,522,1.9672931028508591,0.13558419830176496,1.8229999542236328,2.222600042819977,-0.002561914501711726,-0.048804186284542084,0.03649797685543106,0.08767582476139069,-335.8231813814678,-335.59241694321804,-5.025368333778676,-0.09596629686222968,-0.05443838513360788,False
113,1787908607.915281,6267.79996397,11.3001070022583,24000,24000,4519,529,1.9674971637743859,0.1328766377958526,1.8289999961853027,2.226799917221069,-0.0038598552346229553,-0.04980333149433136,0.03660288245290949,0.14792004227638245,-339.16661003541805,-338.6597372827838,-5.024901249641385,-0.41897291785045354,-0.5821175523272473,False
114,1787908608.0154781,6267.89980171,11.400304079055786,24000,24000,4486,501,1.9697744482291673,0.13582005066095426,1.8140000104904175,2.2119998931884766,-0.005823860410600901,-0.04909089580178261,0.03599809430118288,0.0847160667181015,-341.6541770724355,-341.73379311189274,-5.061690617575462,0.09956175594589922,-0.12965573212056825,False
115,1787908608.1149385,6267.99966079,11.499764442443848,24000,24000,4475,538,1.9802379204881235,0.15277049601235154,1.8348500311374665,2.290599966049194,-0.0030222192872315645,-0.05061859264969826,0.035549272812920626,0.08516381680965424,-344.43457556563754,-344.81746732064425,-5.050583330533492,0.3031621786335563,0.15351439468940953,False
116,1787908608.2143145,6268.09950911,11.599140405654907,24000,24000,4652,577,1.96743154215854,0.1334878642412035,1.8289999961853027,2.2295999526977535,-0.004872581921517849,-0.0501483753323555,0.03407244712482909,0.13690559566020966,-347.46529440359893,-347.8453892382328,-5.034925056849529,0.2539100917065298,0.23651124515293986,False
117,1787908608.3137627,6268.19934821,11.698588609695435,24000,24000,4578,555,1.9738450490676605,0.14175070352336255,1.8157000064849853,2.2817000627517694,-0.001959086861461401,-0.051269497722387314,0.034024611159192315,0.07972504198551178,-351.0464845282644,-350.89623966400507,-5.020257228573552,-0.34364592048058284,-0.4350551519189594,False
118,1787908608.417536,6268.29999493,11.802361965179443,24000,24000,4444,554,1.9736967502087892,0.1418968311590559,1.8246500313282012,2.3006999850273133,-0.0036715446040034294,-0.04884821176528931,0.032467507249919446,0.08650980144739151,-353.80279994408346,-353.9236590114274,-4.972658069071251,0.013435495504893424,-0.1919521557459234,False
119,1787908608.5147164,6268.39982939,11.899542331695557,24000,24000,4531,570,1.9646421043496383,0.12421162714962385,1.8224499940872192,2.2199499487876886,-0.003330018138512969,-0.05017898604273796,0.032650299583290965,0.13262157142162323,-356.63999338532756,-356.8364459922002,-4.969567878629684,0.09183675401482105,0.052191846519690444,False
120,1787908608.615542,6268.49967497,12.000367879867554,24000,24000,4727,587,1.9622793877957423,0.12784143949467175,1.8229999542236328,2.2137000083923337,-0.003752007381990552,-0.04773428291082382,0.03216996379776107,0.16224050521850586,-360.0678433770667,-359.74483667730675,-4.981727027350925,-0.31105619764838366,-0.41441404517667024,False
121,1787908608.7147753,6268.59950447,12.09960126876831,24000,24000,4631,608,1.9507072338540303,0.11385048483172598,1.81770002245903,2.1684000134468073,-0.006718333810567856,-0.05043071135878563,0.03153512913074014,0.16012048721313477,-362.6755718509115,-362.7285858318242,-4.987317197225892,0.05840458071759258,-0.10476315705801653,False
122,1787908608.8148859,6268.69933451,12.199711799621582,24000,24000,4554,609,1.9492857158673416,0.10007403623510401,1.8229999542236328,2.138999891281128,-0.006832580082118511,-0.048055123537778854,0.03043704467379961,0.1864202469587326,-365.86502212337655,-365.7267396141433,-4.988177272699182,-0.12754052286157957,0.0025122314793861733,False
123,1787908608.9149413,6268.79997789,12.299767255783081,24000,24000,4567,599,1.953055093005822,0.11679236486613515,1.8128999710083007,2.2184999465942385,-0.0072484309785068035,-0.048483286052942276,0.030186270928791576,0.17390982806682587,-368.77421662458215,-368.7020659352725,-4.986201641870254,-0.03488220004459208,0.21519411942637134,False
124,1787908609.01523,6268.89982973,12.400055885314941,24000,24000,4659,644,1.953844721457973,0.12125974635873454,1.8265999853610992,2.1700000762939453,-0.0021903717424720526,-0.04637795686721802,0.02930209790135945,0.17981722950935364,-372.43722876596826,-371.7353736247975,-4.995674835218464,-0.6890458755195823,-0.48513468782641667,False
125,1787908609.1150098,6268.99966501,12.499835729598999,24000,24000,4724,578,1.95043425803366,0.11329968571601738,1.8244000375270844,2.1869000792503357,-0.008184142410755157,-0.0478333942592144,0.02808688506422054,0.2136373072862625,-374.35204810401905,-374.72512048756187,-4.987584209151334,0.38971873312789285,0.6359727650616378,False
126,1787908609.2146018,6269.09950851,12.599427700042725,24000,24000,4591,614,1.9556270367936126,0.11701147000593211,1.8286499798297882,2.192249989509583,-0.005945690907537937,-0.048191189765930176,0.027565452610375105,0.194745734333992,-377.3069151861422,-377.7251830769409,-4.979029070311308,0.42279902734691177,0.5987341226607441,False
127,1787908609.3139348,6269.19933191,12.698760747909546,24000,24000,4571,615,1.9589430905939118,0.12784317401221304,1.8374000310897827,2.207500052452087,-0.00861441157758236,-0.04928150773048401,0.028282411323370314,0.21874189376831055,-380.12024877724235,-380.64208058983445,-4.9768350081565265,0.5896446458291962,0.94462201559395,False
128,1787908609.4165118,6269.29996733,12.801337718963623,24000,24000,4641,633,1.951503951402637,0.1252162353168092,1.8246000289916993,2.181799983978271,-0.009749820455908775,-0.04717865586280823,0.027534960521182924,0.27606144547462463,-383.0213884849872,-383.6658195408566,-4.994272002560469,0.7660079754134586,1.3086749599819996,False
129,1787908609.514676,6269.39981503,12.899502038955688,24000,24000,4779,691,1.95397539887518,0.12128052778386753,1.8329999446868896,2.1829999685287476,-0.009486173279583454,-0.04604194313287735,0.028455609771318776,0.24192561209201813,-387.1971565244208,-386.6547391820756,-4.993994831166946,-0.46464489997748615,-0.629207528464292,False
130,1787908609.6146092,6269.49965757,12.999435186386108,24000,24000,4562,700,1.9451371458598545,0.09775543418588808,1.835949969291687,2.1527499556541434,-0.011352871544659138,-0.04917009547352791,0.030050201939440052,0.1830413043498993,-390.02160438811774,-389.649411432501,-4.998280555328033,-0.29090943278976056,-0.42961636559431327,False
131,1787908609.7141452,6269.59948961,13.098971128463745,24000,24000,4569,712,1.946258428391446,0.10883045809081966,1.832200014591217,2.1519000649452207,-0.012882503680884838,-0.04732572287321091,0.031336769585970974,0.19343408942222595,-392.77804478250886,-392.67281127270047,-5.009558501699556,-0.0610834077342588,-0.24929259484923705,False
132,1787908609.8264117,6269.69934083,13.211237668991089,24000,24000,4031,604,1.944971853336751,0.10322936882584198,1.8350000381469727,2.1529500484466553,-0.015315619297325611,-0.0453408919274807,0.03164787880715985,0.16321438550949097,-395.57361509529727,-395.7186987527689,-4.999082095386192,0.5115547176187647,0.441048012868805,False
133,1787908609.9139445,6269.79997753,13.298770427703857,24000,24000,4746,750,1.943163999716441,0.10419086735066277,1.82844997048378,2.114399969577789,-0.015774615108966827,-0.04677269607782364,0.03306607707115951,0.13600610196590424,-398.91436466682376,-398.688612155777,-4.999082095386192,-0.20304662554633524,-0.1796450498032982,False
134,1787908610.0153627,6269.89980943,13.400188684463501,24000,24000,4556,715,1.9451986029431536,0.10594831018627841,1.8270000219345093,2.137600040435791,-0.018355855718255043,-0.044625818729400635,0.033211989276236906,0.17191004753112793,-401.602736601187,-401.7009449702463,-5.043452243309347,0.1513208582185257,0.19771213202352556,False
135,1787908610.1146514,6269.99964597,13.49947738647461,24000,24000,4530,688,1.9458953497368237,0.10723985219828551,1.8333499610424042,2.14459992647171,-0.02117394655942917,-0.04317978769540787,0.03391486536166908,0.13709156215190887,-404.77869663394114,-404.7880111326682,-5.044560613198592,-0.04579042445345749,0.14305967940794062,False
136,1787908610.2156217,6270.09947539,13.600447654724121,24000,24000,4515,726,1.952075757106802,0.12995418060470265,1.8202500343322754,2.1865000128746033,-0.017950015142560005,-0.044776611030101776,0.03431618482106172,0.12331876903772354,-407.2496172037884,-407.8194320821873,-5.0327342568115325,0.5125879216712974,0.7340731931406594,False
137,1787908610.3145359,6270.19931537,13.699361801147461,24000,24000,4572,721,1.9488529816745224,0.11748213050826962,1.8279999494552612,2.1679999828338623,-0.016160352155566216,-0.044770240783691406,0.03436978349195411,0.23521749675273895,-411.3479312068271,-410.8331736772613,-5.019150044458662,-0.6181147069570443,-0.8822977786161914,False
138,1787908610.4147484,6270.29995077,13.799574375152588,24000,24000,4541,685,1.9587999992997107,0.12899476369346383,1.832200002670288,2.1928000450134277,-0.020253878086805344,-0.044187650084495544,0.035430598804571695,0.19467680156230927,-413.57736934553026,-413.8215825550174,-5.019150044458662,0.15901381067794773,0.2647453442494907,False
139,1787908610.5154486,6270.39979565,13.900274515151978,24000,24000,4518,687,1.947623000568351,0.1298590554394637,1.8162999987602233,2.190999984741211,-0.021099913865327835,-0.045064978301525116,0.03588984808087474,0.2112046480178833,-416.9207368863539,-416.79360295694505,-4.996386122092725,-0.16315917231253252,-0.21599255068855427,False
140,1787908610.614575,6270.49962117,13.999400854110718,24000,24000,4545,672,1.9556607176505385,0.12253900634145534,1.8279999494552612,2.194000005722046,-0.022513775154948235,-0.04316187649965286,0.03622533705331507,0.23922747373580933,-419.7231697826857,-419.8144623002873,-4.9948497748539085,0.008385482944788691,0.09666521065668121,False
141,1787908610.714137,6270.59947123,14.098963022232056,24000,24000,4635,698,1.9570358170137705,0.1276431210662166,1.8250000476837158,2.226300048828125,-0.020647358149290085,-0.04695577919483185,0.03653896776630457,0.24622566998004913,-422.84180001148627,-422.8147418028964,-5.001736709582536,-0.12319149552183717,-0.11009198375234064,False
142,1787908610.8163877,6270.69931579,14.201213598251343,24000,24000,4600,693,1.9508787887264984,0.12135029102060507,1.8206000089645387,2.1779999732971187,-0.022681796923279762,-0.04635844752192497,0.035954719400932506,0.22375734150409698,-425.09712804515874,-425.81234279974626,-5.009644874890906,0.6891910400923962,0.6962607640329566,False
143,1787908610.91532,6270.79994265,14.300145864486694,24000,24000,4503,621,1.9564283437391026,0.131035754723868,1.8270000219345093,2.186000108718872,-0.024060474708676338,-0.04990818351507187,0.03427055378593166,0.2888321876525879,-429.3884501130587,-428.85248409950145,-5.0029413795498625,-0.6339760247841468,-0.7431134002516728,False
144,1787908611.0157225,6270.89979399,14.400548458099365,24000,24000,4471,615,1.9523252029729083,0.12567342368259993,1.8289999961853027,2.2030000448226925,-0.023557500913739204,-0.05039351433515549,0.03506018628040143,0.28953468799591064,-431.98813792122877,-431.8429175316964,-4.973135857172968,-0.2213962291875191,-0.3446229548509905,False
145,1787908611.1150563,6270.99963851,14.499882221221924,24000,24000,4426,606,1.953438941401617,0.13979090020037443,1.8192500174045563,2.2167499661445618,-0.02661876194179058,-0.04764442890882492,0.034783897962768456,0.2734892666339874,-434.91237991934565,-434.8308009887234,-4.966012121371743,-0.16543755869776078,-0.3368715920009322,False
146,1787908611.2146208,6271.09950123,14.599446773529053,24000,24000,4555,596,1.9511627510890064,0.1305703782907991,1.823749989271164,2.1867499351501465,-0.02416840009391308,-0.04945075884461403,0.034518129826682946,0.2656613290309906,-437.7385925434882,-437.78053400872744,-4.9755737755729825,-0.00452540242571331,-0.09226677733971655,False
147,1787908611.3144064,6271.19932183,14.699232339859009,24000,24000,4354,579,1.9476027643124674,0.14124701997348615,1.82079998254776,2.229300093650818,-0.02555161900818348,-0.05012720078229904,0.03414981278769029,0.2712908983230591,-440.7686562084326,-440.68086504660016,-4.973795951648605,-0.04083344847833814,0.15502134646567356,False
148,1787908611.41617,6271.29995591,14.800995826721191,24000,24000,4271,570,1.9403000020144279,0.12784976093361472,1.81934996843338,2.1517499923706054,-0.026044299826025963,-0.05005034804344177,0.0334830233264622,0.23495738208293915,-443.67093456182795,-443.67368736199126,-4.992724259285499,0.10998517193405632,0.7082693803949951,False
149,1787908611.5148537,6271.39978739,14.89967966079712,24000,24000,4287,537,1.9393947837073044,0.1319711791275463,1.8095999479293823,2.167200040817261,-0.026273157447576523,-0.04566769301891327,0.03392639845372708,0.25966888666152954,-446.3481044345407,-446.6739313785472,-4.986542449818555,0.393516867839935,0.5616647398601913,False
150,1787908611.6145113,6271.49963481,14.999337196350098,24000,24000,4430,629,1.9460508726738595,0.13051390548118244,1.8254000186920165,2.1688000679016115,-0.020609505474567413,-0.04940888658165932,0.03397442823676133,0.2373562455177307,-449.6376842291996,-449.6591982618298,-4.98954437221559,0.09385152674138908,0.4149363450410988,False
151,1787908611.7142718,6271.59947525,15.099097728729248,24000,24000,4288,579,1.9401675302129953,0.1303597938023103,1.8170000314712524,2.137600064277649,-0.025150252506136894,-0.04289068281650543,0.032930513335948736,0.22889858484268188,-452.9205033900469,-452.64402955862346,-5.000041287137468,-0.19596308106110882,0.07012653368531119,False
152,1787908611.8156993,6271.69930949,15.200525283813477,24000,24000,4235,616,1.9410941577576972,0.13521051634127476,1.815000057220459,2.1952499747276306,-0.023257941007614136,-0.042768269777297974,0.03203459842430265,0.2625844180583954,-455.8450991727885,-455.6886713786081,-5.004449446345206,-0.07754047835999245,-0.21604654951892144,False
153,1787908611.9157455,6271.79994923,15.30057144165039,24000,24000,4218,626,1.9370031937623557,0.1219138863286593,1.8095000088214874,2.1637500524520874,-0.02617635577917099,-0.03992290049791336,0.03239483568061379,0.1662205457687378,-457.824161484589,-458.5908526912103,-5.000680115247037,0.9449710665474527,1.3752269594377822,False
154,1787908612.0159526,6271.89977821,15.400778532028198,24000,24000,4374,673,1.9391693914804558,0.1253179821928942,1.8182000160217284,2.1980000019073485,-0.02246975339949131,-0.034259699285030365,0.031512231276369936,0.2863317131996155,-461.6247886534385,-461.6421266216889,-5.001737739045431,0.15074603485055604,0.49776519808818875,False
155,1787908612.1141942,6271.99961479,15.499020099639893,24000,24000,4392,703,1.9435761032538597,0.12993757937027323,1.8102999448776245,2.1805999279022212,-0.01910860277712345,-0.03842892870306969,0.03079853859835182,0.33508923649787903,-464.2466327649076,-464.64706377464273,-5.007990025616157,0.47633466203751595,0.7590362167936178,False
156,1787908612.2143645,6272.09945875,15.599190473556519,24000,24000,4275,710,1.9378281685667977,0.11672458138912213,1.804449987411499,2.154550004005432,-0.018833128735423088,-0.0382620170712471,0.03073653859560211,0.30176180601119995,-467.88958711699206,-467.7108958453504,-5.01493005361893,-0.16131911613655348,0.38403064417377664,False
157,1787908612.3142054,6272.19929877,15.699031352996826,24000,24000,4208,694,1.9330734875085374,0.12148759331382099,1.8063000082969665,2.0985000252723696,-0.01966143399477005,-0.03491859510540962,0.02936252153805666,0.35970887541770935,-471.09221802055015,-470.7032845881514,-5.009373262578771,-0.3685349029315148,-0.2358643362721864,False
158,1787908612.4159343,6272.29992859,15.800760269165039,24000,24000,4294,709,1.9408956270123738,0.13837058585337023,1.7987999677658082,2.154000043869019,-0.017266690731048584,-0.035298217087984085,0.02887002781691749,0.367740660905838,-474.1334805196213,-473.6966223532457,-5.023203006619437,-0.35773761436445284,-0.6574143622470956,False
159,1787908612.5148523,6272.39976307,15.899678230285645,24000,24000,4275,747,1.931840694892199,0.12980060858298453,1.7869999408721924,2.117799997329711,-0.018581340089440346,-0.03884638100862503,0.029742207304839344,0.26850560307502747,-476.39239293156527,-476.7266668065108,-5.025552129114421,0.3510757962309867,0.4517953624645088,False
160,1787908612.6146235,6272.49960953,15.999449491500854,24000,24000,4171,714,1.9422689076899147,0.13613008404203408,1.8040000200271606,2.154249966144562,-0.014996067620813847,-0.03512921184301376,0.02741536146367754,0.35734426975250244,-479.93252827620324,-479.72579700376133,-5.018472595228574,-0.1957331099991393,-0.3128678288491642,False
161,1787908612.7146986,6272.59944779,16.09952449798584,24000,24000,4145,704,1.9380795469676906,0.1370257058729864,1.7899999618530273,2.156949996948242,-0.01511476095765829,-0.034513916820287704,0.02875309870917644,0.30196645855903625,-482.88125622657634,-482.7286222985148,-5.030321583228038,-0.14202168968824935,-0.1547292296590399,False
162,1787908612.815904,6272.69928819,16.200729846954346,24000,24000,4154,744,1.9388991932394684,0.12473953916981069,1.7960000038146973,2.108699989318848,-0.014235950075089931,-0.037888530641794205,0.02791367581976352,0.3048572540283203,-485.1005610115466,-485.752331686804,-5.043757890387288,0.675025307266651,0.6155439832340903,False
163,1787908612.9146442,6272.79994063,16.29947018623352,24000,24000,4261,715,1.945113288939416,0.12767912137829254,1.7990000247955322,2.1628999233245843,-0.013753325678408146,-0.035683296620845795,0.02854053540214133,0.270248144865036,-489.18168593168684,-488.82069854254877,-5.035757367568606,-0.44370278134340424,-1.2795380006929236,False
164,1787908613.0154696,6272.89977385,16.40029549598694,24000,24000,4126,759,1.9497694336221467,0.13459550612181964,1.801900041103363,2.1500999450683596,-0.012741157785058022,-0.03925180435180664,0.028403703009747806,0.2279830276966095,-491.47658467969165,-491.7567982178737,-5.026861719539288,0.2863483577196462,0.7304109583291734,False
165,1787908613.1139922,6272.99962367,16.498818159103394,24000,24000,4131,726,1.9384876039730945,0.1163120465913458,1.8037499785423279,2.0857499837875366,-0.012669127434492111,-0.03721216320991516,0.028237840445391304,0.2326422482728958,-494.95042673091547,-494.78995903422674,-5.025742645689015,-0.23162755833823212,0.4667140489333974,False
166,1787908613.2150714,6273.09946851,16.599897384643555,24000,24000,4149,730,1.9484205466427216,0.12943915089754884,1.8108999848365783,2.211299967765808,-0.014356269501149654,-0.03520778939127922,0.028797118419902235,0.1560698002576828,-497.1129877745807,-497.80356241033195,-4.994428957472766,0.6383792386547498,1.0609845216431495,False
167,1787908613.3139918,6273.19931947,16.69881772994995,24000,24000,4335,764,1.9425680620195978,0.11947895894236571,1.8081499755382537,2.1053999543190005,-0.013058239594101906,-0.03571583330631256,0.029152941033985986,0.1086491271853447,-500.9349454679178,-500.8035596661186,-4.994428957472766,-0.2157811020622944,-0.16266250971079899,False
168,1787908613.415109,6273.29995245,16.79993486404419,24000,24000,4198,740,1.948366214939066,0.12213351701757832,1.809999942779541,2.132999897003174,-0.00904757808893919,-0.03714940324425697,0.0299599096993094,0.12396423518657684,-504.17742387523083,-503.8445228618165,-5.001813297553044,-0.4245543404346108,-0.6099563017224909,False
169,1787908613.515348,6273.39981635,16.900173902511597,24000,24000,4217,730,1.9431767127285264,0.1210935788358113,1.8240000009536743,2.118649983406067,-0.009217971935868263,-0.0358833484351635,0.029914501075123598,0.11990813910961151,-506.71743324753055,-506.90498731916,-4.974585787901235,0.042796927499068715,-0.31053308337931185,False
170,1787908613.6147456,6273.49966253,16.999571561813354,24000,24000,4234,745,1.9412979900436913,0.11125722138569222,1.8154000520706177,2.0677999496459956,-0.00818584207445383,-0.03976462408900261,0.030526111907587687,0.17934869229793549,-509.7585990638967,-509.86860787901645,-4.974175244936566,-0.016251214098758737,-0.19044928083570767,False
171,1787908613.713859,6273.59948749,17.098685026168823,24000,24000,4353,699,1.94577968188792,0.12122368119471066,1.8079999685287476,2.109299969673157,-0.00624441122636199,-0.038100987672805786,0.030901231309907833,0.2138361781835556,-512.9721357990176,-512.8072466477246,-4.974175244936566,-0.2561966600659389,-0.691902271132335,False
172,1787908613.8149538,6273.69931627,17.199779748916626,24000,24000,4319,720,1.9525222231944401,0.12484816570871321,1.8229999542236328,2.1771000385284425,-0.0074127474799752235,-0.0379929281771183,0.03129444435327216,0.21821953356266022,-516.1566412249715,-515.7723642997311,-4.996970216164986,-0.4076692998374938,-0.41600210280557803,False
173,1787908613.9141219,6273.79995567,17.29894781112671,24000,24000,4229,721,1.9373411930549822,0.11099358326614259,1.8179999589920044,2.0889999866485596,-0.006123705301433802,-0.0430043563246727,0.032769899402406814,0.22916404902935028,-518.6108267683899,-518.7391769820313,-4.995987796085225,0.1133744847448952,0.6891514716537586,False
174,1787908614.0151014,6273.89979401,17.399927377700806,24000,24000,4228,711,1.9417552751830862,0.10630972114792143,1.8199999928474426,2.087499976158142,-0.002685779007151723,-0.04054825007915497,0.03235782487902712,0.2630713880062103,-522.3361235583707,-521.754293429374,-5.001901550068228,-0.5823444219493012,-0.006603389686461014,False
175,1787908614.1140187,6273.99964627,17.498844623565674,24000,24000,4335,715,1.9499454539972585,0.11464606119558485,1.826700007915497,2.1721999406814563,-0.0022020014002919197,-0.040191806852817535,0.03295411678853057,0.2617434561252594,-524.6291083611335,-524.7244295149159,-5.00444619685632,0.09237513880316328,0.4640785487958965,False
176,1787908614.214628,6274.09948285,17.599453926086426,24000,24000,4468,764,1.944229059038362,0.10619744277614368,1.8240000009536743,2.119999885559082,-0.0019401696044951677,-0.04450058192014694,0.033140112288296025,0.2245139628648758,-527.1629012120142,-527.7352894026131,-5.010045838357812,0.5770515496824373,0.9023992531856493,False
177,1787908614.3143315,6274.19931777,17.69915747642517,24000,24000,4256,730,1.949757531734362,0.11918696626724727,1.8270000219345093,2.188299965858459,-0.0018689174903556705,-0.043805282562971115,0.033838578764872,0.27579838037490845,-530.7247673688706,-530.6803120338859,-5.007624043594885,0.006480376943045485,0.09531074729841293,False
178,1787908614.415278,6274.29994905,17.800103902816772,24000,24000,4232,732,1.9468702221177314,0.11067121033429067,1.830099982023239,2.1263500094413756,-0.0029075283091515303,-0.046542584896087646,0.034472718821014735,0.24004407227039337,-533.3491431566288,-533.7005663477569,-5.015309746635073,0.41068820435032194,0.614173260233315,False
179,1787908614.5149744,6274.39979831,17.899800300598145,24000,24000,4324,725,1.948649658827946,0.11043468282059987,1.8320000171661377,2.1132000446319577,5.8057389651366975e-06,-0.047648608684539795,0.03382569532682353,0.27667301893234253,-536.0342746309524,-536.7721896039122,-5.015309746635073,0.716637123901819,0.8951254842296521,False
180,1787908614.614454,6274.49964021,17.999279975891113,24000,24000,4487,733,1.9530095484864989,0.11192673376210874,1.8377999782562255,2.149999904632568,-0.0015648620901629329,-0.042059727013111115,0.034304836822670326,0.26820212602615356,-539.4342285838358,-539.7695764406975,-4.9992429862360055,0.30126148056149304,0.20873780700617317,False
181,1787908614.71407,6274.59949255,18.098896026611328,24000,24000,4277,686,1.951367348519428,0.11953051805094364,1.8202500343322754,2.177749991416931,-0.0011235562851652503,-0.046625517308712006,0.03379199807029825,0.24896694719791412,-543.4046735186918,-542.7783464635414,-5.004461471799121,-0.6805136241376886,-0.7953425706003827,False
182,1787908614.8152509,6274.69932721,18.200076818466187,24000,24000,4274,684,1.9520804092549442,0.11070757615618945,1.8309999704360962,2.184999942779541,0.000290961645077914,-0.04964032024145126,0.03391591847076402,0.1863546073436737,-546.3999303422738,-545.8066881435371,-5.001749219961864,-0.6401554256253803,-0.8992772605325854,False
183,1787908614.915363,6274.79995799,18.30018901824951,24000,24000,4248,661,1.9559924384288816,0.11496789220656117,1.8329999446868896,2.191999912261963,-0.0009331251494586468,-0.04918147251009941,0.03408514774486717,0.21675918996334076,-548.5965010418712,-548.8341929297347,-4.998806909369383,0.16682911471946227,0.07583797160452832,False
184,1787908615.0154703,6274.89980877,18.400296211242676,24000,24000,4493,731,1.9551737341117599,0.11640001065511262,1.831499993801117,2.140500068664551,-0.006951690185815096,-0.05153485760092735,0.033705639324475345,0.22240044176578522,-551.9626259127376,-551.8331954916,-5.0113860941628685,-0.19589072937401397,-0.5512906408888512,False
185,1787908615.114481,6274.99965993,18.49930691719055,24000,24000,4280,651,1.9522980043232532,0.11382823787417845,1.8289999961853027,2.1230000257492065,-0.00472106272354722,-0.0493827722966671,0.03357418329056809,0.16134099662303925,-555.0159411271651,-554.8670487736225,-5.018353655977073,-0.2786976011243496,-0.48579392854173875,False
186,1787908615.2150772,6275.09949173,18.599903106689453,24000,24000,4243,647,1.9609799101326897,0.12065242731049979,1.8329999446868896,2.2116999149322507,-0.004239166155457497,-0.050142183899879456,0.03297918643600724,0.22106590867042542,-558.0071991236235,-557.8612248875681,-5.014251085475885,-0.25187975126641504,-0.7380938437232771,False
187,1787908615.3142474,6275.19933533,18.699073314666748,24000,24000,4237,657,1.9564840162181418,0.11856801759213322,1.8250000476837158,2.151599931716918,-0.003090228419750929,-0.05286682769656181,0.03273543087243356,0.2648630440235138,-561.0705302264529,-560.8354187867847,-5.014251085475885,-0.3399171490224262,-0.3849105502746397,False
188,1787908615.4142299,6275.29996809,18.799055814743042,24000,24000,4443,715,1.9583888133922658,0.1194388269739126,1.8220000267028809,2.1580999612808225,-0.0035449715796858072,-0.0547407865524292,0.03183477558801411,0.17556321620941162,-563.7572931521036,-563.8769186780247,-5.015479000853678,-0.027016071118737273,-0.32509695175963316,False
189,1787908615.5150075,6275.39980475,18.89983344078064,24000,24000,4386,675,1.9553792582617866,0.12405352427664101,1.8240000009536743,2.173900079727172,-0.007093280553817749,-0.04916412755846977,0.032503799597943674,0.2850210666656494,-566.2583954217813,-566.8474399966744,-4.975181986269241,0.4954009446581722,0.1671634717552024,False
190,1787908615.6144214,6275.49965695,18.999247312545776,24000,24000,4318,702,1.9521552725055618,0.1179894118413509,1.8090500116348267,2.1528501152992248,-0.0069343410432338715,-0.053435068577528,0.031562020426884115,0.25066933035850525,-569.768922271901,-569.8052046280577,-4.975181986269241,-0.032521826144716215,-0.3748056601226608,False
191,1787908615.7147517,6275.59947351,19.09957766532898,24000,24000,4335,738,1.9498252030310592,0.11574970184028179,1.8118500292301178,2.176199972629547,-0.008240406401455402,-0.05398497357964516,0.030760534834573246,0.22770102322101593,-572.5847135586704,-572.7179216292797,-4.972839405455346,0.1617871294085944,-0.08506510168570003,False
192,1787908615.815238,6275.69931925,19.200063943862915,24000,24000,4319,675,1.9441599992469505,0.11041755400941305,1.8075000166893005,2.136199975013733,-0.0110135143622756,-0.05042301490902901,0.030636630548018053,0.26980292797088623,-575.4545702921255,-575.6960341875426,-4.98508878785408,0.30670870555138663,0.6808767427086195,False
193,1787908615.915056,6275.79995211,19.29988193511963,24000,24000,4416,729,1.9473717404000552,0.11863112377531447,1.8024000167846679,2.173199987411499,-0.007646653335541487,-0.05148719251155853,0.02950467710274861,0.255522221326828,-578.7241292787696,-578.7284333670494,-4.998154586403778,0.03187814689601964,0.5406624680211962,False
194,1787908616.0149791,6275.89980359,19.399805068969727,24000,24000,4304,674,1.9503887247968499,0.12479110816996265,1.7969499707221985,2.1853999972343447,-0.010426122695207596,-0.050866249948740005,0.02877376696729841,0.24226514995098114,-581.6139329514322,-581.6659871631911,-4.993387796762918,0.13995737877939973,0.3886826138110564,False
195,1787908616.114021,6275.99964341,19.498847007751465,24000,24000,4347,655,1.9515450372040726,0.12597257164465248,1.805400002002716,2.1934999227523795,-0.0102324727922678,-0.050559524446725845,0.028316053492518648,0.2556697130203247,-585.0190457043035,-584.7112097781303,-5.016467423609607,-0.2937099873580564,0.2819524829247939,False
196,1787908616.2149427,6276.09947259,19.59976863861084,24000,24000,4413,719,1.9525521539348554,0.132027516828766,1.8068000316619872,2.2194000959396365,-0.007641044445335865,-0.04982246086001396,0.028318229055793794,0.1912149339914322,-588.1582314523564,-587.7353285969191,-5.016970983626117,-0.4050560330845201,-0.15262922056058414,False
197,1787908616.318238,6276.19931811,19.70306396484375,24000,24000,4538,699,1.9458841226984331,0.11192292673538967,1.7936000227928162,2.155299973487854,-0.008943948894739151,-0.046115532517433167,0.027085268841602752,0.2022777795791626,-590.9541589308947,-590.7943282711575,-5.030897843230691,-0.1019284609906208,0.3031006496463533,False
198,1787908616.4158113,6276.29993833,19.800637245178223,24000,24000,4386,727,1.9449422262721738,0.11706385495774531,1.8070000410079956,2.121499943733215,-0.007570627611130476,-0.048508066684007645,0.027742327353590106,0.1778668314218521,-593.3900961485778,-593.8658742597065,-5.024305795050774,0.3895171783732394,0.7317356353697733,False
199,1787908616.514896,6276.39978087,19.89972186088562,24000,24000,4333,715,1.93899160798613,0.11474503344548227,1.8140000104904175,2.12590000629425,-0.006454865913838148,-0.049100808799266815,0.026849249858059414,0.14762701094150543,-596.8048708388452,-596.8927399460808,-5.024305795050774,-0.05253173671667355,0.16508932235183238,False
200,1787908616.6147494,6276.49962331,19.99957537651062,24000,24000,4302,710,1.9504985943646498,0.12185845711303928,1.8189000010490417,2.1806000709533686,-0.008829345926642418,-0.0486065074801445,0.025668445606410094,0.16371342539787292,-599.2735715271021,-599.8663544752395,-5.018955448268373,0.474561801217078,0.7476306029409443,False
201,1787908616.7139995,6276.59946595,20.098825454711914,24000,24000,4337,740,1.9404243242096257,0.1194745452334092,1.8200000524520874,2.128300023078918,-0.011574470438063145,-0.05209625884890556,0.026515031957119312,0.18260318040847778,-602.9400991540041,-602.8918152449912,-5.018955448268373,-0.21427586290940326,-0.12878679606888,False
202,1787908616.8148186,6276.69932387,20.199644565582275,24000,24000,4353,717,1.9356666686977135,0.12311379863012001,1.7968000411987304,2.13919997215271,-0.011704624630510807,-0.04783676564693451,0.02538312814714904,0.12434833496809006,-606.1769873747518,-605.8932034543967,-5.012461934620337,-0.4264001747990278,-0.4217188587805367,False
203,1787908616.9151783,6276.79996107,20.300004243850708,24000,24000,4164,707,1.9364059431718128,0.1117270205358162,1.8220000267028809,2.152500009536743,-0.01667165756225586,-0.04721996933221817,0.02594183979215638,0.14590506255626678,-608.7932741842159,-608.8761982659913,-4.995445357116984,-0.031706921948284617,-0.19818096433880328,False
204,1787908617.0152307,6276.89979399,20.40005660057068,24000,24000,4176,749,1.9276128181309822,0.10671113811247762,1.8093999862670898,2.092199993133545,-0.014559956267476082,-0.049841735512018204,0.02672074200693344,0.1333126425743103,-612.585210554668,-611.853782532665,-4.9886583101297335,-0.821883457482727,-1.1013127458641065,False
205,1787908617.114119,6276.99963737,20.498944997787476,24000,24000,4293,747,1.925637214857252,0.09611075288415,1.8140000104904175,2.071199941635131,-0.017649797722697258,-0.04793728515505791,0.02666421452110467,0.17830252647399902,-614.5772180016208,-614.8369006778055,-5.0009453663862375,0.15294794510373322,0.06718863973139833,False
206,1787908617.2151794,6277.09947791,20.600005388259888,24000,24000,4326,770,1.9306636356688165,0.11240746761199377,1.819000005722046,2.104199969768524,-0.014668566174805164,-0.04773835837841034,0.026636846522367953,0.15540285408496857,-617.9963478838446,-617.8451400819082,-5.013265985934513,-0.23417918409904814,-0.01791350870473707,False
207,1787908617.314194,6277.19931453,20.69901990890503,24000,24000,4165,755,1.9357390736901996,0.12038066306661639,1.815000057220459,2.1435999155044554,-0.015659254044294357,-0.05004488304257393,0.02669719113762439,0.14810669422149658,-620.6050556969309,-620.8711426706298,-5.013265985934513,0.12773579362090004,0.13081677305979156,False
208,1787908617.4156315,6277.29996935,20.80045747756958,24000,24000,4134,707,1.9251937798765795,0.10607826424131435,1.8042999982833863,2.0786000490188594,-0.017622798681259155,-0.04865593463182449,0.02671913467372106,0.21227982640266418,-623.507514287627,-623.8911625184023,-5.01825563445002,0.26859601470619054,0.8109880831876808,False
209,1787908617.5149355,6277.39980995,20.89976143836975,24000,24000,4277,710,1.9379239445001306,0.11890430420187674,1.8179999589920044,2.174650108814239,-0.01297029573470354,-0.04962197318673134,0.027845455042405414,0.18654626607894897,-626.8378177914037,-626.9239248986057,-4.990585756263325,-0.08240094647214846,0.054905277875832326,False
210,1787908617.614704,6277.49963279,20.99952983856201,24000,24000,4363,822,1.9261569344504326,0.10786431369764761,1.815999984741211,2.075000047683716,-0.017650296911597252,-0.04752494767308235,0.028911135351232367,0.16260285675525665,-630.0275518987906,-629.9036050682201,-4.990585756263325,-0.2788944515480125,0.22760876364327487,False
211,1787908617.714142,6277.59947459,21.098968029022217,24000,24000,4129,716,1.9331326830986493,0.11335008257679276,1.8117500245571136,2.131500005722046,-0.015416101552546024,-0.046343445777893066,0.028660502943753417,0.2607402801513672,-632.7316398022483,-632.8651439733275,-4.980069468514858,0.00035133113385654724,0.567619876163235,False
212,1787908617.8207614,6277.69931347,21.20558738708496,24000,24000,3990,694,1.9322334277183246,0.11197994038058627,1.8116500198841095,2.0754499435424805,-0.01653614081442356,-0.046818625181913376,0.029928910161336003,0.2238832414150238,-635.8064643747663,-635.8620976880584,-4.974285939742718,0.1243090477048554,0.4191250887372462,False
213,1787908617.915107,6277.79994365,21.299932956695557,24000,24000,4257,759,1.936960473519226,0.1304801605096335,1.8048999547958373,2.12309992313385,-0.013112119399011135,-0.04946834594011307,0.031267713404834856,0.1887350082397461,-638.7868249832767,-638.8659392405949,-4.971625090525648,-0.02550612695677046,0.28262577919201703,False
214,1787908618.0153596,6277.89977981,21.400185585021973,24000,24000,4350,786,1.941834605983802,0.14129020501654327,1.809999942779541,2.2332499623298645,-0.016210753470659256,-0.047166235744953156,0.0317653858335608,0.2705252766609192,-642.0686683338026,-641.8356375406065,-4.981780674448966,-0.299581115789465,-0.5999148066795215,False
215,1787908618.1141684,6277.99961271,21.49899435043335,24000,24000,4159,699,1.946440631398486,0.139341220247007,1.8119000315666198,2.1812999963760378,-0.014690672047436237,-0.04632854461669922,0.032529762333214515,0.2618980407714844,-644.8602216086015,-644.8371244328972,-4.974779181312642,-0.12668464574312566,-0.1683277088388877,False
216,1787908618.2142508,6278.09945155,21.599076747894287,24000,24000,4185,673,1.9437474019460126,0.13358292529916133,1.809999942779541,2.2133999824523922,-0.015850871801376343,-0.04370572045445442,0.033893918903418106,0.16674716770648956,-647.9230444864036,-647.8509806193446,-4.973534950516513,-0.18684640961123478,-0.17292055654411342,False
217,1787908618.3144405,6278.19928571,21.69926643371582,24000,24000,4125,674,1.9329732948311713,0.11605346744265763,1.8083000242710114,2.084749984741211,-0.015340753830969334,-0.044791631400585175,0.03410824961284114,0.20923256874084473,-650.9812226243586,-650.8372547983078,-4.972393168658873,-0.23914458000240302,-0.4935835445074872,False
218,1787908618.4160764,6278.29992577,21.800902366638184,24000,24000,4405,701,1.9465520671022771,0.13359542907255414,1.809999942779541,2.191999912261963,-0.01509950216859579,-0.042818885296583176,0.034963951708716925,0.2227921336889267,-654.041697839724,-653.769046082564,-4.975499179919904,-0.250349680875388,-0.4083780381364477,False
219,1787908618.5148516,6278.39977007,21.899677515029907,24000,24000,4282,688,1.9369825576973516,0.12166513424936543,1.8027000367641448,2.1122999668121336,-0.015112919732928276,-0.04594653472304344,0.034652621016201854,0.24294860661029816,-656.0928687890441,-656.7065896613526,-4.983988207620294,0.6619205405122557,0.40600496313743406,False
220,1787908618.6147208,6278.49961939,21.999546766281128,24000,24000,4263,657,1.942934551195467,0.1256926218102156,1.8023999691009522,2.146399927139282,-0.016850844025611877,-0.04473741352558136,0.03558293843827253,0.2609708905220032,-659.989862325858,-659.7100787028157,-4.98896647436426,-0.2388066715785726,-0.5133780855341001,False
221,1787908618.714214,6278.59946115,22.099040031433105,24000,24000,4301,663,1.9351342407646581,0.11193151065632363,1.79509996175766,2.092799949645996,-0.017423324286937714,-0.04570426791906357,0.036911022645366096,0.25218674540519714,-662.5294580284906,-662.6595636302119,-4.976978640290604,0.20658365679162216,1.1784904997214198,False
222,1787908618.815348,6278.69930687,22.20017385482788,24000,24000,4453,677,1.9444593818008107,0.1197116666129269,1.8034000158309937,2.131600093841552,-0.018101640045642853,-0.046099111437797546,0.03658712321667827,0.31884893774986267,-665.4204248441557,-665.6236760689337,-4.995513398252073,0.3498227206317779,0.8401727945112043,False
223,1787908618.9143877,6278.79993155,22.299213647842407,24000,24000,4495,658,1.9476641351328794,0.13182491665830517,1.7908500015735627,2.1624499440193174,-0.01772080361843109,-0.044555578380823135,0.037350836094653395,0.2620597779750824,-668.5009658718755,-668.6527757342263,-4.992510179188216,0.24066270257321776,0.6542045060652981,False
224,1787908619.0153437,6278.89975397,22.400169610977173,24000,24000,4449,655,1.9385755744599205,0.12729391589837882,1.7901000022888183,2.1418000459671016,-0.015185575932264328,-0.04686304181814194,0.037710434594944824,0.2655241787433624,-671.5482811798595,-671.6496052399907,-4.991437642485122,0.22221713007729704,0.6761434845450367,False
225,1787908619.1142035,6278.99959939,22.499029397964478,24000,24000,4480,617,1.9442512175638826,0.12721692483317146,1.7784000396728517,2.146399927139282,-0.014372650533914566,-0.04570785537362099,0.038022731524922034,0.2707504332065582,-675.1214556571484,-674.6821002763919,-5.002359076198002,-0.384976858640357,-0.3267544146539194,False
226,1787908619.2141902,6279.09943655,22.599016189575195,24000,24000,4485,593,1.9374030346010025,0.12845858930242743,1.7595999717712403,2.1736000061035154,-0.010975204408168793,-0.042149484157562256,0.03798609738939429,0.2323383390903473,-677.0022174915157,-677.6820493159635,-4.996102141299948,0.734054064691918,0.6175170998922113,False
227,1787908619.3140905,6279.19966809,22.6989164352417,24000,24000,4718,603,1.9466849091041147,0.13210224941418403,1.7906999707221984,2.175800108909607,-0.009952627122402191,-0.04712175950407982,0.038827166467858075,0.22496944665908813,-680.6285208667794,-680.6751371566936,-5.003480348726257,0.10494690519988126,-0.4576868223927022,False
228,1787908619.414589,6279.29949605,22.79941487312317,24000,24000,4494,533,1.9388292683445714,0.11553438567975123,1.7881999969482423,2.1708000183105467,-0.009518430568277836,-0.043881867080926895,0.038930168925836464,0.1892595738172531,-684.0914446229701,-683.701867809873,-5.025221287812514,-0.34283373798166394,-0.8154713043703623,False
229,1787908619.5143056,6279.39933389,22.899131536483765,24000,24000,4457,512,1.9498300801496953,0.12486208584252016,1.815000057220459,2.1454499483108522,-0.006505472585558891,-0.04746539145708084,0.038546417971529495,0.17339855432510376,-686.9664923338511,-686.7540955956466,-5.037697956766008,-0.22619304930185535,-0.6548330253303902,False
230,1787908619.615678,6279.49996959,23.00050401687622,24000,24000,4537,507,1.9557021682314149,0.1158641732363764,1.8306000351905822,2.1573999643325807,-0.005502606742084026,-0.048406243324279785,0.03739924171602233,0.0970088317990303,-689.2918480907339,-689.7867532790925,-5.019176205067179,0.48981723439476355,0.3489416043427127,False
231,1787908619.7150285,6279.59979923,23.099854469299316,24000,24000,4650,511,1.9644129159632495,0.1274688557708943,1.8389999866485596,2.2265000343322754,-0.00028977455804124475,-0.05081872642040253,0.03645200149928736,0.05271316319704056,-693.3565753167668,-692.8110409636956,-5.017676739472564,-0.5942086124669004,-1.0603168928079185,False
232,1787908619.8157654,6279.69965201,23.200591325759888,24000,24000,4492,534,1.9678127328108312,0.11825359194848314,1.8359999656677246,2.2250499844551084,-0.0022507209796458483,-0.052174992859363556,0.036306451290103306,0.06069084629416466,-696.1607511478785,-695.8275781366359,-5.012631751501463,-0.3760883225032785,-0.7765601360102892,False
233,1787908619.914291,6279.79951191,23.299116849899292,24000,24000,4474,495,1.9835636358068447,0.16076379116801084,1.8226999759674072,2.3375999212265013,-0.006303144618868828,-0.049439240247011185,0.03642744631584692,0.10000596940517426,-698.3353920690461,-698.8611978858575,-5.012631751501463,0.4052227275918767,0.12847315481076294,False
234,1787908620.0147347,6279.89935963,23.399560689926147,24000,24000,4525,543,1.9766666636721644,0.1424586443779291,1.836199975013733,2.2822999954223633,-0.0031634517945349216,-0.048665646463632584,0.03607259527700146,0.06839650124311447,-701.6640849779643,-701.8139222577252,-4.992180726769515,0.09003489283577437,-0.15665362319248288,False
235,1787908620.1144807,6279.99999831,23.499306678771973,24000,24000,4728,581,1.9722598988094757,0.14175725817761803,1.8220000267028809,2.249000072479248,-0.005416458938270807,-0.050917983055114746,0.03518817317862498,0.15532317757606506,-704.4610350796538,-704.8270198487638,-5.008250923975134,0.2856530106990931,0.1612423586133218,False
236,1787908620.2151756,6280.09982281,23.600001573562622,24000,24000,4545,533,1.973088178804623,0.15169350188183683,1.8270000219345093,2.2794000148773192,-0.0057271490804851055,-0.04903596639633179,0.035131417183247575,0.11400702595710754,-707.7707842845198,-707.8857583377934,-4.975705429279701,-0.003059002511122344,-0.13003984578517702,False
237,1787908620.314454,6280.19966361,23.69928002357483,24000,24000,4506,548,1.9694470767557186,0.13557945884010325,1.8333499610424042,2.282550096511841,-0.005088201258331537,-0.0494895875453949,0.0333358624023887,0.1624835878610611,-711.126333179384,-710.8047222853069,-4.95601954017743,-0.38006672664005237,-0.6392647076108915,False
238,1787908620.4144404,6280.29950975,23.79926633834839,24000,24000,4480,545,1.9728091764887539,0.14774255105041256,1.8281999588012696,2.270199918746948,-0.005202939733862877,-0.050506342202425,0.033310389433610275,0.13710814714431763,-713.994820264089,-713.7360358773874,-4.95601954017743,-0.2487753596615221,-0.27228113172532176,False
239,1787908620.5142221,6280.39934741,23.89904808998108,24000,24000,4575,563,1.9680195369263103,0.12756729164635666,1.835100030899048,2.208900046348571,-0.006893858779221773,-0.049334488809108734,0.032703072521479276,0.19914987683296204,-716.966906764146,-716.6946301738761,-4.969099366888291,-0.22722068895586744,-0.26385255152047193,False
240,1787908620.614575,6280.49997933,23.999400854110718,24000,24000,4612,579,1.9556753019800663,0.11744866670963586,1.8240000009536743,2.1951999425888062,-0.006057682912796736,-0.04940034821629524,0.031604817660481656,0.20526522397994995,-719.1405113055552,-719.6684468148105,-4.986524497303044,0.6099473947159595,0.7487160939244859,False
241,1787908620.71515,6280.59982673,24.099976062774658,24000,24000,4570,604,1.9585049689210803,0.12060283073696726,1.8250000476837158,2.1852500915527346,-0.007092394400388002,-0.04722048342227936,0.03156691208727955,0.22057481110095978,-723.000144612759,-722.605997046897,-5.002021935516925,-0.23223953088131566,-0.22237295002969404,False
242,1787908620.8156445,6280.69967401,24.200470447540283,24000,24000,4574,613,1.9513931498053023,0.11310938493411178,1.8296000242233277,2.1308000564575194,-0.007367272395640612,-0.04726634547114372,0.031013897165669813,0.182991161942482,-725.7358374651945,-725.6314920159858,-5.009341231154043,0.04708912855528524,0.19005065012436262,False
243,1787908620.9146442,6280.79950637,24.29947018623352,24000,24000,4601,593,1.9535598654369077,0.1228039245719141,1.8225999832153321,2.170199918746948,-0.003432443831115961,-0.04831058159470558,0.030222889642899865,0.22206437587738037,-728.1373520433076,-728.7049826724119,-5.014110173187951,0.6157538547482773,0.8669265759914424,False
244,1787908621.0152743,6280.89933305,24.400100231170654,24000,24000,4787,638,1.9570564283846315,0.12337629799607137,1.8140000104904175,2.2097500920295716,-0.000638203346170485,-0.04837816581130028,0.029528794040547007,0.15117201209068298,-732.1796754930731,-731.6734991980317,-5.005593763586924,-0.4074780215554483,-0.08254960613567164,False
245,1787908621.114542,6280.99996557,24.4993679523468,24000,24000,4584,606,1.9564290446023342,0.11357720826345825,1.836249977350235,2.1567500233650208,-0.004857542924582958,-0.04845818877220154,0.028442358275927684,0.17367514967918396,-734.2910208054559,-734.672272118943,-4.9991071814555506,0.4593959514340895,0.4235693572601349,False
246,1787908621.2157238,6281.09980531,24.600549697875977,24000,24000,4564,626,1.952926516532898,0.11685126916687623,1.8270000219345093,2.20074999332428,-0.006003814283758402,-0.050850506871938705,0.02843611191484647,0.2041253000497818,-737.0130986915256,-737.6824603376396,-5.00355391448978,0.7729616994910202,0.6899176951782238,False
247,1787908621.3143048,6281.19963315,24.69913077354431,24000,24000,4571,618,1.9543932028187132,0.1217557315058468,1.8308499813079835,2.204399907588958,-0.0070029981434345245,-0.0469246469438076,0.02739999810714754,0.24072012305259705,-740.5665508922978,-740.6622428435478,-5.00355391448978,0.17712812086097074,0.04693644396866148,False
248,1787908621.4148915,6281.29947335,24.79971742630005,24000,24000,4813,702,1.9538561244975468,0.11398848957700741,1.837050014734268,2.187999963760376,-0.01106712594628334,-0.045726388692855835,0.0276676853294846,0.18554382026195526,-743.8356213371669,-743.745696617113,-5.038369040016659,-0.07415259801450702,-0.08075167279173456,False
249,1787908621.5146437,6281.39931419,24.89946961402893,24000,24000,4611,672,1.952349703049376,0.12690025127777904,1.824550026655197,2.2039999961853027,-0.00995953194797039,-0.047683972865343094,0.0291257512900503,0.1702289581298828,-747.1115710773154,-746.8155670228998,-5.051432589456726,-0.3573481404004042,-0.31508734541046124,False
250,1787908621.6232805,6281.49994571,25.008106470108032,24000,24000,4311,651,1.9453855608282367,0.10938418162257799,1.8234999775886536,2.1445000171661377,-0.014456952922046185,-0.04567568376660347,0.02980760013253168,0.22740942239761353,-750.1068961811563,-749.8780537332591,-5.039223261849473,-0.09336220089744529,-0.16867055365253236,False
251,1787908621.7150826,6281.59978759,25.099908590316772,24000,24000,4565,681,1.9547077847997523,0.11344193192850265,1.8489999771118164,2.1410000324249268,-0.013537079095840454,-0.04475730285048485,0.03076695233368353,0.15201306343078613,-753.0482693791197,-752.9315819168212,-5.021113466240168,-0.28049825506070647,-0.28498221019253833,False
252,1787908621.815154,6281.69963373,25.19998002052307,24000,24000,4702,743,1.9475235537917905,0.10157298759304002,1.8340999960899353,2.1364000797271725,-0.017340218648314476,-0.04776977002620697,0.03237253688207705,0.1374354064464569,-756.0805604583896,-755.9808873304013,-5.030259934654993,-0.31045725876765573,-0.35185594051461067,False
253,1787908621.914695,6281.79947937,25.29952096939087,24000,24000,4674,698,1.9525028653336118,0.11713358576914316,1.8320000171661377,2.182649981975555,-0.01950674131512642,-0.04336153715848923,0.03267566130566236,0.12849223613739014,-758.482670418179,-759.0414197658556,-5.007469936966319,0.27384941405898644,0.4662740502358247,False
254,1787908622.028035,6281.89931145,25.412860870361328,24000,24000,4525,687,1.944056767737154,0.10830861568643632,1.8315999627113342,2.1414000034332275,-0.018210364505648613,-0.043907903134822845,0.032884300550619236,0.15459221601486206,-762.157434494328,-762.0087818762992,-5.019755438733738,-0.0005033816350987763,-0.14323305371590322,False
255,1787908622.1220508,6281.99994781,25.506876707077026,24000,24000,4261,638,1.9473902839104584,0.11277103739871676,1.8276999533176421,2.1383500576019285,-0.015161970630288124,-0.04249665513634682,0.033055648295250456,0.18596552312374115,-765.1352118438778,-765.0490046483252,-5.009726919396729,-0.1576279074915874,-0.18771899975342876,False
256,1787908622.215164,6282.09979573,25.599989891052246,24000,24000,4669,687,1.9420538566345038,0.10508019282593047,1.8309999704360962,2.1077000617980954,-0.01823585294187069,-0.043646182864904404,0.03440028451422908,0.24166782200336456,-767.7524161580891,-768.0333047697309,-5.009726919396729,0.01873931345244273,-0.051761667157393276,False
257,1787908622.3143232,6282.19962527,25.699149131774902,24000,24000,4596,753,1.9454289502198319,0.12269604495946534,1.813599991798401,2.160799980163574,-0.014390770345926285,-0.04791928455233574,0.03512323365112663,0.2485642433166504,-771.5686580553784,-770.9742793961954,-4.975145756265391,-0.8225379171345821,-0.8604374740101548,False
258,1787908622.414489,6282.29946779,25.799314975738525,24000,24000,4508,712,1.954477527670646,0.1257251444395143,1.8261000335216522,2.1774500131607053,-0.018800733610987663,-0.04570464417338371,0.03484975555192395,0.250216543674469,-773.7050728139205,-773.9166665228574,-4.972791405241039,0.046211991080440384,0.03520196273791498,False
259,1787908622.5146823,6282.39930891,25.899508237838745,24000,24000,4545,719,1.9560806671667827,0.13383752295604812,1.8229999542236328,2.217900013923645,-0.0211899746209383,-0.0428142212331295,0.0361236630364537,0.2649380564689636,-776.8655908324396,-776.8980404026519,-4.9750699874636926,-0.10831876475390345,-0.09176463279027303,False
260,1787908622.615557,6282.49993043,26.000382900238037,24000,24000,4668,744,1.9501034965117772,0.11353319399220982,1.8282999634742736,2.1613000154495245,-0.02073252759873867,-0.046664342284202576,0.03653970173067822,0.21718890964984894,-780.1077841203744,-779.8378836517566,-4.972652888469976,-0.3240814929511089,-0.5552087392840122,False
261,1787908622.7150567,6282.59977373,26.09988260269165,24000,24000,4722,718,1.95295821591008,0.1370061880129626,1.8138500034809113,2.2148999929428097,-0.022111622616648674,-0.04514667019248009,0.03561140846329865,0.2511886954307556,-782.2127083600659,-782.8028475872602,-4.9701326426836445,0.5561734295779388,0.6489459558443968,False
262,1787908622.8159888,6282.69961579,26.200814723968506,24000,24000,4508,645,1.9497969032258027,0.11670187592944756,1.8220000267028809,2.149000072479248,-0.021895216777920723,-0.046123381704092026,0.03602796301153722,0.2590246796607971,-785.8929589783096,-785.766935242002,-4.992626961009903,-0.09592275398426864,-0.2567290419166284,False
263,1787908622.9143345,6282.79945501,26.299160480499268,24000,24000,4486,649,1.967229581944564,0.15253454676858186,1.8308000326156617,2.336999940872193,-0.023393990471959114,-0.0488814115524292,0.0357339893900011,0.21083684265613556,-788.4345615831714,-788.7799848229599,-4.992626961009903,0.313033244334747,0.17668367148087327,False
264,1787908623.015073,6282.89928891,26.399899005889893,24000,24000,4412,594,1.9629410792280126,0.1347584090868694,1.8289999961853027,2.261699950695038,-0.02396409586071968,-0.05051282048225403,0.03512704150801489,0.2465510219335556,-791.8781937918023,-791.6861455271012,-4.977642171212736,-0.10825277216429186,-0.40980809579309607,False
265,1787908623.1147974,6282.99992645,26.49962329864502,24000,24000,4611,599,1.9544156931079488,0.13121447882397805,1.827799952030182,2.216100072860718,-0.02452431060373783,-0.047362230718135834,0.035466568173488484,0.24208912253379822,-794.861629834999,-794.6545064921055,-4.991460278717831,-0.09977151954217334,-0.37737178764484725,False
266,1787908623.2159004,6283.09975211,26.60072636604309,24000,24000,4350,571,1.9572556935342098,0.15221134200667302,1.8025000095367432,2.312000036239624,-0.02586551383137703,-0.05132550746202469,0.034165344899439024,0.16860389709472656,-797.6806412551114,-797.6739073930601,-5.014471056360989,0.1145002018103014,-0.11652508034228504,False
267,1787908623.3144033,6283.19960245,26.69922924041748,24000,24000,4315,562,1.9560035602902177,0.1364263803816881,1.8220000267028809,2.2269500017166135,-0.024142539128661156,-0.04780275747179985,0.03422340865673285,0.22268784046173096,-800.5804640409011,-800.6984823419531,-5.0307974662999415,0.16994985151700348,-0.0028822876830645328,False
268,1787908623.414694,6283.29943585,26.799520015716553,24000,24000,4288,537,1.9447169483706939,0.1289612543789586,1.816800022125244,2.2064000606536864,-0.02525258995592594,-0.05012008175253868,0.034427077227097286,0.22010429203510284,-803.7564956031785,-803.7706764992357,-5.033394716306775,0.002831132223377608,0.0007720227408753999,False
269,1787908623.519166,6283.39928311,26.90399193763733,24000,24000,4212,535,1.9477999994687945,0.1360821303529836,1.8200000524520874,2.209499979019165,-0.028991132974624634,-0.04772452265024185,0.03389530353042758,0.16769737005233765,-806.2381841458961,-806.8225174754422,-5.0285566816415095,0.6554977349438786,1.108557922138857,False
270,1787908623.6155457,6283.49992363,27.00037169456482,24000,24000,4283,572,1.940737761817612,0.1339760094211304,1.8135499894618987,2.15505005121231,-0.023745384067296982,-0.045265715569257736,0.03400177949486037,0.2685278654098511,-810.0532377659066,-809.8875214409106,-5.014796384163057,-0.26798098639835644,-0.30152880710772934,False
271,1787908623.7155352,6283.59977037,27.100361108779907,24000,24000,4280,595,1.9439848749577497,0.13783081772111128,1.8244000196456909,2.1819000005722042,-0.02556351013481617,-0.046422094106674194,0.033390536084013274,0.2647686302661896,-812.8963610194626,-812.9568122876826,-5.002720793768079,-0.11123279916614592,-0.13453955956708796,False
272,1787908623.815385,6283.69962309,27.20021104812622,24000,24000,4233,629,1.9405469005551361,0.1276861699085307,1.815000057220459,2.1710000514984134,-0.024038147181272507,-0.04119212180376053,0.03266792792658148,0.24042418599128723,-816.0305744815984,-815.8911359283401,-5.002720793768079,-0.24975933023222296,-0.11335069281722099,False
273,1787908623.915034,6283.79945493,27.29986000061035,24000,24000,4344,644,1.943604035222012,0.13634423343514626,1.819000005722046,2.20985004901886,-0.022227246314287186,-0.03825374320149422,0.03199778817361483,0.33839768171310425,-818.4674300979954,-818.9500480866917,-5.0114548095237605,0.3030419986406514,0.43808142813725226,False
274,1787908624.0157382,6283.89967469,27.400564193725586,24000,24000,4403,737,1.9351343304687147,0.12593640509016038,1.8038000106811523,2.13120002746582,-0.022892817854881287,-0.03954073414206505,0.0314163678466978,0.3006519377231598,-822.3850419959804,-821.9458130384455,-4.989302960228013,-0.5932537403740525,-0.5323351700044441,False
275,1787908624.1149771,6283.99951197,27.499803066253662,24000,24000,4211,671,1.938235471216648,0.1185917838466213,1.8195000290870667,2.145500063896179,-0.02114914543926716,-0.03745149075984955,0.030731882988659153,0.2914241552352905,-825.475495667299,-824.9223438981873,-4.998005918362869,-0.7063536402963564,-0.9396386812895798,False
276,1787908624.214881,6284.09934427,27.599706888198853,24000,24000,4202,689,1.9391378840791125,0.1319990655196041,1.8194000244140625,2.1462000370025636,-0.019178709015250206,-0.03643258288502693,0.029390819393457703,0.3681459426879883,-828.0919045966401,-827.9122911369192,-4.998005918362869,-0.3254590587448547,-0.7066020390773247,False
277,1787908624.3143518,6284.19996975,27.699177742004395,24000,24000,4285,731,1.9442790707550361,0.14209857008660895,1.8025000095367432,2.177999973297119,-0.021577058359980583,-0.037387438118457794,0.030276879176232053,0.3248089849948883,-830.7001744934093,-830.8928705269558,-5.0022440401017105,0.050584692730467395,-0.5791805268526105,False
278,1787908624.415379,6284.29981735,27.80020499229431,24000,24000,4309,707,1.9401004236860693,0.1332285904799635,1.8029999732971191,2.1527000665664673,-0.015600312501192093,-0.035091035068035126,0.02843063513121944,0.31933051347732544,-834.0119054188913,-833.8410362902059,-5.009151944885194,-0.23013774785158603,-0.430543944337046,False
279,1787908624.5144598,6284.39966817,27.899285793304443,24000,24000,4140,689,1.9384238065932762,0.12936901212833432,1.79900004863739,2.1685999393463136,-0.014346914365887642,-0.03653717041015625,0.02841981952921345,0.295092910528183,-836.5534604486805,-836.8403697604726,-5.009151944885194,0.20091854940767462,0.44266430667505574,False
280,1787908624.614843,6284.49952219,27.999668836593628,24000,24000,4194,729,1.935204390145133,0.11996022886850101,1.7854000091552735,2.1216000080108643,-0.013390583917498589,-0.03733891248703003,0.028866475563043014,0.26600146293640137,-839.3454803095632,-839.7586814454089,-5.00437372445931,0.4205797456303344,1.2910871872693406,False
281,1787908624.7145884,6284.59935883,28.099414348602295,24000,24000,4137,697,1.9356685796461284,0.11360977920023099,1.8009999990463257,2.096400070190429,-0.012406104244291782,-0.03542598336935043,0.02753727830794105,0.31311455368995667,-842.4293830427841,-842.7940472589778,-5.0007137037899145,0.329230925946149,0.9195092805779268,False
282,1787908624.8167634,6284.69999393,28.201589345932007,24000,24000,4256,705,1.9377418448739019,0.12252415685781123,1.7960000038146973,2.103200054168701,-0.015243815258145332,-0.03497724607586861,0.0283583938024103,0.22550754249095917,-846.4087015016962,-845.7882672866565,-5.00503335444225,-0.5846444672362168,-0.4521784129533444,False
283,1787908624.9157481,6284.79984263,28.30057406425476,24000,24000,4164,747,1.9486157965947346,0.127518806349666,1.812000036239624,2.155200052261352,-0.015227931551635265,-0.03624121472239494,0.02803643511742251,0.22642889618873596,-848.2692753599497,-848.7768026162198,-5.005029396696646,0.5245103393082218,0.6198966808499335,False
284,1787908625.0144799,6284.89967661,28.399305820465088,24000,24000,4143,733,1.942716231612847,0.12331456808615204,1.8009999990463257,2.1415999889373776,-0.015732942149043083,-0.036630310118198395,0.027652730328048047,0.2296743243932724,-851.4049377277404,-851.8093919690979,-5.005029396696646,0.350987294757374,0.24900938808400497,False
285,1787908625.114423,6284.99951869,28.49924898147583,24000,24000,4190,734,1.9432029967736808,0.1394680248094737,1.7986500084400177,2.1233999609947207,-0.015187588520348072,-0.03578747436404228,0.028427554371172826,0.14894893765449524,-855.0145124569719,-854.8416993183231,-4.9945256181007105,-0.26010367725064043,-0.8973230858892975,False
286,1787908625.2149835,6285.09937069,28.599809408187866,24000,24000,4302,788,1.9472068533074431,0.13379296715490285,1.8060499548912048,2.123100042343139,-0.009747623465955257,-0.03866392746567726,0.028629931941566534,0.18849606812000275,-857.935967942735,-857.8745718755031,-5.020359950847101,-0.16455626790730093,-0.8828297435015884,False
287,1787908625.3141594,6285.19960117,28.69898533821106,24000,24000,4233,723,1.9482489629734931,0.1257691093199123,1.8100999474525452,2.189500045776367,-0.011254623532295227,-0.03666510432958603,0.02912348943297964,0.1984253078699112,-860.9368736389255,-860.9520489589991,-5.020359950847101,-0.18999658683082998,-0.7748588878196188,False
288,1787908625.4146612,6285.29943495,28.799487113952637,24000,24000,4206,741,1.9493225394633777,0.1294325748530746,1.8109999895095825,2.177000045776367,-0.011422719806432724,-0.039050232619047165,0.02970282075049803,0.18580810725688934,-864.3549135192121,-863.9832408507848,-5.00250079788644,-0.5927932119952857,-0.9708547775479701,False
289,1787908625.5148118,6285.39966509,28.899637699127197,24000,24000,4195,720,1.9452833329637846,0.12950875471269988,1.8098999440670014,2.113199925422668,-0.00920865498483181,-0.039217863231897354,0.03034190635368137,0.19114714860916138,-866.8734762495757,-866.9658574269992,-4.999728691853713,-0.10664906811791752,-1.119168775097819,False
290,1787908625.6148427,6285.49950231,28.99966859817505,24000,24000,4299,707,1.9484158398575628,0.11910740566062998,1.8220000267028809,2.12449996471405,-0.008843442425131798,-0.038184959441423416,0.029830769426797896,0.2013021558523178,-870.4416973305459,-869.9181527398774,-5.013405012644161,-0.673754084896359,-1.2938417490424854,False
291,1787908625.7144082,6285.59935271,29.099234104156494,24000,24000,4359,747,1.9482235611681957,0.11641602684126325,1.8193000197410583,2.137499976158142,-0.007449545431882143,-0.03689255937933922,0.030790140636534107,0.2536638379096985,-872.5789237867223,-872.9195426351951,-4.993717324926937,0.17617285137407634,-0.41016634659899864,False
292,1787908625.8166883,6285.69998689,29.20151424407959,24000,24000,4188,694,1.9461743544776433,0.11665437188650514,1.8216500103473663,2.1010999917984012,-0.0029886113479733467,-0.03996054828166962,0.032239389631007635,0.27449366450309753,-875.9758771737501,-875.8598879557479,-4.990217901439828,-0.15218299336686414,-0.0781624622778736,False
293,1787908625.915303,6285.79982997,29.300128936767578,24000,24000,4233,726,1.942439394713105,0.1105716859436049,1.8232499659061432,2.122749924659729,-0.001977429958060384,-0.04151979461312294,0.03210124553129196,0.2989659309387207,-879.3510663255942,-878.8605111406089,-5.002093731426268,-0.5687449489314531,-0.16280078521265295,False
294,1787908626.015074,6285.89966803,29.39989995956421,24000,24000,4299,740,1.9447108115698841,0.1035654230123442,1.8250000476837158,2.1192999601364133,-0.004524384159594774,-0.04231785610318184,0.03315245287435423,0.22482942044734955,-881.0049738502389,-881.8309824924871,-4.988830794197944,0.7706668118235029,1.2800656831402648,False
295,1787908626.1150997,6285.99950047,29.49992561340332,24000,24000,4492,765,1.9446928119347766,0.11435882572090256,1.8200000524520874,2.144799995422363,-0.0024741950910538435,-0.04255981370806694,0.03292443584752396,0.22950565814971924,-884.6967020327725,-884.7932364710678,-4.992086359011503,0.07989732730425203,0.24414467173005505,False
296,1787908626.2145407,6286.09934917,29.599366664886475,24000,24000,4268,717,1.9564672272906976,0.12156994868781525,1.8337999820709228,2.201200056076049,-0.0031061528716236353,-0.04230014607310295,0.03316930048252261,0.25060465931892395,-888.0666572165911,-887.7752426381087,-4.992086359011503,-0.30663833427797726,-0.5028226287230382,False
297,1787908626.3154244,6286.19998585,29.700250387191772,24000,24000,4275,737,1.9472767981615933,0.12101989742872721,1.8287999868392943,2.167400026321411,-0.0035589339677244425,-0.045288603752851486,0.03376832846884467,0.19014577567577362,-890.1902889538766,-890.8050199365805,-5.001702327214846,0.5964323024805935,1.0410470203452178,False
298,1787908626.4155107,6286.29982291,29.800336599349976,24000,24000,4283,725,1.9623131046624018,0.13851525200247608,1.8302000284194946,2.2679998874664307,-0.0036979648284614086,-0.04517428204417229,0.033647138863280315,0.1874024122953415,-893.2057668951146,-893.8343337234882,-5.001476055086595,0.5837299233056683,0.6957266514307321,False
299,1787908626.5146997,6286.39965965,29.89952564239502,24000,24000,4476,734,1.9489509549387793,0.11543103091489862,1.8266500055789947,2.1407000541687013,-0.00040659753722138703,-0.04383191093802452,0.03415050120456022,0.2184695303440094,-897.1955040865855,-896.8521971988334,-4.984517674576767,-0.4301484754547573,-0.5259741414841983,False
300,1787908626.6147075,6286.49949387,29.9995334148407,24000,24000,4327,704,1.9516661939295856,0.11409636689884545,1.8350000381469727,2.1298500895500183,-0.00104413996450603,-0.04839925840497017,0.03403595072956614,0.16794003546237946,-900.4040159716496,-899.8454643122843,-4.983477104155063,-0.6382381381095001,-1.098394487451401,False
301,1787908626.7143853,6286.59933939,30.0992112159729,24000,24000,4247,673,1.9486315023668808,0.11791121931308844,1.819800043106079,2.1196000099182126,-0.0030752921011298895,-0.04779008403420448,0.03391074592775087,0.21666276454925537,-902.3929178683186,-902.8991170100694,-4.994657243351599,0.3633824244674315,0.3686312632148656,False
302,1787908626.8152304,6286.69997465,30.200056314468384,24000,24000,4263,680,1.9553911771844414,0.11212480068234155,1.8339499890804292,2.155349969863891,-0.003433387028053403,-0.04770920053124428,0.033385162529683036,0.19926992058753967,-906.0718651662019,-905.8867223302591,-4.975811361139534,-0.29002128667843863,-0.23929861787223672,False
303,1787908626.9153922,6286.79980183,30.300218105316162,24000,24000,4446,729,1.9507009588968933,0.10750248088457694,1.8380000591278076,2.132800054550171,-0.004418502561748028,-0.04950869455933571,0.03420539356292297,0.18865711987018585,-909.4565658629106,-908.8327261305624,-5.00975035636326,-0.6696789177671008,-0.5678847981047284,False
304,1787908627.0154922,6286.89963315,30.400318145751953,24000,24000,4349,642,1.9553862947541234,0.10826696460316586,1.8330999493598938,2.1425998926162713,-0.0018303004326298833,-0.04925655946135521,0.03425932377328192,0.2677644193172455,-911.8739817757563,-911.8642367883012,-4.998260254960097,-0.08390439408196926,-0.10939092050591626,False
305,1787908627.114767,6286.99948997,30.499593019485474,24000,24000,4258,673,1.9525616652543973,0.10518021403613267,1.835599994659424,2.152600002288818,-0.0019469443941488862,-0.05234992504119873,0.033457117469824084,0.30943170189857483,-914.8643145205396,-914.8154341868759,-4.998260254960097,-0.09580326325090027,-0.06608105029874878,False
306,1787908627.2146592,6287.09933387,30.599485158920288,24000,24000,4258,693,1.952050505606471,0.09880070728533114,1.8365999937057496,2.134000015258789,-0.003950856160372496,-0.051985517144203186,0.03350801069437426,0.27262598276138306,-918.1697153427149,-917.8043166313586,-5.007569288384953,-0.4042510719289112,-0.20427894958675097,False
307,1787908627.316186,6287.19996631,30.701011896133423,24000,24000,4440,714,1.9575238104293995,0.11571948665297299,1.8272999584674836,2.1682000637054446,-0.003880663076415658,-0.052431583404541016,0.03276421772125276,0.2348569929599762,-920.415990704631,-920.8357304046278,-4.9889800694540964,0.3954676029532038,0.636336936242401,False
308,1787908627.415838,6287.29980473,30.800663948059082,24000,24000,4361,694,1.9587175803157026,0.12283529500814143,1.8156500101089477,2.2027500152587893,-0.005921257194131613,-0.05362049490213394,0.03176412268305736,0.24230200052261353,-923.1727312266999,-923.8043078639048,-4.969222847790437,0.6284770152591364,0.9786881476946974,False
309,1787908627.514783,6287.39963331,30.899608850479126,24000,24000,4270,683,1.9550453864288888,0.12344416809117376,1.8220000267028809,2.167899990081787,-0.0059004975482821465,-0.05558101087808609,0.031510319368666384,0.27004048228263855,-926.6951555677504,-926.7748229560004,-4.954624488136326,0.07458678665955176,-0.0011795147463544708,False
310,1787908627.6165924,6287.49947463,31.001418352127075,24000,24000,4122,659,1.9519104709755488,0.10934857945302273,1.8169000267982482,2.1630001068115234,-0.010109234601259232,-0.05290883406996727,0.03076042495488268,0.25929322838783264,-929.6170208289204,-929.7222335129586,-4.979605163329952,0.20719902985388217,0.05877344612724755,False
311,1787908627.7144375,6287.59930423,31.099263429641724,24000,24000,4305,686,1.9501137060952256,0.11731632587137139,1.8035000264644623,2.1440000534057617,-0.0076513830572366714,-0.051803626120090485,0.031121824632601148,0.28056490421295166,-932.3842394501696,-932.7116997718986,-4.966616618629672,0.3755176948469625,0.3375969413884832,False
312,1787908627.8151522,6287.69994235,31.19997811317444,24000,24000,4475,697,1.9553199419845297,0.12936051754953992,1.8136000156402587,2.205999946594238,-0.009504950605332851,-0.05304102972149849,0.02993652763953404,0.2220190465450287,-935.3713391336147,-935.6204494386966,-4.975311892802044,0.41004890272711236,0.64280025278822,False
313,1787908627.9153283,6287.79977059,31.300154209136963,24000,24000,4322,666,1.9462342360714175,0.11559053684944151,1.804500013589859,2.124750018119812,-0.00841948390007019,-0.04964614287018776,0.029177623735791088,0.25362223386764526,-939.428818029771,-938.6291717905638,-5.0002030186786115,-0.6419577473252502,-0.7291668399196851,False
314,1787908628.0148306,6287.89961551,31.399656534194946,24000,24000,4402,713,1.952762973592793,0.12313113463513416,1.794599986076355,2.180799961090088,-0.00902199000120163,-0.05162428319454193,0.02857582140578729,0.21311604976654053,-942.0439257331619,-941.7158348637299,-5.015475904696935,-0.2718076054068206,-0.42539953311109,False
315,1787908628.1148221,6287.99946483,31.499648094177246,24000,24000,4344,706,1.9432167117048593,0.11683647884253241,1.8040000200271606,2.133500039577484,-0.006743579637259245,-0.05037728697061539,0.02868865050753267,0.15749509632587433,-944.8591655026032,-944.752245167226,-5.027745324182327,-0.0871115569872245,0.04608516365954074,False
316,1787908628.214654,6288.09930067,31.599479913711548,24000,24000,4523,740,1.948820271202036,0.1289277456009543,1.7969500482082368,2.1590999245643614,-0.009907313622534275,-0.04710368439555168,0.02796652705144279,0.17667187750339508,-947.8627107440735,-947.8219968989297,-5.025084272622525,-0.09551349600087633,-0.37216999414840757,False
317,1787908628.3154533,6288.19995145,31.700279235839844,24000,24000,4362,706,1.9429929182144468,0.11989072150197078,1.801499992609024,2.147499918937683,-0.008600533939898014,-0.048482730984687805,0.02833773983218112,0.11466526985168457,-950.6774226255234,-950.9071802640564,-5.010143363329973,0.11394483173785375,0.10155176107184616,False
318,1787908628.4159267,6288.29980053,31.800752639770508,24000,24000,4330,693,1.944535353655079,0.12296918123547848,1.7997999906539917,2.1816000938415523,-0.008980351500213146,-0.045293524861335754,0.02743144440361766,0.15021802484989166,-953.5015891021868,-953.9074110807649,-4.987290303026483,0.30417040223676395,0.33432496615330365,False
319,1787908628.514581,6288.39963665,31.899406909942627,24000,24000,4322,729,1.9475679006759685,0.12342312486708368,1.784999966621399,2.1796000003814697,-0.009922752156853676,-0.04919514060020447,0.026995911323316246,0.18660417199134827,-955.9421992044498,-956.8724587682136,-4.987290303026483,0.8233748955921101,0.9783543967369042,False
320,1787908628.6152234,6288.49946657,32.000049352645874,24000,24000,4455,738,1.9293360442003906,0.10667442431293023,1.8026999771595,2.0757500290870667,-0.01007580291479826,-0.050978537648916245,0.026536194041378577,0.1851523071527481,-960.0847067705504,-959.8118149131616,-4.984254106069354,-0.29966914062720207,-0.2840049167601819,False
321,1787908628.7216191,6288.59928723,32.10644507408142,24000,24000,4012,682,1.9431598238931025,0.12447581502937845,1.810049945116043,2.1828000783920287,-0.00864857342094183,-0.05346427485346794,0.025993807990097505,0.20221444964408875,-963.1163975108633,-962.77979349761,-4.99989030380371,-0.13928711341714006,0.029619534599191866,False
322,1787908628.817095,6288.69993001,32.20192098617554,24000,24000,4221,732,1.9450847004932132,0.1278147793555888,1.81910001039505,2.1758500814437856,-0.014162557199597359,-0.048399973660707474,0.02626280087460332,0.1985929161310196,-966.5401674979521,-965.7398277609134,-4.996405880485729,-0.6985992554160703,-0.6014561394141538,False
323,1787908628.9154902,6288.79975589,32.30031609535217,24000,24000,4175,729,1.9326721534480447,0.12171551130849895,1.7998000144958497,2.1059998989105226,-0.01404756773263216,-0.04981906712055206,0.025946292898250286,0.19472552835941315,-969.031668966006,-968.6884268262547,-5.021455877488907,-0.2380614476193159,-0.12376135624106155,False
324,1787908629.0147483,6288.89958971,32.399574279785156,24000,24000,4249,743,1.9312880191636117,0.09970590518075234,1.8240000009536743,2.1065001010894773,-0.011898101307451725,-0.04770845174789429,0.02628382969190749,0.1833430528640747,-971.5493856251359,-971.7455916456786,-5.021455877488907,0.22215505830047277,0.6591217948852091,False
325,1787908629.1148732,6288.99942513,32.499699115753174,24000,24000,4331,749,1.9288010689540602,0.10871151712819814,1.815999984741211,2.096199941635132,-0.01612282544374466,-0.04707534983754158,0.026920339922759915,0.1307179033756256,-974.792242127947,-974.8068498445896,-5.035241818732923,-0.01676709514083541,0.09324807122072798,False
326,1787908629.2186704,6289.09966387,32.60349631309509,24000,24000,3950,694,1.927755042867633,0.10287766109939649,1.8170000314712524,2.096749985218048,-0.017384091392159462,-0.04573200270533562,0.0264131792536386,0.20383919775485992,-977.2605746215646,-977.8557624196445,-5.021081867163055,0.6290125438526957,1.1179707037156277,False
327,1787908629.314763,6289.19950691,32.699589014053345,24000,24000,4151,708,1.9341737292917436,0.11324186534115564,1.8203500270843507,2.1197499632835384,-0.015982694923877716,-0.04787889122962952,0.026639420344896546,0.1887446492910385,-980.2607322650631,-980.8737807792972,-5.021081867163055,0.5118175773110352,0.9406138580112611,False
328,1787908629.4153247,6289.29934969,32.800150632858276,24000,24000,4206,764,1.9277840323785214,0.10226502837024361,1.8171500205993651,2.092650091648102,-0.013703796081244946,-0.05009394511580467,0.027439541226926337,0.1753537952899933,-983.5879662529559,-983.9218715858497,-5.007398276406204,0.20162224956493446,0.6590146338140812,False
329,1787908629.5145848,6289.39997087,32.89941072463989,24000,24000,4360,785,1.929579617870841,0.11145948933685282,1.8031999826431275,2.092799949645996,-0.013492141850292683,-0.049708135426044464,0.0279868735485897,0.144135981798172,-986.5768520376014,-986.9257139522081,-4.977120031732862,0.19072685403375544,0.46848911680604033,False
330,1787908629.6160636,6289.49981493,33.00088953971863,24000,24000,4142,729,1.926661179062434,0.10018112054281045,1.809000015258789,2.080800008773804,-0.0153273930773139,-0.04682864621281624,0.02809632331867425,0.23477840423583984,-990.4519572622357,-989.8804811293023,-4.954531467408643,-0.6398220884237844,-0.4887172862748912,False
331,1787908629.7144778,6289.59966421,33.09930372238159,24000,24000,4198,753,1.9364355892774119,0.11120257338217764,1.8167999982833862,2.0950000286102295,-0.014211887493729591,-0.047556549310684204,0.029391611049780438,0.21020373702049255,-993.1999970509834,-992.8205583439578,-4.954531467408643,-0.4352503606754681,-0.22633275004807274,False
332,1787908629.815382,6289.69948877,33.20020794868469,24000,24000,4107,669,1.9270971605417797,0.11164923240847692,1.8098000049591065,2.0921999454498295,-0.016658389940857887,-0.04514915868639946,0.029920981537123047,0.15222395956516266,-996.1157883965599,-995.8038909890386,-4.964142502542572,-0.32372417351427885,-0.29590957699326736,False
333,1787908629.9148157,6289.79932167,33.299641609191895,24000,24000,4268,706,1.9359475914547193,0.12174793716070834,1.809000015258789,2.124000072479248,-0.014441357925534248,-0.04561730474233627,0.03058691438399914,0.16750948131084442,-999.2114997561783,-998.7978647853558,-4.9783087537711825,-0.4362377541464184,-0.6479939984064913,False
334,1787908630.016162,6289.89994817,33.40098786354065,24000,24000,4160,696,1.9387011500610702,0.12611875149879284,1.8100000023841858,2.143749952316284,-0.016292579472064972,-0.045241210609674454,0.03250601939022412,0.14858759939670563,-1001.8898737105402,-1001.7817387464015,-5.005719319546037,-0.07403249881610918,-0.33734446753749125,False
335,1787908630.1152296,6289.99977615,33.50005555152893,24000,24000,4180,703,1.9427638693181413,0.11997781592096791,1.8100999474525452,2.1817999362945555,-0.014986002817749977,-0.04449361562728882,0.032446050127180805,0.1959238499403,-1004.5924613326199,-1004.7660336610796,-5.012096797157643,0.19559779070903005,0.3737753326283837,False
336,1787908630.214719,6290.09962007,33.59954500198364,24000,24000,4162,701,1.9343623404155954,0.11990888385779487,1.8079999685287476,2.119999885559082,-0.016230706125497818,-0.04550881311297417,0.03290054704823567,0.2052270621061325,-1007.5195870519934,-1007.7825698655535,-5.012096797157643,0.2533436542092886,0.2922006772505483,False
337,1787908630.314802,6290.19946031,33.69962787628174,24000,24000,4275,719,1.9405730180183274,0.12062614165063687,1.807699966430664,2.1680999755859376,-0.013490971177816391,-0.04697565734386444,0.034110901914026284,0.23121333122253418,-1010.9441198628969,-1010.7457229895716,-4.981486170863776,-0.16851373674398928,0.4773008349468455,False
338,1787908630.4149501,6290.29930181,33.79977607727051,24000,24000,4352,702,1.9432806253772854,0.12147206631865128,1.809150016307831,2.1559499025344846,-0.01571858488023281,-0.04537034034729004,0.033817700823739166,0.265290230512619,-1013.2313373343992,-1013.6863913541217,-4.984734757627517,0.5489041359139719,1.5181139976272107,False
339,1787908630.5146196,6290.39993109,33.89944553375244,24000,24000,4244,665,1.9352060153072042,0.11166381956767571,1.8033999681472779,2.0975999832153316,-0.017999447882175446,-0.04407644644379616,0.036085443662075764,0.26310861110687256,-1016.3379729162604,-1016.634316654123,-4.971912626164601,0.4325406580164781,1.2716717639115132,False
340,1787908630.6154475,6290.49977201,34.00027346611023,24000,24000,4318,692,1.9411806376338694,0.13161810610147726,1.8036499917507172,2.145850110054015,-0.016932953149080276,-0.04529265686869621,0.035620939869789425,0.31358811259269714,-1018.8789584634671,-1019.5897587790708,-4.989609505715644,0.9165836809662551,1.2802453843315789,False
341,1787908630.7146478,6290.59960903,34.09947371482849,24000,24000,4446,685,1.944535764812553,0.12360672628795005,1.8101999521255494,2.1266000747680662,-0.016590751707553864,-0.04431489482522011,0.036370447736521115,0.3531676232814789,-1022.9301150151529,-1022.6439857053341,-5.0160543010458225,-0.1583778866298644,-0.04200549776885509,False
342,1787908630.8152442,6290.69944277,34.20007014274597,24000,24000,4580,734,1.9371934609452126,0.12830483759531375,1.795600026845932,2.111700010299683,-0.017588935792446136,-0.04483170434832573,0.036619030942472534,0.2461938112974167,-1025.507822731937,-1025.702448340259,-5.008561327620126,0.2819973959103663,0.5153341572938643,False
343,1787908630.9149344,6290.79967499,34.29976034164429,24000,24000,4468,669,1.940940211706632,0.12166879881591768,1.7949999809265136,2.138600015640259,-0.01592097245156765,-0.04778919741511345,0.03777074118239403,0.2694886028766632,-1029.0975394424854,-1028.735834651422,-5.0225840447004275,-0.3168248989725271,-0.12461484796313016,False
344,1787908631.0147612,6290.89950833,34.39958715438843,24000,24000,4417,594,1.9352895643574621,0.12321037524995627,1.77559996843338,2.140049946308136,-0.016526687890291214,-0.04325852543115616,0.038302962404699166,0.3337162435054779,-1032.2017763301126,-1031.78606390933,-5.019940099754041,-0.4260686973125303,-0.7000331373349127,False
345,1787908631.1147566,6290.99935093,34.49958252906799,24000,24000,4430,575,1.935897390946098,0.12629879445979947,1.7757999658584596,2.096199989318847,-0.01261884719133377,-0.04252763092517853,0.038654386760767226,0.25565382838249207,-1034.9019415989446,-1034.8090442921757,-5.03229194249597,-0.12618370015457003,-0.6215795990760853,False
346,1787908631.214895,6291.09999573,34.59972095489502,24000,24000,4594,648,1.9387098777073402,0.11491644014244153,1.7910000085830688,2.092250061035156,-0.012795922346413136,-0.047373488545417786,0.03799973332110618,0.19025897979736328,-1037.7024123135661,-1037.847828802814,-5.0332429328721,0.07768765605351291,-0.36171111999078676,False
347,1787908631.315308,6291.19983085,34.70013403892517,24000,24000,4434,532,1.9414548898549904,0.13207604939652834,1.7760000228881836,2.1878999710083007,-0.009097449481487274,-0.04215628281235695,0.03872194914540489,0.21490910649299622,-1040.8163565839511,-1040.8745554288312,-5.032634077537536,-0.02367427820990997,-0.5651514258174757,False
348,1787908631.4179814,6291.29967427,34.802807331085205,24000,24000,4306,505,1.9410316793045195,0.11939305215860392,1.7971999645233154,2.13459997177124,-0.0042731123976409435,-0.04584779590368271,0.038339022965217656,0.16837596893310547,-1043.9469500827752,-1043.9155207683098,-5.025633237463452,-0.07387492444627242,-0.4494811255578952,False
349,1787908631.5146627,6291.39951463,34.89948868751526,24000,24000,4451,494,1.9447287475531883,0.11268522366763481,1.8222999632358552,2.150100016593933,-0.007620140444487333,-0.04562788084149361,0.038217809039432254,0.09920390695333481,-1047.1135664942358,-1046.9216387463798,-5.017606205608424,-0.33986788203492324,-0.6287979342368999,False
350,1787908631.6148944,6291.49934621,34.999720335006714,24000,24000,4627,561,1.9594099812754122,0.12980451945656837,1.8329999446868896,2.2109999656677246,-0.0026173756923526525,-0.05143257603049278,0.03649040460952398,0.1082305833697319,-1050.001932516556,-1049.9325299694829,-5.00450289697475,-0.22109500737178678,-0.5298673926397441,False
351,1787908631.7158225,6291.59997791,35.100648403167725,24000,24000,4493,526,1.9619429659934098,0.12266000000981592,1.8370000123977661,2.2049999237060547,-0.0034686231520026922,-0.04952947050333023,0.03646170184601506,0.1005762591958046,-1052.5877749170418,-1052.844390948508,-4.989120996802554,0.22109542568682627,0.1094229499103676,False
352,1787908631.8161325,6291.69982073,35.200958490371704,24000,24000,4471,517,1.9707272707608958,0.13831768725588942,1.8318000078201293,2.2719999313354493,-0.006591234356164932,-0.049614351242780685,0.036125209496064375,0.12542463839054108,-1055.379447365556,-1055.825962445022,-4.977911271472766,0.4389152138096506,0.3909816449881873,False
353,1787908631.9150088,6291.79967505,35.29983472824097,24000,24000,4506,548,1.9842062072597282,0.16021283921263763,1.8257000386714934,2.354949939250946,-0.005076143424957991,-0.05091983824968338,0.03553463941440789,0.1495024710893631,-1058.7315889288977,-1058.8068421006865,-4.988685639012277,0.053247696595690286,-0.08580931097458233,False
354,1787908632.0149064,6291.89951877,35.3997323513031,24000,24000,4690,533,1.9747317058731422,0.13900038011952276,1.8405999898910523,2.222799968719482,-0.0046879006549716,-0.04954439774155617,0.0360839909472898,0.18182645738124847,-1061.8112265478396,-1061.811656991408,-4.990519269480877,-0.029272389663219656,-0.009322179861101176,False
355,1787908632.1146212,6291.99936605,35.49944710731506,24000,24000,4669,545,1.970014676260292,0.13046694898303443,1.832200002670288,2.2109999656677246,-0.0033499612472951412,-0.04755376651883125,0.03519348729726239,0.19260939955711365,-1065.13709886789,-1064.8096329277041,-4.986038646795194,-0.36351353421741806,-0.3160116452888815,False
356,1787908632.2153094,6292.09960749,35.6001353263855,24000,24000,4535,561,1.9771283405987337,0.1429925390988454,1.8320000171661377,2.3010001182556152,-0.006310682278126478,-0.0516703836619854,0.034401482329700375,0.17899812757968903,-1067.7200322627798,-1067.830525252033,-4.979694175247315,0.07438997832264249,0.2581116114645283,False
357,1787908632.3148205,6292.19944339,35.69964647293091,24000,24000,4495,533,1.9682964366104096,0.140065355239462,1.8232000112533568,2.2790000438690177,-0.007111310958862305,-0.05150594189763069,0.0339251609682328,0.17212727665901184,-1070.7176230161876,-1070.8015949269634,-4.979694175247315,0.062321731522615664,0.32899916801102336,False
358,1787908632.4150002,6292.29967739,35.79982614517212,24000,24000,4612,552,1.9679202906031539,0.14061377425951996,1.8250000476837158,2.2454000473022453,-0.006052923388779163,-0.049647435545921326,0.03288967952561439,0.18919704854488373,-1073.9898215691742,-1073.7678050149725,-4.980039609337467,-0.20429728023896132,-0.28347492162765775,False
359,1787908632.515311,6292.39953439,35.900136947631836,24000,24000,4667,595,1.9689529390896068,0.13172889616947586,1.8259999752044678,2.2218999624252316,-0.005835830233991146,-0.04974519833922386,0.03188758991269557,0.1692247986793518,-1076.729593487644,-1076.770191867973,-4.994892193216551,0.06544449695252297,0.1585714833338443,False
360,1787908632.6148033,6292.49938211,35.9996292591095,24000,24000,4565,577,1.9581126499423949,0.12030611652715725,1.824400043487549,2.1589999198913574,-0.0049901194870471954,-0.04801661893725395,0.03177947571567676,0.17798028886318207,-1079.4565659193904,-1079.744066180248,-4.991880823490744,0.3234294841765859,0.3684061585490781,False
361,1787908632.7152824,6292.59961773,36.10010838508606,24000,24000,4545,594,1.9543097629290238,0.12004384413075624,1.8246500313282012,2.157350039482117,-0.0036734885070472956,-0.04730366915464401,0.03173847752637959,0.18649768829345703,-1083.0183826495063,-1082.824014606274,-4.995281692349892,-0.22382352658337368,-0.3396186992924868,False
362,1787908632.816255,6292.69945557,36.20108103752136,24000,24000,4589,614,1.9562214993498612,0.11417964636383403,1.8236499845981597,2.173700046539307,-0.001659159897826612,-0.04780932888388634,0.030943185469942142,0.17656441032886505,-1085.9955748466616,-1085.779380391963,-4.991498279196087,-0.17164527768591142,-0.10901175693811638,False
363,1787908632.9150193,6292.79929253,36.29984521865845,24000,24000,4748,596,1.9616761739622026,0.1200677311627742,1.8289999961853027,2.194999933242798,-0.004746048711240292,-0.04700707644224167,0.03019218362804048,0.15104347467422485,-1088.4816030440243,-1088.7403032064278,-4.989128377303306,0.3054386572882777,0.14347839217225555,False
364,1787908633.016305,6292.89992975,36.40113091468811,24000,24000,4558,632,1.9522958892055704,0.11654569722178273,1.8226499915122987,2.126450002193451,-0.0034815126564353704,-0.04934073984622955,0.029798582757138592,0.1647453010082245,-1091.5871325568723,-1091.7384446994324,-4.993313239623367,0.23867149008356137,0.028741908951133155,False
365,1787908633.1156397,6292.99976893,36.500465631484985,24000,24000,4551,634,1.9518154564340031,0.10694291307663174,1.8272999584674836,2.163399922847748,-0.006028860807418823,-0.048269905149936676,0.02837282575901522,0.15653149783611298,-1094.9163505890824,-1094.7524471552215,-4.995130044723153,-0.11031726148758025,-0.24269662638448608,False
366,1787908633.2152145,6293.09960643,36.600040435791016,24000,24000,4572,614,1.9564136802567722,0.12251401899928469,1.8380000591278076,2.1989000082016,-0.008134490810334682,-0.04795462265610695,0.027705565933332843,0.14358139038085938,-1097.343940929056,-1097.779328196816,-4.995130044723153,0.4495247582999582,0.19972963784630338,False
367,1787908633.3151884,6293.19946847,36.70001435279846,24000,24000,4785,669,1.9620852033831793,0.12863973992742472,1.8404000043869018,2.2237998962402346,-0.009517799131572247,-0.046394217759370804,0.027994325960650532,0.11593597382307053,-1100.7316912933784,-1100.758017198558,-4.994349722396377,0.061180889241768455,-0.11595088518697594,False
368,1787908633.4155226,6293.29930407,36.80034852027893,24000,24000,4671,637,1.9534081619238741,0.11824880256934175,1.840000033378601,2.2085999965667718,-0.0076536452397704124,-0.047203872352838516,0.028009287523296903,0.1550031304359436,-1103.9349218726925,-1103.7280967571062,-5.0104793383351725,-0.1318349996206507,-0.30148940642379785,False
369,1787908633.516142,6293.39994813,36.900967836380005,24000,24000,4561,641,1.9522808113261803,0.11120114080001321,1.8380000591278076,2.196000099182129,-0.010693796910345554,-0.046262357383966446,0.028674945312122297,0.14902493357658386,-1106.6187529951562,-1106.7385528429513,-5.016600002359142,0.2031035660145335,0.030484649128538877,False
370,1787908633.6161602,6293.49979085,37.000986099243164,24000,24000,4533,652,1.9452131884229695,0.10410933460278751,1.8300000429153442,2.1539000511169433,-0.013034048490226269,-0.047165583819150925,0.03004715842755992,0.15457771718502045,-1110.4231891830484,-1109.719797863186,-5.010890946149842,-0.6005956671135664,-0.8446871361006743,False
371,1787908633.7149303,6293.59962887,37.09975624084473,24000,24000,4697,656,1.9485000003038384,0.12057993756419028,1.8290000259876251,2.1682499647140503,-0.01527633797377348,-0.04606042057275772,0.030793273761200574,0.2034377008676529,-1111.949067549868,-1112.758720793075,-5.024692633980842,0.836816923605511,0.7157941788284461,False
372,1787908633.8157568,6293.69946025,37.20058274269104,24000,24000,4677,739,1.9418227349953658,0.10183708357858134,1.8276999592781067,2.1263999462127687,-0.017320087179541588,-0.04610052704811096,0.03228783831551996,0.2056843340396881,-1116.2007166866065,-1115.802049906224,-5.0192880541591185,-0.38984656102479676,-0.6487565549869032,False
373,1787908633.9154973,6293.79930033,37.300323247909546,24000,24000,4528,693,1.9491847046525963,0.1151744640798851,1.8372000217437745,2.164400005340576,-0.01282842643558979,-0.047324176877737045,0.03299931518002516,0.20165613293647766,-1118.9349333037637,-1118.8468183309371,-5.012661152915904,-0.1316594778147646,-0.35492739556229935,False
374,1787908634.0149665,6293.89994321,37.399792432785034,24000,24000,4564,700,1.952209999050413,0.12652691056931845,1.8240000009536743,2.1793999075889583,-0.01720668561756611,-0.04448602721095085,0.032831073555857695,0.2554257810115814,-1121.6837696962375,-1121.8872082327555,-5.012661152915904,0.10376770689958903,-0.10055914569625202,False
375,1787908634.1156101,6293.99976835,37.50043606758118,24000,24000,4642,737,1.9486594332768765,0.11897518510041005,1.8327999591827393,2.1177999496459954,-0.015255492180585861,-0.046566594392061234,0.03395165527561251,0.20651216804981232,-1124.4396414192831,-1124.8752109599695,-4.988470113224481,0.3673952787755752,0.2041455266084995,False
376,1787908634.215774,6294.09960175,37.60060000419617,24000,24000,4667,752,1.948199468407225,0.11983679618997863,1.8295500218868255,2.1470000743865967,-0.016698241233825684,-0.045989975333213806,0.034481525009240566,0.2444237768650055,-1127.5670230889882,-1127.8672175500383,-4.9839509010943575,0.24512105176290788,-0.04572500743188357,False
377,1787908634.3150666,6294.19943801,37.69989252090454,24000,24000,4549,736,1.9496114143858785,0.12251202324481984,1.816500037908554,2.165999948978424,-0.0196736641228199,-0.0444783940911293,0.034644200534542986,0.26751071214675903,-1130.8994125204383,-1130.8314782211448,-4.9839509010943575,-0.10830518147599832,-0.39636683299909237,False
378,1787908634.4152756,6294.29967739,37.80010151863098,24000,24000,4501,735,1.9505877574284871,0.11975782126863001,1.8289999961853027,2.177000021934509,-0.02085091546177864,-0.044162869453430176,0.035535604595374096,0.25497865676879883,-1134.1304999750364,-1133.7670763998299,-4.996771319042196,-0.33293327485694135,-0.4707814725384196,False
379,1787908634.5160375,6294.39952735,37.90086340904236,24000,24000,4495,734,1.9470217989640926,0.12179459700072527,1.8250000476837158,2.1250500798225405,-0.021967677399516106,-0.04503435268998146,0.036133124258220434,0.2473161816596985,-1137.0447810624228,-1136.7700900714945,-5.000178545137476,-0.22416717532087205,-0.5018662814663912,False
380,1787908634.6164582,6294.49936295,38.00128412246704,24000,24000,4757,718,1.9572757673462786,0.12825974894139255,1.8270000219345093,2.1943000197410583,-0.021351834759116173,-0.041088979691267014,0.036106447998066456,0.23231686651706696,-1140.455842634506,-1139.7575002318852,-5.012013609544697,-0.6224175150246083,-0.8380110974403578,False
381,1787908634.7150736,6294.59999425,38.09989953041077,24000,24000,4521,665,1.9518857158216318,0.11660406386344219,1.8279999494552612,2.175400018692016,-0.020617922767996788,-0.043962087482213974,0.03646590043569968,0.21199113130569458,-1142.3420445069844,-1142.7704388643792,-4.990892699520971,0.4500292678008009,0.34075197894185294,False
382,1787908634.816973,6294.69983345,38.20179891586304,24000,24000,4492,644,1.945119564762767,0.11440597546114477,1.81975000500679,2.134000062942505,-0.02310352772474289,-0.048106055706739426,0.036082747967573665,0.15578271448612213,-1145.6838238850796,-1145.7206603741258,-5.021511073475355,0.16542407811107296,0.04404085960959492,False
383,1787908634.9153702,6294.79968357,38.300196170806885,24000,24000,4462,589,1.9639185063907771,0.12927782508224608,1.8329999446868896,2.2290000915527344,-0.02316194772720337,-0.0485370047390461,0.035279196716485176,0.21424399316310883,-1148.709477347534,-1148.7784040156823,-5.016750134636107,0.09187426857988612,0.027844766080988848,False
384,1787908635.0150588,6294.89952611,38.39988470077515,24000,24000,4580,594,1.9581127947428412,0.13717755257260653,1.8216500103473663,2.2564499378204346,-0.02175411768257618,-0.04946790263056755,0.0359470287784047,0.19669979810714722,-1151.0649276574577,-1151.7909502992209,-5.018510037208117,0.7272683032649638,0.6540016318933795,False
385,1787908635.1153028,6294.99935445,38.500128746032715,24000,24000,4476,608,1.9551167744947107,0.1371842473107038,1.8203500270843507,2.2316000580787656,-0.031106509268283844,-0.04943804815411568,0.03470310875182838,0.19270658493041992,-1154.5920903988674,-1154.827293413044,-5.026766238442437,0.20761641525814412,0.10979723332820868,False
386,1787908635.2155044,6295.09961433,38.6003303527832,24000,24000,4404,577,1.9526741779449701,0.127550611345123,1.8266000270843505,2.2171999931335447,-0.02376837469637394,-0.04730096831917763,0.03566708890993161,0.249853253364563,-1157.8597265673766,-1157.8487195633988,-5.016491748998129,-0.053782135284109245,-0.21950528179991124,False
387,1787908635.315875,6295.19946495,38.700700998306274,24000,24000,4337,578,1.9590138419689191,0.14974566622544577,1.8167000353336333,2.26450001001358,-0.025509633123874664,-0.04922444373369217,0.03490518383186663,0.23174181580543518,-1160.609873091524,-1160.8355690550297,-5.009781280976168,0.20738044125459965,-0.026087231315159443,False
388,1787908635.4150162,6295.29931697,38.79984211921692,24000,24000,4340,580,1.9368603428889966,0.11922522692164234,1.8159499883651733,2.150050091743469,-0.02446993626654148,-0.04657914862036705,0.03448727005218116,0.24762000143527985,-1164.4056980603402,-1163.8965864214128,-5.009781280976168,-0.6140234894724017,-1.1835500217168828,False
389,1787908635.5175068,6295.39995059,38.90233278274536,24000,24000,4272,557,1.9420556544829528,0.1280539257638949,1.820799994468689,2.191599988937378,-0.026499411091208458,-0.0493461973965168,0.03402896174128188,0.30865171551704407,-1166.8723143993832,-1166.9309797105989,-5.001228298317033,-0.005726180106194079,-0.17209894744496523,False
390,1787908635.6160564,6295.49980017,39.000882387161255,24000,24000,4341,614,1.9342068383282094,0.11793825158667424,1.813649994134903,2.1384000658988955,-0.023789290338754654,-0.05117382854223251,0.03320251297489253,0.25478360056877136,-1169.786655212568,-1169.9163678335146,-5.001228298317033,0.03660743178647863,-0.12391469879798933,False
391,1787908635.7152493,6295.59963951,39.100075244903564,24000,24000,4265,630,1.9434920659140935,0.13327460393380258,1.8179999589920044,2.1935500383377073,-0.023975254967808723,-0.04415271803736687,0.03248604565392237,0.31301823258399963,-1173.5173310665582,-1172.9791163185391,-5.023622934548748,-0.7180951813643333,-1.1525033997011178,False
392,1787908635.826767,6295.69948837,39.21159291267395,24000,24000,3928,553,1.9495171759055276,0.14731312404873878,1.8175999879837037,2.2090000152587885,-0.024712081998586655,-0.039329893887043,0.03146224377995531,0.312343567609787,-1176.0860575731456,-1176.0165075092887,-5.010531378655548,0.058919151854297525,0.07592629217083413,False
393,1787908635.916277,6295.79933273,39.30110287666321,24000,24000,4476,701,1.9422482178996872,0.12399289946026579,1.815999984741211,2.1610000133514404,-0.020596833899617195,-0.04012739658355713,0.03255846060805157,0.3264777958393097,-1178.7724125258312,-1179.0294092337922,-5.009437033864913,0.058032323421912224,-0.41679104830927827,False
394,1787908636.0180044,6295.89995537,39.402830362319946,24000,24000,4201,660,1.9380969686941667,0.12768322713488245,1.8148500561714171,2.1681999802589416,-0.021165112033486366,-0.037327785044908524,0.03146625778150765,0.30493029952049255,-1182.3425745836387,-1182.0341288345762,-4.983876814579175,-0.460112864795974,-0.9906629631998385,False
395,1787908636.1164765,6295.99978173,39.50130248069763,24000,24000,4184,675,1.9409274071234244,0.11403976155865944,1.8106999754905702,2.123400020599365,-0.019266733899712563,-0.03816511854529381,0.030402995531913043,0.3067810833454132,-1184.865164618304,-1184.944461955894,-4.9868728207196495,-0.028353202005291678,-0.7060430339338382,False
396,1787908636.2156196,6296.09962825,39.60044550895691,24000,24000,4191,660,1.9348424216111502,0.1184478445055009,1.8018500447273254,2.119099962711334,-0.017119046300649643,-0.037435345351696014,0.030629921871836056,0.24903957545757294,-1187.6336790503717,-1187.9120378744274,-4.9842464063010565,0.17761062808085626,-0.21103944921151196,False
397,1787908636.3153594,6296.19946439,39.70018529891968,24000,24000,4353,740,1.9354581072523787,0.13569013546010086,1.8009999990463257,2.112249994277954,-0.020186251029372215,-0.03559739887714386,0.028869166846850994,0.3326975405216217,-1191.050122856958,-1190.8773617826225,-4.984073305081793,-0.24645093716230804,-0.6135755543059531,False
398,1787908636.415449,6296.29931705,39.80027484893799,24000,24000,4191,657,1.9394611875034722,0.1234572538667277,1.8086000204086303,2.1540000438690186,-0.0166188832372427,-0.033096253871917725,0.028823887537260444,0.2756101191043854,-1193.1578139832334,-1193.7965930820465,-4.993364043101483,0.6487336407383282,0.9102198414557279,False
399,1787908636.5152087,6296.39997379,39.9000346660614,24000,24000,4158,684,1.946942984534983,0.14339853721436935,1.7969000101089478,2.177549970149994,-0.014282479882240295,-0.03462729603052139,0.028250817353410562,0.2604927718639374,-1196.604614345397,-1196.8802390680112,-5.009698680819802,0.194916372595344,0.44025547198680215,False
400,1787908636.6168096,6296.49980861,40.00163555145264,24000,24000,4164,709,1.9331678404290182,0.11780532870677983,1.7999999523162842,2.084999942779541,-0.015296600759029388,-0.034253962337970734,0.02781805733506976,0.296237051486969,-1200.3874513811304,-1199.8360029316427,-4.990334439869344,-0.5397020408313438,-0.5127866113143682,False
401,1787908636.7156775,6296.59966131,40.10050344467163,24000,24000,4327,742,1.942136118996818,0.13068036429676236,1.7879999876022339,2.1428498983383175,-0.017707595601677895,-0.03809817507863045,0.028948777297013367,0.23062393069267273,-1203.1195864414524,-1202.8208832658504,-5.002554768460415,-0.30561341030784206,-0.343974903355047,False
402,1787908636.8159487,6296.69949213,40.20077466964722,24000,24000,4255,716,1.9482500008697616,0.1304810075289077,1.7997499704360962,2.190000057220459,-0.01596089079976082,-0.034057099372148514,0.027446479426587324,0.2721191644668579,-1205.335641046334,-1205.87960608055,-4.990926473470909,0.4866582811328044,0.6603122187927966,False
403,1787908636.9162977,6296.79933535,40.30112361907959,24000,24000,4187,757,1.9440317040547985,0.12891463574843584,1.7999999523162842,2.1762001037597654,-0.017369626089930534,-0.03672341629862785,0.027830822981673442,0.24132338166236877,-1208.720617699991,-1208.9158324087118,-4.9703804803391245,0.11233980442784741,0.5054105447279653,False
404,1787908637.0163352,6296.89997551,40.401161193847656,24000,24000,4244,771,1.9474734100386326,0.13029743305865812,1.7989999651908875,2.1404999494552612,-0.016455695033073425,-0.03743071109056473,0.028298881888632093,0.20990093052387238,-1211.747737813757,-1211.845817554136,-4.985864473721038,0.08653603907941942,0.3852258650863405,False
405,1787908637.1163924,6296.99980477,40.50121831893921,24000,24000,4356,771,1.94076783384949,0.11448276624896585,1.8079999685287476,2.0829999446868896,-0.013424413278698921,-0.03707399219274521,0.028102018345150196,0.2561997175216675,-1215.2653940384662,-1214.866949606242,-4.997711234054152,-0.4292172905506959,-0.29818321129982905,False
406,1787908637.2168462,6297.09965147,40.60167217254639,24000,24000,4252,730,1.9530643863220738,0.13520042616546804,1.809999942779541,2.223400044441223,-0.010419473052024841,-0.03531459718942642,0.028007251792954994,0.23145179450511932,-1217.8136362049677,-1217.8814676253858,-4.989573966182834,0.0363460434487024,0.24192016961842455,False
407,1787908637.3154068,6297.19949769,40.70023274421692,24000,24000,4181,756,1.942605819967058,0.12446063215676119,1.8070000410079956,2.1104999780654907,-0.009813996963202953,-0.040368903428316116,0.02918677739916886,0.21751701831817627,-1221.0406347425662,-1220.858296353957,-4.995948712102817,-0.23364903070137188,-0.08179229726647463,False
408,1787908637.4155014,6297.29933341,40.80032730102539,24000,24000,4143,704,1.9408849445594982,0.11260990100732642,1.812999963760376,2.098699963092804,-0.007189041003584862,-0.03704148903489113,0.03001983401246718,0.2099246382713318,-1224.5097900705232,-1223.8892636473106,-4.977649137957672,-0.6997784413129011,-0.5358467638070579,False
409,1787908637.5161304,6297.39997665,40.90095639228821,24000,24000,4256,705,1.9504666681830765,0.13137404820037518,1.815000057220459,2.15260009765625,-0.005926746875047684,-0.038892049342393875,0.029673167320292678,0.22960686683654785,-1225.9829977905833,-1226.8772827585065,-4.960282609588218,0.8460768000563803,1.2660736748421186,False
410,1787908637.6158953,6297.49981531,41.00072121620178,24000,24000,4304,797,1.942697616413217,0.12690792918477067,1.809000015258789,2.112800025939941,-0.009017089381814003,-0.03971165046095848,0.03167972450191166,0.21904738247394562,-1230.1740405489932,-1229.8587157927993,-4.960282609588218,-0.35183265116347684,0.1898159816048519,False
411,1787908637.7155142,6297.59966735,41.100340127944946,24000,24000,4227,726,1.9455633601866478,0.11789141217184909,1.8192500174045563,2.122749984264374,-0.003551399102434516,-0.038744743913412094,0.03100528340613263,0.25719931721687317,-1232.6653768915592,-1232.8335627502076,-4.97190060863668,0.14558667252435953,0.8578704811352509,False
412,1787908637.8156767,6297.69951315,41.20050263404846,24000,24000,4231,736,1.9555230995883113,0.1301264168715139,1.8259999752044678,2.2232500314712524,-0.003956229891628027,-0.039281655102968216,0.03145956232280995,0.25733891129493713,-1235.3163652311628,-1235.8018236307316,-4.980154510829849,0.4996628575647719,1.0027362497176,False
413,1787908637.9149978,6297.79936049,41.29982376098633,24000,24000,4254,748,1.9487379676199215,0.1186141364949921,1.8240000009536743,2.153549909591675,-0.0043578846380114555,-0.04098411649465561,0.032745097273671524,0.20732499659061432,-1238.1199107575628,-1238.7634984343708,-4.959372028614441,0.675938890344014,1.3639548613728039,False
414,1787908638.0146675,6297.89960839,41.39949345588684,24000,24000,4466,764,1.956311519077311,0.13264539023288677,1.8240000009536743,2.2055500864982607,-0.004027034621685743,-0.04393395781517029,0.03301266935805416,0.2513592839241028,-1242.282465105121,-1241.7185871611255,-4.948111320952763,-0.4963362002424674,-0.2755214813435032,False
415,1787908638.1151977,6297.99945123,41.50002360343933,24000,24000,4283,710,1.9554760575294494,0.12771680279431646,1.8270000219345093,2.188650047779083,-0.0041235205717384815,-0.03952030837535858,0.03321096503165309,0.21887950599193573,-1244.8318939919268,-1244.6670898109955,-4.934427329167213,-0.029670623966239873,0.3279372631652677,False
416,1787908638.214844,6298.09929435,41.59966993331909,24000,24000,4266,700,1.9452971460138049,0.10762754855026771,1.8209999799728394,2.1353999853134153,-0.0022818983998149633,-0.04344066604971886,0.033750621364255454,0.14219598472118378,-1247.5426368616952,-1247.609006383981,-4.9489825963848615,0.24916476844668978,1.1390854995308928,False
417,1787908638.316026,6298.19992573,41.700851917266846,24000,24000,4283,695,1.9531899311559664,0.120224211887276,1.8329999446868896,2.192299962043762,-0.004100874997675419,-0.04299918934702873,0.032631937322304294,0.17548362910747528,-1250.7543129434139,-1250.544336880082,-4.950902180572826,0.0731394738625113,0.6404910161109001,False
418,1787908638.4160273,6298.29976709,41.80085325241089,24000,24000,4478,742,1.9471293813134782,0.1096099437293474,1.8330499470233916,2.1526001095771785,-0.00011602180893532932,-0.04233233258128166,0.03365863586033755,0.20712001621723175,-1253.3498531353996,-1253.4730812992984,-5.026268811898799,0.4778283730684052,0.6919012213982114,False
