scan_index,bag_stamp_s,header_stamp_s,time_s,input_point_count,finite_point_count,central_point_count,target_point_count,target_depth_mean_m,target_depth_std_m,target_depth_p05_m,target_depth_p95_m,target_u_centroid,target_v_centroid,target_radial_std,h5_magnitude,relative_angle_deg,offline_relative_angle_deg,local_rpm,raw_motion_residual_deg,heldout_motion_residual_deg,rejected_branch_boundary
0,1787909272.8271487,6932.69947969,0.0,24000,24000,4911,1128,1.9471835115699903,0.09954140026524227,1.8339999914169312,2.117949950695037,-0.0052134208381175995,0.019787900149822235,0.020875443718484828,0.2629457712173462,0.0,0.0,14.971202129217845,1.0172141754073436,1.5035199097324272,False
1,1787909272.9275076,6932.79933247,0.10035896301269531,24000,24000,4739,1042,1.9545547029793606,0.10730361045770541,1.8330499470233916,2.1428998947143554,-0.004630069714039564,0.024499058723449707,0.020833576603410005,0.3145124912261963,7.891037896206745,8.993950080532063,14.983266235021695,-0.1238122763559506,0.20444013434846653,False
2,1787909273.027268,6932.89996615,0.2001192569732666,24000,24000,4661,1025,1.9514595125942695,0.10806904431658768,1.8289999961853027,2.118599891662597,-0.00878123752772808,0.02007186785340309,0.022088597463087535,0.27955636382102966,16.877264498610145,17.987549119194515,14.983266235021695,-0.11577125275636746,-0.23283332223449094,False
3,1787909273.126924,6932.99979815,0.2997753620147705,24000,24000,4679,1011,1.950351137082018,0.11133020169775992,1.8220000267028809,2.1260000467300415,-0.009422068484127522,0.016620513051748276,0.022743656366870178,0.24993765354156494,25.520544908831567,26.980797115987357,14.964172698108756,-0.44129967019354055,-0.781897114530743,False
4,1787909273.22689,6933.09962685,0.39974141120910645,24000,24000,4646,985,1.9404761432996256,0.12287067591296776,1.8070000410079956,2.1890000343322753,-0.017629455775022507,0.01150512881577015,0.02292242995932701,0.2801358103752136,34.84267232334323,35.97369407091059,15.008288498576098,-0.11587530871526752,-0.3469544446196977,False
5,1787909273.3262203,6933.19947819,0.4990715980529785,24000,24000,4428,883,1.934279728853824,0.12439856408456343,1.807100033760071,2.1227999210357664,-0.017372004687786102,0.010161487385630608,0.023615019191080246,0.26536300778388977,43.95701196127663,44.966239983964215,14.991067212627087,0.058987352395945436,0.03410332831441565,False
6,1787909273.4259458,6933.29932799,0.598797082901001,24000,24000,4501,932,1.927198495859752,0.10758576056523798,1.8095499753952027,2.0984500169754026,-0.01099003478884697,0.006869873963296413,0.02361779263441417,0.17316600680351257,52.63022626518619,53.95843485514823,14.997964829814201,-0.24285118641775938,-0.4805100982710826,False
7,1787909273.5272496,6933.39996377,0.7001008987426758,24000,24000,4616,938,1.933009595504956,0.12369396664330558,1.812000036239624,2.147499907016754,-0.009081326425075531,0.0065530287101864815,0.02299671613245421,0.14963358640670776,62.46044946781942,62.950278684462624,15.009220949369414,0.47027319504522325,0.6484930542770186,False
8,1787909273.6268783,6933.49980093,0.799729585647583,24000,24000,4646,936,1.9312126060836337,0.10831538405237028,1.8117500245571136,2.1414999961853027,-0.008793271146714687,0.011025840416550636,0.023161350289132562,0.18587350845336914,71.25709956750549,71.94177147190743,15.009220949369414,0.30058203316352206,0.5983677748089207,False
9,1787909273.7269068,6933.59965131,0.8997581005096436,24000,24000,4478,838,1.940986875133469,0.12502331943051148,1.8088500082492829,2.1939000487327576,-0.00927711371332407,0.012290501967072487,0.023580790102386878,0.19808776676654816,80.03854735648653,80.93291321748261,14.98725433141855,0.0797050098433374,-0.09634067912465127,False
10,1787909273.8264925,6933.69950749,0.9993438720703125,24000,24000,4577,819,1.9479865703245076,0.12141892774921251,1.8179999589920044,2.1955999374389643,-0.007347608916461468,0.013428335078060627,0.02342481052023944,0.19502286612987518,88.81123482892475,89.9237039211868,14.98725433141855,-0.11008650192661662,-0.5418673557521316,False
11,1787909273.9262552,6933.79935323,1.0991065502166748,24000,24000,4645,932,1.9403068667573478,0.1227009839799053,1.8065500199794768,2.2154499888420105,-0.008683514781296253,0.006693012546747923,0.024202845051522783,0.14162702858448029,98.05635670792655,99.00058170627923,14.969558140845278,0.1566352273069498,0.3590520835397939,False
12,1787909274.0283926,6933.89999529,1.2012438774108887,24000,24000,4820,951,1.9465247103092422,0.12307114567825164,1.8049999475479126,2.1894999742507935,-0.005680571775883436,0.010354645550251007,0.022811651277587337,0.14849939942359924,106.7591733896177,107.95737268948066,14.97095880826393,-0.3326609213338827,-0.16589206841733528,False
13,1787909274.1269524,6933.99983581,1.2998037338256836,24000,24000,4560,908,1.9536795181587403,0.11574893936832761,1.8173500061035157,2.164300012588501,-0.004347818437963724,0.015846913680434227,0.02225930809194174,0.2043014019727707,116.78576609683827,116.9437893672712,14.97755333535602,0.8237826876690661,1.2532096517915505,False
14,1787909274.2271707,6934.09967947,1.400022029876709,24000,24000,4577,941,1.9586280548863912,0.11536579781959647,1.8259999752044678,2.174999952316284,-0.001151447999291122,0.01898616924881935,0.023905795681723678,0.23983579874038696,124.70907726376599,125.93844596969191,14.977052998091443,-0.27231080647239025,0.07588458618609195,False
15,1787909274.3274033,6934.19954657,1.5002546310424805,24000,24000,4589,917,1.9538386033171526,0.11707546318852187,1.815999984741211,2.137800073623657,-0.004581777844578028,0.021645378321409225,0.022340552049459474,0.2770857512950897,134.22550116829476,134.938825587058,14.974884496272823,0.22342101120068492,0.7977687987116155,False
16,1787909274.4264803,6934.29940819,1.5993316173553467,24000,24000,4695,943,1.952833510405944,0.10791837895197534,1.81910001039505,2.0899999141693115,-0.006504477001726627,0.022849606350064278,0.023140227702030756,0.3025777339935303,143.22137961338888,143.95554936622878,14.960671684902865,0.3026099158941804,0.331552035124389,False
17,1787909274.5260744,6934.39964537,1.6989257335662842,24000,24000,4666,988,1.9554463571865066,0.11910109246030498,1.8270000219345093,2.161649966239929,-0.011749105527997017,0.021141083911061287,0.02162724461816041,0.30146324634552,152.14536332931573,152.9246302949201,14.962650214378217,0.263363649237391,0.28045730810916325,False
18,1787909274.6269321,6934.49947845,1.79978346824646,24000,24000,4562,1007,1.9493396238395213,0.1066471213369698,1.8243000149726867,2.0950000286102295,-0.007371480111032724,0.024726826697587967,0.021595890341193653,0.3252943456172943,160.75899659228682,161.94140622511966,14.981787648203259,-0.1999556815185315,-0.25308835670293206,False
19,1787909274.7261617,6934.59932315,1.8990130424499512,24000,24000,4536,996,1.9534347406831611,0.11947195740689363,1.8250000476837158,2.17125004529953,-0.007722753100097179,0.022231772541999817,0.02177489374023684,0.299177348613739,169.4597272636235,170.9895591588816,14.989546206330425,-0.4296470923054301,-0.3352699961234862,False
20,1787909274.8455446,6934.69995193,2.0183959007263184,24000,24000,4432,939,1.9476858338101095,0.12098413161827141,1.820899987220764,2.154600048065185,-0.012255647219717503,0.014191867783665657,0.022082232301208076,0.2422257959842682,178.92999000815354,179.99880013279827,14.980074938469459,-1.703553335056938,-2.3468757219476686,False
21,1787909274.9334528,6934.79979629,2.106304168701172,24000,24000,4170,897,1.9520523965425183,0.1252723989253143,1.8203999757766725,2.1949999809265135,-0.018144279718399048,0.021566210314631462,0.021545741778539802,0.35793930292129517,187.80631965029082,188.95395361397215,14.993880734156209,-0.7387555504880936,-0.7173028256180771,False
22,1787909275.0274584,6934.89963867,2.2003097534179688,24000,24000,4433,882,1.949611110481816,0.1297098745776473,1.8110499918460845,2.233699965476989,-0.01854057051241398,0.02025487832725048,0.021414214464277288,0.34738513827323914,197.70981759205247,197.9503471336243,14.993742028784647,0.704466749293772,1.5718618347396216,False
23,1787909275.1261377,6934.99947873,2.2989890575408936,24000,24000,4535,921,1.940931599898654,0.11843763234167201,1.812999963760376,2.2170000076293945,-0.014620419591665268,0.017376845702528954,0.022253356551636,0.2923823595046997,206.5287542601648,206.91579064095512,14.985569868365728,0.6425043138709441,0.9085095596356609,False
24,1787909275.226555,6935.09930679,2.3994064331054688,24000,24000,4481,899,1.9412358185075413,0.11550033471583267,1.812999963760376,2.1794999122619623,-0.012784058228135109,0.016704676672816277,0.02235098103381007,0.27296143770217896,215.01899599874787,215.93162770214118,15.020025490817822,0.09542471585564272,0.36265578363881446,False
25,1787909275.3313696,6935.19994759,2.504220962524414,24000,24000,4620,947,1.9414054908118001,0.10569154552465575,1.8243000149726867,2.1117000102996824,-0.010226177051663399,0.01888168789446354,0.021206135050687504,0.27553850412368774,224.08874834923392,224.88545318394384,15.037095111269075,-0.267877499939118,-0.49865908269225656,False
26,1787909275.4275074,6935.29980201,2.600358724594116,24000,24000,4498,982,1.9538309575341142,0.12726785578023575,1.8230499565601348,2.194999933242798,-0.011929950676858425,0.017823969945311546,0.021956726260494816,0.27616989612579346,232.85936093648948,233.8822707583601,15.060185330961133,-0.14943136814542868,-0.2510311523474229,False
27,1787909275.5270314,6935.39963881,2.699882745742798,24000,24000,4551,956,1.955021969942867,0.10994252179929027,1.8259999752044678,2.169749915599823,-0.01159075740724802,0.0213236715644598,0.02142912625106043,0.31661003828048706,241.9977055253784,242.93078634412407,15.069368915444109,0.03199162451380744,0.17916620262423066,False
28,1787909275.6272693,6935.49947965,2.8001205921173096,24000,24000,4609,971,1.9579176098630062,0.1208689381398579,1.8220000267028809,2.1535000801086426,-0.012119627557694912,0.02500028908252716,0.021697237168209184,0.36627599596977234,251.16081536549044,251.9768057578763,15.06611292984654,0.1739373216484239,0.10785383888685374,False
29,1787909275.726268,6935.59933391,2.8991193771362305,24000,24000,4907,1115,1.9526860994073842,0.10775607752032014,1.8270000219345093,2.114000082015991,-0.012407004833221436,0.026578426361083984,0.019704842474959145,0.3818395435810089,259.5750766080279,260.9504941349632,15.07474762026442,-0.3214530485817022,-0.3894048092514595,False
30,1787909275.8275483,6935.69994981,3.000399589538574,24000,24000,4796,1119,1.9491751566862185,0.11288364261956249,1.8238999962806701,2.148300004005432,-0.013169989921152592,0.025389952585101128,0.020714290119878912,0.37332189083099365,268.77754850458604,269.965967587185,15.07474762026442,-0.2339557206460654,-0.35855837181139805,False
31,1787909275.9270356,6935.79978073,3.099886894226074,24000,24000,4821,1064,1.9428627839438002,0.1178976325944881,1.8161499917507171,2.1323999047279356,-0.012939627282321453,0.015359872952103615,0.021324965725031862,0.2664645314216614,278.2427435781519,279.0009692767336,15.017840573892054,0.27762214954219644,0.5184354643994311,False
32,1787909276.027247,6935.89962465,3.2000982761383057,24000,24000,4817,989,1.9413073809009471,0.11500929776591595,1.8194000244140625,2.1929999828338618,-0.015376383438706398,0.014575043693184853,0.022202605970634483,0.2809940278530121,286.88599454671527,287.96470192681795,14.977062625592545,-0.09790928716677172,-0.21886445879312078,False
33,1787909276.1261616,6935.99947077,3.2990128993988037,24000,24000,4971,1001,1.9364265754863574,0.11437324611152261,1.815000057220459,2.1519999504089355,-0.014267112128436565,0.0023116380907595158,0.02224367864218272,0.1896194964647293,295.886765407352,296.98550038956,15.000782623903754,0.0007843157464435535,-0.10468033957846501,False
34,1787909276.2265098,6936.09929605,3.3993611335754395,24000,24000,4937,836,1.947361246107868,0.11714537190386506,1.8307499885559082,2.1927499771118164,-0.014702484011650085,0.006956617347896099,0.022712749121061707,0.21028852462768555,305.3795420333636,306.0092127006753,15.000782623903754,0.4624621631278387,0.8225658052734275,False
35,1787909276.3271987,6936.19994617,3.5000500679016113,24000,24000,4816,845,1.9482520749583048,0.1184254429148004,1.819000005722046,2.1885999202728272,-0.011945619247853756,0.006743772886693478,0.02250694908199709,0.17693135142326355,314.4450532680324,314.95981041492126,15.001707101871403,0.4662124283507296,0.5697349376365537,False
36,1787909276.4272785,6936.29979363,3.6001298427581787,24000,24000,4850,858,1.9493717944427527,0.12258458749452367,1.8229999542236328,2.204650056362152,-0.010392222553491592,0.005405052565038204,0.02216171169106287,0.14980283379554749,323.53956728085404,323.98147359725937,15.004750952401965,0.553788353136099,1.0422809415990741,False
37,1787909276.526943,6936.39964789,3.699794292449951,24000,24000,4928,837,1.9512616488526229,0.12472820089733472,1.8209999799728394,2.198999977111816,-0.011980666778981686,0.0032936243806034327,0.0224010584564897,0.15717555582523346,331.99493432282304,332.9174712154473,15.000038739227657,0.03959556907102524,0.04655991229691381,False
38,1787909276.6271088,6936.49948463,3.799960136413574,24000,24000,4932,992,1.955916335145312,0.11202953916910306,1.8355499982833863,2.178350055217743,-0.004270235542207956,0.014335742220282555,0.022054304035420993,0.19024497270584106,340.9800223630037,341.9221909335981,15.022202257462576,0.009999509399733597,0.3183243393971793,False
39,1787909276.7261598,6936.59931749,3.8990111351013184,24000,24000,4735,996,1.952437750067577,0.10154335214714605,1.8359999656677246,2.0954999923706055,-0.0011396209010854363,0.020154448226094246,0.020751086676669285,0.2580993175506592,350.6672979471217,351.0305417818421,15.019267004653274,0.782924376629353,1.2213771555070139,False
40,1787909276.827742,6936.69994899,4.000593423843384,24000,24000,4757,1024,1.9515312490984797,0.09847863669501694,1.8459999561309814,2.1059999465942383,-0.003038124181330204,0.020916692912578583,0.020885586475922688,0.2738654613494873,358.58539291199355,359.9731373466941,14.972366833225436,-0.44114136831348105,-0.6163503927704141,False
41,1787909276.927203,6936.79978603,4.1000542640686035,24000,24000,4821,1018,1.9524361512281572,0.1108175851203394,1.8329999446868896,2.13445006608963,-0.005614761263132095,0.021526679396629333,0.02105915362281896,0.2878313660621643,367.288251352735,368.95855416347393,14.989166584881842,-0.6895183932445548,-1.1485101114046188,False
42,1787909277.0273395,6936.89962823,4.200190782546997,24000,24000,4932,1138,1.9501695961860026,0.10329500384222946,1.8220000267028809,2.0889999866485596,-0.014297900721430779,0.024269171059131622,0.022699971294732238,0.36385786533355713,376.8005743809131,377.99845261038604,14.981396656703815,-0.18924024205597334,-0.2674482896364907,False
43,1787909277.1261547,6936.99946025,4.29900598526001,24000,24000,4652,1041,1.945501441227256,0.10928536360392435,1.8250000476837158,2.0920000076293945,-0.0120740607380867,0.0165913924574852,0.022138862253408522,0.26867958903312683,385.91399753266893,386.9830434306952,14.960856786219926,0.031053261192710124,0.4425954312308704,False
44,1787909277.2266471,6937.09930865,4.399498462677002,24000,24000,4512,933,1.9450610943801405,0.12773688378480333,1.8156000137329102,2.2093999862670897,-0.012460563331842422,0.013776883482933044,0.02324463129568424,0.24584107100963593,394.91658362379644,395.97513428807537,14.94977752789572,-0.010440969657395271,0.2314632160862402,False
45,1787909277.327733,6937.19995203,4.500584363937378,24000,24000,4624,965,1.9376404142132695,0.12338598400071724,1.8101999521255494,2.202600049972534,-0.011730673722922802,0.005065920762717724,0.022943960757300243,0.1667163223028183,404.6749171390779,404.97363834020746,14.950614570595308,0.6504055106018996,1.0210964301576837,False
46,1787909277.4272144,6937.29978875,4.6000657081604,24000,24000,4608,945,1.9338201087618632,0.11494368619999683,1.8092000007629394,2.1670000553131104,-0.010924187488853931,0.009828300215303898,0.023996203451651467,0.19510291516780853,412.9036559199783,413.95856383262577,14.950614570595308,-0.07393648446424095,0.030506417891444926,False
47,1787909277.5273345,6937.39963855,4.700185775756836,24000,24000,4394,865,1.9334092468195567,0.12358041491443034,1.805199956893921,2.184200048446655,-0.014903231523931026,0.013164431788027287,0.023657806905672946,0.2593388557434082,423.0333897071104,422.9573673299768,14.95932708838391,1.0452329653329002,1.3269813644373016,False
48,1787909277.6334176,6937.49947185,4.806268930435181,24000,24000,4162,860,1.9196453478447226,0.09407512347538854,1.809000015258789,2.062999963760376,-0.01056548673659563,0.005232015158981085,0.02311978728670359,0.15708179771900177,431.47901969034643,431.947988640661,14.961093002783947,-0.05636482788054309,-0.30370724843652397,False
49,1787909277.726882,6937.59931405,4.899733304977417,24000,24000,4466,897,1.9324303232839408,0.11409734032902624,1.809999942779541,2.1504000663757323,-0.012689643539488316,0.008142075501382351,0.023263591738024253,0.19468475878238678,439.05653665949967,440.9345037469138,14.977243381863014,-0.8904158917834479,-1.33818645962981,False
50,1787909277.8279335,6937.69996733,5.000784873962402,24000,24000,4779,944,1.9413707649051133,0.12313397890584571,1.8079999685287476,2.181099951267242,-0.002640249440446496,0.008475256152451038,0.02353484489141689,0.11342834681272507,449.53568771025505,449.93199820177387,14.977655021671042,0.49433794583745794,0.6998370424816471,False
51,1787909277.9270186,6937.79981673,5.099869966506958,24000,24000,4804,838,1.9443484479316948,0.12186340214098078,1.8028499841690064,2.199299895763397,-0.0012250496074557304,0.008448503911495209,0.0237707064488586,0.11033704876899719,458.04824635597805,458.86926171404707,14.977655021671042,0.08947750988079406,0.13533027043587254,False
52,1787909278.033573,6937.89966687,5.206424236297607,24000,24000,4599,783,1.9458390827532168,0.1259413474089775,1.8040000200271606,2.2048999309539794,-0.004868848714977503,0.013680819422006607,0.023987106829799997,0.18717388808727264,466.5854466879716,467.78587392644556,14.969036682450382,-0.9629491571447488,-1.3854442891494045,False
53,1787909278.1260414,6937.99950835,5.2988927364349365,24000,24000,4598,843,1.9581174369667207,0.13354963639661985,1.8092000126838683,2.254600095748901,-0.00563917076215148,0.019252078607678413,0.021940451475574285,0.2508484125137329,475.79991748697296,476.7409769461443,14.969036682450382,-0.07042009936071736,-0.27130512403488183,False
54,1787909278.2264857,6938.09934151,5.39933705329895,24000,24000,4631,944,1.9524586887682898,0.10999330428863487,1.819000005722046,2.1578500032424928,-0.006724019534885883,0.016805214807391167,0.022878794979123568,0.22954916954040527,484.38554853875246,485.6886216610871,14.971557879936759,-0.524535036077566,-0.7534691998755534,False
55,1787909278.3276358,6938.19997287,5.5004870891571045,24000,24000,4723,1023,1.9571124141633451,0.11470470015512184,1.829100000858307,2.1419999599456787,-0.00974194798618555,0.019838258624076843,0.022928030696603867,0.2776302695274353,493.5600837506913,494.6571893027551,14.976534835074643,-0.45325881810373403,-0.34920633462786554,False
56,1787909278.4280453,6938.29982123,5.600896596908569,24000,24000,4559,1038,1.9535867057324374,0.1183926491952364,1.8270000219345093,2.153300094604492,-0.005485733970999718,0.017367497086524963,0.022071362817338198,0.23104041814804077,502.86030232351635,503.6734126739999,14.984565701312812,-0.18965349769450768,-0.632808622403104,False
57,1787909278.527377,6938.39965905,5.700228214263916,24000,24000,4564,1024,1.9521494146902114,0.11931816797225918,1.819000005722046,2.149850070476532,-0.006032666657119989,0.019840460270643234,0.0227337273346054,0.26527366042137146,511.97493185978146,512.62063544151,15.016552640242026,-0.014629680830239522,0.025259475740654125,False
58,1787909278.6275795,6938.49950585,5.800430774688721,24000,24000,4689,1015,1.9509369455534837,0.11789280360055278,1.8209999799728394,2.119599986076355,-0.008639633655548096,0.026245873421430588,0.021832568798789122,0.34585702419281006,520.6140291680546,521.6723884563788,15.02127658213134,-0.39352086526116636,-0.34875284241320514,False
59,1787909278.7262237,6938.59935107,5.899075031280518,24000,24000,4683,975,1.9522051295256004,0.11010177139705528,1.8200000524520874,2.115600037574768,-0.012472203932702541,0.02665981464087963,0.022219966415091077,0.37009549140930176,529.5014444539316,530.7211231571749,15.018081984931477,-0.3838504897422581,-0.23833708368556472,False
60,1787909278.8276832,6938.69998951,6.000534534454346,24000,24000,4496,919,1.9494744285016896,0.1262577010056836,1.8200000524520874,2.1879000902175885,-0.017533382400870323,0.02342475950717926,0.021803600010333747,0.36618807911872864,539.202050872608,539.6914734571428,15.013990960809723,0.1856456237870816,0.8721612065166937,False
61,1787909278.9272747,6938.79983391,6.100126028060913,24000,24000,4502,950,1.9444810518465545,0.12211967515876734,1.8124500036239624,2.192550003528595,-0.018109023571014404,0.017859846353530884,0.022546774045019712,0.32660022377967834,548.2004263608148,548.7810099356195,15.038754640846774,0.22102715747121238,1.087540902856972,False
62,1787909279.0283701,6938.89967019,6.201221466064453,24000,24000,4403,916,1.9414257649250948,0.11678167902519926,1.8109999895095825,2.1464999318122864,-0.013319899328052998,0.017233356833457947,0.02222378040846401,0.2797429859638214,557.0561097751515,557.8015946111109,15.04943976146321,-0.021634747071971105,-0.08589403566884357,False
63,1787909279.1265283,6938.99950963,6.299379587173462,24000,24000,4547,929,1.9394607108940478,0.11522408508031126,1.8140000104904175,2.178800058364868,-0.008607766591012478,0.015931708738207817,0.020791149768148325,0.23260833323001862,565.8443360599184,566.8327809406117,15.045371358531229,-0.06740235301765551,-0.5399894728803929,False
64,1787909279.2266421,6939.09934555,6.399493455886841,24000,24000,4552,849,1.9488680771298628,0.1264892173805844,1.8179999589920044,2.203600025177002,-0.010411681607365608,0.013614727184176445,0.021757414579750344,0.22488071024417877,574.9926911689918,575.8844059366758,15.03997848129864,0.0709463032281974,0.012242006688779838,False
65,1787909279.32793,6939.19999365,6.500781297683716,24000,24000,4482,864,1.9508263897840623,0.12111098348574895,1.8200000524520874,2.1848000884056082,-0.012819124385714531,0.019210515543818474,0.02161678238138373,0.30126479268074036,583.6105817470103,584.9093683201446,15.027450191210042,-0.4268243144618964,-0.9006610215283217,False
66,1787909279.4277968,6939.29983171,6.6006481647491455,24000,24000,4517,902,1.958391352926284,0.1186386662544026,1.8320000171661377,2.1877999663352963,-0.012916335836052895,0.019554106518626213,0.021717085994638993,0.3063385784626007,592.7549092500108,593.9541998446374,15.01141800366937,-0.2702737123748875,-0.3774104013136821,False
67,1787909279.5277252,6939.39966285,6.700576543807983,24000,24000,4741,997,1.9528746234258654,0.11084436612932709,1.8270000219345093,2.149199962615967,-0.013669604435563087,0.021301988512277603,0.021089552577849634,0.32762494683265686,602.1253365350033,602.9910111152752,14.999172538281703,0.10684074082212192,0.5350713436839669,False
68,1787909279.6346483,6939.49949799,6.807499647140503,24000,24000,4559,1039,1.9571828696450095,0.11995765507124119,1.8238999962806701,2.186200094223022,-0.018446043133735657,0.025105834007263184,0.021514270242914614,0.39685043692588806,611.2006724690812,611.9761653883398,14.99806382124057,-0.4406444523151549,-0.393434914001773,False
69,1787909279.726576,6939.59933811,6.89942741394043,24000,24000,4785,1157,1.9498556611243258,0.11258116034915519,1.8118000268936156,2.1363999843597417,-0.012399153783917427,0.025185642763972282,0.0211315766850785,0.36744004487991333,620.2703820443926,620.9853841267292,14.97716391616833,0.3557880765097252,1.0803570165622887,False
70,1787909279.8275886,6939.69997211,7.000439882278442,24000,24000,4789,1205,1.9486224072602774,0.11353302057084534,1.8179999589920044,2.1389999389648438,-0.01294785924255848,0.02410748414695263,0.02065443686173254,0.35373422503471375,629.0017448220746,629.9037746072097,14.97716391616833,-0.0037273951262477567,0.04669858887586997,False
71,1787909279.9271736,6939.79980677,7.100024938583374,24000,24000,4922,1103,1.950145967203384,0.12451433968492095,1.8200000524520874,2.2066000223159783,-0.018218711018562317,0.016790730878710747,0.022042747596157757,0.3222057819366455,637.7884461735699,638.8745150104692,14.990193620754106,-0.1794406565496729,-0.5623877725957982,False
72,1787909280.0277588,6939.89964351,7.200610160827637,24000,24000,4876,912,1.9461666664533448,0.11167926039239719,1.8225499868392945,2.1907999753952025,-0.01823442615568638,0.01544613391160965,0.02281259595527084,0.3122895658016205,647.5875539531646,647.8637695220472,15.006945727350919,0.567239990551343,0.8477242844942339,False
73,1787909280.1262152,6939.99949145,7.299066543579102,24000,24000,4790,891,1.9348540958999652,0.10365112434373648,1.8210000395774841,2.1414999961853027,-0.01554449088871479,0.007198021747171879,0.023041652831519557,0.22598162293434143,656.1631469909441,656.872781209317,15.016038176842907,0.28199630996914493,0.5019853801831005,False
74,1787909280.2267535,6940.09933209,7.399604797363281,24000,24000,4844,879,1.9341649618571937,0.11099758671700256,1.8209999799728394,2.1278000831603996,-0.013392124325037003,0.004946827422827482,0.022618454871111512,0.18569353222846985,665.0773454573156,665.8524279806041,15.026308838402414,0.1479946918460655,0.10935380024989172,False
75,1787909280.3271468,6940.19997679,7.499998092651367,24000,24000,4935,837,1.9403679788183852,0.11439240204567076,1.8209999799728394,2.1526000022888176,-0.009228520095348358,0.004667189903557301,0.022342940959610418,0.13527503609657288,673.8819476422406,674.8918782332647,15.034007444828049,-0.0825572930866656,-0.189730433991258,False
76,1787909280.4274704,6940.29981493,7.6003217697143555,24000,24000,5010,884,1.9498563338728512,0.12601159590919997,1.8211499869823455,2.201699924468994,-0.0015646024839952588,-0.000380788987968117,0.0214213749681667,0.021029992029070854,682.4012130593418,683.8665468103968,15.016263944093813,-0.5921805736820716,-0.558846447354199,False
77,1787909280.5272017,6940.39965593,7.700052976608276,24000,24000,4759,807,1.9578054533276563,0.11994216515672695,1.8320000171661377,2.2164000034332267,-0.00746882613748312,0.005329483654350042,0.0216886991038359,0.1172238364815712,691.4435196431248,692.8505603346191,15.010366077932119,-0.525441802936939,-0.6837556164848593,False
78,1787909280.627168,6940.49950103,7.800019264221191,24000,24000,4815,994,1.9584185127281326,0.11508165141030327,1.8283000051975251,2.188149964809417,-0.004056088160723448,0.01509078685194254,0.021449868736582094,0.20042537152767181,701.2015875905936,701.8742311987742,15.01072342967561,0.23590163440201195,0.6809411191292156,False
79,1787909280.7264326,6940.59934827,7.8992838859558105,24000,24000,4802,1006,1.9539502983538815,0.10129498207953948,1.847000002861023,2.119749963283539,-0.0078172842040658,0.02102482132613659,0.02105727851332084,0.28560444712638855,709.3601691553383,710.8950870476601,14.987857517736801,-0.5390930761537902,-1.0044401919740267,False
80,1787909280.8276954,6940.69999267,8.00054669380188,24000,24000,5038,1121,1.9480918840464474,0.09471988685905268,1.8380000591278076,2.066999912261963,-0.006370686460286379,0.023519394919276237,0.021357546450855025,0.31205815076828003,719.251426065018,719.8784559512668,14.986100967475108,0.2387556329435938,0.7983214609081415,False
81,1787909280.927187,6940.79983321,8.100038290023804,24000,24000,4786,1071,1.947055089262242,0.10107311064668817,1.8255000114440918,2.10099995136261,-0.00731064984574914,0.024797748774290085,0.02111980551545711,0.33055153489112854,728.3281769065749,728.9236255628459,14.988087493249749,0.3615030433869606,0.7952718199292121,False
82,1787909281.0278223,6940.89967505,8.200673580169678,24000,24000,4741,1113,1.9502210251833014,0.10461069148939645,1.8300000429153442,2.1026000499725335,-0.009932630695402622,0.016621192917227745,0.021809573531082226,0.25056177377700806,737.346736354039,737.8624447687266,14.981407428392151,0.32312936810455994,0.2991067545807482,False
83,1787909281.1264408,6940.99951039,8.299292087554932,24000,24000,4579,993,1.9498972784716557,0.11284125340038006,1.8229999542236328,2.154600095748901,-0.009667647071182728,0.017988115549087524,0.02207545187803653,0.25970497727394104,746.1145911981669,746.8729650453583,14.996918941733455,0.21555666829010534,0.040904422691255604,False
84,1787909281.2269711,6941.09933843,8.399822473526001,24000,24000,4625,968,1.942928718510738,0.12562548351245653,1.8070000410079956,2.151199996471405,-0.014032929204404354,0.012549356557428837,0.02377170752188515,0.24807722866535187,755.4177268234686,755.8727127233303,15.02580513896416,0.47120029327993507,0.6181229357614484,False
85,1787909281.3273003,6941.19997121,8.500151634216309,24000,24000,4392,908,1.9361409678858281,0.12062889329146927,1.811350005865097,2.186300003528595,-0.015605825930833817,0.008667721413075924,0.02361598462610349,0.23549236357212067,763.7295672494542,764.9227828644499,15.028093152136323,-0.24634149164921837,-0.157780178820758,False
86,1787909281.4275875,6941.29981829,8.600438833236694,24000,24000,4420,919,1.9290119692342715,0.11382848015111932,1.8049999475479126,2.128000020980835,-0.01517754327505827,0.005465184338390827,0.023605313137849786,0.2148568481206894,773.0978378202866,773.9571400108125,15.000597690439632,0.09632331724219512,-0.14867697275133196,False
87,1787909281.527267,6941.39965599,8.70011830329895,24000,24000,4469,894,1.9302975404715912,0.12608176887687442,1.805999994277954,2.184050095081329,-0.013007927685976028,0.006764729507267475,0.023405637651704093,0.19402404129505157,781.9527610963896,782.9206055694217,14.990596566170021,-0.01966502976472384,-0.02591303782264731,False
88,1787909281.6278458,6941.49951397,8.800697088241577,24000,24000,4587,921,1.9283420204727968,0.11228574017023005,1.8170000314712524,2.1040000915527344,-0.004971624352037907,0.008251090534031391,0.02267876294395478,0.1280873417854309,790.6183319951016,791.828236093439,15.017351673120045,-0.40594192194248535,-0.3334222945959482,False
89,1787909281.7267535,6941.59934711,8.899604797363281,24000,24000,4653,865,1.9394000007927072,0.11805036172283119,1.809999942779541,2.1850000858306884,-0.004704011604189873,0.011971153318881989,0.023803855563222204,0.16834889352321625,799.6191518785938,800.8706196522555,14.9995216825633,-0.30657704037696476,-0.2920827894328113,False
90,1787909281.827944,6941.69998391,9.000795364379883,24000,24000,4606,822,1.9377822398849358,0.114940633438494,1.8110499918460845,2.1497500896453854,-0.005704777780920267,0.009993461892008781,0.02313140353261162,0.14741718769073486,809.3119023213419,809.8349288385898,15.003532317041644,0.27926670201088655,-0.11724277514713322,False
91,1787909281.927322,6941.79982717,9.100173234939575,24000,24000,4667,853,1.9481652989057696,0.13033886793171762,1.8070000410079956,2.2664000034332275,-0.008997485972940922,0.009965131059288979,0.02342137640416312,0.1697501242160797,817.1481524815358,818.8601224927935,15.006439572600817,-0.8282515339058136,-1.4246296996049068,False
92,1787909282.0284274,6941.89964993,9.201278686523438,24000,24000,4701,883,1.950104191241151,0.11841096677221609,1.8170000314712524,2.195600080490112,-0.009696420282125473,0.013387667015194893,0.024046849473003347,0.20930810272693634,827.2521393959614,827.8933818859482,15.007048297420182,0.17648886358938398,0.2762774851867107,False
93,1787909282.1266322,6941.99949947,9.29948353767395,24000,24000,4817,1015,1.952932021535676,0.12337079052768982,1.8140000104904175,2.178999900817871,-0.005319333169609308,0.012637934647500515,0.02227754601609067,0.1721763014793396,836.3248400144544,836.881155934907,14.9956887861324,0.410990000467109,0.38848148256499826,False
94,1787909282.2269263,6942.09933587,9.39977765083313,24000,24000,4559,981,1.9528583097409278,0.11990416766976567,1.8140000104904175,2.1670000553131104,-0.004391321912407875,0.01731770858168602,0.0226904119475707,0.22432416677474976,845.4487915520783,845.9004020153106,15.015569599247506,0.5087135203532398,0.7663768886560547,False
95,1787909282.3273926,6942.19998189,9.500243902206421,24000,24000,4553,961,1.9524380853099208,0.10434551592166084,1.8209999799728394,2.125,-0.00556701747700572,0.021743066608905792,0.023295850268518662,0.2827072739601135,853.8251468267208,854.9440166050589,15.026302148098017,-0.1566512463732579,-0.3177506926405158,False
96,1787909282.4275692,6942.29981823,9.600420475006104,24000,24000,4664,905,1.9529226541519165,0.10719601062001549,1.824399995803833,2.0869998931884766,-0.006055851932615042,0.02428627200424671,0.022618378008919995,0.3150970935821533,862.7850343888624,863.9462830736494,15.036556483391022,-0.21241335342347156,-0.02099098963947199,False
97,1787909282.5271971,6942.39968387,9.700048446655273,24000,24000,4762,1028,1.95990856171582,0.12344957118341518,1.8240000009536743,2.2247499823570247,-0.012462819926440716,0.02427043579518795,0.023323337698767533,0.34347572922706604,872.1325179979777,872.9939374054493,15.04285369816752,0.16879336541342127,0.5015418002627712,False
98,1787909282.627446,6942.49951055,9.800297260284424,24000,24000,4565,950,1.9519494736822027,0.10927307104924422,1.8264499962329865,2.1089999675750732,-0.010455271229147911,0.02469165064394474,0.022128382924091486,0.33943888545036316,881.9302762518307,882.0265178502666,15.031480270063065,0.944400449852651,1.5273510483963264,False
99,1787909282.7264912,6942.59935761,9.89934253692627,24000,24000,4533,981,1.9466911317376185,0.11419271758719908,1.819000005722046,2.1050000190734863,-0.00791370589286089,0.023084592074155807,0.021442557114192077,0.3119840919971466,889.9027741195657,891.1021184660939,15.011527634739274,0.003062571013856541,-0.32195040343935943,False
100,1787909282.828117,6942.69997815,10.000968217849731,24000,24000,4470,936,1.9454412367354093,0.12343058431732547,1.8109999895095825,2.1457499861717224,-0.007074796594679356,0.018661554902791977,0.020613435062905812,0.2534340023994446,898.9529231133181,900.1276802960102,14.993516697860732,-0.09285433660090803,-0.0721009413300635,False
101,1787909282.9274032,6942.79980311,10.100254535675049,24000,24000,4512,962,1.9351434519285968,0.10133972611781829,1.813049966096878,2.0769999027252197,-0.013462522067129612,0.017330264672636986,0.021458429993520354,0.2843266427516937,907.7933204791724,909.1460660708465,14.971818397166205,-0.18798584182343347,-0.7653604768044033,False
102,1787909283.03115,6942.89964697,10.204001426696777,24000,24000,4358,888,1.948040540959384,0.11986485501084823,1.8153500318527223,2.198299932479858,-0.015204017050564289,0.019339347258210182,0.02183367430840476,0.31628817319869995,916.7399960423841,918.0741061129,14.969240229678393,-0.5782799670246277,-0.9335914376739538,False
103,1787909283.126738,6942.99948199,10.299589395523071,24000,24000,4419,856,1.938792057265745,0.11003412129998275,1.8170000314712524,2.1419999599456787,-0.017837565392255783,0.021182328462600708,0.02162447738463089,0.3571571111679077,926.5994992062975,927.0810705795598,14.958156011693333,0.6785368058224321,1.2988675279439121,False
104,1787909283.2269244,6943.09931129,10.399775743484497,24000,24000,4501,873,1.9459839656454045,0.12352091015275253,1.8146000385284424,2.208400011062622,-0.017102450132369995,0.017960263416171074,0.02224027077883802,0.3168180286884308,935.2020542010058,936.0702026032799,14.96320844337317,0.2645623903848673,1.0658236486686974,False
105,1787909283.3275933,6943.19996297,10.500444650650024,24000,24000,4673,949,1.9386828253467667,0.10492140698057235,1.8179999589920044,2.0806000232696533,-0.01169409416615963,0.01926080510020256,0.021678964667129763,0.2903008759021759,944.4039400305601,945.0858957077828,14.960796626678736,0.4064896465943093,0.9001537561653095,False
106,1787909283.4275084,6943.29981317,10.600359678268433,24000,24000,4670,962,1.9548762993356543,0.12158837065262346,1.8309999704360962,2.177000045776367,-0.013314856216311455,0.022154536098241806,0.021910720138405722,0.33431243896484375,953.4923452658625,954.0486395482424,14.959675500381785,0.5027836475019285,0.4283178390685407,False
107,1787909283.5343907,6943.39966461,10.707242012023926,24000,24000,4228,981,1.9533873617831357,0.11598233884126496,1.8279999494552612,2.1470000743865967,-0.010812737978994846,0.016606789082288742,0.021684723949165544,0.2584792971611023,962.3213783261457,963.0076074675192,14.937751665924415,-0.2873352559383875,-0.06339298493867318,False
108,1787909283.627641,6943.49949899,10.800492286682129,24000,24000,4660,1045,1.9608411479794807,0.11135988775137463,1.8370000123977661,2.163200044631958,-0.009823590517044067,0.022265365347266197,0.020778108405298652,0.3159959316253662,971.5115231799889,971.9314601987379,14.956093712499012,0.5105100374537415,0.5850682212446827,False
109,1787909283.7264695,6943.59933163,10.899320840835571,24000,24000,4759,1095,1.9588968058155007,0.11451186763320412,1.8256999969482421,2.1661000251770015,-0.012958008795976639,0.0249974112957716,0.021580406749856805,0.3676385283470154,979.3518057721351,980.9011113335793,14.963618130121105,-0.5435386163080693,-0.9081487987060655,False
110,1787909283.827722,6943.69996959,11.00057339668274,24000,24000,4867,1125,1.9550026682747734,0.11815999508316963,1.8192000150680543,2.203599977493286,-0.01521316822618246,0.026629678905010223,0.02088511037190378,0.3949386477470398,988.4960412753403,989.8220591259138,14.982270091231976,-0.5117886585379665,-0.7254102472007844,False
111,1787909283.9271824,6943.79981397,11.1000337600708,24000,24000,4788,998,1.9451042078062146,0.11504639882886633,1.8238499939441681,2.1524499535560606,-0.014710080809891224,0.01649133488535881,0.021802996326446857,0.2925754487514496,998.0865788977151,998.8435705832547,14.997329288191482,0.12755641235719395,0.3689860016104376,False
112,1787909284.0340424,6943.89964973,11.206893682479858,24000,24000,4564,919,1.9406071835166092,0.11587449791405267,1.819000005722046,2.186200094223022,-0.01694606803357601,0.00989646278321743,0.021923467099157077,0.2639845013618469,1006.9696337550648,1007.8093277898286,14.95423358370392,-0.6065237269510817,-0.8162751890215532,False
113,1787909284.1265278,6943.99949529,11.299379110336304,24000,24000,4865,960,1.9353208313385646,0.10626390941530126,1.815999984741211,2.152149951457977,-0.013093090616166592,0.007987200282514095,0.022184788462525827,0.20340348780155182,1015.6504087692786,1016.7484385504425,14.95423358370392,-0.24921390780195907,-0.29759147544928055,False
114,1787909284.2266097,6944.09934311,11.399461030960083,24000,24000,4950,894,1.9438467549797673,0.1196129720555523,1.8200000524520874,2.203449964523315,-0.011228956282138824,0.004166410770267248,0.021995141287767073,0.1552824079990387,1024.9145846543586,1025.7336575141503,14.966479340701746,0.0078307753738045,-0.13986988527267386,False
115,1787909284.3264272,6944.19997355,11.499278545379639,24000,24000,4866,884,1.9392895922401912,0.10506694118776541,1.819150012731552,2.139700090885162,-0.01045733131468296,0.0036595382262021303,0.02173430599611954,0.14158572256565094,1033.698176042888,1034.686724707997,14.974202144533335,-0.19191311804661382,-0.24718339405194456,False
116,1787909284.4273522,6944.29981625,11.600203514099121,24000,24000,4827,841,1.9601878713058944,0.1307891422127516,1.8250000476837158,2.2300000190734863,-0.01150105893611908,0.007202792912721634,0.022809427502031014,0.17352907359600067,1042.6845963119933,1043.6937837788678,14.992820211327816,-0.28849634386506295,-0.7116611358146656,False
117,1787909284.5271685,6944.39965933,11.700019836425781,24000,24000,4807,830,1.952759036098618,0.11991979414893772,1.8259999752044678,2.2239500045776364,-0.010171124711632729,0.007428828626871109,0.022032886094135992,0.15948669612407684,1051.350142854662,1052.7089839364307,15.005204248407956,-0.6061777976640315,-0.6787787712235058,False
118,1787909284.6279776,6944.49950103,11.80082893371582,24000,24000,4967,1000,1.9669400022029877,0.13065568331904515,1.8339999914169312,2.2550501108169554,-0.005432569421827793,0.013667676597833633,0.02238086953469265,0.1896115243434906,1060.997343331151,1061.7055634079607,15.032940186757116,-0.03155266722797023,-0.38718518348468933,False
119,1787909284.726969,6944.59934277,11.899820327758789,24000,24000,4945,1052,1.9545884041731802,0.10862389809236202,1.836100023984909,2.1342500209808346,-0.0041504609398543835,0.017889993265271187,0.02089923560573092,0.23453490436077118,1070.5425245132196,1070.7634728656053,15.032176838056998,0.6046420720629158,1.079670966737467,False
120,1787909284.8283093,6944.69997805,12.001160621643066,24000,24000,4779,1049,1.9547063915699976,0.108590458907859,1.8339999914169312,2.1481999874114988,-0.0018723568646237254,0.021435929462313652,0.020825006372410523,0.274903804063797,1079.6794900987866,1079.7424320492437,15.032294735526412,0.6212259007038483,0.3767656734796674,False
121,1787909284.9273245,6944.79981261,12.100175857543945,24000,24000,4714,1047,1.9496743074460836,0.10061783169172049,1.836299979686737,2.0777000188827515,-0.004567944910377264,0.022665267810225487,0.020990052820767525,0.2947048544883728,1087.2933588282328,1088.7267426091312,15.04819260406944,-0.6760375222718267,-1.0342413073217358,False
122,1787909285.0276458,6944.89965203,12.200497150421143,24000,24000,4819,1076,1.9503605951828584,0.10569759530302018,1.8259999752044678,2.1015000343322754,-0.01121064368635416,0.019720664247870445,0.022470531002558473,0.29411837458610535,1096.5832659134512,1097.7662086046507,15.048123554650337,-0.4148045637857649,-0.6301814173707498,False
123,1787909285.1268315,6944.99949011,12.299682855606079,24000,24000,4724,1011,1.9430356072860702,0.09699971482321054,1.8224999904632568,2.0810000896453857,-0.014574745669960976,0.02068537287414074,0.021832365342010173,0.3337239921092987,1105.6162988500498,1106.7920592216967,15.048831323298138,-0.3082456035654104,-0.48213980826903935,False
124,1787909285.2272298,6945.09933175,12.400081157684326,24000,24000,4473,880,1.9398090888153423,0.121462051683161,1.809000015258789,2.1250499963760374,-0.014536693692207336,0.014492231421172619,0.022845893995739795,0.2732142508029938,1114.8159417909822,1115.8247646766947,15.052668476140381,-0.1442074315159516,-0.15391919592502745,False
125,1787909285.3273497,6945.19998461,12.500200986862183,24000,24000,4536,978,1.9343680996592547,0.1125212891033576,1.8098499536514283,2.139449942111969,-0.009440443478524685,0.007087856996804476,0.023177812268419782,0.15841370820999146,1124.0829851864837,1124.8552177570355,15.058674064118897,0.11229308374686298,0.43675655657762036,False
126,1787909285.4275694,6945.29983261,12.600420713424683,24000,24000,4480,867,1.9281833919824338,0.1183686925385094,1.812000036239624,2.1615000724792477,-0.012028725817799568,0.011441333219408989,0.023732965009053277,0.21803145110607147,1132.7032473873173,1133.9260519651195,15.058166316346489,-0.2869781190672711,-0.46290345630882257,False
127,1787909285.5272436,6945.39966695,12.700094938278198,24000,24000,4633,989,1.9362052551294602,0.12233345176569714,1.8074000120162963,2.1897999763488767,-0.009849588386714458,0.006421481724828482,0.02357908716391783,0.15493911504745483,1141.8923364491807,1142.961322608323,15.02612942236658,-0.06832862419219055,-0.06224559820293507,False
128,1787909285.6277332,6945.49951359,12.800584554672241,24000,24000,4510,922,1.931776572075428,0.11902487078264444,1.812000036239624,2.173750019073486,-0.012495540082454681,0.01059525366872549,0.023491637643826693,0.2127097100019455,1151.3470075685295,1151.9540460967985,15.008941910732874,0.34251965833641407,0.3627939061748293,False
129,1787909285.7264175,6945.59935807,12.899268865585327,24000,24000,4462,855,1.9364900580623694,0.11654033264393095,1.812999963760376,2.1822999715805054,-0.013058357872068882,0.011649703606963158,0.023567864311355283,0.2241312563419342,1160.127002637347,1160.9942937023434,15.00765934945728,0.24116502459355615,0.12322730848973151,False
130,1787909285.8267577,6945.69960659,12.999608993530273,24000,24000,4554,891,1.9358518538384057,0.11667951275561457,1.8084999918937683,2.1760001182556152,-0.010482114739716053,0.008414068259298801,0.024312835536169693,0.1746608018875122,1169.2418820850435,1170.0032992443744,15.007016242903303,0.32567523493889894,0.4450877690367179,False
131,1787909285.926483,6945.79944915,13.099334239959717,24000,24000,4864,893,1.9433303465367966,0.12049813929051623,1.8062000036239625,2.1756000041961667,-0.002031089272350073,0.01150665432214737,0.022201507716997342,0.14590393006801605,1178.2597060144742,1179.1072347803781,15.030811359794422,0.36846777874279724,0.3932763008501752,False
132,1787909286.0268214,6945.89967563,13.19967269897461,24000,24000,4654,842,1.9473776711137731,0.12378909609461793,1.8079999685287476,2.22890008687973,-0.005415366962552071,0.010141434147953987,0.023284010855505972,0.14616753160953522,1187.161789360699,1188.0432547922403,15.002039171164691,0.24033208729156286,0.2932434533270225,False
133,1787909286.1264968,6945.99949475,13.29934811592102,24000,24000,4602,893,1.9525139993943132,0.10920726175387577,1.819000005722046,2.148000001907348,-0.002422789577394724,0.016344089061021805,0.023378837337911927,0.21050311625003815,1196.4502924395335,1197.0387396785293,15.001809375393494,0.5582883136555665,0.8403977720636249,False
134,1787909286.226907,6946.09932961,13.399758338928223,24000,24000,4583,892,1.9564192808262435,0.1236138119919251,1.8170000314712524,2.1693000793457022,-0.007132870145142078,0.020109668374061584,0.022446501304104315,0.2662346661090851,1205.1233532242372,1206.023567711599,14.981336593145569,0.19467147465411472,-0.023208832790487577,False
135,1787909286.3271506,6946.19997181,13.500001907348633,24000,24000,4778,960,1.9624802090227604,0.11922334566911091,1.8219500243663789,2.166049897670746,-0.012326112948358059,0.024230150505900383,0.02325845315408554,0.3395337760448456,1214.4765363368217,1214.9939491168386,14.973144232650123,0.5261754739467506,0.7146828672837273,False
136,1787909286.427728,6946.29980793,13.600579261779785,24000,24000,4593,964,1.945183611509711,0.09626747810808531,1.8259999752044678,2.088849997520447,-0.005972337909042835,0.02008078806102276,0.021220472063304886,0.2655278444290161,1222.6375906367625,1223.9464868654425,14.96278516581235,-0.3644892744234767,-0.4296971988540008,False
137,1787909286.5272698,6946.39964101,13.7001211643219,24000,24000,4533,1034,1.953167312726292,0.11929568347677953,1.8259999752044678,2.155400025844574,-0.005572197493165731,0.020852308720350266,0.02215343013967666,0.2761336863040924,1231.8401024637603,1232.9232204207729,14.952418339924563,-0.12050832588852245,-0.12710126008232692,False
138,1787909286.6270351,6946.49948465,13.799886465072632,24000,24000,4578,1035,1.9483256037108565,0.10887308916661052,1.8256999969482421,2.101400017738342,-0.006579122040420771,0.021957838907837868,0.02246809475937434,0.2933056056499481,1240.7565585095854,1241.8612530221808,14.941970100595762,-0.18268845789270927,-0.37996681598542636,False
139,1787909286.7265615,6946.59931627,13.899412870407104,24000,24000,4559,937,1.9544866586316738,0.1134374426218042,1.8248000383377074,2.1495999336242675,-0.01122630201280117,0.0286309402436018,0.021689252172176418,0.38337478041648865,1249.3657314007326,1250.8572189884962,14.94068670367652,-0.5306517339395214,-0.785774174023345,False
140,1787909286.8283234,6946.69995887,14.001174688339233,24000,24000,4632,969,1.9445665631869997,0.12366717178460632,1.813800001144409,2.1580000400543207,-0.013491836376488209,0.018136566504836082,0.02280615104288627,0.29071053862571716,1259.413639637187,1259.7887147484269,14.932765683866648,0.35893859907946535,1.253728920497224,False
141,1787909286.9274342,6946.79979657,14.100285530090332,24000,24000,4452,914,1.9436323834456812,0.11879285419209697,1.813649994134903,2.1600000858306885,-0.019887272268533707,0.01884422078728676,0.021090792234154103,0.3447144627571106,1267.5313455883909,1268.73945811454,14.941952991514485,-0.44309189781233727,-0.07553290731652851,False
142,1787909287.027847,6946.89962407,14.200698375701904,24000,24000,4458,914,1.9362986886005693,0.11232317157279305,1.8076499938964843,2.1266999602317807,-0.018313957378268242,0.016820531338453293,0.022114630363256487,0.3197000026702881,1277.5022191658277,1277.6913537102496,14.950458300237079,0.4908680278585962,1.0186197032012387,False
143,1787909287.1266572,6946.99945833,14.299508571624756,24000,24000,4502,914,1.9373698027180895,0.11545927628528684,1.8049999475479126,2.134350037574768,-0.012827879749238491,0.01621682196855545,0.021893013030324336,0.26679080724716187,1285.7850183913301,1286.632255938328,14.993711922772682,-0.11901179612073065,0.13302481567825453,False
144,1787909287.2268689,6947.09929355,14.399720191955566,24000,24000,4637,901,1.9399500560019574,0.10835775315244044,1.8270000219345093,2.1489999294281006,-0.009958374314010143,0.017281921580433846,0.021134438636077793,0.25799158215522766,1294.6334418138904,1295.6516197993649,14.993711922772682,-0.28939223592942653,-0.5671300969704589,False
145,1787909287.3275902,6947.19993283,14.500441551208496,24000,24000,4451,910,1.9465659372099153,0.11988435053021049,1.824450021982193,2.1761000037193297,-0.010935517959296703,0.016253937035799026,0.021567038507596933,0.2527906596660614,1303.744782018937,1304.6137972523322,15.022575209358108,-0.24273116544486584,-0.26952417022675945,False
146,1787909287.4274328,6947.29978273,14.600284099578857,24000,24000,4473,890,1.9535494378443514,0.11904926432701575,1.818350040912628,2.170649921894073,-0.013777235522866249,0.02026677504181862,0.022141144221323766,0.3200540840625763,1313.220793946932,1313.700409312194,15.040755607851507,0.2476924854738627,0.4067341100937938,False
147,1787909287.5275884,6947.39962867,14.700439691543579,24000,24000,4520,884,1.9537047518594233,0.11230471221417616,1.8200000524520874,2.135849928855896,-0.014425285160541534,0.024366892874240875,0.021811029174359193,0.3732856810092926,1321.3490420925325,1322.752914663025,15.03700404420251,-0.6378208136306966,-1.0353024908417865,False
148,1787909287.6275434,6947.49947525,14.800394773483276,24000,24000,4852,1084,1.9583274928846042,0.11746043582145134,1.8259999752044678,2.1718499422073365,-0.014106744900345802,0.02494043856859207,0.02061985056570208,0.3669068217277527,1330.7728051141107,1331.7459136123355,15.024152063085362,-0.2097738186494098,-0.24790980241618854,False
149,1787909287.7268925,6947.59930119,14.899743795394897,24000,24000,4898,1157,1.9557381166707057,0.11861430399203247,1.8270000219345093,2.1649999618530273,-0.010776063427329063,0.023024849593639374,0.021038979052772643,0.33648088574409485,1339.2798491221054,1340.832067192489,15.02998659931963,-0.643901898095919,-0.8579073133175825,False
150,1787909287.828586,6947.69993515,15.001437425613403,24000,24000,4807,1180,1.952972881672746,0.11564596420655056,1.8240000009536743,2.1503000855445857,-0.013648894615471363,0.02454199455678463,0.021376359438748067,0.3650113344192505,1348.9265048696996,1349.8510718700843,15.012590423290682,-0.14942732435474682,0.1510697515850552,False
151,1787909287.9275181,6947.79977205,15.100369453430176,24000,24000,4787,1126,1.9389449400334333,0.1063341864020762,1.8142500221729279,2.1384999752044678,-0.01585036888718605,0.01738615334033966,0.021384632504889665,0.30593153834342957,1357.889760695238,1358.8927291777104,14.984863547202387,-0.0898151245801273,-0.06066319037131507,False
152,1787909288.027857,6947.89963051,15.200708389282227,24000,24000,4899,926,1.9415917926936634,0.10644444019037676,1.828000009059906,2.1447499990463257,-0.01626897044479847,0.013494239188730717,0.02222006597725527,0.27547159790992737,1367.0886413834705,1367.8392591062918,14.99951619484701,0.07880361178331441,0.08119752885977505,False
153,1787909288.1264787,6947.99945777,15.299329996109009,24000,24000,4986,950,1.9397757902898287,0.11410485934326527,1.815000057220459,2.1607500553131103,-0.016507579013705254,0.005057156085968018,0.023243571985775226,0.22818966209888458,1376.4610519671487,1376.868876842661,15.012107449426972,0.5755077092653664,0.7819508902064172,False
154,1787909288.2272537,6948.09930369,15.400104999542236,24000,24000,4841,848,1.9473844347697384,0.1219339224571784,1.8259999752044678,2.221250009536743,-0.01517892349511385,0.006368855480104685,0.02294592158353575,0.21474643051624298,1385.0079551588415,1385.8908260603876,15.03283708439981,0.05290391969651864,0.2033029389665444,False
155,1787909288.3291883,6948.19993635,15.502039670944214,24000,24000,4855,862,1.944099766748964,0.1130870254892177,1.820050048828125,2.1638500332832336,-0.009669032879173756,0.005962329916656017,0.021907776360744025,0.1449888050556183,1394.91290697941,1394.9140130550572,15.028884505149582,0.7839814419091908,1.1741317242308469,False
156,1787909288.428182,6948.29977303,15.601033210754395,24000,24000,5036,875,1.9490365721838814,0.11777897376796242,1.8279999494552612,2.1873000144958494,-0.007428859360516071,0.0028521225322037935,0.02234548821257473,0.10208258777856827,1402.9753492310958,1403.9575972871742,15.041473228637857,-0.06275586305105207,0.3826458691253265,False
157,1787909288.5279653,6948.39960585,15.700816631317139,24000,24000,4954,852,1.9568603272449243,0.12419917561012639,1.828549975156784,2.224149942398071,-0.007010073866695166,0.004379441030323505,0.022384512993302613,0.10554903000593185,1411.620264391751,1412.9945973294243,15.02272878181757,-0.39810761955459384,-0.4144073936665791,False
158,1787909288.6276872,6948.49944315,15.800538539886475,24000,24000,4761,984,1.9577205288943236,0.11075845813559897,1.8401500225067138,2.1806999802589413,-0.0016677010571584105,0.01422107219696045,0.02149260995675552,0.1860397309064865,1421.6683374038894,1422.0033001492857,15.02027324628545,0.6752344063072542,0.9159807815540262,False
159,1787909288.7311122,6948.59929083,15.903963565826416,24000,24000,4680,988,1.9663765193962375,0.11804879404074041,1.8387000501155852,2.2016499280929565,-0.0043872022069990635,0.018613457679748535,0.020867481013736734,0.2470097839832306,1429.2432382821396,1431.0243867383847,14.98376368143289,-1.0578673236586837,-1.3426074526519187,False
160,1787909288.8287764,6948.69993085,16.001627683639526,24000,24000,4900,1044,1.9575842939802512,0.11036783935051638,1.8381500482559203,2.135849928855896,-0.007738916203379631,0.02288469858467579,0.021344434284310144,0.30719056725502014,1438.2934844076785,1439.9424180785918,14.98964147360668,-0.7971559850041103,-1.168935246533465,False
161,1787909288.9273982,6948.79977979,16.100249528884888,24000,24000,4935,1095,1.9562977184443713,0.10982055943598144,1.8336999773979188,2.14419994354248,-0.008047493174672127,0.026288527995347977,0.021283283400796316,0.3532685339450836,1447.8545465203342,1448.9606462060235,14.98964147360668,-0.11182181564117855,-0.0029978918430515478,False
162,1787909289.0280495,6948.89960739,16.20090079307556,24000,24000,4741,1097,1.9496007322069722,0.10949719129587944,1.8279999494552612,2.1010000705718994,-0.010537640191614628,0.019214574247598648,0.021986069016861176,0.2833956480026245,1457.4278076672483,1457.9153626200716,14.975882492343873,0.4030685830648508,0.7085947934444903,False
163,1787909289.1267788,6948.99945529,16.299630165100098,24000,24000,4636,1035,1.9551613549679374,0.12475726733299738,1.8209999799728394,2.210500073432922,-0.012056057341396809,0.01550909411162138,0.02234461180077612,0.252859890460968,1466.5618929827756,1466.9253425628754,14.988100349656506,0.6517488048041287,0.9053632618649772,False
164,1787909289.227076,6949.09929321,16.399927377700806,24000,24000,4462,903,1.9422901422610446,0.11744550970673058,1.8200000524520874,2.1854001045227047,-0.009697080589830875,0.013102591969072819,0.02268313991572372,0.21141567826271057,1475.2698907369588,1475.9232807627213,14.977450771409012,0.33323959899598776,0.5528787801820272,False
165,1787909289.3282743,6949.19995081,16.50112557411194,24000,24000,4588,943,1.9357635216394387,0.11674674881595216,1.8130999684333802,2.1447999715805053,-0.013564943335950375,0.006929199211299419,0.02386292693077071,0.2038923054933548,1484.0834608864639,1484.8732813256142,14.985015077193816,0.03921642105456158,0.010487571248631866,False
166,1787909289.4282017,6949.29979031,16.60105299949646,24000,24000,4460,859,1.9186891737861322,0.1005118628264248,1.8020000457763672,2.0645998954772944,-0.01713794842362404,0.01179490890353918,0.023853346105232185,0.2730928957462311,1492.7447817764728,1493.9464824304291,15.005198460963042,-0.29268969234635733,-0.27485701943555796,False
167,1787909289.5277455,6949.39963063,16.700596809387207,24000,24000,4421,913,1.9275958393124082,0.11813637782034488,1.8079999685287476,2.156399965286255,-0.015153246000409126,0.0067029474303126335,0.023978467015099945,0.2215331494808197,1502.337769327839,1502.9023443599644,15.003187078616968,0.341595323785441,0.38939237011732075,False
168,1787909289.6299446,6949.49946063,16.802795886993408,24000,24000,4313,875,1.9218982862745013,0.10096010362247972,1.8106999754905702,2.069000005722046,-0.01102057658135891,0.005816468503326178,0.023078977175464945,0.16445627808570862,1510.7934033942292,1511.8676380998963,15.014362429822334,-0.4004408281346059,-0.526277012846549,False
169,1787909289.7278235,6949.59930939,16.90067481994629,24000,24000,4671,923,1.9420086664600724,0.12840491522046252,1.8110999941825867,2.23489990234375,-0.004594744183123112,0.00803044531494379,0.022910666157428976,0.11920283734798431,1519.7167741367894,1520.8827205012724,15.026225994868552,-0.2859377163533736,-0.3251640241453515,False
170,1787909289.82779,6949.69995103,17.000641345977783,24000,24000,4693,866,1.9480658196962457,0.12850492256834659,1.815250039100647,2.202250063419342,-0.0021164449863135815,0.008513047359883785,0.02414712478080407,0.11447703093290329,1529.4420329712698,1529.8158583282866,15.004388476578727,0.4425751509006659,0.5023554192755455,False
171,1787909289.927754,6949.79978695,17.100605249404907,24000,24000,4658,790,1.94150126342532,0.12223088774935566,1.7990000247955322,2.186649954319,-0.0042886086739599705,0.012406274676322937,0.02331648387730711,0.16783428192138672,1537.4453901777792,1538.7641162159232,14.987804512410412,-0.5505775817553058,-1.0179865111790605,False
172,1787909290.0274174,6949.89962467,17.200268745422363,24000,24000,4583,790,1.95112531683113,0.13151992873631074,1.7979999780654907,2.2707499504089355,-0.006850216072052717,0.015470864251255989,0.022392953952013163,0.2090839445590973,1547.0875101443683,1547.733470700171,14.987804512410412,0.12206838718543622,-0.0783502295080325,False
173,1787909290.1269333,6949.99947727,17.299784660339355,24000,24000,4651,912,1.9486546064155144,0.11175681461540914,1.8170000314712524,2.1369000196456893,-0.008161883801221848,0.016929490491747856,0.02291355800248502,0.23613204061985016,1555.3453374798423,1556.6859253365124,15.015124294328565,-0.5762963322911219,-0.8040982252712183,False
174,1787909290.2269127,6950.09931377,17.39976406097412,24000,24000,4767,1044,1.959915709906611,0.12610218490740718,1.8171500205993651,2.236999988555908,-0.005399256478995085,0.013659842312335968,0.023011884341142333,0.18633538484573364,1564.7971324108853,1565.7842643386234,15.026439820078656,-0.12240605168221919,-0.6122923237301165,False
175,1787909290.326621,6950.19994813,17.49947237968445,24000,24000,4534,1033,1.9451606972981514,0.09906606994558714,1.8229999542236328,2.087399959564209,-0.005162988789379597,0.01776493713259697,0.02238036765915446,0.23281577229499817,1574.1035839159144,1574.8818846208687,15.026840715969245,0.21053752156740302,-0.14214920300605627,False
176,1787909290.4283686,6950.29978907,17.60121989250183,24000,24000,4579,969,1.9527368422509224,0.10561326082737553,1.8254000186920165,2.0986000061035157,-0.004443496465682983,0.024328600615262985,0.022220146893568864,0.3082648813724518,1582.4448640055928,1583.9208178020504,15.002159892824196,-0.6052128664032352,-1.1422661345779943,False
177,1787909290.5274835,6950.39963169,17.700334787368774,24000,24000,4570,921,1.9478393079921297,0.10645506444092324,1.8200000524520874,2.111999988555908,-0.006803172640502453,0.02404729463160038,0.022555879235855194,0.316812127828598,1592.3523027749366,1592.8781484484066,15.019558007422512,0.38212468420556434,0.6317278080102824,False
178,1787909290.627412,6950.49945855,17.80026340484619,24000,24000,4706,989,1.955656217492145,0.11867020922210414,1.8233999729156494,2.1814000129699704,-0.010865341871976852,0.02527446299791336,0.022618715493019668,0.3481760621070862,1600.8915430031204,1601.9133808561648,15.031691364468657,-0.07196937650246582,-0.08219868517426221,False
179,1787909290.7268581,6950.59930009,17.899709463119507,24000,24000,4629,934,1.948614558903002,0.1102410464766926,1.8229999542236328,2.08505003452301,-0.012874673120677471,0.023640315979719162,0.021735811042794758,0.3382071256637573,1610.456768549258,1610.9171150092802,15.032817060950755,0.5433510439420388,0.6254741729997022,False
180,1787909290.8281615,6950.69994375,18.001012802124023,24000,24000,4512,961,1.9417211245299626,0.11356219574319111,1.8179999589920044,2.125999927520752,-0.012775431387126446,0.019590703770518303,0.022166088208768843,0.29909053444862366,1619.3897630810127,1620.0053173270053,15.03317826841078,0.3592896687193843,0.6142547504928189,False
181,1787909290.9276824,6950.79976799,18.100533723831177,24000,24000,4469,926,1.9418380165203086,0.11579763218844283,1.8172500133514404,2.1725000739097595,-0.01263447292149067,0.016400741413235664,0.021369102023258913,0.2641291916370392,1627.9843853314792,1629.0708667617068,15.034344063178773,-0.002730734790020506,0.24727296079731786,False
182,1787909291.0277145,6950.89961689,18.200565814971924,24000,24000,4592,944,1.940677966354257,0.11649231238064145,1.8140000104904175,2.1658499002456666,-0.01091652363538742,0.015205553732812405,0.02128257343903328,0.24113383889198303,1637.0381020795694,1638.0636863567877,15.031762341809236,0.04833934455223243,-1.0539024408876685,False
183,1787909291.1344535,6950.99944245,18.307304859161377,24000,24000,4236,842,1.9456021416215603,0.11089714135558965,1.8210499823093413,2.1703500032424916,-0.010856945998966694,0.01686726324260235,0.021212022533012596,0.26003044843673706,1647.1579842196084,1647.1277269544935,15.006430878965261,0.5619652358293479,0.9767526299331166,False
184,1787909291.2273493,6951.09967045,18.400200605392456,24000,24000,4415,808,1.9464467819964533,0.12129243990194946,1.819000005722046,2.2283000588417052,-0.018314272165298462,0.019920505583286285,0.021826684467638267,0.34583669900894165,1654.6539414503445,1656.084208294747,15.001445461909471,-0.3024703914759357,-0.03340597526357669,False
185,1787909291.3280447,6951.19951687,18.500895977020264,24000,24000,4482,856,1.9480490644122952,0.11877817345208512,1.8289999961853027,2.187250077724457,-0.015057364478707314,0.02136850729584694,0.021314964293771194,0.3330215811729431,1663.2966393518752,1665.0992427883612,14.996944591732627,-0.722112800995319,-0.4557944599328039,False
186,1787909291.427328,6951.29935269,18.600179433822632,24000,24000,4721,1032,1.9517635675363763,0.12170271284735756,1.828549975156784,2.171699929237365,-0.011360635980963707,0.01668214239180088,0.0219402429719526,0.26565220952033997,1672.804944369767,1674.1030707787108,14.992581165239628,-0.14907916902279794,0.23655587895382268,False
187,1787909291.526832,6951.39999033,18.69968342781067,24000,24000,4601,973,1.9561901352265878,0.11747628294355358,1.8259999752044678,2.1679999828338623,-0.012877793982625008,0.023052893579006195,0.0218623617715029,0.3416127860546112,1682.691375551392,1683.0411079940718,14.973763471122522,0.7822328124734668,1.1494057318016075,False
188,1787909291.628453,6951.49982869,18.80130434036255,24000,24000,4664,1103,1.9551804159731618,0.11678144055843061,1.8140000104904175,2.1539000511169433,-0.013332659378647804,0.02291148714721203,0.020788798172446322,0.3413107395172119,1691.509177412241,1692.0356949321288,14.954070697763884,0.4543979138841223,0.9503104189227543,False
189,1787909291.7275097,6951.59966123,18.90036106109619,24000,24000,4783,1149,1.9567536997525354,0.11206248096878517,1.8289999961853027,2.1715999603271485,-0.012618142180144787,0.02778654545545578,0.0209259491985638,0.39373502135276794,1700.6905108208502,1700.9070528927246,14.961083706362402,0.7208656352904654,0.5868483356889556,False
190,1787909291.827198,6951.69950697,19.000049352645874,24000,24000,4780,1129,1.9549477412913943,0.1132422008461759,1.8283999681472778,2.1430000305175776,-0.014661871828138828,0.02547837235033512,0.02131612124485907,0.3776375949382782,1708.2769001168144,1709.8505424474001,14.989652473270292,-0.6644506044237914,-1.2791891534022852,False
191,1787909291.9267228,6951.79935933,19.099574089050293,24000,24000,4938,1065,1.943699530816414,0.11367509034426153,1.815999984741211,2.130999994277954,-0.019065596163272858,0.017092393711209297,0.02198253660525331,0.34017661213874817,1718.1845054497642,1718.8570967328087,15.020446799642093,0.2861687610070476,0.18883110679735182,False
192,1787909292.026998,6951.89998633,19.199849367141724,24000,24000,4836,944,1.9356451266902988,0.11313424602334302,1.8140000104904175,2.1118499994277955,-0.01564451865851879,0.010722079314291477,0.02223647310316243,0.24994014203548431,1727.2264182312929,1727.9025486658802,15.028190642364613,0.3035486354169734,0.6373867270310711,False
193,1787909292.1276557,6951.99981447,19.300507068634033,24000,24000,4853,899,1.932998888219424,0.11012996646332458,1.8169000267982482,2.14150002002716,-0.015313461422920227,0.010053194127976894,0.022452194516335643,0.24098248779773712,1735.7063191038112,1736.9311994539366,14.99943354207317,-0.2755005818767131,-0.2921596039220731,False
194,1787909292.2280896,6952.09966427,19.400940895080566,24000,24000,4932,924,1.9435898262959022,0.11748532550062121,1.8200000524520874,2.1986500382423393,-0.009678089059889317,0.0028119462076574564,0.022375957791459015,0.1326308697462082,1745.2473202564681,1746.0237974452557,14.99924036607524,0.2266986945271583,0.017757054921275994,False
195,1787909292.3266194,6952.19951243,19.499470710754395,24000,24000,4999,870,1.9449931043317947,0.11367498402042459,1.8270000219345093,2.177649998664856,-0.00927299540489912,0.000255340535659343,0.021875938534636978,0.12076607346534729,1753.567586644126,1754.9995433875577,14.99924036607524,-0.32048042188080217,-0.6134455600977162,False
196,1787909292.4269228,6952.29934813,19.59977412223816,24000,24000,4827,865,1.9545791937436672,0.12350344331954628,1.8259999752044678,2.231800031661987,-0.009252522140741348,0.0040363734588027,0.02212173422025592,0.1296994388103485,1762.7746477696091,1763.9271959254534,14.977867996280521,-0.1404841408966604,-0.4249010401322266,False
197,1787909292.529089,6952.39998753,19.701940298080444,24000,24000,4782,839,1.9639594773711977,0.13468884402465328,1.8258999824523925,2.2835000038146966,-0.009224416688084602,0.008564271032810211,0.0220754606029608,0.15941523015499115,1771.7348911420834,1772.8735094450237,14.991739443288731,-0.3749499074240248,-0.7002567192650986,False
198,1787909292.62828,6952.49983017,19.80113124847412,24000,24000,4801,936,1.9564935913962176,0.11208181678825314,1.8350000381469727,2.1540000438690186,-0.008381775580346584,0.01555467490106821,0.021685340299239034,0.22395238280296326,1780.5885842533296,1781.916369863377,14.986409961084327,-0.4482028286777222,-0.4829621161736668,False
199,1787909292.7276099,6952.59967969,19.900461196899414,24000,24000,5008,1099,1.9565859869244535,0.10682476379801896,1.8399000287055969,2.1500000953674316,-0.0059733628295362,0.020774001255631447,0.021528947240573994,0.27845123410224915,1790.962021686794,1790.936016698614,15.012951418928305,0.98577908506104,0.9361384383046243,False
200,1787909292.827427,6952.69951731,20.00027823448181,24000,24000,4845,1073,1.943739050143474,0.09585276595523569,1.834600019454956,2.071000099182129,-0.005238629877567291,0.02020999602973461,0.020272160895755776,0.2632178068161011,1799.9944668807657,1799.9856937843792,14.994201091011377,1.0349319112756348,1.3774724343898015,False
201,1787909292.927495,6952.79935769,20.100346326828003,24000,24000,4738,1039,1.9541308956724504,0.10281006734551372,1.8359999656677246,2.1331999063491818,-0.004427229519933462,0.02234206721186638,0.021411808837915963,0.2906220555305481,1808.5042116034324,1808.9413616122747,15.003767238963308,0.5387899436316275,0.6613000121703863,False
202,1787909293.0283277,6952.89961163,20.201179027557373,24000,24000,4683,1057,1.9577057731523757,0.11462127974864464,1.8320000171661377,2.129799938201904,-0.008552180603146553,0.019053401425480843,0.02217526407660677,0.266772598028183,1816.5512633083363,1817.9815466513758,15.016403523800898,-0.4888579500650394,-0.8351344824720854,False
203,1787909293.1268306,6952.99945489,20.299681901931763,24000,24000,4656,983,1.9460091560563624,0.10858491239467344,1.8121000289916993,2.095799970626831,-0.011911491863429546,0.017028503119945526,0.0226408237561258,0.2735675275325775,1825.526968075781,1826.9789186502958,15.006894691176013,-0.37817403478811684,-0.8114912992389236,False
204,1787909293.2269871,6953.09930305,20.3998384475708,24000,24000,4682,989,1.9489251776580503,0.11977089918720556,1.8194000244140625,2.2029999256134007,-0.017552249133586884,0.013045884668827057,0.023219705904826526,0.2878893315792084,1834.8269596851237,1835.972306781975,15.014125759745133,-0.09202969853618015,-0.5049965036023423,False
205,1787909293.328351,6953.19993777,20.50120234489441,24000,24000,4444,907,1.9307530320597588,0.1131972259278828,1.805999994277954,2.1050000190734863,-0.014797727577388287,0.009105333127081394,0.023105508377100566,0.23132559657096863,1844.075832152862,1845.0113351931711,15.017786697877709,0.03433675972837591,-0.15448497207535183,False
206,1787909293.4276822,6953.29979749,20.600533485412598,24000,24000,4497,914,1.9252133490741905,0.10358959110539205,1.809999942779541,2.0999999046325684,-0.010036441497504711,0.007141218055039644,0.023184902596410432,0.16449376940727234,1853.1501779690761,1854.0506727028785,14.993228225908823,0.1691197707345964,-0.035667065987581736,False
207,1787909293.5282106,6953.39963951,20.701061964035034,24000,24000,4645,933,1.930781348725224,0.11610245661822648,1.819000005722046,2.1567999362945556,-0.006454819347709417,0.004265214316546917,0.023001360242837318,0.10203881561756134,1862.2038226232141,1863.01215399398,14.993228225908823,0.17544408133221623,0.27451761633938077,False
208,1787909293.6279495,6953.49948013,20.800800800323486,24000,24000,4539,869,1.9219286554290456,0.09465035868208375,1.809999942779541,2.066599941253662,-0.013292251154780388,0.013984236866235733,0.023621030332610482,0.25305959582328796,1870.7962142585504,1872.0039903960792,14.97648118818389,-0.20841872345545198,-0.15527091470607957,False
209,1787909293.7288644,6953.59928865,20.901715755462646,24000,24000,4472,828,1.9350869563466684,0.11634782660993988,1.809000015258789,2.135999917984009,-0.00921807624399662,0.01352174486964941,0.022885990002628857,0.20934812724590302,1880.1525452524127,1880.9361030460846,14.963045866647233,0.06580997353353268,-0.10997304339434777,False
210,1787909293.829058,6953.69992581,21.001909255981445,24000,24000,4564,856,1.9374731325100516,0.1156237873829364,1.8135000169277191,2.1377499103546143,-0.009077193215489388,0.009807741269469261,0.02381540708285549,0.17158475518226624,1889.2709352603108,1889.9574108876882,14.98551378420489,0.16702685839254627,-0.13224176665357845,False
211,1787909293.9278085,6953.79975277,21.10065984725952,24000,24000,4635,903,1.936345516249191,0.11579505683088294,1.8091000080108643,2.134000062942505,-0.01028628833591938,0.007710668724030256,0.02412311495592578,0.16554974019527435,1898.2425357678792,1899.0331831790727,14.986867228524673,0.25131259058957767,0.6549919134461106,False
212,1787909294.0287428,6953.89959739,21.20159411430359,24000,24000,4867,953,1.948219307947509,0.12977430858696154,1.8079999685287476,2.231599950790405,-0.006439501419663429,0.009197723120450974,0.022640350528776103,0.14076420664787292,1906.8251054576842,1907.9861337184063,15.001531163281996,-0.249958041290256,0.022197327405137912,False
213,1787909294.1271398,6953.99943819,21.299991130828857,24000,24000,4609,892,1.9570784751877122,0.1183706079203507,1.819000005722046,2.188449931144714,-0.004231296479701996,0.01729133166372776,0.023066058146525868,0.22187790274620056,1916.610215920081,1916.951774261838,14.990635435148178,0.6796585197587319,1.0892038294509803,False
214,1787909294.2276568,6954.09966977,21.400508165359497,24000,24000,4553,907,1.9539658207089006,0.10881768630349577,1.8179999589920044,2.1373999834060666,-0.0032691603992134333,0.020924849435687065,0.02302520427017226,0.2652016282081604,1925.2789856620764,1925.8856111592763,14.993939159270965,0.30213785884302524,0.5518413737327137,False
215,1787909294.3269188,6954.19951335,21.499770164489746,24000,24000,4584,918,1.956810457903835,0.11064923345451556,1.825849986076355,2.1373000621795653,-0.005931538064032793,0.021917616948485374,0.023152465128896176,0.28916114568710327,1934.2164522539458,1934.8902179676747,15.009733402376929,0.30626420347266503,0.3157698555778552,False
216,1787909294.4270463,6954.29936223,21.599897623062134,24000,24000,4681,902,1.9580753880435242,0.11695187650171558,1.8240500032901763,2.141349959373473,-0.007692212238907814,0.02363782748579979,0.021918566604344946,0.3150322735309601,1942.2901356923433,1943.8907416874417,15.00467983472983,-0.631281865454639,-0.662590840756593,False
217,1787909294.5314753,6954.39960029,21.704326629638672,24000,24000,4470,940,1.946768085753664,0.10992852614025958,1.8220000267028809,2.0890999913215635,-0.014294808730483055,0.01923239417374134,0.022478249046978097,0.3006696105003357,1952.2234816684959,1952.8902846545016,15.020080730666985,-0.09629433063582837,-0.023401497177701458,False
218,1787909294.6282809,6954.49943551,21.801132202148438,24000,24000,4526,1019,1.9515220791364676,0.11208190647110218,1.8238999962806701,2.1478000640869133,-0.006124923005700111,0.02153734304010868,0.021984283909322368,0.28770798444747925,1960.4966770574724,1961.9530369141664,15.015026893993523,-0.535366724255482,-0.4513790401904316,False
219,1787909294.7272592,6954.59966225,21.900110483169556,24000,24000,4555,954,1.9468522008110143,0.10657732725691849,1.8246500313282012,2.1090500473976133,-0.00669975858181715,0.024545885622501373,0.021553870212609558,0.32365483045578003,1969.7525425101767,1970.9255246546604,14.995001383683414,-0.18730757402499876,-0.21559940839983938,False
220,1787909294.8275385,6954.69950245,22.00038981437683,24000,24000,4640,1000,1.9354890005588532,0.09921551358548435,1.8159499883651733,2.078000068664551,-0.011489036493003368,0.01549373846501112,0.021960308771842775,0.24761584401130676,1978.8550187864266,1979.9518124652807,14.985610635581226,-0.10972897553324401,0.29008762550802203,False
221,1787909294.9274297,6954.79935113,22.10028100013733,24000,24000,4526,895,1.9497910610124385,0.12460125961232149,1.8157000064849853,2.186300063133239,-0.018283048644661903,0.02336311526596546,0.021929200283511145,0.3782971203327179,1987.385380733091,1988.9167518077961,15.001714249535596,-0.5693325536194607,-1.0759476917644406,False
222,1787909295.028609,6954.89999817,22.201460361480713,24000,24000,4413,876,1.9445536533991497,0.12575852527677805,1.812000036239624,2.2082499265670776,-0.019310757517814636,0.022044312208890915,0.021690109674449048,0.3698606491088867,1998.06918579418,1997.9728274401461,14.989842656720377,1.0085742906419455,1.7153141047713234,False
223,1787909295.1279433,6954.99982961,22.30079460144043,24000,24000,4524,935,1.9387347586014692,0.11757552068056201,1.815999984741211,2.1377000093460077,-0.016058366745710373,0.015149414539337158,0.022297383968730253,0.2853603661060333,2006.2818753606834,2006.951216970429,14.992896061803227,0.2814221096837173,0.5184405576046629,False
224,1787909295.2279837,6955.09966367,22.400835037231445,24000,24000,4512,880,1.9482784101908857,0.12313087861940053,1.8209499835968017,2.223600041866302,-0.01285829022526741,0.018226254731416702,0.021679128981267587,0.2839009463787079,2015.6780797451106,2015.9544525400952,15.001151644005398,0.6742288269877008,0.8781024248851281,False
225,1787909295.3280897,6955.19949509,22.500941038131714,24000,24000,4696,978,1.942019425530619,0.11431744880226795,1.815999984741211,2.1559998989105225,-0.010577525943517685,0.01701250672340393,0.021488546304920714,0.25795862078666687,2023.9238163043635,2024.9558061918133,15.009432439891752,-0.08933298240435761,-0.2841788796013134,False
226,1787909295.4276764,6955.29933169,22.6005277633667,24000,24000,4522,967,1.9524239924232618,0.11846900728442566,1.8215999722480773,2.1828000307083126,-0.010777821764349937,0.016693485900759697,0.021619266726273755,0.2566820979118347,2033.141478794489,2033.975014095302,15.007729029914138,0.16576469512733638,0.22984432087378082,False
227,1787909295.5269413,6955.39996527,22.699792623519897,24000,24000,4570,936,1.9538643160182187,0.11008183429338826,1.8297500312328339,2.1112499237060547,-0.01033649779856205,0.020372599363327026,0.021686977229704866,0.30036336183547974,2042.3045816515591,2042.9763698582176,15.007729029914138,0.39526981980020537,0.3248087804165607,False
228,1787909295.6287723,6955.49981247,22.801623582839966,24000,24000,4635,968,1.959563016275729,0.11421913675842393,1.825350022315979,2.1722499847412107,-0.01195317879319191,0.024110589176416397,0.021123489554498616,0.35203465819358826,2050.422755880117,2051.971005044639,14.995284990756554,-0.6510964130457069,-0.7898423073729646,False
229,1787909295.7280047,6955.59965773,22.900856018066406,24000,24000,5006,1207,1.9523231173312259,0.11022505951393483,1.8222000002861023,2.1331000566482547,-0.016598938032984734,0.024697033688426018,0.020794541675572938,0.3803729712963104,2060.0790716709425,2060.948309519846,14.9879264297375,0.07453981049911818,-0.08646106634523676,False
230,1787909295.8274364,6955.69950287,23.000287771224976,24000,24000,4870,1098,1.9462796011040553,0.10917681496166691,1.82284996509552,2.133749914169311,-0.01320739183574915,0.026864303275942802,0.02097595025073872,0.3927598297595978,2068.527430677658,2070.0065155564216,14.992577693714209,-0.4257188826923084,-0.35516299186247124,False
231,1787909295.9272,6955.79935261,23.100051403045654,24000,24000,4828,1106,1.941545207935906,0.10978110853278818,1.8212499916553497,2.127000093460083,-0.013185812160372734,0.01470008585602045,0.0210273682302524,0.26052650809288025,2078.5682532056126,2079.0002373117313,14.960143163394529,0.6366176671085668,0.7699261488251068,False
232,1787909296.028409,6955.89998073,23.201260328292847,24000,24000,4912,964,1.9393215774253196,0.10888013246831386,1.8220000267028809,2.1449999809265137,-0.016305506229400635,0.01657572016119957,0.02222987901853163,0.3068254590034485,2086.338779594276,2087.883424288494,14.928049792231908,-0.7014148410148664,-0.8064628316956259,False
233,1787909296.127905,6955.99981317,23.300756216049194,24000,24000,5023,989,1.9442760356154793,0.1248534426433329,1.8194000244140625,2.219799947738647,-0.015489433892071247,0.003041850635781884,0.022530568896583412,0.20801135897636414,2095.7819146201796,2096.879470133231,14.950906184529538,-0.2126694739604318,-0.44244669206773324,False
234,1787909296.2387822,6956.09964515,23.411633491516113,24000,24000,4303,767,1.9482190368072927,0.11573643658159302,1.8309999704360962,2.204999947547912,-0.015544943511486053,0.006920940708369017,0.02232173883138136,0.21734653413295746,2105.350115938835,2105.8414755540225,14.99218255605745,-0.6231552270128304,-0.46390627448545274,False
235,1787909296.3275568,6956.19949313,23.500408172607422,24000,24000,4848,862,1.9440290058018712,0.11171278757246916,1.8209999799728394,2.1476999998092645,-0.00983454380184412,0.007475790102034807,0.022350445538457935,0.15870416164398193,2114.4408290672536,2114.880638389366,14.99218255605745,0.4780509553665979,0.5122607677681117,False
236,1787909296.427366,6956.29933331,23.60021734237671,24000,24000,4824,842,1.9413539186792532,0.10497164505205289,1.827050018310547,2.125749933719635,-0.011033199727535248,0.0054753124713897705,0.022322271540941317,0.1579849272966385,2123.45501970876,2123.8567379621963,14.990423416727298,0.5096573132982485,0.9010498890188501,False
237,1787909296.5289056,6956.39998499,23.701756954193115,24000,24000,4996,864,1.9473437493046124,0.117066909627439,1.826149982213974,2.1902500033378596,-0.009504823945462704,0.005421114154160023,0.02237561856112874,0.13923412561416626,2131.670146249543,2132.825287870308,15.04356951415924,-0.41353603547031526,-0.6001888385771963,False
238,1787909296.628593,6956.49981983,23.80144429206848,24000,24000,4878,994,1.9599818923103978,0.12460698067540049,1.830649995803833,2.2224500179290767,-0.00186093186493963,0.012883376330137253,0.02159451390118294,0.16573384404182434,2141.6147485104934,2141.8949006796706,15.036143173171512,0.5594465181875421,0.8650010435012518,False
239,1787909296.728227,6956.59966253,23.90107822418213,24000,24000,4739,1022,1.957890412462201,0.10794811446281179,1.843999981880188,2.14385005235672,-0.0004234248772263527,0.01881048083305359,0.02085212735589287,0.24321307241916656,2150.199858002536,2150.8866288485324,15.033584495269862,0.17774269254095998,0.16541501725441776,False
240,1787909296.8278983,6956.69950807,24.000749588012695,24000,24000,4727,991,1.9560504556303668,0.10199165782133292,1.843999981880188,2.116499900817871,-0.004800265189260244,0.02075161784887314,0.020328166563269256,0.273635596036911,2157.8716026923653,2159.8920966324135,15.021759274468808,-1.1206946994607279,-1.5981603804711995,False
241,1787909296.9279003,6956.79933729,24.100751638412476,24000,24000,4779,1067,1.9503205253794134,0.10114193649184372,1.8279000282287599,2.0947000503540036,-0.006517522502690554,0.023516753688454628,0.02129188934936581,0.3171381950378418,2167.289595002418,2168.8988445650757,15.052435660334003,-0.7026454640040356,-1.2006797016565542,False
242,1787909297.0292401,6956.89997791,24.202091455459595,24000,24000,4898,1105,1.9486398177988389,0.10198371285509214,1.8272000074386596,2.081800031661987,-0.013070863671600819,0.0232273917645216,0.022054393005883736,0.342783123254776,2176.960618631885,2177.96076324968,15.021160146065753,-0.15196067726992624,-0.18395586380438544,False
243,1787909297.1289134,6956.99980905,24.301764726638794,24000,24000,4629,1036,1.950591699382053,0.11777136300194563,1.8220000267028809,2.1520000100135803,-0.012879469431936741,0.016001971438527107,0.022542205021937683,0.2685049772262573,2186.201129053047,2186.9363400304355,15.012128805138358,0.11819600528951923,0.5973720568399585,False
244,1787909297.2281024,6957.09964837,24.400953769683838,24000,24000,4523,940,1.9367893601985688,0.11638152877224966,1.8129499673843383,2.1400501012802122,-0.010884451679885387,0.011414761655032635,0.02321410815872623,0.20725025236606598,2195.313398249186,2195.9461821657565,15.012128805138358,0.3036908256995048,0.42480239776432427,False
245,1787909297.3289044,6957.19948871,24.501755714416504,24000,24000,4473,902,1.9384101984770494,0.12101188391532602,1.812999963760376,2.185450100898742,-0.012195727787911892,0.011364147998392582,0.023483743231893475,0.21874070167541504,2203.9303536615666,2204.9486999255764,14.989566030392686,-0.15128539507895766,-0.2572464502713956,False
246,1787909297.427504,6957.29932133,24.60035538673401,24000,24000,4638,978,1.9309764816473354,0.11574797309081189,1.8049999475479126,2.111600053310394,-0.011836730875074863,0.006262586917728186,0.023638351991717797,0.1773802489042282,2213.2506129973053,2213.9765601414574,15.00365237690591,0.2952415073359589,0.4595967539344201,False
247,1787909297.5268471,6957.39996351,24.699698448181152,24000,24000,4412,903,1.9326301207178058,0.11044755876353425,1.815000057220459,2.1468000650405883,-0.013340392149984837,0.010185210034251213,0.023397308894286185,0.21911406517028809,2222.8609136389696,2222.9911559799907,14.987385049369754,0.9649064889704277,1.1341456838122213,False
248,1787909297.6282752,6957.49980267,24.80112648010254,24000,24000,4405,898,1.9203530077413886,0.09879934019643809,1.8079999685287476,2.067449915409088,-0.017669109627604485,0.00723272142931819,0.023171199552124676,0.24906323850154877,2230.906521195068,2231.952788028785,14.979252241965675,-0.11776392334786578,-0.48853658534289934,False
249,1787909297.7284951,6957.59964311,24.901346445083618,24000,24000,4476,900,1.9336455588870578,0.11197970856769139,1.8139000117778779,2.141150033473968,-0.010738234966993332,0.00902514811605215,0.023751931140691896,0.18171809613704681,2240.004148790339,2240.9383476997564,15.02079234340443,-0.03969118882105249,-0.23379378356958114,False
250,1787909297.8279786,6957.69948519,25.000829935073853,24000,24000,4754,839,1.9358820028611958,0.11287904299793991,1.8040000200271606,2.1680999755859376,-0.004668303765356541,0.008485748432576656,0.023209335801181237,0.12313491851091385,2249.429809929152,2249.9247207855005,15.020292258383229,0.4326960601574683,0.5908588125885217,False
251,1787909297.9281583,6957.79932299,25.101009607315063,24000,24000,4810,838,1.940189736555186,0.12048684905667764,1.8040000200271606,2.1773000240325926,0.0010607413714751601,0.009115380235016346,0.023919191287019626,0.12030365318059921,2257.772533230787,2258.8575161903555,15.015468760752327,-0.24050924965331433,-0.3885183132765633,False
252,1787909298.0283568,6957.89994477,25.201208114624023,24000,24000,4607,829,1.9486598309906888,0.12412485004310844,1.8043999910354613,2.213600015640259,-0.0031177811324596405,0.012212470173835754,0.022818282797303323,0.16082444787025452,2266.9648541560136,2267.8349044633383,15.011545939897099,-0.06581204649091887,-0.4277897122506147,False
253,1787909298.1275787,6957.99979125,25.300430059432983,24000,24000,4596,858,1.9539662009074694,0.12303544079775403,1.8203999876976014,2.1788999795913693,-0.006672374438494444,0.019192418083548546,0.022233348866423856,0.2530492842197418,2275.8168214713137,2276.834534781846,15.007103668621928,-0.14358018622851887,-0.30395038116421347,False
254,1787909298.228109,6958.09963815,25.400960206985474,24000,24000,4719,985,1.9554588821333676,0.12583972382549788,1.8131999731063844,2.187000036239624,-0.006838382221758366,0.016932455822825432,0.022536358985729463,0.230653315782547,2284.3371151055203,2285.8810877813216,15.014224013000081,-0.6707570952371498,-0.732862167993062,False
255,1787909298.3271277,6958.19947363,25.49997901916504,24000,24000,4681,990,1.95050707345057,0.10523468549590714,1.8204500198364257,2.114199960231781,-0.010250800289213657,0.018978247418999672,0.02269253270148026,0.2703682482242584,2293.806819766237,2294.9106773573135,15.00135430395697,-0.11250644338952043,-0.4644571157687096,False
256,1787909298.4314046,6958.29931589,25.60425591468811,24000,24000,4491,981,1.950086646488318,0.10390734202455396,1.8289999961853027,2.1040000915527344,-0.005245851818472147,0.020332220941781998,0.02263796552246233,0.2668297290802002,2302.5905508088626,2303.9504079564667,14.977275858289268,-0.7134442145675166,-1.0312402376271166,False
257,1787909298.5278904,6958.39996685,25.7007417678833,24000,24000,4559,981,1.9471518858492556,0.1075280049852057,1.8250000476837158,2.1440000534057617,-0.006815946660935879,0.021523231640458107,0.022124652169978797,0.2845509648323059,2311.914033416103,2312.9192902303284,15.010916933048563,-0.07345542359462343,-0.00429600262805252,False
258,1787909298.6294057,6958.49981563,25.80225706100464,24000,24000,4741,1026,1.9635750495667115,0.12605796836820926,1.8329999446868896,2.2077499628067017,-0.010868088342249393,0.023806171491742134,0.022200240130617947,0.32983773946762085,2320.896956752904,2321.993091437058,15.00207703611432,-0.22666335250823977,-0.15259135647420408,False
259,1787909298.728269,6958.59965731,25.90112042427063,24000,24000,4624,953,1.9502696768309362,0.11055692594267487,1.8125999927520753,2.1498000621795654,-0.009649262763559818,0.026846030727028847,0.02221502905672055,0.3613699972629547,2330.7901233752327,2330.964313341872,15.013277050789902,0.769039287832129,0.8621999949236852,False
260,1787909298.8277662,6958.69949427,26.000617504119873,24000,24000,4488,933,1.9439957127821534,0.11770581522612975,1.8209999799728394,2.1001999378204346,-0.017607232555747032,0.021013900637626648,0.021931097417489887,0.34761831164360046,2340.0207071924633,2339.9730697546174,15.014354126787126,1.0451261607313427,1.4885716469116232,False
261,1787909298.9275935,6958.79934593,26.100444793701172,24000,24000,4449,927,1.9414196338468386,0.12267230247912783,1.8079999685287476,2.1473999738693235,-0.01694517768919468,0.017708852887153625,0.02229752902372132,0.31047576665878296,2348.5889107862704,2349.019542447318,15.001927543102566,0.6291147316342176,1.2050949860213223,False
262,1787909299.0283427,6958.89997849,26.201194047927856,24000,24000,4433,922,1.936779828754268,0.11292928515672511,1.8040000200271606,2.102899932861328,-0.012790157459676266,0.016217298805713654,0.02159384640341068,0.26597872376441956,2357.0382963834777,2358.0043354569093,14.988851691353004,0.0113107139954991,-0.03342209241418459,False
263,1787909299.1290855,6958.99982969,26.301936864852905,24000,24000,4597,910,1.9378714291604011,0.1129245109507505,1.8164500057697297,2.1643000364303586,-0.008391650393605232,0.016982149332761765,0.020768767298749543,0.24632450938224792,2366.170696465785,2367.047540895437,15.000764203385272,0.07710052306129,-0.2500304861341647,False
264,1787909299.2281933,6959.09968035,26.401044607162476,24000,24000,4434,809,1.942531520857652,0.11764313451651197,1.814400029182434,2.1844000339508036,-0.0123208649456501,0.01863471232354641,0.021355245213410135,0.2924085557460785,2374.6477690748966,2376.0885976937284,14.978431583994416,-0.36528437366905564,-0.5399356105767765,False
265,1787909299.3281574,6959.19952057,26.50100874900818,24000,24000,4441,851,1.9429518247743331,0.11487827329667141,1.8195000290870667,2.1579999923706055,-0.014493071474134922,0.019997678697109222,0.02105261189762019,0.3205830156803131,2383.9196535750734,2385.078127075499,14.97229320911781,-0.08993126975383348,-0.3635653318369805,False
266,1787909299.4276857,6959.29937035,26.600537061691284,24000,24000,4541,906,1.9542108201822699,0.12045055906308084,1.8272500038146973,2.171999931335449,-0.012780475430190563,0.01831812597811222,0.02176001575916195,0.28949129581451416,2392.1661256673615,2394.078210059589,14.95331170562519,-0.8007670014317227,-0.8584016542959034,False
267,1787909299.527718,6959.39961393,26.70056939125061,24000,24000,4759,997,1.9530351071085112,0.10916951913319997,1.8268000125885009,2.1606000900268554,-0.013494440354406834,0.02463553659617901,0.02163514578797244,0.36378297209739685,2402.3433607286306,2403.0046568322946,14.931941101595754,0.3737999339932685,0.9584940446752626,False
268,1787909299.6284304,6959.49945391,26.801281690597534,24000,24000,4848,1140,1.9533017543324254,0.10744578776211051,1.8269500195980073,2.145049977302551,-0.012288669124245644,0.019152194261550903,0.021251642030193762,0.29578131437301636,2410.758541942512,2411.899639217107,14.937107321657686,-0.2748826170227403,-0.3859116344187896,False
269,1787909299.727294,6959.59929967,26.900145292282104,24000,24000,4779,1120,1.9561750007527214,0.10685774902376614,1.832949948310852,2.157050061225891,-0.01223694160580635,0.02640017680823803,0.02045958330096541,0.37474778294563293,2420.4402794159496,2420.8261575458646,14.922607001876756,0.5093694173301628,1.1851256360823754,False
270,1787909299.8402395,6959.69993627,27.01309084892273,24000,24000,4798,1196,1.9476187306901682,0.10934274106315582,1.812749981880188,2.1425000429153442,-0.013279210776090622,0.023488987237215042,0.02105009565930892,0.34945905208587646,2429.114900119715,2429.7348377949866,14.98447963047858,-0.9808372622483148,-1.067894503475145,False
271,1787909299.9346697,6959.79977153,27.107521057128906,24000,24000,4628,1048,1.9474007615833793,0.10972401668393708,1.8234000086784363,2.1486000299453734,-0.018055709078907967,0.016383182257413864,0.022184521376795125,0.31979694962501526,2438.1694025515335,2438.7212287422226,15.026546204503703,-0.4248255611728382,-0.7432003232111128,False
272,1787909300.029387,6959.89960785,27.20223832130432,24000,24000,4886,923,1.9453954491300158,0.11512081188062408,1.8201000452041627,2.169799995422363,-0.01864585652947426,0.012936057522892952,0.022966672609336235,0.2976624667644501,2447.5641544374344,2447.7558988896053,15.041831722804565,0.4456012498681048,0.643147035693346,False
273,1787909300.127558,6959.99946111,27.3004093170166,24000,24000,4835,904,1.9419623879732284,0.11180346952933036,1.825300043821335,2.1883998990058897,-0.015659868717193604,0.008297067135572433,0.02316378303424704,0.23280227184295654,2455.9743791653495,2456.8033629968027,15.037811685753951,0.020673403862929263,0.18289941647799424,False
274,1787909300.2276568,6960.09931191,27.400508165359497,24000,24000,4869,879,1.9368691708854442,0.11130877014975075,1.8199000477790832,2.158699989318847,-0.013018437661230564,0.0066289715468883514,0.022392487116240933,0.1913152039051056,2464.674023529235,2465.8606756417776,15.048103836023694,-0.28833688800341406,-0.48773674772473896,False
275,1787909300.3281832,6960.19994729,27.50103449821472,24000,24000,4980,857,1.9444970838386508,0.11732110464296311,1.8140000104904175,2.1939999103546137,-0.008966059423983097,0.004996852483600378,0.02227353245027943,0.1350400149822235,2473.454690971522,2474.877288533997,15.048867718311657,-0.5547966753888431,-0.7949372762914209,False
276,1787909300.4276762,6960.29979715,27.60052752494812,24000,24000,4980,884,1.9434468322749592,0.1139771971933518,1.823149961233139,2.1468000173568718,-0.003267364576458931,0.0004720849683508277,0.02097438898501317,0.04290071502327919,2482.2210704667673,2483.9146608704486,15.041351961380705,-0.7425493538353294,-0.9724839461237025,False
277,1787909300.5273829,6960.39964001,27.700234174728394,24000,24000,4747,803,1.9641332526877986,0.12832204938074754,1.8300000429153442,2.237399935722351,-0.007968004792928696,0.006672116462141275,0.022065206356177064,0.13294300436973572,2491.565544996488,2492.889676229497,15.016663335362589,-0.3714325562191334,-0.4926954026391286,False
278,1787909300.6271498,6960.49946491,27.80000114440918,24000,24000,4802,983,1.9590193300014351,0.11337846837609118,1.838100051879883,2.199999976158142,-0.005776042118668556,0.0161027479916811,0.0210901297976782,0.21850644052028656,2501.1069754735577,2501.9160326335623,15.017162953085675,0.19121154334652601,0.749453383587479,False
279,1787909300.727306,6960.59929731,27.90015721321106,24000,24000,4817,1055,1.9580995282855644,0.11634657775080567,1.8297000288963319,2.1906000137329102,-0.006882020737975836,0.019819993525743484,0.021827705639001792,0.26753154397010803,2509.4915292228143,2510.865488745208,15.025900326185939,-0.4380390662950049,-1.0626893814492178,False
280,1787909300.8295758,6960.69994637,28.002427101135254,24000,24000,5037,1139,1.9468507463205686,0.0941647996209073,1.8358999729156493,2.0869998931884766,-0.006270650774240494,0.02186994068324566,0.02095277912345787,0.29243943095207214,2519.863811944438,2519.873120879287,15.02798061634011,0.7302006793752298,1.2406098218689294,False
281,1787909300.9283283,6960.79977975,28.101179599761963,24000,24000,4782,1092,1.9520750916921175,0.10940010068946143,1.8325499773025513,2.1165999770164494,-0.006657318212091923,0.02353411354124546,0.021762008136456464,0.31128156185150146,2528.844157415058,2528.8808211153623,14.993586017291948,0.8230597178521748,1.077700888391064,False
282,1787909301.0283136,6960.89961755,28.201164960861206,24000,24000,4681,1085,1.9593428573300762,0.11865547694651109,1.8270000219345093,2.1485999584198,-0.010574890300631523,0.018230406567454338,0.02203303185978593,0.2693007290363312,2537.421737292793,2537.8669740461846,14.984190131014836,0.4021985177419083,0.31863006193225374,False
283,1787909301.1273832,6960.99945807,28.30023455619812,24000,24000,4579,968,1.9394101241895976,0.09223375129194543,1.8186999917030335,2.08629994392395,-0.009028013795614243,0.018028153106570244,0.022044055274604245,0.26118168234825134,2545.927589583178,2546.887167563327,15.006598077180561,-0.007973562283950741,0.004077961101302208,False
284,1787909301.2280338,6961.09930295,28.400885105133057,24000,24000,4624,961,1.9463371508575502,0.12378324132316737,1.812999963760376,2.196000099182129,-0.015353339724242687,0.01249261386692524,0.023707238862444677,0.26044633984565735,2554.9534950320285,2555.9168043822942,15.025762269829123,-0.0403744903524057,-0.16546217373706895,False
285,1787909301.328444,6961.19993857,28.50129532814026,24000,24000,4376,909,1.932977995332187,0.12256642339719818,1.8043999910354613,2.171400022506712,-0.017328841611742973,0.009350616484880447,0.024137088165026344,0.2616855800151825,2563.9358386869894,2564.9321292150444,15.027253638713127,-0.0947084590961822,-0.13244043868689914,False
286,1787909301.4287925,6961.29979027,28.601643800735474,24000,24000,4390,863,1.929426418395059,0.12203669311563109,1.8049999475479126,2.1918999195098876,-0.016845397651195526,0.0062411753460764885,0.023911827700461834,0.23993968963623047,2572.7528163183188,2573.9472358679873,15.008383289133201,-0.30885106349342095,-0.5502447388521432,False
287,1787909301.527759,6961.39962393,28.700610399246216,24000,24000,4487,881,1.9269852456927434,0.10935924313120773,1.809000015258789,2.1110000610351562,-0.010842866264283657,0.006359028164297342,0.02280531872087565,0.16768300533294678,2581.4659238068443,2582.9074223126745,15.004125722729393,-0.5024984797159959,-0.6496491734792471,False
288,1787909301.6274066,6961.49946299,28.800257921218872,24000,24000,4603,924,1.9276926423306073,0.11387604465366902,1.8079999685287476,2.1253999352455137,-0.004970842506736517,0.009044173173606396,0.022419850809711452,0.13686935603618622,2590.6050324851144,2591.85885306814,15.007727761010088,-0.3314261736327353,-0.3551277584087984,False
289,1787909301.7273517,6961.59930781,28.900202989578247,24000,24000,4669,904,1.9381902656987704,0.11641894133172326,1.812000036239624,2.179400074481964,-0.005404040217399597,0.010410348884761333,0.023579183271875317,0.15266090631484985,2600.0456777974496,2600.890538399098,15.00342253183696,0.11440431015626018,-0.14406350219951491,False
290,1787909301.83428,6961.69994605,29.007131338119507,24000,24000,4593,803,1.9474097116204305,0.1266280404434202,1.8100999474525452,2.2069000244140624,-0.0076161581091582775,0.013705352321267128,0.023312242454595237,0.2002989500761032,2609.00890502327,2609.8758307695134,15.006514007963915,-0.545661647360248,-1.0243646602998524,False
291,1787909301.9281526,6961.80058571,29.101003885269165,24000,24000,4639,905,1.943386740315685,0.12939012144919257,1.8070000410079956,2.2321999549865716,-0.008558419533073902,0.008227146230638027,0.023811145729268263,0.15029418468475342,2617.8073541060276,2618.946890974613,14.99974666230325,-0.19551514676777515,-0.6852771907019815,False
292,1787909302.0284321,6961.90043195,29.20128345489502,24000,24000,4870,935,1.9470941184038784,0.11741557605055852,1.8209999799728394,2.1561999559402465,-0.007646915502846241,0.015340762212872505,0.023094241555042496,0.21625202894210815,2627.3000527527606,2628.0357353480863,15.033689524306665,0.27226436511045904,0.24467683769080395,False
293,1787909302.128204,6962.00028047,29.301055431365967,24000,24000,4683,976,1.9549098343389932,0.12341679070523574,1.815750002861023,2.2067500948905945,-0.006177256349474192,0.013449291698634624,0.0231454559558709,0.18657644093036652,2636.675880640676,2637.060149379182,15.02095972537173,0.6688552764962878,0.537075942588217,False
294,1787909302.2281065,6962.10010087,29.400957822799683,24000,24000,4550,995,1.9488170871782542,0.11554105486213832,1.8186999917030335,2.1486000299453734,-0.004910018760710955,0.014456376433372498,0.022945880613760607,0.19235455989837646,2645.369294562986,2646.0870361036827,15.02490495302719,0.3712951905231421,0.5021068242922411,False
295,1787909302.3284388,6962.19993553,29.50129008293152,24000,24000,4593,963,1.9564662519397518,0.11413768700867727,1.8200000524520874,2.152300095558166,-0.00479627912864089,0.021779675036668777,0.02188999634611415,0.27527615427970886,2654.381305853419,2655.092667749377,15.02490495302719,0.35364532778703506,-0.0756206987234691,False
296,1787909302.428016,6962.29977911,29.60086727142334,24000,24000,4645,942,1.9620923584686976,0.11996020457008363,1.8209999799728394,2.199250042438506,-0.006265765521675348,0.02335420995950699,0.02331115771788225,0.30806800723075867,2663.053553613381,2664.1238597542106,15.032204233742362,0.0641865590132511,0.35041580327333577,False
297,1787909302.5276556,6962.39960977,29.700506925582886,24000,24000,4770,974,1.957489729906744,0.11406183117713242,1.8256500005722045,2.1477499485015863,-0.014185134321451187,0.025571387261152267,0.022562226548137818,0.36191603541374207,2672.3103481655166,2673.1324395209112,15.026722250116554,0.35365282314478463,0.5893895395361142,False
298,1787909302.629405,6962.49944733,29.8022563457489,24000,24000,4547,936,1.9500085497513795,0.11460039145571412,1.8227499723434448,2.0897499918937683,-0.01034442987293005,0.025144062936306,0.0220815182135584,0.3427785038948059,2681.624905663703,2682.093593021969,15.018204257844742,0.511008186910658,0.6833142269429118,False
299,1787909302.7280178,6962.59928485,29.900869131088257,24000,24000,4511,965,1.9467678745793555,0.11513678565475947,1.8170000314712524,2.1258000850677488,-0.006009391043335199,0.02070966735482216,0.021486826233004314,0.2771408259868622,2690.0077801090542,2691.1227064377213,14.999925538137918,0.01897005863384038,-0.45525611065158955,False
300,1787909302.8281724,6962.69992851,30.001023769378662,24000,24000,4468,961,1.9426201861060992,0.11328908069870042,1.819000005722046,2.1389999389648438,-0.007804688066244125,0.01745016872882843,0.02097907681974875,0.24550917744636536,2698.7483200886777,2700.1350003731613,14.999925538137918,-0.2541655780619294,-0.4001514007836704,False
301,1787909302.9277737,6962.79976345,30.100625038146973,24000,24000,4530,929,1.9400398279545252,0.11073819304657562,1.812000036239624,2.128200006484985,-0.015092547051608562,0.02053012326359749,0.021290751787676546,0.3273063004016876,2707.7806744346067,2709.072367080151,14.966887506429257,-0.18568492760959998,-0.6346133367537732,False
302,1787909303.034793,6962.89960901,30.20764422416687,24000,24000,4200,859,1.9409941767924601,0.12176134807390519,1.8108999848365783,2.168699979782104,-0.018395116552710533,0.014769376255571842,0.021561250978420002,0.30292901396751404,2716.7083832902717,2717.9958175746815,14.972159622841934,-0.8894444090260549,-0.7032921231793807,False
303,1787909303.1275249,6962.99945543,30.300376176834106,24000,24000,4455,874,1.9419931350638173,0.11773234479436784,1.8083000242710114,2.1813499689102174,-0.018053529784083366,0.017925146967172623,0.022134834202854798,0.32641613483428955,2726.4667022644185,2726.9687333403026,14.976078917722816,0.5232227323349434,1.0057722667106646,False
304,1787909303.2272234,6963.09929791,30.40007472038269,24000,24000,4484,864,1.9397881972017113,0.11937543452365343,1.8200000524520874,2.1961999773979177,-0.015548525378108025,0.020185228437185287,0.022276721779822546,0.32818546891212463,2735.1160535728227,2735.9900887368276,14.986377289168454,0.19994584991400188,0.8415934874710729,False
305,1787909303.3289707,6963.19993583,30.501821994781494,24000,24000,4741,985,1.9346477174516863,0.09274721388738644,1.8250000476837158,2.077600049972534,-0.011468269862234592,0.017898499965667725,0.020926887636795802,0.274572491645813,2744.499496488897,2744.962873623038,15.003501024074447,0.42637974543549717,0.7149758796208516,False
306,1787909303.4283128,6963.29978389,30.60116410255432,24000,24000,4592,933,1.9496120072637724,0.11276437624597829,1.8229999542236328,2.1600000858306885,-0.012057720683515072,0.020770246163010597,0.021786434463588942,0.31007885932922363,2753.194577322866,2753.9588916815956,15.00337833406079,0.18091074776020832,0.18067321804255698,False
307,1787909303.5282762,6963.39963835,30.701127529144287,24000,24000,4550,982,1.9447586567970012,0.11393339978477993,1.816049987077713,2.136850082874298,-0.012222817167639732,0.0199230145663023,0.021278832664147446,0.30211707949638367,2762.271302235845,2762.9867586571554,15.002234352446244,0.26116863576635296,0.6917356543003734,False
308,1787909303.6270711,6963.49946673,30.799922466278076,24000,24000,4652,1030,1.959678642147953,0.1157135602290794,1.8350000381469727,2.1611500501632683,-0.0111100347712636,0.024706363677978516,0.02166128549981956,0.3553377091884613,2771.5286812933664,2771.9899200553564,15.002234352446244,0.6272418979783652,0.5351281415723861,False
309,1787909303.7272894,6963.59929945,30.9001407623291,24000,24000,4752,1112,1.9610773396792172,0.11183853964157002,1.8370000123977661,2.1773500204086305,-0.013482977636158466,0.024986233562231064,0.020663249810680327,0.3656083941459656,2779.3292388022705,2780.986337327512,15.031439446798641,-0.5916052541865611,-1.052047392998702,False
310,1787909303.8288133,6963.69992665,31.001664638519287,24000,24000,4896,1117,1.9519239036548106,0.11083235190652156,1.8186000108718872,2.1351999759674074,-0.01366292592138052,0.026116780936717987,0.021246273214922312,0.3845081329345703,2788.4981423159006,2789.9850956527403,15.030575943136647,-0.5596054617426489,-0.6170142773644329,False
311,1787909303.9283268,6963.79977039,31.10117816925049,24000,24000,4809,1002,1.9402984055930268,0.11078324926231509,1.815000057220459,2.118000030517578,-0.013091454282402992,0.014907576143741608,0.021138219646248797,0.26286953687667847,2798.342263322056,2799.0503344905046,15.002456963969466,0.32853806042658107,0.4775127899988547,False
312,1787909304.0280385,6963.89962459,31.200889825820923,24000,24000,4834,968,1.9407923568871395,0.11436437371444069,1.8220000267028809,2.1625499725341797,-0.015048159286379814,0.014667021110653877,0.022342708541245135,0.28174763917922974,2807.3052528426206,2808.045448624772,14.994011978898925,0.31771924986151134,0.26685078914442784,False
313,1787909304.127453,6963.99945071,31.300304412841797,24000,24000,4839,979,1.9355352414397102,0.1058574870384519,1.8219000220298767,2.13219997882843,-0.013328209519386292,0.004438967444002628,0.021804189200612275,0.1862354874610901,2816.0793592489244,2817.011690880374,14.96803932159416,0.14475286720244185,0.04657283542655932,False
314,1787909304.22728,6964.09929163,31.400131225585938,24000,24000,4965,855,1.9501438568907175,0.1161652852138527,1.8286999821662904,2.176900100708007,-0.012707844376564026,0.006542643066495657,0.022562149245696814,0.1846010833978653,2824.859913430121,2826.0057812251575,14.967376106876122,-0.058865060311745765,-0.2788651354371723,False
315,1787909304.32845,6964.19993331,31.501301288604736,24000,24000,4840,899,1.947007787373493,0.11988850201921615,1.8199000477790832,2.194999933242798,-0.01100432313978672,0.0047321561723947525,0.02252361256264268,0.15445004403591156,2834.418172622099,2834.9678254641976,14.968961288202145,0.3943327416000102,0.2902827206512484,False
316,1787909304.4284537,6964.29978959,31.60130500793457,24000,24000,4856,862,1.9525939652095539,0.11928667940755232,1.8240500032901763,2.181999921798706,-0.010180830955505371,0.007189343683421612,0.02243910818119259,0.15840470790863037,2843.3578488008848,2843.9826436000435,14.970099334089824,0.33391564611429203,-0.07294145294326881,False
317,1787909304.5282562,6964.39962073,31.701107501983643,24000,24000,4814,848,1.9591049546340726,0.12723917635216303,1.8289999961853027,2.249299967288971,-0.012423326261341572,0.006176714785397053,0.022479579696804527,0.1748916059732437,2851.5667147895388,2852.9672363295526,14.962586191656934,-0.4392018501057464,-0.4756692509008644,False
318,1787909304.628081,6964.49946863,31.80093240737915,24000,24000,4942,989,1.960943376813065,0.11769198164990681,1.8404000043869018,2.1956000328063965,-0.004578635562211275,0.014089302159845829,0.02199312327091871,0.1903742551803589,2861.072191566097,2861.927046982296,14.980334858314867,0.08227447451281478,-0.330764194976382,False
319,1787909304.7271812,6964.59931285,31.90003252029419,24000,24000,4911,1044,1.9548199246441267,0.10610778858471119,1.8339999914169312,2.1404000401496885,-0.0037868318613618612,0.019854217767715454,0.020670104878066704,0.257200688123703,2870.8315779862332,2870.990799313502,14.998243932806455,0.9228900158936995,1.4627021411206442,False
320,1787909304.8300583,6964.69994847,32.002909660339355,24000,24000,4782,1085,1.9565474644234653,0.10397681294967337,1.8389999866485596,2.157800006866455,-0.001449411385692656,0.021296346560120583,0.021450871080665356,0.2742600440979004,2879.572024656019,2879.9469167732645,14.957142443730662,0.4046424850871517,-0.11649842936549248,False
321,1787909304.9282327,6964.79979031,32.10108399391174,24000,24000,4770,1057,1.9565364248705226,0.10756061138398823,1.8389999866485596,2.12760009765625,-0.0041918461211025715,0.02038842812180519,0.02145240601208982,0.2673370838165283,2887.1710640309675,2888.857085134299,14.957142443730662,-0.8317711132349359,-1.3273251004752638,False
322,1787909305.0280035,6964.89964007,32.200854778289795,24000,24000,4842,1090,1.9586899072752086,0.1146033903689942,1.8234499752521516,2.150550055503845,-0.013610095717012882,0.022175395861268044,0.02221918829052183,0.332770437002182,2896.6990186910193,2897.8474144916963,14.97009976216556,-0.28294614423020903,-0.6057733832099075,False
323,1787909305.1277442,6964.99947693,32.30059552192688,24000,24000,4746,1018,1.951856582127292,0.10884641749534857,1.82284996509552,2.1056500792503354,-0.012494550086557865,0.020991837605834007,0.021791559833898747,0.3210023045539856,2905.668929237555,2906.853129947306,14.977586904421694,-0.2894616945905,-0.6736450875350783,False
324,1787909305.2277508,6965.09931727,32.40060210227966,24000,24000,4498,929,1.9445726599452056,0.12455861613647597,1.8170000314712524,2.213600015640259,-0.012721393257379532,0.013060332275927067,0.0230981752934751,0.24425554275512695,2914.904258432146,2915.8623096555957,14.973139292484433,-0.05448325942779775,0.003274627323207824,False
325,1787909305.3318753,6965.19995629,32.50472664833069,24000,24000,4307,952,1.939829830737675,0.1277391066264131,1.8075500011444092,2.2068000078201293,-0.009410901926457882,0.005068825092166662,0.023300907294663022,0.1420932561159134,2924.064141793816,2924.7966842113315,14.999087260667851,-0.26555762693533325,0.021822575862188387,False
326,1787909305.430958,6965.29981211,32.60380935668945,24000,24000,4450,842,1.934276724796114,0.12193420422502128,1.8070000410079956,2.123750066757202,-0.011425651609897614,0.013829437084496021,0.02353063775534826,0.23290009796619415,2932.7774383371625,2933.8440212901887,15.004115527079309,-0.4694655943039834,-1.0147511753370964,False
327,1787909305.52907,6965.39965477,32.701921224594116,24000,24000,4586,927,1.9320776699173154,0.11688674096469363,1.8140000104904175,2.142699909210205,-0.012917352840304375,0.00947016291320324,0.02378630634381794,0.21118858456611633,2941.966086684065,2942.8890614323777,14.993724845187055,-0.11064846140425288,0.08570631277461871,False
328,1787909305.6285675,6965.49949405,32.80141878128052,24000,24000,4529,942,1.9301666673075115,0.12173285147856146,1.8079999685287476,2.1548499703407287,-0.012737556360661983,0.0085719870403409,0.023042168663525694,0.2009497731924057,2951.615314510676,2951.89490940301,14.98792096277075,0.5840395066820747,0.5240900073899866,False
329,1787909305.7278333,6965.59934215,32.90068459510803,24000,24000,4475,872,1.9408153667362458,0.1243742986630672,1.8170000314712524,2.209450078010559,-0.010602511465549469,0.011082976125180721,0.023885663156228,0.19740791618824005,2959.6790422879176,2960.881211180833,14.999299392733015,-0.2859162768590977,-0.5705186871578007,False
330,1787909305.8286664,6965.69998149,33.00151777267456,24000,24000,4672,906,1.9383763831445977,0.11179005295678472,1.8132499754428864,2.1577500104904175,-0.0074448795057833195,0.009121028706431389,0.023688841879035107,0.15217992663383484,2968.80910062918,2969.9067969764237,15.000169415951744,-0.2306004483898505,-0.2929675201280588,False
331,1787909305.9299839,6965.79981183,33.102835178375244,24000,24000,4871,888,1.9427759024473998,0.12231247198768554,1.815999984741211,2.1906500101089477,-0.002350210677832365,0.00903994683176279,0.022326422750104862,0.11835843324661255,2978.3595260146967,2978.9779123949547,15.013738532539904,0.20150306145933428,0.3935684914558806,False
332,1787909306.0337162,6965.89964365,33.20656752586365,24000,24000,4372,835,1.947158082659373,0.12484876977820078,1.8049999475479126,2.241199994087219,-0.004643898457288742,0.010449233464896679,0.023973684818295295,0.14442658424377441,2987.1351265141084,2987.9280743650693,15.021325826251278,-0.3585572446590959,-0.5601567225448889,False
333,1787909306.127494,6965.99948571,33.3003454208374,24000,24000,4601,900,1.9537466673056285,0.11641154970941799,1.812000036239624,2.147100067138672,-0.0015962478937581182,0.019133152440190315,0.02301729102819877,0.2435135841369629,2996.039944847348,2996.942032194344,15.021325826251278,0.10647697370313836,0.3430421095999918,False
334,1787909306.228457,6966.09933733,33.40130829811096,24000,24000,4572,893,1.95649272250168,0.11398685683093476,1.819000005722046,2.1495999336242675,-0.006174837704747915,0.019699983298778534,0.02355844564206299,0.26185786724090576,3004.7875122481196,3005.9392226330147,15.01852737097009,-0.23237079878344957,-0.4548863044351492,False
335,1787909306.3288734,6966.19997463,33.50172472000122,24000,24000,4784,950,1.957195788935611,0.11540406720296006,1.8229999542236328,2.140000104904175,-0.009361501783132553,0.024118924513459206,0.021484980908277076,0.3183611035346985,3014.6689972876898,3014.9461170526856,15.018650149938198,0.6118787325744961,0.7081806075284476,False
336,1787909306.4285457,6966.29981585,33.6013970375061,24000,24000,4588,1040,1.939322115251651,0.09754864957938553,1.815000057220459,2.0810000896453857,-0.005000992212444544,0.017206493765115738,0.02139567984675726,0.22643733024597168,3022.805970880983,3023.959757498245,15.01488104224731,-0.22141558434941544,-0.42348816200637884,False
337,1787909306.530986,6966.39965277,33.703837394714355,24000,24000,4507,1037,1.9515920933785067,0.11180020842223709,1.8229999542236328,2.128999948501587,-0.005048179998993874,0.01899893581867218,0.02276085631090029,0.2536628246307373,3031.8550569638674,3032.9839060710483,14.988747956994969,-0.3917143013745772,-0.5704923332768885,False
338,1787909306.6297371,6966.500400032,33.80258846282959,24000,24000,4588,990,1.9536565673471702,0.11229267811487842,1.8263500034809113,2.1245500326156614,-0.008275761269032955,0.023940805345773697,0.022100337358515843,0.3192446231842041,3040.4071071806297,3041.966969610743,15.00117892515017,-0.7270217741765919,-1.0661599156360353,False
339,1787909306.7289588,6966.60055187,33.90181016921997,24000,24000,4720,981,1.9491253815416654,0.11027612509402225,1.8170000314712524,2.115000009536743,-0.009838773868978024,0.02434394881129265,0.021827303398148878,0.3314096927642822,3049.9489808250723,3050.9968161613388,14.992198242335194,-0.114862127674769,-0.46583991256557056,False
340,1787909306.8297722,6966.70038825,34.002623558044434,24000,24000,4587,912,1.9492719292379261,0.1176081809564584,1.8250000476837158,2.1504500627517698,-0.015020441263914108,0.025618912652134895,0.022122152449924798,0.3743095397949219,3059.498581657174,3059.9280522276786,14.997867905432244,0.36177713063761985,0.9738250454624904,False
341,1787909306.92893,6966.80023911,34.101781368255615,24000,24000,4463,895,1.9439597779812094,0.11628374085437757,1.81670001745224,2.1631999731063836,-0.017841365188360214,0.020847486332058907,0.021738135060968052,0.3486117124557495,3068.1150886147134,3068.899683573095,14.995217938817342,0.05432059208260398,0.42103156788152774,False
342,1787909307.029263,6966.90008471,34.20211434364319,24000,24000,4495,979,1.9491654763548074,0.13078557191470727,1.8149000525474548,2.2736999988555904,-0.018363194540143013,0.01621977798640728,0.02228848131820624,0.3160298466682434,3077.4993896844762,3077.876068732582,15.00921075497561,0.40889613738772823,1.0875240934060457,False
343,1787909307.1282277,6966.99993987,34.3010790348053,24000,24000,4604,897,1.9421839460215573,0.11849202549324238,1.8125999689102172,2.177799940109252,-0.010681199841201305,0.016182998195290565,0.020976990689758876,0.24753178656101227,3085.990123368104,3086.855961842386,15.007168342745025,-0.006953426960990328,0.051683818331639486,False
344,1787909307.2284508,6967.09976797,34.401302099227905,24000,24000,4591,925,1.9370518922805786,0.1083111108648948,1.809999942779541,2.1217999458312984,-0.0099704684689641,0.014270450919866562,0.02171793550909566,0.2258424460887909,3095.0157929290217,3095.8441460316003,15.017263411109964,-0.0011176690413776669,-0.471859204973498,False
345,1787909307.3271878,6967.19959925,34.50003910064697,24000,24000,4454,902,1.952660754356046,0.1292176576289736,1.8259999752044678,2.2549501061439514,-0.01190855260938406,0.016436822712421417,0.02186644619062135,0.2636807858943939,3103.9733156799366,3104.7863683814276,15.014253897619042,0.07031336099953478,0.1415077637138893,False
346,1787909307.4278243,6967.29943527,34.60067558288574,24000,24000,4483,889,1.9541788546387338,0.10832345807528819,1.8313999891281127,2.14259991645813,-0.012822935357689857,0.021577095612883568,0.021852018472177492,0.3270626664161682,3112.976360165366,3113.8624444263824,15.047639930169488,0.01631743820007614,-0.07090558682784831,False
347,1787909307.5273936,6967.39966591,34.70024490356445,24000,24000,4546,916,1.9556724885925976,0.12066968722982206,1.8229999542236328,2.1929998993873596,-0.015182195231318474,0.02291218750178814,0.021171513788390092,0.3559003174304962,3121.296474886623,3122.8956044526,15.04321450064761,-0.6245662850965346,-1.0786937715547538,False
348,1787909307.627697,6967.49951383,34.80054831504822,24000,24000,4904,1128,1.9593608143693166,0.11904715367836645,1.8309999704360962,2.1888999700546257,-0.012667229399085045,0.024163836613297462,0.021097205110023897,0.35272216796875,3130.7413755294706,3131.8621948396567,15.027205432870444,-0.20673048674780148,-0.35796266608122096,False
349,1787909307.7281141,6967.59936477,34.900965452194214,24000,24000,4850,1131,1.9527002676306944,0.11061863692879546,1.8259999752044678,2.1424999237060547,-0.012666359543800354,0.026055660098791122,0.02165284103225396,0.38115569949150085,3139.759968249747,3140.9053960035126,15.004330725129698,-0.2254376459732157,-0.2293424654590126,False
350,1787909307.8276844,6967.69960815,35.00053572654724,24000,24000,4767,1178,1.947009341421273,0.1090322721329705,1.8276999533176421,2.1164499402046197,-0.014662808738648891,0.022445274516940117,0.020983658545714906,0.34670940041542053,3149.2805218360486,3149.940749240056,14.982895397665557,0.3340316673888992,0.640125038638871,False
351,1787909307.9274533,6967.79944469,35.10030460357666,24000,24000,4782,1076,1.9417351290417426,0.10691840914812378,1.8209999799728394,2.1257500052452087,-0.01641659252345562,0.020359493792057037,0.02134306220483508,0.337049663066864,3157.7450716406465,3158.9803802703323,14.988808651559298,-0.18037656228898413,-0.22078304277192728,False
352,1787909308.0279455,6967.89967583,35.20079684257507,24000,24000,4905,918,1.9483834444048098,0.1259051975516628,1.8140000104904175,2.218149960041046,-0.01604594849050045,0.014116546139121056,0.022171772402761934,0.27605700492858887,3167.280514374309,3167.907673670028,14.97101816363705,0.31100730649222896,0.35234753823715437,False
353,1787909308.1282501,6967.99951279,35.30110144615173,24000,24000,4954,929,1.938514531749442,0.11393012646903973,1.8233999729156494,2.1458000659942624,-0.017533665522933006,0.004670543596148491,0.023249251720110203,0.23866674304008484,3176.2590313627707,3176.9155132653905,15.018610913701332,0.262352164972981,0.36169512364858747,False
354,1787909308.2278268,6968.09935169,35.4006781578064,24000,24000,4851,871,1.9401928811889018,0.1192076889047233,1.8209999799728394,2.194499969482422,-0.013946964405477047,0.005610210821032524,0.022547133605208373,0.1937234103679657,3185.2023192166303,3185.956717096306,15.018610913701332,0.24397640428924205,0.32119102173874126,False
355,1787909308.3287253,6968.19999167,35.5015766620636,24000,24000,4842,844,1.9472547357116265,0.11983461597277999,1.8259999752044678,2.2149999141693115,-0.010076704435050488,0.0050422330386936665,0.02219778630373378,0.1470838189125061,3194.7595592762873,3194.9850495642054,15.01899393600951,0.7205947067272973,1.0177142324419037,False
356,1787909308.4282136,6968.29983237,35.601064920425415,24000,24000,5022,879,1.9462195682308645,0.11537758704086658,1.8240000009536743,2.1580999851226808,-0.008202091790735722,0.002550861332565546,0.022347627148284862,0.11022306233644485,3203.0605996943736,3204.0093454837515,15.021661195911912,0.06793209305033088,0.4908773413076233,False
357,1787909308.5289037,6968.39966341,35.70175504684448,24000,24000,4923,847,1.9589822891892903,0.12976093047809764,1.8259999752044678,2.241899967193603,-0.008238216862082481,0.0033702536020427942,0.02239212459062664,0.11410573869943619,3211.8558070395266,3213.0230241593863,15.004759595279397,-0.1987288167247243,-0.48626414960654074,False
358,1787909308.6283886,6968.49950583,35.80123996734619,24000,24000,4755,998,1.956744489665022,0.10436644339057624,1.8420000076293945,2.187999963760376,-0.0020811075810343027,0.01563766784965992,0.021211512529325384,0.2035577893257141,3221.887740168028,3222.0016902454727,15.003387742943149,0.8798016793634815,0.9294688972095173,False
359,1787909308.7277496,6968.59935155,35.90060091018677,24000,24000,4757,980,1.9583153067802896,0.10654626156703736,1.846950000524521,2.1410000324249268,-0.006302497815340757,0.022318115457892418,0.020405742885536066,0.2963395118713379,3229.1594943122277,3231.0445174736215,15.000651652540023,-0.7906891186999019,-1.0657440583008793,False
360,1787909308.8276792,6968.69998091,36.0005304813385,24000,24000,4928,1044,1.950272988199731,0.09827057510016346,1.8420000076293945,2.1037000775337216,-0.007266509346663952,0.023834597319364548,0.021503243773371886,0.3182969093322754,3238.217950377484,3239.9938464578163,14.963582589109002,-0.7256531707212162,-1.0991461533535585,False
361,1787909308.9310448,6968.79980477,36.103896141052246,24000,24000,4942,1104,1.9522192072177278,0.10623825287092455,1.830150032043457,2.1007000565528866,-0.0076146842911839485,0.024836434051394463,0.02135756078314804,0.33350396156311035,3247.4833365428135,3249.0246137335107,14.944061171990922,-0.7629267965940016,-0.7433437321369638,False
362,1787909309.0292032,6968.89963727,36.202054500579834,24000,24000,4769,1139,1.9514899036149584,0.10697347504892937,1.8279999494552612,2.098400044441223,-0.010899675078690052,0.016839420422911644,0.021783049930806677,0.2609671950340271,3257.8885984944973,3257.961256927982,14.94363052502626,0.8083198072808955,1.1353598456457803,False
363,1787909309.1278732,6968.99946917,36.300724506378174,24000,24000,4593,985,1.9458832497524126,0.10829297904088339,1.8250000476837158,2.1247999191284177,-0.01191149465739727,0.019433973357081413,0.0221103498796807,0.29033759236335754,3266.6647972131755,3266.9435100690903,14.951071231394051,0.7044562491851138,0.8210916854277457,False
364,1787909309.2284772,6969.09931573,36.401328563690186,24000,24000,4505,926,1.9462300263522254,0.1176458221972423,1.8102499544620514,2.1735000610351562,-0.010340589098632336,0.011285275220870972,0.022919103713533468,0.19678661227226257,3274.9316592061996,3275.909679640971,14.950810895138167,-0.08280400090325202,0.1527413775511377,False
365,1787909309.3279626,6969.19994561,36.50081396102905,24000,24000,4588,956,1.9326464437789996,0.11125380588578697,1.8094999492168427,2.1125000715255737,-0.015129703097045422,0.0068692839704453945,0.023613636151772786,0.22161638736724854,3284.1295690695256,3284.9052333332693,14.96530037535296,0.16166031581678908,0.09897585427233935,False
366,1787909309.429002,6969.29977093,36.601853370666504,24000,24000,4460,883,1.9371551526362332,0.12720661524862067,1.8080999732017518,2.197599959373474,-0.013830846175551414,0.009743200615048409,0.023667592637171678,0.22263619303703308,3293.190074608449,3293.9734937688827,14.986487478737827,0.1288629535238215,-0.020843939221322216,False
367,1787909309.529454,6969.39962233,36.70230531692505,24000,24000,4424,873,1.923581900328978,0.11243275314245464,1.8079999685287476,2.111600065231323,-0.015910442918539047,0.007874415256083012,0.02352694148400369,0.23500306904315948,3302.4401691975827,3302.97833349054,14.986210994475256,0.33852492707546844,0.2129543481573819,False
368,1787909309.6298814,6969.49946181,36.802732706069946,24000,24000,4510,930,1.9303236548618603,0.10926396835785135,1.8184499800205232,2.1357499599456786,-0.009741110727190971,0.007661052513867617,0.023409488795131567,0.1628839522600174,3311.152709751045,3311.931158396157,15.026912314471863,0.012842945889133262,0.054203760065774986,False
369,1787909309.7323086,6969.59930481,36.90515995025635,24000,24000,4582,900,1.9450333326392704,0.12954633618739783,1.809000015258789,2.246999979019165,-0.0034618524368852377,0.007062302902340889,0.022997332683849434,0.102573461830616,3319.26253056509,3321.0011572379717,15.02262865079323,-1.0955408996719598,-1.153925607787187,False
370,1787909309.833314,6969.69993007,37.00616526603699,24000,24000,4406,787,1.9397865289957126,0.11262303167837347,1.810599970817566,2.1513999938964843,-0.004663487430661917,0.01361020002514124,0.024184383216576223,0.18682831525802612,3329.259212652917,3330.012660008828,14.996434396738552,-0.18909334826958002,-0.3481086817473624,False
371,1787909309.9299943,6969.79975595,37.102845668792725,24000,24000,4653,806,1.9416129007824596,0.12344081857884052,1.805249959230423,2.1864999532699585,-0.0060890838503837585,0.009955323301255703,0.023022755679716154,0.14936213195323944,3337.5308757225307,3338.9756246148527,14.990200023015435,-0.6184330856199267,-1.0153237598469786,False
372,1787909310.0303948,6969.89960921,37.203246116638184,24000,24000,4584,803,1.9493424662320433,0.12248185001614242,1.8060999989509583,2.164899969100952,-0.010067424736917019,0.01735459268093109,0.022902539433998215,0.24916622042655945,3347.1549801045244,3347.951561331531,14.971954506816557,-0.030126586377264175,-0.17279144781241484,False
373,1787909310.1323428,6969.99944669,37.30519413948059,24000,24000,4679,959,1.9476058392380524,0.11829633118190054,1.8140000104904175,2.154400038719177,-0.007263724692165852,0.013674982823431492,0.0226728150741814,0.19683387875556946,3356.038322276864,3356.9588760019437,14.994165942269795,-0.3218603097943742,-0.4947474821401556,False
374,1787909310.2298129,6970.09928611,37.40266418457031,24000,24000,4651,1020,1.953025491097394,0.11929924130598629,1.8169500291347505,2.1601000785827638,-0.0071080937050282955,0.015591226518154144,0.023011291639268624,0.2180226743221283,3365.3977071127165,3365.9734664328416,14.996566642785979,0.2654558156773419,-0.11745891005921294,False
375,1787909310.3288324,6970.19991753,37.501683712005615,24000,24000,4555,1024,1.95364648650866,0.10789428870403568,1.8240000009536743,2.1228499174118043,-0.005089619196951389,0.01840660348534584,0.022819408614926418,0.2416297346353531,3374.0862383244703,3374.952499148107,15.002453460499444,0.04246864727292632,-0.2642956509953365,False
376,1787909310.428541,6970.29974775,37.60139226913452,24000,24000,4619,968,1.9576012401048801,0.10619732938415148,1.832349991798401,2.1384999632835386,-0.005357727874070406,0.0269946102052927,0.02105485767256819,0.3384908437728882,3382.771428695089,3383.9303667453178,15.002453460499444,-0.24587037098399378,-0.8314930340384308,False
377,1787909310.5288343,6970.39959375,37.701685667037964,24000,24000,4599,934,1.9532430409364068,0.11425967610939994,1.8183000147342683,2.1284000754356383,-0.007319014519453049,0.02465905249118805,0.023197130592930867,0.3267609179019928,3392.0708839295144,3392.909523828085,15.01855229747457,0.027421216992934205,0.13487905389820298,False
378,1787909310.6298714,6970.49945651,37.802722692489624,24000,24000,4715,1015,1.9579773388472683,0.12285148218222337,1.8217000126838685,2.193199944496154,-0.011930502951145172,0.02264557220041752,0.022703306310616934,0.32531365752220154,3401.7179919786213,3401.9103829622686,15.042958230125699,0.5814409358481498,0.6781896138359116,False
379,1787909310.728907,6970.59929239,37.901758432388306,24000,24000,4673,967,1.950140644130687,0.11486080122869022,1.8289999961853027,2.105300021171569,-0.011402428150177002,0.024429714307188988,0.02180251845726406,0.34215614199638367,3410.5557970459095,3410.9318665663523,15.053946024794605,0.5062685404200238,0.33473823366375655,False
380,1787909310.8281882,6970.69992137,38.00103950500488,24000,24000,4487,945,1.9465185215864231,0.11892133605883456,1.8211999893188477,2.1355999946594233,-0.012247421778738499,0.020381983369588852,0.021477467275367233,0.30035316944122314,3418.6345792711327,3419.9399088636687,15.01550500404646,-0.35000604931155976,-0.23507053722005367,False
381,1787909310.9292324,6970.79976977,38.102083683013916,24000,24000,4476,962,1.945478171667785,0.12763565695688497,1.815000057220459,2.180999922752379,-0.012764190323650837,0.01615086942911148,0.02185704953513559,0.26458117365837097,3427.76437883303,3428.9226869100057,15.021579095670646,-0.31393853055897125,-0.44253179826591804,False
382,1787909311.027875,6970.89960857,38.20072627067566,24000,24000,4606,950,1.9458568419908222,0.12743373981823228,1.8140000104904175,2.206550049781799,-0.00958539079874754,0.016847893595695496,0.02125618369361595,0.2530069053173065,3436.2114610335207,3437.8745375137532,15.011722567293758,-0.7444510407517555,-1.8190096332878056,False
383,1787909311.1281943,6970.99943929,38.301045656204224,24000,24000,4441,871,1.951422501103065,0.12554153461160986,1.8234999775886536,2.23799991607666,-0.016125237569212914,0.018010487779974937,0.02132302739082212,0.31117236614227295,3446.00842730747,3446.894432164103,15.002829551277749,0.024012763236896717,0.43051523408803405,False
384,1787909311.22858,6971.09928801,38.40143132209778,24000,24000,4434,820,1.9451024385487161,0.12473578420241767,1.8139500081539155,2.2220498919487,-0.017573026940226555,0.020446432754397392,0.021426122494845296,0.34091830253601074,3455.0109072211667,3455.8741017102675,14.99484685095792,-0.007974865837695688,0.03858232401262285,False
385,1787909311.3282049,6971.19992309,38.50105619430542,24000,24000,4525,913,1.9502256320052966,0.12526087703448666,1.8225999832153321,2.1985999584197997,-0.0136714531108737,0.01810000278055668,0.021765537772401828,0.29341739416122437,3463.8598831786376,3464.869897059891,15.004493132929747,-0.12499685639158997,0.11171856493865562,False
386,1787909311.428909,6971.29975435,38.601760387420654,24000,24000,4731,1026,1.9534142329911275,0.11705389653422354,1.8302500247955322,2.134499967098236,-0.012241422198712826,0.01990843378007412,0.022145632379041387,0.3037954270839691,3473.057648617344,3473.8879774242364,14.999669348011237,0.009634358696530398,0.3200452779733496,False
387,1787909311.5277648,6971.39959679,38.700616121292114,24000,24000,4693,1013,1.9531076033282493,0.11590739086704525,1.8270000219345093,2.173000049591064,-0.011342324316501617,0.01809016428887844,0.021569137797976645,0.2768254280090332,3482.2368929171503,3482.8794153669014,14.985398463792842,0.2921013036007025,0.08559408816608993,False
388,1787909311.6277604,6971.49942689,38.80061173439026,24000,24000,4658,1093,1.955939617924808,0.11420771305453961,1.8270000219345093,2.1667999267578124,-0.012064008042216301,0.022689340636134148,0.020842461327182243,0.3295474648475647,3491.5014593741375,3491.87525951129,14.98113272602946,0.5573040275958192,1.0175670250396252,False
389,1787909311.7273953,6971.59965735,38.90024662017822,24000,24000,4779,1138,1.9579068564782034,0.11582803765022784,1.8238499939441681,2.1570999622344953,-0.011546331457793713,0.027864431962370872,0.02166870868332048,0.39319556951522827,3500.230107211757,3500.871229682796,14.994102902710901,0.31905271914001787,-0.09328717549624344,False
390,1787909311.8279023,6971.69950127,39.00075364112854,24000,24000,4793,1121,1.953225692503161,0.11384413703504191,1.8229999542236328,2.1540000438690186,-0.014096483588218689,0.024169517681002617,0.021243647378084988,0.36312004923820496,3508.2476870330215,3509.895064988398,15.024800063021054,-0.7087566644563594,-1.287514158396334,False
391,1787909311.9282565,6971.79935827,39.10110783576965,24000,24000,4979,1073,1.9445172414975198,0.11508673840500794,1.8220000267028809,2.169599962234497,-0.018883999437093735,0.01629488356411457,0.0219570124567025,0.3293260931968689,3518.3732528188248,3518.8931671378705,15.032776531775033,0.3851739153060407,0.2928580727189001,False
392,1787909312.0276396,6971.89961119,39.200490951538086,24000,24000,4846,922,1.9407527096359436,0.11769121256595717,1.8170000314712524,2.1729500889778137,-0.01740182936191559,0.012358861975371838,0.022492126557108257,0.2819427251815796,3527.1123512314107,3527.9638293151224,15.03303723903944,0.1800318756595516,0.3401913111920294,False
393,1787909312.1280057,6971.99945743,39.300857067108154,24000,24000,4844,934,1.9390396145222273,0.11654176980252716,1.8220000267028809,2.1471999168395985,-0.012372327037155628,0.009295453317463398,0.02223333503934513,0.20571741461753845,3535.62241582719,3536.942216068206,14.997544458517813,-0.3426115894249051,-0.5379299209653254,False
394,1787909312.230405,6972.09929475,39.4032564163208,24000,24000,4861,879,1.9430500594422273,0.11894509129470426,1.8189000010490417,2.191100049018859,-0.010579405352473259,0.002966928528621793,0.02207042340342183,0.14498701691627502,3544.987207603236,3545.950843805993,14.974270045814627,-0.19351399270044567,-0.5204805700936959,False
395,1787909312.327471,6972.19993465,39.500322341918945,24000,24000,4960,895,1.9452167604222643,0.12017625151983023,1.8217000126838685,2.1670000553131104,-0.0076885828748345375,-0.0002780735958367586,0.021500601971919595,0.09935127943754196,3554.267645928823,3554.9329868590276,14.974270045814627,0.35122540097563615,-0.1584761838862505,False
396,1787909312.4295201,6972.29976757,39.60237145423889,24000,24000,4801,818,1.9511039120060891,0.11616765533681926,1.8238499939441681,2.2061500787734984,-0.010640214197337627,0.0058554839342832565,0.022737737279788173,0.15594170987606049,3562.755601308667,3563.8699149873955,14.971690097071127,-0.3449929238290679,-0.6970858546574163,False
397,1787909312.5276244,6972.39960533,39.70047569274902,24000,24000,4767,847,1.9601157005731162,0.127352057268924,1.8279999494552612,2.2422999382019038,-0.009065316058695316,0.008849607780575752,0.021871850561349195,0.1604977697134018,3571.6270912971804,3572.8468459880705,14.971690097071127,-0.3026475222322915,-0.6620603825231228,False
398,1787909312.6274972,6972.49945069,39.80034852027893,24000,24000,4797,939,1.9571256657885794,0.11605606340285464,1.8329999446868896,2.2028999090194694,-0.006637528073042631,0.013966654427349567,0.022241706504468647,0.1967923790216446,3580.670827923734,3581.8493609417733,14.974852472984969,-0.2472242240032756,-0.5658036646268556,False
399,1787909312.7280512,6972.59929763,39.90090250968933,24000,24000,5031,1113,1.9561814931953478,0.10852729807958535,1.8389999866485596,2.1486000537872307,-0.0064053284004330635,0.019534800201654434,0.021252930211858416,0.2645479738712311,3590.5863828919855,3590.870967563202,14.997211613257484,0.6187144913888005,0.7206747811997047,False
400,1787909312.828907,6972.69994483,40.001758337020874,24000,24000,4758,1047,1.944477556428117,0.09667613380874648,1.8309000134468079,2.0720000505447382,-0.003921900410205126,0.022250045090913773,0.01998335324677495,0.2830238342285156,3599.666699009141,3599.907959842421,14.977504771154559,0.6222496715886336,0.8643387159600024,False
401,1787909312.929115,6972.79978393,40.101966381073,24000,24000,4707,1071,1.9516395911449145,0.10141698418441492,1.8359999656677246,2.106500029563904,-0.0034906656946986914,0.02276233769953251,0.021821276524356177,0.29476916790008545,3608.423977524669,3608.8305872049496,14.997673275593307,0.36104618119452425,0.4713009743513794,False
402,1787909313.0278952,6972.89961701,40.20074653625488,24000,24000,4662,1021,1.9548599417599595,0.11502493655472991,1.8289999961853027,2.140000104904175,-0.0069390409626066685,0.019309574738144875,0.02192444768741417,0.2663090229034424,3616.3584158682006,3617.8667202379384,15.00453707369896,-0.5944909306040245,-1.0026376681580587,False
403,1787909313.1294203,6972.99945877,40.302271604537964,24000,24000,4678,991,1.9537558019101078,0.12233988439533887,1.819000005722046,2.216499924659729,-0.013221734203398228,0.016767777502536774,0.022338935192820958,0.2816448211669922,3625.5887972847217,3626.836873311605,15.020990960962012,-0.5011205207515559,-1.2228432754759524,False
404,1787909313.2279348,6973.09930127,40.40078616142273,24000,24000,4687,967,1.933547053983071,0.11605785616179012,1.8040000200271606,2.1017000198364255,-0.019051553681492805,0.014138320460915565,0.023503550482310412,0.3112308979034424,3634.586141431121,3635.8281171032977,15.025378426070974,-0.3698486242456056,-0.6614675161099512,False
405,1787909313.3298752,6973.19994511,40.502726554870605,24000,24000,4488,947,1.93250581014748,0.1123119023124242,1.8140000104904175,2.113700032234192,-0.013689050450921059,0.007207914255559444,0.023186186059655764,0.208791583776474,3643.828345462492,3644.85700943115,15.037289621462397,-0.30203386154562395,-0.5673258664542118,False
406,1787909313.4286935,6973.29978507,40.60154485702515,24000,24000,4445,882,1.93695464845147,0.12349491970315384,1.809000015258789,2.1769500494003293,-0.011450284160673618,0.00767125329002738,0.023089532258448602,0.18279589712619781,3653.3187725570465,3653.920172652337,15.022066043089639,0.29498464224798226,-0.1872716655389013,False
407,1787909313.530783,6973.39963591,40.70363426208496,24000,24000,4696,1011,1.9302037588802454,0.11155474636591413,1.809499979019165,2.1510000228881836,-0.00625762902200222,0.0039478931576013565,0.023111899909041247,0.09885645657777786,3662.0292761577716,3662.9254266100834,15.011292614636092,-0.18231171097386323,-0.1351721482396897,False
408,1787909313.6285264,6973.49947593,40.80137777328491,24000,24000,4551,868,1.9345576033888874,0.11660382609174905,1.8153500318527223,2.1500000953674316,-0.01399964652955532,0.013084114529192448,0.023747336982823004,0.24987836182117462,3670.913157615076,3671.901926971313,15.004816564131993,-0.09511025366919057,-0.3010919088405899,False
409,1787909313.7314937,6973.59931547,40.90434503555298,24000,24000,4486,810,1.9468333339985506,0.1264403322537666,1.812000036239624,2.2230000495910645,-0.009073706343770027,0.015064623206853867,0.02376780813658264,0.22682848572731018,3680.1085851170433,3680.9023330655164,15.021364325863125,-0.16648773474935297,-0.11980172453013438,False
410,1787909313.8277442,6973.69993955,41.000595569610596,24000,24000,4563,866,1.9343579682687138,0.10836637290329117,1.8132499754428864,2.152500092983246,-0.010040683671832085,0.008039665408432484,0.024299982382690176,0.1673799306154251,3688.8107450968487,3689.908825704024,15.021364325863125,-0.12664341702293314,-0.4020263493098355,False
411,1787909313.9288826,6973.79979427,41.101733922958374,24000,24000,4677,940,1.9419946817641562,0.12185699926057189,1.8128999650478363,2.201049971580505,-0.009642845951020718,0.007828527130186558,0.02373936273076781,0.15884597599506378,3698.3613300871702,3698.920819890828,15.042182800791615,0.32173397705946627,0.5917321723441091,False
412,1787909314.0276186,6973.89964319,41.200469970703125,24000,24000,4885,931,1.9477916214571092,0.12713847066022688,1.8079999685287476,2.218000054359436,-0.006309636402875185,0.009900038130581379,0.022607343343323014,0.1469925343990326,3706.907639491515,3707.9383156259837,15.061378053062555,-0.01796251108407887,0.25216850056267504,False
413,1787909314.1276004,6973.99947791,41.30045175552368,24000,24000,4609,916,1.953296943262675,0.11352046298917173,1.813749998807907,2.1527499556541443,-0.0022848190274089575,0.01627836748957634,0.023664967922593202,0.2063877284526825,3716.8667241866783,3716.9613129094905,15.05170049382582,0.9430029626805663,1.0420928859225569,False
414,1787909314.2278085,6974.09932425,41.400659799575806,24000,24000,4583,917,1.963610687848656,0.1320318929842294,1.812000036239624,2.2361999034881586,-0.004778622649610043,0.020923830568790436,0.022523738293249163,0.2687167823314667,3725.2831361410026,3725.989811741348,15.040496818563911,0.3409329110827457,0.42297401126052137,False
415,1787909314.3308046,6974.19996229,41.50365591049194,24000,24000,4595,926,1.953051837293942,0.10703553898114584,1.8222500085830688,2.106000065803528,-0.005617278628051281,0.023055966943502426,0.023228496992833705,0.30457934737205505,3734.0850871053085,3735.023812121557,15.015191007114653,-0.12651741632816993,-0.3546302406934956,False
416,1787909314.428669,6974.29979325,41.6015202999115,24000,24000,4765,956,1.9517719680794114,0.10376456467980875,1.8240000009536743,2.103249967098236,-0.009956798516213894,0.02353493869304657,0.02078948917560395,0.32089805603027344,3742.907972863702,3744.0633140501172,15.015191007114653,-0.11119040583025708,-0.14378236443690184,False
417,1787909314.5288205,6974.39963703,41.701671838760376,24000,24000,4638,1009,1.9481536167700535,0.10742865424389952,1.8300000429153442,2.087599992752075,-0.008693018928170204,0.022547194734215736,0.022541057680828747,0.30490925908088684,3752.185242049122,3753.1083175270287,15.031279737597282,0.15268210552403616,0.31359183411223057,False
418,1787909314.6288304,6974.49947361,41.80168175697327,24000,24000,4550,1036,1.9448870683959092,0.1019535641849439,1.819000005722046,2.11599999666214,-0.006463194731622934,0.02051466330885887,0.02176875783857331,0.27579641342163086,3761.3907015200416,3762.158822552291,15.006167427262026,0.3574904176648488,0.3806763916113596,False
419,1787909314.728966,6974.59931317,41.901817321777344,24000,24000,4544,964,1.9520912878988195,0.10934425645411035,1.8250000476837158,2.135699939727783,-0.007683568634092808,0.024790935218334198,0.021514612215415434,0.32828545570373535,3769.9347503137774,3771.2148291259045,15.006167427262026,-0.11041983720315329,-0.14842013693350964,False
