frame,bag_stamp_s,header_stamp_s,angle_deg,angle_unwrapped_deg,relative_angle_deg,smoothed_angle_unwrapped_deg,batch_angle_unwrapped_deg,raw_residual_deg,heldout_residual_deg,photometric_proxy_sigma_deg,photometric_residual,status
0,1787909180.6331818,1787909180.6310668,154.54278211300934,154.54278211300934,0.0,154.424348672545,153.60334936939455,0.9394327436147993,0.9811867861009386,0.13035109073085355,0.008999497355123563,registered
1,1787909180.641041,1787909180.6402936,152.86753337888288,152.86753337888288,-1.6752487341264648,152.9138995959027,153.0497795241935,-0.18224614531061978,-0.15323796642640874,0.12664430262293389,0.00927084936550537,registered
2,1787909180.6694815,1787909180.6688828,151.22933061807043,151.22933061807043,-3.313451494938924,151.36648813648276,151.33454264363155,-0.10521202556112108,-0.08941216699821997,0.10581423894709846,0.008127192097125091,registered
3,1787909180.6980934,1787909180.6973681,149.77749758649244,149.77749758649244,-4.76528452651692,149.7821142942851,149.62554236390957,0.15195522258285132,0.14652208147288803,0.11923055736792859,0.00920210886015895,registered
4,1787909180.7287292,1787909180.7262468,148.1419087859621,148.1419087859621,-6.400873327047256,148.16077806930977,147.89294026908215,0.24896851687995358,0.2125585014703617,0.10216907169018512,0.007596821029344104,registered
5,1787909180.7553709,1787909180.7546616,146.52322480194314,146.52322480194314,-8.019557311066215,146.5024794615572,146.1881740119488,0.33505078999434446,0.3057122781431545,0.1229421283563426,0.008513740959952594,registered
6,1787909180.7842114,1787909180.783587,144.85416194069452,144.85416194069452,-9.688620172314838,144.832178865042,144.45276830756944,0.4013936331250818,0.3689679353157054,0.14954628853548124,0.009598445607863475,registered
7,1787909180.8123798,1787909180.8118403,143.0700766079081,143.0700766079081,-11.472705505101237,143.10026511844478,142.7576859466945,0.31239066121360715,0.28520434838821807,0.21023728737754946,0.01342795811042921,registered
8,1787909180.841061,1787909180.8404431,141.39153021040855,141.39153021040855,-13.15125190260081,141.3133099913694,141.04163373070162,0.3498964797069082,0.3178608502251201,0.21690136948860567,0.014992341043907799,registered
9,1787909180.8696988,1787909180.8691106,139.527228704505,139.527228704505,-15.015553408504356,139.48607117900272,139.32170509537931,0.2055236091256809,0.17584348001911287,0.2391914836643162,0.017809723707689313,registered
10,1787909180.8982859,1787909180.8975453,137.56906827647526,137.56906827647526,-16.973713836534102,137.61076116773773,137.61573729129515,-0.04666901481989072,-0.0662439830326349,0.2741791031048563,0.0203688606070974,registered
11,1787909180.9284143,1787909180.9265344,135.77840650030748,135.77840650030748,-18.764375612701855,135.76152900601323,135.8765123841078,-0.09810588380030438,-0.1307234805694648,0.2651240256449409,0.01878249391050344,registered
12,1787909180.9553323,1787909180.9547584,133.95479833907453,133.95479833907453,-20.587983773934813,133.96988785388908,134.183189431268,-0.2283910921934762,-0.24547468218726465,0.25514648990769984,0.016852531754255277,registered
13,1787909180.9841862,1787909180.9834495,132.0545822768644,132.0545822768644,-22.488199836144936,132.18726804809006,132.46184468703936,-0.40726241017495113,-0.41947059744561344,0.2537948352193497,0.014903435289664273,registered
14,1787909181.012405,1787909181.0117857,130.37000627773725,130.37000627773725,-24.172775835272105,130.45650285345604,130.76178448879674,-0.39177821105949917,-0.4138403862017377,0.22772010012978383,0.011754885552457723,registered
15,1787909181.0410419,1787909181.040362,128.91297152198592,128.91297152198592,-25.629810591023418,128.79973919137862,129.04733433540497,-0.13436281341903467,-0.1657361979397436,0.2597461590336872,0.012319015227343728,registered
16,1787909181.0697196,1787909181.068972,127.2315888097499,127.2315888097499,-27.311193303259454,127.11749608300349,127.33083869137072,-0.09924988162082116,-0.1340583752639546,0.2021419143606722,0.00907099068120032,registered
17,1787909181.0989153,1787909181.0981019,125.36434687902272,125.36434687902272,-29.17843523398663,125.42074962475638,125.58317434726688,-0.21882746824415733,-0.2516712773195344,0.238332859061431,0.010303997501818802,registered
18,1787909181.1273482,1787909181.126629,123.79629182866226,123.79629182866226,-30.746490284347086,123.8149251505297,123.87165654060033,-0.07536471193806449,-0.09347901718592411,0.2291610975806922,0.009991138966297634,registered
19,1787909181.1552749,1787909181.1546555,122.21708953425114,122.21708953425114,-32.32569257875821,122.18231089911801,122.19019171183474,0.02689782241639449,0.011318425985120228,0.18783983779845304,0.008555841712448359,registered
20,1787909181.1837718,1787909181.1831653,120.25353958885981,120.25353958885981,-34.28924252414954,120.42846729075269,120.47971810668498,-0.22617851782517562,-0.2369418068538991,0.1986171085914815,0.009265619604359652,registered
21,1787909181.212421,1787909181.2118006,118.74391295875338,118.74391295875338,-35.79886915425597,118.71999489563103,118.7617205289622,-0.017807570208816514,-0.057832503525382606,0.10715655790526038,0.0048512840264110044,registered
22,1787909181.241528,1787909181.2407846,117.45808902121723,117.45808902121723,-37.084693091792126,117.07750631703658,117.02279600851257,0.4352930127046548,0.41415673978116985,0.12878095470473325,0.00563385047658186,registered
23,1787909181.2698147,1787909181.2690344,115.22145595191466,115.22145595191466,-39.32132616109469,115.3444496947832,115.32792820959315,-0.10647225767849022,-0.10450909791761376,0.1044147977421526,0.004631431696066559,registered
24,1787909181.3061244,1787909181.3051298,113.19446684817794,113.19446684817794,-41.34831526483142,113.56959948764224,113.16235439268844,0.03211245548948938,0.03211900835013637,0.14025717839147678,0.006805947273631234,registered
25,1787909181.327464,1787909181.3265707,112.07699706724837,112.07699706724837,-42.46578504576098,111.87612300150953,111.87598394878844,0.20101311845993308,0.19315909553895239,0.12638974036382222,0.006402927956937448,registered
26,1787909181.3552096,1787909181.3546278,110.34986569560613,110.34986569560613,-44.19291641740322,110.13398111300026,110.19267388720552,0.15719180840061853,0.12969653327357378,0.10291251202564528,0.005347570617437808,registered
27,1787909181.3840437,1787909181.3833368,108.10171905753018,108.10171905753018,-46.44106305547918,108.31743430270564,108.47025633319936,-0.36853727566917627,-0.4135927035988729,0.16587913167207613,0.008341547383811368,registered
28,1787909181.4122174,1787909181.4116335,106.55974304146028,106.55974304146028,-47.98303907154907,106.61581813827776,106.77257062059763,-0.21282757913736106,-0.24637428759785251,0.13458600533989978,0.0065805312260128835,registered
29,1787909181.4415252,1787909181.4408717,105.20778965323025,105.20778965323025,-49.3349924597791,104.93062146286984,105.01839789717684,0.18939175605341063,0.15282625572181985,0.15243289249816303,0.007441259614972545,registered
30,1787909181.4696496,1787909181.4689922,103.06226360372021,103.06226360372021,-51.48051850928914,103.17078053300156,103.33128293691631,-0.2690193331960984,-0.2888978252021346,0.1311254108560076,0.006817124303402076,registered
31,1787909181.498179,1787909181.497607,101.12505277872496,101.12505277872496,-53.41772933428439,101.44749994192458,101.61451551440508,-0.4894627356801209,-0.5068349839685027,0.17528348104576397,0.009996382128652897,registered
32,1787909181.5279462,1787909181.5270875,99.99596143282409,99.99596143282409,-54.54682068018527,99.83015000357888,99.84580979453146,0.1501516382926198,0.12294075860333464,0.10456009746482538,0.006214432550244847,registered
33,1787909181.5558462,1787909181.555081,98.35273433914608,98.35273433914608,-56.19004777386328,98.14846081845015,98.16631893575652,0.1864154033895602,0.15055972717451738,0.09681878056783995,0.0058871945751642705,registered
34,1787909181.5840545,1787909181.5833204,96.31210156214735,96.31210156214735,-58.230680550862004,96.41335562751863,96.47206621444288,-0.15996465229552825,-0.19955028083803938,0.17585829008795162,0.010473982979622121,registered
35,1787909181.6127977,1787909181.611907,94.6044651510006,94.6044651510006,-59.93831696200875,94.73931864099978,94.75698667931496,-0.1525215283143524,-0.18766210534446515,0.14243693366949559,0.008322572115585219,registered
36,1787909181.6413038,1787909181.6407933,93.32891489328864,93.32891489328864,-61.213867219720704,93.08270867609744,93.02392685231578,0.3049880409728729,0.28093080023736405,0.10327190844060585,0.006056747876194768,registered
37,1787909181.6696994,1787909181.6689816,91.23741047388822,91.23741047388822,-63.30537163912113,91.31155144786501,91.33274951903103,-0.09533904514280067,-0.16378679086011516,0.09990763019916576,0.0060804641713694246,registered
38,1787909181.6981306,1787909181.6974788,89.33293331437682,89.33293331437682,-65.20984879863254,89.54183111086542,89.62303403279071,-0.2901007184138962,-0.3685955268701093,0.14931543686807536,0.009370904923652706,registered
39,1787909181.7281837,1787909181.7268124,87.95259517670576,87.95259517670576,-66.5901869363036,87.8455978863463,87.86313965722313,0.08945551948262676,0.02908193669615855,0.08894009037747937,0.005574058392115183,registered
40,1787909181.7560728,1787909181.7551818,86.39232740411234,86.39232740411234,-68.15045470889702,86.12647829876857,86.1610911848595,0.23123621925283544,0.16740156052425448,0.07604242396913041,0.004648705935806614,registered
41,1787909181.7840865,1787909181.7833822,84.12343223954568,84.12343223954568,-70.41934987346367,84.3331668096048,84.46918434092603,-0.3457521013803557,-0.4483391724647703,0.17096532913551654,0.01024052631799455,registered
42,1787909181.8127434,1787909181.8120043,82.47033708999172,82.47033708999172,-72.07244502301764,82.64428688153197,82.75197349037344,-0.28163640038172844,-0.35841118906294867,0.11767835511480502,0.007300130131673458,registered
43,1787909181.841061,1787909181.840277,81.17451967869391,81.17451967869391,-73.36826243431544,80.9916588427351,81.0557324949388,0.1187871837551171,0.07424604369354881,0.09085769748326475,0.0058672307086535536,registered
44,1787909181.8697655,1787909181.869106,79.24393943218541,79.24393943218541,-75.29884268082394,79.24033455455358,79.32610565922768,-0.08216622704226495,-0.11940791610462043,0.08694408994573477,0.005796287110534524,registered
45,1787909181.8984091,1787909181.8976815,77.30527166299443,77.30527166299443,-77.23751045001492,77.4677708641482,77.61169841822701,-0.3064267552325788,-0.3335299456474985,0.13188161367831408,0.008655422252078016,registered
46,1787909181.9278195,1787909181.9264092,76.01992373468953,76.01992373468953,-78.52285837831982,75.8172925819847,75.88815083792186,0.13177289676767145,0.07900543969624607,0.10006857665088216,0.006478632654949225,registered
47,1787909181.9556377,1787909181.9549193,74.28795497214597,74.28795497214597,-80.25482714086338,74.13183929919519,74.17766292864172,0.11029204350424493,0.011135121596424824,0.07645650080068098,0.005005811057168222,registered
48,1787909181.9838436,1787909181.9832115,72.00024464272312,72.00024464272312,-82.54253747028623,72.31123289786527,72.48024899451698,-0.48000435179386614,-0.5368204281715379,0.10182091536674684,0.006883528095506054,registered
49,1787909182.012612,1787909182.0119853,70.44661984834683,70.44661984834683,-84.09616226466252,70.57113217306319,70.75394071705101,-0.3073208687041813,-0.3492935995813582,0.0769287322388974,0.005116905622152075,registered
50,1787909182.0410626,1787909182.040408,69.25786146374746,69.25786146374746,-85.28492064926189,68.88950658089956,69.04870242361555,0.2091590401319081,0.184394223340675,0.09100356059244646,0.005822380983736955,registered
51,1787909182.0696487,1787909182.0690405,67.17429996628645,67.17429996628645,-87.3684821467229,67.11501615145329,67.3308621913268,-0.15656222504034645,-0.17171512481293405,0.0752726224074819,0.004404054780513686,registered
52,1787909182.0987144,1787909182.0978153,64.94250200382584,64.94250200382584,-89.60028010918352,65.378306052947,65.60449669733936,-0.6619946935135204,-0.7819812294748232,0.11160693940291418,0.00623592664575887,registered
53,1787909182.1272974,1787909182.1266534,63.913076105868896,63.913076105868896,-90.62970600714046,63.766401572540275,63.8743263046743,0.03874980119459792,-0.11268389719997174,0.09215393094033345,0.005210233119107299,registered
54,1787909182.1559064,1787909182.1548889,62.27333363361065,62.27333363361065,-92.2694484793987,62.07385864185174,62.1803167535769,0.09301688003374409,0.006138106132993926,0.07340810879258293,0.004309783947041259,registered
55,1787909182.1843803,1787909182.1836386,60.057028721898135,60.057028721898135,-94.48575339111122,60.29111737271855,60.455453193277975,-0.3984244713798404,-0.471523785063539,0.08400957719800328,0.0049163645991622444,registered
56,1787909182.2127213,1787909182.2120695,58.61792675276175,58.61792675276175,-95.9248553602476,58.60872950991812,58.749714255279684,-0.13178750251793758,-0.17020858824790253,0.07960526020949571,0.0044052859866812195,registered
57,1787909182.2419307,1787909182.2409883,57.30386483494354,57.30386483494354,-97.23891727806581,56.950810386606314,57.014709066550594,0.2891557683929449,0.245733917542708,0.07820391600289386,0.004092076422974563,registered
58,1787909182.2697973,1787909182.26913,55.05137801027834,55.05137801027834,-99.49140410273101,55.165723679672126,55.3263210386874,-0.27494302840905505,-0.3376222891647416,0.06831753342975402,0.0035183606020883895,registered
59,1787909182.298914,1787909182.2980523,53.09843938205201,53.09843938205201,-101.44434273095735,53.43882561379225,53.59110128800282,-0.4926619059508113,-0.5804142297421748,0.10696271925161412,0.005638787112547112,registered
60,1787909182.3284318,1787909182.326979,51.88676007735593,51.88676007735593,-102.65602203565342,51.793996652958924,51.855624062971614,0.031136014384316013,-0.05797158451881046,0.10214454462920629,0.005341972963187637,registered
61,1787909182.3554347,1787909182.3548727,50.25738680158007,50.25738680158007,-104.28539531142928,50.04549964864589,50.18211233069006,0.07527447089000816,0.006460132371302052,0.09066218145180582,0.004497768461538318,registered
62,1787909182.3839355,1787909182.3832657,48.24287308432521,48.24287308432521,-106.29990902868414,48.31526159043319,48.478647749420105,-0.23577466509489398,-0.23633280446976812,0.15440983622834192,0.006892189350255395,registered
63,1787909182.4134023,1787909182.4127026,46.658431486789766,46.658431486789766,-107.88435062621959,46.71238431352609,46.71255968540363,-0.054128198613867085,-0.09678918504567946,0.14844940029862397,0.006632119934950028,registered
64,1787909182.4418454,1787909182.440898,45.153033412979596,45.153033412979596,-109.38974870002976,45.07477166434812,45.02095322820787,0.13208018477172345,0.057857990917781876,0.15662468920066497,0.007970075381142442,registered
65,1787909182.4698973,1787909182.4692063,43.158790371603004,43.158790371603004,-111.38399174140635,43.35941494055241,43.322566613218186,-0.16377624161518156,-0.20883917018453246,0.16179338124098833,0.009827162734104012,registered
66,1787909182.4988596,1787909182.4981945,41.67816633293742,41.67816633293742,-112.86461578007193,41.641562730494414,41.58339892255232,0.09476741038510283,0.03338733793933102,0.18789118069965646,0.011971016995340313,registered
67,1787909182.527108,1787909182.5265572,40.16632898492169,40.16632898492169,-114.37645312808766,39.94159913777822,39.88175096583896,0.28457801908272984,0.23466579239337193,0.14891735090681074,0.009384191199770195,registered
68,1787909182.5557733,1787909182.5550835,38.28749920918172,38.28749920918172,-116.25528290382763,38.23680446017809,38.17029037569388,0.11720883348783673,0.09813595917383111,0.1593254493920656,0.009640040036392981,registered
69,1787909182.5845609,1787909182.583688,36.3724804465849,36.3724804465849,-118.17030166642445,36.48841986584029,36.45413803078843,-0.08165758420352631,-0.10398233192667306,0.1597019779991988,0.009165398177791752,registered
70,1787909182.612573,1787909182.611845,34.54873355955094,34.54873355955094,-119.99404855345841,34.745262221778844,34.764834538581766,-0.21610097903082703,-0.2623379656599951,0.13574551521946723,0.0073875912000779965,registered
71,1787909182.6412327,1787909182.6406965,33.084773031474256,33.084773031474256,-121.4580090815351,32.97911084625972,33.03386311461615,0.05090991685810309,0.01696574030107456,0.14996067798039925,0.008011439872008736,registered
72,1787909182.6702235,1787909182.6694298,31.45705549900589,31.45705549900589,-123.08572661400346,31.23746940749951,31.30998653931256,0.14706895969332834,0.12387496835580691,0.12189322883429701,0.006381695109681457,registered
73,1787909182.6983545,1787909182.6978014,29.372734929108546,29.372734929108546,-125.1700471839008,29.5390099744453,29.60780932977562,-0.23507440066707375,-0.2757667193959037,0.1461809447458095,0.007209237768798374,registered
74,1787909182.730069,1787909182.7268462,27.817014290281264,27.817014290281264,-126.72576782272809,27.912711801026475,27.865237256082423,-0.048222965801159035,-0.13262901424816675,0.15061338838081328,0.007818154368039842,registered
75,1787909182.7553446,1787909182.754835,26.31562069798501,26.31562069798501,-128.22716141502434,26.28823839611543,26.186032479914815,0.1295882180701966,0.04330167534239138,0.1156243577301617,0.007001856902598247,registered
76,1787909182.7846904,1787909182.7840197,24.55373727039546,24.55373727039546,-129.98904484261388,24.62291643429098,24.43506388169621,0.11867338869924993,0.08556577625159889,0.13759449118496808,0.009633409137995414,registered
77,1787909182.8127725,1787909182.8119888,22.953626920603966,22.953626920603966,-131.58915519240537,22.948280055100337,22.757032044218704,0.1965948763852623,0.17303103765689798,0.11985444114757808,0.008769527784390474,registered
78,1787909182.8414352,1787909182.8408537,21.546690849396555,21.546690849396555,-132.99609126361278,21.294653915832107,21.025259588952537,0.5214312604440181,0.4412342327321426,0.14296175485011633,0.010607826795075829,registered
79,1787909182.8700378,1787909182.8692887,19.579627901504836,19.579627901504836,-134.9631542115045,19.56279137392076,19.31927748073801,0.2603504207668266,0.21499111191394604,0.13692293715135112,0.010766267400481309,registered
80,1787909182.8983247,1787909182.897788,17.680225236024285,17.680225236024285,-136.86255687698505,17.777802986787346,17.609433257324383,0.07079197869990139,0.13889305034967947,0.20207711262977582,0.01664200235145286,registered
81,1787909182.9293823,1787909182.9268532,15.884766205078591,15.884766205078591,-138.65801590793075,15.998891403206763,15.865645332549974,0.019120872528617383,0.03690532045720829,0.2021352745438643,0.016232177770222688,registered
82,1787909182.9553595,1787909182.9548318,14.27807830899954,14.27807830899954,-140.2647038040098,14.221125132826128,14.187041329857806,0.09103697914173381,0.0720912081709173,0.15911348397498906,0.012338354137261852,registered
83,1787909182.9840941,1787909182.9833837,12.42889370513521,12.42889370513521,-142.11388840787413,12.390900006598986,12.474050197763432,-0.04515649262822308,0.04560554516987736,0.15480771077076952,0.01224390071708332,registered
84,1787909183.0123417,1787909183.0117755,10.581873926131465,10.581873926131465,-143.96090818687787,10.626922571567096,10.77065713714532,-0.1887832110138561,-0.16571820772821866,0.13537753383996268,0.010914705466732882,registered
85,1787909183.0412803,1787909183.040674,8.985272353626613,8.985272353626613,-145.55750975938273,8.938740762077936,9.03686779949743,-0.05159544587081655,-0.13910362448706337,0.1317046401695887,0.010057531348833994,registered
86,1787909183.0701115,1787909183.0695066,7.235490854820824,7.235490854820824,-147.3072912581885,7.206244541654092,7.307026401830825,-0.07153554701000076,-0.07374842207988763,0.16133968891399417,0.011262316119924738,registered
87,1787909183.0984857,1787909183.0977962,5.2189788774242345,5.2189788774242345,-149.3238032355851,5.4322928209842125,5.609769813140105,-0.3907909357158701,-0.3238162729754208,0.16464457803137825,0.011604445816650558,registered
88,1787909183.1285787,1787909183.1267517,3.848393990472715,3.848393990472715,-150.69438812253662,3.725953761809757,3.872561788334508,-0.024167797861792906,-0.0748183613574156,0.11469415500523117,0.008394191889222925,registered
89,1787909183.1558597,1787909183.1551092,2.3199713799292,2.3199713799292,-152.22281073308014,2.049440361487492,2.17122852248923,0.14874285743997007,0.10360637875103862,0.13499658600021577,0.009856752931014484,registered
90,1787909183.184101,1787909183.1834924,0.11807259119206037,0.11807259119206037,-154.42470952181728,0.36561018450490046,0.46835041056431237,-0.350277819372252,-0.3320641110220208,0.12549895731622737,0.009219453706146357,registered
91,1787909183.212799,1787909183.2119935,358.5552557173652,-1.4447442826348436,-155.98752639564418,-1.2514670660310543,-1.241593941761863,-0.20315034087298045,-0.34171742909913405,0.1253031274554424,0.010190882031496599,registered
92,1787909183.2414238,1787909183.2408097,357.2441060263694,-2.755893973630549,-157.2986760866399,-2.8442296910277225,-2.9704483544331595,0.21455438080261047,0.06479666928555616,0.1476615076892661,0.013194441546444715,registered
93,1787909183.2707832,1787909183.269704,355.5421522788763,-4.457847721123699,-159.00062983413304,-4.527689866277562,-4.703994521864814,0.2461468007411156,0.17725196337079296,0.10590739310123479,0.010164262701602,registered
94,1787909183.2987363,1787909183.2980192,353.82707057666784,-6.172929423332164,-160.7157115363415,-6.203726078981272,-6.402781652504785,0.2298522291726215,0.10587949857935541,0.14587218823016126,0.014527045342148028,registered
95,1787909183.3273158,1787909183.3266408,352.28184132856643,-7.718158671433599,-162.26094078444294,-7.847713068353435,-8.119963894796655,0.4018052233630556,0.3267813639901931,0.11036137334703418,0.011416246898470149,registered
96,1787909183.3556204,1787909183.3549383,350.3876894038921,-9.612310596107875,-164.1550927091172,-9.606337121817447,-9.81769251978946,0.20538192368158548,0.218678615979087,0.13199669050445323,0.014139911235464018,registered
97,1787909183.3842156,1787909183.3835595,348.44495539445006,-11.55504460554991,-166.09782671855925,-11.417764472207146,-11.534846153820581,-0.020198451729328326,-0.04463898590628901,0.16449680639831507,0.017546612206598634,registered
98,1787909183.413309,1787909183.4124234,346.77679781593247,-13.223202184067532,-167.76598429707687,-13.220671320188037,-13.26656139256528,0.04335920849774766,-0.005741413043864441,0.16161610475065594,0.017072420852712544,registered
99,1787909183.44175,1787909183.4409847,345.06559082850475,-14.934409171495247,-169.47719128450458,-15.012015302511012,-14.980124689874287,0.04571551837904053,0.07129868894992342,0.13101189554995016,0.013909099088611973,registered
100,1787909183.4709404,1787909183.4702106,343.1711063078828,-16.82889369211722,-171.37167580512656,-16.808326530072605,-16.73355359851601,-0.09534009360120876,-0.08703212048484943,0.11539907168992682,0.012227890777011209,registered
101,1787909183.4988108,1787909183.4979575,341.41192299824354,-18.58807700175643,-173.13085911476577,-18.587103068386774,-18.39825398649154,-0.1898230152648921,-0.2200913528326396,0.1332706604929661,0.013630968384924303,registered
102,1787909183.5285242,1787909183.5277095,339.6758438180858,-20.324156181914162,-174.8669382949235,-20.267073378508666,-20.183252110853118,-0.14090407106104408,-0.1672942594173037,0.09826673649917587,0.009361793199619522,registered
103,1787909183.5555995,1787909183.5550518,338.04944907533866,-21.95055092466137,-176.4933330376707,-21.92950676328774,-21.823678389595926,-0.12687253506544494,-0.1301888718772375,0.1316317930214453,0.011509885611209395,registered
104,1787909183.5840833,1787909183.5834947,336.2428677403501,-23.757132259649865,-178.2999143726592,-23.677998164231298,-23.530132534112568,-0.22699972553729708,-0.2808596102544243,0.13047893190800655,0.010417202153133144,registered
105,1787909183.6130698,1787909183.6121073,334.6007361149252,-25.39926388507476,-179.9420459980841,-25.408641666632892,-25.246771219450494,-0.15249266562426556,-0.2177447278979514,0.12277652618407445,0.009019585252695866,registered
106,1787909183.64134,1787909183.64068,333.3313782402454,-26.668621759754615,-181.21140387276395,-27.091381577511896,-26.961021115017132,0.2923993552625177,0.25066092585555566,0.14652718331955716,0.0099648857927903,registered
107,1787909183.6702404,1787909183.669404,331.1754894031979,-28.8245105968021,-183.36729270981144,-28.779726368004695,-28.68433982923642,-0.14017076756567803,-0.11868961013473722,0.1367029665676504,0.008742258157841715,registered
108,1787909183.6983624,1787909183.6978164,329.01441499172813,-30.98558500827184,-185.52836712128118,-30.463363843151505,-30.388963045066106,-0.5966219632057346,-0.6425717968724314,0.1379039237610498,0.010232334610864714,registered
109,1787909183.728042,1787909183.726974,327.90958019130915,-32.090419808690825,-186.63320192170016,-32.10941499108996,-32.138300972422854,0.04788116373202911,-0.046932273501596455,0.1011026697810521,0.00809632803923862,registered
110,1787909183.755875,1787909183.7552812,326.46209155158,-33.53790844842001,-188.08069056142935,-33.79405614451049,-33.83661606676071,0.2987076183406998,0.21127548717254285,0.1476987355554266,0.012406051524997125,registered
111,1787909183.78441,1787909183.7838967,324.5350080636912,-35.46499193630882,-190.00777404931816,-35.48820411403614,-35.553426401663046,0.08843446535422572,0.045868357531702486,0.1499239642893872,0.012732831672513756,registered
112,1787909183.8132057,1787909183.812477,322.9257658616568,-37.074234138343144,-191.61701625135248,-37.09599694163073,-37.26813402940144,0.19389989105829386,0.1401220989816636,0.14820434380827122,0.012827882070080085,registered
113,1787909183.8416767,1787909183.8410563,321.2408767809806,-38.759123219019386,-193.30190533202872,-38.738925510613726,-38.98277013648797,0.22364691746858512,0.18064451898308675,0.14682567806141125,0.012913822704505714,registered
114,1787909183.8700352,1787909183.8692846,319.335782248654,-40.664217751345944,-195.20699986435528,-40.549605475495476,-40.67635056367436,0.01213281232841723,-0.03239749497163302,0.16267572615809991,0.013927340177445716,registered
115,1787909183.898605,1787909183.8980138,317.6858939654393,-42.31410603456075,-196.8568881475701,-42.38702908684437,-42.39998396876172,0.08587793420096546,0.05323714695057902,0.21878320839905524,0.01804113300060933,registered
116,1787909183.9273357,1787909183.926816,315.9791207954328,-44.02087920456722,-198.56366131757656,-44.14113107947651,-44.127994437741364,0.10711523317414162,0.06883272623198877,0.18851640045270723,0.015245806200092079,registered
117,1787909183.9625654,1787909183.9618368,314.12857042449525,-45.87142957550472,-200.41421168851406,-45.91282084458319,-46.22909953908223,0.35766996357750713,0.36055517997723996,0.17801464055219215,0.014046159141302784,registered
118,1787909183.9841704,1787909183.983612,312.0524199429227,-47.94758005707732,-202.49036217008666,-47.72235592586905,-47.53552437375669,-0.4120556833206308,-0.4325555184258292,0.19105975525725408,0.014103061413543672,registered
119,1787909184.013056,1787909184.0124683,310.389846144438,-49.610153855561975,-204.1529359685713,-49.495679307328615,-49.26678188032963,-0.3433719752323441,-0.39980996848805717,0.1533630223982941,0.010583083414743828,registered
120,1787909184.0414126,1787909184.0408373,309.0486755966441,-50.95132440335587,-205.4941065163652,-51.22828322101937,-50.96880174443254,0.017477341076670427,-0.01015494258393801,0.16222851009391157,0.010618336658281696,registered
121,1787909184.0701265,1787909184.0694375,307.0319287614562,-52.968071238543814,-207.51085335155315,-52.96704736614831,-52.68469661499137,-0.28337462355244725,-0.34664199888374014,0.129236752634063,0.00786690695783274,registered
122,1787909184.0984802,1787909184.0979602,305.11006177125006,-54.88993822874994,-209.43272034175928,-54.701296157984835,-54.395942643180945,-0.4939955855689959,-0.5195896697606202,0.15500780783891685,0.009108827866482583,registered
123,1787909184.127421,1787909184.1268225,303.74850672246725,-56.251493277532745,-210.79427539054208,-56.32353833131529,-56.127557753013065,-0.12393552451968048,-0.20083472615871756,0.094686509957343,0.005641852622909756,registered
124,1787909184.1557698,1787909184.1551137,302.10151880630053,-57.898481193699496,-212.44126330670883,-57.979470772503134,-57.824914470616335,-0.07356672308316092,-0.18874924430295437,0.13749150760728904,0.00856039732737802,registered
125,1787909184.1844876,1787909184.1837254,300.0703035671595,-59.92969643284047,-214.4724785458498,-59.71707951246953,-59.54149593943279,-0.38820049340768037,-0.4404302249675709,0.1286481322688899,0.008189621452169366,registered
126,1787909184.2132916,1787909184.2126555,298.5805580228297,-61.41944197717035,-215.9622240901797,-61.41920586414682,-61.2771877264195,-0.1422542507508524,-0.1983044209143543,0.09683352735763644,0.005905376804411542,registered
127,1787909184.2415886,1787909184.240996,297.33017771082393,-62.669822289176096,-217.21260440218543,-63.082976741938,-62.97749109487836,0.3076688057022636,0.25622485016737073,0.12382046077791695,0.007060521655043976,registered
128,1787909184.2709749,1787909184.2699645,295.09781160087476,-64.90218839912524,-219.44497051213457,-64.83775793701832,-64.71548584685414,-0.18670255227110033,-0.22775901707876756,0.11229091405986695,0.0059026797812297225,registered
129,1787909184.298442,1787909184.2978952,293.07993260119133,-66.9200673988087,-221.46284951181804,-66.60299606712114,-66.39121471934257,-0.5288526794661266,-0.5511654868872711,0.1520625793770607,0.008339210785115793,registered
130,1787909184.3281426,1787909184.3268063,291.6946851952418,-68.30531480475821,-222.84809691776755,-68.27919960526644,-68.12576217589992,-0.17955262885828915,-0.2348895269691127,0.07986369406608369,0.00456265265863412,registered
131,1787909184.356171,1787909184.3555706,290.26243952009514,-69.73756047990486,-224.2803425929142,-69.98440848956047,-69.85149828815122,0.11393780824636224,0.028803508462658556,0.09299576086471668,0.005406163578565632,registered
132,1787909184.3844068,1787909184.3838084,288.06948475133186,-71.93051524866817,-226.4732973616775,-71.76213238015549,-71.54565088055227,-0.38486436811589897,-0.4046607969042384,0.16052288554166033,0.00908373861804929,registered
133,1787909184.4152274,1787909184.4145174,286.49383115455305,-73.50616884544695,-228.0489509584563,-73.45892690930057,-73.38806578420682,-0.11810306124013437,-0.1395099787206675,0.09327173867965757,0.005102317596799595,registered
134,1787909184.4416883,1787909184.4410636,285.20233476777264,-74.79766523222733,-229.34044734523667,-75.12023188250642,-74.98073057165436,0.1830653394270314,0.12262229006768166,0.1302614108887432,0.007066882967926878,registered
135,1787909184.470751,1787909184.4700203,283.10216156389765,-76.89783843610232,-231.44062054911166,-76.8700029925579,-76.71801011711179,-0.17982831899053053,-0.17678864352129153,0.08939527578479892,0.005075672832120828,registered
136,1787909184.4990845,1787909184.4983454,280.99015941220773,-79.00984058779227,-233.5526227008016,-78.63500021255095,-78.41739802122717,-0.5924425665650972,-0.5750656235412919,0.1296236994616131,0.00774990336145183,registered
137,1787909184.5286536,1787909184.527383,279.7354870240441,-80.26451297595585,-234.8072950889652,-80.30593194120453,-80.15954097100936,-0.1049720049464895,-0.15387319753159545,0.0712666953995846,0.0042691816171589545,registered
138,1787909184.5557704,1787909184.5551484,278.29921258246543,-81.70078741753454,-236.24356953054388,-82.01332557814655,-81.82534277702314,0.1245553594885962,0.04537314475061294,0.07399753843401648,0.004320810908939608,registered
139,1787909184.584662,1787909184.5838387,276.10395505165616,-83.89604494834381,-238.43882706135315,-83.76638004045338,-83.54664460886067,-0.34940033948313953,-0.4040021018052755,0.13573995593367524,0.0074960612585427515,registered
140,1787909184.6128116,1787909184.6121566,274.4396582011065,-85.56034179889349,-240.10312391190283,-85.43426973539937,-85.24560338906505,-0.31473840982843626,-0.345305663477518,0.09136487199575481,0.004976181307770736,registered
141,1787909184.6417925,1787909184.6410935,273.0540440096115,-86.94595599038851,-241.48873810339785,-87.08137732295748,-86.98169569170201,0.03573970131350279,0.001237808975901089,0.11311918969696073,0.0062037916341479826,registered
142,1787909184.6701775,1787909184.6696985,271.19193216673773,-88.80806783326227,-243.3508499462716,-88.83858365597621,-88.69787664486819,-0.11019118839408293,-0.1745941658745096,0.10236979100386794,0.005608795080739467,registered
143,1787909184.6986547,1787909184.6979585,269.226685239522,-90.773314760478,-245.31609687348734,-90.60026866990592,-90.39335952139339,-0.3799552390846088,-0.44658916455063036,0.15974646631201617,0.008504234674850206,registered
144,1787909184.7287169,1787909184.7276006,267.81276175440667,-92.18723824559333,-246.73002035860267,-92.28248273226006,-92.17176344165583,-0.015474803937507886,-0.07053256074368619,0.10362211841543355,0.005410166819992754,registered
145,1787909184.7559443,1787909184.755244,266.17989608395357,-93.82010391604643,-248.36288602905577,-94.00408818371915,-93.83025583705208,0.010151921005643771,-0.049101456212127914,0.07347266166156845,0.0038112443568301844,registered
146,1787909184.7844737,1787909184.783724,264.0863372041431,-95.91366279585691,-250.45644490886625,-95.75972491248436,-95.53894142590596,-0.3747213699509473,-0.4095462222241508,0.10461259507028901,0.005506342431133485,registered
147,1787909184.8128421,1787909184.8121893,262.39762361921316,-97.60237638078684,-252.14515849379617,-97.45109614306057,-97.24674015867711,-0.3556362221097231,-0.4052892023246102,0.10099743793072873,0.005449725307636319,registered
148,1787909184.8415618,1787909184.840994,260.97535428997617,-99.0246457100238,-253.56742782303314,-99.12300557630905,-98.97489366896042,-0.04975204106338538,-0.12321400531604354,0.09998657487272362,0.005465968371408685,registered
149,1787909184.870209,1787909184.8696005,259.21501145202143,-100.78498854797857,-255.3277706609879,-100.83998506742972,-100.69117475103917,-0.09381379693940062,-0.16670211806797397,0.09336596711915386,0.005021620491364178,registered
150,1787909184.8987827,1787909184.8981633,257.3700170574567,-102.62998294254325,-257.1727650555526,-102.56173106144168,-102.40482387313037,-0.22515906941288222,-0.29476793645170574,0.1361760656210939,0.0070282294708054,registered
151,1787909184.9282842,1787909184.9268034,255.83456316256863,-104.16543683743137,-258.7082189504407,-104.24506193587237,-104.12310753346051,-0.042329303970859655,-0.06037963614630826,0.09706171453368205,0.004883690225914804,registered
152,1787909184.956188,1787909184.9556193,254.11176106414908,-105.88823893585092,-260.43102104886026,-105.96064735388583,-105.85194764200142,-0.03629129384950147,-0.04571914020607437,0.09400821167124433,0.00462970510186648,registered
153,1787909184.9844825,1787909184.9838376,252.23116549082286,-107.76883450917714,-262.3116166221865,-107.70749380534792,-107.54492729571243,-0.2239072134647131,-0.30214722303810504,0.11986729731976185,0.005750410376907464,registered
154,1787909185.013129,1787909185.012356,250.40772636399007,-109.59227363600993,-264.1350557490193,-109.42261306313247,-109.25591584955535,-0.3363577864545846,-0.3900566492073949,0.09605905631493199,0.004590016969517148,registered
155,1787909185.0418606,1787909185.0412102,248.93684456846293,-111.06315543153707,-265.6059375445464,-111.15131100534234,-110.98704461895503,-0.07611081258204422,-0.13855838778857787,0.08441073128372367,0.0040683886792437325,registered
156,1787909185.0706804,1787909185.0698478,247.2339135095365,-112.7660864904635,-267.30886860347283,-112.88549503525122,-112.70518523798145,-0.060901252482040036,-0.09508105769850772,0.07580782679231485,0.003622839322722962,registered
157,1787909185.1064835,1787909185.1055293,245.37501603600342,-114.62498396399658,-269.1677660770059,-114.58042803169573,-114.84592708456913,0.22094312057254228,0.208598544354345,0.10623710435395645,0.004906841342967432,registered
158,1787909185.1273026,1787909185.1266549,243.68675240230576,-116.31324759769424,-270.8560297107036,-116.27834337870814,-116.11337316399366,-0.199874433700586,-0.18913785208326317,0.08441337269233741,0.0037805764073126206,registered
159,1787909185.1557403,1787909185.155157,241.95958440681605,-118.04041559318395,-272.5831977061933,-117.97469190956588,-117.82338903697169,-0.21702655621226086,-0.2773770276710934,0.0930949507948778,0.004052876724250296,registered
160,1787909185.1842363,1787909185.183551,240.38825469978323,-119.61174530021677,-274.1545274132261,-119.67682567665608,-119.52691083476313,-0.08483446545363904,-0.16932601574461614,0.1489337542912442,0.006369174256917993,registered
161,1787909185.2131128,1787909185.2125194,238.64610726777775,-121.35389273222225,-275.8966748452316,-121.3714354752613,-121.26489128260854,-0.08900144961370415,-0.15603724413972486,0.09443983729618734,0.004090376979620644,registered
162,1787909185.2416036,1787909185.2409263,236.87402255596336,-123.12597744403664,-277.668759557046,-123.04571273218576,-122.96918550343977,-0.15679194059686097,-0.19956809379402785,0.09302754564474995,0.004191269070128842,registered
163,1787909185.2703216,1787909185.2695014,235.34527723098037,-124.65472276901963,-279.19750488202897,-124.74324650843805,-124.68357844031007,0.028855671290443752,-0.021779116459129,0.11610984172493008,0.00535822616920286,registered
164,1787909185.298689,1787909185.2980845,233.60872444222102,-126.39127555777898,-280.9340576707883,-126.44718117845946,-126.39844341348251,0.007167855703528403,-0.05774677537408479,0.15117679004292847,0.006952427914316527,registered
165,1787909185.3284016,1787909185.327125,231.75096381113607,-128.24903618886393,-282.79181830187326,-128.14793113564886,-128.14075801282908,-0.10827817603484391,-0.173662623624125,0.1098165200909712,0.004836394377443048,registered
166,1787909185.356067,1787909185.3552823,230.18416726805393,-129.81583273194607,-284.3586148449554,-129.82944374657342,-129.83007580916612,0.014243077220044142,-0.04113765009509507,0.14036881875499446,0.005745026044399567,registered
167,1787909185.3851657,1787909185.3842297,228.44634582247923,-131.55365417752077,-286.0964362905301,-131.48468829137303,-131.56679749353927,0.013143316018499718,-0.08655829184664299,0.23161235548121165,0.008395255595933014,registered
168,1787909185.4132855,1787909185.4125335,226.7957758370845,-133.2042241629155,-287.74700627592483,-133.19568224232938,-133.264912330052,0.06068816713650449,-0.0017419657792743237,0.24791456249990307,0.008288121328992822,registered
169,1787909185.4422884,1787909185.4413636,225.17488106859227,-134.82511893140773,-289.36790104441707,-134.91792500236218,-134.99459638228458,0.16947745087685462,0.11496818913320794,0.2923199868739863,0.010838481900723245,registered
170,1787909185.470086,1787909185.4694414,223.42794405181544,-136.57205594818456,-291.1148380611939,-136.62764876763788,-136.67915090320938,0.10709495502482014,0.029077779073986676,0.2570769263289376,0.012003028531155448,registered
171,1787909185.4992077,1787909185.498631,221.7236551567668,-138.2763448432332,-292.81912695624254,-138.350339380253,-138.43040558403536,0.15406074080215149,0.10801213203484394,0.26911366378831614,0.014643980593047747,registered
172,1787909185.5279062,1787909185.5267696,219.68398794291804,-140.31601205708196,-294.8587941700913,-140.1192655344351,-140.11860765820379,-0.1974043988781773,-0.2392234675578493,0.228380987763068,0.01291710619376134,registered
173,1787909185.5561514,1787909185.5554101,218.0355038088703,-141.9644961911297,-296.50727830413905,-141.92440578676022,-141.8369199267946,-0.1275762643351186,-0.1561564142748466,0.24888549743282917,0.013440205114945942,registered
174,1787909185.5844984,1787909185.5839462,216.47888159156528,-143.52111840843472,-298.06390052144405,-143.715654716616,-143.54896698628474,0.027848577850022593,0.005332529031250033,0.206584170646732,0.010291350724937308,registered
175,1787909185.6131227,1787909185.6122851,214.64064477759572,-145.35935522240428,-299.9021373354136,-145.4497172295828,-145.2491845299614,-0.11017069244286404,-0.13865680582097184,0.22959710292833857,0.010432705211214612,registered
176,1787909185.6416802,1787909185.6410677,212.60715466095692,-147.39284533904308,-301.9356274520524,-147.17897632642536,-146.97602206025098,-0.41682327879209424,-0.45648647415879395,0.18044246909509978,0.00897687080981583,registered
177,1787909185.6700099,1787909185.6694062,211.0783673834542,-148.9216326165458,-303.46441472955513,-148.831585098565,-148.67621099566688,-0.24542162087891484,-0.26596414627522336,0.14803665700545948,0.008689164883286726,registered
178,1787909185.6989074,1787909185.6982663,209.57564742145493,-150.42435257854507,-304.9671346915544,-150.46118978275345,-150.4076973683257,-0.01665521021936911,-0.05256766050092665,0.13869281462409516,0.009181335298225325,registered
179,1787909185.7281199,1787909185.7273529,207.98742368243742,-152.01257631756258,-306.5553584305719,-152.09173584346905,-152.15277266483312,0.14019634727054608,0.10217776952907798,0.14766734079367097,0.010515762281778817,registered
180,1787909185.7557802,1787909185.7551768,206.23466427497223,-153.76533572502777,-308.3081178380371,-153.66296405659136,-153.82209328691718,0.0567575618894125,0.029482303395695908,0.13549290702840291,0.010301870347222988,registered
181,1787909185.7844372,1787909185.7838635,204.89450628397228,-155.10549371602772,-309.64827582903706,-155.17485545128773,-155.54318055679923,0.4376868407715051,0.41591587363899407,0.15251412720418484,0.012014606454477514,registered
182,1787909185.81309,1787909185.812267,203.23775961374108,-156.76224038625892,-311.30502249926826,-156.79456670431304,-157.2472745198053,0.48503413354637814,0.4564958778340156,0.19854373153592125,0.015520884508416467,registered
183,1787909185.8416984,1787909185.8409624,201.3725909406098,-158.6274090593902,-313.17019117239954,-158.50015280528416,-158.96887673838054,0.34146767899034103,0.3355606173176966,0.2193017789724214,0.01674084913982416,registered
184,1787909185.8702664,1787909185.869663,199.90237395531878,-160.09762604468122,-314.64040815769056,-160.24306333273245,-160.69079364782388,0.5931676031426605,0.5919864915132393,0.1686115831913844,0.01371612312136152,registered
185,1787909185.8986983,1787909185.8980947,198.2185726435783,-161.7814273564217,-316.324209469431,-162.02991868893884,-162.3965754982133,0.6151481417916216,0.5956938971877435,0.22365082543569514,0.020382389505142054,registered
186,1787909185.9282136,1787909185.926902,195.94434712624505,-164.05565287375495,-318.5984349867643,-163.91560010207948,-164.12490065806102,0.06924778430607148,0.06665557707930247,0.2305503045131346,0.021682749213905696,registered
187,1787909185.9558256,1787909185.9551945,194.07900249993506,-165.92099750006494,-320.4637796130743,-165.78891667744736,-165.82232889631612,-0.0986686037488198,-0.09988661190425319,0.24885445491720137,0.022008187489547144,registered
188,1787909185.9843771,1787909185.9836743,192.41807897515352,-167.58192102484648,-322.1247031378558,-167.59813471857439,-167.53100018103962,-0.05092084380686401,-0.10474099869298925,0.22149684347322066,0.018938255389821138,registered
189,1787909186.0132508,1787909186.0125847,190.55473280754254,-169.44526719245746,-323.9880493054668,-169.4077270640237,-169.2655047252059,-0.17976246725157807,-0.2189954530078353,0.1877201054351391,0.015542746230107,registered
190,1787909186.0413861,1787909186.0408034,188.6951315810546,-171.3048684189454,-325.84765053195474,-171.2057511276314,-170.9585129871776,-0.3463554317677904,-0.34028282601201454,0.17630403396306135,0.013285107300352081,registered
191,1787909186.0706863,1787909186.0700808,187.16508171484085,-172.83491828515915,-327.3777003981685,-172.91478153720232,-172.7150315879786,-0.11988669718056144,-0.11475415349030982,0.15498318071130984,0.010709307320580062,registered
192,1787909186.0991714,1787909186.0982492,185.63467492134848,-174.36532507865152,-328.90810719166086,-174.59206945756765,-174.40502167844286,0.039696599791341214,0.024186330932650435,0.16543043943990632,0.011318003593369538,registered
193,1787909186.1272688,1787909186.1267169,183.6518771524209,-176.3481228475791,-330.89090496058844,-176.27337282502117,-176.11296345251768,-0.23515939506143013,-0.2538571397990381,0.1278449802366746,0.00967375584120412,registered
194,1787909186.156093,1787909186.15543,181.79064399291357,-178.20935600708643,-332.75213812009576,-177.92236652649797,-177.83563848087047,-0.37371752621595533,-0.3988463427941724,0.09870618795244232,0.008219852528212094,registered
195,1787909186.184478,1787909186.1838863,180.53176091148927,-179.46823908851073,-334.01102120152007,-179.523723029747,-179.54289365668765,0.07465456817692484,0.04693008125025244,0.10310643428615474,0.008826885042103935,registered
196,1787909186.2129285,1787909186.2122998,179.0215991742414,-180.9784008257586,-335.52118293876794,-181.1431629804521,-181.2475883931692,0.26918756741059724,0.23817965642598438,0.1129196800485739,0.009552244683196109,registered
197,1787909186.2480695,1787909186.2473726,177.15404615928864,-182.84595384071136,-337.3887359537207,-182.76688504895066,-183.35181179493,0.5058579542186408,0.4997617315770526,0.1282512926425626,0.010268120949402685,registered
198,1787909186.2706218,1787909186.2696843,175.63797942619644,-184.36202057380356,-338.9048026868129,-184.34204406574509,-184.69042092293014,0.3284003491265821,0.3283227513103384,0.11176745564036739,0.008583758315771255,registered
199,1787909186.298854,1787909186.2982311,174.16223082378562,-185.83776917621438,-340.3805512892237,-185.94886656097475,-186.40311166828675,0.5653424920723751,0.5594212856674972,0.14933727147280654,0.011366322450100042,registered
200,1787909186.3273861,1787909186.326849,172.27108062928895,-187.72891937071105,-342.2717014837204,-187.66045793524586,-188.12006504449275,0.3911456737816934,0.3696589131786254,0.16367145916404424,0.013505988759759563,registered
201,1787909186.35597,1787909186.3553321,170.51532400443605,-189.48467599556395,-344.0274581085733,-189.40963243997695,-189.82893658704145,0.3442605914775072,0.32650427509548763,0.1388004712714789,0.013258724218965371,registered
202,1787909186.38445,1787909186.383799,168.9546173046418,-191.0453826953582,-345.58816480836754,-191.1844102058346,-191.53683544872516,0.49145275336695704,0.4829129415140869,0.16698367425821967,0.017594784712096138,registered
203,1787909186.4137678,1787909186.4129212,167.09974324025754,-192.90025675974246,-347.4430388727518,-193.0367675233288,-193.28404206065724,0.3837853009147807,0.36755549389386033,0.19451316701713323,0.020806527286624785,registered
204,1787909186.4425786,1787909186.441711,165.0339934062313,-194.9660065937687,-349.50878870677803,-194.90369039971816,-195.0113087148578,0.045302121089093816,0.021699688525529837,0.23114072118921394,0.023248536409791905,registered
205,1787909186.4702754,1787909186.4695835,163.1330578948912,-196.8669421051088,-351.40972421811813,-196.7395472268215,-196.6835473795367,-0.18339472557210001,-0.19726945184027045,0.1887566827528627,0.018733734134522707,registered
206,1787909186.4990997,1787909186.4984114,161.38900446821052,-198.61099553178948,-353.1537776447988,-198.5812366978672,-198.413102694596,-0.1978928371934785,-0.2071966045772342,0.16457048406722816,0.016439001197947983,registered
207,1787909186.5288875,1787909186.5271537,159.59662700994798,-200.40337299005202,-354.94615510306136,-200.41193281553717,-200.13752282685354,-0.2658501631984791,-0.28956943846174,0.14587351985830754,0.013651984302463647,registered
208,1787909186.5562022,1787909186.555495,157.8705075585597,-202.1294924414403,-356.67227455444964,-202.18197015569172,-201.83788341183387,-0.291609029606434,-0.30551644631606223,0.14815259747365236,0.01199945396383184,registered
209,1787909186.5848262,1787909186.584009,156.14815613833284,-203.85184386166716,-358.3946259746765,-203.8607156894841,-203.54860018719987,-0.3032436744672964,-0.26777646727833826,0.1670272015998259,0.01178565907582425,registered
210,1787909186.6130555,1787909186.6124244,154.45019984111556,-205.54980015888444,-360.0925822718938,-205.51872162955186,-205.2534093567243,-0.2963908021601469,-0.266520104022959,0.1303563109789993,0.009017856101127921,registered
211,1787909186.6421103,1787909186.6413617,152.76875840118558,-207.23124159881442,-361.77402371182376,-207.1549202751321,-206.98953026762203,-0.2417113311923913,-0.2846660173252076,0.13343213026833303,0.009805125184975231,registered
212,1787909186.6706758,1787909186.670017,151.18823763835755,-208.81176236164245,-363.3545444746518,-208.7508094007565,-208.70872939229562,-0.10303296934682749,-0.15139596427064816,0.11420052228424497,0.008777119656713616,registered
213,1787909186.6989174,1787909186.6982508,149.7804580856055,-210.2195419143945,-364.76232402740385,-210.33808156485634,-210.40263881448047,0.1830969000859568,0.1341657326425434,0.14082314764699086,0.010868913973101468,registered
214,1787909186.728695,1787909186.7276304,148.05501322028093,-211.94498677971907,-366.4877688927284,-211.92702671908063,-212.16529388720883,0.22030710748975935,0.19716387160826798,0.11587740502550184,0.008589520722672874,registered
215,1787909186.7567341,1787909186.7560618,146.4575395563417,-213.5424604436583,-368.08524255666765,-213.5439600746516,-213.87106143346787,0.32860098980955854,0.2872098836783721,0.14344187114708284,0.009900650301044967,registered
216,1787909186.7845025,1787909186.783905,144.82749105484478,-215.17250894515522,-369.71529105816455,-215.21146389828723,-215.54154069011165,0.36903174495643043,0.34796860006053976,0.156275183738869,0.010021677707675482,registered
217,1787909186.8133142,1787909186.8126757,143.06384151647487,-216.93615848352513,-371.47894059653447,-216.95901013889795,-217.26766301388287,0.33150453035773353,0.32307098221451724,0.20423648542952444,0.013047089965590859,registered
218,1787909186.8416781,1787909186.8411052,141.28704162067723,-218.71295837932277,-373.2557404923321,-218.75779220917275,-218.97331612709897,0.26035774777619736,0.2527093160886693,0.22193570296390236,0.015426050463680127,registered
219,1787909186.8702276,1787909186.8696256,139.43343526105699,-220.56656473894301,-375.10934685195235,-220.57228030353122,-220.6844191139849,0.11785437504187257,0.07456562016932367,0.2283308627378357,0.017031638338080368,registered
220,1787909186.9026663,1787909186.901961,137.55532667420343,-222.44467332579657,-376.9874554388059,-222.43986729941764,-222.62441679500276,0.179743469206187,0.11848110449255955,0.2501036178301148,0.018575488261370347,registered
221,1787909186.9275715,1787909186.9269826,135.67196094478757,-224.32803905521243,-378.87082116822177,-224.29914112025557,-224.12560666875365,-0.20243238645878137,-0.1949450177635299,0.23492690044703005,0.016586344707437865,registered
222,1787909186.9561443,1787909186.955439,133.92626175965395,-226.07373824034605,-380.6165203533554,-226.06585861750594,-225.83287614870122,-0.24086209164482852,-0.26996161153749654,0.254581632747616,0.01679219782112428,registered
223,1787909186.9845889,1787909186.9840167,132.09050667720558,-227.90949332279442,-382.45227543580376,-227.83313018956642,-227.54741212687517,-0.36208119591924515,-0.3684725786616241,0.2464016678968336,0.014508111153938831,registered
224,1787909187.0140224,1787909187.0132422,130.35362108487524,-229.64637891512476,-384.1891610281341,-229.54712960964127,-229.30082673138654,-0.3455521837382207,-0.3696069551187975,0.22687095667958532,0.011697398329518055,registered
225,1787909187.0422401,1787909187.041565,128.85134071496972,-231.14865928503028,-385.6914413980396,-231.20636878476932,-231.00007159419826,-0.1485876908320165,-0.23385102967432658,0.2880772365112887,0.013626136076059375,registered
226,1787909187.0703394,1787909187.0697653,127.34382244479113,-232.65617755520887,-387.1989596682182,-232.84757104850138,-232.6919784381317,0.03580088292284245,-0.024096338217077573,0.24157621991526962,0.010872470255666853,registered
227,1787909187.0991132,1787909187.098446,125.31569289122504,-234.68430710877496,-389.2270892217843,-234.52171397171935,-234.41269380062423,-0.2716133081507337,-0.3699881576541202,0.2350139535480941,0.010155800860116068,registered
228,1787909187.1284168,1787909187.1270406,123.8904759811285,-236.1095240188715,-390.65230613188083,-236.1293102095671,-236.12825967618463,0.01873565731312965,0.0026758541291087568,0.2001516943280347,0.008709980405196731,registered
229,1787909187.156022,1787909187.1553645,122.24464426176772,-237.75535573823228,-392.2981378512416,-237.77228056840244,-237.82757605964812,0.07222032141584123,0.0741105114614129,0.17359820389406658,0.00790108975562935,registered
230,1787909187.184636,1787909187.1840193,120.44746406094,-239.55253593906,-394.09531805206933,-239.53514637106957,-239.546746576061,-0.005789362998996239,-0.06099544698565751,0.22301321455370474,0.010414310181437188,registered
231,1787909187.2133424,1787909187.212788,118.72225770987879,-241.2777422901212,-395.82052440313055,-241.27967611638417,-241.27275446678928,-0.0049878233319304854,-0.05517557485939051,0.13030152798845324,0.0058954894678848405,registered
232,1787909187.2419405,1787909187.2412856,117.31758874751486,-242.68241125248514,-397.2251933654945,-242.94075887472087,-242.98248425716,0.3000730046748572,0.30386644093835,0.16016608977427668,0.006988238879543559,registered
233,1787909187.2704387,1787909187.2698326,115.15040307713068,-244.84959692286932,-399.39237903587866,-244.7021379326108,-244.695189306647,-0.15440761622232912,-0.20754625376770264,0.09525991878567543,0.0042356931944312485,registered
234,1787909187.2990491,1787909187.2982805,113.20763015795686,-246.79236984204314,-401.3351519550525,-246.49684353387164,-246.4019438379013,-0.3904260041418297,-0.39161953720685005,0.11614288340408435,0.005632459490568061,registered
235,1787909187.3283007,1787909187.3271642,111.99448213334372,-248.00551786665628,-402.5482999796656,-248.18762373968542,-248.1348463194665,0.12932845281022765,0.0977573627085917,0.106299513040143,0.005398352844882994,registered
236,1787909187.356273,1787909187.3557298,110.31987027028626,-249.68012972971374,-404.2229118427231,-249.8601196775981,-249.8486670911221,0.16853736140836872,0.10971763697972392,0.1119239266203906,0.0058156193407726715,registered
237,1787909187.384516,1787909187.3839629,108.15015823777745,-251.84984176222255,-406.3926238752319,-251.63344500136668,-251.54253360091585,-0.30730816130670746,-0.3779263490803828,0.15035533081787308,0.00756887489470238,registered
238,1787909187.413541,1787909187.4129245,106.56764672071003,-253.43235327928997,-407.9751353922993,-253.31894380575682,-253.280113533111,-0.15223974617896374,-0.2035258517240095,0.1411484296949741,0.006902023960819722,registered
239,1787909187.4421537,1787909187.4413633,105.40264153624989,-254.5973584637501,-409.14014057675945,-254.98700115426695,-254.9863245074114,0.3889660436612985,0.36018772079660266,0.12740837799544458,0.006209230605080803,registered
240,1787909187.470599,1787909187.4698672,103.22261134768348,-256.7773886523165,-411.3201707653259,-256.730092559914,-256.69644050930196,-0.08094814301455244,-0.1420478106405767,0.09447810229936379,0.004877118882770606,registered
241,1787909187.4989688,1787909187.4983575,101.11939382880075,-258.88060617119925,-413.42338828420856,-258.47463026041936,-258.4057411757617,-0.47486499543754235,-0.5064096019991098,0.15042342769507502,0.008580748050957255,registered
242,1787909187.5283482,1787909187.5276282,100.02751535235643,-259.97248464764357,-414.51526676065293,-260.1421888584846,-260.16185926091237,0.18937461326873972,0.20478718677270535,0.10365325258211348,0.006155038191798496,registered
243,1787909187.556162,1787909187.5554674,98.38683901725585,-261.61316098274415,-416.15594309575346,-261.8539128479582,-261.8320953473399,0.21893436459578197,0.22235522905464222,0.12840545094555408,0.007807710427059893,registered
244,1787909187.584755,1787909187.584063,96.26337595307257,-263.73662404692743,-418.27940615993674,-263.6371046556654,-263.5477184394217,-0.1889056075056601,-0.23846728112289384,0.12603778022946702,0.007501131596686673,registered
245,1787909187.6139648,1787909187.6132443,94.5004169523271,-265.4995830476729,-420.04236516068227,-265.303202175098,-265.2984724756849,-0.20111057198806748,-0.25029202325447386,0.11878026371066362,0.006937673069513171,registered
246,1787909187.6421251,1787909187.6414208,93.23977994736538,-266.7602200526346,-421.30300216564393,-266.9389880739035,-266.98894890658164,0.22872885394701825,0.2407067882512024,0.12972681211014925,0.00761540286537969,registered
247,1787909187.6702807,1787909187.6697652,91.30834128945207,-268.6916587105479,-423.23444082355724,-268.69419020073747,-268.68949544525674,-0.0021632652911875994,-0.02876900909438973,0.07340563537075771,0.004460798464708376,registered
248,1787909187.6995127,1787909187.6985867,89.34077439809107,-270.65922560190893,-425.20200771491824,-270.4230056585336,-270.4186645487961,-0.24056105311279907,-0.2890533873581944,0.12104426100308446,0.007596176166281372,registered
249,1787909187.72894,1787909187.7273579,88.08685988442915,-271.91314011557085,-426.4559222285802,-272.0855495624554,-272.144815480828,0.2316753652571606,0.19997198036088548,0.08767177590395017,0.005501017996311308,registered
250,1787909187.756066,1787909187.7554727,86.44140007210069,-273.5585999278993,-428.1013820409087,-273.79011536783867,-273.83158714195974,0.2729872140604357,0.2426769502937418,0.0813294440201226,0.004976588917876237,registered
251,1787909187.7847264,1787909187.784094,84.23758828380437,-275.76241171619563,-430.305193829205,-275.5685332457748,-275.5487550801213,-0.2136566360744041,-0.3128623329586162,0.13196040178013776,0.007897756862226456,registered
252,1787909187.8132899,1787909187.8126879,82.58827988233622,-277.4117201176638,-431.95450223067314,-277.2756692109123,-277.2642637391601,-0.147456378503648,-0.20072163779161656,0.09942357574438554,0.00614576769457131,registered
253,1787909187.8421247,1787909187.8414216,81.17243325492018,-278.8275667450798,-433.3703488580892,-278.9366129756818,-278.9881689227245,0.16060217764464824,0.13752536130238013,0.10148274260723397,0.006553741520172228,registered
254,1787909187.8703327,1787909187.8697925,79.30032883665274,-280.69967116334726,-435.24245327635657,-280.7135088555428,-280.6903032198703,-0.00936794347688874,-0.059393136899529964,0.09100202890013061,0.006065771641935631,registered
255,1787909187.8991055,1787909187.8985045,77.43340387292392,-282.5665961270761,-437.1093782400854,-282.4755145422165,-282.41290672757134,-0.15368939950474214,-0.1533897576993013,0.09179334050420694,0.006035107683943005,registered
256,1787909187.928154,1787909187.9275558,75.99118425467748,-284.0088157453225,-438.55159785833183,-284.12663113482006,-284.1558650127844,0.1470492674619095,0.11969615627594976,0.06355567483291236,0.004114175848969818,registered
257,1787909187.956218,1787909187.9555588,74.33386254844379,-285.6661374515562,-440.2089195645656,-285.8221677545478,-285.835928036774,0.16979058521775414,0.09316354155288309,0.09431889534124906,0.0061708116008847985,registered
258,1787909187.9847724,1787909187.9840617,72.07354031686543,-287.92645968313457,-442.4692417961439,-287.6167189038829,-287.54598682214316,-0.38047286099140365,-0.4015988083558,0.10481302995769952,0.007083973926044048,registered
259,1787909188.013351,1787909188.0128043,70.59303483229417,-289.40696516770583,-443.94974728071514,-289.3647135838386,-289.2704212585311,-0.13654390917474757,-0.1640062939636664,0.06591555796045392,0.004399031702540623,registered
260,1787909188.04207,1787909188.041264,69.29709687829802,-290.702903121702,-445.2456852347113,-291.03957517697194,-290.9778909963037,0.2749878746017771,0.27366513923556113,0.08630714745610446,0.005530512816247424,registered
261,1787909188.0707853,1787909188.0701394,67.19120319326578,-292.8087968067342,-447.3515789197436,-292.7785605664319,-292.7102928333061,-0.09850397342819406,-0.08275345041124638,0.05597076151767006,0.003276902429886689,registered
262,1787909188.099107,1787909188.0984144,65.14072921969989,-294.8592707803001,-449.4020528933095,-294.49713471628826,-294.4066768700444,-0.45259391025575724,-0.5130825801092556,0.0987628274002431,0.005518574368186844,registered
263,1787909188.1289384,1787909188.1275077,63.94758089905872,-296.0524191009413,-450.59520121395065,-296.13597050913,-296.1521526822021,0.09973358126075027,0.06172256863180792,0.08359346660208275,0.004723076875246178,registered
264,1787909188.1566596,1787909188.1559806,62.44518071703328,-297.5548192829667,-452.097601395976,-297.8428647502289,-297.860409147145,0.3055898641782733,0.23895825106518487,0.05891727247918595,0.003446805503328502,registered
265,1787909188.1853015,1787909188.1845026,60.216339507482985,-299.783660492517,-454.3264426055263,-299.60895309399206,-299.5716122629434,-0.21204822957355418,-0.23557186585276213,0.07627965391546246,0.004481538192874473,registered
266,1787909188.2133765,1787909188.212822,58.672009881145186,-301.3279901188548,-455.8707722318642,-301.30084996438956,-301.27065686793003,-0.05733325092484165,-0.0858565235227502,0.07554601792378293,0.004191177335902134,registered
267,1787909188.2421412,1787909188.2414527,57.19372451838899,-302.806275481611,-457.3490575946203,-302.97921530155503,-302.98838266717576,0.18210718556480288,0.18503846443172733,0.09359149253284062,0.004879994828238357,registered
268,1787909188.2703934,1787909188.2698593,55.22436137873251,-304.7756386212675,-459.31842073427686,-304.75736560748265,-304.69266258387665,-0.0829760373908357,-0.11070415533697542,0.06857968983808801,0.003524180655612589,registered
269,1787909188.2991455,1787909188.2984533,53.25941842875204,-306.74058157124796,-461.28336368425727,-306.47827823351764,-306.40818554704595,-0.33239602420195524,-0.40160590962972265,0.09850896725069117,0.005189502513837206,registered
270,1787909188.3283968,1787909188.3276992,51.93092419026493,-308.06907580973507,-462.6118579227444,-308.09356051641544,-308.16281600263846,0.09374019290345359,0.026871437573959156,0.08061761515335487,0.00421927565235663,registered
271,1787909188.3563957,1787909188.3558478,50.37185647448655,-309.62814352551345,-464.17092563852276,-309.8208663491305,-309.8516188502823,0.22347532476891274,0.17666294259925053,0.08740449095952858,0.004359098519126554,registered
272,1787909188.3849845,1787909188.3842127,48.38346195297572,-311.6165380470243,-466.15932016003364,-311.5356857276637,-311.553395544169,-0.06314250285527123,-0.06921496387934667,0.1491472668864034,0.006697881408056853,registered
273,1787909188.413421,1787909188.4128551,46.85472115762843,-313.14527884237157,-467.68806095538093,-313.1848259289503,-313.2718222458028,0.1265434034311852,0.10703390095375198,0.13505612522403757,0.005981399071017187,registered
274,1787909188.44213,1787909188.4413874,45.23312443099803,-314.76687556900197,-469.30965768201133,-314.8544667063328,-314.9836404392071,0.2167648702050542,0.16234343162392406,0.15212205706434961,0.007675684897713221,registered
275,1787909188.470532,1787909188.4698768,43.15128368111107,-316.84871631888893,-471.39149843189824,-316.5942721372974,-316.69288388914526,-0.1558324297436684,-0.18492893612614125,0.15293487509976364,0.009293177019017001,registered
276,1787909188.5039945,1787909188.5030549,41.71036253335478,-318.2896374666452,-472.8324195796545,-318.36714229825685,-318.68343236687997,0.3937949002347523,0.37688021183157616,0.18028446875266674,0.011483075960120338,registered
277,1787909188.5282888,1787909188.5276797,40.04995812021423,-319.9500418797858,-474.49282399279514,-320.10561454481416,-320.1608201677002,0.21077828791442244,0.17915161928226553,0.16691490877589943,0.010495733979423168,registered
278,1787909188.5563366,1787909188.555606,38.19928968566205,-321.80071031433795,-476.34349242734726,-321.8467227216929,-321.83627726171164,0.0355669473737521,-0.0226146185236189,0.1802218680142092,0.010881588844818345,registered
279,1787909188.5849702,1787909188.5843024,36.32459141669972,-323.6754085833003,-478.2181906963096,-323.6095467763669,-323.55795100093883,-0.1174575823614532,-0.14164395711441102,0.15087440951320466,0.008645571671744854,registered
280,1787909188.6144562,1787909188.6138146,34.42996116575182,-325.5700388342482,-480.11282094725755,-325.34104424479125,-325.32855917015115,-0.24147966409702804,-0.284781212700409,0.12165890761682834,0.006604883441932722,registered
281,1787909188.6421561,1787909188.6415286,33.03585902885254,-326.96414097114746,-481.5069230841568,-327.1068796738587,-326.99128558813607,0.027144616988607595,0.024284584529652875,0.14003366649778728,0.007478573706582023,registered
282,1787909188.670442,1787909188.6698544,31.344095505513337,-328.65590449448666,-483.198686607496,-328.8099885020757,-328.69071640464256,0.034811910155951864,-0.0011439272556685864,0.0989754990514567,0.0051677555388559655,registered
283,1787909188.6991682,1787909188.6986103,29.327350637812742,-330.67264936218726,-485.2154314751966,-330.48888618804665,-330.415951872331,-0.25669748985626484,-0.3035825586661076,0.11901658745106002,0.005866566771506733,registered
284,1787909188.7300558,1787909188.7278793,27.874278917116953,-332.12572108288305,-486.6685031958924,-332.1137048598523,-332.1719698285691,0.04624874568605719,-0.034117957099908836,0.15068276587201196,0.00778641026904027,registered
285,1787909188.7562652,1787909188.7557368,26.271196840885295,-333.7288031591147,-488.271585272124,-333.7157114750453,-333.8433073330349,0.11450417392023837,0.036160013431299376,0.12737578297345617,0.007750156614769612,registered
286,1787909188.784603,1787909188.784063,24.627832160329945,-335.37216783967006,-489.9149499526794,-335.38159042440697,-335.54276675780216,0.1705989181320433,0.14747030149499096,0.14964729644830788,0.010436237990401796,registered
287,1787909188.8135808,1787909188.8130243,22.902000908847754,-337.09799909115225,-491.6407812041616,-337.0522061701265,-337.2803180817366,0.18231899058429235,0.17556698206010424,0.11042051918868898,0.008083504714477933,registered
288,1787909188.8422725,1787909188.8417666,21.46679157065182,-338.5332084293482,-493.07599054235754,-338.71314348747063,-339.0047382139941,0.47152978464589523,0.3948212227300587,0.14888276222844005,0.011061575663482592,registered
289,1787909188.8705263,1787909188.8699508,19.627292403852607,-340.3727075961474,-494.9154897091567,-340.4629145988199,-340.6956723770626,0.3229647809152425,0.2878152019602567,0.14723976831610872,0.011557154932258427,registered
290,1787909188.8989706,1787909188.8983157,17.620781142678993,-342.379218857321,-496.9220009703303,-342.25822965599036,-342.3974490709493,0.018230213628271486,0.05423888073107719,0.19292887365105008,0.01589256529348234,registered
291,1787909188.9287653,1787909188.9272373,15.862752433373771,-344.13724756662623,-498.68002967963554,-344.05264898967334,-344.13262590924273,-0.00462165738343856,0.0011298423268044644,0.19085532719322124,0.01531724578300278,registered
292,1787909188.9563057,1787909188.955683,14.242355867607671,-345.75764413239233,-500.30042624540164,-345.8382541287044,-345.83925170332384,0.08160757093151005,0.06911802501218745,0.16631193236589456,0.012892767897182716,registered
293,1787909188.9850144,1787909188.9843354,12.312689451544315,-347.6873105484557,-502.23009266146505,-347.6772862211087,-347.55827917843305,-0.1290313700226875,-0.06470313111481119,0.1508044722643631,0.011958123224537109,registered
294,1787909189.0131614,1787909189.0125043,10.489241228171068,-349.51075877182893,-504.0535408848383,-349.44873691256595,-349.24829787715805,-0.26246089467093725,-0.2760000858474996,0.13062038110650268,0.010519094728238731,registered
295,1787909189.0427668,1787909189.0421085,8.940609271296694,-351.0593907287033,-505.6021728417127,-351.12613440333826,-351.0244274406921,-0.03496328801122672,-0.1362113600690691,0.15473344478212586,0.011787937088941536,registered
296,1787909189.0706112,1787909189.0699248,7.132794917327601,-352.8672050826724,-507.40998719568177,-352.86117709752983,-352.69329033060444,-0.17391475206801488,-0.1639021722731968,0.15872093193410505,0.011043757764524867,registered
297,1787909189.0993373,1787909189.0987294,5.23392429812418,-354.7660757018758,-509.30885781488513,-354.6075623089706,-354.4214438408877,-0.34463186098810183,-0.3253395524039888,0.14720301216431486,0.010370226759682525,registered
298,1787909189.128159,1787909189.1274626,3.843751781247988,-356.156248218752,-510.6990303317614,-356.27647779683286,-356.14532041619134,-0.01092780256072956,-0.06982566506979992,0.12309000013821138,0.009009331330333664,registered
299,1787909189.156272,1787909189.1556609,2.279587434425025,-357.720412565575,-512.2631946785843,-357.9390456275293,-357.83709852295146,0.11668595737648957,0.049252464318783495,0.14220864384644963,0.010377116482311398,registered
300,1787909189.1849754,1787909189.184219,0.1254150930411697,-359.87458490695883,-514.4173670199682,-359.61530572996907,-359.55046156243543,-0.3241233445234002,-0.30276586916670567,0.1208215145501537,0.00887320005585197,registered
301,1787909189.213942,1787909189.213022,358.6725581663974,-361.3274418336026,-515.870223946612,-361.2218942804624,-361.2785292479365,-0.048912585666130326,-0.16834357388984245,0.10932497826438664,0.008810436537517747,registered
302,1787909189.2422378,1787909189.2416222,357.27428566436265,-362.72571433563735,-517.2684964486467,-362.81913183933347,-362.9944241184953,0.2687097828579681,0.12803576425130814,0.13466627623365626,0.01201117567244925,registered
303,1787909189.2704058,1787909189.2698283,355.50690690714566,-364.49309309285434,-519.0358752058637,-364.50363651417115,-364.68667426155764,0.19358116870330377,0.15177308878480744,0.11358196591767383,0.01091087607713445,registered
304,1787909189.2991958,1787909189.2985034,353.833824176442,-366.166175823558,-520.7089579365673,-366.18919186028467,-366.40706062905167,0.2408848054936925,0.14027629810050257,0.14784812230481753,0.01472166068754292,registered
305,1787909189.3288689,1787909189.327379,352.2968646322853,-367.7031353677147,-522.2459174807241,-367.85742659785086,-368.1394767701844,0.43634140246967945,0.36970774422388786,0.11252473087879732,0.011635564750929441,registered
306,1787909189.3561988,1787909189.3554661,350.3806422723841,-369.6193577276159,-524.1621398406253,-369.63567580266925,-369.82458915219354,0.20523142457761878,0.21175861965684817,0.13556865242688027,0.014523356549948395,registered
307,1787909189.3849385,1787909189.3842127,348.3901033794249,-371.6098966205751,-526.1526787335845,-371.4533340152018,-371.54926675879767,-0.060629861777442784,-0.09739095183920199,0.15201317391888386,0.016207644694753977,registered
308,1787909189.413526,1787909189.412946,346.7240237869454,-373.2759762130546,-527.818758326064,-373.2628870580363,-373.2731433341012,-0.002832878953427098,-0.05465757247225156,0.1496396956056095,0.015806455360440796,registered
309,1787909189.442431,1787909189.4417648,345.011594639152,-374.988405360848,-529.5311874738574,-375.0648985397401,-375.0021550922065,0.01374973135852997,0.03552244228501422,0.13636312353784827,0.014480648415123937,registered
310,1787909189.47065,1787909189.4700541,343.13149727732525,-376.86850272267475,-531.4112848356841,-376.8728932011227,-376.6993973767669,-0.16910534590783755,-0.1765690871516199,0.10720392772832356,0.01135516801225512,registered
311,1787909189.4990892,1787909189.4984298,341.33424790461606,-378.66575209538394,-533.2085342083933,-378.63023236120364,-378.40181775652,-0.26393433886391904,-0.2986289979130561,0.13466846084124723,0.013740212589973546,registered
312,1787909189.5283508,1787909189.5272772,339.6512607043693,-380.3487392956307,-534.8915214086401,-380.2977714142623,-380.1325460102695,-0.2161932853612143,-0.2584527533286973,0.09906602108192045,0.009426491017860564,registered
313,1787909189.5563993,1787909189.5557706,338.0328609533159,-381.9671390466841,-536.5099211596935,-381.94061987815905,-381.8420326304239,-0.12510641626022334,-0.15433041681910709,0.1403528503519313,0.01226157298901575,registered
314,1787909189.5851495,1787909189.5843623,336.224194314604,-383.775805685396,-538.3185877984054,-383.6766868368177,-383.5574125522895,-0.21839313310647412,-0.24958151450334753,0.12706009651654387,0.010135219256111733,registered
315,1787909189.613417,1787909189.6128953,334.70796326948687,-385.29203673051313,-539.8348188435225,-385.3910006918436,-385.2692736580849,-0.0227630724282335,-0.05644047435873745,0.11970960036733773,0.008847323221142112,registered
316,1787909189.642071,1787909189.6415074,333.30105353644126,-386.69894646355874,-541.2417285765681,-387.04120475097113,-386.985883735162,0.28693727160327853,0.2674849259927896,0.1474915446617961,0.010011791965777428,registered
317,1787909189.6710234,1787909189.670374,331.24801459854416,-388.75198540145584,-543.2947675144652,-388.7333822018868,-388.71775631934077,-0.03422908211507547,-0.024129245958306456,0.14042940299311485,0.008964687393724857,registered
318,1787909189.699308,1787909189.6987476,329.0334779943522,-390.9665220056478,-545.5093041186572,-390.41734564769234,-390.420062266051,-0.5464597395967985,-0.5528240146941243,0.11876315305168442,0.008798454738487095,registered
319,1787909189.7288635,1787909189.727473,327.9966051361139,-392.0033948638861,-546.5461769768955,-392.0671914126734,-392.1434668050525,0.1400719411664113,0.10035460890867398,0.12801956167984938,0.010202622918101534,registered
320,1787909189.7562158,1787909189.755584,326.54504273548605,-393.45495726451395,-547.9977393775233,-393.75472588180367,-393.8300096000984,0.37505233558442796,0.3314990924355925,0.13901695489762397,0.011661823967716194,registered
321,1787909189.7850685,1787909189.784354,324.4606235408165,-395.5393764591835,-550.0821585721928,-395.4452690341848,-395.55608901147843,0.016712552294961824,0.01499173342585891,0.12341328482815439,0.010486169024503547,registered
322,1787909189.8135014,1787909189.8128457,322.9792371596203,-397.0207628403797,-551.563544953389,-397.07735887858314,-397.2654755027203,0.2447126623405893,0.2539026330806564,0.13524830241040406,0.011696869599695445,registered
323,1787909189.842467,1787909189.8417048,321.2782009286975,-398.7217990713025,-553.2645811843119,-398.7315006192344,-398.9969046588577,0.27510558755523107,0.26640145318151554,0.14494219760014537,0.01274833873696464,registered
324,1787909189.8709304,1787909189.8702075,319.3653338654842,-400.6346661345158,-555.1774482475251,-400.5647003864981,-400.7069491400964,0.07228300558062983,0.048742482471539006,0.13969347622694742,0.011968170489379657,registered
325,1787909189.8991044,1787909189.8985562,317.6176403708955,-402.3823596291045,-556.9251417421139,-402.41004823604294,-402.40775315311816,0.02539352401367978,-0.01309639092528414,0.20258459171430757,0.016685522599207133,registered
326,1787909189.929035,1787909189.927435,315.93104804733923,-404.06895195266077,-558.6117340656701,-404.16039455415057,-404.14035524794554,0.07140329528476741,0.01712138990853873,0.1787603392548271,0.014451220244176045,registered
327,1787909189.956402,1787909189.9557815,314.1109810600012,-405.8890189399988,-560.4318010530081,-405.93815587524864,-405.84103052379396,-0.04798841620481653,-0.08086403942627385,0.20639918090919396,0.01627951314750722,registered
328,1787909189.9850957,1787909189.984375,312.01746907596396,-407.98253092403604,-562.5253130370454,-407.74744114137263,-407.5565248787026,-0.42600604533345177,-0.49923988640352945,0.18270246723934466,0.013467576315406208,registered
329,1787909190.0135667,1787909190.0130103,310.39352644778353,-409.60647355221647,-564.1492556652258,-409.5166530768207,-409.2745224564253,-0.3319510957911689,-0.37680616483635276,0.1427424185328678,0.009851650175445743,registered
330,1787909190.0427384,1787909190.0420249,309.07086694318343,-410.92913305681657,-565.4719151698259,-411.2143505417075,-411.0152779055619,0.08614484874533446,0.10039634412396481,0.2016795395787761,0.013211839442453101,registered
331,1787909190.0707455,1787909190.0700543,307.0754065866531,-412.9245934133469,-567.4673755263562,-412.9486722763571,-412.69692868802224,-0.22766472532464377,-0.26908372908860656,0.12608508267804258,0.0076854208865895935,registered
332,1787909190.0995045,1787909190.0989676,305.08096942057705,-414.91903057942295,-569.4618126924323,-414.66297012998103,-414.43160488175295,-0.4874256976700053,-0.4965463632462388,0.16659083773221092,0.009788916375096572,registered
333,1787909190.1285481,1787909190.1275403,303.81148124118624,-416.18851875881376,-570.7313008718231,-416.25500335845084,-416.1458547773195,-0.04266398149422912,-0.08112872070876165,0.13225298173756384,0.0078698989268383,registered
334,1787909190.1565363,1787909190.1558325,302.25521780487406,-417.74478219512594,-572.2875643081353,-417.88072444140744,-417.84326871144435,0.09848651631841676,0.014888553890500589,0.1077370579413052,0.006680195425419387,registered
335,1787909190.1853154,1787909190.184764,300.09655144609064,-419.90344855390936,-574.4462306669187,-419.6183202363297,-419.5790320190829,-0.3244165348264687,-0.3413139189157164,0.0972643426560516,0.006193404379668829,registered
336,1787909190.2137523,1787909190.2131467,298.77610176308553,-421.22389823691447,-575.7666803499238,-421.30737663368524,-421.28188152274697,0.057983285832506226,0.01645361636906273,0.08665203652541369,0.0053298883347441895,registered
337,1787909190.242761,1787909190.2420652,297.4813648908065,-422.5186351091935,-577.0614172222029,-422.962850680735,-423.0168724073458,0.4982372981522758,0.4857856719446545,0.13015491549303718,0.0074863107983343625,registered
338,1787909190.270939,1787909190.2702427,295.2009683562803,-424.7990316437197,-579.341813756729,-424.71883277003656,-424.70740605476396,-0.09162558895570783,-0.08522969759837906,0.09594991341266695,0.005046347909738456,registered
339,1787909190.2993555,1787909190.2988074,293.07598161067244,-426.92401838932756,-581.4668005023369,-426.4823343133037,-426.42116960989813,-0.5028487794294279,-0.48660119740497976,0.1606271222082759,0.008810058356388404,registered
340,1787909190.3283541,1787909190.3278093,291.8862842473918,-428.1137157526082,-582.6564978656176,-428.1455270695528,-428.1611669401253,0.04745118751714017,0.000173570866877526,0.09797112122204452,0.005571678009203455,registered
341,1787909190.3564534,1787909190.3558667,290.3888461543903,-429.6111538456097,-584.1539359586191,-429.872260343671,-429.8444913058386,0.23333746022888135,0.1751471544451988,0.09646149822909998,0.005605963177443928,registered
342,1787909190.385363,1787909190.3845427,288.24992294386254,-431.75007705613746,-586.2928591691468,-431.63363593602503,-431.56493488985404,-0.18514216628341273,-0.21546345817421297,0.12146801397729182,0.006900720401202652,registered
343,1787909190.4134128,1787909190.4128761,286.6243783160653,-433.3756216839347,-587.9184037969441,-433.30294046307233,-433.2648234385323,-0.11079824540240679,-0.15112644870612257,0.09432061190006964,0.005171312710194356,registered
344,1787909190.4434347,1787909190.4421568,285.31953273814565,-434.68046726185435,-589.2232493748637,-434.95360341875653,-435.0215422971585,0.3410750353041294,0.27163896151728295,0.12520956417713305,0.006789527309351813,registered
345,1787909190.4706535,1787909190.470002,283.20847228846685,-436.79152771153315,-591.3343098245425,-436.73129388603843,-436.6921359868452,-0.09939172468796187,-0.1710343183731311,0.08359209926406722,0.004730482236000454,registered
346,1787909190.499896,1787909190.4991157,281.2151153745119,-438.7848846254881,-593.3276667384974,-438.50922023199445,-438.43884195421435,-0.3460426712737217,-0.3608404259182407,0.09610938300598833,0.00572877915676427,registered
347,1787909190.5297477,1787909190.5289285,279.8976881985699,-440.1023118014301,-594.6450939144395,-440.1812122207723,-440.2274876318196,0.12517583038948032,0.09158977453796524,0.07502139626000331,0.004499378992072805,registered
348,1787909190.5569608,1787909190.5559556,278.3491702626093,-441.6508297373907,-596.1936118504001,-441.8978720649241,-441.8490038502173,0.19817411282656394,0.136387509345127,0.11052190672616427,0.006461562488962453,registered
349,1787909190.5849323,1787909190.5842927,276.15479553404214,-443.84520446595786,-598.3879865789672,-443.6675983713375,-443.54910696085096,-0.2960975051068999,-0.3228720659071769,0.10785640570252737,0.00596198543674906,registered
350,1787909190.6135507,1787909190.612908,274.54329958697394,-445.45670041302606,-599.9994825260354,-445.3462459674769,-445.26590299162297,-0.19079742140309008,-0.19021141993323454,0.08548342355497378,0.004655410221814717,registered
351,1787909190.6423218,1787909190.6416576,273.2245257345555,-446.7754742654445,-601.3182563784538,-446.9930338615583,-446.99076655192187,0.21529228647739274,0.1951096625992932,0.11822591995697045,0.006477296573898033,registered
352,1787909190.6708155,1787909190.6701791,271.21409162323766,-448.78590837676234,-603.3286904897717,-448.72901855218913,-448.7019410594596,-0.08396731730272222,-0.09518884662952587,0.07896019319385643,0.00432701494671525,registered
353,1787909190.6993217,1787909190.698683,269.3438735553648,-450.6561264446352,-605.1989085576446,-450.45811048229945,-450.4120570613502,-0.24406938328502292,-0.2625057090737073,0.1461732094031386,0.007797090588217589,registered
354,1787909190.728746,1787909190.7279205,267.99804929182824,-452.00195070817176,-606.5447328211811,-452.12919555019926,-452.16618687237985,0.1642361642080914,0.14190502353983447,0.08374997740634132,0.004380872077243211,registered
355,1787909190.7565022,1787909190.755929,266.37953990996493,-453.62046009003507,-608.1632422030444,-453.85509842202987,-453.8465788913679,0.22611880133285922,0.1969928644087986,0.09751972749296473,0.005058030319830726,registered
356,1787909190.7850995,1787909190.7843747,264.22366404721845,-455.77633595278155,-610.3191180657909,-455.61553385838795,-455.55320468544903,-0.2231312673325192,-0.23950701309854594,0.08763746665298741,0.004605119099375484,registered
357,1787909190.8137155,1787909190.8131218,262.5625338756561,-457.4374661243439,-611.9802482373533,-457.3090982741885,-457.2779109003138,-0.15955522403010036,-0.17138956277040052,0.0771760883414091,0.004154288235017961,registered
358,1787909190.854922,1787909190.8542576,261.0629651335729,-458.9370348664271,-613.4798169794365,-459.0035128598353,-459.74588833730627,0.8088534708791713,0.8206903981911182,0.10713067625250362,0.005855249444536118,registered
359,1787909190.870847,1787909190.8701632,259.29826434626375,-460.70173565373625,-615.2445177667456,-460.7369216460729,-460.7001597864768,-0.0015758672594756717,0.009621357957371401,0.07456517859663063,0.004016733283265981,registered
360,1787909190.899702,1787909190.8991275,257.47553142092954,-462.52446857907046,-617.0672506920798,-462.45194993025115,-462.437897064106,-0.08657151496447568,-0.09330788703061899,0.12729952740608047,0.006584904448218778,registered
361,1787909190.9311767,1787909190.9275832,255.93589076167416,-464.06410923832584,-618.6068913513352,-464.1024775741695,-464.1451236316624,0.08101439333654525,0.058203883630540076,0.08642533366638315,0.004354187330090392,registered
362,1787909190.9569044,1787909190.956198,254.28228197789088,-465.7177180221091,-620.2605001351185,-465.8055012589454,-465.8618910541736,0.1441730320644865,0.13153068034364424,0.11019899251792863,0.005439789568569403,registered
363,1787909190.9852915,1787909190.9845998,252.40791485240754,-467.59208514759246,-622.1348672606018,-467.5533165113616,-467.5658848882672,-0.026200259325264597,-0.04962316870421546,0.09950719163417576,0.0047830767047850505,registered
364,1787909191.0145679,1787909191.013865,250.63135741656993,-469.3686425834301,-623.9114246964394,-469.2697559902915,-469.3216739784194,-0.04696860501064748,-0.058896642396462084,0.1003253594317999,0.004788837459065877,registered
365,1787909191.0424056,1787909191.0416305,249.12309435410623,-470.87690564589377,-625.4196877589031,-470.99355429960826,-470.9874900885636,0.1105844426698468,0.09921992906856758,0.11958180401050644,0.005759420368535563,registered
366,1787909191.070993,1787909191.0702586,247.25857744140558,-472.7414225585944,-627.2842046716038,-472.7589474082487,-472.70505854237535,-0.03636401621906771,-0.07542409771417624,0.08338463734771132,0.003986245717764476,registered
367,1787909191.099183,1787909191.0984924,245.4200162210294,-474.5799837789706,-629.12276589198,-474.48287230758734,-474.39896796456014,-0.18101581441044345,-0.23645470340579777,0.11416535155436863,0.005277769570661427,registered
368,1787909191.1279895,1787909191.1273606,243.86087382225207,-476.1391261777479,-630.6819082907573,-476.1815988576416,-476.13094067765144,-0.008185500096487885,-0.062210227299942744,0.10156734189442788,0.004562190818446399,registered
369,1787909191.1571527,1787909191.1563613,242.0775066986074,-477.9224933013926,-632.465275414402,-477.9008282709608,-477.87086648722675,-0.051626814165842916,-0.0788840908023758,0.07495105736688708,0.0032690897126403866,registered
370,1787909191.1856084,1787909191.1850338,240.34367403831163,-479.65632596168837,-634.1991080746977,-479.6067145492715,-479.5910955092868,-0.06523045240157899,-0.08289398896056355,0.12156488234234708,0.005197809705713126,registered
371,1787909191.213734,1787909191.2130384,238.79130997731863,-481.20869002268137,-635.7514721356907,-481.3001113800823,-481.271258662189,0.06256863950761726,0.03456486352445154,0.10660112342636158,0.004605453249843622,registered
372,1787909191.2427127,1787909191.2419655,236.99836940801993,-483.0016305919801,-637.5444127049894,-482.9914475394214,-483.006764495481,0.005133903500905035,-0.032500709545502104,0.10865480853295201,0.004881899513631199,registered
373,1787909191.2705307,1787909191.2699778,235.28020429931564,-484.71979570068436,-639.2625778136937,-484.7045291722233,-484.68738538055493,-0.03241032012942924,-0.07377321896012745,0.0842862902228643,0.003891588149223457,registered
374,1787909191.2994204,1787909191.29875,233.67565096249984,-486.32434903750016,-640.8671311505095,-486.37746954821773,-486.4135935291083,0.08924449160815584,0.057179010016398024,0.13344728488059168,0.006141895246540131,registered
375,1787909191.3289165,1787909191.327718,231.80339656932392,-488.1966034306761,-642.7393855436854,-488.0618707379207,-488.1515596728233,-0.04504375785279535,-0.052726141350376565,0.12590623746205817,0.005555110541740442,registered
376,1787909191.356974,1787909191.356189,230.2749193371185,-489.7250806628815,-644.2678627758909,-489.75797268260635,-489.8597017047233,0.1346210418417968,0.1427905813648067,0.1354148787206012,0.005571711590856708,registered
377,1787909191.3859267,1787909191.385154,228.56632761901255,-491.43367238098745,-645.9764544939968,-491.41617644834076,-491.5974818947435,0.163809513756064,0.17140725439139715,0.23267233630291764,0.008509459024729833,registered
378,1787909191.4139225,1787909191.4130998,226.94041167057446,-493.05958832942554,-647.6023704424349,-493.1319864336053,-493.2741119274451,0.2145235980195821,0.2162276114187307,0.2723971273073436,0.009117696154754964,registered
379,1787909191.4423554,1787909191.4415998,225.12359313044988,-494.8764068695501,-649.4191889825595,-494.8966274417254,-494.9839990632498,0.10759219369970197,0.10081685382476735,0.2911096145593894,0.010860921297756319,registered
380,1787909191.4707258,1787909191.4701707,223.40199107829494,-496.59800892170506,-651.1407910347144,-496.64103464609764,-496.6981345257735,0.1001256040684666,0.09079731723011264,0.26517081239925816,0.012419945449625151,registered
381,1787909191.4997299,1787909191.4990177,221.6412896512902,-498.3587103487098,-652.9014924617192,-498.4141808948381,-498.4288341712622,0.0701238225524321,0.07708278543373126,0.2562050906076341,0.01400347721843652,registered
382,1787909191.5289564,1787909191.5282128,219.6044818061663,-500.3955181938337,-654.9383003068431,-500.21318578006185,-500.1804178470866,-0.21510034674713552,-0.23531429333240794,0.24866320238995657,0.01405009774102335,registered
383,1787909191.5573828,1787909191.5565498,217.94386150458763,-502.05613849541237,-656.5989206084217,-502.02704015768563,-501.88052095772025,-0.17561753769211919,-0.20757203794391899,0.23229909256682596,0.012495729017948907,registered
384,1787909191.5854406,1787909191.584792,216.3843311662572,-503.6156688337428,-658.1584509467522,-503.7924650354246,-503.5749310244679,-0.04073780927490134,-0.05988397613884899,0.20071735614608996,0.009942739232592382,registered
385,1787909191.613681,1787909191.6131063,214.53022700494148,-505.4697729950585,-660.0125551080679,-505.50934563596763,-505.27367524271676,-0.19609775234175686,-0.22850242800893739,0.2292792212263607,0.010397315944720192,registered
386,1787909191.6423545,1787909191.6416056,212.61714042394397,-507.38285957605603,-661.9256416890654,-507.2010434023986,-506.9835194661305,-0.3993401099255607,-0.4108035093379385,0.18524120436405003,0.00920627817871266,registered
387,1787909191.670782,1787909191.6702101,211.0850770246101,-508.9149229753899,-663.4577050883993,-508.82472840264967,-508.69967181103584,-0.215251164354072,-0.24616755133092738,0.160257728614436,0.009400143524736377,registered
388,1787909191.6995287,1787909191.6988578,209.6212177186584,-510.3787822813416,-664.921564394351,-510.43822355168936,-510.41841320353774,0.03963092219612463,0.032176070023638204,0.13284770469080184,0.008770348204934294,registered
389,1787909191.7295115,1787909191.7275207,208.028000080207,-511.971999919793,-666.5147820328024,-512.0658553014694,-512.1380700603831,0.16607014059013636,0.1650867274158827,0.1600227822469004,0.011377923325455449,registered
390,1787909191.7571723,1787909191.7561996,206.28618225605442,-513.7138177439456,-668.256599856955,-513.641554091259,-513.858685293963,0.14486755001746587,0.13263497496723176,0.153384765474967,0.011641031307891347,registered
391,1787909191.7852514,1787909191.7846565,204.85924965959384,-515.1407503404062,-669.6835324534155,-515.1879925667747,-515.5659833821713,0.42523304176518195,0.37420015516579497,0.1450479518648489,0.01143201561889088,registered
392,1787909191.8140848,1787909191.8133714,203.16359274493163,-516.8364072550684,-671.3791893680777,-516.8366886241776,-517.2887585394367,0.4523512843683193,0.4294016715790576,0.18883760845722755,0.014739575330347202,registered
393,1787909191.8426328,1787909191.8417766,201.31120268428606,-518.6887973157139,-673.2315794287233,-518.5750737008499,-518.9929526313554,0.30415531564142384,0.31962139882818974,0.21439072502929474,0.016379946169217487,registered
394,1787909191.8708973,1787909191.8702028,199.8392576445101,-520.1607423554899,-674.7035244684993,-520.3300826288386,-520.6984054867463,0.5376631312564086,0.5045378554945046,0.18334188733276102,0.014978835147299382,registered
395,1787909191.8994892,1787909191.8988962,198.07870954719124,-521.9212904528088,-676.4640725658181,-522.111997885873,-522.4198932722786,0.49860281946985197,0.475721726924462,0.22667514505970288,0.020805458525199823,registered
396,1787909191.9282317,1787909191.927565,195.8562794873901,-524.1437205126099,-678.6865026256193,-523.9990955965388,-524.1399077323831,-0.0038127802267808875,-0.006082660769607173,0.21847395481844195,0.02050436549817692,registered
397,1787909191.9569738,1787909191.9561963,194.01117915748,-525.98882084252,-680.5316029555294,-525.8718856033977,-525.8576621398897,-0.13115870263027318,-0.1566989307317499,0.23497411852572786,0.02073654634006341,registered
398,1787909191.9852765,1787909191.984498,192.4060935146034,-527.5939064853966,-682.136688598406,-527.6650134208694,-527.5556482392291,-0.03825824616751561,-0.033433055538694134,0.22270609599468646,0.01903908267052603,registered
399,1787909192.0136268,1787909192.0130486,190.49845935018038,-529.5015406498196,-684.044322762829,-529.4719464187735,-529.2685678506716,-0.23297279914800129,-0.27977524202310633,0.18024730377341225,0.014896875987595653,registered
400,1787909192.042263,1787909192.0416262,188.54735344971948,-531.4526465502805,-685.9954286632899,-531.2537880887976,-530.9831038288456,-0.46954272143489106,-0.5392613109536342,0.1913957984212493,0.014286228747924798,registered
401,1787909192.07077,1787909192.0701108,187.14976177740004,-532.8502382226,-687.3930203356093,-532.9665533503562,-532.6920611961765,-0.1581770264234592,-0.1960316860520379,0.157166901072563,0.010853808907458847,registered
402,1787909192.0993938,1787909192.0987873,185.64355790117997,-534.35644209882,-688.8992242118294,-534.6462888241001,-534.4125333884527,0.056091289632718144,0.008900197627895068,0.15440576857917887,0.010561299270386347,registered
403,1787909192.1297884,1787909192.1280649,183.5357824781937,-536.4642175218063,-691.0069996348157,-536.3289779594392,-536.169066293384,-0.29515122842224173,-0.33176950044287423,0.12066708868840516,0.009195640331281812,registered
404,1787909192.1568024,1787909192.15618,181.78701009589486,-538.2129899041051,-692.7557720171145,-537.9629873317031,-537.8558522586461,-0.3571376454590336,-0.3645735532662684,0.08831481643950072,0.007355460548582495,registered
405,1787909192.1853352,1787909192.1847818,180.45801233457428,-539.5419876654257,-694.0847697784351,-539.5570533531443,-539.5718472581176,0.02985959269187788,0.010798096127700774,0.09965943018594772,0.008536088154164035,registered
406,1787909192.2141285,1787909192.2135422,178.97979571856922,-541.0202042814308,-695.5629863944401,-541.19222233296,-541.297354504283,0.2771502228522422,0.246992203142554,0.12271422405341223,0.010371393317903502,registered
407,1787909192.2424166,1787909192.2417734,177.12074078941748,-542.8792592105825,-697.4220413235919,-542.8153728701352,-542.9911065810338,0.11184737045130078,0.06913566304945107,0.13580635998830948,0.010861350547093519,registered
408,1787909192.271394,1787909192.2706876,175.6130085770501,-544.3869914229499,-698.9297735359593,-544.3834829404041,-544.7258399912859,0.3388485683359477,0.29508589715374,0.11424123467906316,0.008769434644772544,registered
409,1787909192.2993977,1787909192.2988303,174.08490173456096,-545.915098265439,-700.4578803784484,-546.0110731117643,-546.4142852356706,0.49918697023156255,0.46741290115380707,0.1354722843118795,0.010321182381467363,registered
410,1787909192.328852,1787909192.3280444,172.19852646153822,-547.8014735384618,-702.3442556514711,-547.726347950239,-548.1670132419243,0.3655397034625594,0.35439926766014196,0.1674942857728907,0.013895558576218488,registered
411,1787909192.3570585,1787909192.3561263,170.4549775355431,-549.5450224644569,-704.0878045774663,-549.4827798394595,-549.8518109330654,0.3067884686084881,0.29028415056882295,0.14144466654857588,0.01357758050462271,registered
412,1787909192.3852472,1787909192.3844652,168.85860798211206,-551.1413920178879,-705.6841741308973,-551.2674919042562,-551.5520284767421,0.41063645885412825,0.3654690177319253,0.1657967798667959,0.017532884182956246,registered
413,1787909192.4144015,1787909192.4134207,166.9817804167767,-553.0182195832233,-707.5610016962327,-553.1323366642571,-553.2892365015476,0.27101691832433517,0.24660009803471894,0.19127231345887208,0.02040959666687332,registered
414,1787909192.4433856,1787909192.442428,164.96432392015947,-555.0356760798405,-709.5784581928499,-555.0127292122987,-555.0295628267733,-0.0061132530672693974,-0.01138829180410994,0.24868023605636688,0.02496926483226668,registered
415,1787909192.4712915,1787909192.470533,163.04675257711165,-556.9532474228884,-711.4960295358977,-556.859720758891,-556.7157337144296,-0.23751370845877773,-0.2594918051189552,0.19108393953563627,0.01897828110161076,registered
416,1787909192.4999654,1787909192.4990718,161.2400927168659,-558.7599072831341,-713.3026893961435,-558.6960087847873,-558.427952423484,-0.3319548596500681,-0.3596848362633409,0.1670572858280588,0.01665761601269836,registered
417,1787909192.5285003,1787909192.5278587,159.45051429458215,-560.5494857054179,-715.0922678184272,-560.524765587533,-560.1550474281203,-0.3944382772975814,-0.44719745676457023,0.15218688247868653,0.014105748679248865,registered
418,1787909192.5570061,1787909192.556132,157.74850619336053,-562.2514938066395,-716.7942759196488,-562.269411208045,-561.8513313359459,-0.4001624706935445,-0.4959949871262097,0.14921897506473622,0.011946963258146419,registered
419,1787909192.5853693,1787909192.58458,156.10559035169854,-563.8944096483015,-718.4371917613108,-563.937800972471,-563.5580858672004,-0.3363237811011004,-0.3101651145515234,0.1594988293909837,0.011230291481562451,registered
420,1787909192.6141992,1787909192.613353,154.433102766969,-565.566897233031,-720.1096793460404,-565.5721588300107,-565.2843512322752,-0.28254600075581493,-0.34214065962623863,0.12907038186637088,0.008932444311115501,registered
421,1787909192.6427393,1787909192.6418896,152.6945065223423,-567.3054934776577,-721.8482755906671,-567.1885912312438,-566.9964269000261,-0.3090665776315973,-0.353910306241346,0.13920765646621072,0.010258470817087532,registered
422,1787909192.6713917,1787909192.6708279,151.2343791429263,-568.7656208570737,-723.3084029700831,-568.781176958309,-568.7326050274453,-0.03301582962842531,-0.08249228843590117,0.11999012913518006,0.009215219884631708,registered
423,1787909192.699816,1787909192.6991408,149.67826030754577,-570.3217396924542,-724.8645218054636,-570.3838395228355,-570.4312634209119,0.10952372845770242,0.06710189046623327,0.1184371369283523,0.009131397421887644,registered
424,1787909192.7294502,1787909192.72838,148.01838789425062,-571.9816121057494,-726.5243942187587,-571.9904035615539,-572.1854933608541,0.2038812551047613,0.19489847344709688,0.12933304581103536,0.009574164382362174,registered
425,1787909192.7567763,1787909192.7560723,146.3705229215268,-573.6294770784732,-728.1722591914826,-573.6163002009714,-573.8469181029757,0.21744102450247738,0.16451086401320936,0.1269066024268421,0.008721061353464682,registered
426,1787909192.7854345,1787909192.7848656,144.73222865564105,-575.267771344359,-729.8105534573683,-575.288211776272,-575.5743993191318,0.3066279747728231,0.29209218778873947,0.18034814587440348,0.011531640715587595,registered
427,1787909192.8142421,1787909192.8135846,142.95852808963764,-577.0414719103624,-731.5842540233717,-577.0445945354921,-577.2974176466133,0.25594573625096473,0.25825523770492964,0.19690450324477313,0.012620328643241934,registered
428,1787909192.842335,1787909192.8418095,141.24047808397177,-578.7595219160282,-733.3023040290376,-578.8353388439776,-578.9907978159746,0.231275899946354,0.2535603701034006,0.22096636801848862,0.015396496977528347,registered
429,1787909192.8846996,1787909192.883991,139.36966327116227,-580.6303367288377,-735.1731188418471,-580.6470308212693,-581.5215131687564,0.891176439918695,0.9091827573332694,0.22226721355720722,0.016597596553772555,registered
430,1787909192.8996701,1787909192.8989458,137.4788628428504,-582.5211371571496,-737.063919270159,-582.5162345316168,-582.4187397460236,-0.10239741112604861,-0.1255557184385907,0.26270891302492816,0.01948284506693346,registered
431,1787909192.9283526,1787909192.9276562,135.60663389827664,-584.3933661017234,-738.9361482147327,-584.3554737565337,-584.1412431248119,-0.25212297691143704,-0.195845921303885,0.24868873400595254,0.017520624176994022,registered
432,1787909192.9565694,1787909192.9560442,133.8396027851578,-586.1603972148422,-740.7031793278516,-586.11870160271,-585.8444073193442,-0.31598989549797807,-0.32131865886685773,0.26017678866559446,0.017088807617309385,registered
433,1787909192.9857044,1787909192.985161,132.06099295435024,-587.9390070456498,-742.4817891586591,-587.9139543296606,-587.5912992404081,-0.3477078052416118,-0.38940721844710424,0.24593855454385508,0.014449015965336858,registered
434,1787909193.0140936,1787909193.0132692,130.2577591822602,-589.7422408177398,-744.2850229307492,-589.6111722039691,-589.2776703858897,-0.46457043185012026,-0.48985106830650693,0.22070497239223827,0.011302978571871859,registered
435,1787909193.0425863,1787909193.0419843,128.89022057169302,-591.109779428307,-745.6525615413163,-591.2310545369883,-591.0004598472854,-0.10931958102162298,-0.18564204210679236,0.2757302630921088,0.013064069507288719,registered
436,1787909193.0719423,1787909193.0708382,127.19877769097172,-592.8012223090283,-747.3440044220376,-592.878366869344,-592.7315743125546,-0.06964799647369091,-0.12278007115901346,0.2260647092967697,0.010135918515615232,registered
437,1787909193.0999563,1787909193.0990815,125.20656640631478,-594.7934335936852,-749.3362157066946,-594.5692850158947,-594.4260558999541,-0.3673776937311004,-0.42125848367379604,0.22940924526914913,0.009904772846446348,registered
438,1787909193.129107,1787909193.1280935,124.03669954484144,-595.9633004551586,-750.5060825681679,-596.2260513944913,-596.1666540036567,0.20335354849817122,0.21300768368996614,0.19498094645720243,0.008462899490088749,registered
439,1787909193.1570437,1787909193.1562958,122.21657302480844,-597.7834269751916,-752.3262090882009,-597.8642325457816,-597.8586752806331,0.07524830544150518,0.09079590222154366,0.162852831958951,0.007417824805818495,registered
440,1787909193.185634,1787909193.1849704,120.13582841584389,-599.8641715841561,-754.4069536971655,-599.6396549986727,-599.5790330398664,-0.2851385442896799,-0.3661762618638704,0.18244929848030034,0.0085029201324534,registered
441,1787909193.2139895,1787909193.2133088,118.5586478700285,-601.4413521299715,-755.9841342429809,-601.3694661190341,-601.2792219752823,-0.16213015468918002,-0.1893119673173942,0.09663451757392062,0.004351696923770451,registered
442,1787909193.2425933,1787909193.2419708,117.17848470603576,-602.8215152939642,-757.3642974069736,-603.037667265236,-602.9988216156062,0.17730632164193594,0.197838853970552,0.1430188748624038,0.006225965667669927,registered
443,1787909193.2716777,1787909193.270954,115.28762503848043,-604.7123749615196,-759.2551570745289,-604.8069666131644,-604.7376889195344,0.025313958014862692,-0.030094227440486065,0.11376705829436715,0.005035251700915538,registered
444,1787909193.2998424,1787909193.2991827,113.1178811253136,-606.8821188746864,-761.4249009876958,-606.541459906359,-606.4312979549815,-0.4508209197049382,-0.4338681186957274,0.1253688999310785,0.0061043843206271585,registered
445,1787909193.3295798,1787909193.3289845,111.9725945625919,-608.0274054374081,-762.5701875504175,-608.1439942650259,-608.2192856425897,0.19188020518163285,0.18645648338076626,0.10461185085067565,0.00531599262034484,registered
446,1787909193.357109,1787909193.3562617,110.32418320650618,-609.6758167934938,-764.2185989065032,-609.7914889958076,-609.8558068937424,0.17999010024857398,0.12696700809738104,0.11730669626264176,0.006095347104847055,registered
447,1787909193.3854833,1787909193.3849018,108.21589461826841,-611.7841053817316,-766.326887494741,-611.5489040677487,-611.5740905540725,-0.21001482765905166,-0.34173391977094525,0.15587004618461187,0.007857702411228087,registered
448,1787909193.4141865,1787909193.413435,106.75414721423476,-613.2458527857652,-767.7886348987746,-613.2474513216704,-613.2859659639983,0.04011317823301397,-0.06996465541533325,0.13054446873238118,0.006398580634718795,registered
449,1787909193.4443214,1787909193.4434946,105.60036871384227,-614.3996312861577,-768.9424133991671,-614.895977304991,-615.0894164165333,0.689785130375526,0.6212506359594272,0.16769289368927165,0.008164334701278681,registered
450,1787909193.4719925,1787909193.4713151,103.21632907585797,-616.783670924142,-771.3264530371514,-616.6590211543103,-616.7585367807922,-0.02513414334987374,-0.05125592350827901,0.10004587336808746,0.005165946455793228,registered
451,1787909193.500029,1787909193.499349,101.1366071394184,-618.8633928605816,-773.406174973591,-618.3972599271412,-618.4404593417295,-0.42293351885211905,-0.42118301804339353,0.12238664152999676,0.006976141943927653,registered
452,1787909193.5285718,1787909193.5278363,100.02518268168944,-619.9748173183106,-774.5175994313199,-620.0745211306659,-620.1495740544943,0.17475673618378096,0.20815801609887785,0.09858360441287532,0.005854386863417617,registered
453,1787909193.5569453,1787909193.5562294,98.44097595025767,-621.5590240497423,-776.1018061627517,-621.8187019289048,-621.8530386357643,0.2940145860219445,0.27042727029618163,0.10854805605340194,0.006599836979673314,registered
454,1787909193.585354,1787909193.5847213,96.34722839459471,-623.6527716054053,-778.1955537184147,-623.597305740874,-623.5624394311366,-0.09033217426872397,-0.15459201956173274,0.11539127391603844,0.006876306691079669,registered
455,1787909193.6142101,1787909193.6136198,94.68290840594716,-625.3170915940528,-779.8598737070622,-625.2471033794438,-625.2962287687844,-0.020862825268409324,-0.057021288830242156,0.07043133570123901,0.004116791842551691,registered
456,1787909193.6428232,1787909193.6421957,93.21115200500378,-626.7888479949962,-781.3316301080056,-626.8855095614826,-627.0106646180459,0.2218166230496763,0.2677902672196524,0.16216305489897928,0.009522542194570686,registered
457,1787909193.6711867,1787909193.6705472,91.24980413070682,-628.7501958692932,-783.2929779823025,-628.6588923145983,-628.711640280632,-0.038555588661211004,-0.04872930611122683,0.08353405619198516,0.005082616946110058,registered
458,1787909193.699901,1787909193.6992667,89.43362537657777,-630.5663746234222,-785.1091567364316,-630.4025139087939,-630.4346872163743,-0.13168740704793436,-0.16090948407918404,0.10570710058194867,0.006628623707137055,registered
459,1787909193.7286944,1787909193.7280295,88.08609115320155,-631.9139088467984,-786.4566909598078,-632.0679070003011,-632.1603375038434,0.24642865704493033,0.25848988437439857,0.10013174411625864,0.006282787736755607,registered
460,1787909193.756879,1787909193.7562168,86.46549915358833,-633.5345008464117,-788.077282959421,-633.789193122027,-633.8514576206067,0.3169567741949777,0.3210509776544086,0.10724275060750493,0.006565267021949959,registered
461,1787909193.7856214,1787909193.7850175,84.21089237947353,-635.7891076205265,-790.3318897335358,-635.565306722583,-635.579382264804,-0.20972535572241213,-0.25892811901724144,0.12128415293304715,0.007260017351555963,registered
462,1787909193.8141322,1787909193.8135438,82.66221918821418,-637.3377808117858,-791.8805629247952,-637.2564504960249,-637.2908428549491,-0.04693795683670032,-0.07569954153689196,0.06968517874048541,0.004298117399111707,registered
463,1787909193.8426142,1787909193.8419485,81.1864552159127,-638.8135447840873,-793.3563268970967,-638.9271914046143,-638.9950083386071,0.1814635545198371,0.2039291692332199,0.13585912514730375,0.008770272318618962,registered
464,1787909193.87108,1787909193.8704746,79.2183643997954,-640.7816356002046,-795.324417713214,-640.6882672403874,-640.7064546246219,-0.0751809755827253,-0.07040416085419565,0.05836368220988249,0.003891166380327997,registered
465,1787909193.8999877,1787909193.899308,77.47304227816232,-642.5269577218377,-797.069739834847,-642.4412273009303,-642.4363389346795,-0.09061878715817784,-0.09143346753808146,0.1164655680763802,0.007661409201313146,registered
466,1787909193.9288647,1787909193.9280758,76.17810393335594,-643.8218960666441,-798.3646781796534,-644.0636174760843,-644.1622896088863,0.3403935422422819,0.31041701244305386,0.07522401575563921,0.004874550681885855,registered
467,1787909193.958422,1787909193.95741,74.3231399945779,-645.6768600054221,-800.2196421184315,-645.7524401667561,-645.922226896845,0.24536689142291834,0.1827868516804756,0.09841691990111727,0.006440012096652017,registered
468,1787909193.9865324,1787909193.9854867,72.16420117120458,-647.8357988287954,-802.3785809418048,-647.5368584696328,-647.6067098971181,-0.22908893167732458,-0.2629186012248965,0.09286295848490095,0.006273578116097965,registered
469,1787909194.014662,1787909194.0136826,70.69851690177597,-649.301483098224,-803.8442652112334,-649.2564164089317,-649.2983449625746,-0.003138135649464857,-0.0070224960552423,0.08609832600123302,0.005758515267553512,registered
470,1787909194.043751,1787909194.0428665,69.43449706055048,-650.5655029394495,-805.1082850524589,-650.9481440246384,-651.0492563442716,0.48375340482209594,0.47852486027034047,0.08128262651404616,0.00523640773280764,registered
471,1787909194.0714643,1787909194.070625,67.21212712148201,-652.787872878518,-807.3306549915274,-652.6958057326439,-652.7146576346352,-0.07321524388282796,-0.04684053559265067,0.06119302915909108,0.0035855918160362815,registered
472,1787909194.1007648,1787909194.0997956,65.2116877158303,-654.7883122841697,-809.3310943971791,-654.4203897760378,-654.4647679850317,-0.32354429913800686,-0.34860564309383335,0.08916953511405781,0.004983644609418394,registered
473,1787909194.1302903,1787909194.129498,64.12001028983912,-655.8799897101609,-810.4227718231703,-656.0703487567631,-656.246790850277,0.3668011401160811,0.35409192709209947,0.10834754075256876,0.006102678705623131,registered
474,1787909194.1588295,1787909194.1578367,62.41727537355689,-657.5827246264431,-812.1255067394525,-657.7781842325778,-657.9469940898233,0.3642694633801966,0.32305387333440194,0.07628648176517251,0.004465608669074577,registered
475,1787909194.1863887,1787909194.1852815,60.26894334388305,-659.731056656117,-814.2738387691263,-659.5682932549691,-659.5935711446239,-0.1374855114930824,-0.16784833035819702,0.0779393305369753,0.004584396803549975,registered
476,1787909194.2143834,1787909194.2136464,58.65666241576548,-661.3433375842345,-815.8861196972439,-661.2657868714241,-661.2953478385106,-0.04798974572395309,-0.06441452295916861,0.061979176830552284,0.003436060199452533,registered
477,1787909194.2432704,1787909194.242554,57.33839567832047,-662.6616043216795,-817.2043864346889,-662.9455698332984,-663.0296807331124,0.36807641143286673,0.3594487347518225,0.0848848780600623,0.004446819711875328,registered
478,1787909194.2713797,1787909194.2706268,55.23109116889748,-664.7689088311025,-819.3116909441119,-664.736457095295,-664.7139348672995,-0.054973963803035986,-0.0349900278969244,0.07449138929375838,0.0038276705808121497,registered
479,1787909194.3003423,1787909194.2994924,53.18426380907749,-666.8157361909225,-821.3585183039319,-666.4315525853617,-666.4457502349568,-0.36998595596571704,-0.3844127552027885,0.10124777714084807,0.00533576424284731,registered
480,1787909194.330361,1787909194.3286862,52.02729014488443,-667.9727098551156,-822.5154919681249,-668.0568795290042,-668.1972623901294,0.22455253501379957,0.17140057704807532,0.08950630718102752,0.004691471873726681,registered
481,1787909194.357142,1787909194.3563807,50.475599357307715,-669.5244006426923,-824.0671827557017,-669.773618505812,-669.8588158694241,0.334415226731835,0.3150569132901637,0.10164630252209364,0.005092722752615249,registered
482,1787909194.3861077,1787909194.3854713,48.35860778851452,-671.6413922114855,-826.1841743244948,-671.5001294811454,-671.6041343361478,-0.037257875337672886,-0.03875796496345174,0.1533961869530139,0.0068809868711333065,registered
483,1787909194.4148514,1787909194.414198,46.94516078932395,-673.054839210676,-827.5976213236854,-673.1446388701735,-673.3276103958011,0.27277118512506604,0.277749472357641,0.14899716934338636,0.006578082778083848,registered
484,1787909194.444977,1787909194.4436693,45.22172607451091,-674.7782739254891,-829.3210560384985,-674.8199985089789,-675.0957725587208,0.31749863323170757,0.31790318509683857,0.14757359405241044,0.007455143929271474,registered
485,1787909194.472451,1787909194.471446,43.21244154120677,-676.7875584587932,-831.3303405718026,-676.5935144499401,-676.7622609629922,-0.025297495801055447,-0.01608903566477693,0.16609588193649477,0.010056342367319998,registered
486,1787909194.5017633,1787909194.500972,41.66105700572825,-678.3389429942717,-832.8817251072811,-678.3790929440095,-678.5336987717659,0.19475577749415152,0.1793299147318521,0.18233255853104788,0.011618501878306466,registered
487,1787909194.5304866,1787909194.529666,40.008326016896945,-679.991673983103,-834.5344560961124,-680.1208082304559,-680.255215165559,0.2635411824559242,0.2191872627943212,0.18724546685977672,0.011764804911418895,registered
488,1787909194.5573385,1787909194.5565286,38.197043139595166,-681.8029568604048,-836.3457389734142,-681.8756602821477,-681.8668615340034,0.06390467359858576,0.01722222932733075,0.17532360926192989,0.010585270492418156,registered
489,1787909194.5868626,1787909194.5860279,36.27185184578855,-683.7281481542115,-838.2709302672208,-683.6344392357535,-683.636697280176,-0.09145087403544494,-0.12062581436157416,0.14477791053463207,0.008282240946423111,registered
490,1787909194.6178074,1787909194.616903,34.407295028029694,-685.5927049719703,-840.1354870849797,-685.384514730987,-685.4890821626964,-0.1036228092739293,-0.09610292293598377,0.11518577559836335,0.00625068740567782,registered
491,1787909194.6433454,1787909194.6423755,33.006238932606266,-686.9937610673937,-841.5365431804031,-687.1435112901586,-687.0173211469711,0.023560079577350734,0.0380685531247309,0.15904883051922894,0.008492358359973426,registered
492,1787909194.6722136,1787909194.671424,31.316501330583037,-688.683498669417,-843.2262807824263,-688.8695981130128,-688.7601077826198,0.07660911320283503,0.05628299697457351,0.1106140559624274,0.005771411349963114,registered
493,1787909194.6998062,1787909194.699105,29.246848064924166,-690.7531519350758,-845.2959340480852,-690.5635580547894,-690.420860230614,-0.33229170446179523,-0.371795919456531,0.13215742568252403,0.006509926929715867,registered
494,1787909194.730365,1787909194.729254,27.75840746053359,-692.2415925394664,-846.7843746524758,-692.1805373630584,-692.2296747320366,-0.01191780742976789,-0.05636479295230856,0.12262850996563444,0.006396205753349824,registered
495,1787909194.757956,1787909194.7572944,26.232089311880486,-693.7679106881195,-848.3106928011289,-693.7757980477977,-693.9119835044938,0.1440728163743188,0.09253212635508135,0.11123307805399273,0.006796089621872287,registered
496,1787909194.7871463,1787909194.7860203,24.50323079444877,-695.4967692055512,-850.0395513185606,-695.4281826882893,-695.6354166517561,0.13864744620491365,0.14803466340811156,0.1371636933440982,0.009627865480954687,registered
497,1787909194.8150003,1787909194.8141317,22.919309115067904,-697.0806908849321,-851.6234729979415,-697.0835282193666,-697.3219880550627,0.24129717013056506,0.24845826743796806,0.11129553531298114,0.008146153205952236,registered
498,1787909194.8430295,1787909194.842165,21.504525067131453,-698.4954749328685,-853.0382570458779,-698.7404425595171,-699.0038677036089,0.5083927707403291,0.502363564019447,0.15968938918637718,0.0118570332820053,registered
499,1787909194.8715208,1787909194.870725,19.60791326453159,-700.3920867354684,-854.9348688484778,-700.4865439383075,-700.7173451761357,0.32525844066731224,0.3064968176997809,0.13960441727039988,0.010965679450348655,registered
500,1787909194.9007506,1787909194.8999715,17.580713343450384,-702.4192866565496,-856.962068769559,-702.2845856370287,-702.4720185441194,0.05273188756973468,0.036020443784991585,0.1930927440822688,0.015907962411931924,registered
501,1787909194.9298475,1787909194.9289355,15.799932090061702,-704.2000679099383,-858.7428500229477,-704.0831644453198,-704.2097415176182,0.009673607679928864,0.0014984396556201318,0.20356773860040525,0.016309618843192798,registered
502,1787909194.9573848,1787909194.9564512,14.144779898966817,-705.8552201010332,-860.3980022140425,-705.8871364095711,-705.8605668991378,0.005346798104596928,-0.009332946580911994,0.16806462233402097,0.013020219507898204,registered
503,1787909194.9859982,1787909194.9853618,12.313403110881836,-707.6865968891182,-862.2293790021275,-707.7338456300618,-707.5950857474344,-0.09151114168378172,-0.0790845459571301,0.16545056709096206,0.013119286182711463,registered
504,1787909195.0145025,1787909195.0137424,10.464959262640718,-709.5350407373593,-864.0778228503686,-709.499310269249,-709.2978065139253,-0.23723422343402945,-0.2713477691072512,0.13100852874695545,0.010546729435715411,registered
505,1787909195.0429583,1787909195.042222,8.873044764611677,-711.1269552353883,-865.6697373483977,-711.1580476998697,-711.0064634945184,-0.12049174086996572,-0.191931870979829,0.14005236373357588,0.010630480686860098,registered
506,1787909195.071631,1787909195.0709825,7.112665337506996,-712.887334662493,-867.4301167755024,-712.8748256956651,-712.7319707406838,-0.15536392180922576,-0.15682799930425517,0.15796000803702717,0.010984376538297569,registered
507,1787909195.099842,1787909195.0992365,5.1877843387304665,-714.8122156612695,-869.3549977742789,-714.6163162287562,-714.4270960139498,-0.38511964731969783,-0.3721440008262107,0.14588358035223803,0.010292345190923776,registered
508,1787909195.1289327,1787909195.1280987,3.857588407953017,-716.142411592047,-870.6851937050563,-716.298693909579,-716.1587111237819,0.01629953173494414,-0.006364902055338462,0.1252013540304056,0.00916183012257476,registered
509,1787909195.1570444,1787909195.1563406,2.320282884623907,-717.6797171153761,-872.2224992283855,-717.9661436620712,-717.8531068863992,0.17338977102315312,0.13027957100496224,0.15103023383077716,0.01102749756254267,registered
510,1787909195.185944,1787909195.1852326,0.0801752122704329,-719.9198247877296,-874.4626069007389,-719.649745548225,-719.5865100125272,-0.3333147752023251,-0.3389467595742417,0.11874372960144064,0.00873690628003784,registered
511,1787909195.2147968,1787909195.2140388,358.5778360275127,-721.4221639724873,-875.9649460854966,-721.2718010301592,-721.3147636517232,-0.10740032076409989,-0.11728106320856568,0.11337652698853921,0.009204655022816798,registered
512,1787909195.2600465,1787909195.259263,357.187455096589,-722.812544903411,-877.3553270164203,-722.8814380258561,-724.0280283162481,1.2154834128371022,1.1961840168569324,0.13332920068369292,0.01195422305100776,registered
513,1787909195.2730787,1787909195.272095,355.44101867520783,-724.5589813247922,-879.1017634378015,-724.5761498668898,-724.7978909167279,0.2389095919356805,0.28068187741462225,0.09100362806426467,0.008756699941678775,registered
514,1787909195.3001845,1787909195.2993777,353.77428038145024,-726.2257196185498,-880.7685017315591,-726.2624597103384,-726.4347411628789,0.2090215443291754,0.21136415649687024,0.13929819355367115,0.013888391946005869,registered
515,1787909195.3306074,1787909195.3292058,352.2401849186231,-727.7598150813769,-882.3025971943863,-727.9142932624638,-728.2243023048276,0.4644872234506465,0.47026257963136686,0.12215993499361144,0.012650163588714609,registered
516,1787909195.3594103,1787909195.358278,350.3232999960617,-729.6767000039383,-884.2194821169477,-729.689020691022,-729.9685193535129,0.2918193495745527,0.3003150180161356,0.13313496353718035,0.014268734140381104,registered
517,1787909195.3882594,1787909195.3873346,348.35805529077004,-731.64194470923,-886.1847268222393,-731.5081302895525,-731.7117923295941,0.06984762036415759,0.061682252638433965,0.1442387985070171,0.015374649621413234,registered
518,1787909195.4168637,1787909195.4157307,346.65647084682803,-733.343529153172,-887.8863112661813,-733.327230866026,-733.4154428645588,0.07191371138685554,0.059270143028129496,0.14854561902951838,0.015690260078685795,registered
519,1787909195.4442322,1787909195.4429307,344.95133949021874,-735.0486605097813,-889.5914426227906,-735.1370442397491,-735.0473295774725,-0.0013309323087469238,-0.005435221086713682,0.13306321981832658,0.014133846105999059,registered
520,1787909195.4715023,1787909195.4708657,343.0263926734767,-736.9736073265233,-891.5163894395326,-736.946606807762,-736.7233159243076,-0.25029140221568014,-0.27279431748092975,0.12285275301434807,0.012998364000999168,registered
521,1787909195.5015986,1787909195.5004158,341.270107796003,-738.729892203997,-893.2726743170064,-738.7034846762795,-738.4961984502484,-0.2336937537486392,-0.2735865008841074,0.1290893740168298,0.01314360912628284,registered
522,1787909195.529257,1787909195.5285058,339.5625588691355,-740.4374411308645,-894.9802232438739,-740.3573571850072,-740.181482481822,-0.2559586490425545,-0.28389546113783126,0.10394825692741766,0.00984747369510506,registered
523,1787909195.557421,1787909195.5565646,337.98704619679006,-742.0129538032099,-896.5557359162193,-741.9913920496111,-741.8648926723174,-0.14806113089252904,-0.17669472230159045,0.1363537006132173,0.011883086535790666,registered
524,1787909195.585685,1787909195.585037,336.2031599596943,-743.7968400403057,-898.3396221533151,-743.7220623459559,-743.5731205289995,-0.22371951130617163,-0.22726903126078923,0.111591230757196,0.008892389298643477,registered
525,1787909195.6146343,1787909195.613964,334.6787177471256,-745.3212822528744,-899.8640643658838,-745.428148280349,-745.3086263622915,-0.012655890582891516,-0.007379789951301063,0.1092549383771469,0.008061507797463736,registered
526,1787909195.6427555,1787909195.6421545,333.2936381922244,-746.7063618077756,-901.249143920785,-747.0941738765707,-746.9999324327496,0.2935706249739951,0.2788871316972745,0.161532584123919,0.010959919820820879,registered
527,1787909195.6732504,1787909195.672363,331.14437633695877,-748.8556236630412,-903.3984057760506,-748.7806599755554,-748.8123229667639,-0.04330069627735611,-0.06410074332632121,0.1478407657460171,0.00946263894831874,registered
528,1787909195.7008772,1787909195.7000108,328.9792637484377,-751.0207362515623,-905.5635183645717,-750.467220331838,-750.4710728365068,-0.5496634150555337,-0.5719133115266004,0.12378642017243638,0.009211000750426803,registered
529,1787909195.7294166,1787909195.728585,327.9413260930377,-752.0586739069623,-906.6014560199717,-751.9705951511653,-752.1854085568556,0.12673464989325112,0.11334599061797235,0.12211154438568377,0.00976183150401635,registered
530,1787909195.7580986,1787909195.7574158,326.46315709117096,-753.536842908829,-908.0796250218384,-753.6843763381435,-753.9151355214792,0.37829261265017067,0.3584501051446978,0.14321361315138115,0.012029132685483753,registered
531,1787909195.7861667,1787909195.7853546,324.517152078309,-755.482847921691,-910.0256300347004,-755.5376106701076,-755.5913507344002,0.10850281270916184,0.08707430328058763,0.1242423714602816,0.010552862195331188,registered
532,1787909195.8150043,1787909195.8142252,322.94619519204434,-757.0538048079557,-911.596586920965,-757.4104845377813,-757.3234664887951,0.2696616808394765,0.2648398041948212,0.13185318381785466,0.011409026893423218,registered
533,1787909195.8431776,1787909195.8424568,321.2621855622996,-758.7378144377004,-913.2805965507098,-759.4496456368428,-759.0172471738066,0.27943273610617325,0.2655922486351301,0.16037581160755807,0.014105751032936615,registered
534,1787909195.9007063,1787909195.8998098,317.62997759593213,-762.3700224040679,-916.9128045170772,-761.7042788022482,-762.4581915583592,0.08816915429133587,0.06579271038697243,0.2100504497489035,0.017304099769988972,registered
535,1787909195.929115,1787909195.928305,315.8598525063172,-764.1401474936828,-918.6829296066921,-763.8268422963879,-764.1677783074261,0.02763081374337162,0.0003233470237091751,0.17156556423929384,0.013861569365579664,registered
536,1787909195.957458,1787909195.956866,314.1211975631878,-765.8788024368122,-920.4215845498215,-765.8516308015771,-765.8813273006049,0.002524863792700671,-0.024849254277796717,0.19063902421253248,0.015039841474670591,registered
537,1787909195.9858243,1787909195.98518,312.03217655739184,-767.9678234426082,-922.5106055556175,-767.8513374308812,-767.580042910593,-0.38778053201519924,-0.4079858823761242,0.1891082464596332,0.013947868705733748,registered
538,1787909196.0145245,1787909196.0139046,310.35733215223206,-769.6426678477679,-924.1854499607773,-769.6539932564972,-769.3034045372034,-0.3392633105645473,-0.3372784560319815,0.12886264730677965,0.008880762085319733,registered
539,1787909196.0432646,1787909196.0425844,309.1603342746778,-770.8396657253222,-925.3824478383316,-771.1854903621964,-771.0240769873047,0.18441126198251823,0.17080755713936924,0.18430885683915435,0.012115759368208029,registered
540,1787909196.072117,1787909196.0714092,307.0397456355382,-772.9602543644618,-927.5030364774711,-772.9043833894647,-772.7534463486693,-0.20680801579248964,-0.2130052629919419,0.1312451809322579,0.007991092818563873,registered
541,1787909196.100292,1787909196.0995944,305.19549656750985,-774.8045034324902,-929.3472855454995,-774.6465182886654,-774.4444377282592,-0.36006570423091944,-0.36392918167973676,0.16209120315118394,0.009527602680995211,registered
542,1787909196.1291194,1787909196.1284213,303.86668860772943,-776.1333113922706,-930.6760935052799,-776.2534085654158,-776.1739358267971,0.04062443452653497,0.02088201288484015,0.1295783677626633,0.007702216356601904,registered
543,1787909196.1574743,1787909196.156794,302.16967594526363,-777.8303240547364,-932.3731061677457,-777.8989461119363,-777.8761845569858,0.045860502249411184,0.03405197826157291,0.11874458705473591,0.007379803643334655,registered
544,1787909196.1870282,1787909196.1859574,300.08229582637625,-779.9177041736237,-934.4604862866331,-779.6342453798281,-779.6258657834715,-0.29183839015229296,-0.2975528854268532,0.0999859466613935,0.0063657997522665885,registered
545,1787909196.2152588,1787909196.214394,298.6562033116344,-781.3437966883656,-935.886578801375,-781.2934463482325,-781.3319480205985,-0.011848667767139887,-0.026252602963722893,0.10121957711690924,0.006193892502980752,registered
546,1787909196.2433064,1787909196.2424717,297.52340721001553,-782.4765927899845,-937.0193749029938,-782.968078717821,-783.016488237393,0.5398954474085258,0.5229307028811263,0.12766680270947922,0.0073609256692684834,registered
547,1787909196.2714546,1787909196.2708519,295.23996846075556,-784.7600315392444,-939.3028136522538,-784.7172564012888,-784.7191803956231,-0.040851143621353,-0.06365089967869153,0.0751108229718122,0.003951502127649543,registered
548,1787909196.300231,1787909196.299539,293.24301437824636,-786.7569856217536,-941.299767734763,-786.4624588903703,-786.4402962737659,-0.3166893479877899,-0.326053908111021,0.11968692875126592,0.006528153055436683,registered
549,1787909196.3291643,1787909196.3284962,291.87887036044333,-788.1211296395567,-942.663911752566,-788.1180701458513,-788.1776044274841,0.05647478792741367,0.05101335811593799,0.09586127928774747,0.005452699081988806,registered
550,1787909196.3576221,1787909196.356876,290.2361246681538,-789.7638753318462,-944.3066574448555,-789.856617568232,-789.8802679774535,0.11639264560733409,0.11455360944478343,0.12309335125968882,0.007156072084716065,registered
551,1787909196.3927453,1787909196.3918598,288.2677034760833,-791.7322965239167,-946.2750786369261,-791.658312788998,-791.9791559385875,0.2468594146707801,0.24810662869515454,0.11231481482427635,0.006383127315470178,registered
552,1787909196.414585,1787909196.4139144,286.6696059061011,-793.3303940938989,-947.8731762069083,-793.3376305481065,-793.302345214052,-0.028048879846892305,-0.032571039645176825,0.08709925172339403,0.004779317423740955,registered
553,1787909196.4435046,1787909196.4428039,285.3256662341263,-794.6743337658737,-949.2171158788831,-794.9822713733793,-795.0355909947459,0.3612572288722049,0.3443632019539109,0.1219035099308146,0.006610136614520115,registered
554,1787909196.4724042,1787909196.4715471,283.0976486516564,-796.9023513483436,-951.445133461353,-796.7087079321723,-796.760068343525,-0.14228300481863698,-0.1804678935626498,0.08531793116241286,0.004844852912439823,registered
555,1787909196.5000722,1787909196.4994023,281.2400317843161,-798.7599682156839,-953.3027503286933,-798.442733602303,-798.4312628066871,-0.3287054089968251,-0.3544544070869051,0.10501434034386337,0.00625717739557071,registered
556,1787909196.5291018,1787909196.5284135,280.02507514094566,-799.9749248590543,-954.5177069720637,-800.1120822315659,-800.1718179979986,0.19689313894423321,0.1884047291812294,0.10332581620045599,0.006200848976226213,registered
557,1787909196.557463,1787909196.5568311,278.48104113775423,-801.5189588622458,-956.0617409752551,-801.7239027472608,-801.8767559046963,0.35779704245055655,0.3536463991464416,0.08392302519313147,0.004922212533808713,registered
558,1787909196.5856895,1787909196.585046,276.2734807583996,-803.7265192416004,-958.2693013546098,-803.4952622654394,-803.5695353005822,-0.15698394101821123,-0.1589683694822952,0.10676697916579694,0.005915752339814666,registered
559,1787909196.6151495,1787909196.6143894,274.5852760434874,-805.4147239565126,-959.957506069522,-805.2787030402374,-805.3300161454947,-0.08470781101789271,-0.09387912951081034,0.08302601724673014,0.004521541849635269,registered
560,1787909196.6430085,1787909196.6423461,273.16498034138885,-806.8350196586111,-961.3778017716205,-807.2796340043541,-807.0073041681932,0.17228450958202757,0.17098814973098797,0.11798940357548433,0.006466673607948333,registered
561,1787909196.6714048,1787909196.6707995,271.1235675260019,-808.8764324739981,-963.4192145870074,-809.4117647188564,-808.714387694446,-0.16204477955204766,-0.17692932984505205,0.07847557426080555,0.004297004886369047,registered
562,1787909196.7287452,1787909196.7281709,268.02457895591374,-811.9754210440863,-966.5182031570956,-811.4989269912892,-812.1564334970368,0.18101245295054014,0.13791839913233161,0.07687108449302477,0.0040222060231767725,registered
563,1787909196.7577822,1787909196.756999,266.32961679358334,-813.6703832064167,-968.213165319426,-813.4898386231183,-813.8860031162264,0.21561990980978862,0.1913747497277427,0.09124871711458922,0.004732811709345854,registered
564,1787909196.786289,1787909196.7855902,264.1388380087741,-815.8611619912259,-970.4039441042353,-815.5025345730267,-815.6013544298313,-0.25980756139460937,-0.24456920991349307,0.0743594750586808,0.003911402441759204,registered
565,1787909196.8145208,1787909196.8138115,262.6460622629471,-817.3539377370529,-971.8967198500623,-817.4469193944444,-817.294520037237,-0.05941769981586731,-0.06161032449688264,0.08162976624345393,0.0043885048306335685,registered
566,1787909196.8429887,1787909196.8423839,261.0577336728253,-818.9422663271747,-973.4850484401841,-819.1559306091148,-819.0087413245429,0.06647499736823193,0.040688735406092746,0.10016040248318357,0.005474372794308498,registered
567,1787909196.8717957,1787909196.8711622,259.33612471527056,-820.6638752847294,-975.2066573977388,-820.7462258894493,-820.735321380486,0.07144609575652794,0.04061531853756151,0.068753821052171,0.0037062517517665065,registered
568,1787909196.9002466,1787909196.8995378,257.4320794602429,-822.5679205397571,-977.1107026527665,-822.4566319260178,-822.4377417602391,-0.13017877951801893,-0.19578824283075846,0.12498792808881483,0.006459296393045536,registered
569,1787909196.9294434,1787909196.9287105,255.8364051668043,-824.1635948331957,-978.7063769462051,-824.1300360501436,-824.187980847809,0.02438601461324197,0.022565512592677806,0.09175016436298015,0.004616545894543003,registered
570,1787909196.9575717,1787909196.956908,254.3463772010923,-825.6536227989077,-980.196404911917,-825.8578073059978,-825.8797160421781,0.22609324327038394,0.24028310774394868,0.11518808550616792,0.005690961397191402,registered
571,1787909196.986927,1787909196.9861495,252.30901890158702,-827.690981098413,-982.2337632114223,-827.5982116594364,-827.6340890234239,-0.0568920749890367,-0.09157701560559417,0.10453614960548695,0.005019136986117934,registered
572,1787909197.014474,1787909197.0137997,250.60258083722556,-829.3974191627744,-983.9402012757838,-829.3034927358556,-829.2929819344705,-0.10443722830393654,-0.13197865902668582,0.06742346993160846,0.003218708458749286,registered
573,1787909197.0431468,1787909197.042339,249.04323513614702,-830.956764863853,-985.4995469768623,-831.0063078977435,-831.0052292517857,0.04846438793276775,0.0240874296811171,0.09860546712229182,0.004750735438527834,registered
574,1787909197.0715437,1787909197.0708718,247.31639281082448,-832.6836071891755,-987.2263893021849,-832.7295168229763,-832.7170760534508,0.033468864275278065,0.00310572260536901,0.08587437976454135,0.004108351802766832,registered
575,1787909197.1004515,1787909197.0995843,245.47874493856955,-834.5212550614305,-989.0640371744398,-834.4390301639291,-834.4397081694125,-0.08154689201796828,-0.1080717764784822,0.10945881545041218,0.005066146382036343,registered
576,1787909197.1292315,1787909197.1283953,243.93698152362686,-836.0630184763731,-990.6058005893825,-836.1218235122419,-836.1682478912156,0.10522941484248349,0.12313590625524284,0.09822304302751811,0.0044176772331842385,registered
577,1787909197.1575675,1787909197.1569095,242.14545033131844,-837.8545496686816,-992.3973317816909,-837.8379665196796,-837.8789789707121,0.02442930203051219,0.03440866176299551,0.0723866353561967,0.0031606794194149346,registered
578,1787909197.1858618,1787909197.1852455,240.4959202626925,-839.5040797373075,-994.0468618503169,-839.5429112054532,-839.5790248648243,0.0749451275167985,0.10150366795437549,0.11910018464445177,0.005096045736569278,registered
579,1787909197.21481,1787909197.2138636,238.74068177253002,-841.25931822747,-995.8021003404793,-841.2528934280792,-841.2959925451606,0.03667431769065388,0.02268844402499326,0.08018111262109415,0.0034670063694921837,registered
580,1787909197.243226,1787909197.2425127,236.96018767862097,-843.039812321379,-997.5825944343884,-842.9639480996904,-843.0148197624447,-0.024992558934286535,-0.05955227993808876,0.13076079451417658,0.005880137989679286,registered
581,1787909197.2723298,1787909197.2714458,235.37689520177844,-844.6231047982216,-999.1658869112309,-844.6821543994336,-844.7506831989958,0.12757840077426863,0.0860772774930183,0.08466159204101631,0.00390593558359792,registered
582,1787909197.3007615,1787909197.299956,233.69985316617624,-846.3001468338238,-1000.8429289468331,-846.3584260031939,-846.4611854124063,0.16103857858252013,0.13471258034553557,0.12315241467889364,0.005669613109798098,registered
583,1787909197.329653,1787909197.3289957,231.82287492398189,-848.1771250760181,-1002.7199071890275,-848.0448448581451,-848.2034427952315,0.026317719213352575,0.04564975115613379,0.13111605629161624,0.005788835168800432,registered
584,1787909197.3587697,1787909197.357658,230.25311197718509,-849.7468880228149,-1004.2896701358243,-849.7246546102174,-849.9230567396856,0.176168716870734,0.1900630023606027,0.14373623130957913,0.0059066446516238685,registered
585,1787909197.3862486,1787909197.3853552,228.65160015414585,-851.3483998458541,-1005.8911819588635,-851.3888840686354,-851.5847818685448,0.23638202269069097,0.19546753261852245,0.2349817806770124,0.008649059170238371,registered
586,1787909197.4144232,1787909197.413765,226.9421192058253,-853.0578807941747,-1007.6006629071841,-853.1278102329437,-853.2892477389405,0.23136694476579578,0.23248424990890726,0.2468309670893457,0.008262141810309306,registered
587,1787909197.4434752,1787909197.4427013,225.12546116767294,-854.8745388323271,-1009.4173209453364,-854.8910545019426,-855.0253114333168,0.15077260098973966,0.18125659540282868,0.2739889135338731,0.010219835452090209,registered
588,1787909197.4747825,1787909197.4736843,223.39258955275693,-856.6074104472431,-1011.1501925602524,-856.6279779625427,-856.8841617827629,0.27675133551986164,0.27303919377504826,0.2617115252971576,0.012271835092030253,registered
589,1787909197.501252,1787909197.5003858,221.64360904193325,-858.3563909580668,-1012.8991730710761,-858.4222277883537,-858.4861385590793,0.12974760101258198,0.11879499294934703,0.2550493147533955,0.013938617951146754,registered
590,1787909197.5310307,1787909197.529884,219.56509861821212,-860.4349013817879,-1014.9776834947972,-860.2357817273984,-860.2559170887305,-0.17898429305739683,-0.2000549312779185,0.2507954721851701,0.014162735205159272,registered
591,1787909197.5576491,1787909197.55696,217.96798303179787,-862.0320169682021,-1016.5747990812115,-862.0469059738011,-861.8803656538535,-0.15165131434866908,-0.16200288778145477,0.2278091590452838,0.012266926721349991,registered
592,1787909197.5867982,1787909197.5858996,216.38437970340647,-863.6156202965935,-1018.1584024096029,-863.8075638293296,-863.6166153019244,0.0009950053308784845,-0.0352977579761955,0.1797996180894702,0.008906583634393868,registered
593,1787909197.6147177,1787909197.6140506,214.39773698983504,-865.602263010165,-1020.1450451231743,-865.5255134227928,-865.3055611908719,-0.2967018192930482,-0.33391441543381006,0.21353792041425324,0.009669365856308785,registered
594,1787909197.6439083,1787909197.6431365,212.6668982550808,-867.3331017449192,-1021.8758838579286,-867.2230144733205,-867.0505935749883,-0.28250816993090666,-0.278870162776343,0.18871126088797927,0.009331991096327681,registered
595,1787909197.6748648,1787909197.6734314,211.0686950408791,-868.9313049591209,-1023.4740870721303,-868.8570252438485,-868.8681622041954,-0.0631427549254795,-0.07032040511978721,0.14241920389857288,0.00836756848015607,registered
596,1787909197.700821,1787909197.6999812,209.6202996058231,-870.3797003941769,-1024.9224825071863,-870.4770498608002,-870.4610415535984,0.08134115942152675,0.1059122996186943,0.1259835053517792,0.008317650054353622,registered
597,1787909197.7310362,1787909197.7294815,207.95343673593345,-872.0465632640665,-1026.589345377076,-872.1029038930138,-872.2309345162925,0.18437125222590112,0.18261218057250517,0.15199360394769465,0.010837906702609914,registered
598,1787909197.7581873,1787909197.757308,206.22443599886276,-873.7755640011372,-1028.3183461141466,-873.6642412718095,-873.9004124838106,0.12484848267331472,0.10572134006815759,0.14588583774312397,0.011096054458864985,registered
599,1787909197.7873118,1787909197.7863405,204.80579645824093,-875.1942035417591,-1029.7369856547684,-875.2237961565288,-875.6422407427248,0.4480372009657003,0.40899386585283537,0.15487594394839568,0.0122149756849538,registered
600,1787909197.8150206,1787909197.8140697,203.18171254713081,-876.8182874528692,-1031.3610695658786,-876.8598383115009,-877.305882625053,0.4875951721837737,0.47214205199065873,0.1670951231861966,0.013047415604836365,registered
601,1787909197.8433938,1787909197.8426921,201.28958613334055,-878.7104138666595,-1033.2531959796688,-878.5952095083376,-879.023107779736,0.31269391307660044,0.3196012296011759,0.20667091569418702,0.015795504622364964,registered
602,1787909197.872111,1787909197.8714337,199.86073494211234,-880.1392650578877,-1034.682047170897,-880.3466608901499,-880.7474849996025,0.6082199417148786,0.5597119212734469,0.16786191792128316,0.013693923527084586,registered
603,1787909197.9004657,1787909197.8998053,198.03453542151976,-881.9654645784802,-1036.5082466914896,-882.1393634303522,-882.4496622091393,0.4841976306590823,0.49598468896147097,0.2338551924763897,0.021509974996695488,registered
604,1787909197.930948,1787909197.9299858,195.82488191289906,-884.1751180871009,-1038.7179002001103,-884.024483561145,-884.2603648557705,0.08524676866954906,0.11983521683964682,0.22427212798730015,0.021032076162586986,registered
605,1787909197.958198,1787909197.957358,193.9426770020085,-886.0573229979915,-1040.6001051110009,-885.9036822244466,-885.9025791508092,-0.15474384718231704,-0.16296302668433782,0.23333531055949805,0.02054901731057688,registered
606,1787909197.9862792,1787909197.9853823,192.34918776923075,-887.6508122307692,-1042.1935943437786,-887.7131569486475,-887.5839295465317,-0.06688268423749832,-0.013363932410811685,0.2265578929627614,0.019356129259712737,registered
607,1787909198.0150044,1787909198.014133,190.4659967706035,-889.5340032293965,-1044.0767853424059,-889.5389398768843,-889.3088503233522,-0.22515290604428628,-0.24281137790717366,0.17616915942163558,0.014544085363207502,registered
608,1787909198.043518,1787909198.0427873,188.5612387032137,-891.4387612967863,-1045.9815434097957,-891.3179023804165,-891.0279922315043,-0.41076906528201107,-0.4972862010722565,0.18217249490183918,0.013609918991987317,registered
609,1787909198.0721068,1787909198.0713677,187.03922181019686,-892.9607781898031,-1047.5035603028125,-893.0233547996024,-892.7426998592426,-0.21807833056050185,-0.2535781831552413,0.16624383781425,0.011434940864671448,registered
610,1787909198.1005645,1787909198.0999322,185.49224895027908,-894.5077510497209,-1049.0505331627303,-894.6998696689066,-894.4564491102464,-0.051301939474569735,-0.08375160699051776,0.1542731299069112,0.010598247540995833,registered
611,1787909198.1295445,1787909198.1286993,183.49972317411505,-896.500276825885,-1051.0430589388943,-896.3927126808928,-896.1823568720621,-0.31791995382286586,-0.3319004765246518,0.11500515781834243,0.008783406785340587,registered
612,1787909198.1578808,1787909198.1570566,181.79670524772143,-898.2032947522786,-1052.746076865288,-898.0267094569833,-897.8836758337771,-0.3196189185014191,-0.32345842799281854,0.09751903742109093,0.008119219575734953,registered
613,1787909198.1863797,1787909198.1855872,180.43456881214627,-899.5654311878537,-1054.108213300863,-899.6075664353518,-899.5953938982688,0.02996271041502041,0.010057887682705768,0.10331289032474288,0.00885020776392032,registered
614,1787909198.2150989,1787909198.2143736,178.882120706215,-901.117879293785,-1055.6606614067944,-901.2264656500859,-901.3224602946442,0.20458100085920705,0.18135990820815096,0.09252395274328203,0.007802538253330157,registered
615,1787909198.2436676,1787909198.2429516,177.04983460219466,-902.9501653978053,-1057.4929475108147,-902.8469101160259,-903.0370248810788,0.08685948327342885,0.04967586039288108,0.13129451112910148,0.010476685253031165,registered
616,1787909198.2720122,1787909198.2711906,175.62478735693173,-904.3752126430683,-1058.9179947560776,-904.4251436089846,-904.7312489941318,0.3560363510634943,0.33447451320716937,0.12062460746567599,0.009261574297205305,registered
617,1787909198.300741,1787909198.2997646,174.0692775050203,-905.9307224949797,-1060.473504607989,-906.0558887787863,-906.4455704103503,0.5148479153706376,0.47632796687275913,0.13924668821211986,0.010611082333021375,registered
618,1787909198.33061,1787909198.3285174,172.1162497161207,-907.8837502838793,-1062.4265323968887,-907.7659549651996,-908.1706199243439,0.2868696404646016,0.28980940350152196,0.15464389871800835,0.012909471776902435,registered
619,1787909198.3576026,1787909198.3569539,170.4315532215827,-909.5684467784173,-1064.1112288914267,-909.5148861954406,-909.8766878573407,0.3082410789234018,0.3025280400997872,0.1337932450888167,0.012867311769621376,registered
620,1787909198.386689,1787909198.3857484,168.8315537866216,-911.1684462133784,-1065.7112283263878,-911.3021268927492,-911.6042405941486,0.43579438077017585,0.40838573275391354,0.16776707195139962,0.017758270687185482,registered
621,1787909198.4147532,1787909198.4139845,166.93498126923384,-913.0650187307662,-1067.6078008437755,-913.1690142054515,-913.2982930576371,0.23327432687096916,0.21787633824237673,0.19743860371764962,0.021045266737938145,registered
622,1787909198.4439018,1787909198.4430554,164.9347527089236,-915.0652472910764,-1069.6080294040858,-915.0199538488472,-915.0424242815403,-0.02282300953606864,-0.019975497934183295,0.23513936546002245,0.023592872478381828,registered
623,1787909198.472224,1787909198.4713047,163.0427085162736,-916.9572914837264,-1071.5000735967358,-916.8558880072226,-916.7372634721991,-0.2200280115273472,-0.2087501526007145,0.1856294217754069,0.01843718050983047,registered
624,1787909198.5011778,1787909198.5001965,161.2472241599363,-918.7527758400637,-1073.295557953073,-918.7070705408219,-918.4706522941966,-0.2821235458670799,-0.2806645918567483,0.17368591476502138,0.017320280096000923,registered
625,1787909198.5299387,1787909198.528883,159.4697286517761,-920.5302713482239,-1075.0730534612333,-920.5430981826114,-920.1917252599482,-0.3385460882757343,-0.3682742686773963,0.14964542805189684,0.013888332510826914,registered
626,1787909198.557976,1787909198.5571678,157.78238315959254,-922.2176168404075,-1076.7603989534168,-922.3119711289892,-921.8886957660317,-0.3289210743757849,-0.3797785275817205,0.1432665626559347,0.011507221941400268,registered
627,1787909198.5866587,1787909198.5859218,155.96013668533567,-924.0398633146643,-1078.5826454276737,-923.9942242984139,-923.6138168006772,-0.426046513987103,-0.45320981128088533,0.17052796955317331,0.011926726288076919,registered
628,1787909198.6153667,1787909198.6145732,154.32059721096937,-925.6794027890306,-1080.22218490204,-925.6337753032753,-925.3327870592649,-0.3466157297657446,-0.381532581295005,0.13597588678678427,0.009436910317921467,registered
629,1787909198.6435058,1787909198.6428833,152.64116506366452,-927.3588349363355,-1081.9016170493448,-927.2642759071485,-927.0312738031672,-0.32756113316827395,-0.35624743720222796,0.15436760083664144,0.0113984224168418,registered
630,1787909198.6720614,1787909198.6713722,151.13786336810188,-928.8621366318981,-1083.4049187449075,-928.8386171694947,-928.7404886448445,-0.12164798705362045,-0.143109968159024,0.10974618787371909,0.008441270725759141,registered
631,1787909198.7007892,1787909198.6999602,149.7177981935248,-930.2822018064752,-1084.8249839194846,-930.4200103402327,-930.4556540047548,0.17345219827961955,0.14627202855604082,0.13597039599789806,0.010487740728405628,registered
632,1787909198.7297337,1787909198.7286558,148.01149223906862,-931.9885077609314,-1086.5312898739408,-931.9914362383131,-932.1772705274603,0.18876276652895285,0.1613691003724398,0.13819447331390278,0.010227564342341303,registered
633,1787909198.757994,1787909198.7572372,146.3186454557091,-933.6813545442909,-1088.2241366573003,-933.6043634965006,-933.8920353717202,0.21068082742931438,0.1713240065125774,0.1343985011492547,0.00921177831713898,registered
634,1787909198.7862625,1787909198.7856014,144.82922402405018,-935.1707759759498,-1089.7135580889592,-935.2830515736632,-935.5937691532157,0.42299317726588015,0.4064511663018493,0.17453565702748772,0.011193314040679466,registered
635,1787909198.8147311,1787909198.8140717,142.9156760701227,-937.0843239298773,-1091.6271060428867,-937.0576362653125,-937.3018682727246,0.2175443428473045,0.22670925093120786,0.20175179861646583,0.01294968580710413,registered
636,1787909198.843364,1787909198.842716,141.2263868726701,-938.7736131273299,-1093.3163952403393,-938.8647450786134,-939.0204094074014,0.24679628007152132,0.2516270117066597,0.2228810391039691,0.015541418326658939,registered
637,1787909198.872118,1787909198.8713417,139.33328327982247,-940.6667167201775,-1095.209498833187,-940.6917648739263,-940.7378348199094,0.0711180997318479,0.04861557006665862,0.20517465238418284,0.015330176637567186,registered
638,1787909198.9007676,1787909198.8999643,137.36713394277137,-942.6328660572286,-1097.175648170238,-942.5689168403062,-942.4550742787227,-0.17779177850593442,-0.2261769920601182,0.254492655484125,0.018830372386201808,registered
639,1787909198.9297545,1787909198.9287362,135.52881523482722,-944.4711847651728,-1099.0139668781821,-944.4046597092765,-944.1812681231457,-0.2899166420270376,-0.2700184244902175,0.24526515340124153,0.017235161537076247,registered
640,1787909198.958147,1787909198.9571738,133.85531993720372,-946.1446800627963,-1100.6874621758056,-946.1607467580587,-945.8874075767943,-0.25727248600196617,-0.27985876785896835,0.2612831477211466,0.01717478202040456,registered
641,1787909198.986413,1787909198.9856257,131.96761668057763,-948.0323833194224,-1102.5751654324317,-947.9534168534691,-947.5944052782651,-0.4379780411572938,-0.45648551913313895,0.2435263888238795,0.014207278299827458,registered
642,1787909199.0152335,1787909199.014442,130.28437678531452,-949.7156232146855,-1104.2584053276948,-949.6631534035467,-949.3232596909362,-0.39236352374928174,-0.39692405871528535,0.22304857214377666,0.011444257275517154,registered
643,1787909199.0436926,1787909199.0429502,128.8947317338392,-951.1052682661608,-1105.6480503791702,-951.3123105444162,-951.0336331671734,-0.07163509898737175,-0.14909480060123315,0.2796976160383083,0.013254651325182368,registered
644,1787909199.0720005,1787909199.071406,127.02852779679722,-952.9714722032028,-1107.5142543162121,-952.9630742186655,-952.74085973473,-0.23061246847282746,-0.26944087376091375,0.21450185844867167,0.009576040998026001,registered
645,1787909199.1012661,1787909199.1003067,125.14169191252643,-954.8583080874736,-1109.401090200483,-954.6427535034609,-954.4747921136815,-0.38351597379210034,-0.44167067349940226,0.21248674756440727,0.009170211712855382,registered
646,1787909199.1290812,1787909199.1283686,123.87852628038888,-956.1214737196111,-1110.6642558326205,-956.2087011818312,-956.1583882578717,0.036914538260589325,0.05505965621887299,0.21811450613910147,0.00949384894095249,registered
647,1787909199.1576488,1787909199.156998,122.19278230246653,-957.8072176975335,-1112.3499998105428,-957.8189782228044,-957.8760282323354,0.06881053480196897,0.08062546085557187,0.15047268528251387,0.006858423691919055,registered
648,1787909199.186276,1787909199.1856196,120.38903930990261,-959.6109606900974,-1114.1537428031068,-959.564552295309,-959.5932104746272,-0.01775021547018696,-0.08420885314899351,0.167183354893065,0.007805406950683903,registered
649,1787909199.214814,1787909199.214023,118.75603198815622,-961.2439680118438,-1115.7867501248531,-961.280208664368,-961.2973044376334,0.053336425789666464,-0.002031970502457625,0.13705179487090974,0.006206861150458577,registered
650,1787909199.2432795,1787909199.2426727,117.4426242404412,-962.5573757595588,-1117.1001578725682,-962.9773309032453,-963.0161602631782,0.4587845036194267,0.4423791163469559,0.15419674346287043,0.006743635491616355,registered
651,1787909199.2720034,1787909199.2713351,115.05477841331765,-964.9452215866824,-1119.4880036996917,-964.7622342767118,-964.7357885117627,-0.20943307491961605,-0.26772407463818126,0.10467727147062646,0.004670472319313265,registered
652,1787909199.3007777,1787909199.2999947,113.0265682756816,-966.9734317243184,-1121.5162138373278,-966.5394847960458,-966.455245110783,-0.518186613535363,-0.5273739781714539,0.12478164073343466,0.006100246608921481,registered
653,1787909199.3296316,1787909199.328681,111.87798433856926,-968.1220156614307,-1122.66479777444,-968.2206088324263,-968.1763037724044,0.054288110973629955,0.06091846753815844,0.10680845690076714,0.005441887205512792,registered
654,1787909199.3577614,1787909199.3571303,110.28922326718919,-969.7107767328108,-1124.2535588458202,-969.9041938279008,-969.8831441284409,0.17236739563008996,0.18986757535844845,0.09510641266714553,0.004941518940749612,registered
655,1787909199.386231,1787909199.3855894,108.24933559172666,-971.7506644082733,-1126.2934465212827,-971.6507360912035,-971.5905709538225,-0.16009345445081635,-0.1576595629987878,0.1435794456879,0.007243362165567337,registered
656,1787909199.4153588,1787909199.4144328,106.6730208260418,-973.3269791739582,-1127.8697612869676,-973.2793110623488,-973.3210560373556,-0.0059231366026324395,-0.06554234339432696,0.07704935062845714,0.0037724738229596272,registered
657,1787909199.4438,1787909199.4431467,105.3752126409073,-974.6247873590927,-1129.167569472102,-974.9478314192802,-975.0437739780995,0.41898661900677325,0.48476931459367734,0.16213995413312554,0.007903402253800812,registered
658,1787909199.472228,1787909199.4713745,103.18212001727204,-976.817879982728,-1131.3606620957373,-976.7300595716003,-976.7373257970252,-0.08055418570279471,-0.11545576363823784,0.09147920741549205,0.004730661649956814,registered
659,1787909199.5005755,1787909199.4999092,101.22032495120936,-978.7796750487906,-1133.3224571618,-978.4806231957728,-978.449287031733,-0.33038801705765763,-0.3767230620403552,0.11090876139976281,0.006298420950955571,registered
660,1787909199.53004,1787909199.528989,99.98276357552334,-980.0172364244767,-1134.560018537486,-980.1409091990288,-980.1939618125901,0.17672538811348204,0.18217465401789923,0.1198916645338032,0.007128275775780662,registered
661,1787909199.557624,1787909199.557009,98.22626694346957,-981.7737330565304,-1136.3165151695398,-981.8570934258992,-981.8750404298358,0.10130737330541706,0.0963040085243847,0.1188633703408441,0.007227100959631706,registered
662,1787909199.5862234,1787909199.5855424,96.28336769180044,-983.7166323081996,-1138.259414421209,-983.6261670641379,-983.5869301438919,-0.12970216430767323,-0.1995316069258024,0.12367471332059661,0.00736273830141412,registered
663,1787909199.6146266,1787909199.6139312,94.72641425525978,-985.2735857447402,-1139.8163678577496,-985.2885758820985,-985.2901372508153,0.01655150607507494,-0.01947349976580881,0.07595416736184438,0.004440627594325065,registered
664,1787909199.6435134,1787909199.6427684,93.26664973746585,-986.7333502625341,-1141.2761323755435,-986.9224122415646,-987.0202504269588,0.28690016442465094,0.33658682610098367,0.13955918933009623,0.008190218504597079,registered
665,1787909199.6721344,1787909199.6714656,91.18058091342789,-988.8194190865721,-1143.3622011995815,-988.6595771410142,-988.741967078577,-0.07745200799513441,-0.05955389524524435,0.0445829130981121,0.0027166228716668126,registered
666,1787909199.7005289,1787909199.6999314,89.38972585666158,-990.6102741433384,-1145.1530562563478,-990.3979352525231,-990.449794419609,-0.16047972372939512,-0.19849955694166965,0.11030612702782094,0.006919601198715468,registered
667,1787909199.7292476,1787909199.728494,88.12108195028975,-991.8789180497103,-1146.4217001627196,-992.0807034867365,-992.1634292375699,0.28451118785960716,0.27038957032596045,0.10197211712769247,0.006399997714686,registered
668,1787909199.7577717,1787909199.7571926,86.46193791192275,-993.5380620880773,-1148.0808442010866,-993.793474797219,-993.8852317139703,0.3471696258930024,0.32833331321739934,0.08394765356769518,0.005138819703737169,registered
669,1787909199.7862818,1787909199.7856562,84.20643593741568,-995.7935640625843,-1150.3363461755937,-995.5710557839859,-995.5929303178287,-0.20063374475557794,-0.23713536205445962,0.12324390807733315,0.00737754522767613,registered
670,1787909199.8147547,1787909199.8141088,82.58198240698619,-997.4180175930138,-1151.9607997060232,-997.2511993034094,-997.2999709316904,-0.118046661323433,-0.12986781673998848,0.07702725645866064,0.004762256777323751,registered
671,1787909199.8436277,1787909199.8427663,81.26944450933331,-998.7305554906667,-1153.273337603676,-998.9290811007783,-999.0192987935374,0.28874330287067096,0.2946317677140087,0.1277024796774627,0.008224064060121227,registered
672,1787909199.871952,1787909199.8713021,79.27064763850547,-1000.7293523614945,-1155.272134474504,-1000.7116916824568,-1000.7313315488972,0.0019791874026395817,-0.0027150594321483368,0.052772306297738374,0.003517895807621908,registered
673,1787909199.900718,1787909199.9000204,77.34884490893467,-1002.6511550910653,-1157.1939372040747,-1002.4530606903058,-1002.4543069639875,-0.1968481270778284,-0.17954296409970993,0.09330023256475649,0.006127010975445641,registered
674,1787909199.929676,1787909199.9289362,76.17258994168981,-1003.8274100583102,-1158.3701921713196,-1004.0913954604266,-1004.1891405031523,0.3617304448421237,0.35236539479842577,0.0759218456030972,0.004919590973603165,registered
675,1787909199.958215,1787909199.957469,74.28666686103304,-1005.713333138967,-1160.2561152519763,-1005.7726165957422,-1005.9009873048172,0.18765416585029016,0.13011824114914816,0.07277603132592836,0.0047649393320668585,registered
676,1787909199.9862707,1787909199.9855978,72.11251360565973,-1007.8874863943403,-1162.4302685073496,-1007.5665272485037,-1007.5886029096406,-0.2988834846996724,-0.3350286760783092,0.06516814235743665,0.0044037482578307705,registered
677,1787909200.015051,1787909200.014318,70.7475780936769,-1009.2524219063231,-1163.7952040193325,-1009.2921006020927,-1009.311692757774,0.05927085145094679,0.050873085226839976,0.08706164419009381,0.005828468798792661,registered
678,1787909200.0433664,1787909200.0426943,69.32022389816132,-1010.6797761018387,-1165.222558214848,-1010.9754958150091,-1011.0141560499184,0.3343799480796861,0.32946084150330535,0.1073613710645396,0.006885927043048265,registered
679,1787909200.0722075,1787909200.071493,67.27298414968288,-1012.7270158503171,-1167.2697979633265,-1012.7509288522003,-1012.7419519569424,0.014936106625327739,0.00809742943170022,0.07130216346947453,0.004188029278327281,registered
680,1787909200.100853,1787909200.100122,65.12490539596172,-1014.8750946040383,-1169.4178767170476,-1014.475738773994,-1014.4595776272757,-0.4155169767625466,-0.43352219145299387,0.07316012001777529,0.004087827331129514,registered
681,1787909200.129512,1787909200.128559,63.97653014470154,-1016.0234698552985,-1170.5662519683078,-1016.1162696040508,-1016.1656884726636,0.14221861736518804,0.10493818516692954,0.09637706345789904,0.005442363097761651,registered
682,1787909200.1579227,1787909200.1573384,62.3912870568696,-1017.6087129431304,-1172.1514950561398,-1017.8475068311457,-1017.892325745128,0.28361280199760586,0.26782389730783507,0.07406062174470679,0.004337689863947401,registered
683,1787909200.186362,1787909200.1857603,60.199830990161104,-1019.8001690098389,-1174.3429511228483,-1019.6146129675017,-1019.5975211261724,-0.20264788366648645,-0.21874075066011756,0.07490529463700024,0.004399122352647951,registered
684,1787909200.2149131,1787909200.2143083,58.69807966611177,-1021.3019203338882,-1175.8447024468976,-1021.3013076700836,-1021.3102833921808,0.008363058292616188,0.004739489359508298,0.10428194426874234,0.005792398456320506,registered
685,1787909200.2433295,1787909200.242632,57.33120286238284,-1022.6687971376172,-1177.2115792506265,-1022.9492117233699,-1023.009585471514,0.34078833389685315,0.3695169910254208,0.10217641566017979,0.005351357656066967,registered
686,1787909200.2718973,1787909200.2713492,55.11775414807653,-1024.8822458519235,-1179.425027964933,-1024.7078994170893,-1024.732503670083,-0.14974218184056554,-0.12682996227727017,0.07916435095324102,0.004073433773143047,registered
687,1787909200.3006008,1787909200.300052,53.32273618910608,-1026.677263810894,-1181.2200459239034,-1026.3995369641877,-1026.4545493166995,-0.22271449419440614,-0.2451095146732314,0.10761797037881445,0.005667261137034319,registered
688,1787909200.329479,1787909200.3285408,52.07513183481956,-1027.9248681651804,-1182.46765027819,-1028.0253344560624,-1028.163764158377,0.23889599319659283,0.1938959296444409,0.1243476229071409,0.006522095736060409,registered
689,1787909200.3578675,1787909200.357227,50.47948310776292,-1029.520516892237,-1184.0632990052466,-1029.7567729410853,-1029.8848228199984,0.36430592776127924,0.34679080764499304,0.09527338389636159,0.004774228433791047,registered
690,1787909200.386577,1787909200.385828,48.42794489137964,-1031.5720551086204,-1186.1148372216298,-1031.4955511885241,-1031.6007606029482,0.028705494327823544,0.0470505051400778,0.12303724536529886,0.005536656471267923,registered
691,1787909200.4150171,1787909200.4141798,46.87664626754781,-1033.1233537324522,-1187.6661358454617,-1033.1495160766367,-1033.3017505696646,0.17839683721240363,0.19169847225907688,0.1379922672391161,0.00610646305134533,registered
692,1787909200.4473114,1787909200.445988,45.15032429918483,-1034.8496757008152,-1189.3924578138246,-1034.8677422470819,-1035.210107514311,0.36043181349577935,0.37333567250743727,0.15891035787401125,0.00808870521788855,registered
693,1787909200.472309,1787909200.4714985,43.171720871297794,-1036.8282791287022,-1191.3710612417117,-1036.6424815520393,-1036.7406351594443,-0.08764396925789697,-0.0881862150690722,0.15180786505885416,0.00921365167810596,registered
694,1787909200.5012455,1787909200.5002964,41.598231114654936,-1038.401768885345,-1192.9445509983545,-1038.4198980164774,-1038.4683881540775,0.06661926873243829,0.04919240348635867,0.18327696111400105,0.011683938865020513,registered
695,1787909200.52957,1787909200.5288022,40.01184919325851,-1039.9881508067415,-1194.530932919751,-1040.1514109490197,-1040.178618589011,0.19046778226947936,0.14867576645292502,0.1798000600234474,0.011297766044069847,registered
696,1787909200.5577555,1787909200.557054,38.14088028159995,-1041.8591197184,-1196.4019018314095,-1041.8993114956163,-1041.8736151251037,0.01449540670364513,-0.010065009033496608,0.16877293916081787,0.01017608261032451,registered
697,1787909200.5865836,1787909200.5859215,36.29037494968202,-1043.709625050318,-1198.2524071633275,-1043.6557430730631,-1043.6055449258038,-0.104080124514212,-0.08983751740629486,0.14432909905520747,0.008261464191271538,registered
698,1787909200.6154356,1787909200.61475,34.42624636116193,-1045.573753638838,-1200.1165357518476,-1045.4060081727282,-1045.335128849124,-0.23862478971409473,-0.2458431502966505,0.13870352643557562,0.007529688767789907,registered
699,1787909200.6434894,1787909200.6429,32.9629745200034,-1047.0370254799966,-1201.579807593006,-1047.1613167047844,-1047.02401752155,-0.013007958446678458,-0.02038801064782092,0.15692314475718255,0.00837636786827659,registered
700,1787909200.6721804,1787909200.6714966,31.208320119852488,-1048.7916798801475,-1203.334461993157,-1048.8925914896595,-1048.7396978301533,-0.05198204999419431,-0.0629180018106581,0.121225566830851,0.006307090050593638,registered
701,1787909200.7005863,1787909200.7000422,29.278163385436983,-1050.721836614563,-1205.2646187275725,-1050.5788663063172,-1050.452317054858,-0.2695195597050315,-0.2910217856617692,0.138289363947825,0.006813511225420516,registered
702,1787909200.7293892,1787909200.7287748,27.755115581382825,-1052.2448844186172,-1206.7876665316267,-1052.1952278543183,-1052.1761507177705,-0.0687337008466784,-0.08458513095706621,0.11624350214250936,0.006064839601972976,registered
703,1787909200.7578437,1787909200.7572877,26.229120493236223,-1053.7708795067638,-1208.3136616197733,-1053.7874827911714,-1053.886810276615,0.11593076985127482,0.104512783997734,0.09505054991664678,0.005809196478375469,registered
704,1787909200.7867444,1787909200.7862186,24.48607092172324,-1055.5139290782768,-1210.0567111912862,-1055.436326417522,-1055.622544975993,0.10861589771616309,0.08750813737128738,0.14186514888902912,0.009966329965471992,registered
705,1787909200.8150654,1787909200.8144548,22.92515519952576,-1057.0748448004742,-1211.6176269134837,-1057.0969901970075,-1057.3165974394815,0.2417526390072453,0.23634889249501612,0.11321790145438648,0.008286369240310542,registered
706,1787909200.8435872,1787909200.8430126,21.480093977280376,-1058.5199060227196,-1213.062688135729,-1058.771555497491,-1059.029946174835,0.5100401521153799,0.523600645923807,0.165370073579626,0.012283787781433398,registered
707,1787909200.8720756,1787909200.8714128,19.53511490106257,-1060.4648850989374,-1215.007667211947,-1060.5223683149088,-1060.733839880016,0.2689547810784916,0.24840068292996875,0.14046305219003713,0.011062698722739395,registered
708,1787909200.9004924,1787909200.8998487,17.526073499839413,-1062.4739265001606,-1217.01670861317,-1062.3334460782016,-1062.4398792047518,-0.03404729540875451,-0.0830822667535358,0.18710724359525058,0.015416380369589743,registered
709,1787909200.929698,1787909200.9288235,15.759990759772563,-1064.2400092402274,-1218.782791353237,-1064.1363523021805,-1064.1782458641171,-0.06176337611032068,-0.07572491252471991,0.1979988078896063,0.015846133016681245,registered
710,1787909200.957737,1787909200.9571233,14.112607876708807,-1065.8873921232912,-1220.4301742363007,-1065.9534874641658,-1065.8761175304137,-0.011274592877498435,-0.07755333198429071,0.17343365980732303,0.013433980053037505,registered
711,1787909200.9869604,1787909200.986264,12.237301397690544,-1067.7626986023095,-1222.305480715319,-1067.7872509747208,-1067.6244398645144,-0.13825873779501308,-0.21279280712337822,0.18622053531236074,0.01479097356337141,registered
712,1787909201.014958,1787909201.014306,10.385274327175239,-1069.6147256728248,-1224.1575077858342,-1069.5501050982793,-1069.3068487658843,-0.3078769069404643,-0.31587269235046733,0.139664480020176,0.011229486298693974,registered
713,1787909201.043466,1787909201.042774,8.841557561924674,-1071.1584424380753,-1225.7012245510848,-1071.2013595443455,-1071.0148048440894,-0.14363759398588627,-0.156686918714513,0.15264728634548644,0.011566485807295395,registered
714,1787909201.072248,1787909201.0714836,7.043287293471394,-1072.9567127065286,-1227.499494819538,-1072.917219762612,-1072.7372653104867,-0.21944739604191454,-0.26780229079713536,0.16096599306311835,0.011172212060642088,registered
715,1787909201.100666,1787909201.099976,5.213949918583012,-1074.786050081417,-1229.3288321944265,-1074.6728007645759,-1074.4466947141195,-0.33935536729745763,-0.3337661316256799,0.13120348936300893,0.009248933086688919,registered
716,1787909201.134455,1787909201.1336029,3.7691529714472836,-1076.2308470285527,-1230.7736291415622,-1076.3526955938241,-1076.464163565205,0.23331653665218255,0.2509931398046774,0.1385455018105869,0.010151923612234486,registered
717,1787909201.1581733,1787909201.1572683,2.303103146669173,-1077.6968968533308,-1232.2396789663403,-1078.019528051048,-1077.8839915454287,0.18709469209784402,0.1832472721080194,0.15109072310281582,0.01102911514636171,registered
718,1787909201.1866055,1787909201.1858914,359.96789058260833,-1080.0321094173917,-1234.5748915304011,-1079.7045870415766,-1079.6012596125026,-0.43084980488902147,-0.4478269408109554,0.12869909009291622,0.009516898669032294,registered
719,1787909201.2153094,1787909201.214485,358.46668272165516,-1081.5333172783448,-1236.0760993913543,-1081.3192185193739,-1081.3167539674112,-0.21656331093367953,-0.2185025560295344,0.1000965523198023,0.008197317242268666,registered
720,1787909201.2436516,1787909201.242824,357.2144686512429,-1082.785531348757,-1237.3283134617666,-1082.9254154371577,-1083.0169858152183,0.23145446646117307,0.22846833387848164,0.1340481461859028,0.011999376954955208,registered
721,1787909201.2718828,1787909201.2712903,355.42728233625076,-1084.5727176637492,-1239.1154997767587,-1084.606559173011,-1084.7248417645108,0.15212410076151173,0.1415937681442756,0.09899975497900552,0.00952940185771795,registered
722,1787909201.300945,1787909201.3001888,353.7533324872627,-1086.2466675127373,-1240.7894496257468,-1086.2836966424961,-1086.4586311021587,0.2119635894214298,0.2172567558134233,0.13134691858062078,0.013101677944063108,registered
723,1787909201.3294902,1787909201.3286855,352.2230481278334,-1087.7769518721666,-1242.319733985176,-1087.9304923164723,-1088.1683179801382,0.39136610797163485,0.37469620576848683,0.12488252206393079,0.012937729905125697,registered
724,1787909201.3582726,1787909201.3575437,350.2932855843974,-1089.7067144156026,-1244.249496528612,-1089.710625834417,-1089.899689919754,0.1929755041514909,0.1629325502140091,0.13374312199558996,0.014336878565066088,registered
725,1787909201.3864434,1787909201.3857815,348.3044109776895,-1091.6955890223105,-1246.23837113532,-1091.5490381132831,-1091.5938425121553,-0.10174651015518066,-0.12660776273241936,0.14506776522244347,0.01545611754860677,registered
726,1787909201.4151187,1787909201.4143357,346.64996135809065,-1093.3500386419094,-1247.8928207549188,-1093.363272546318,-1093.3069766855533,-0.043061956356041264,-0.07482511199646069,0.15489275262284155,0.01636064463532586,registered
727,1787909201.4435725,1787909201.4429843,344.8608980332051,-1095.139101966795,-1249.6818840798044,-1095.1766510621674,-1095.0257752945765,-0.11332667221836346,-0.13988251325758938,0.13614950746113738,0.01446695725040931,registered
728,1787909201.4731967,1787909201.4721603,343.01595361261707,-1096.984046387383,-1251.5268285003924,-1096.9880099266595,-1096.7762146399716,-0.20783174741131916,-0.22773708720842478,0.12577197271847546,0.013305680210164603,registered
729,1787909201.5012586,1787909201.500342,341.2235527449827,-1098.7764472550173,-1253.3192293680268,-1098.7487440618324,-1098.4669914576061,-0.3094557974111467,-0.33126053337900885,0.12794946976328847,0.013007481075988571,registered
730,1787909201.529602,1787909201.52878,339.5455607936967,-1100.4544392063033,-1254.9972213193128,-1100.4064802505295,-1100.1731595195154,-0.2812796867879115,-0.3017737435525305,0.09579530912358893,0.009067377012098442,registered
731,1787909201.5579028,1787909201.557267,337.9131182937708,-1102.0868817062292,-1256.6296638192387,-1102.048016970654,-1101.88225992815,-0.20462177807917215,-0.21838873943693216,0.13851063087569104,0.012023629642299246,registered
732,1787909201.586383,1787909201.5857425,336.16067649768365,-1103.8393235023163,-1258.3821056153258,-1103.7590880012267,-1103.590673738527,-0.24864976378944448,-0.25865406363959664,0.12010842939219364,0.00955173451760945,registered
733,1787909201.6150684,1787909201.614434,334.62467327723607,-1105.375326722764,-1259.9181088357734,-1105.4420359225073,-1105.3120470910162,-0.06327963174771867,-0.0785902931208966,0.10870101875137192,0.007996351932830527,registered
734,1787909201.6439564,1787909201.6433146,333.28203545638667,-1106.7179645436133,-1261.2607466566228,-1107.0832563923555,-1107.0447636188867,0.3267990752733567,0.3229328926599919,0.16748284699665855,0.01135557181513096,registered
735,1787909201.6741307,1787909201.6733308,331.1776971326037,-1108.8223028673963,-1263.3650849804058,-1108.7541666167253,-1108.8456107196948,0.02330785229855792,0.052206093087306726,0.15304246550213207,0.009786607867870613,registered
736,1787909201.7007732,1787909201.7001197,329.1049612000311,-1110.895038799969,-1265.4378209129784,-1110.4220482776718,-1110.4528371118558,-0.44220168811307303,-0.4476940838369501,0.12473905932029666,0.009187195092420742,registered
737,1787909201.730561,1787909201.729752,328.0271803547571,-1111.972819645243,-1266.5156017582524,-1112.0637241060228,-1112.2306545627732,0.2578349175303174,0.23605188146188993,0.11615263264963503,0.009240740385550884,registered
738,1787909201.7582831,1787909201.7576802,326.4441287932616,-1113.5558712067384,-1268.0986533197479,-1113.7522088449482,-1113.9062260898277,0.3503548830892669,0.31940425859443167,0.12731340263752378,0.010696555253894898,registered
739,1787909201.7866967,1787909201.7861297,324.5216308751319,-1115.478369124868,-1270.0211512378776,-1115.449669324336,-1115.6130807499947,0.1347116251265561,0.14017151491702862,0.12280033516323777,0.010430095925374857,registered
740,1787909201.8167212,1787909201.8159537,322.96450360751874,-1117.0354963924813,-1271.5782785054907,-1117.0794405693375,-1117.402398721727,0.3669023292457041,0.38190174334749827,0.12046967820625513,0.010421104596072416,registered
741,1787909201.8441014,1787909201.8433363,321.2613068100509,-1118.7386931899491,-1273.2814753029586,-1118.7544805070745,-1119.0452423985018,0.30654920855272394,0.2762152554630575,0.15214823232519895,0.013382095693748675,registered
742,1787909201.8722508,1787909201.871611,319.3103075196352,-1120.6896924803648,-1275.2324745933743,-1120.589819487953,-1120.7416121311098,0.051919650745048784,0.02646146544725525,0.1676472341726922,0.01434420643821733,registered
743,1787909201.9010162,1787909201.9002757,317.61881373315896,-1122.381186266841,-1276.9239683798505,-1122.4324429246017,-1122.4613691168677,0.08018285002663106,0.06884480354710831,0.2053691023905897,0.01691520366889596,registered
744,1787909201.9300818,1787909201.9290516,315.91253247472173,-1124.0874675252783,-1278.6302496382878,-1124.2089668190563,-1124.187806131507,0.10033860622866086,0.08302025966440851,0.17146888692965595,0.013859695956683135,registered
745,1787909201.9580975,1787909201.9573448,314.0257717396137,-1125.9742282603863,-1280.5170103733958,-1125.9926107081496,-1125.885277282153,-0.0889509782332425,-0.08152535276349226,0.18710842684963627,0.014729546384377332,registered
746,1787909201.986737,1787909201.986128,311.974842158902,-1128.025157841098,-1282.5679399541075,-1127.8100754442298,-1127.6121577248339,-0.41300011626412925,-0.44255082879885776,0.16635786107673037,0.012242079123960383,registered
747,1787909202.0154326,1787909202.01471,310.36037515914495,-1129.639624840855,-1284.1824069538645,-1129.5222628021845,-1129.3269511773544,-0.3126736635006182,-0.32717228854971836,0.1449388651170726,0.009989901663939918,registered
748,1787909202.043661,1787909202.0429292,309.0111124397283,-1130.9888875602717,-1285.5316696732812,-1131.2162965137857,-1131.0199880475868,0.031100487315143255,0.05000330520329044,0.21441730920375734,0.014013927107855451,registered
749,1787909202.072735,1787909202.0720618,307.0844028533618,-1132.9155971466382,-1287.4583792596477,-1132.9218843046253,-1132.7678240412552,-0.14777310538306665,-0.1185845844886444,0.16322849198832737,0.00995226734320625,registered
750,1787909202.1008286,1787909202.1001425,305.1877476868269,-1134.812252313173,-1289.3550344261826,-1134.6160193859746,-1134.4525502117444,-0.35970210142863834,-0.35262936722733684,0.16063721675777784,0.009441856883684875,registered
751,1787909202.1310296,1787909202.130263,304.06855938365266,-1135.9314406163473,-1290.4742227293568,-1136.2044076918937,-1136.2596625216534,0.3282219053060089,0.3288947241289861,0.14387399366513384,0.008520632350377704,registered
752,1787909202.1580153,1787909202.1573634,302.0826105264555,-1137.9173894735445,-1292.460171586554,-1137.8331063757241,-1137.8855701080736,-0.031819365470937555,-0.05896619460463626,0.09364993683181923,0.005833661498821657,registered
753,1787909202.1864686,1787909202.1858141,300.1997173887464,-1139.8002826112536,-1294.343064724263,-1139.5622543942663,-1139.5924962888923,-0.20778632236124395,-0.18929586890158134,0.1037030876223774,0.006609204828776637,registered
754,1787909202.215943,1787909202.2152405,298.7779751649082,-1141.2220248350918,-1295.7648069481013,-1141.2429225689573,-1141.3579549711726,0.13593013608078763,0.1909538259526471,0.08287525832849711,0.005097981034160649,registered
755,1787909202.2436392,1787909202.2430768,297.5219227411244,-1142.4780772588756,-1297.020859371885,-1142.9177789230243,-1143.0280194080358,0.5499421491601879,0.5465694863744375,0.11922271204713966,0.006873477019395647,registered
756,1787909202.2725127,1787909202.2718344,295.26870248814566,-1144.7312975118543,-1299.2740796248638,-1144.6853916256464,-1144.753355004637,0.02205749278255098,0.024552345947768117,0.09537540905855542,0.005018850051612585,registered
757,1787909202.30101,1787909202.3002663,293.2263403463628,-1146.7736596536372,-1301.3164417666467,-1146.4159692755752,-1146.4591511591566,-0.3145084944806058,-0.2817845844090243,0.12126855651000396,0.0066180797391616865,registered
758,1787909202.3295994,1787909202.3288507,291.9581915579852,-1148.0418084420148,-1302.5845905550243,-1148.098031073151,-1148.1741019571111,0.1322935150963076,0.1025258069607844,0.11204375455304628,0.006360348218170007,registered
759,1787909202.3578296,1787909202.3572397,290.29340220215704,-1149.706597797843,-1304.2493799108524,-1149.8287824372705,-1149.877323368165,0.17072557032201985,0.15431215674220766,0.11840090491213207,0.006882699246197221,registered
760,1787909202.386626,1787909202.3860016,288.27197827158284,-1151.7280217284172,-1306.2708038414266,-1151.6202413068895,-1151.6029164391125,-0.12510528930465625,-0.11667770509529873,0.10747093449059844,0.006108390415958191,registered
761,1787909202.4153397,1787909202.414584,286.69493209569237,-1153.3050679043076,-1307.8478500173171,-1153.2936055546102,-1153.317738499894,0.012670595586314448,0.006115574193700013,0.0726309463800361,0.003987284059116796,registered
762,1787909202.444745,1787909202.4440353,285.36631801725594,-1154.633681982744,-1309.1764640957535,-1154.9389025296998,-1155.0846991158628,0.45101713311873937,0.38875630356687907,0.12827942330756717,0.0069551651017840275,registered
763,1787909202.4731894,1787909202.4721603,283.1652819722922,-1156.8347180277078,-1311.3775001407173,-1156.6820852804967,-1156.7720858546002,-0.06263217310765867,-0.05056457443606632,0.07235978400891863,0.004100350980843033,registered
764,1787909202.5012262,1787909202.5003679,281.2411434579635,-1158.7588565420365,-1313.301638655046,-1158.4367529446483,-1158.4644218224448,-0.29443471959166345,-0.27255338535519513,0.0874628339548903,0.005211297710276717,registered
765,1787909202.5313501,1787909202.5304496,280.0758779275361,-1159.924122072464,-1314.4669041854734,-1160.110979685122,-1160.2692025591039,0.34508048663997215,0.3390658396363051,0.10358261179596447,0.00621738167101373,registered
766,1787909202.558057,1787909202.5573955,278.44136809266683,-1161.5586319073332,-1316.1014140203426,-1161.826691084737,-1161.8858410690464,0.32720916171319914,0.3069711483556148,0.09231151752718332,0.005409076214098937,registered
767,1787909202.586718,1787909202.5860658,276.2430827755063,-1163.7569172244937,-1318.2996993375032,-1163.5858163106013,-1163.605941353933,-0.15097587056061457,-0.14463313850410486,0.10393324271734707,0.005755166011097796,registered
768,1787909202.615052,1787909202.6143706,274.5627234757021,-1165.4372765242979,-1319.9800586373074,-1165.2546917528816,-1165.3041134069672,-0.13316311733069597,-0.1321364922250723,0.060552659190723175,0.003297665558809065,registered
769,1787909202.6436622,1787909202.6430523,273.30664013784076,-1166.6933598621592,-1321.2361419751687,-1166.915642946332,-1167.0249002901116,0.33154042795240457,0.35758260903730843,0.13115285631454765,0.007181888581957721,registered
770,1787909202.6725953,1787909202.6719866,271.2770087870156,-1168.7229912129844,-1323.265773325994,-1168.6713548240532,-1168.7608352473146,0.03784403433019179,0.039329271112137576,0.0536158880628493,0.002939660448114367,registered
771,1787909202.7008448,1787909202.7002397,269.43690865877556,-1170.5630913412244,-1325.105873454234,-1170.391089692431,-1170.4559033040591,-0.10718803716531511,-0.11585192381676279,0.11279789772408358,0.006026357018854882,registered
772,1787909202.7300944,1787909202.729462,268.0754991210563,-1171.9245008789437,-1326.4672829919532,-1172.0406124980157,-1172.2091176507454,0.2846167718016659,0.24643433126425407,0.06964631230684866,0.0036462458045287385,registered
773,1787909202.758228,1787909202.7576056,266.4320034096595,-1173.5679965903405,-1328.11077870335,-1173.7707779335778,-1173.8976201116513,0.32962352131085026,0.3172223313890754,0.10228573914646141,0.005305267375297763,registered
774,1787909202.7866042,1787909202.786027,264.2830733396768,-1175.7169266603232,-1330.2597087733327,-1175.5701669507891,-1175.602786884435,-0.11413977588813395,-0.06762867219231339,0.09161127005002133,0.004810579459157824,registered
775,1787909202.8153503,1787909202.814581,262.6570172028037,-1177.3429827971963,-1331.8857649102058,-1177.2810684257774,-1177.3159067537026,-0.027076043493707402,-0.023036911707549734,0.07724593966738068,0.004152135811601508,registered
776,1787909202.843878,1787909202.8432693,261.1296146134275,-1178.8703853865725,-1333.413167499582,-1178.9877034651988,-1179.0370941524973,0.16670876592479544,0.15794456140247348,0.10545832521097755,0.005762538414429472,registered
777,1787909202.8723986,1787909202.8717635,259.1571513828826,-1180.8428486171174,-1335.3856307301269,-1180.7477376633906,-1180.7466236850428,-0.09622493207461957,-0.08845080332093858,0.06384554702836641,0.003430024094636259,registered
778,1787909202.9011846,1787909202.9004414,257.4033476748434,-1182.5966523251566,-1337.139434438166,-1182.4625247541858,-1182.4671817021012,-0.12947062305534018,-0.1789645365117849,0.10652816130888891,0.00550193798150564,registered
779,1787909202.9299784,1787909202.9293954,256.0180148131101,-1183.98198518689,-1338.5247672998994,-1184.114108084649,-1184.2043039021248,0.22231871523490554,0.23191463623538766,0.09952228378147841,0.005019457760007127,registered
780,1787909202.9582822,1787909202.9574816,254.29337801074212,-1185.7066219892579,-1340.2494041022674,-1185.8273727044102,-1185.8893590676123,0.1827370783544211,0.2255268361511753,0.11662936548454042,0.005758076186043824,registered
781,1787909202.987124,1787909202.9864836,252.3446022954297,-1187.6553977045703,-1342.1981798175798,-1187.546588699439,-1187.6293563978395,-0.026041306730803626,-0.037848824785896795,0.10188900427796586,0.004893987647132287,registered
782,1787909203.0154066,1787909203.0146418,250.74298095523955,-1189.2570190447605,-1343.79980115777,-1189.2291798650228,-1189.318731410698,0.061712365937637514,0.04752123541857145,0.10923468732750582,0.005212011925744868,registered
783,1787909203.0439577,1787909203.0431561,249.11042049903153,-1190.8895795009685,-1345.432361613978,-1190.9666128872789,-1191.0294767943249,0.13989729335639822,0.14518077575053212,0.11241122001872624,0.005414367651225911,registered
784,1787909203.072776,1787909203.0718439,247.24478200505223,-1192.7552179949478,-1347.2980001079573,-1192.7269436051083,-1192.7506212807284,-0.004596714219360365,-0.02737256754335249,0.0644761914501911,0.003081752104766009,registered
785,1787909203.1013372,1787909203.1006083,245.5583377446976,-1194.4416622553024,-1348.9844443683119,-1194.4359890863589,-1194.47637169711,0.03470944180753577,0.018934802950298035,0.10014650691505371,0.004642558069247866,registered
786,1787909203.1305475,1787909203.1297636,243.87120355587786,-1196.1287964441221,-1350.6715785571316,-1196.1247620004642,-1196.225566583163,0.09677013904092746,0.08194406713641911,0.10821218663054546,0.004861513651181433,registered
787,1787909203.158426,1787909203.1577141,242.08254018806497,-1197.917459811935,-1352.4602419249445,-1197.852164675649,-1197.9024826984719,-0.014977113463146452,-0.005171103996872262,0.07523107743566168,0.0032815670150659858,registered
788,1787909203.1878977,1787909203.1870317,240.48348255932387,-1199.5165174406761,-1354.0592995536856,-1199.5492174900764,-1199.661418697305,0.14490125662882747,0.15813366907354975,0.13088626552142876,0.005599963962882927,registered
789,1787909203.2154024,1787909203.214721,238.78711971978692,-1201.212880280213,-1355.7556623932226,-1201.2676616764875,-1201.3226574857317,0.10977720551863968,0.11370571476390978,0.08583012787072064,0.003708349794938061,registered
790,1787909203.243851,1787909203.2430937,237.03824267342407,-1202.961757326576,-1357.5045394395854,-1202.9863890792094,-1203.0249062159205,0.06314888934457485,0.04257368387129645,0.15067588146332433,0.006763853192474906,registered
791,1787909203.272531,1787909203.2718058,235.28503098931378,-1204.7149690106862,-1359.2577511236957,-1204.7029466495285,-1204.7475097236213,0.03254071293508787,0.02706935316041381,0.083277354903175,0.003844867737497455,registered
792,1787909203.3009202,1787909203.300197,233.6338821159859,-1206.366117884014,-1360.9088999970236,-1206.3836502849913,-1206.4508598718485,0.08474198783437714,0.0572669052380661,0.12153515053268077,0.005590932269523964,registered
793,1787909203.3303287,1787909203.3294666,231.73579268119806,-1208.264207318802,-1362.8069894318114,-1208.0647937987742,-1208.2069207404777,-0.05728657832423778,-0.04187986993292725,0.12031075181505896,0.005295737040593441,registered
794,1787909203.3580928,1787909203.3574235,230.30907322988196,-1209.690926770118,-1364.2337088831275,-1209.74362140894,-1209.8842230673065,0.19329629718845354,0.19844317770434827,0.1393264381158723,0.00574389923045645,registered
795,1787909203.3870876,1787909203.38644,228.59034204403247,-1211.4096579559675,-1365.952440068977,-1211.4131931373768,-1211.625092949486,0.21543499351855644,0.23167844449767472,0.21268703689938182,0.007792547968010302,registered
796,1787909203.4156766,1787909203.4148114,227.00101042988376,-1212.9989895701162,-1367.5417716831257,-1213.1380955796699,-1213.3272558548927,0.3282662847764186,0.3384461869409279,0.23598001459771362,0.007906507843746417,registered
797,1787909203.4441483,1787909203.4434865,225.15868816594798,-1214.841311834052,-1369.3840939470615,-1214.9064865391294,-1215.0476422223867,0.20633038833466344,0.20174331119301314,0.2922267468929109,0.01085618074046651,registered
798,1787909203.4735935,1787909203.4723678,223.2979197787347,-1216.7020802212653,-1371.2448623342748,-1216.6581095020406,-1216.780401662648,0.07832144138274089,0.030580451952801013,0.26373489491916974,0.012506842901421705,registered
799,1787909203.501374,1787909203.500592,221.52602220739527,-1218.4739777926047,-1373.0167599056142,-1218.4717916206516,-1218.4737389196182,-0.00023887298652880418,-0.026113029551197542,0.2558444212532536,0.014064358707604535,registered
800,1787909203.53133,1787909203.530419,219.54134804500472,-1220.4586519549953,-1375.0014340680048,-1220.2978680578171,-1220.2632428450454,-0.19540910994987826,-0.21398081464076313,0.23404209159755393,0.013212013195031142,registered
801,1787909203.558342,1787909203.557595,217.91582772502852,-1222.0841722749715,-1376.626954387981,-1222.1307142009516,-1221.893684840792,-0.19048743417943115,-0.18874245387610245,0.2422746618847239,0.013016492538844498,registered
802,1787909203.586877,1787909203.5862868,216.2946835139544,-1223.7053164860456,-1378.248098599055,-1223.9010717534793,-1223.6150724974118,-0.09024398863380156,-0.11855852743360629,0.20075158445128877,0.00989100623695075,registered
803,1787909203.61546,1787909203.6147785,214.33330518942898,-1225.666694810571,-1380.2094769235805,-1225.610187304382,-1225.3244589886538,-0.34223582191725654,-0.3610621356669981,0.22274038690456918,0.010082927216461451,registered
804,1787909203.6438046,1787909203.6431408,212.52920549283363,-1227.4707945071664,-1382.0135766201759,-1227.2992215417844,-1227.0260783371064,-0.44471617006001907,-0.4576192162726329,0.17921116179614763,0.008987292320224865,registered
805,1787909203.6729684,1787909203.672142,211.00382588006778,-1228.9961741199322,-1383.5389562329417,-1228.928078586368,-1228.7660327549424,-0.23014136498977678,-0.2520378606932354,0.1456750585245446,0.008614312965713996,registered
806,1787909203.7013059,1787909203.7005353,209.52569622097099,-1230.474303779029,-1385.0170858920385,-1230.5309187234375,-1230.4695116403427,-0.004792138686298131,-0.006964421850625513,0.143533673154002,0.009529805961783204,registered
807,1787909203.7317407,1787909203.7305105,207.96097388277622,-1232.0390261172238,-1386.5818082302333,-1232.1353408018654,-1232.2678984307277,0.22887231350387083,0.24134482438785199,0.17105391644567478,0.012193495219042415,registered
808,1787909203.7587104,1787909203.758059,206.24180808998017,-1233.7581919100198,-1388.3009740230293,-1233.6904678990463,-1233.920697782238,0.16250587221816204,0.14863345810408646,0.13410495930956737,0.010193779988983055,registered
809,1787909203.7875104,1787909203.7867174,204.78003939793712,-1235.2199606020629,-1389.7627427150724,-1235.2518034474786,-1235.6400828606063,0.42012225854341523,0.3933141589116076,0.14665316054447472,0.011569994272002513,registered
810,1787909203.8158135,1787909203.81515,203.1328644966036,-1236.8671355033964,-1391.409917616406,-1236.9028510253572,-1237.345921927517,0.47878642412069894,0.4714048235352948,0.1714364267226525,0.013372674867606911,registered
811,1787909203.8441124,1787909203.84325,201.24054192085055,-1238.7594580791495,-1393.302240192159,-1238.6504332846346,-1239.031806732566,0.2723486534166568,0.2713215779328948,0.20939466104430077,0.016017247476513664,registered
812,1787909203.8727129,1787909203.8718476,199.74533452481387,-1240.2546654751861,-1394.7974475881956,-1240.4181565096183,-1240.747544257691,0.4928787825049312,0.45383239448938184,0.17977583261973637,0.01478383151701961,registered
813,1787909203.9012017,1787909203.9003565,197.9344863991621,-1242.065513600838,-1396.6082957138474,-1242.220330876686,-1242.4579606463192,0.3924470454812763,0.4000635964389403,0.22317896784506855,0.0206217478894643,registered
814,1787909203.929747,1787909203.9290893,195.7817510747766,-1244.2182489252234,-1398.7610310382329,-1244.0959326517134,-1244.1818086133621,-0.03644031186126995,-0.014283500365763757,0.22429579363592453,0.02101097552496993,registered
815,1787909203.9583125,1787909203.9574566,193.88942354605274,-1246.1105764539473,-1400.6533585669567,-1245.9617312681296,-1245.8837283485525,-0.2268481053947653,-0.2496310556075514,0.24581586719643078,0.02161400054527913,registered
816,1787909203.9871962,1787909203.986529,192.31333955597506,-1247.686660444025,-1402.2294425570344,-1247.7564483548333,-1247.6279597013684,-0.058700742656583316,0.0038613605718182953,0.22024700848264703,0.018809559998269075,registered
817,1787909204.015698,1787909204.0151007,190.39978908912553,-1249.6002109108745,-1404.142993023884,-1249.5650373608787,-1249.3421380762832,-0.25807283459130304,-0.26158420361434764,0.18370951907855348,0.015132064346528345,registered
818,1787909204.0439827,1787909204.0433621,188.56889962949117,-1251.4311003705088,-1405.9738824835183,-1251.3524618180188,-1251.0377067775905,-0.3933935929183008,-0.4740819144158195,0.1905008845335416,0.014239132305769014,registered
819,1787909204.0729303,1787909204.07227,187.01102565163956,-1252.9889743483604,-1407.53175646137,-1253.0664630196648,-1252.7720539763227,-0.21692037203774817,-0.24199052648009456,0.17075821565747132,0.011734388527057753,registered
820,1787909204.101066,1787909204.1003013,185.44725889899405,-1254.552741101006,-1409.0955232140154,-1254.7508812369938,-1254.453819191826,-0.09892190918003507,-0.13680211290989064,0.15752139144768162,0.010837161525923294,registered
821,1787909204.1301098,1787909204.1293826,183.4324635153323,-1256.5675364846677,-1411.1103185976772,-1256.449003515745,-1256.1985797974653,-0.3689566872023988,-0.3941323486651527,0.11541749553156741,0.008850879821847693,registered
822,1787909204.1585577,1787909204.1575942,181.6880080041799,-1258.31199199582,-1412.8547741088296,-1258.0742702597374,-1257.891158935526,-0.42083306029417145,-0.4272665363860142,0.08827359998513697,0.007377408410955474,registered
823,1787909204.1877525,1787909204.1867056,180.40492418366603,-1259.595075816334,-1414.1378579293435,-1259.6629036084273,-1259.6377218615917,0.04264604525769755,0.030988510422275795,0.10672712234374367,0.009144080849245655,registered
824,1787909204.2163024,1787909204.2155797,178.82894577925185,-1261.1710542207481,-1415.7138363337576,-1261.271719939082,-1261.370052177942,0.19899795719379654,0.18197405315527249,0.11490678978764608,0.009677907477532608,registered
825,1787909204.2450912,1787909204.2439399,177.04395871639213,-1262.9560412836079,-1417.4988233966174,-1262.8872094648862,-1263.0715427892214,0.11550150561356531,0.08804374249734792,0.13078209384226108,0.010433840263604133,registered
826,1787909204.2735538,1787909204.272768,175.6220395510975,-1264.3779604489025,-1418.920742561912,-1264.461948816522,-1264.801112408411,0.4231519595084592,0.42324968690763853,0.1009339225066366,0.007749302315459413,registered
827,1787909204.3022776,1787909204.3015416,173.97885280340893,-1266.021147196591,-1420.5639293096006,-1266.0885134656132,-1266.5274063817467,0.5062591851556135,0.49094621557401297,0.12940053600325455,0.009874823228672143,registered
828,1787909204.3306026,1787909204.3298314,172.08885564986417,-1267.9111443501358,-1422.4539264631453,-1267.811905801156,-1268.2246772745677,0.31353292443191094,0.32109610534257627,0.16380041464251544,0.01370264048765068,registered
829,1787909204.3587346,1787909204.3580837,170.36026385117634,-1269.6397361488237,-1424.1825182618331,-1269.568368744122,-1269.9197024189211,0.279966270097475,0.2655684757778545,0.13612588141757812,0.013166115010859951,registered
830,1787909204.387097,1787909204.3864622,168.7806609101017,-1271.2193390898983,-1425.7621212029078,-1271.3673187285337,-1271.6222944482388,0.4029553583404777,0.377503752713892,0.1754518309314687,0.018603976605506018,registered
831,1787909204.4154007,1787909204.4147115,166.8916565504403,-1273.1083434495597,-1427.6511255625692,-1273.2389283683547,-1273.3171336388973,0.20879018933760563,0.2001845310353474,0.19931493485525376,0.021223601933460488,registered
832,1787909204.4445164,1787909204.4438179,164.84501008557868,-1275.1549899144213,-1429.6977720274308,-1275.0820735733687,-1275.0633961782253,-0.09159373619604594,-0.07953097121435349,0.2497839720028288,0.0250106684030284,registered
833,1787909204.472865,1787909204.4720263,162.97620211811522,-1277.0237978818848,-1431.5665799948943,-1276.9185076492456,-1276.7557893625913,-0.26800851929351666,-0.25556182817035733,0.1933787175353525,0.01921798531845249,registered
834,1787909204.5022154,1787909204.5013227,161.19132760848083,-1278.8086723915192,-1433.3514545045286,-1278.7591566364222,-1278.5134522938215,-0.29522009769766555,-0.2857620968170522,0.18095488224039205,0.018030536386422758,registered
835,1787909204.5305278,1787909204.5298913,159.4282447836922,-1280.5717552163078,-1435.1145373293173,-1280.5672963627371,-1280.2274447150417,-0.34431050126613627,-0.3724270729346699,0.13544918172489653,0.012535208829000038,registered
836,1787909204.5583951,1787909204.5577424,157.78413156504416,-1282.2158684349558,-1436.7586505479653,-1282.3158975857846,-1281.8983960079875,-0.3174724269683793,-0.3973937777109313,0.15581596462255776,0.012517266312744931,registered
837,1787909204.5877163,1787909204.586913,155.96376001323597,-1284.036239986764,-1438.5790220997735,-1283.9868163358444,-1283.6485206625143,-0.38771932424970146,-0.4103950650965089,0.16804440481814656,0.011754841443008517,registered
838,1787909204.6154993,1787909204.6148388,154.35043357456016,-1285.6495664254398,-1440.1923485384493,-1285.6313703514816,-1285.3239491482652,-0.3256172771746151,-0.3560145617652779,0.12595904289220547,0.0087349012292045,registered
839,1787909204.6442797,1787909204.6434987,152.72053745401286,-1287.2794625459871,-1441.8222446589966,-1287.2557476723719,-1287.0434200514158,-0.23604249457139304,-0.25813806126120653,0.12494096758729592,0.009198064446882185,registered
840,1787909204.672508,1787909204.6717982,151.0634821478625,-1288.9365178521375,-1443.479299965147,-1288.8514076824626,-1288.7412774135819,-0.19524043855562923,-0.23965817062435235,0.08833703573864228,0.006801718556701581,registered
841,1787909204.7011611,1787909204.7004128,149.64863982276142,-1290.3513601772386,-1444.894142290248,-1290.4430291583926,-1290.4580305319628,0.10667035472420139,0.07371420941558426,0.11230750939998443,0.008655846467221905,registered
842,1787909204.7297027,1787909204.7291524,147.97508719578036,-1292.0249128042196,-1446.5676949172291,-1292.0288094244856,-1292.1822933187862,0.15738051456651192,0.12462866844271048,0.11285008227348758,0.00834063522683226,registered
843,1787909204.7583692,1787909204.7577484,146.32639394525972,-1293.6736060547403,-1448.2163881677498,-1293.6641431291243,-1293.8979307149984,0.2243246602581621,0.1933115390002058,0.15484771712177536,0.010617532174858361,registered
844,1787909204.786806,1787909204.786218,144.69937984310877,-1295.3006201568912,-1449.8434022699007,-1295.3563937528397,-1295.6059869221162,0.30536676522501693,0.29650940161991457,0.1586449344870665,0.010134278236275423,registered
845,1787909204.8156457,1787909204.814901,142.9188109992051,-1297.081189000795,-1451.6239711138044,-1297.1200811879019,-1297.3268596300427,0.24567062924779748,0.25757983925586814,0.17466025360700707,0.011209577067373822,registered
846,1787909204.8442738,1787909204.8434546,141.11590938161476,-1298.8840906183852,-1453.4268727313947,-1298.937750023334,-1299.0399508910496,0.15586027266431302,0.16142027072964993,0.2132892956344775,0.014958310045781449,registered
847,1787909204.8731248,1787909204.8724256,139.23098265246108,-1300.769017347539,-1455.3117994605484,-1300.7497609563088,-1300.778088684329,0.009071336790157147,-0.022455459690263524,0.22296822402627878,0.01668422030842895,registered
848,1787909204.901606,1787909204.9008307,137.32269725206288,-1302.6773027479371,-1457.2200848609466,-1302.6072629697019,-1302.4822827762478,-0.19501997168936214,-0.23510487712928807,0.23894907985415653,0.01766349258310937,registered
849,1787909204.931146,1787909204.9304206,135.50703778731008,-1304.49296221269,-1459.0357443256994,-1304.4464466811978,-1304.2575540919597,-0.2354081207301988,-0.19883513723993929,0.2435756947575909,0.01710405875462487,registered
850,1787909204.9595213,1787909204.9587767,133.8180707091576,-1306.1819292908424,-1460.7247114038519,-1306.233767240527,-1305.9588015330228,-0.22312775781961136,-0.24227049304522552,0.2658676611828909,0.017443960242035414,registered
851,1787909204.987005,1787909204.9862504,132.03264069548004,-1307.96735930452,-1462.5101414175294,-1308.0018566781537,-1307.6071093875978,-0.36024991692215735,-0.36639854251143333,0.22144036764444955,0.012982162218627942,registered
852,1787909205.0159464,1787909205.0152888,130.17576185668213,-1309.8242381433179,-1464.3670202563274,-1309.6989145186258,-1309.349295249771,-0.47494289354676766,-0.4851045453260667,0.2357394862806447,0.012004844908113101,registered
853,1787909205.0440483,1787909205.043353,128.68511612425254,-1311.3148838757475,-1465.857665988757,-1311.3163487547959,-1311.033034435265,-0.28184944048234684,-0.35257314878754187,0.3085613777448288,0.014494801704285923,registered
854,1787909205.0728595,1787909205.0720742,127.02104759159761,-1312.9789524084024,-1467.5217345214119,-1312.9867878994908,-1312.75618149992,-0.2227709084822891,-0.276695211399101,0.20854403558317303,0.009308326267403555,registered
855,1787909205.1012514,1787909205.1003916,125.3134687033371,-1314.686531296663,-1469.2293134096724,-1314.6604264050766,-1314.4551116718637,-0.2314196247991731,-0.27867045255152334,0.21441727578465833,0.00926555665827366,registered
856,1787909205.1308613,1787909205.130092,123.89706082881912,-1316.1029391711809,-1470.6457212841904,-1316.2492094064742,-1316.2370057999356,0.134066628754681,0.1662212727935639,0.20798864370930084,0.009049883132993842,registered
857,1787909205.1592727,1787909205.1586068,122.20646117141314,-1317.7935388285869,-1472.3363209415963,-1317.845206195821,-1317.947779791823,0.15424096323613412,0.19204495222697915,0.19230101849468634,0.008761619856500378,registered
858,1787909205.1878483,1787909205.187161,120.12146306287104,-1319.878536937129,-1474.4213190501384,-1319.580448576441,-1319.660913965221,-0.21762297190798563,-0.2594210870720417,0.1901202610048915,0.008859175771364724,registered
859,1787909205.2161393,1787909205.2154226,118.80094614159839,-1321.1990538584016,-1475.741835971411,-1321.31294532519,-1321.3564969706588,0.15744311225716956,0.15229580471191184,0.1115713903009046,0.005059306165276572,registered
860,1787909205.2444198,1787909205.2436914,117.33308932093087,-1322.6669106790691,-1477.2096927920786,-1322.9972681252727,-1323.0525091000077,0.3855984209385497,0.3852682692349845,0.17181433000769095,0.007498534808692838,registered
861,1787909205.2757533,1787909205.2750955,115.16799802879564,-1324.8320019712044,-1479.3747840842138,-1324.7382651925777,-1324.9366205436818,0.10461857247742046,0.08068624804286628,0.09297104211238064,0.004131380841691638,registered
862,1787909205.3016737,1787909205.3008168,113.14865994866295,-1326.851340051337,-1481.3941221643465,-1326.4843821135914,-1326.4797930400598,-0.37154701127724366,-0.36072148420839767,0.11431041660737631,0.005558303601753457,registered
863,1787909205.3306131,1787909205.3296354,111.95480416988698,-1328.045195830113,-1482.5879779431225,-1328.1165225224363,-1328.2087904940347,0.16359466392168542,0.15913330720468366,0.14428015716905454,0.0073355000752056854,registered
864,1787909205.3586328,1787909205.358,110.39517480365203,-1329.604825196348,-1484.1476073093575,-1329.8027494000698,-1329.9105528837908,0.30572768744286805,0.2734492500437682,0.11531306063228108,0.005992078969074194,registered
865,1787909205.3871396,1787909205.3865452,108.27621377226205,-1331.723786227738,-1486.2665683407474,-1331.5581032746613,-1331.623143500235,-0.10064272750287273,-0.06735357102070338,0.11450094726032305,0.005779759578334653,registered
866,1787909205.4159672,1787909205.4153442,106.72397925272026,-1333.2760207472797,-1487.8188028602892,-1333.2572387819641,-1333.3509680155198,0.07494726824006648,0.1133542085708541,0.11504963369803449,0.005636798952977223,registered
867,1787909205.4440644,1787909205.4434664,105.47688017569112,-1334.5231198243089,-1489.0659019373184,-1334.9467252432041,-1335.038183104693,0.5150632803840836,0.5063040737491065,0.16266020992128843,0.007923603833132387,registered
868,1787909205.4730358,1787909205.4721055,103.16492362621716,-1336.8350763737828,-1491.3778584867923,-1336.738019893768,-1336.7564095485016,-0.07866682528128877,-0.042461213685555776,0.11319548221860974,0.005858099962721638,registered
869,1787909205.5020547,1787909205.500871,101.03306551704009,-1338.96693448296,-1493.5097165959694,-1338.5213288438333,-1338.4822171814048,-0.4847173015550652,-0.4965255167219311,0.1184930182104794,0.006784672067577261,registered
870,1787909205.5313613,1787909205.5305135,99.87279235536539,-1340.1272076446346,-1494.669989757644,-1340.2023517647544,-1340.260649709928,0.13344206529336589,0.1894246117151397,0.09082635353356654,0.005416152835866237,registered
871,1787909205.5589726,1787909205.558208,98.31410228240156,-1341.6858977175984,-1496.228679830608,-1341.9368430435645,-1341.9222031892227,0.23630547162429139,0.20884511213898804,0.08766328420277791,0.0053304907731851,registered
872,1787909205.5869827,1787909205.5862842,96.20707035215037,-1343.7929296478496,-1498.335711760859,-1343.7243334499371,-1343.606657581235,-0.18627206661471973,-0.23475382837341385,0.1161850345179794,0.00690882719774707,registered
873,1787909205.616382,1787909205.615599,94.53673830546995,-1345.46326169453,-1500.0060438075395,-1345.3828348558782,-1345.3654219305035,-0.09783976402650296,-0.0884590923280939,0.08631358895301709,0.005041974760611046,registered
874,1787909205.6441176,1787909205.6434467,93.17764709619678,-1346.8223529038032,-1501.3651350168127,-1347.0341769289162,-1347.0361729656242,0.21382006182102486,0.21180170752904814,0.1474553349420061,0.008662183414001047,registered
875,1787909205.672904,1787909205.6721513,91.08575724654929,-1348.9142427534507,-1503.4570248664602,-1348.788992374818,-1348.758333045284,-0.15590970816674599,-0.18262050258726958,0.06520588054465544,0.003981207181841391,registered
876,1787909205.7025957,1787909205.7014868,89.22109154150462,-1350.7789084584954,-1505.3216905715049,-1350.5348952249974,-1350.5183418538945,-0.2605666046008537,-0.2699241052621346,0.10375158475645302,0.006516400255045206,registered
877,1787909205.7309709,1787909205.7299392,87.99038596345235,-1352.0096140365476,-1506.5523961495571,-1352.1843914180572,-1352.2253681636257,0.21575412707807118,0.2135799836808019,0.12096917757990734,0.0075840502667902385,registered
878,1787909205.7589,1787909205.7578735,86.31436499329084,-1353.6856350067092,-1508.2284171197186,-1353.8748890259012,-1353.9013115980697,0.21567659136053408,0.20006523537222165,0.088563270705099,0.005406100685212572,registered
879,1787909205.7875142,1787909205.7866533,84.25546753996332,-1355.7445324600367,-1510.2873145730462,-1355.6451040706452,-1355.627977478795,-0.11655498124173391,-0.12012268020680494,0.10451252461682337,0.00625435391080337,registered
880,1787909205.8158777,1787909205.8149981,82.54512507411664,-1357.4548749258834,-1511.9976570388928,-1357.3034727354689,-1357.3285526257307,-0.12632230015265122,-0.12904580503641228,0.07277254186533694,0.004504182323467548,registered
881,1787909205.8442621,1787909205.8434608,81.21697767777232,-1358.7830223222277,-1513.3258044352372,-1358.958972021429,-1359.0361940130679,0.2531716908401904,0.2442663551480564,0.11058065782769007,0.007132220431134501,registered
882,1787909205.8730562,1787909205.8722136,79.21950041527089,-1360.7804995847291,-1515.3232816977386,-1360.709668605568,-1360.7612435270614,-0.019256057667689674,-0.02867612914997153,0.08390962484180593,0.005594326013351586,registered
883,1787909205.9017918,1787909205.9006972,77.34440562649934,-1362.6555943735007,-1517.1983764865101,-1362.4527235355945,-1362.470143677871,-0.1854506956296973,-0.19984537772302247,0.094345221651396,0.006195254469099434,registered
884,1787909205.9309037,1787909205.9301527,76.19038141002466,-1363.8096185899753,-1518.3524007029848,-1364.0843835902954,-1364.237347464056,0.4277288740806853,0.43565506499885487,0.09183094342178227,0.005951177826366955,registered
885,1787909205.958531,1787909205.9576995,74.32152422881018,-1365.6784757711898,-1520.2212578841993,-1365.7676643376208,-1365.8900466866537,0.21157091546388074,0.22903610056960133,0.08784696924818525,0.005748503212828017,registered
886,1787909205.9871986,1787909205.9863098,72.20518161360133,-1367.7948183863987,-1522.3376004994082,-1367.5617627187721,-1367.606542330688,-0.18827605571073036,-0.18818184902124813,0.07698286439345832,0.005199527201338623,registered
887,1787909206.0155983,1787909206.0148947,70.64719934206619,-1369.3528006579338,-1523.8955827709433,-1369.2762758829663,-1369.3215217369032,-0.03127892103066188,-0.05190972663399407,0.05290136389425771,0.0035345369643218225,registered
888,1787909206.0442371,1787909206.0435317,69.39659885680817,-1370.6034011431918,-1525.1461832562013,-1370.949762520953,-1371.0396194435386,0.436218300346809,0.41190819036569337,0.11238399705029337,0.007229519243205204,registered
889,1787909206.073495,1787909206.0725534,67.15800406605172,-1372.8419959339483,-1527.3847780469578,-1372.7270279714057,-1372.7808040165862,-0.061191917362066306,-0.0591449216365163,0.06049947007250917,0.0035374650030597712,registered
890,1787909206.1014376,1787909206.1008017,65.23473319485697,-1374.765266805143,-1529.3080489181525,-1374.4424715114937,-1374.4755859907234,-0.2896808144196257,-0.2722196450251886,0.08808247292629201,0.00492336206115381,registered
891,1787909206.1305735,1787909206.1298382,64.09763113585223,-1375.9023688641478,-1530.4451509771573,-1376.0858378813168,-1376.2176574198538,0.3152885557060472,0.335891474082473,0.0685341993469873,0.003861660689624373,registered
892,1787909206.1585648,1787909206.1579,62.43170737835089,-1377.568292621649,-1532.1110747346586,-1377.7984819563637,-1377.901253564044,0.3329609423949478,0.3331517492574676,0.08404645441322475,0.004918344877789387,registered
893,1787909206.1870692,1787909206.186484,60.17721278875433,-1379.8227872112457,-1534.3655693242551,-1379.5762331346082,-1379.616175753738,-0.20661145750773358,-0.21642626462494263,0.06745082655744362,0.003959228080332083,registered
894,1787909206.2159941,1787909206.2153397,58.75112708247889,-1381.248872917521,-1535.7916550305306,-1381.2462362447202,-1381.3473903479198,0.09851743039871508,0.09784501894750974,0.07935310355687615,0.004418524262595347,registered
895,1787909206.2443032,1787909206.243654,57.29566832613523,-1382.7043316738648,-1537.2471137868743,-1382.9388962002554,-1383.0461345661686,0.3418028923038037,0.3487707676390528,0.09229087605244532,0.004827874827595057,registered
896,1787909206.2731678,1787909206.2725332,55.17288348771808,-1384.827116512282,-1539.3698986252914,-1384.7360403552916,-1384.7787652692568,-0.0483512430250812,-0.038002593358896775,0.07361640162654384,0.0037853453202309263,registered
897,1787909206.3016713,1787909206.3009129,53.32971429992199,-1386.670285700078,-1541.2130678130875,-1386.440509744151,-1386.4814288192263,-0.1888568808517448,-0.18761555370815586,0.10999968302669665,0.00579242809808171,registered
898,1787909206.3299644,1787909206.3294191,52.04218752813949,-1387.9578124718605,-1542.50059458487,-1388.062404646251,-1388.1916878624204,0.23387539055988782,0.22959470221121592,0.10522691085827472,0.005516655220529967,registered
899,1787909206.3587875,1787909206.358065,50.29254950101313,-1389.7074504989869,-1544.2502326119964,-1389.8130044890195,-1389.9103148218794,0.20286432289253753,0.1841124713289446,0.1012126514289726,0.005029439827160475,registered
900,1787909206.3870678,1787909206.386342,48.32245595976656,-1391.6775440402334,-1546.220326153243,-1391.5464015101873,-1391.606827595791,-0.07071644444249614,-0.08479382666200763,0.14348282732757098,0.0064260406320212895,registered
901,1787909206.416069,1787909206.415438,46.92669670691157,-1393.0733032930884,-1547.616085406098,-1393.1998884408572,-1393.3524607533827,0.2791574602943001,0.2850183820798975,0.1262600091199137,0.005577591496422467,registered
902,1787909206.4443784,1787909206.4437292,45.18354505657112,-1394.8164549434289,-1549.3592370564384,-1394.898159953587,-1395.049817470986,0.2333625275571194,0.24080271579350665,0.1585118092466551,0.008040098259729195,registered
903,1787909206.4732864,1787909206.4724174,43.07753651971234,-1396.9224634802877,-1551.4652455932971,-1396.6668782897675,-1396.7709905656502,-0.15147291463745205,-0.16788793162095317,0.1616715797070582,0.009865354253636445,registered
904,1787909206.5017805,1787909206.5010693,41.614982456263306,-1398.3850175437367,-1552.9277996567462,-1398.4391919229824,-1398.4899894324988,0.10497188876206565,0.08221206484677168,0.185700849489416,0.011837163508115091,registered
905,1787909206.5301237,1787909206.529502,39.98507855325852,-1400.0149214467415,-1554.557703559751,-1400.184567939159,-1400.1958284994096,0.18090705266808982,0.15589539783832151,0.1801334587277336,0.011312886377027778,registered
906,1787909206.5588727,1787909206.5581803,38.07758272994329,-1401.9224172700567,-1556.4651993830662,-1401.9569933669336,-1401.9164151247287,-0.006002145328011466,-0.02513726377742387,0.18037449367975156,0.010859005333762143,registered
907,1787909206.5875,1787909206.5866716,36.169689549385566,-1403.8303104506144,-1558.373092563624,-1403.7164265961333,-1403.62577300771,-0.20453744290443865,-0.2192551440657553,0.15064003889787358,0.008589366146186144,registered
908,1787909206.616243,1787909206.6154134,34.39509564945752,-1405.6049043505425,-1560.147686463552,-1405.4482455566717,-1405.3501645317067,-0.25473981883578745,-0.26577038930167873,0.11468484500226464,0.006222038365367173,registered
909,1787909206.644669,1787909206.6439302,32.96087318577156,-1407.0391268142284,-1561.581908927238,-1407.2094105731649,-1407.061052956637,0.02192614240857438,0.033570520586863495,0.15681197904623914,0.008370313058498658,registered
910,1787909206.6731355,1787909206.672186,31.136822697066236,-1408.8631773029338,-1563.4059594159432,-1408.9307290866557,-1408.7562783588157,-0.10689894411802925,-0.11041450135758168,0.11301570397956857,0.005868310504350326,registered
911,1787909206.7026007,1787909206.7016675,29.260088407493868,-1410.7399115925061,-1565.2826937055156,-1410.6052154876265,-1410.5250555993412,-0.21485599316497428,-0.22230532746561948,0.1112459171616526,0.005480338585017459,registered
912,1787909206.730994,1787909206.730238,27.77598507089374,-1412.2240149291063,-1566.7667970421157,-1412.2180627807668,-1412.2391624536042,0.015147524497933773,-0.006422196646781231,0.12290333100451316,0.006401174836723312,registered
913,1787909206.7586029,1787909206.7580338,26.15935667046665,-1413.8406433295333,-1568.3834254425428,-1413.8140604482335,-1413.9067951883048,0.06615185877149088,0.011825363952539192,0.11051305160948478,0.006803888350650567,registered
914,1787909206.7875657,1787909206.7867541,24.45578337158622,-1415.5442166284138,-1570.0869987414233,-1415.4670402427746,-1415.6298993405687,0.0856827121549486,0.07626422610223926,0.14071615101993315,0.009900180221897453,registered
915,1787909206.816287,1787909206.815589,22.906690067245336,-1417.0933099327547,-1571.6360920457641,-1417.1184535872337,-1417.3598694754087,0.26655954265402215,0.2838271234536478,0.11559292464157418,0.008461764762165229,registered
916,1787909206.844207,1787909206.843552,21.44694834010238,-1418.5530516598976,-1573.095833772907,-1418.7904598910764,-1419.037543709627,0.48449204972939697,0.47555396321195076,0.14386388558687638,0.010692310718161315,registered
917,1787909206.8732417,1787909206.872562,19.53825457786911,-1420.461745422131,-1575.0045275351404,-1420.5443962850377,-1420.7780130761562,0.316267654025296,0.307255335160562,0.1219980341522245,0.009607310684061173,registered
918,1787909206.9015248,1787909206.9008796,17.481821444859406,-1422.5181785551406,-1577.06096066815,-1422.3529305660606,-1422.4769575522303,-0.04122100291033348,-0.0198944798823959,0.19395054695726016,0.015980658153041557,registered
919,1787909206.9302356,1787909206.9295855,15.776632485883056,-1424.223367514117,-1578.7661496271264,-1424.1643181368581,-1424.1991891525415,-0.02417836157542297,-0.01955737597040752,0.19911437508821067,0.015942671216471846,registered
920,1787909206.9589524,1787909206.9583206,14.089583401733535,-1425.9104165982665,-1580.453198711276,-1425.9745408616668,-1425.923180160888,0.012763562621557867,0.01450484476595193,0.1744651062247674,0.013512509211624562,registered
921,1787909206.9870906,1787909206.9864688,12.154617625743185,-1427.8453823742568,-1582.3881644872663,-1427.8133518332513,-1427.6119544002713,-0.2334279739854992,-0.1960697643792173,0.15168594878756356,0.01206957641142148,registered
922,1787909207.015796,1787909207.0150952,10.347306276448535,-1429.6526937235515,-1584.195475836561,-1429.5921437882153,-1429.3294227251704,-0.3232709983810764,-0.3262468962454932,0.1373276433867925,0.01103425271597162,registered
923,1787909207.044554,1787909207.0438087,8.83191750443234,-1431.1680824955677,-1585.7108646085771,-1431.254175207614,-1431.0521120576536,-0.11597043791402939,-0.18024338949612684,0.14228537746330988,0.010775612005507348,registered
924,1787909207.0728161,1787909207.0721693,7.044595305923622,-1432.9554046940764,-1587.4981868070859,-1432.9807202081274,-1432.7536312771936,-0.20177341688281558,-0.15735311721459766,0.15512013060549415,0.010766832152824363,registered
925,1787909207.101379,1787909207.1005921,5.098788793587119,-1434.9012112064129,-1589.4439933194224,-1434.6939532802119,-1434.4588838747595,-0.4423273316533596,-0.4032480201653925,0.13472455734271235,0.009532286547218924,registered
926,1787909207.130239,1787909207.1294188,3.6995326274175113,-1436.3004673725825,-1590.843249485592,-1436.3547243670896,-1436.1883676691668,-0.11209970341565167,-0.18997874321871677,0.1472587815312319,0.01080034107370693,registered
927,1787909207.1587627,1787909207.1581638,2.3011328792595123,-1437.6988671207405,-1592.24164923375,-1438.0227194180793,-1437.9129451468584,0.21407802611793159,0.2010664056144833,0.15531624599677601,0.01133723277029768,registered
928,1787909207.187194,1787909207.1865888,0.043389426834664846,-1439.9566105731653,-1594.4993926861748,-1439.704159519175,-1439.6183264815975,-0.3382840915678571,-0.30488852444364056,0.12689174352487675,0.009351199202639248,registered
929,1787909207.2163384,1787909207.2152402,358.6222270304934,-1441.3777729695066,-1595.920555082516,-1441.318519149442,-1441.3372967401854,-0.04047622932125705,-0.0904453404252763,0.10819137796582341,0.008753325807386575,registered
930,1787909207.2447777,1787909207.2441113,357.0872942528297,-1442.9127057471703,-1597.4554878601798,-1442.91700034808,-1443.069441102841,0.1567353556706621,0.10303916559632853,0.13168345389444536,0.011875544172494886,registered
931,1787909207.2735698,1787909207.2728188,355.3729737270219,-1444.6270262729781,-1599.1698083859876,-1444.6051543037065,-1444.791772832065,0.1647465590867796,0.16383560212466364,0.0969064895696708,0.009340447080155759,registered
932,1787909207.3017535,1787909207.3010027,353.74575379841895,-1446.254246201581,-1600.7970283145905,-1446.3032096045415,-1446.4826926910032,0.22844648942214008,0.21371172281692452,0.1400192575410627,0.013969072386970347,registered
933,1787909207.3301742,1787909207.329381,352.18669562652985,-1447.8133043734701,-1602.3560864864796,-1447.9647023138941,-1448.1852704161904,0.3719660427202598,0.36945041252351984,0.1172407097863436,0.012157229907040532,registered
934,1787909207.3587668,1787909207.3582094,350.3075065903463,-1449.6924934096537,-1604.2352755226632,-1449.6065113209486,-1449.9148543395104,0.2223609298566771,0.2507966804028001,0.13810813152338958,0.014803365587119397,registered
935,1787909207.387615,1787909207.386963,348.3105970734871,-1451.689402926513,-1606.2321850395224,-1451.4517761385268,-1451.639946765895,-0.04945616061786495,-0.06900781182548599,0.14633093900067254,0.015591502939068995,registered
936,1787909207.4157124,1787909207.415202,346.5933160382317,-1453.4066839617683,-1607.9494660747778,-1453.433017712927,-1453.334170878948,-0.07251308282025093,-0.08657838090152836,0.1578267949891989,0.016670422534567107,registered
937,1787909207.4443247,1787909207.4437244,344.85100884418375,-1455.1489911558162,-1609.6917732688257,-1455.537469493731,-1455.0454026030072,-0.1035885528090148,-0.0914565689470237,0.14390379068701156,0.015291498467631982,registered
938,1787909207.4731784,1787909207.4724314,342.9932616006679,-1457.006738399332,-1611.5495205123416,-1457.69296021017,-1456.7677057239705,-0.23903267536161366,-0.24415331766863346,0.13069831060206938,0.013823286588828754,registered
939,1787909207.5305178,1787909207.5296566,339.55305309647156,-1460.4469469035284,-1614.989729016538,-1459.7282593756127,-1460.2009830946463,-0.24596380888215208,-0.2496921128017675,0.10642296634405128,0.010077111486803127,registered
940,1787909207.5589113,1787909207.5580704,337.87317050321417,-1462.1268294967858,-1616.6696116097953,-1461.7072324879723,-1461.9056921352583,-0.22113736152755337,-0.23551073195039862,0.1375376670630506,0.011913871448944248,registered
941,1787909207.5873513,1787909207.5867085,336.127495468465,-1463.872504531535,-1618.4152866445445,-1463.7307213823967,-1463.6238613625453,-0.24864316898970173,-0.27070862635969206,0.11435354204749529,0.009079695632376062,registered
942,1787909207.61607,1787909207.6154108,334.5863599601182,-1465.4136400398818,-1619.9564221528913,-1465.6112721236427,-1465.3458784009013,-0.067761638980528,-0.08295485467920116,0.1085936794558973,0.007971170275920826,registered
943,1787909207.6451275,1787909207.6441824,333.2058004233411,-1466.794199576659,-1621.3369816896684,-1467.284867063439,-1467.0720579411939,0.27785836453494994,0.23288568060183934,0.18236032359498783,0.012307078616413572,registered
944,1787909207.6735296,1787909207.6728148,331.0673660046418,-1468.9326339953582,-1623.4754161083677,-1468.803004537408,-1468.7898838693523,-0.14275012600592163,-0.11332547923052516,0.12286002447944916,0.007882413791388295,registered
945,1787909207.7029321,1787909207.7021596,329.09830918846137,-1470.9016908115386,-1625.444472924548,-1470.4557366723852,-1470.5504505390472,-0.35124027249139544,-0.3401879247753641,0.12919632608876458,0.009520693532105226,registered
946,1787909207.731514,1787909207.7302918,328.04555891882706,-1471.954441081173,-1626.4972231941824,-1472.0863651194286,-1472.2382664016957,0.28382532052273746,0.2680446778992973,0.11162465476573555,0.008871080051341164,registered
947,1787909207.7600322,1787909207.7591777,326.435796062975,-1473.564203937025,-1628.1069860500345,-1473.7573166748225,-1473.9712976204341,0.4070936834091299,0.39014810458752436,0.1268637381019942,0.010660039641001904,registered
948,1787909207.7875414,1787909207.7867572,324.51622304553416,-1475.4837769544658,-1630.0265590674753,-1475.4463015711733,-1475.625956508892,0.1421795544260931,0.14994639074529914,0.12321340652261145,0.010465523372830483,registered
949,1787909207.8162155,1787909207.815462,322.9725441346386,-1477.0274558653614,-1631.5702379783709,-1477.0670600525045,-1477.3481308926819,0.32067502732047615,0.3448230111951034,0.12747540252542974,0.011025767194879516,registered
950,1787909207.8447664,1787909207.8439307,321.24989644201355,-1478.7501035579864,-1633.292885670996,-1478.770933878914,-1479.0561298832783,0.3060263252918958,0.27731700369986356,0.1608428361202137,0.014146754685288964,registered
951,1787909207.8729653,1787909207.8722918,319.306152691579,-1480.693847308421,-1635.2366294214305,-1480.6185245568317,-1480.757677711079,0.06383040265791351,0.06574885076292958,0.1392844238535928,0.011916241791409208,registered
952,1787909207.9015088,1787909207.9008734,317.5614287367998,-1482.4385712632002,-1636.9813533762097,-1482.4736555235045,-1482.4724568594693,0.03388559626910137,0.014140357417545601,0.1932627191590967,0.015902665983790604,registered
953,1787909207.9310439,1787909207.9303584,315.89280227044515,-1484.1071977295549,-1638.6499798425643,-1484.2513234390776,-1484.2414343578198,0.13423662826494365,0.09776993752029739,0.16477912155421234,0.013316837170273018,registered
954,1787909207.9594681,1787909207.958686,313.89099931483815,-1486.1090006851618,-1640.6517827981713,-1486.0312572624553,-1485.9409796073692,-0.16802107779267317,-0.1724894560500161,0.18704498421424462,0.014677253227017096,registered
955,1787909207.987241,1787909207.986463,311.9746706601002,-1488.0253293398998,-1642.5681114529093,-1487.845253620299,-1487.607482315771,-0.41784702412883235,-0.44510861516459954,0.16787807879842817,0.012353866098940885,registered
956,1787909208.0157685,1787909208.0151868,310.3174084635232,-1489.6825915364768,-1644.2253736494863,-1489.5793350515537,-1489.33078672586,-0.35180481061684077,-0.3847143138357296,0.1394326981563494,0.009593800824958433,registered
957,1787909208.044575,1787909208.0438898,309.0303021520099,-1490.9696978479901,-1645.5124799609996,-1491.2572640259891,-1491.0528466766068,0.08314882861668593,0.08682404881415096,0.18158098359152994,0.011876590074812699,registered
958,1787909208.072946,1787909208.072242,307.0294702172116,-1492.9705297827884,-1647.5133118957979,-1492.9782155218581,-1492.753865251584,-0.2166645312042874,-0.19031086137670172,0.13169670080282056,0.008016041342088137,registered
959,1787909208.1017795,1787909208.1012502,305.0700700501118,-1494.9299299498882,-1649.4727120628977,-1494.6884166653524,-1494.4942344892008,-0.4356954606873842,-0.43063160237738884,0.15081181275918326,0.008861579932835557,registered
960,1787909208.1307936,1787909208.1301143,303.9152565868417,-1496.0847434131583,-1650.6275255261678,-1496.3033074641303,-1496.2259640320758,0.14122061891748672,0.13555060798103113,0.14851531628435774,0.008819564340036296,registered
961,1787909208.1587124,1787909208.1581318,302.1208127060356,-1497.8791872939644,-1652.4219694069739,-1497.9300489508487,-1497.906899608018,0.02771231405358776,0.01834788820860922,0.11577750644631822,0.007204783394370648,registered
962,1787909208.1874716,1787909208.18678,299.99095657777957,-1500.0090434222204,-1654.55182553523,-1499.6690251703658,-1499.6256696087805,-0.38337381343990273,-0.37308262649412427,0.108669640721192,0.00691152861586784,registered
963,1787909208.2158847,1787909208.215232,298.68779030744054,-1501.3122096925595,-1655.854991805569,-1501.3107989740452,-1501.332667310251,0.020457617691590713,0.04004347281897935,0.08213128667185038,0.005032806385511433,registered
964,1787909208.2446573,1787909208.243878,297.52236655085585,-1502.4776334491442,-1657.0204155621536,-1502.935483987295,-1503.0513085738403,0.5736751246961376,0.552846256571911,0.12893983430963307,0.007433881716640798,registered
965,1787909208.2730453,1787909208.27233,295.28017328586816,-1504.7198267141318,-1659.2626088271413,-1504.6764565940632,-1504.7583205794413,0.03849386530941956,0.03583874388732511,0.09287930827286833,0.00488802448735029,registered
966,1787909208.3017855,1787909208.3008733,293.21683314715915,-1506.7831668528408,-1661.3259489658503,-1506.3876082036395,-1506.4707967628424,-0.31237008999846694,-0.2707751204345641,0.12003513321940287,0.006552835365173423,registered
967,1787909208.330445,1787909208.3297238,292.1350595202953,-1507.8649404797047,-1662.4077225927142,-1508.0397725653122,-1508.2017109702865,0.33677049058178454,0.3110141299955558,0.11921854491948294,0.006735518622919698,registered
968,1787909208.3590841,1787909208.3585079,290.35917944673747,-1509.6408205532625,-1664.183602666272,-1509.7768555569178,-1509.9286343253584,0.28781377209588754,0.28894372445301997,0.09762471654574578,0.0056740840117959655,registered
969,1787909208.3875647,1787909208.386925,288.24070741359037,-1511.7592925864096,-1666.302074699419,-1511.56792038994,-1511.6335436237953,-0.12574896261435242,-0.08182162719162989,0.11618966751943445,0.006599556027560755,registered
970,1787909208.416048,1787909208.4154959,286.7420873074882,-1513.2579126925118,-1667.8006948055213,-1513.2512757266104,-1513.347679086319,0.08976639380716733,0.07767369098883137,0.1082614962716827,0.005948625718063698,registered
971,1787909208.4445744,1787909208.4439008,285.3441760078829,-1514.6558239921171,-1669.1986061051266,-1514.9071884206335,-1515.0518588741074,0.39603488199031744,0.3562164063621367,0.13862857144362564,0.0075166671324798685,registered
972,1787909208.4733639,1787909208.4724214,283.24049399383944,-1516.7595060061606,-1671.30228811917,-1516.6897422019042,-1516.7629761651237,0.003470158963182257,-0.011181380114976491,0.06217835854059932,0.0035151828522416587,registered
973,1787909208.5033736,1787909208.5024333,281.29290559032916,-1518.7070944096708,-1673.2498765226803,-1518.4217244725996,-1518.5635657915852,-0.14352861808561101,-0.08950055825130221,0.09291185682018605,0.0055313921761069905,registered
974,1787909208.5309024,1787909208.5300007,280.03081594860623,-1519.9691840513938,-1674.5119661644032,-1520.0768845761872,-1520.2174951693944,0.248311118000629,0.23250010298102097,0.09201866270052103,0.00552240152697557,registered
975,1787909208.5591717,1787909208.558454,278.4534388978327,-1521.5465611021673,-1676.0893432151768,-1521.7938156107289,-1521.9245786956471,0.37801759347985353,0.37036901231977026,0.1019586231360214,0.005976089796809092,registered
976,1787909208.5877273,1787909208.5870967,276.21727537760853,-1523.7827246223915,-1678.325506735401,-1523.5783609416708,-1523.6430197014113,-0.1397049209801935,-0.128233680220319,0.09167125852392878,0.005073539343323757,registered
977,1787909208.6163301,1787909208.6156437,274.7226927049446,-1525.2773072950554,-1679.8200894080649,-1525.2508801341733,-1525.3557247508984,0.07841745584300952,0.12513789996592095,0.06641143618155518,0.0036170818139712167,registered
978,1787909208.6447258,1787909208.6440158,273.29905441863366,-1526.7009455813663,-1681.2437276943758,-1526.9005563181931,-1527.057930568696,0.3569849873297244,0.312306893776622,0.14793159766491173,0.008101069102692001,registered
979,1787909208.6734781,1787909208.6727648,271.21255995150113,-1528.7874400484989,-1683.3302221615083,-1528.6606656739013,-1528.7827512166039,-0.004688831895009571,-0.008643006942520515,0.06491496233725608,0.0035572907797909747,registered
980,1787909208.7019427,1787909208.7012355,269.32929231659455,-1530.6707076834055,-1685.213489796415,-1530.402665432338,-1530.4908789443734,-0.17982873903201835,-0.1840359059506227,0.10646043432389106,0.005677346704875057,registered
981,1787909208.7305968,1787909208.7298968,268.2219079695958,-1531.7780920304042,-1686.3208741434137,-1532.0781252155653,-1532.2104356723062,0.43234364190197994,0.409294842762165,0.10154862649705947,0.005325643509247885,registered
982,1787909208.758841,1787909208.7582695,266.3914764921308,-1533.6085235078692,-1688.1513056208787,-1533.8183563323835,-1533.912684402495,0.30416089462573836,0.2903609515738026,0.10058857694382117,0.00521720286774493,registered
983,1787909208.7876747,1787909208.7870777,264.1722275190093,-1535.8277724809907,-1690.3705545940002,-1535.576909529192,-1535.641052474734,-0.18672000625679175,-0.1542244650934208,0.09045668083097788,0.004756196629685961,registered
984,1787909208.8162103,1787909208.8154488,262.6280191099461,-1537.371980890054,-1691.9147630030634,-1537.2667365760963,-1537.34320107601,-0.028779814043900842,-0.008129462800980036,0.06875947559478664,0.0036975932617602106,registered
985,1787909208.8446603,1787909208.8439846,261.1347990217446,-1538.8652009782554,-1693.407983091265,-1538.970476648266,-1539.0552338313698,0.19003285311441687,0.16792560941757984,0.15549136286857201,0.00849631481015518,registered
986,1787909208.8731418,1787909208.8724768,259.30686637143253,-1540.6931336285675,-1695.235915741577,-1540.715248138365,-1540.7646489308725,0.07151530230498793,0.044683140104552876,0.08007173326739099,0.004314049065469705,registered
987,1787909208.9021618,1787909208.9015305,257.49439690054555,-1542.5056030994544,-1697.048385212464,-1542.3949333020862,-1542.5077502573893,0.0021471579348144587,-0.01596275251381485,0.08874802695626403,0.004592601037733427,registered
988,1787909208.930931,1787909208.9303267,256.01834680725074,-1543.9816531927493,-1698.5244353057587,-1544.0423300627735,-1544.2354031231096,0.2537499303602999,0.2667100490041321,0.09627525358574718,0.004855713638297156,registered
989,1787909208.9587796,1787909208.9580557,254.34148853012744,-1545.6585114698726,-1700.201293582882,-1545.7533978134236,-1545.8990307013075,0.24051923143497334,0.2705186227701688,0.1019275597336564,0.005035485833413455,registered
990,1787909208.9874318,1787909208.9867601,252.50298140825907,-1547.497018591741,-1702.0398007047504,-1547.4876636347708,-1547.6211764768368,0.1241578850958831,0.1390996080365312,0.1222200849510641,0.005881572793263214,registered
991,1787909209.0160036,1787909209.015376,250.7019223481418,-1549.2980776518582,-1703.8408597648677,-1549.183087711097,-1549.33801542,0.03993776814172634,0.04449850638252428,0.0782223425977613,0.0037328048312651133,registered
992,1787909209.0446775,1787909209.0440652,249.1429910199663,-1550.8570089800337,-1705.3997910930432,-1550.918979138896,-1551.0592457311857,0.20223675115198603,0.22826842525728352,0.12377616842333398,0.005960895615767899,registered
993,1787909209.0736122,1787909209.072912,247.37336045856318,-1552.6266395414368,-1707.1694216544463,-1552.675394284718,-1552.7899310725438,0.16329153110700645,0.16910969642526652,0.09345391747630785,0.004474142655252562,registered
994,1787909209.1019478,1787909209.1013196,245.547116999629,-1554.452883000371,-1708.9956651133805,-1554.403536834618,-1554.4942682057663,0.04138520539527235,0.019821763034542528,0.08258710072950498,0.0038276808524267555,registered
995,1787909209.1306553,1787909209.1299994,243.93795216277022,-1556.0620478372298,-1710.6048299502393,-1556.0833365710482,-1556.2149406558676,0.152892818637838,0.20524898854137064,0.10485242517566395,0.004715918133259227,registered
996,1787909209.1592433,1787909209.1585853,242.09239835929998,-1557.9076016407,-1712.4503837537095,-1557.7970603670979,-1557.9299772786044,0.0223756379043607,0.025297160310628897,0.07367111004249152,0.003214028035423445,registered
997,1787909209.1876023,1787909209.1868594,240.53451682877017,-1559.4654831712298,-1714.0082652842393,-1559.3721150067377,-1559.6263040988213,0.16082092759143052,0.20699452457097323,0.12350232549914904,0.0052855870813535745,registered
998,1787909209.215812,1787909209.2151375,238.81983102207414,-1561.1801689779259,-1715.7229510909353,-1561.1180140061965,-1561.3228740892544,0.14270511132849606,0.14303346833071373,0.08332791468628264,0.0035982953879110367,registered
999,1787909209.2454343,1787909209.2446828,237.1727191930579,-1562.827280806942,-1717.3700629199516,-1562.9968918209972,-1563.0954705325878,0.26818972564569776,0.24815180283030713,0.11911356299114823,0.005330628820097118,registered
1000,1787909209.2734458,1787909209.2725992,235.24223798509956,-1564.7577620149004,-1719.30054412791,-1564.9739280625756,-1564.7703411572543,0.012579142353843054,0.015828147337515475,0.08380896918424263,0.0038705970703570057,registered
1001,1787909209.3018277,1787909209.3011508,233.6776255953166,-1566.3223744046834,-1720.8651565176929,-1566.9968200218766,-1566.4833179852183,0.16094358053487667,0.18105559857008302,0.12202757721805642,0.005616430336507523,registered
1002,1787909209.3587413,1787909209.358185,230.1809928980756,-1569.8190071019244,-1724.3617892149339,-1569.062918095106,-1569.90513774747,0.08613064554560879,0.12663901726136828,0.14863997017069336,0.006082406574435965,registered
1003,1787909209.3877952,1787909209.3871558,228.59133714291443,-1571.4086628570856,-1725.951444970095,-1571.091377194898,-1571.643261236619,0.2345983795335087,0.25494105742154716,0.20324341733481938,0.00744710272303423,registered
1004,1787909209.4161897,1787909209.415551,226.916300842822,-1573.083699157178,-1727.6264812701875,-1573.1125178865368,-1573.3468545550625,0.26315539788447495,0.32217412445606897,0.23524230922862294,0.00787156791236638,registered
1005,1787909209.4447901,1787909209.4440773,225.1030478317789,-1574.896952168221,-1729.4397342812306,-1575.038421501782,-1575.0583151452074,0.16136297698631097,0.15984333883920954,0.2999539654443773,0.011219149670829027,registered
1006,1787909209.4740813,1787909209.4733562,223.33381366112712,-1576.6661863388729,-1731.2089684518824,-1576.8541469195193,-1576.814933874921,0.1487475360481767,0.13592468896581522,0.2624354479649655,0.01239258674608537,registered
1007,1787909209.5021014,1787909209.501176,221.49739514641942,-1578.5026048535806,-1733.04538696659,-1578.473073421382,-1578.484011326789,-0.018593526791619297,-0.022470271863767266,0.26719216870155305,0.014707949617911706,registered
1008,1787909209.5311246,1787909209.5305078,219.52034299244838,-1580.4796570075516,-1735.022439120561,-1580.2998672532703,-1580.2437912693135,-0.23586573823808976,-0.24587681259640704,0.24083367695650862,0.013591044181256116,registered
1009,1787909209.5587819,1787909209.5582166,217.94492192435973,-1582.0550780756403,-1736.5978601886497,-1582.1325207010939,-1581.9062029964302,-0.14887507921002907,-0.14917318728316786,0.23934775819758689,0.012875477083671833,registered
1010,1787909209.5876892,1787909209.5871015,216.2646490828654,-1583.7353509171346,-1738.278133030144,-1583.8893415766406,-1583.6391769986474,-0.09617391848723855,-0.11419947973490707,0.20606795623143828,0.010134593784045853,registered
1011,1787909209.615849,1787909209.6152413,214.41432595754327,-1585.5856740424567,-1740.1284561554662,-1585.6087263587324,-1585.3274505934676,-0.25822344898915617,-0.265530378751464,0.22405854391008445,0.010147007416036871,registered
1012,1787909209.6449416,1787909209.6442535,212.46590994943676,-1587.5340900505632,-1742.0768721635727,-1587.27915361947,-1587.0680630013005,-0.46602704926272054,-0.4523460372458885,0.16233730956077938,0.008195209393200576,registered
1013,1787909209.673249,1787909209.6725323,210.9810652215374,-1589.0189347784626,-1743.561716891472,-1588.9247138461503,-1588.7646759041247,-0.25425887433789285,-0.2506457581800987,0.1439944235509716,0.008534038914381292,registered
1014,1787909209.7018473,1787909209.701264,209.6320985705022,-1590.3679014294978,-1744.9106835425073,-1590.543949972598,-1590.4884523505157,0.12055092101786613,0.11642218438191776,0.14685131543868424,0.009688430361970776,registered
1015,1787909209.730549,1787909209.7297735,207.8707034486772,-1592.1292965513228,-1746.6720786643323,-1592.1657262146364,-1592.1989116515351,0.06961510021233153,0.08631140174452412,0.16853193700253982,0.012055057319428578,registered
1016,1787909209.7591634,1787909209.7584765,206.25782539502757,-1593.7421746049724,-1748.284956717982,-1593.7453142331574,-1593.9209716022822,0.17879699730974608,0.1638023989435169,0.1399830442173087,0.010634587655098556,registered
1017,1787909209.7876794,1787909209.786923,204.61933727792916,-1595.3806627220708,-1749.9234448350803,-1595.2988981306983,-1595.6276403087543,0.2469775866834425,0.2105641844798356,0.1544422148692051,0.012203516211405627,registered
1018,1787909209.8162622,1787909209.815622,203.09032365380904,-1596.909676346191,-1751.4524584592004,-1596.9653908960222,-1597.3494713934153,0.43979504722437923,0.41566735646279085,0.16735354046500564,0.013042336974214277,registered
1019,1787909209.8449314,1787909209.8441596,201.15989904992148,-1598.8401009500785,-1753.382883063088,-1598.7179881188804,-1599.0616042776878,0.22150332760929814,0.24226924255572158,0.2106445164191928,0.016139073872010516,registered
1020,1787909209.8734896,1787909209.8728285,199.71904097788183,-1600.2809590221182,-1754.8237411351276,-1600.4670333085323,-1600.7816187377923,0.5006597156741464,0.48568662275965835,0.17460315574677668,0.014385086773761473,registered
1021,1787909209.901857,1787909209.9012537,197.93466868085466,-1602.0653313191453,-1756.6081134321548,-1602.2653681276893,-1602.4870143766618,0.42168305751647495,0.4077865598267181,0.2223550928084455,0.02054545745671351,registered
1022,1787909209.9306808,1787909209.930004,195.71176098276328,-1604.2882390172367,-1758.8310211302462,-1604.123576317736,-1604.2119065452214,-0.07633247201533777,-0.06892221478938154,0.22759868282271972,0.021280304874798296,registered
1023,1787909209.9590995,1787909209.9584649,193.86844145983514,-1606.1315585401649,-1760.6743406531743,-1606.0040418719973,-1605.9194478036459,-0.21211073651898005,-0.2464291380249506,0.23899691028020134,0.021001589292757528,registered
1024,1787909209.9877708,1787909209.9870725,192.250542081116,-1607.749457918884,-1762.2922400318935,-1607.80054922535,-1607.6357861022461,-0.11367181663786141,-0.09809930438109404,0.22935394014629834,0.019573966075293055,registered
1025,1787909210.0159898,1787909210.0154016,190.37032536925085,-1609.6296746307492,-1764.1724567437586,-1609.6151664729691,-1609.3354171765777,-0.29425745417142934,-0.3151491965109017,0.19286924636712155,0.015869936621534995,registered
1026,1787909210.045257,1787909210.0444188,188.4942955883473,-1611.5057044116527,-1766.0484865246622,-1611.406863274744,-1611.0763299711484,-0.42937444050426166,-0.46441226360093424,0.19234905233967745,0.014308512001584449,registered
1027,1787909210.0732439,1787909210.0725288,186.9449654521934,-1613.0550345478066,-1767.597816660816,-1613.1182198393485,-1612.7628155496727,-0.2922189981338761,-0.31731880255642864,0.17071715162394066,0.011707115506397981,registered
1028,1787909210.1020129,1787909210.1014614,185.41617327025597,-1614.583826729744,-1769.1266088427535,-1614.815379839997,-1614.498650377963,-0.08517635178100136,-0.12036926808923454,0.1594753882677852,0.010983091660204653,registered
1029,1787909210.1313608,1787909210.1307461,183.3936845620119,-1616.606315437988,-1771.1490975509976,-1616.4950382928814,-1616.2556124068055,-0.3507030311825474,-0.3730982515598953,0.11016343161065696,0.00846773222507403,registered
1030,1787909210.1591713,1787909210.158595,181.6182118623583,-1618.3817881376417,-1772.9245702506512,-1618.1139230802119,-1617.926434962578,-0.4553531750636921,-0.4799872886940193,0.09605491540698477,0.008046238536121157,registered
1031,1787909210.1880476,1787909210.187259,180.35776857023734,-1619.6422314297627,-1774.1850135427721,-1619.6826326953928,-1619.646149035945,0.003917606182312738,-0.029492656747379442,0.1031855069825436,0.008842436550627124,registered
1032,1787909210.2158313,1787909210.2152603,178.79588816964974,-1621.2041118303503,-1775.7468939433597,-1621.2929233111577,-1621.3261119310218,0.12200010067158473,0.11126657109184634,0.11781509137938109,0.009914924808570825,registered
1033,1787909210.2453914,1787909210.2446766,177.11769724282044,-1622.8823027571796,-1777.425084870189,-1622.9156968427524,-1623.0909698398268,0.20866708264725276,0.19312036915630415,0.13358487316743056,0.010682638454652796,registered
1034,1787909210.273216,1787909210.2725868,175.5646423969647,-1624.4353576030353,-1778.9781397160448,-1624.4872430287662,-1624.7654685571038,0.33011095406845925,0.32665779762487546,0.10713000223492025,0.00821594175056084,registered
1035,1787909210.3018386,1787909210.3012319,173.96122352156954,-1626.0387764784305,-1780.58155859144,-1626.1150579381274,-1626.4840526041717,0.4452761257412021,0.44693500621019666,0.1479783048321324,0.011296001588470423,registered
1036,1787909210.3312886,1787909210.3305748,171.9799312565467,-1628.0200687434533,-1782.5628508564628,-1627.856221518442,-1628.2445048408235,0.22443609737024417,0.23517898478871757,0.15756689744586513,0.013293969714536365,registered
1037,1787909210.359803,1787909210.3590312,170.31156555314737,-1629.6884344468526,-1784.231216559862,-1629.6305366340835,-1629.951774320771,0.26333987391831215,0.25980708623842474,0.1426911516689224,0.013853940573113403,registered
1038,1787909210.3874876,1787909210.3868215,168.75798146163766,-1631.2420185383623,-1785.7848006513718,-1631.4401154322281,-1631.6190780604734,0.37705952211103977,0.34711056360674775,0.17824552051344836,0.018914282989548385,registered
1039,1787909210.4163256,1787909210.4157426,166.80847539992328,-1633.1915246000767,-1787.7343067130862,-1633.2967391481586,-1633.3542262905062,0.1627016904294578,0.1504005401741324,0.18406138609372424,0.019559007563195965,registered
1040,1787909210.444883,1787909210.444157,164.74674725428167,-1635.2532527457183,-1789.7960348587278,-1635.15368869536,-1635.0589639393786,-0.19428880633972767,-0.18987179290638778,0.2425218956614498,0.024233117816342974,registered
1041,1787909210.473782,1787909210.4729433,162.9295524535969,-1637.070447546403,-1791.6132296594126,-1636.9793583534233,-1636.786030335754,-0.28441721064905323,-0.2798207839055067,0.1802424552576421,0.01791995929443345,registered
1042,1787909210.5023844,1787909210.501557,161.16105172154334,-1638.8389482784567,-1793.3817303914661,-1638.8159632704733,-1638.5027405417438,-0.3362077367128222,-0.3500011830215044,0.1677968046954053,0.01671152499611684,registered
1043,1787909210.5313122,1787909210.530517,159.36062269574745,-1640.6393773042525,-1795.182159417262,-1640.6229531117906,-1640.2402203450265,-0.39915695922604755,-0.4328388877602265,0.14249226546173482,0.013124831845502496,registered
1044,1787909210.5593858,1787909210.5585012,157.66840279041094,-1642.331597209589,-1796.8743793225985,-1642.3682258182157,-1641.919153342717,-0.41244386687208134,-0.46612458389358835,0.14071983960875042,0.011181629806155505,registered
1045,1787909210.5877688,1787909210.5871034,155.98910632975162,-1644.0108936702484,-1798.5536757832579,-1644.0491021764046,-1643.6351626463188,-0.3757310239295748,-0.3511985445954906,0.16145860239770574,0.011306570797302266,registered
1046,1787909210.6160886,1787909210.6154096,154.30520037104816,-1645.6947996289518,-1800.2375817419613,-1645.6970027070338,-1645.3334205241351,-0.3613791048167059,-0.3752023075433044,0.1428450175689975,0.009917725145755053,registered
1047,1787909210.6451113,1787909210.6443346,152.60688290454254,-1647.3931170954575,-1801.935899208467,-1647.3111450556598,-1647.068797620254,-0.3243194752035379,-0.2753341987454405,0.14028588479304582,0.010371827512097918,registered
1048,1787909210.673738,1787909210.6730807,150.97612576579218,-1649.0238742342078,-1803.5666563472173,-1648.911320162028,-1648.7934466185973,-0.23042761561055158,-0.20788426923513725,0.1045190633806141,0.008056621074853587,registered
1049,1787909210.7019334,1787909210.7012734,149.58359042864436,-1650.4164095713556,-1804.9591916843651,-1650.4988417214252,-1650.484895730359,0.06848615900344157,0.07247257146832453,0.10770516835261301,0.008294463389762705,registered
1050,1787909210.730895,1787909210.7302117,147.98352897874156,-1652.0164710212584,-1806.559253134268,-1652.099985846398,-1652.2210738577783,0.20460283651982536,0.17948461216360556,0.13388180215858209,0.009898171032166631,registered
1051,1787909210.7588563,1787909210.7583091,146.28042432899156,-1653.7195756710084,-1808.262357784018,-1653.7267442630837,-1653.906801317393,0.18722564638460426,0.17375494685825288,0.14118974269070753,0.009658616732199202,registered
1052,1787909210.7879014,1787909210.7871847,144.56382884149843,-1655.4361711585016,-1809.978953271511,-1655.4108426164194,-1655.6392174585258,0.203046300024198,0.19571631080725638,0.1621847637611574,0.010323310482676056,registered
1053,1787909210.8162162,1787909210.8156266,142.9089067892105,-1657.0910932107895,-1811.633875323799,-1657.1657628013654,-1657.345614386521,0.25452117573149735,0.24907670009315552,0.18909059710202406,0.012139840309540548,registered
1054,1787909210.8450677,1787909210.8441157,141.02874297947733,-1658.9712570205227,-1813.5140391335322,-1658.976107351333,-1659.0548435323287,0.08358651180606103,0.06413635781905214,0.19763536608735316,0.013922235227088277,registered
1055,1787909210.8746295,1787909210.8737998,139.20429232122137,-1660.7957076787786,-1815.338489791788,-1660.8122298607573,-1660.8357649795357,0.040057300757098346,0.02558985262976421,0.20594520605514763,0.015415713936521898,registered
1056,1787909210.9019952,1787909210.901346,137.31163909830843,-1662.6883609016916,-1817.231143014701,-1662.654663043494,-1662.4884212897423,-0.1999396119492758,-0.20398578367735354,0.24752880187213144,0.018293334068116007,registered
1057,1787909210.9310985,1787909210.9305193,135.51643801635078,-1664.4835619836492,-1819.0263440966587,-1664.4630223728607,-1664.2387032897034,-0.2448586939458437,-0.2500303166220874,0.22315201523143793,0.01567479392641498,registered
1058,1787909210.959021,1787909210.958396,133.74926532434984,-1666.2507346756502,-1820.7935167886596,-1666.2313176360021,-1665.9111851245984,-0.3395495510517321,-0.33164516315628134,0.22699008934312745,0.014841764809554205,registered
1059,1787909210.9877324,1787909210.986971,131.91311190299712,-1668.0868880970029,-1822.6296702100124,-1667.9844596078901,-1667.6255637573383,-0.461324339664543,-0.45276975964111443,0.24696228370490644,0.014348340161928055,registered
1060,1787909211.016132,1787909211.0155652,130.3244566422145,-1669.6755433577855,-1824.218325470795,-1669.6893331537854,-1669.341101024638,-0.33444233314753546,-0.35067522412350627,0.22751455908684995,0.011706361990393148,registered
1061,1787909211.044884,1787909211.0441437,128.7743989637006,-1671.2256010362994,-1825.7683831493089,-1671.3341378709472,-1671.0556942193334,-0.16990681696597676,-0.1987545520810272,0.26951886657564095,0.012706969251176144,registered
1062,1787909211.0740817,1787909211.0730488,127.0058094783717,-1672.9941905216283,-1827.5369726346378,-1673.0087220956093,-1672.7898840726316,-0.2043064489967037,-0.2286383000632668,0.20640861314581532,0.009209514441974456,registered
1063,1787909211.1021895,1787909211.1015286,125.18181731324671,-1674.8181826867533,-1829.3609647997628,-1674.701359285497,-1674.4985553573551,-0.31962732939814487,-0.35161085751224164,0.2271891134722278,0.009807225977623589,registered
1064,1787909211.1312284,1787909211.1303184,123.78523624409104,-1676.214763755909,-1830.7575458689184,-1676.3092561539033,-1676.2258220115557,0.011058255646730686,0.013672190807938023,0.2225920294409791,0.009706972798831552,registered
1065,1787909211.1591156,1787909211.1585164,122.07478409275313,-1677.9252159072469,-1832.4679980202563,-1677.9331694396383,-1677.9175858141855,-0.007630093061379739,-0.01894199763501092,0.14381601404794625,0.006575890405823155,registered
1066,1787909211.1883538,1787909211.187628,120.14386624744088,-1679.8561337525591,-1834.3989158655686,-1679.6720786760047,-1679.6641630443814,-0.1919707081776778,-0.2002931857339263,0.15015069365874115,0.006998203858890936,registered
1067,1787909211.2171917,1787909211.216525,118.66843439940226,-1681.3315656005977,-1835.8743477136072,-1681.3985829315825,-1681.3978665572472,0.06630095664945657,0.048036410733629964,0.12359501003069347,0.005583450884840991,registered
1068,1787909211.245072,1787909211.2443092,117.33258105908249,-1682.6674189409175,-1837.210201053927,-1683.0629567981873,-1683.0647983895599,0.3973794486423685,0.3746541615764727,0.1788120505581364,0.0078038668513053175,registered
1069,1787909211.2735333,1787909211.2729025,115.11013993643905,-1684.889860063561,-1839.4326421765704,-1684.796004629217,-1684.7802784403382,-0.10958162322276621,-0.10167317078071392,0.11086965918015622,0.004936817745990036,registered
1070,1787909211.3020108,1787909211.3014362,112.99630683190867,-1687.0036931680913,-1841.5464752811008,-1686.5348727432488,-1686.4921824585247,-0.5115107095666644,-0.4926219477988525,0.1062793218353783,0.005202545265562788,registered
1071,1787909211.3309133,1787909211.330322,111.90756662143394,-1688.092433378566,-1842.6352154915755,-1688.159996316957,-1688.2252136772631,0.13278029869707098,0.1586440749981648,0.14709302517744796,0.007488360293427009,registered
1072,1787909211.3591402,1787909211.358527,110.42353556917874,-1689.5764644308213,-1844.1192465438307,-1689.848948140439,-1689.9173922996736,0.3409278688523045,0.3391530313444946,0.11122138510102594,0.00577944748453894,registered
1073,1787909211.3877134,1787909211.3869314,108.25659227308711,-1691.743407726913,-1846.2861898399224,-1691.6026500359417,-1691.6215434792011,-0.12186424771175552,-0.1374786283802223,0.0955800829893572,0.004822626356981339,registered
1074,1787909211.416692,1787909211.415991,106.7038515553445,-1693.2961484446555,-1847.838930557665,-1693.2701297518138,-1693.365002408977,0.06885396432153357,0.05056255590602632,0.08695184677708917,0.00425902288539073,registered
1075,1787909211.4525948,1787909211.451901,105.45637554384257,-1694.5436244561574,-1849.086406569167,-1694.9358751741947,-1695.5194476124564,0.9758231562989295,0.9606969001190464,0.18286946956495265,0.008909085261787054,registered
1076,1787909211.475349,1787909211.474528,103.04250758457624,-1696.9574924154238,-1851.5002745284332,-1696.745359951356,-1696.876981104932,-0.08051131049182914,-0.08264182310836077,0.11323542476740212,0.00589229034603383,registered
1077,1787909211.5038476,1787909211.502999,101.17312595305862,-1698.8268740469414,-1853.3696561599509,-1698.5195502268334,-1698.5851231368317,-0.24175091010965843,-0.23646797506967232,0.11422188615936059,0.006500243481628746,registered
1078,1787909211.5316272,1787909211.530945,99.92973374415101,-1700.070266255849,-1854.6130483688585,-1700.1805773149888,-1700.2617674736637,0.19150121781467533,0.20652958526102339,0.13557816602704406,0.008072634968919317,registered
1079,1787909211.5606728,1787909211.5599399,98.29151463703374,-1701.7084853629663,-1856.2512674759757,-1701.9097565885272,-1702.0013356799798,0.29285031701351727,0.28022158264457175,0.10661723624844036,0.006482953324249133,registered
1080,1787909211.5878286,1787909211.5870328,96.16447593474345,-1703.8355240652565,-1858.378306178266,-1703.693933852609,-1703.626799838359,-0.2087242268976297,-0.22832944085939744,0.1257306460855641,0.007471628299865233,registered
1081,1787909211.6160874,1787909211.6154356,94.66318096585178,-1705.3368190341482,-1859.8796011471577,-1705.339655550873,-1705.3308508889738,-0.005968145174392703,-0.031497038554562096,0.09727713827302359,0.005685404461288657,registered
1082,1787909211.6467044,1787909211.6460116,93.18902887358377,-1706.8109711264162,-1861.3537532394257,-1707.005440404656,-1707.1652840878837,0.35431296146748537,0.3991670548350612,0.168004510737163,0.009868040492522108,registered
1083,1787909211.6734686,1787909211.6727805,91.07179811705805,-1708.928201882942,-1863.4709839959514,-1708.7724592200145,-1708.771308933094,-0.15689294984804292,-0.164076554165149,0.07073952033602454,0.004320331677349865,registered
1084,1787909211.702278,1787909211.701652,89.2625466866275,-1710.7374533133725,-1865.280235426382,-1710.5188729981035,-1710.5034819040104,-0.23397140936208416,-0.2397622584696819,0.08079790633130635,0.005073364921229499,registered
1085,1787909211.7310882,1787909211.7303967,88.05049056035796,-1711.949509439642,-1866.4922915526515,-1712.1885353040561,-1712.2280450775716,0.2785356379295081,0.26984747604160475,0.12374347970628576,0.007762053601291974,registered
1086,1787909211.759045,1787909211.7583866,86.26224821514256,-1713.7377517848574,-1868.280533897867,-1713.914169697046,-1713.907321374391,0.16956958953346657,0.18655493799042233,0.11326867208818028,0.006907346527728351,registered
1087,1787909211.788183,1787909211.7873185,84.10843997755387,-1715.8915600224461,-1870.4343421354556,-1715.6767008586985,-1715.6431132902903,-0.2484467321557986,-0.30842016768474423,0.12939494380160724,0.007751500515452761,registered
1088,1787909211.8161428,1787909211.8155553,82.57932665292265,-1717.4206733470774,-1871.9634554600868,-1717.3323317231088,-1717.3372086661698,-0.08346468090758208,-0.12959935684193624,0.09649352853072078,0.005966244157057648,registered
1089,1787909211.8450227,1787909211.8443305,81.15345992179664,-1718.8465400782034,-1873.3893221912128,-1718.9830155673294,-1719.063602768418,0.21706269021456137,0.21092659491728227,0.12942936304426073,0.008363011000766312,registered
1090,1787909211.8737454,1787909211.8730927,79.19807730808202,-1720.801922691918,-1875.3447048049275,-1720.7381825802763,-1720.7892101434961,-0.012712548421859537,-0.004841867794311838,0.06776684104788609,0.004518279314079574,registered
1091,1787909211.9024408,1787909211.9017084,77.40219753793508,-1722.597802462065,-1877.1405845750744,-1722.4725850733257,-1722.5060347825288,-0.09176767953613307,-0.06290870813381844,0.08002003250112454,0.005258783771977258,registered
1092,1787909211.931269,1787909211.93059,76.17914099392033,-1723.8208590060797,-1878.3636411190892,-1724.1021423578643,-1724.2388085269206,0.41794952084092074,0.40563315359486296,0.09971847202777195,0.006461847239449654,registered
1093,1787909211.9593115,1787909211.9585733,74.28336575570347,-1725.7166342442965,-1880.259416357306,-1725.7943145065497,-1725.9176986122202,0.20106436792366367,0.10482683151667516,0.08975240337315772,0.0058767620602499385,registered
1094,1787909211.9878309,1787909211.9872324,72.08004677888584,-1727.9199532211142,-1882.4627353341236,-1727.5743005142656,-1727.6371266029796,-0.2828266181345498,-0.32639096225034336,0.0795002901331012,0.005373022439767356,registered
1095,1787909212.0163157,1787909212.0156763,70.63392079561231,-1729.3660792043877,-1883.9088613173972,-1729.311984137522,-1729.3436379640177,-0.022441240369971638,-0.034549157259789354,0.06545924960216136,0.004372370815053816,registered
1096,1787909212.0447493,1787909212.0440547,69.40596190720476,-1730.5940380927952,-1885.1368202058047,-1731.0073695691967,-1731.0462299933351,0.4521919005399013,0.4766450866163723,0.12167381822292284,0.007829941670852285,registered
1097,1787909212.0744572,1787909212.0735838,67.17080577950424,-1732.8291942204958,-1887.3719763335052,-1732.7703634298618,-1732.8178537558038,-0.011340464692011665,0.013465880369494698,0.0750360224466846,0.004389614510808063,registered
1098,1787909212.1022253,1787909212.1016264,65.16346585485576,-1734.8365341451442,-1889.3793162581537,-1734.4889122149812,-1734.5002912654343,-0.336242879709971,-0.33718955034328246,0.099901457640006,0.005582531948026277,registered
1099,1787909212.131255,1787909212.1303914,63.940686990994664,-1736.0593130090053,-1890.6020951220148,-1736.122183462259,-1736.2260702900767,0.1667572810713409,0.11920301480290618,0.07843190334803109,0.004432033023526436,registered
1100,1787909212.159309,1787909212.1586432,62.401460843909035,-1737.598539156091,-1892.1413212691004,-1737.8533605754478,-1737.9210668261694,0.3225276700784434,0.25582719380508934,0.07305975629725482,0.004278155104298028,registered
1101,1787909212.1878543,1787909212.1872818,60.20267180533142,-1739.7973281946686,-1894.340110307678,-1739.6476859517784,-1739.6392646617173,-0.1580635329512461,-0.16263559703838837,0.07644484535355328,0.0044898341034249195,registered
1102,1787909212.2165382,1787909212.2158985,58.64664146512473,-1741.3533585348753,-1895.8961406478847,-1741.3166747221221,-1741.3561465172716,0.0027879823962848604,0.01605189479460023,0.08368914228060367,0.0046374773808057455,registered
1103,1787909212.2449043,1787909212.2442276,57.29217959132916,-1742.7078204086708,-1897.2506025216803,-1742.9803118356629,-1743.0557775916031,0.34795718293230493,0.3504502024145495,0.10695111469386738,0.005594129462630375,registered
1104,1787909212.2736464,1787909212.2728298,55.059150316122896,-1744.940849683877,-1899.4836317968866,-1744.7596461841904,-1744.771786895205,-0.16906278867213587,-0.20190323051747328,0.06396140026936978,0.003293677978780052,registered
1105,1787909212.3020525,1787909212.301395,53.26381843409081,-1746.7361815659092,-1901.2789636789187,-1746.4732265423645,-1746.4855790585998,-0.25060250730939515,-0.3139490026135263,0.10359741535679322,0.005457432937620164,registered
1106,1787909212.33086,1787909212.330215,52.08598758084372,-1747.9140124191563,-1902.4567945321658,-1748.084991118273,-1748.214662337357,0.3006499182006337,0.24953216851395155,0.09248274716585073,0.004851484606028622,registered
1107,1787909212.3595743,1787909212.3588486,50.356904030800024,-1749.6430959692,-1904.1858780822095,-1749.8141051118478,-1749.932559786167,0.2894638169670998,0.2698252147420135,0.10626541831629789,0.0052961563019813685,registered
1108,1787909212.3879561,1787909212.3873506,48.28537156613265,-1751.7146284338673,-1906.2574105468768,-1751.5376653538274,-1751.6425613550148,-0.07206707885256947,-0.017517822016998252,0.14691160340856352,0.0065691247261917725,registered
1109,1787909212.4169414,1787909212.4160256,46.898497951715626,-1753.1015020482844,-1907.6442841612939,-1753.1811285847084,-1753.3629477225088,0.2614456742244329,0.2962370678176285,0.15326013816561618,0.006776819253922266,registered
1110,1787909212.4450004,1787909212.444262,45.220524760730314,-1754.7794752392697,-1909.3222573522792,-1754.8896990365063,-1755.0570144901278,0.27753925085812625,0.24953751841076155,0.15062006589346888,0.00761001114439125,registered
1111,1787909212.4741879,1787909212.4733853,43.08124734147282,-1756.9187526585272,-1911.4615347715367,-1756.6735845163694,-1756.8042926227117,-0.11446003581545483,-0.12002795195235194,0.16790267160214215,0.010243468775020272,registered
1112,1787909212.5027895,1787909212.5019593,41.633250103348246,-1758.3667498966518,-1912.9095320096612,-1758.448458975768,-1758.51861403893,0.15186414227832756,0.14083018731957964,0.18773842492113726,0.01196551157403061,registered
1113,1787909212.5312548,1787909212.5304182,39.93210158021361,-1760.0678984197864,-1914.6106805327959,-1760.1881075540336,-1760.2260265601813,0.1581281403948651,0.15709061705751992,0.17997292889141076,0.01129114157296061,registered
1114,1787909212.5593674,1787909212.5586534,38.07440398712447,-1761.9255960128755,-1916.468378125885,-1761.963295571591,-1761.9200218071485,-0.005574205727043591,0.00023958095948728442,0.18523272092108767,0.011150624529041694,registered
1115,1787909212.588256,1787909212.5875094,36.15703882097182,-1763.8429611790282,-1918.3857432920377,-1763.7336517122903,-1763.651265009591,-0.19169616943713663,-0.1685031952533791,0.1537227575141422,0.008761571951032965,registered
1116,1787909212.6166937,1787909212.6157873,34.377424563773275,-1765.6225754362267,-1920.1653575492362,-1765.4804621419194,-1765.3478206958937,-0.27475474033303726,-0.2726787294427595,0.13100600043644142,0.007105116770497007,registered
1117,1787909212.6451318,1787909212.6443553,32.93832752451385,-1767.0616724754861,-1921.6044545884956,-1767.2403111621722,-1767.061784508853,0.00011203336680409848,0.0024909538999509095,0.16170928735184248,0.008630382580748745,registered
1118,1787909212.6736586,1787909212.6729224,31.114102591919618,-1768.8858974080804,-1923.4286795210899,-1768.9632951495046,-1768.775691105291,-0.11020630278949284,-0.0841894736508948,0.14101335964943545,0.007317356249487108,registered
1119,1787909212.702792,1787909212.702147,29.184086522524694,-1770.8159134774753,-1925.3586955904848,-1770.649868224668,-1770.5290484932807,-0.28686498419460804,-0.29084353131747775,0.12194340102629007,0.006004967323944076,registered
1120,1787909212.7328749,1787909212.7321086,27.69607994777016,-1772.3039200522298,-1926.8467021652393,-1772.2583020171637,-1772.3266199482348,0.02269989600495137,-0.01603231482249612,0.1316330044942017,0.006902408432464516,registered
1121,1787909212.759501,1787909212.7587776,26.191058742205087,-1773.808941257795,-1928.3517233708044,-1773.855069640642,-1773.9266513628213,0.11771010502639001,0.06012680782191637,0.09062417212472341,0.005560919301786758,registered
1122,1787909212.78775,1787909212.7871444,24.3789805652043,-1775.6210194347957,-1930.1638015478052,-1775.5072495852287,-1775.628542489751,0.007523054955299813,-0.015219403150695143,0.15645451727070736,0.011047038903166901,registered
1123,1787909212.816405,1787909212.8157496,22.8779010535236,-1777.1220989464764,-1931.6648810594859,-1777.1499996019504,-1777.3447377470475,0.222638800571076,0.22599281684665584,0.11287169715243817,0.008264896892555088,registered
1124,1787909212.8451095,1787909212.8442793,21.44660821198795,-1778.553391788012,-1933.0961739010215,-1778.8238573674314,-1779.0563985950178,0.5030068070057041,0.4286652485252489,0.1536678620201435,0.01142103284696658,registered
1125,1787909212.873532,1787909212.8729155,19.47151599033168,-1780.5284840096683,-1935.0712661226778,-1780.577423993717,-1780.774453389262,0.2459693795935891,0.2381959870774608,0.1476524886796112,0.011655967402253553,registered
1126,1787909212.9022815,1787909212.9015923,17.449553123227133,-1782.5504468767729,-1937.0932289897823,-1782.3902442280307,-1782.4949398856686,-0.05550699110426649,0.03315082906351563,0.18028355868858142,0.014854409166876099,registered
1127,1787909212.931293,1787909212.9305556,15.753251926334087,-1784.246748073666,-1938.7895301866754,-1784.1929430302935,-1784.2326199467764,-0.014128126889545456,0.01095971455720246,0.19908072772816438,0.01592978056612668,registered
1128,1787909212.9592505,1787909212.958574,14.007954018934242,-1785.9920459810658,-1940.5348280940752,-1786.0211317778649,-1785.9136127392399,-0.0784332418259055,-0.06434628066404002,0.16651031886140608,0.01289312542220577,registered
1129,1787909212.98775,1787909212.987107,12.165601610653084,-1787.834398389347,-1942.3771805023564,-1787.8746863024323,-1787.6254738450352,-0.20892454431168517,-0.0763700729928587,0.16655569955547944,0.013249632893263934,registered
1130,1787909213.0173202,1787909213.0164394,10.29675308244623,-1789.7032469175538,-1944.2460290305632,-1789.6382819871596,-1789.385296699951,-0.31795021760285636,-0.3128231568994124,0.1384968758480634,0.011117585210546288,registered
1131,1787909213.0452867,1787909213.044575,8.744108501582787,-1791.2558914984172,-1945.7986736114267,-1791.2996164978176,-1791.0733128204245,-0.18257867799275118,-0.2534012563617125,0.164302952305094,0.012382440989037112,registered
1132,1787909213.0737493,1787909213.073001,6.9407327347385035,-1793.0592672652615,-1947.602049378271,-1793.0302505057307,-1792.778751371685,-0.28051589357642115,-0.18216848620181736,0.15364049072201238,0.010637740624636193,registered
1133,1787909213.103013,1787909213.1021855,5.078371497865419,-1794.9216285021346,-1949.464410615144,-1794.7502310228474,-1794.5297056657735,-0.39192283636111824,-0.3262344595077593,0.12701249455188762,0.008992568154171165,registered
1134,1787909213.1310089,1787909213.1303349,3.7482195178947677,-1796.2517804821052,-1950.7945625951147,-1796.4080489764347,-1796.2185514258083,-0.03322905629693196,-0.10140970178031239,0.1504868757964513,0.01103012334205433,registered
1135,1787909213.1592965,1787909213.158706,2.208495584474349,-1797.7915044155257,-1952.3342865285351,-1798.063527167527,-1797.9207000270844,0.1291956115587709,0.1214548333964558,0.15621848658906837,0.011387157767446117,registered
1136,1787909213.189556,1787909213.1889503,359.95243161431404,-1800.047568385686,-1954.5903504986954,-1799.7338393752216,-1799.7352361806538,-0.3123322050321349,-0.28154078179591124,0.11104710763621436,0.008217580078417061,registered
1137,1787909213.2164085,1787909213.2157412,358.58002187949364,-1801.4199781205064,-1955.9627602335158,-1801.3415585740445,-1801.342577005858,-0.07740111464840993,-0.19162814684545992,0.10262185753698252,0.008330098730799857,registered
1138,1787909213.2451177,1787909213.244378,357.1337287959898,-1802.8662712040102,-1957.4090533170197,-1802.9550331791586,-1803.0606747124932,0.19440350848299204,0.08292171506241175,0.1365141930341807,0.012278385429277151,registered
1139,1787909213.273651,1787909213.2730155,355.32067051865897,-1804.679329481341,-1959.2221115943505,-1804.646616333001,-1804.7788010273894,0.09947154604833486,0.0832318383609163,0.11250545558903863,0.010857690278200834,registered
1140,1787909213.302422,1787909213.3017843,353.7297029887368,-1806.2702970112632,-1960.8130791242727,-1806.3243292076977,-1806.5048089181175,0.23451190685432266,0.13836443165200762,0.1403864084815465,0.014010684111474665,registered
1141,1787909213.330843,1787909213.3302417,352.1521464015111,-1807.8478535984889,-1962.3906357114984,-1807.9824597440488,-1808.2121356145867,0.36428201609783173,0.327500224923142,0.11325292716684203,0.011753948467002553,registered
1142,1787909213.3594377,1787909213.3587751,350.2260384459712,-1809.7739615540288,-1964.3167436670383,-1809.7738104804807,-1809.9240253286428,0.1500637746139546,0.19705586239797412,0.128280637882096,0.013757114292587514,registered
1143,1787909213.3884897,1787909213.3876836,348.30977058028134,-1811.6902294197187,-1966.2330115327281,-1811.5980931628524,-1811.658415439766,-0.03181397995263069,-0.034260926180195383,0.15421934979666121,0.016431897064223523,registered
1144,1787909213.4165905,1787909213.415928,346.5990872170323,-1813.4009127829677,-1967.9436948959772,-1813.405906656742,-1813.352954243687,-0.047958539280671175,-0.0678067900169026,0.15097427718383613,0.015946624389260467,registered
1145,1787909213.4451685,1787909213.444459,344.81194593772784,-1815.1880540622722,-1969.7308361752816,-1815.2236887084869,-1815.0647009164395,-0.12335314583265244,-0.076737465414908,0.1428171096473659,0.015178279234360874,registered
1146,1787909213.4747434,1787909213.473831,342.9245292523369,-1817.075470747663,-1971.6182528606726,-1817.0383156355233,-1816.8268982569962,-0.248572490666902,-0.21636410419637286,0.12427829211886825,0.013133541450609179,registered
1147,1787909213.502765,1787909213.5018563,341.1680090927248,-1818.8319909072752,-1973.3747730202847,-1818.807731969675,-1818.5083058692403,-0.32368503803490967,-0.322537081658993,0.13089384729545264,0.013281902192707784,registered
1148,1787909213.5320904,1787909213.5314445,339.5376270572301,-1820.46237294277,-1975.0051550557794,-1820.4644532318928,-1820.2834770560396,-0.1788958867302881,-0.17883102142923235,0.10827685113941832,0.010244717270099584,registered
1149,1787909213.559498,1787909213.5588012,337.8337430622282,-1822.1662569377718,-1976.7090390507813,-1822.1039633601497,-1821.9247615826046,-0.24149535516721699,-0.24558885746068881,0.1323868581196818,0.011443764488434772,registered
1150,1787909213.5886617,1787909213.5876734,336.06614458279773,-1823.9338554172023,-1978.4766375302117,-1823.8201455768603,-1823.656977465912,-0.27687795129031656,-0.3084743930685363,0.12129739686872924,0.00960289538386442,registered
1151,1787909213.6169055,1787909213.6160116,334.5815832125604,-1825.4184167874396,-1979.961198900449,-1825.5156778450837,-1825.3571520971975,-0.061264690242069264,-0.14084293915880153,0.11144338549049528,0.008178132269430195,registered
1152,1787909213.6543946,1787909213.6534595,333.24995818095795,-1826.750041819042,-1981.2928239320515,-1827.1603309010793,-1827.603873245674,0.8538314266320413,0.8490052571835349,0.18131751912101018,0.012269533255773353,registered
1153,1787909213.6737576,1787909213.673111,331.03910751438525,-1828.9608924856147,-1983.5036745986242,-1828.839444860006,-1828.7828768870397,-0.1780155985750298,-0.1003821441238415,0.1447005292405505,0.009292560039872692,registered
1154,1787909213.7023764,1787909213.7016704,329.00033025522384,-1830.9996697447762,-1985.5424518577856,-1830.5146381484012,-1830.4963257513057,-0.5033439934704802,-0.5086622080759753,0.12289983667966348,0.009129468873528992,registered
1155,1787909213.732362,1787909213.7316518,327.92130337165804,-1832.078696628342,-1986.6214787413514,-1832.1688899298174,-1832.2950844490804,0.21638782073841867,0.16597216685045169,0.13655811722123698,0.010928668372693304,registered
1156,1787909213.7594452,1787909213.7587047,326.415469562264,-1833.584530437736,-1988.1273125507455,-1833.8523138342462,-1833.9181455135576,0.3336150758216263,0.26981724651727745,0.1189584526016709,0.009998614708777314,registered
1157,1787909213.7882628,1787909213.787405,324.37512791336576,-1835.6248720866342,-1990.1676541996437,-1835.5399570395186,-1835.6400481188707,0.015176032236468018,-0.013733753512042313,0.12903565879684528,0.010970307202651356,registered
1158,1787909213.8168144,1787909213.816037,322.8345028826045,-1837.1654971173955,-1991.708279230405,-1837.158770181425,-1837.3578454387682,0.1923483213727195,0.18358937315815638,0.125823778433752,0.010905924893301859,registered
1159,1787909213.8453164,1787909213.8445015,321.21068204376866,-1838.7893179562313,-1993.3321000692408,-1838.8285835806882,-1839.0656012591483,0.2762833029169087,0.26429597344144895,0.15092850746951747,0.013274323620548374,registered
1160,1787909213.8743577,1787909213.8735557,319.31735217426854,-1840.6826478257315,-1995.225429938741,-1840.67081299642,-1840.808731193926,0.12608336819448596,0.12740019912416756,0.15219371792756717,0.013024178561395724,registered
1161,1787909213.9027054,1787909213.9020035,317.507852180182,-1842.492147819818,-1997.0349299328275,-1842.5080925898822,-1842.5154857251803,0.02333790536226843,0.02801253672146231,0.1931382473617872,0.015878499922731732,registered
1162,1787909213.9308064,1787909213.9301481,315.8065223030119,-1844.193477696988,-1998.7362598099976,-1844.2719816169642,-1844.2040454026078,0.010567705619678236,-0.0061864728415912396,0.160511974131449,0.012962805348814862,registered
1163,1787909213.9596095,1787909213.9590037,313.9692374274475,-1846.0307625725525,-2000.573544685562,-1846.0653116199815,-1845.9352599967897,-0.09550257576279364,-0.06943028099158255,0.18542823038498618,0.014577954119002715,registered
1164,1787909213.9881873,1787909213.9874907,311.8518091476801,-1848.1481908523199,-2002.6909729653294,-1847.904113987106,-1847.644360405424,-0.5038304468957904,-0.5080212108039177,0.14954813442068035,0.01095123470200418,registered
1165,1787909214.017364,1787909214.0166628,310.3333720443509,-1849.6666279556491,-2004.2094100686586,-1849.636097707482,-1849.3945708847334,-0.2720570709157073,-0.2878489993918265,0.14501363744475793,0.009984206473235604,registered
1166,1787909214.0452251,1787909214.044578,308.87799415025324,-1851.1220058497468,-2005.6647879627562,-1851.3246116802375,-1851.069369988748,-0.05263586099886197,-0.02443732380788788,0.2024410050337992,0.0131636020956443,registered
1167,1787909214.0738065,1787909214.0731473,306.94595847751293,-1853.054041522487,-2007.5968236354965,-1853.0327624014567,-1852.7834053223592,-0.27063620012791034,-0.26591676359157645,0.14219974286447506,0.00863335059331643,registered
1168,1787909214.1024246,1787909214.101796,305.0441119044476,-1854.9558880955524,-2009.4986702085619,-1854.728832736247,-1854.5022039313824,-0.45368416416999935,-0.4466268359483365,0.14827865285032982,0.00871244521376472,registered
1169,1787909214.1318586,1787909214.1311173,303.943417710758,-1856.056582289242,-2010.5993644022515,-1856.3002166472706,-1856.2613687963012,0.2047865070592252,0.1718334790496101,0.14445999738891446,0.008574209410646832,registered
1170,1787909214.1594694,1787909214.1588228,302.02979663323185,-1857.9702033667681,-2012.5129854797776,-1857.9472253628207,-1857.9235802655928,-0.046623101175327974,-0.11025217430028533,0.09637692796766545,0.006011774053463747,registered
1171,1787909214.1879277,1787909214.1873262,300.11342290683615,-1859.8865770931639,-2014.4293592061733,-1859.6915710770418,-1859.6336676592227,-0.2529094339411131,-0.2880546306237193,0.11153525413925319,0.0071032681239279905,registered
1172,1787909214.216797,1787909214.2159717,298.6750158577436,-1861.3249841422564,-2015.867766255266,-1861.3657897515711,-1861.3522803145513,0.027296172294882126,-0.013806498540134271,0.09373556613799866,0.005740680799361787,registered
1173,1787909214.245641,1787909214.2448611,297.40133952032375,-1862.5986604796763,-2017.1414425926857,-1863.0274880623629,-1863.0855260952453,0.4868656155690587,0.4394249405941082,0.13603779067903948,0.007788851804346431,registered
1174,1787909214.273753,1787909214.2730036,295.0095129371359,-1864.990487062864,-2019.5332691758736,-1864.7954485657729,-1864.7739570354995,-0.21653002736456983,-0.22118719587047053,0.11620060374745197,0.006107182544284676,registered
1175,1787909214.302655,1787909214.3018475,293.1020358491444,-1866.8979641508556,-2021.440746263865,-1866.522531890551,-1866.5044707272934,-0.39349342356217676,-0.43618975185790987,0.11641881671183721,0.006379772912072404,registered
1176,1787909214.3308854,1787909214.330308,292.0265217084452,-1867.9734782915548,-2022.5162604045643,-1868.1919384458647,-1868.2119833774573,0.23850508590248864,0.17589912979178735,0.09903421050869823,0.005611753440886981,registered
1177,1787909214.3596194,1787909214.3589134,290.2370492488576,-1869.7629507511424,-2024.3057328641519,-1869.908165743404,-1869.9281929388842,0.16524218774179644,0.13234905540275577,0.11066531518820356,0.006433557943089583,registered
1178,1787909214.388765,1787909214.387904,288.14980139174736,-1871.8501986082526,-2026.3929807212621,-1871.6696502149794,-1871.6675036708536,-0.1826949373989919,-0.1930304279107986,0.11335101790030613,0.006425702258797191,registered
1179,1787909214.41699,1787909214.4162536,286.63493968637613,-1873.3650603136239,-2027.9078424266334,-1873.3235584378008,-1873.368364900397,0.003304586773083429,-0.008776171733870797,0.08881841855415953,0.004870570384747844,registered
1180,1787909214.445634,1787909214.4448702,285.28549029000897,-1874.714509709991,-2029.2572918230005,-1875.000902356991,-1875.085246755951,0.3707370459599133,0.31789216520496666,0.1465991087941762,0.007950280813093957,registered
1181,1787909214.475415,1787909214.4745128,283.1204299452429,-1876.879570054757,-2031.4223521677666,-1876.7947214761343,-1876.863679284474,-0.015890770283021993,-0.03677987886749179,0.057196649460289996,0.0032456514291483917,registered
1182,1787909214.5106602,1787909214.5097404,281.2149565483039,-1878.785043451696,-2033.3278255647056,-1878.5423488357183,-1878.9771860668432,0.19214261514707687,0.23472878095844862,0.10868198968480794,0.006478208474553148,registered
1183,1787909214.534423,1787909214.5310423,279.9096850592384,-1880.0903149407616,-2034.633097053771,-1880.222860714976,-1880.2552172027392,0.16490226197765878,0.12226507473837955,0.09471113155818425,0.005680663827302935,registered
1184,1787909214.5596159,1787909214.5588465,278.2204120360434,-1881.7795879639566,-2036.322370076966,-1881.9529864487524,-1881.9233505820027,0.14376261804613932,0.11755128639993018,0.09294480758633666,0.005416325114168083,registered
1185,1787909214.5881038,1787909214.5873625,276.067236571238,-1883.932763428762,-2038.4755455417715,-1883.7274868659583,-1883.6341960945422,-0.298567334219797,-0.3244233203765816,0.10598638610135719,0.005848985218406802,registered
1186,1787909214.6171308,1787909214.6164606,274.5651000541991,-1885.434899945801,-2039.9776820588104,-1885.3787088754814,-1885.379957989307,-0.05494195649384892,-0.055592824850236866,0.07156836194948774,0.0038975729433108493,registered
1187,1787909214.6453993,1787909214.644762,273.1675499884295,-1886.8324500115705,-2041.37523212458,-1887.0184293125576,-1887.0779297845163,0.2454797729458278,0.21903054014046575,0.12977228490603582,0.007112350967885166,registered
1188,1787909214.674111,1787909214.6734092,271.17624166200903,-1888.823758337991,-2043.3665404510004,-1888.743607447614,-1888.7966425687573,-0.027115769233660103,-0.0605719155796578,0.08104874396037663,0.004440015733942507,registered
1189,1787909214.7033942,1787909214.7026868,269.3417237831445,-1890.6582762168555,-2045.201058329865,-1890.4590424748349,-1890.5531754736887,-0.10510074316675855,-0.1408030889042493,0.10308621571196881,0.005498566993267666,registered
1190,1787909214.7318957,1787909214.7305746,268.1245169047843,-1891.8754830952157,-2046.4182652082252,-1892.142105852293,-1892.226329602711,0.35084650749536195,0.3252627819870213,0.11306882675010088,0.005922909461943082,registered
1191,1787909214.7597084,1787909214.7589562,266.29536001928886,-1893.7046399807111,-2048.2474220937206,-1893.8729492223938,-1893.9291075857234,0.22446760501225071,0.1869244789768345,0.10886263055506924,0.005646474665780539,registered
1192,1787909214.788365,1787909214.7876973,264.15535933425144,-1895.8446406657486,-2050.387422778758,-1895.6305449138385,-1895.6534561973294,-0.19118446841912373,-0.2156913823132527,0.06886573756826987,0.0036216918880196546,registered
1193,1787909214.816574,1787909214.8159506,262.5178666696729,-1897.482133330327,-2052.0249154433363,-1897.322933684769,-1897.3485385582044,-0.13359477212270576,-0.18910100889434034,0.06623002851781441,0.003567444619203441,registered
1194,1787909214.8451514,1787909214.844436,261.04384604186725,-1898.9561539581327,-2053.498936071142,-1899.0322350679426,-1899.0575388379261,0.10138487979338606,0.04661437228514842,0.12658292656579276,0.006918798186566062,registered
1195,1787909214.8737433,1787909214.8731353,259.3238681822222,-1900.6761318177778,-2055.218913930787,-1900.7912319978066,-1900.7793842267179,0.10325240894007948,0.043363737583604234,0.06900853281032401,0.003719152646114417,registered
1196,1787909214.902502,1787909214.9017925,257.42685066666445,-1902.5731493333356,-2057.115931446345,-1902.484207928087,-1902.4986977844342,-0.07445154890137928,-0.1195012482853599,0.12260755568281481,0.0063355723497888995,registered
1197,1787909214.9310734,1787909214.9304616,255.915025328477,-1904.084974671523,-2058.6277567845323,-1904.152886259251,-1904.218726548669,0.13375187714609638,0.1407464384578816,0.10886173044015894,0.005483066334693941,registered
1198,1787909214.9597497,1787909214.959055,254.14763603273695,-1905.852363967263,-2060.3951460802723,-1905.8743269911138,-1905.9342065994474,0.08184263218436172,0.08177464933032752,0.1174449655423051,0.0057868020356927835,registered
1199,1787909214.9882853,1787909214.9875681,252.30593430665704,-1907.694065693343,-2062.236847806352,-1907.6299274064527,-1907.6448804624224,-0.04918523092055693,-0.11473106949597422,0.09433676268607341,0.004529275181891102,registered
1200,1787909215.0172646,1787909215.0164924,250.63699175478314,-1909.3630082452169,-2063.905790358226,-1909.3326106997092,-1909.3802146461499,0.017206400932991528,-0.05678618541560354,0.10014511621573367,0.004780126770662848,registered
1201,1787909215.0451705,1787909215.0444045,248.9927686275537,-1911.0072313724463,-2065.5500134854556,-1911.052458083201,-1911.0548277964695,0.04759642402314057,0.0050153554589087435,0.09842411176488722,0.004742900529853207,registered
1202,1787909215.074143,1787909215.0734615,247.24162107299117,-1912.7583789270088,-2067.301161040018,-1912.796231376416,-1912.7981293808116,0.03975045380275333,0.02861344341590666,0.08781432332329918,0.0041970613844329405,registered
1203,1787909215.10261,1787909215.1018682,245.44582350237897,-1914.554176497621,-2069.0969586106303,-1914.484710751973,-1914.5024092975123,-0.05176720010877034,-0.046236313945428265,0.10541244319711718,0.004875647412860944,registered
1204,1787909215.1312807,1787909215.1305134,243.88264033264113,-1916.1173596673589,-2070.660141780368,-1916.183188212646,-1916.2210076487104,0.10364798135151432,0.10801904084155467,0.11908796200352013,0.005351153262145292,registered
1205,1787909215.1595466,1787909215.158941,241.98154322524306,-1918.018456774757,-2072.561238887766,-1917.9075670175744,-1917.926546328884,-0.09191044587305441,-0.0826994366557301,0.09244164449519195,0.004025827046795709,registered
1206,1787909215.1880639,1787909215.1874123,240.43250958221597,-1919.567490417784,-2074.1102725307933,-1919.620440937485,-1919.6347026649141,0.06721224713010088,0.0035914182371925563,0.1326511069802951,0.005673988968581875,registered
1207,1787909215.216714,1787909215.2160597,238.76981386210673,-1921.2301861378933,-2075.7729682509025,-1921.3247242270868,-1921.3534297532856,0.12324361539231177,0.07157858664368177,0.09241792439115187,0.003994140142376492,registered
1208,1787909215.2457669,1787909215.2450845,236.88082153860842,-1923.1191784613916,-2077.661960574401,-1923.0492120789277,-1923.0948002800278,-0.024378181363772455,-0.029918961410203337,0.13520830615220888,0.006090780178251083,registered
1209,1787909215.2738357,1787909215.2731764,235.2154685361984,-1924.7845314638016,-2079.327313576811,-1924.7832375965384,-1924.7801987446446,-0.004332719156991516,-0.035020176071611786,0.0809361977600731,0.0037385987267612186,registered
1210,1787909215.30277,1787909215.3018477,233.56625207758316,-1926.4337479224168,-2080.976530035426,-1926.458095092492,-1926.5003562460524,0.06660832363559166,0.024700446032511536,0.11861438630936147,0.005452056904666133,registered
1211,1787909215.3311498,1787909215.330567,231.78009491416606,-1928.219905085834,-2082.762687198843,-1928.1732011108388,-1928.2233888776645,0.0034837918306038773,-0.024613714077986515,0.13775518607876994,0.006073006142409424,registered
1212,1787909215.3595736,1787909215.358976,230.05055350014072,-1929.9494464998593,-2084.4922286128685,-1929.8672122835976,-1929.9278118356692,-0.021634664190059993,-0.04592667222550517,0.13392590542267827,0.005437439528605898,registered
1213,1787909215.3884807,1787909215.3878217,228.50123753668913,-1931.4987624633109,-2086.04154457632,-1931.523360093373,-1931.6584399605058,0.1596774971949344,0.0825960571505675,0.21562314672035993,0.00784766536342384,registered
1214,1787909215.4168217,1787909215.4161303,226.87522967952782,-1933.1247703204722,-2087.6675524334814,-1933.2570472133295,-1933.356840879626,0.2320705591537262,0.23678710082776888,0.24191824412781382,0.008091438265293438,registered
1215,1787909215.4459364,1787909215.4450498,224.94921655221287,-1935.0507834477871,-2089.5935655607964,-1935.0124178828041,-1935.0918889807463,0.041105532959136326,0.02145734222176543,0.30720624805240987,0.011715380842709533,registered
1216,1787909215.4743578,1787909215.4736996,223.28231371759057,-1936.7176862824094,-2091.2604683954187,-1936.7620409082406,-1936.8107591104213,0.09307282801182737,0.05834234442500019,0.22849123540803748,0.010855359233103662,registered
1217,1787909215.5029778,1787909215.502335,221.5174600123887,-1938.4825399876113,-2093.0253221006205,-1938.5457010930663,-1938.5287709922745,0.04623100466324104,0.028288441148561105,0.24355283014399162,0.013394096740153424,registered
1218,1787909215.531232,1787909215.5304894,219.45676598964656,-1940.5432340103534,-2095.0860161233627,-1940.3589756577271,-1940.2179171390471,-0.32531687130631326,-0.31751432408145774,0.26293454787819664,0.014822968222542787,registered
1219,1787909215.5598407,1787909215.5591495,217.87548304320762,-1942.1245169567924,-2096.6672990698016,-1942.176674613614,-1941.9374023463279,-0.18711461046450495,-0.17098667284926705,0.25188304044945836,0.013508787504361571,registered
1220,1787909215.5889125,1787909215.5879881,216.171347374604,-1943.828652625396,-2098.3714347384052,-1943.913749972111,-1943.6676013472538,-0.16105127814216758,-0.16110083483454218,0.2097837763255324,0.010259472722763573,registered
1221,1787909215.6168733,1787909215.6161468,214.323316654888,-1945.676683345112,-2100.2194654581212,-1945.6344673744402,-1945.357004968373,-0.31967837673892063,-0.32265703276152635,0.2063968618261087,0.009342868213514875,registered
1222,1787909215.645288,1787909215.6446402,212.6054758227301,-1947.39452417727,-2101.937306290279,-1947.320307795952,-1947.0664915885277,-0.32803258874218955,-0.3454064318862038,0.17967636231170092,0.008940282070295869,registered
1223,1787909215.6740499,1787909215.6733346,210.95099504401287,-1949.0490049559871,-2103.5917870689964,-1948.9480992474946,-1948.7880365905812,-0.2609683654059154,-0.2688279462436185,0.1453030840479381,0.008636967482915063,registered
1224,1787909215.7026806,1787909215.7019074,209.58730245554716,-1950.4126975444528,-2104.955479657462,-1950.5616800616876,-1950.502286486148,0.08958894169518317,0.0757645420812878,0.13003145022784296,0.008601976707235679,registered
1225,1787909215.731694,1787909215.7310724,207.81970239519933,-1952.1802976048007,-2106.72307971781,-1952.1710982633945,-1952.2520678415462,0.07177023674557859,0.05776770458351166,0.1808046208232092,0.012957944932315899,registered
1226,1787909215.759718,1787909215.7589564,206.16811116486815,-1953.8318888351318,-2108.374670948141,-1953.7492150814396,-1953.9249931044828,0.09310426935098803,0.08753078586960328,0.14489120481377343,0.011042055875236398,registered
1227,1787909215.7882173,1787909215.7875452,204.7019974140694,-1955.2980025859306,-2109.84078469894,-1955.3162418302975,-1955.6402013767838,0.34219879085321736,0.3317275830845574,0.1526526075429755,0.012053356351344061,registered
1228,1787909215.8169236,1787909215.8162525,203.08679861517066,-1956.9132013848293,-2111.4559834978386,-1956.9658759439149,-1957.3625188018773,0.4493174170479506,0.43733966607305774,0.1879892200543844,0.014649422555531302,registered
1229,1787909215.8454978,1787909215.8447876,201.20184709527211,-1958.7981529047279,-2113.340935017737,-1958.7263179804609,-1959.074508644846,0.27635574011810604,0.2873938125621862,0.20333187016680215,0.015565062109478948,registered
1230,1787909215.8743916,1787909215.8735967,199.69122042839672,-1960.3087795716033,-2114.8515616846125,-1960.4833676867056,-1960.8029339336063,0.49415436200297336,0.5057028673827517,0.17625002893844924,0.014549401058694247,registered
1231,1787909215.915295,1787909215.9144285,197.8740789521994,-1962.1259210478006,-2116.66870316081,-1962.290819056987,-1963.252673604381,1.1267525565804135,1.123759671688731,0.2142508108996771,0.019848095016632764,registered
1232,1787909215.9322932,1787909215.9305162,195.63689985150722,-1964.3631001484928,-2118.905882261502,-1964.1798976795153,-1964.2178734091517,-0.14522673934106933,-0.12870834124123576,0.23212497511432695,0.0216576207727524,registered
1233,1787909215.9597654,1787909215.959173,193.79475149643758,-1966.2052485035624,-2120.7480306165717,-1966.062428386364,-1965.9371583586076,-0.26809014495484007,-0.25418217556807576,0.24093011778067008,0.02112712476483993,registered
1234,1787909215.9883409,1787909215.9876812,192.23514876033687,-1967.7648512396631,-2122.3076333526724,-1967.8553965323802,-1967.6475318348448,-0.11731940481831771,-0.15275355723360917,0.22386613975298592,0.01910244212995677,registered
1235,1787909216.0176296,1787909216.0169282,190.33814841866297,-1969.661851581337,-2124.2046336943463,-1969.6540652160274,-1969.402233811089,-0.2596177702480418,-0.2738556922481621,0.17037154435162866,0.01400243027858117,registered
1236,1787909216.0455313,1787909216.0448022,188.4265778781173,-1971.5734221218827,-2126.116204234892,-1971.4282999694396,-1971.07455830055,-0.49886382133263396,-0.46100002631010284,0.17648687086087528,0.013071609459273166,registered
1237,1787909216.0737448,1787909216.0731516,186.94638075410876,-1973.0536192458912,-2127.5964013589005,-1973.1331030980941,-1972.775405225963,-0.2782140199283276,-0.25919319337572233,0.15980637564144148,0.0109593669401359,registered
1238,1787909216.1025586,1787909216.1019113,185.43896830277527,-1974.5610316972247,-2129.103813810234,-1974.8157266171233,-1974.5008695597376,-0.060162137487168366,-0.05866238659109513,0.17874300749263625,0.012300562385022779,registered
1239,1787909216.1313794,1787909216.1305797,183.3733982916492,-1976.6266017083508,-2131.16938382136,-1976.5050363375951,-1976.2208554115814,-0.40574629676939367,-0.4075157273741752,0.1155237439433823,0.008890581320970647,registered
1240,1787909216.1601222,1787909216.1593056,181.6137196781392,-1978.3862803218608,-2132.92906243487,-1978.136753029647,-1977.9442885588433,-0.4419917630175405,-0.4467204613342801,0.09905131095828715,0.008298437937105758,registered
1241,1787909216.188017,1787909216.1874082,180.31411027973536,-1979.6858897202646,-2134.228671833274,-1979.7245798107383,-1979.6303307093262,-0.05555901093839566,-0.06623010778639582,0.12064494586693313,0.01034010175267567,registered
1242,1787909216.2170641,1787909216.21609,178.79259141739703,-1981.207408582603,-2135.750190695612,-1981.3471732378337,-1981.351117592471,0.14370900986796187,0.13446873222892464,0.11494896085329669,0.009672942219278039,registered
1243,1787909216.245324,1787909216.244703,176.97207942703062,-1983.0279205729694,-2137.5707026859786,-1982.9740451326338,-1983.0677848860696,0.039864313100224535,0.053111627369162306,0.1360134945595826,0.010826451114947637,registered
1244,1787909216.2740548,1787909216.2733753,175.47952368767756,-1984.5204763123224,-2139.0632584253317,-1984.5375592600344,-1984.7879996039992,0.2675232916767527,0.27978269584173177,0.11116051526823055,0.00851186005673133,registered
1245,1787909216.3027868,1787909216.3021286,173.92806279858405,-1986.071937201416,-2140.614719314425,-1986.1612686744145,-1986.5130777262534,0.4411405248374649,0.4418610773764158,0.1364177260481589,0.010419816005062026,registered
1246,1787909216.3312354,1787909216.330583,172.01931900712407,-1987.980680992876,-2142.523463105885,-1987.8866570657992,-1988.220232773158,0.23955178028199953,0.22868075681935807,0.1524633250143529,0.0128234502216164,registered
1247,1787909216.3598843,1787909216.3592165,170.28530137215284,-1989.7146986278472,-2144.2574807408564,-1989.6474973237891,-1989.9381159178379,0.22341728999072075,0.22238203345204965,0.13250648385177546,0.012891399522640129,registered
1248,1787909216.3881512,1787909216.3875446,168.74797728775775,-1991.2520227122423,-2145.7948048252515,-1991.43896241979,-1991.6376897756481,0.3856670634058901,0.39359693667211104,0.1763799431667769,0.0187223616546446,registered
1249,1787909216.417025,1787909216.4161913,166.78087066321905,-1993.219129336781,-2147.76191144979,-1993.3132687910042,-1993.3563739516285,0.13724461484753192,0.138185384035296,0.20184469814682582,0.021433452226001935,registered
1250,1787909216.445606,1787909216.444994,164.74971819451775,-1995.2502818054822,-2149.7930639184915,-1995.1690457515615,-1995.0844130288688,-0.16586877661347899,-0.17233837324511114,0.2529721544980697,0.0252788388802359,registered
1251,1787909216.4744718,1787909216.4737074,162.90050141427628,-1997.0994985857237,-2151.642280698733,-1997.0100091406857,-1996.807102361352,-0.2923962243717142,-0.2890035683944916,0.19192038630206606,0.01908600037428223,registered
1252,1787909216.5030527,1787909216.502215,161.1095569728118,-1998.8904430271882,-2153.4332251401975,-1998.8391334477567,-1998.5174329251981,-0.3730101019900758,-0.37229617275488636,0.17040863356267055,0.016956983642305908,registered
1253,1787909216.5314462,1787909216.5307376,159.31307129220704,-2000.686928707793,-2155.229710820802,-2000.6513556239215,-2000.2286789533878,-0.45824975440518756,-0.4742621311647781,0.1386472719696302,0.012727327813596733,registered
1254,1787909216.559916,1787909216.559194,157.72484750881722,-2002.2751524911828,-2156.817934604192,-2002.3949056108684,-2001.9359484333354,-0.3392040578473825,-0.326363406233213,0.14263881663555508,0.011394624130654406,registered
1255,1787909216.588819,1787909216.588066,155.89628612068464,-2004.1037138793154,-2158.6464959923246,-2004.0688155461867,-2003.6681500125123,-0.4355638668030224,-0.37702681139944616,0.1632016129332473,0.011384482528670227,registered
1256,1787909216.6172373,1787909216.6163754,154.32896528974197,-2005.671034710258,-2160.2138168232673,-2005.7023616847423,-2005.3665938440236,-0.3044408662344722,-0.24745053753167667,0.14903649101785207,0.01034104334292459,registered
1257,1787909216.6456068,1787909216.6449323,152.57334702310663,-2007.4266529768934,-2161.9694350899026,-2007.3159435960579,-2007.0798853628557,-0.346767614037617,-0.3482529517614239,0.12609402215210452,0.009334086644654368,registered
1258,1787909216.6741018,1787909216.6734514,151.00239094889776,-2008.9976090511022,-2163.5403911641115,-2008.8960041985679,-2008.7909168290898,-0.206692222012407,-0.2006380755074133,0.11314960694022316,0.008719107135886809,registered
1259,1787909216.7036726,1787909216.7029634,149.6188045500976,-2010.3811954499024,-2164.9239775629117,-2010.4919074942195,-2010.5615106941718,0.1803152442694227,0.1646710777026783,0.11776709741952968,0.009073367646452998,registered
1260,1787909216.7316089,1787909216.7309873,147.98844666999912,-2012.0115533300009,-2166.55433544301,-2012.0778392513998,-2012.2428324816337,0.2312791516328616,0.2406828450334615,0.11971095090525942,0.00885210213713936,registered
1261,1787909216.7599275,1787909216.759286,146.26906194812182,-2013.7309380518782,-2168.2737201648874,-2013.712503818675,-2013.9406326272783,0.20969457540013536,0.20227588832494803,0.12324465887623795,0.00842618528364711,registered
1262,1787909216.7898364,1787909216.7889824,144.65619333616905,-2015.343806663831,-2169.88658877684,-2015.3927178643903,-2015.7222978892646,0.3784912254336632,0.41220007894162336,0.1616404302883749,0.010313224830912382,registered
1263,1787909216.8168867,1787909216.8161752,142.80763525331258,-2017.1923647466874,-2171.7351468596967,-2017.1769978225695,-2017.353755478267,0.16139073157955863,0.19317583762085633,0.16979647311512466,0.010940969162744467,registered
1264,1787909216.8461363,1787909216.8455358,141.05684057130338,-2018.9431594286966,-2173.485941541706,-2019.0136636952257,-2019.1152662205664,0.1721067918697372,0.20335797120151256,0.20478675523164908,0.014405483549609844,registered
1265,1787909216.8745978,1787909216.8739145,139.17658518236613,-2020.8234148176339,-2175.366196930643,-2020.8459014987707,-2020.8178725540142,-0.005542263619645382,-0.013389555454978108,0.20998849118931237,0.015723686404265837,registered
1266,1787909216.902858,1787909216.9021084,137.24159957924167,-2022.7584004207583,-2177.3011825337676,-2022.7091527044304,-2022.5093931864276,-0.24900723433074745,-0.2851756077552636,0.24465324247011322,0.0180528483652788,registered
1267,1787909216.9317625,1787909216.931067,135.36103126277703,-2024.638968737223,-2179.181750850232,-2024.5569661953748,-2024.2467871649283,-0.3921815722947031,-0.3497995148127302,0.24123942280372393,0.016856848896270232,registered
1268,1787909216.9600308,1787909216.9592843,133.70307185494585,-2026.2969281450542,-2180.8397102580634,-2026.3312906937363,-2025.9397096021175,-0.35721854293660726,-0.37941862315756225,0.2702839624896887,0.017630900585488076,registered
1269,1787909216.9883142,1787909216.9877012,131.92259911267183,-2028.0774008873282,-2182.6201830003374,-2028.0780457712406,-2027.6446045964244,-0.4327962909037524,-0.43299867858286234,0.2347847846015735,0.013650670495669254,registered
1270,1787909217.0169666,1787909217.0162728,130.11842567480016,-2029.8815743251998,-2184.424356438209,-2029.7471448869455,-2029.3587829713392,-0.5227913538606117,-0.5178634708981917,0.22621823515407813,0.011475260999479453,registered
1271,1787909217.0456595,1787909217.0449677,128.6593962395359,-2031.340603760464,-2185.8833858734733,-2031.3453917961647,-2031.0803565816536,-0.26024717881045945,-0.30362126861109573,0.2820074807375228,0.013233850906246333,registered
1272,1787909217.0741804,1787909217.073548,127.07106764421815,-2032.9289323557819,-2187.471714468791,-2033.0059970019133,-2032.795064209392,-0.13386814638988653,-0.15988877492418396,0.21678083496707184,0.0096881120991144,registered
1273,1787909217.1028721,1787909217.1022527,125.33953567086519,-2034.6604643291348,-2189.203246442144,-2034.701452374668,-2034.5172242890517,-0.1432400400831284,-0.17089646565091243,0.2217057854166621,0.009582835475685423,registered
1274,1787909217.1320982,1787909217.1312795,123.81567866638943,-2036.1843213336106,-2190.72710344662,-2036.3120750576813,-2036.258709248837,0.0743879152264526,0.13382079381426593,0.20789037207938973,0.00906014386671191,registered
1275,1787909217.1604912,1787909217.15965,122.06532386965819,-2037.9346761303418,-2192.477458243351,-2037.926984063722,-2037.9608292418525,0.02615311151066635,0.0691914625967911,0.16572296989737748,0.007579455721223004,registered
1276,1787909217.188198,1787909217.1876094,119.99524219473187,-2040.0047578052681,-2194.5475399182774,-2039.6614459813345,-2039.6382746099848,-0.3664831952833083,-0.3761891996041413,0.15923782881172927,0.007409683313113014,registered
1277,1787909217.21735,1787909217.2166443,118.6671535105279,-2041.332846489472,-2195.8756286024814,-2041.3878085887193,-2041.3802459102026,0.04739942073047132,0.03231611499631981,0.11566854395197128,0.0052251777123528366,registered
1278,1787909217.246166,1787909217.2455666,117.32313039312476,-2042.6768696068752,-2197.2196517198845,-2043.0378181613155,-2043.115465660887,0.43859605401166846,0.4599759030725181,0.15650161752815914,0.006829023750918471,registered
1279,1787909217.2743504,1787909217.2735221,115.1996613028009,-2044.800338697199,-2199.3431208102083,-2044.766278393825,-2044.792682162934,-0.007656534265152004,-0.02472919663068751,0.09735341912268936,0.0043214082579519295,registered
1280,1787909217.303255,1787909217.3026192,113.19116113375958,-2046.8088388662404,-2201.3516209792497,-2046.5066912877724,-2046.5383868411773,-0.27045202506315036,-0.23180184333432408,0.1280389939590137,0.00621398833131644,registered
1281,1787909217.3322608,1787909217.3316348,111.91081298841482,-2048.089187011585,-2202.6319691245944,-2048.146934824673,-2048.2791995068355,0.19001249525035746,0.20172855259988864,0.1313891463055093,0.006688294819598818,registered
1282,1787909217.359879,1787909217.3592236,110.3269298673008,-2049.673070132699,-2204.2158522457084,-2049.8917696324847,-2049.9344162563775,0.26134612367832233,0.25422631323226597,0.10802670486279276,0.005613172065724185,registered
1283,1787909217.3884416,1787909217.3877664,108.04630790507099,-2051.953692094929,-2206.4964742079383,-2051.6969551472375,-2051.646863831518,-0.30682826341080727,-0.3226175934623825,0.1560643736178172,0.007838542299937183,registered
1284,1787909217.4171407,1787909217.4165382,106.62220245263188,-2053.377797547368,-2207.9205796603774,-2053.40964907351,-2053.373057675941,-0.004739871427318576,-0.07170931777272926,0.10687304000898318,0.00522937159675115,registered
1285,1787909217.4467127,1787909217.4458947,105.30876518313062,-2054.6912348168694,-2209.2340169298786,-2055.0951063356824,-2055.1343252480237,0.44309043115436,0.4200409262684843,0.1693321166390222,0.00825832779864974,registered
1286,1787909217.4748511,1787909217.4741325,102.89272526747436,-2057.1072747325256,-2211.650056845535,-2056.867285977146,-2056.828477840425,-0.27879689210067227,-0.24492458941085715,0.12602581707411945,0.006603106793393818,registered
1287,1787909217.5035653,1787909217.5027423,101.06894758289354,-2058.9310524171065,-2213.4738345301157,-2058.604006087594,-2058.5449448761983,-0.38610754090814225,-0.38273572410025736,0.1067481157359382,0.006102735005361075,registered
1288,1787909217.5322616,1787909217.5315766,99.9019154971511,-2060.098084502849,-2214.640866615858,-2060.217912419388,-2060.2748864027776,0.1768018999287051,0.21236603352963357,0.13889275960847308,0.008276132031792076,registered
1289,1787909217.5623245,1787909217.5615602,98.27381006779706,-2061.726189932203,-2216.268972045212,-2061.940281189516,-2062.0737738377256,0.347583905522697,0.3813018787004694,0.10405424646981211,0.006327030393475239,registered
1290,1787909217.5884774,1787909217.5878823,96.20378553302044,-2063.7962144669796,-2218.338996579989,-2063.7048079244355,-2063.652992742628,-0.143221724351406,-0.2011323502324558,0.1473455349055937,0.008761318705609948,registered
1291,1787909217.6173775,1787909217.6167789,94.6522946029263,-2065.3477053970737,-2219.890487510083,-2065.3474689930044,-2065.386667647233,0.038962250159329415,0.062367348744373885,0.10512800220965722,0.006143931340645257,registered
1292,1787909217.646518,1787909217.645763,93.19621893647218,-2066.803781063528,-2221.346563176537,-2067.0175094443202,-2067.1255921676825,0.3218111041546763,0.3535784080731901,0.137487782399952,0.008074923761150548,registered
1293,1787909217.674251,1787909217.6735535,90.94975370997918,-2069.050246290021,-2223.59302840303,-2068.8129728673725,-2068.7929102115154,-0.25733607850543194,-0.24767193057778059,0.08524404413216224,0.0052193891015381985,registered
1294,1787909217.702702,1787909217.7019563,89.22875695574203,-2070.771243044258,-2225.314025157267,-2070.5808811080306,-2070.4969612621303,-0.27428178212767307,-0.2728451778489216,0.09268603953774629,0.005821117686623457,registered
1295,1787909217.7319303,1787909217.7312021,87.99622862728711,-2072.003771372713,-2226.546553485722,-2072.260053101992,-2072.251591717723,0.2478203450100409,0.22719599185847983,0.11151525387211765,0.006991714699097908,registered
1296,1787909217.7603908,1787909217.7597122,86.20396549862517,-2073.796034501375,-2228.338816614384,-2073.985329007931,-2073.9620796270033,0.1660451256284432,0.1998955860526621,0.0978712374214862,0.005961837192128251,registered
1297,1787909217.7883904,1787909217.7877069,83.96514015352477,-2076.0348598464752,-2230.5776419594845,-2075.7524240769067,-2075.6416420064297,-0.39321784004550864,-0.4078448564496284,0.11738618370431794,0.007041968556939767,registered
1298,1787909217.8176515,1787909217.8169181,82.53783771127246,-2077.4621622887275,-2232.004944401737,-2077.393218752016,-2077.3941983631194,-0.06796392560818276,-0.08602480799390833,0.056991605794276486,0.0035282121098386687,registered
1299,1787909217.845783,1787909217.84504,81.12825507770413,-2078.871744922296,-2233.414527035305,-2079.062617743366,-2079.081399148162,0.20965422586596105,0.21021266201978506,0.1245797337051022,0.00805534900108526,registered
1300,1787909217.8745272,1787909217.8738432,79.10251810463615,-2080.897481895364,-2235.440264008373,-2080.8231992758115,-2080.809466833663,-0.08801506170084394,-0.06484038563849026,0.08058254210237405,0.005373415050359707,registered
1301,1787909217.9032114,1787909217.902522,77.30965271423247,-2082.6903472857675,-2237.233129398777,-2082.535698843001,-2082.530082067243,-0.16026521852472797,-0.13301999483246618,0.0811171890345934,0.005324063465270029,registered
1302,1787909217.9317505,1787909217.9311373,76.12319796364818,-2083.876802036352,-2238.419584149361,-2084.1728801986083,-2084.246878098015,0.370076061662985,0.35393451761956385,0.09413692173978239,0.00609799680143775,registered
1303,1787909217.9598768,1787909217.9592686,74.13850579738346,-2085.8614942026165,-2240.404276315626,-2085.886987711983,-2085.934636744142,0.07314254152561261,-0.012379351604067779,0.10116885347323352,0.006640150400149416,registered
1304,1787909217.9887877,1787909217.9878802,72.03891283288476,-2087.9610871671152,-2242.5038692801245,-2087.6757608839625,-2087.6512182129586,-0.3098689541566273,-0.34918868657496205,0.08812321893020872,0.005956754410764836,registered
1305,1787909218.0171974,1787909218.0165262,70.62651147128781,-2089.373488528712,-2243.9162706417214,-2089.3997628942184,-2089.369859476548,-0.0036290521643422835,-0.018296419858415902,0.07820616207908206,0.005222994603039546,registered
1306,1787909218.0458477,1787909218.0452054,69.16943544288506,-2090.830564557115,-2245.373346670124,-2091.088476221952,-2091.090489014258,0.25992445714291534,0.2856929711988414,0.09152654555543273,0.005835023325962755,registered
1307,1787909218.0814242,1787909218.0804732,67.09345596238336,-2092.9065440376166,-2247.449326150626,-2092.868158219005,-2093.206413194659,0.29986915704239436,0.3338661786915509,0.05880573100833021,0.0034299121270403134,registered
1308,1787909218.1035383,1787909218.1028528,65.10157161001507,-2094.898428389985,-2249.441210502994,-2094.5727215007755,-2094.549098999814,-0.34932939017107856,-0.3905363427611519,0.10455766720891477,0.005841922448913345,registered
1309,1787909218.131716,1787909218.1309128,63.91039509357961,-2096.0896049064204,-2250.6323870194296,-2096.2304253204525,-2096.232580710961,0.14297580454058334,0.10374175168408328,0.08514392296691564,0.0048141519058178366,registered
1310,1787909218.1606817,1787909218.159956,62.27622385818495,-2097.723776141815,-2252.2665582548243,-2097.9567829576536,-2097.975052655742,0.25127651392676853,0.20992663505239761,0.08692072420775122,0.005102818746619678,registered
1311,1787909218.1947362,1787909218.193789,60.0223800696258,-2099.977619930374,-2254.5204020433835,-2099.7330643177293,-2100.0048945795943,0.027274649220089486,0.04459466049956973,0.07727898373176971,0.004518285049026194,registered
1312,1787909218.2170084,1787909218.2163217,58.623540626133035,-2101.376459373867,-2255.919241486876,-2101.4250810828653,-2101.3567636364446,-0.019695737422352977,-0.009438291535388998,0.06293735753946583,0.0034838094042234087,registered
1313,1787909218.2456975,1787909218.2450173,57.092735495043144,-2102.907264504957,-2257.450046617966,-2103.10972170182,-2103.07838015915,0.17111565419327235,0.19801436672742057,0.0734363653548361,0.003817632611786849,registered
1314,1787909218.2741551,1787909218.273599,55.01578997465049,-2104.9842100253495,-2259.5269921383588,-2104.891410917872,-2104.7931593075405,-0.19105071780904836,-0.18867784768644924,0.06825412491959304,0.003516784404255457,registered
1315,1787909218.303015,1787909218.3023696,53.13151972585774,-2106.8684802741423,-2261.4112623871515,-2106.5771443324006,-2106.5192816313115,-0.34919864283074276,-0.3759114213048633,0.09686772205591544,0.005106025239184366,registered
1316,1787909218.3319073,1787909218.3311055,51.9267127992498,-2108.07328720075,-2262.6160693137595,-2108.1913481237134,-2108.2433155520494,0.17002835129915184,0.12218645151824603,0.10522697992401889,0.005506873220242546,registered
1317,1787909218.3599474,1787909218.3592408,50.205776646198956,-2109.794223353801,-2264.3370054668103,-2109.9462830069237,-2109.9313173683927,0.13709401459163928,0.11429954929280939,0.08492407793548577,0.004202798523159012,registered
1318,1787909218.388725,1787909218.387897,48.249030725432476,-2111.7509692745675,-2266.293751387577,-2111.666338789881,-2111.6505737095877,-0.10039556497986268,-0.07572728930699668,0.1487307352346243,0.00664037754033098,registered
1319,1787909218.4171176,1787909218.416271,46.82270777208896,-2113.177292227911,-2267.7200743409203,-2113.323015937899,-2113.3528939604284,0.17560173251740707,0.15452517530729892,0.14036414433123134,0.006224236671031447,registered
1320,1787909218.445768,1787909218.445119,44.97562822503642,-2115.0243717749636,-2269.567153887973,-2115.0138485702696,-2115.0836508224384,0.059279047474774416,0.048638531259257434,0.14495808485988473,0.007516385713279198,registered
1321,1787909218.4749005,1787909218.4741058,42.91771246305143,-2117.0822875369486,-2271.625069649958,-2116.7763124200537,-2116.8227469924523,-0.2595405444963035,-0.2493269268502445,0.15723256796536064,0.009675407777506079,registered
1322,1787909218.5032957,1787909218.502547,41.55951818830681,-2118.440481811693,-2272.9832639247024,-2118.5551150587276,-2118.5291010080564,0.08861919636319726,0.07965819202263447,0.17235995814617136,0.010990453650805981,registered
1323,1787909218.5323093,1787909218.5314302,39.88007803302298,-2120.119921966977,-2274.6627040799863,-2120.298811198769,-2120.261974881361,0.14205291438383938,0.11608547123387325,0.16935204935608467,0.010613874843461841,registered
1324,1787909218.5602388,1787909218.559529,38.03102871234796,-2121.968971287652,-2276.5117534006613,-2122.052201269631,-2121.947788165758,-0.021183121893955104,-0.05311001062091236,0.162906839168109,0.009796323409971018,registered
1325,1787909218.5887136,1787909218.5879362,36.094991467511136,-2123.905008532489,-2278.447790645498,-2123.791251284385,-2123.6520966907196,-0.2529118417692189,-0.2590793660133386,0.1559017513891556,0.008868022879781933,registered
1326,1787909218.617494,1787909218.616851,34.21741178328557,-2125.7825882167144,-2280.3253703297237,-2125.5310278539105,-2125.3868730133627,-0.3957152033517559,-0.41808774137780347,0.12481709889082125,0.0067500784341061664,registered
1327,1787909218.646587,1787909218.645679,32.905111087723526,-2127.0948889122765,-2281.6376710252857,-2127.2842800038875,-2127.116428328422,0.021539416145515133,0.04932798310073849,0.16334853990576037,0.008715869476561796,registered
1328,1787909218.6742883,1787909218.6735818,31.113291223909982,-2128.88670877609,-2283.4294908890993,-2128.9907617020417,-2128.7904836176576,-0.09622515843238943,-0.0903216954434356,0.10644795512157479,0.005523586896361662,registered
1329,1787909218.702951,1787909218.7023056,29.19602604533702,-2130.803973954663,-2285.3467560676722,-2130.6585614398487,-2130.5137880277466,-0.29018592691636513,-0.31878467784099485,0.12879121764905707,0.006342450318081452,registered
1330,1787909218.7317486,1787909218.7310717,27.70702047731629,-2132.2929795226837,-2286.835761635693,-2132.261343193046,-2132.239638573041,-0.0533409496429158,-0.08974838382528105,0.12851499427755966,0.006732543324410937,registered
1331,1787909218.7599895,1787909218.75934,26.189918529093575,-2133.8100814709064,-2288.3528635839157,-2133.856728998251,-2133.935622094129,0.12554062322260506,0.08184478319890331,0.10702524453006682,0.006568114971059955,registered
1332,1787909218.7887146,1787909218.7880738,24.37032633579065,-2135.6296736642093,-2290.1724557772186,-2135.5292099144726,-2135.659527277693,0.029853613483737718,0.03175949172464243,0.14161141878471595,0.010002902513054421,registered
1333,1787909218.8172522,1787909218.816545,22.82962389874683,-2137.170376101253,-2291.7131582142624,-2137.1868433831055,-2137.3676836137233,0.19730751247016087,0.20255409110677647,0.12041243290163103,0.00882109021754642,registered
1334,1787909218.8472807,1787909218.846316,21.34714955783147,-2138.6528504421685,-2293.195632555178,-2138.8687910075573,-2139.1538260685143,0.5009756263457348,0.4694224699496772,0.1409635727951575,0.010495622512175081,registered
1335,1787909218.8746915,1787909218.8738542,19.439436300306625,-2140.5605636996934,-2295.1033458127026,-2140.6274428382912,-2140.8059960382884,0.24543233859503744,0.24076045657784562,0.13949032283006704,0.011024455527000918,registered
1336,1787909218.9028263,1787909218.9021554,17.42333234637772,-2142.5766676536223,-2297.1194497666315,-2142.436885831005,-2142.503953529367,-0.07271412425507151,0.00979599770380446,0.19396357548980894,0.015981142023880724,registered
1337,1787909218.9313185,1787909218.930719,15.710426381613615,-2144.2895736183864,-2298.8323557313956,-2144.232360643384,-2144.2176455638496,-0.07192805453678375,-0.05056396329200652,0.19414087009749087,0.015516274918565958,registered
1338,1787909218.9600418,1787909218.9594433,13.98613635152924,-2146.0138636484708,-2300.55664576148,-2146.045119212171,-2145.9409928863297,-0.07287076214106492,-0.03984037371310478,0.16051720877071446,0.012428568776364012,registered
1339,1787909218.9886851,1787909218.9880188,12.13243912708549,-2147.8675608729145,-2302.4103429859238,-2147.88797463385,-2147.6554001273303,-0.21216074558424225,-0.11890002154859758,0.15634516004581275,0.012446198373939387,registered
1340,1787909219.0177724,1787909219.0171504,10.288877711504483,-2149.7111222884955,-2304.2539044015048,-2149.6587101092246,-2149.403178904477,-0.307943384018472,-0.31068662080042486,0.1400501634786436,0.01124052211355187,registered
1341,1787909219.0458848,1787909219.04524,8.72534266300272,-2151.2746573369973,-2305.8174394500065,-2151.32976737702,-2151.08843432779,-0.18622300920742418,-0.26726081488732234,0.15942447982894803,0.012002135615299146,registered
1342,1787909219.0745108,1787909219.0737443,6.928155275134941,-2153.071844724865,-2307.6146268378743,-2153.060259563351,-2152.7985789379413,-0.27326578692373005,-0.22772379315620128,0.1536766276803334,0.010637372712981336,registered
1343,1787909219.1030242,1787909219.1023912,5.02575087657533,-2154.9742491234247,-2309.517031236434,-2154.797847992413,-2154.517277418052,-0.45697170537278,-0.4077681895805654,0.1395348825911323,0.009896042080907799,registered
1344,1787909219.1318593,1787909219.131134,3.6681167072024436,-2156.3318832927976,-2310.874665405807,-2156.467453004307,-2156.24172615857,-0.090157134227411,-0.12026459209891982,0.1404503336838037,0.010304872908216457,registered
1345,1787909219.1604857,1787909219.1597676,2.1342133282551004,-2157.865786671745,-2312.408568784754,-2158.124999210435,-2157.9596236073803,0.09383693563540874,0.0968730885902005,0.16132360363445197,0.01174582596213797,registered
1346,1787909219.1889472,1787909219.1882582,359.9255697327735,-2160.0744302672265,-2314.6172123802357,-2159.7916934064715,-2159.6689385779705,-0.4054916892559959,-0.39154469998265995,0.13962586015088438,0.010345770095729265,registered
1347,1787909219.217317,1787909219.216557,358.4706765953524,-2161.5293234046476,-2316.072105517657,-2161.3896636878967,-2161.3667530277453,-0.1625703769022948,-0.25953645662048075,0.10764705930543979,0.008812912706043794,registered
1348,1787909219.2465193,1787909219.2458475,357.12021241849607,-2162.879787581504,-2317.422569694513,-2162.9906549677467,-2163.1240583557164,0.24427077421250942,0.15072643367147975,0.13434853501277713,0.012093051935188632,registered
1349,1787909219.274621,1787909219.2737713,355.33007206944194,-2164.669927930558,-2319.2127100435673,-2164.680846052707,-2164.7993724084245,0.12944447786640012,0.12509059174726644,0.10078700286417794,0.009724573935730658,registered
1350,1787909219.302985,1787909219.3022258,353.6922254863066,-2166.3077745136934,-2320.8505566267027,-2166.3659618239003,-2166.506527455329,0.19875294163557555,0.12405967982749644,0.13681973623188418,0.013666134741583848,registered
1351,1787909219.3319616,1787909219.3313537,352.12069281822914,-2167.879307181771,-2322.42208929478,-2168.0244491223357,-2168.25407736639,0.3747701846191376,0.35265930653304167,0.12285606953118218,0.012760673216374502,registered
1352,1787909219.3600235,1787909219.3593764,350.15824422505057,-2169.8417557749494,-2324.3845378879587,-2169.8060557055023,-2169.9353276332,0.09357185825047054,0.1346686384458735,0.12835504670095704,0.013770144574491947,registered
1353,1787909219.3887913,1787909219.3880217,348.23074254569246,-2171.7692574543075,-2326.312039567317,-2171.630070417062,-2171.653925984398,-0.11533146990950627,-0.13252490209151802,0.14835892737754233,0.015797111942338352,registered
1354,1787909219.4172533,1787909219.4165905,346.5674683299949,-2173.432531670005,-2327.9753137830144,-2173.4457361946766,-2173.3679327097484,-0.06459896025671696,-0.07851038521403098,0.15416519650960317,0.016283720769508313,registered
1355,1787909219.445895,1787909219.4453099,344.83754318484944,-2175.1624568151506,-2329.70523892816,-2175.2584450273894,-2175.0909796454907,-0.07147716965982909,-0.0168959991851807,0.1381059484254518,0.014676168442990257,registered
1356,1787909219.4769053,1787909219.4759626,342.9188171965393,-2177.0811828034607,-2331.62396491647,-2177.0603885862342,-2176.930018774379,-0.1511640290818832,-0.13663453338403997,0.11873475934732056,0.012546826223920076,registered
1357,1787909219.5040493,1787909219.5032158,341.1417516075794,-2178.8582483924206,-2333.40103050543,-2178.825440072767,-2178.5650953083646,-0.2931530840560299,-0.302482404694274,0.13160758154484564,0.013342329229947878,registered
1358,1787909219.532218,1787909219.5314913,339.4366410664511,-2180.563358933549,-2335.106141046558,-2180.4799292913103,-2180.2615079533634,-0.3018509801854634,-0.3074140771045677,0.10437193593482129,0.009824935090584396,registered
1359,1787909219.560603,1787909219.5598211,337.8500974319063,-2182.1499025680937,-2336.692684681103,-2182.131524725056,-2181.961181940086,-0.18872062800755884,-0.1855824018880412,0.13100764601725004,0.011334353210086504,registered
1360,1787909219.5890765,1787909219.5884123,336.08211912704655,-2183.9178808729534,-2338.4606629859627,-2183.8513722677785,-2183.676533253691,-0.24134761926234205,-0.24639703764523802,0.1285470952087019,0.01018460087450758,registered
1361,1787909219.617346,1787909219.6167212,334.51669535081874,-2185.4833046491813,-2340.0260867621905,-2185.5321904930215,-2185.3749484769414,-0.10835617223983718,-0.12911340153914352,0.10785350504576983,0.007885442815183528,registered
1362,1787909219.6462543,1787909219.645348,333.24020494479646,-2186.7597950552035,-2341.302577168213,-2187.1940049542113,-2187.0924454101014,0.3326503548978508,0.38918900516000576,0.1668404812730042,0.011283191533852132,registered
1363,1787909219.6742806,1787909219.6736596,330.991096386816,-2189.008903613184,-2343.551685726193,-2188.873292720213,-2188.791017978786,-0.2178856343980442,-0.16290040249259619,0.13433998531329788,0.008642214804248389,registered
1364,1787909219.7104478,1787909219.7095428,329.00325959313795,-2190.996740406862,-2345.5395225198713,-2190.5463119042333,-2190.943861119664,-0.052879287198265956,-0.021174666382648866,0.13950288658262203,0.010360347613225759,registered
1365,1787909219.733158,1787909219.7312355,327.890353386445,-2192.109646613555,-2346.6524287265643,-2192.1813998609637,-2192.2453367252315,0.1356901116764675,0.13264997038095316,0.10885568717565755,0.008726194996918152,registered
1366,1787909219.76061,1787909219.7598815,326.27723217070934,-2193.7227678292907,-2348.2655499423,-2193.8569357357155,-2193.9639779888207,0.24121015953005553,0.2323943843152847,0.12434640453452313,0.010469566785722374,registered
1367,1787909219.789174,1787909219.7884793,324.4737122323313,-2195.5262877676687,-2350.069069880678,-2195.5512427181584,-2195.679729818076,0.15344205040719316,0.1798520326246944,0.138730818715812,0.01178667188681206,registered
1368,1787909219.8255136,1787909219.8243802,322.89983903166967,-2197.1001609683303,-2351.6429430813396,-2197.1735475346063,-2197.8336314646012,0.7334704962709111,0.7621635919144865,0.12565416865237297,0.010880363698631223,registered
1369,1787909219.846137,1787909219.845295,321.17263617124536,-2198.8273638287546,-2353.370145941764,-2198.8715996245937,-2199.088432692781,0.26106886402658347,0.2788937856253142,0.14882345179446185,0.013088473207504855,registered
1370,1787909219.8746376,1787909219.8739982,319.19735346438983,-2200.80264653561,-2355.3454286486194,-2200.7194846806174,-2200.8105069476587,0.007860412048557919,0.02187985782757096,0.17729875935193715,0.015128535125427637,registered
1371,1787909219.902954,1787909219.9023428,317.43710101414126,-2202.5628989858587,-2357.105681098868,-2202.576465199941,-2202.511067790464,-0.051831195394697716,-0.06692406390766337,0.1840256860563575,0.015112427834927456,registered
1372,1787909219.9316323,1787909219.930993,315.719365232565,-2204.280634767435,-2358.8234168804443,-2204.3499580498965,-2204.2299665284,-0.05066823903507611,-0.05449918608928783,0.17015248389445628,0.013731297158874198,registered
1373,1787909219.9600954,1787909219.9594324,313.8558163337775,-2206.1441836662225,-2360.6869657792317,-2206.124078512833,-2205.9362061109614,-0.2079775552610954,-0.2086445042714331,0.173551382160224,0.013606530699296052,registered
1374,1787909219.989052,1787909219.9883814,311.88165582603506,-2208.118344173965,-2362.661126286974,-2207.9157971163045,-2207.673027924247,-0.4453162497179619,-0.48255393661565904,0.15748062169000177,0.011545894760180059,registered
1375,1787909220.0178676,1787909220.0171378,310.3067480856889,-2209.693251914311,-2364.2360340273203,-2209.625588095769,-2209.3982920001963,-0.29495991411477007,-0.30356291142106784,0.1284995278493846,0.008837747747638916,registered
1376,1787909220.0458777,1787909220.0452685,309.0167420243588,-2210.983257975641,-2365.5260400886505,-2211.2902708284596,-2211.0860220380623,0.1027640624211017,0.14406063825299498,0.18190371913418726,0.011891478490496318,registered
1377,1787909220.0747952,1787909220.073896,306.93057510586095,-2213.069424894139,-2367.6122070071483,-2213.0305533746973,-2212.803547579483,-0.2658773146558815,-0.2896451721671838,0.15208314353803284,0.009229139492417706,registered
1378,1787909220.1032753,1787909220.1026843,305.08787751050704,-2214.912122489493,-2369.454904602502,-2214.7414540159816,-2214.5307284089013,-0.38139408059169,-0.3679906720803956,0.15259237023736022,0.008966474596373111,registered
1379,1787909220.1318011,1787909220.1310961,303.84225192392114,-2216.157748076079,-2370.700530189088,-2216.3418478158483,-2216.2353230164704,0.07757494039151425,0.049793508746915904,0.1410028175521799,0.008385354288245196,registered
1380,1787909220.1601055,1787909220.1595345,302.009234274899,-2217.990765725101,-2372.5335478381103,-2217.9839796826964,-2217.94150538251,-0.04926034259096923,-0.09982211095439197,0.09157955860665958,0.005715540830874859,registered
1381,1787909220.1888983,1787909220.1881151,299.8718315634037,-2220.1281684365963,-2374.6709505496055,-2219.7142686981997,-2219.656227314379,-0.47194112221723117,-0.4486080132214738,0.11339164801388721,0.0071998859424853975,registered
1382,1787909220.2172904,1787909220.216689,298.8013464138662,-2221.198653586134,-2375.741435699143,-2221.374836813135,-2221.3705487305974,0.1718951444636332,0.19880469413647006,0.09256185126535861,0.005699366962142964,registered
1383,1787909220.2462418,1787909220.2456164,297.43916230950026,-2222.5608376904997,-2377.103619803509,-2223.035100440631,-2223.1060688680195,0.5452311775197813,0.5614712685537597,0.14221134853263206,0.008159998801569113,registered
1384,1787909220.2743886,1787909220.2737505,295.1140572077711,-2224.885942792229,-2379.428724905238,-2224.776267715384,-2224.793999163711,-0.09194362851803817,-0.06618799461830349,0.10044481156305225,0.005280288750743828,registered
1385,1787909220.3029969,1787909220.3023999,293.1303140649252,-2226.869685935075,-2381.412468048084,-2226.4987971618657,-2226.5128406851254,-0.3568452499494015,-0.3624710770695856,0.11197765185020143,0.0061306070050811175,registered
1386,1787909220.3317707,1787909220.3311272,291.87086271929047,-2228.1291372807095,-2382.671919393719,-2228.170136570351,-2228.23635965717,0.10722237646041322,0.09461329260375351,0.14426409903085302,0.00820754103170543,registered
1387,1787909220.3601043,1787909220.359471,290.24100786280087,-2229.758992137199,-2384.3017742502084,-2229.944351855471,-2229.936877587584,0.1778854503850198,0.1667104747753001,0.12544537706344233,0.0072927696237739545,registered
1388,1787909220.388977,1787909220.3881705,288.18043062756306,-2231.819569372437,-2386.362351485446,-2231.729523569163,-2231.658722976376,-0.16084639606106066,-0.14308765929899891,0.10821632829257861,0.006138710391920067,registered
1389,1787909220.4175913,1787909220.4168496,286.5760899067268,-2233.423910093273,-2387.9666922062825,-2233.406497477529,-2233.379352514086,-0.04455757918731251,-0.04157391659828136,0.09341235180310375,0.005117142262503766,registered
1390,1787909220.4464011,1787909220.445761,285.1706666426503,-2234.8293333573497,-2389.372115470359,-2235.055407260841,-2235.113914274774,0.2845809174241367,0.24075826726266314,0.10446663134348613,0.00566847633920619,registered
1391,1787909220.4749792,1787909220.4741411,283.02887088893794,-2236.971129111062,-2391.5139112240713,-2236.8169845000402,-2236.816606433004,-0.1545226780581288,-0.15822340159411397,0.08140943290098512,0.004632856367046481,registered
1392,1787909220.503499,1787909220.5026515,281.1533010630146,-2238.8466989369854,-2393.3894810499946,-2238.5728239389746,-2238.5271086464145,-0.3195902905708863,-0.3168439709525046,0.11459544105601961,0.006836894833400943,registered
1393,1787909220.5317492,1787909220.5310547,279.94794985834915,-2240.052050141651,-2394.59483225466,-2240.240881889211,-2240.2311883052903,0.17913816363943624,0.1577038545974574,0.09963934253387863,0.00597750639840774,registered
1394,1787909220.5601306,1787909220.559437,278.34540962151823,-2241.6545903784818,-2396.197372491491,-2241.9578064747293,-2241.9340092006937,0.27941882221193737,0.25248983520123147,0.1234377332158029,0.007216001985986619,registered
1395,1787909220.5889485,1787909220.5883148,276.03812566778015,-2243.96187433222,-2398.504656445229,-2243.7116435772264,-2243.6665540789995,-0.29532025322032496,-0.3096713942295537,0.1135754661877876,0.006264493486987579,registered
1396,1787909220.6174037,1787909220.6167364,274.49238904267304,-2245.507610957327,-2400.050393070336,-2245.3771571396583,-2245.3717351559135,-0.13587580141347644,-0.12730228071177407,0.08917283336559595,0.0048564976092070914,registered
1397,1787909220.6461308,1787909220.645446,273.15144579652315,-2246.848554203477,-2401.391336316486,-2247.0325074398033,-2247.094195622311,0.2456414188341114,0.2525355547104482,0.11128245526533098,0.006099579033167856,registered
1398,1787909220.6748762,1787909220.6740525,271.12353046297403,-2248.876469537026,-2403.419251650035,-2248.8055284791285,-2248.810462400259,-0.06600713676698433,-0.050140820634624106,0.09039290982724667,0.00494954825516715,registered
1399,1787909220.7029243,1787909220.702396,269.35738519242113,-2250.642614807579,-2405.185396920588,-2250.3760927193593,-2250.5109517224128,-0.13166308516611025,-0.14036625230801292,0.13239646939415334,0.007063842831519157,registered
1400,1787909220.7329206,1787909220.7323406,267.98429332717524,-2252.0157066728248,-2406.558488785834,-2252.0806695921583,-2252.307507584111,0.29180091128637287,0.28145398175229275,0.09689665824344933,0.005067811478464719,registered
1401,1787909220.7605734,1787909220.7600045,266.2371568412118,-2253.762843158788,-2408.3056252717975,-2254.042677200192,-2253.9672301347186,0.20438697593044708,0.19004283191043214,0.10602590677885464,0.005499557616905154,registered
1402,1787909220.788993,1787909220.7884972,264.0029418655977,-2255.9970581344023,-2410.5398402474116,-2256.0878785085006,-2255.676673842482,-0.3203842919201634,-0.3373052089655175,0.10375548658106526,0.0054670295292542324,registered
1403,1787909220.8174648,1787909220.8169255,262.5644503949402,-2257.43554960506,-2411.978331718069,-2258.097412629356,-2257.3822554350463,-0.05329417001348702,-0.04204563833309294,0.07801834941173193,0.004199505821860604,registered
1404,1787909220.8743796,1787909220.8738906,259.1056899238224,-2260.8943100761776,-2415.437092189187,-2260.1724359951377,-2260.7999269994916,-0.0943830766859719,-0.05965542998592355,0.1020781567916179,0.005478415202272596,registered
1405,1787909220.9030433,1787909220.902613,257.3163083814152,-2262.683691618585,-2417.226473731594,-2262.274933670871,-2262.5231455847984,-0.1605460337864315,-0.15107878937715213,0.11136723094452225,0.005741359446332488,registered
1406,1787909220.9329662,1787909220.9313328,255.8755380153434,-2264.1244619846566,-2418.667244097666,-2264.224699952891,-2264.2462211288016,0.12175914414501676,0.10090935051402994,0.10033131646367861,0.00505084096662524,registered
1407,1787909220.9608977,1787909220.960216,254.15799008934755,-2265.8420099106525,-2420.3847920236617,-2266.0420121541706,-2265.979095002106,0.13708509145362768,0.1314428476307512,0.11015165805659462,0.005428221119980303,registered
1408,1787909220.9894035,1787909220.9887393,252.20455927090734,-2267.7954407290927,-2422.338222842102,-2267.8173641218973,-2267.690369638556,-0.1050710905365122,-0.10039984072500374,0.11075362768301923,0.0053117318355456605,registered
1409,1787909221.0172033,1787909221.0167043,250.50557126473086,-2269.494428735269,-2424.0372108482784,-2269.383738553883,-2269.368158305818,-0.12627042945132416,-0.12152042524439821,0.08164022894517851,0.0038991003788381856,registered
1410,1787909221.0458245,1787909221.045321,249.0485992842796,-2270.9514007157204,-2425.4941828287297,-2271.1102193897696,-2271.0850401613716,0.1336394456511698,0.13821407362001992,0.12462751574765875,0.0060043299474782175,registered
1411,1787909221.0746424,1787909221.0740423,247.15485017289484,-2272.845149827105,-2427.3879319401144,-2272.855535710614,-2272.808201530157,-0.036948296948139614,-0.06174948270790992,0.08078543924195097,0.003856508773336981,registered
1412,1787909221.102953,1787909221.1023967,245.3521867450795,-2274.6478132549205,-2429.1905953679297,-2274.5448363585724,-2274.5093488423076,-0.1384644126128478,-0.18261868634954226,0.10956786016018864,0.005058379223503154,registered
1413,1787909221.1318297,1787909221.1312726,243.77475730584456,-2276.2252426941554,-2430.7680248071647,-2276.245518025469,-2276.2417792875704,0.016536593414912204,-0.016421943025306973,0.11838739475111673,0.005309989025295973,registered
1414,1787909221.1603885,1787909221.159836,242.0140450636336,-2277.9859549363664,-2432.5287370493756,-2277.9733138522015,-2277.9554713220527,-0.03048361431365265,-0.04412697076713812,0.07907727714549752,0.0034455798140999184,registered
1415,1787909221.1887126,1787909221.1880898,240.36556560391864,-2279.6344343960814,-2434.1772165090906,-2279.70118856057,-2279.6505822911886,0.01614789510722403,-0.015492960618757934,0.12827556705084656,0.005485207181049146,registered
1416,1787909221.2173443,1787909221.2168458,238.65628906890788,-2281.343710931092,-2435.8864930441014,-2281.391378225685,-2281.375817758877,0.032106827784900815,0.0326145872941197,0.08043568335477722,0.0034831877851329565,registered
1417,1787909221.24613,1787909221.2456703,236.77441445609156,-2283.2255855439084,-2437.7683676569177,-2283.099693853497,-2283.105172816111,-0.1204127277974294,-0.1369541320063945,0.12795684017503664,0.005777350471024646,registered
1418,1787909221.274661,1787909221.274117,235.22565608196055,-2284.7743439180394,-2439.3171260310487,-2284.790633944307,-2284.811855826714,0.03751190867433252,0.009631719881326717,0.08842860884565959,0.0040844102469664734,registered
1419,1787909221.3033051,1787909221.302777,233.5369162578154,-2286.4630837421846,-2441.005865855194,-2286.476455680285,-2286.5313410339945,0.06825729180991402,0.052227457823846635,0.13221697649828623,0.006075012347879783,registered
1420,1787909221.3321474,1787909221.3316653,231.79020994359507,-2288.209790056405,-2442.752572169414,-2288.1571590614244,-2288.2645152940368,0.05472523763182835,0.06135814621075042,0.12890590683199957,0.005684873141202654,registered
1421,1787909221.3605826,1787909221.360032,230.1397025225142,-2289.860297477486,-2444.403079590495,-2289.832744087724,-2289.9664064209665,0.10610894348064903,0.12630258966146357,0.14041745268103126,0.005731841937668473,registered
1422,1787909221.3888443,1787909221.3882873,228.55513407839862,-2291.4448659216014,-2445.9876480346106,-2291.5032107591855,-2291.661603214884,0.21673729328267655,0.23251196231876747,0.20612922670409833,0.007532392486139204,registered
