scan_index,bag_stamp_s,header_stamp_s,time_s,input_point_count,finite_point_count,central_point_count,target_point_count,target_depth_mean_m,target_depth_std_m,target_depth_p05_m,target_depth_p95_m,target_u_centroid,target_v_centroid,target_radial_std,h5_magnitude,relative_angle_deg,offline_relative_angle_deg,local_rpm,raw_motion_residual_deg,heldout_motion_residual_deg,rejected_branch_boundary
0,1787909179.5251195,6839.39933539,0.0,24000,24000,4565,896,1.9452488833506192,0.11303410936223376,1.815999984741211,2.128000020980835,-0.010342997498810291,0.022224675863981247,0.021106765602705503,0.3133050501346588,0.0,0.0,-10.098417013308948,0.7812050798515534,0.8553818809887059,False
1,1787909179.6257575,6839.49996971,0.10063791275024414,24000,24000,4725,1035,1.9426531400081617,0.10335317345754036,1.815000057220459,2.0940001010894775,-0.01460746955126524,0.02273687906563282,0.022687589613469727,0.3401777744293213,-6.81040712235677,-6.05846917906878,-10.032404352582049,0.009349971720332917,-0.1290615255085079,False
2,1787909179.725335,6839.59981707,0.20021533966064453,24000,24000,4630,987,1.9497406258046808,0.10986039741487262,1.8256000399589538,2.1297000646591187,-0.007720302790403366,0.025143206119537354,0.02194802851430077,0.33679261803627014,-12.554157665490356,-12.114815674804717,-10.032404352582049,0.24051937086999864,0.487970950618557,False
3,1787909179.8256483,6839.69965337,0.30052876472473145,24000,24000,4671,976,1.9520461075618618,0.10782102526531406,1.8285000026226044,2.117250084877014,-0.007045258302241564,0.027765735983848572,0.022097676177963217,0.3614705502986908,-18.687764491841055,-18.169039487207808,-10.045436365470586,0.12599440363840486,0.053272547885370614,False
4,1787909179.9259574,6839.79948777,0.40083789825439453,24000,24000,4729,994,1.9604185131234182,0.12448397354174914,1.820650005340576,2.215399968624115,-0.00859836582094431,0.025106854736804962,0.022681174324534894,0.33470526337623596,-24.90911680894605,-24.221140616278056,-10.063337505378012,-0.0765335582357416,-0.25734781211043156,False
5,1787909180.025255,6839.89931847,0.5001354217529297,24000,24000,4837,1086,1.9478029474808147,0.11321660551967351,1.8132499754428864,2.1152499318122864,-0.008107597008347511,0.02003931626677513,0.022869764557364745,0.27740514278411865,-30.461806575021157,-30.271119062015465,-10.063337505378012,0.32890164214950346,0.5159856036755528,False
6,1787909180.1254954,6839.99997097,0.6003758907318115,24000,24000,4620,978,1.9573558265446154,0.11736010578935901,1.8276999533176421,2.1770501136779785,-0.007814801298081875,0.023100774735212326,0.0233696949934123,0.3084644079208374,-36.834819414880435,-36.318974824420025,-10.063661147928743,-0.02940690469100815,-0.19012616265212756,False
7,1787909180.2250412,6840.09980315,0.6999216079711914,24000,24000,4649,945,1.955857142947969,0.11338411600175846,1.8309999704360962,2.1172000408172607,-0.006945507135242224,0.024173380807042122,0.02252856134191794,0.3131501376628876,-42.58061125005917,-42.364707903491734,-10.063661147928743,0.19781853479472744,0.5058597892022476,False
8,1787909180.3251848,6840.19962505,0.800065279006958,24000,24000,4644,921,1.9563669925403906,0.11340835403914741,1.8220000267028809,2.1530001163482666,-0.006154055707156658,0.022188331931829453,0.02295520950542025,0.2859586775302887,-48.94955337885533,-48.408318299230615,-10.083758384870423,-0.16222744423999558,0.020506479180731674,False
9,1787909180.4256384,6840.29945707,0.9005188941955566,24000,24000,4766,970,1.9564020653360898,0.11717529971230384,1.8174499988555908,2.164649987220764,-0.005029298365116119,0.021141763776540756,0.024307941654313044,0.27772054076194763,-54.9460462072251,-54.44980601163664,-10.079353388023607,-0.1312266198076415,-0.36636651949078214,False
10,1787909180.5253446,6840.39930415,1.0002250671386719,24000,24000,4786,931,1.959808809544679,0.1283513067629262,1.8184999823570251,2.2519999742507935,-0.003962754737585783,0.019443651661276817,0.022973873454132945,0.2500442564487457,-60.61520773483931,-60.48917104070891,-10.051843964071082,0.18225691150907153,0.018512136199689166,False
11,1787909180.625594,6840.49993925,1.1004743576049805,24000,24000,4709,881,1.9574653812759175,0.12573064955967272,1.812999963760376,2.194000005722046,-0.004760872572660446,0.01793893799185753,0.023733862358569262,0.23853102326393127,-66.34526372368902,-66.53169106823555,-10.051843964071082,0.4674345292261961,0.3714556235388784,False
12,1787909180.72534,6840.59978501,1.2002203464508057,24000,24000,4732,847,1.9456623381678864,0.12641224565095152,1.8049999475479126,2.198999929428099,-0.00549737736582756,0.011683802120387554,0.023208470655572317,0.16628292202949524,-73.12487328057142,-72.57079124823474,-10.035454151128596,-0.32714090487314706,-0.6037624710018292,False
13,1787909180.825463,6840.69962045,1.3003435134887695,24000,24000,4873,857,1.9408063040035608,0.11765055933298081,1.806600022315979,2.1604000568389883,-0.006245691329240799,0.012367629446089268,0.023791662631277206,0.1776760071516037,-78.75389693476701,-78.61924042356968,-10.033007781459373,0.051501294337697345,-0.0100943782673113,False
14,1787909180.9255736,6840.79945441,1.400454044342041,24000,24000,4933,904,1.9464103972489855,0.12158611721494694,1.8131499707698822,2.2178000807762137,-0.01003043819218874,0.01617860235273838,0.023819970621963494,0.2401575893163681,-85.32582522039561,-84.66285817366023,-10.016475468697502,-0.5135193437776593,-0.531611258114296,False
15,1787909181.0257752,6840.89931591,1.5006556510925293,24000,24000,4746,874,1.9408501139767382,0.11752124339862098,1.810649973154068,2.198050034046173,-0.006988446228206158,0.012235462665557861,0.024139682529615878,0.18319828808307648,-90.79401783536767,-90.66341032799806,-9.996575139774192,0.030660493503177122,-0.07639052965949134,False
16,1787909181.1253116,6840.99994805,1.6001920700073242,24000,24000,4631,900,1.9317099999056921,0.11402705003747396,1.8059499919414521,2.1566498994827263,-0.007788647431880236,0.008946825750172138,0.02375187474147185,0.1553444266319275,-97.29458553840396,-96.64318692096293,-9.996575139774192,-0.49744785995987684,-0.698713944711514,False
17,1787909181.225483,6841.09978007,1.7003633975982666,24000,24000,4781,933,1.9365584161631675,0.11906230624706388,1.8009999990463257,2.1361999988555906,-0.011297830380499363,0.011864898726344109,0.024046779565544425,0.2131635695695877,-103.79644461086876,-102.62800027656627,-9.982461487539538,-0.9887513131611456,-1.228480929921659,False
18,1787909181.3252885,6841.19961687,1.8001689910888672,24000,24000,4644,929,1.931981699715646,0.1079043540976795,1.8229999542236328,2.089599943161011,-0.012256246991455555,0.013905905187129974,0.02374785626932778,0.24289876222610474,-109.12086061107668,-108.57053408452832,-9.985889991140098,-0.32455674769354914,0.11607757713693445,False
19,1787909181.4258907,6841.29944871,1.900771141052246,24000,24000,4534,957,1.925857885628783,0.10675678067356069,1.809999942779541,2.116599941253662,-0.012638692744076252,0.009623723104596138,0.023521175902781306,0.21138636767864227,-115.41263327043808,-114.56390199402865,-9.997601190126202,-0.579923258564861,-0.5691622546363675,False
20,1787909181.5252485,6841.39928437,2.000128984451294,24000,24000,4483,875,1.921742858341762,0.11051578100805913,1.8049999475479126,2.0683000564575194,-0.01689038798213005,0.011824904941022396,0.02399451869193203,0.27186253666877747,-120.55718132980344,-120.56175869927313,-9.999443400094474,0.23727300873727586,0.29987392237033816,False
21,1787909181.62563,6841.49993193,2.100510358810425,24000,24000,4543,886,1.9317471776536033,0.12188888345590591,1.801250010728836,2.180999994277954,-0.016328739002346992,0.010384315624833107,0.02426663399719515,0.25244349241256714,-126.44148692282685,-126.51555809960084,-9.975629655824415,0.37612641973035466,0.29826714263545284,False
22,1787909181.7256224,6841.59976233,2.200502872467041,24000,24000,4733,986,1.9330496958496604,0.12122179528371489,1.805999994277954,2.145750045776367,-0.0077609410509467125,0.010467671789228916,0.023130752901876345,0.17480185627937317,-133.0106343320461,-132.46301479552295,-9.990038131866582,-0.1931946989026585,-0.4545593977292697,False
23,1787909181.8257916,6841.69960223,2.3006720542907715,24000,24000,4543,899,1.9375572872904436,0.12254398588898009,1.8029999732971191,2.2013999700546263,-0.011092291213572025,0.00992064829915762,0.02302247052446238,0.20003747940063477,-138.4651258788942,-138.4902511572,-9.975362398646253,0.3627406215686051,0.3283625143418476,False
24,1787909181.9258223,6841.79945393,2.400702714920044,24000,24000,4569,888,1.939588962240262,0.12291701036627663,1.8036999642848968,2.2101500153541562,-0.012528164312243462,0.015167700126767159,0.023194113133093705,0.2638750672340393,-144.3154301627982,-144.4346946587039,-9.991118585383026,0.5145515517019987,0.5662696076385885,False
25,1787909182.0248673,6841.89928655,2.4997477531433105,24000,24000,4658,995,1.9493849251138504,0.11683834651800269,1.8186999917030335,2.1355000257492063,-0.01327782217413187,0.01861376129090786,0.02317278009303254,0.3035420775413513,-151.00322037009568,-150.45167417478336,-9.99114129413882,-0.23026350122751182,-0.16165345839198153,False
26,1787909182.1258798,6841.99992983,2.6007602214813232,24000,24000,4967,1105,1.9456298647962544,0.103249011646743,1.8250000476837158,2.090600061416626,-0.013895486481487751,0.022699281573295593,0.022699552268944847,0.345324844121933,-156.76576408732848,-156.44741242554622,-9.982936298383766,0.0682191629013289,-0.17364262082429605,False
27,1787909182.2256105,6842.09977095,2.700490951538086,24000,24000,4838,1122,1.957004454790377,0.11486415467490321,1.8250000476837158,2.156950056552887,-0.010401297360658646,0.021068407222628593,0.022167449805628854,0.3068201541900635,-162.95233827144844,-162.48200699129941,-9.990101715472994,-0.1342364678160095,-0.24769570203045532,False
28,1787909182.3257961,6842.19961799,2.8006765842437744,24000,24000,4858,1057,1.9491920527581799,0.10752903011774981,1.8270000219345093,2.1024000167846677,-0.007895953953266144,0.02493343874812126,0.021231975762127594,0.33272457122802734,-169.30972558308915,-168.52789964512363,-9.99663813038006,-0.48020981389899475,-0.7709818212196637,False
29,1787909182.4263597,6842.29944581,2.901240110397339,24000,24000,4864,1051,1.9510723125582985,0.10580462990323405,1.831999957561493,2.121000051498413,-0.00463471282273531,0.02487719990313053,0.021629796423318037,0.3210700452327728,-175.02791696071728,-174.55643329299198,-9.999201079362157,-0.16431257803134258,-0.310707245369116,False
30,1787909182.52567,6842.39928943,3.0005505084991455,24000,24000,5015,1151,1.9517228508078461,0.095721197994608,1.8425000309944153,2.1050000190734863,-0.007863545790314674,0.020862367004156113,0.021860482208999672,0.28996893763542175,-181.02294848958823,-180.57069191367603,-10.00171502361148,-0.20044662877720043,-0.2865730345437214,False
31,1787909182.6258185,6842.49993463,3.100698947906494,24000,24000,4840,1054,1.951748577195734,0.1049085176894831,1.8366499960422515,2.1147000312805173,-0.005591446999460459,0.021006738767027855,0.020763454020433086,0.2734684646129608,-187.34839006290295,-186.5386325566303,-9.999874815390129,-0.5167059368990863,-0.5554525646489026,False
32,1787909182.726317,6842.59975435,3.201197385787964,24000,24000,4877,1014,1.9587485237704696,0.11223939916527413,1.8380000591278076,2.1593499779701233,-0.00529172457754612,0.021771473810076714,0.02165609351815566,0.28878557682037354,-193.0512550903354,-192.48798670277972,-10.015209532829617,-0.18938782647427388,-0.33128968448414753,False
33,1787909182.8254035,6842.69959247,3.300283908843994,24000,24000,4870,958,1.9574091862537168,0.11035358423028473,1.8350000381469727,2.161600005626678,-0.006305234506726265,0.017703430727124214,0.022443329514254564,0.24008701741695404,-198.51801045402047,-198.5452956952555,-10.001530850150827,0.28932116846175404,0.05588209613642903,False
34,1787909182.9252462,6842.79942435,3.4001266956329346,24000,24000,4886,857,1.9586721091175858,0.12528973760597073,1.8270000219345093,2.2166000843048095,-0.0050114961341023445,0.009319454431533813,0.02301174184433119,0.13727806508541107,-205.222687411843,-204.52537133584292,-9.991478969548988,-0.4245135233203712,-0.5292693866800846,False
35,1787909183.024498,6842.89966689,3.4993784427642822,24000,24000,5010,856,1.9551121502000595,0.12916591764739452,1.8240000009536743,2.226499915122986,-0.003340147901326418,0.005348849575966597,0.021985231202968664,0.08250497281551361,-210.84807378434633,-210.43931419097248,-9.970023140815798,-0.09452163750475506,-0.2703491872987911,False
36,1787909183.1255767,6842.99950601,3.600457191467285,24000,24000,4875,854,1.9495456662613557,0.12311265505684618,1.8226499795913695,2.194050085544586,-0.0068945931270718575,0.003834242234006524,0.021770122189876128,0.1024307906627655,-216.51866020102054,-216.39666898269883,-9.973799017178193,0.299895331679096,0.18490591183896754,False
37,1787909183.2254303,6843.09935349,3.700310707092285,24000,24000,4943,853,1.948555685710795,0.1119990810874501,1.8289999961853027,2.1687999725341793,-0.011654394678771496,0.007985582575201988,0.022934129654207193,0.18506866693496704,-222.26774018970053,-222.40153164936424,-9.968079452196886,0.5423013687601212,0.5650989307283396,False
38,1787909183.325957,6843.19997873,3.800837516784668,24000,24000,5054,865,1.9500416201663155,0.117491925017978,1.8242000102996827,2.2084000110626216,-0.012541992589831352,0.008932325057685375,0.022387483688294997,0.19932018220424652,-228.72523243116467,-228.37731819009122,-9.97142360467451,0.11669465197002182,0.07451969073761688,False
39,1787909183.4255314,6843.29981577,3.90041184425354,24000,24000,5144,1004,1.9426035869169045,0.11674795963799303,1.8211499869823455,2.1678499937057496,-0.014091056771576405,0.009166841395199299,0.02285847632345471,0.21899378299713135,-234.44665316645532,-234.38276801332887,-9.97142360467451,0.3700078839322316,0.30144557331388455,False
40,1787909183.525544,6843.39966893,4.000424385070801,24000,24000,4906,920,1.936015216552693,0.1090574513447844,1.8129499673843383,2.151150023937225,-0.014635080471634865,0.00892277155071497,0.02263078503288446,0.22648294270038605,-241.1277901505082,-240.36892458669763,-9.969693303999128,-0.31010112472259266,-0.39849858837283136,False
41,1787909183.625348,6843.49951837,4.100228548049927,24000,24000,4932,942,1.937304670896753,0.10799554181746367,1.820050048828125,2.1589999198913574,-0.014629586599767208,0.014056973159313202,0.022699029212771973,0.26755452156066895,-247.1445373092817,-246.33981053562636,-9.970829819350621,-0.33832355244999235,-0.5273260677444966,False
42,1787909183.7253137,6843.59936785,4.2001941204071045,24000,24000,4904,973,1.9388108944476325,0.10868750072250573,1.825600004196167,2.144799995422363,-0.015993919223546982,0.015210120938718319,0.022466211546673654,0.2901701033115387,-253.30985123559813,-252.32673804611022,-9.98895053285886,-0.505427740367594,-0.5469798517956406,False
43,1787909183.824976,6843.69961155,4.299856424331665,24000,24000,5069,1075,1.946214885378993,0.11685689172368621,1.815999984741211,2.18309998512268,-0.017955025658011436,0.015968941152095795,0.022589907672893938,0.31878462433815,-258.29652644282066,-258.32959458223854,-10.011014209015356,0.48790984937193116,0.4749302097791315,False
44,1787909183.9252892,6843.79945415,4.400169610977173,24000,24000,4848,1049,1.9448560524032272,0.11466622398738031,1.8174000024795531,2.132599925994873,-0.016705207526683807,0.022825203835964203,0.022448135005539358,0.3670749068260193,-264.5659392754403,-264.2880225704333,-10.033794996296011,0.23756457009977794,0.21721482327205877,False
45,1787909184.0297844,6843.89929365,4.504664897918701,24000,24000,4579,1091,1.956593950662342,0.12408009899806226,1.8270000219345093,2.19350004196167,-0.015129017643630505,0.024983273819088936,0.02108829434988131,0.37423479557037354,-271.10020303551795,-270.34065337073156,-10.070066087675007,-0.026694097525137295,-0.06891924879727185,False
46,1787909184.1256478,6843.99994331,4.600528240203857,24000,24000,4909,1133,1.95342806810209,0.11223969128891634,1.8270000219345093,2.160400056838989,-0.013052507303655148,0.02950563281774521,0.021337481516383188,0.4243965148925781,-277.2168102223923,-276.43609175637795,-10.071142111614684,-0.3912366516299812,-0.41579019400342077,False
47,1787909184.2254121,6844.09978903,4.700292587280273,24000,24000,4961,1113,1.9606307287636042,0.1184042372073898,1.8246000289916993,2.1760001182556152,-0.011863214895129204,0.02770092710852623,0.020974719708631746,0.3979725241661072,-282.2482029134659,-282.50061130479713,-10.045493657883663,0.5635063244903904,0.597510956354995,False
48,1787909184.32562,6844.19962119,4.800500392913818,24000,24000,4943,1101,1.9616802912425388,0.12000615331876154,1.8329999446868896,2.2049999237060547,-0.008900574408471584,0.022472070530056953,0.02098193581740138,0.31605443358421326,-288.62369971071587,-288.5097180041533,-10.036692138140687,0.20075392955413918,-0.014444395547911881,False
49,1787909184.426439,6844.29946433,4.90131950378418,24000,24000,4719,1011,1.9568209704730206,0.12098790641400604,1.8250000476837158,2.1644999980926514,-0.010495634749531746,0.02059001848101616,0.021928011799693614,0.30352309346199036,-294.5884620717132,-294.54263656030435,-10.015548255811966,0.2854159691753466,0.2361115453799698,False
50,1787909184.5254722,6844.39931227,5.000352621078491,24000,24000,4617,965,1.9567378228192502,0.11981540165972591,1.8259999752044678,2.182800054550171,-0.014263235963881016,0.020899148657917976,0.02240089962347708,0.332606703042984,-300.63730809062054,-300.57894936318485,-9.99689075813096,0.17882981605748682,0.2592929422648922,False
51,1787909184.6257303,6844.49995885,5.100610733032227,24000,24000,4734,928,1.9492198303341866,0.10826736814549409,1.832349991798401,2.1174499750137326,-0.012732288800179958,0.027549579739570618,0.021651677575013056,0.39015793800354004,-306.9408189393126,-306.6111924122434,-10.010402006877827,-0.1089181125196319,-0.1713647037746,False
52,1787909184.7253895,6844.59979549,5.200269937515259,24000,24000,4758,973,1.94944707193208,0.11429080376741656,1.8250000476837158,2.1567999362945556,-0.01297032367438078,0.02343219891190529,0.021648031647843104,0.3454388976097107,-313.4056013696089,-312.6397800172294,-10.006740966074412,-0.5938737208842895,-1.0200251224176782,False
53,1787909184.8251555,6844.69963681,5.3000359535217285,24000,24000,4636,964,1.938952283616877,0.1153518024737149,1.8151500463485717,2.134949922561645,-0.014111843891441822,0.016199884936213493,0.022050269797227108,0.2790237367153168,-319.3494161273847,-318.69092703286816,-9.993372066813336,-0.5514526710651353,-0.7959430702813393,False
54,1787909184.9255621,6844.79947481,5.400442600250244,24000,24000,4569,894,1.9384217028916548,0.12065362530209242,1.815999984741211,2.1947999596595755,-0.014776729047298431,0.017332002520561218,0.022393506737272018,0.29578614234924316,-325.75748420362527,-324.69544226508214,-9.952534071528392,-0.9348453315027996,-1.1485211315579704,False
55,1787909185.0253391,6844.89930761,5.5002195835113525,24000,24000,4500,830,1.9439337325383381,0.12446594493669068,1.8184499800205232,2.2100000381469727,-0.013256963342428207,0.01913096010684967,0.022096672853459325,0.3009997606277466,-331.53429352738056,-330.5962628255145,-9.952534071528392,-0.7247607821709607,-1.0919575606677654,False
56,1787909185.1260993,6844.99994133,5.600979804992676,24000,24000,4579,894,1.938453021465532,0.1165900687943605,1.8170000314712524,2.1321000456809993,-0.015500457026064396,0.02023954503238201,0.02189451618683721,0.3265697956085205,-336.7659203687165,-336.54844631863966,-9.976699669902269,0.08950325153398353,-0.38383879599109605,False
57,1787909185.2251437,6845.09978723,5.700024127960205,24000,24000,4527,948,1.944445150939724,0.1271193571414544,1.8070000410079956,2.164649987220764,-0.016297567635774612,0.017790647223591805,0.022753404321704758,0.31354767084121704,-342.6923557507479,-342.51897893071566,-9.976699669902269,0.10600010655582537,0.5158715415895472,False
58,1787909185.3258805,6845.19962825,5.800760984420776,24000,24000,4508,897,1.946366777653944,0.12286273001687407,1.8088000059127807,2.1642000198364255,-0.014373164623975754,0.020821578800678253,0.022094912019457486,0.32773393392562866,-348.92605277866136,-348.4673046881495,-9.961576780246036,-0.08320801193065108,-0.010579395703700811,False
59,1787909185.4261496,6845.29947365,5.90103006362915,24000,24000,4552,928,1.9562004329315548,0.13531533652949662,1.815999984741211,2.267600071430206,-0.012412060983479023,0.020270153880119324,0.021435979461173333,0.3043748140335083,-354.8368367504488,-354.41524663820513,-9.954403189802765,0.02242900188900876,-0.13072250907379157,False
60,1787909185.5250225,6845.39932019,5.999902963638306,24000,24000,4643,971,1.941571572904852,0.10333833478640914,1.8220000267028809,2.1100000143051147,-0.011916245333850384,0.020692531019449234,0.021297699503753268,0.30606210231781006,-360.1444317905642,-360.3414414697642,-9.939968762777706,0.6474803490682461,0.878355587335534,False
61,1787909185.626121,6845.49996959,6.101001501083374,24000,24000,4594,975,1.945654359719692,0.10757013115328216,1.8176999807357788,2.079299974441528,-0.010817191563546658,0.023769790306687355,0.022137958098458244,0.33217567205429077,-366.5560205881182,-366.2734396358856,-9.922637529606583,0.3020823164125659,0.16130226074767506,False
62,1787909185.7251663,6845.59981565,6.20004677772522,24000,24000,4635,969,1.9547863797629703,0.11469464798406805,1.8244000196456909,2.159800004959106,-0.009968779049813747,0.02837974950671196,0.022303917581333023,0.3778868317604065,-372.59225814235145,-372.1936728436248,-9.922637529606583,0.20883422231884197,0.30766261879915646,False
63,1787909185.8255863,6845.69964075,6.300466775894165,24000,24000,4655,982,1.958531568346587,0.11842232603261305,1.8289999961853027,2.183950018882751,-0.00965876318514347,0.029152538627386093,0.022180834528845197,0.3844321668148041,-378.46416454905346,-378.15534221049154,-9.949429801870755,0.36240435462764253,0.40238754930544474,False
64,1787909185.9255095,6845.79948989,6.400389909744263,24000,24000,4782,1046,1.950087954961547,0.11992709257900042,1.8125000298023224,2.174499988555908,-0.006782307289540768,0.023291336372494698,0.022881079396612155,0.30718865990638733,-383.7437702425714,-384.1058850621722,-9.949429801870755,1.0784619721691229,1.2675307066490973,False
65,1787909186.0257986,6845.89933925,6.500679016113281,24000,24000,4789,1009,1.9552120929666978,0.12313817670532505,1.8220000267028809,2.176199960708617,-0.008096655830740929,0.024731140583753586,0.02254738342930003,0.32973024249076843,-391.0823117061104,-390.1429473839784,-10.007143229691748,-0.2424568209508493,-0.3938646350877093,False
66,1787909186.125689,6845.99999053,6.600569486618042,24000,24000,4633,946,1.9501437654454914,0.10534470237812202,1.8282499611377716,2.1019999384880066,-0.00610839668661356,0.02399510145187378,0.023206220417289636,0.3145971894264221,-397.0316667408829,-396.16808821799776,-10.0211097262796,-0.19810843536902212,-0.1601847050775973,False
67,1787909186.22532,6846.09984037,6.70020055770874,24000,24000,4687,939,1.9544259869633391,0.11206322446997219,1.8229999542236328,2.1572000503540036,-0.004512645769864321,0.02192291058599949,0.022664837445525245,0.2828281819820404,-403.19845673728196,-402.19479046661274,-10.031406310015567,-0.38675969088166084,-0.45774316315299757,False
68,1787909186.3292966,6846.19969269,6.8041770458221436,24000,24000,4557,931,1.9538378098341371,0.1074233450356118,1.8329999446868896,2.111999988555908,-0.010405865497887135,0.021525103598833084,0.023739874741026634,0.29778778553009033,-408.5142628826567,-408.20806020347004,-10.051474350757749,0.5363098972605371,0.6041187633126697,False
69,1787909186.4257762,6846.29951797,6.900656700134277,24000,24000,4784,957,1.957483804836293,0.11993413669007125,1.815999984741211,2.178599977493286,-0.004553232342004776,0.023861167952418327,0.022781946345971825,0.303603857755661,-414.5786731792569,-414.28167610175376,-10.051474350757749,0.2609446529376669,0.18366546122223326,False
70,1787909186.5257256,6846.39936527,7.000606060028076,24000,24000,4667,897,1.951706800971143,0.10867319648859923,1.8140000104904175,2.134200048446655,-0.005211954936385155,0.02127845212817192,0.02348137745850239,0.2786760628223419,-420.6350611043605,-420.3490831456506,-10.048425321727036,0.201793673766133,0.14534724946258848,False
71,1787909186.6249278,6846.49960605,7.099808216094971,24000,24000,4713,888,1.951628381067568,0.13019167159989378,1.811350005865097,2.2071499943733213,-0.0037338105030357838,0.01551163662225008,0.022885046578290782,0.20487816631793976,-426.3445779381779,-426.35995715279404,-10.046207771145898,0.44467949778118054,0.5045351750770237,False
72,1787909186.7257552,6846.59944503,7.200635671615601,24000,24000,4702,827,1.9394570728887814,0.11092752662524302,1.8029999732971191,2.1353999614715575,-0.006856341380625963,0.014007550664246082,0.023255256501236905,0.19745652377605438,-432.6481550187717,-432.4316360106835,-10.035410914586699,0.1910275198108593,0.22557729415802896,False
73,1787909186.8250315,6846.69928883,7.299911975860596,24000,24000,4894,838,1.9472207623336082,0.12009083434997252,1.809000015258789,2.191200041770935,-0.006280767265707254,0.014672977849841118,0.02422613253045561,0.20538853108882904,-438.6502093498928,-438.46354982526975,-10.033376406829241,0.14582494148044134,0.19447370498272676,False
74,1787909186.925963,6846.79992705,7.400843381881714,24000,24000,4746,868,1.943339860796379,0.11745147802015256,1.812000036239624,2.1889500498771666,-0.006766036152839661,0.013015196658670902,0.023797573301715093,0.18655544519424438,-445.0825205421631,-444.48373623033973,-10.006076682519042,-0.23032383176189342,-0.24856279886296306,False
75,1787909187.0262105,6846.89975933,7.501091003417969,24000,24000,4705,920,1.9379119563361873,0.12103165403014403,1.8040000200271606,2.1710000038146973,-0.008341439068317413,0.009213689714670181,0.024780757695954864,0.16117458045482635,-450.7639371580276,-450.42233200993434,-10.008772368711062,0.10339301853940697,0.2752034377027144,False
76,1787909187.1255417,6846.99959641,7.600422143936157,24000,24000,4604,870,1.946457471655703,0.12473618435363541,1.8079999685287476,2.207549977302551,-0.00987247470766306,0.01089485827833414,0.024143800406688835,0.19056586921215057,-457.30052826333923,-456.469713845294,-10.008772368711062,-0.47305600652049407,-0.7061475660706265,False
77,1787909187.2262058,6847.09943959,7.7010862827301025,24000,24000,4755,964,1.9393163898426466,0.11743191977175264,1.8170000314712524,2.1789500713348384,-0.008628278970718384,0.013831431046128273,0.02363194297768731,0.21091380715370178,-462.92209091342204,-462.4942741458855,-10.012578924652205,-0.054493007505129754,-0.038966649271230835,False
78,1787909187.324884,6847.19928415,7.799764394760132,24000,24000,4680,978,1.9237300612200015,0.10369083722862643,1.8079999685287476,2.1059999465942383,-0.011217484250664711,0.011921154335141182,0.02355504087773663,0.21629424393177032,-469.22000893835656,-468.5128575297101,-10.012578924652205,-0.4314524605175052,-0.5918888257822346,False
79,1787909187.4268534,6847.29992957,7.901733875274658,24000,24000,4505,879,1.9206063709432626,0.10716392500497755,1.8048999547958373,2.1001999139785763,-0.014687842689454556,0.010765011422336102,0.02346520963011426,0.24442702531814575,-474.80094350626166,-474.48671570243295,-10.011286197895704,0.106062720020077,0.06738999482467989,False
80,1787909187.5259225,6847.39976817,8.000802993774414,24000,24000,4509,883,1.930878820127701,0.114668003866089,1.8029999732971191,2.1676999807357786,-0.013951019383966923,0.009490303695201874,0.023834994414606316,0.22226984798908234,-480.94477398157846,-480.4728920882315,-10.007657162763786,-0.09334771800024555,-0.12236195361538194,False
81,1787909187.6256423,6847.49960729,8.100522756576538,24000,24000,4695,986,1.938598378434868,0.1304435304201443,1.8102499544620514,2.2080000042915344,-0.016544951125979424,0.009476916864514351,0.024664929446688574,0.25403890013694763,-487.0425031314688,-486.4494026033535,-9.99514632312943,-0.20761637998015203,-0.4546565875494366,False
82,1787909187.7256262,6847.59945343,8.200506687164307,24000,24000,4588,885,1.9381491502126058,0.12546134955384103,1.809000015258789,2.211599922180176,-0.012692387215793133,0.011754317209124565,0.02381809250518334,0.23117674887180328,-492.4054019055332,-492.4465983541957,-10.00912255119547,0.4287961287651001,0.5701173239360173,False
83,1787909187.8247697,6847.69928627,8.299650192260742,24000,24000,4501,851,1.935082255042958,0.11944103354146453,1.809000015258789,2.1419999599456787,-0.012676814571022987,0.015234896913170815,0.023173518782899683,0.26634836196899414,-498.8318898292274,-498.47698940780907,-9.999878682015616,-0.04880835690278218,-0.1367162393399326,False
84,1787909187.9268463,6847.79990785,8.401726722717285,24000,24000,4620,962,1.943912682934759,0.1216155763776105,1.8090500116348267,2.19355000257492,-0.011726954020559788,0.01396670751273632,0.02342003769490812,0.24645346403121948,-504.7616955297618,-504.43638589788435,-9.988150427671334,0.14625898244025848,0.15374719120495683,False
85,1787909188.0257835,6847.89975197,8.500663995742798,24000,24000,4783,1014,1.9439714007829068,0.11217586852949728,1.8220000267028809,2.1328500032424915,-0.012574472464621067,0.016652682796120644,0.02305805138087828,0.27548328042030334,-510.8461272082691,-510.4340200114504,-9.991210720409784,-0.0016637504485288446,0.06777013344884608,False
86,1787909188.125792,6847.99958237,8.600672483444214,24000,24000,4931,1141,1.9471411042627171,0.11200912350034899,1.815000057220459,2.1089999675750732,-0.01192044373601675,0.015480161644518375,0.022315138080715387,0.2542251646518707,-516.39315747752,-516.4152635870762,-9.996712754952606,0.45209075758191375,0.35064751784705095,False
87,1787909188.2255745,6848.09941787,8.700454950332642,24000,24000,4782,1078,1.9551048247845142,0.11423599095991988,1.8238499939441681,2.1610999464988705,-0.011784841306507587,0.02533622831106186,0.02182413608583571,0.3575022220611572,-522.6363792048408,-522.4604844752802,-9.995951618809324,0.19609193609448994,0.3048228771550612,False
88,1787909188.325233,6848.19964601,8.800113439559937,24000,24000,4854,1057,1.9526764429619319,0.10982126992837868,1.8240000009536743,2.128600025177002,-0.006989532150328159,0.025201968848705292,0.021786072390631055,0.3338346481323242,-529.0705822089086,-528.4556485063354,-9.999144375040542,-0.25832716335639816,-0.1658185569633588,False
89,1787909188.4267268,6848.29948497,8.901607275009155,24000,24000,4914,1084,1.951202954313412,0.10346690067390663,1.8350000381469727,2.0988499879837037,-0.005512661766260862,0.023176969960331917,0.021865076924511444,0.30847927927970886,-535.2009401826847,-534.4757106795248,-9.999218763823084,-0.2987754029715006,-0.307281151707798,False
90,1787909188.5305717,6848.39932111,9.005452156066895,24000,24000,4736,1009,1.94785530278893,0.09451514333502493,1.8347999811172486,2.1072000026702877,0.0011443174444139004,0.02334638498723507,0.020796782352544695,0.3018432855606079,-541.1388968154668,-540.4707168540203,-10.002215267110847,-0.005753088143137575,-0.08119443709847474,False
91,1787909188.6258852,6848.49997593,9.100765705108643,24000,24000,4859,1013,1.952354394083315,0.09761047183042677,1.840000033378601,2.1126000404357907,-0.0029003447853028774,0.023696793243288994,0.020848254380331936,0.3056541383266449,-547.4258676522708,-546.4657691868613,-10.015613689497561,-0.5736484014174721,-0.4743658258511232,False
92,1787909188.7259548,6848.59981467,9.200835227966309,24000,24000,4892,1022,1.96485518825964,0.11621280037869523,1.843000054359436,2.187000036239624,-0.004516447428613901,0.020127663388848305,0.021701533112482033,0.26604971289634705,-552.774617137374,-552.4706610423632,-10.017013028787838,0.08204916828253772,0.24580855235296895,False
93,1787909188.8257706,6848.69965643,9.30065107345581,24000,24000,4862,963,1.9636531685743006,0.11649260996783618,1.8370000123977661,2.1786999225616452,-0.004664906300604343,0.017453258857131004,0.0215818923910748,0.23170620203018188,-558.2550034908751,-558.469700458417,-10.020836361047127,0.590888528634423,0.7459570497658206,False
94,1787909188.925519,6848.79950243,9.400399446487427,24000,24000,5073,927,1.9565285905922372,0.11437504103761069,1.836299979686737,2.2104000091552733,-0.009393616579473019,0.0090553667396307,0.022823450251068092,0.16709402203559875,-565.002899774457,-564.4569207514367,-10.015462909369257,-0.171830574448677,-0.29946549932844846,False
95,1787909189.025687,6848.89934923,9.500567436218262,24000,24000,4952,857,1.9588004683112876,0.1255492937840004,1.8318000078201293,2.2162000656127927,-0.004428997170180082,0.005954524967819452,0.021481646322643547,0.09719395637512207,-570.9310740922767,-570.4344773368723,-10.036863353458829,-0.08964955380690753,-0.006783903069504049,False
96,1787909189.1266072,6848.99999511,9.601487636566162,24000,24000,4889,831,1.954340555607627,0.11850356151183628,1.8320000171661377,2.198499917984009,-0.010212287306785583,0.007146066054701805,0.022500306260983826,0.16182945668697357,-576.8547225959913,-576.4940832731364,-10.021283101062147,0.042191990242599786,-0.0400009739480538,False
97,1787909189.2256227,6849.09983825,9.70050311088562,24000,24000,4942,869,1.9564177210778169,0.11738458902265113,1.8289999961853027,2.191999912261963,-0.012396248988807201,0.007776845246553421,0.022455877829610556,0.1893053650856018,-582.4731482197453,-582.5117147500115,-10.0014757186081,0.3649676051819597,0.268565705267406,False
98,1787909189.3261206,6849.19967493,9.801001071929932,24000,24000,5069,880,1.9473840924826535,0.11509908020442072,1.8270000219345093,2.1651499629020687,-0.011607130989432335,0.0072892894968390465,0.02250371282685877,0.17705991864204407,-588.7982009109863,-588.4987530233259,-10.002090484234085,0.07006944025499706,0.1196110833552666,False
99,1787909189.4260414,6849.29951195,9.900921821594238,24000,24000,5068,954,1.9387526222245,0.11136121320922418,1.8186499893665313,2.1745999217033374,-0.01355979684740305,0.003959588706493378,0.023335198856256317,0.18723802268505096,-594.8485182309714,-594.499638875648,-10.000233392279574,0.01527237361369771,0.18745112794010765,False
100,1787909189.5254598,6849.39935351,10.000340223312378,24000,24000,4952,917,1.9410719715521927,0.10694530290337013,1.822599959373474,2.1688000679016106,-0.01639675907790661,0.011282803490757942,0.02301914083477591,0.260566771030426,-600.8707764921465,-600.5030323051728,-10.006441951660905,-0.04160789491527339,-0.05087979132588316,False
101,1787909189.6257074,6849.49998719,10.100587844848633,24000,24000,4937,961,1.944674297004287,0.11459126984693685,1.8279999494552612,2.1689999103546143,-0.016891710460186005,0.01086772233247757,0.023082047541594673,0.2626113295555115,-607.1047814741282,-606.5033845992364,-10.016278086948818,-0.26047941073102265,-0.31293133466749623,False
102,1787909189.7257328,6849.59982439,10.200613260269165,24000,24000,5066,987,1.949440730741321,0.12149059770625618,1.8265999674797058,2.209400033950805,-0.011745095252990723,0.014943866990506649,0.022369637323370304,0.25055187940597534,-613.3118319580436,-612.5397943615783,-10.039376745957762,-0.4657294075835807,-0.35672246333183466,False
103,1787909189.8262475,6849.69967475,10.301127910614014,24000,24000,5016,1008,1.9473769846889708,0.10620165272167578,1.8209999799728394,2.1659998893737793,-0.01734015718102455,0.019376248121261597,0.02250488341517339,0.34501659870147705,-618.7849473638756,-618.5738851353985,-10.027215977752064,0.09231111690837679,0.04219322714277496,False
104,1787909189.9257195,6849.79951279,10.400599956512451,24000,24000,4861,1072,1.94956156711525,0.11038412794067279,1.8289999961853027,2.153550004959105,-0.016349872574210167,0.02158600464463234,0.022079950746064215,0.35197708010673523,-625.3445465398489,-624.562758359998,-10.032912406977774,-0.4986912678155022,-0.7008218465824712,False
105,1787909190.0254006,6849.89936571,10.50028109550476,24000,24000,4872,1132,1.954275621015697,0.11650899299132546,1.8229999542236328,2.1493500113487247,-0.014282464049756527,0.02713649347424507,0.021436090312291527,0.4032406806945801,-631.639437346839,-630.6212577276212,-10.026275882796552,-0.8124391218894971,-0.7978525136282997,False
106,1787909190.1246114,6849.99961345,10.599491834640503,24000,24000,4894,1159,1.9513157887948394,0.10109281209673503,1.8229999542236328,2.098500037193298,-0.012530865147709846,0.029008353129029274,0.02126862964034415,0.4164353013038635,-636.6298968050359,-636.6156137178094,-10.015527170050186,0.15001908552255827,0.10355760388597446,False
107,1787909190.2254958,6850.09945071,10.700376272201538,24000,24000,5050,1158,1.9612979283604597,0.11877080340546907,1.8279999494552612,2.1943000197410583,-0.014958619140088558,0.02738306112587452,0.020496991418563412,0.40211519598960876,-642.4162154438577,-642.6492844793903,-10.02114941231184,0.41704462872939985,0.28115313310001966,False
108,1787909190.3249056,6850.19967877,10.79978609085083,24000,24000,4799,1089,1.9593939401339346,0.1053228400569853,1.8323999881744384,2.145599937438965,-0.010471061803400517,0.024169690907001495,0.021230030110753997,0.3437771201133728,-648.7119179220488,-648.6495291098278,-10.002349413877239,0.0862051354081359,0.002293684542792107,False
109,1787909190.4258883,6850.29952539,10.900768756866455,24000,24000,4695,1008,1.9550000014049667,0.11185482322086493,1.8273499965667725,2.141949963569641,-0.011867457069456577,0.021893134340643883,0.021794801811854732,0.3260282874107361,-654.8473755634739,-654.6480164396953,-9.986590363634603,0.009985653898411329,0.0052846400278667716,False
110,1787909190.526218,6850.39937341,11.001098394393921,24000,24000,4653,962,1.9502723474760313,0.10966865462451467,1.8329999446868896,2.117700028419494,-0.013497904874384403,0.024273667484521866,0.022221816841546803,0.35848474502563477,-661.0581213416904,-660.6065714677194,-9.97185718231024,-0.18070547273225657,0.03279014201757491,False
111,1787909190.624962,6850.49961399,11.099842548370361,24000,24000,4696,943,1.9587751855779427,0.12104854488367335,1.8359999656677246,2.1996999740600582,-0.012258248403668404,0.022903190925717354,0.022235975684569365,0.336556613445282,-667.275386560224,-666.5862355179515,-9.97185718231024,-0.47304942061896327,-0.5355415948301925,False
112,1787909190.7256432,6850.59944441,11.200523614883423,24000,24000,4742,1003,1.9435024943689287,0.1172492475808787,1.815000057220459,2.1610000133514404,-0.014193794690072536,0.016216592863202095,0.021814564971198637,0.2788603901863098,-673.4438721788225,-672.576797148069,-9.967872505646602,-0.6003936803377883,-0.5761094706034555,False
113,1787909190.8251657,6850.69967605,11.30004620552063,24000,24000,4581,917,1.9466085060862184,0.11716074678517191,1.8259999752044678,2.1659998893737793,-0.015264819376170635,0.018464624881744385,0.022658572468751983,0.3098335266113281,-679.0631611356288,-678.5883064832415,-9.9624314228323,-0.24805302232186932,-0.23272970533218995,False
114,1787909190.9276974,6850.79952463,11.402577877044678,24000,24000,4522,857,1.9417281206458146,0.1094071696714615,1.8279999494552612,2.1288000583648676,-0.01336456835269928,0.021012604236602783,0.02300941411124818,0.3226066827774048,-685.0117896788332,-684.544547345991,-9.953611761520447,-0.0444988077221069,0.017434001737683502,False
115,1787909191.0257006,6850.89935255,11.50058102607727,24000,24000,4669,864,1.9411215274422258,0.1146465896518793,1.8220000267028809,2.1494000673294065,-0.012483994476497173,0.018920185044407845,0.021656799517916207,0.2936760485172272,-690.5569362828664,-690.5425667125203,-9.969377770024277,0.29081352085279377,0.22226574510750652,False
116,1787909191.1261604,6850.99999701,11.601040840148926,24000,24000,4572,940,1.9477117017228553,0.1306410455476217,1.8109499871730805,2.245649886131286,-0.014242981560528278,0.01576959528028965,0.02284302650589757,0.277646541595459,-697.3780293117377,-696.4997168383131,-9.980397093111883,-0.5024139051555494,-0.5948761288767628,False
117,1787909191.226299,6851.09985005,11.701179504394531,24000,24000,4518,919,1.9543514699230256,0.13386280659273286,1.815000057220459,2.27540009021759,-0.015279227867722511,0.018014775589108467,0.0222834549190372,0.3046993613243103,-702.7750048976394,-702.4555519364247,-9.972964167397715,0.10920623750121194,0.0750309603132564,False
118,1787909191.3257082,6851.19967849,11.800588607788086,24000,24000,4513,892,1.952571746880698,0.13307560152524825,1.812999963760376,2.248899948596954,-0.013278965838253498,0.0184648260474205,0.021466573397501146,0.29502061009407043,-708.5680951758311,-708.4187680936201,-9.961014223061374,0.2809360268645378,0.3887937882029746,False
119,1787909191.4260087,6851.29953595,11.900889158248901,24000,24000,4602,977,1.948225177176289,0.12363393809185311,1.8200000524520874,2.201199960708618,-0.016238821670413017,0.018878385424613953,0.02154987820691485,0.31899264454841614,-714.568283805162,-714.3542519597089,-9.954165550487213,0.2990567449879791,0.6849492185883719,False
120,1787909191.5254917,6851.39937229,12.000372171401978,24000,24000,4708,1010,1.9418673272180085,0.10827906939790162,1.8174499988555908,2.0759999752044678,-0.01287057250738144,0.02358195185661316,0.02181702277095438,0.3440271317958832,-721.0211032891613,-720.3219240059491,-9.960951709908553,-0.18450788226959958,-0.15099420863475643,False
121,1787909191.625276,6851.49962097,12.100156545639038,24000,24000,4625,971,1.951967044790054,0.1170473040133945,1.8300000429153442,2.1414999961853027,-0.0109237190335989,0.02590511552989483,0.022452628871483103,0.35677409172058105,-726.6355239622286,-726.2985924548401,-9.965017086107428,0.18840879666879573,0.10986237720157987,False
122,1787909191.7257266,6851.59946355,12.200607061386108,24000,24000,4669,969,1.959600618995257,0.11643293404351923,1.8279999494552612,2.2132000923156734,-0.011359416879713535,0.02747368812561035,0.022628465562756824,0.3730640113353729,-732.565048204905,-732.2639109782491,-9.985895800566796,0.28619223176417563,0.3963775426431084,False
123,1787909191.8248973,6851.69931583,12.299777746200562,24000,24000,4649,987,1.9535227954810392,0.1076734386309262,1.8322999954223633,2.124399995803832,-0.009034823626279831,0.028474733233451843,0.022459386227015793,0.37428101897239685,-738.4032574003326,-738.3006928148626,-9.985895800566796,0.3984973323217673,0.24222254494486606,False
124,1787909191.9267254,6851.79996545,12.40160584449768,24000,24000,4818,1061,1.9556295960495542,0.12420834239055387,1.8220000267028809,2.2160000801086426,-0.008921339176595211,0.021626653149724007,0.022551591908992884,0.2984853982925415,-744.501216404311,-744.2753864047846,-9.986455841383036,0.410504754245153,0.22171094173575057,False
125,1787909192.025735,6851.89978913,12.500615358352661,24000,24000,4640,955,1.9555759156561647,0.11265728492163675,1.8350000381469727,2.1265000343322753,-0.008019059896469116,0.026442207396030426,0.022954078525666846,0.3475988805294037,-750.3699528526229,-750.3051703000824,-9.988717493032043,0.48261190033736057,0.5445743875836797,False
126,1787909192.1255977,6851.99963045,12.600478172302246,24000,24000,4676,938,1.9566151392993643,0.11157481382652851,1.8309999704360962,2.1231499314308167,-0.007536476943641901,0.025165796279907227,0.021867270149157635,0.32727348804473877,-757.6099239094607,-756.2820589661276,-9.983799454126029,-0.7653152056482213,-0.8697353332255489,False
127,1787909192.2258434,6852.09949211,12.700723886489868,24000,24000,4687,972,1.9554248951344824,0.10934903174054787,1.827549982070923,2.099249935150146,-0.006861765403300524,0.022059742361307144,0.023718517397688287,0.29412978887557983,-762.9811010485936,-762.3288375964569,-9.998502825420005,-0.12147332478775752,-0.2616868949281752,False
128,1787909192.3253708,6852.19933289,12.800251245498657,24000,24000,4830,1001,1.9591628349982537,0.11953934893674008,1.8229999542236328,2.174999952316284,-0.0018563473131507635,0.018919100984930992,0.022903099734169034,0.2389947474002838,-768.4547086247046,-768.335567683789,-9.999668305960716,0.37683482935483426,0.8477762247640612,False
129,1787909192.426763,6852.29998401,12.901643514633179,24000,24000,4632,902,1.9571585359171595,0.11482410489831217,1.8229999542236328,2.1497500896453854,-0.006411269307136536,0.021549344062805176,0.02295422887282411,0.2815863788127899,-774.9219360759977,-774.342521965546,-9.987922418157783,-0.006577146466042905,0.09966037055903598,False
130,1787909192.525771,6852.39982449,13.000651359558105,24000,24000,4659,927,1.9579795061448888,0.12103319060396409,1.815999984741211,2.183700037002563,-0.004774296656250954,0.017588866874575615,0.023278138382614423,0.232601597905159,-780.514796068416,-780.3360853588954,-9.99608338143283,0.34130631511879983,0.362319982100189,False
131,1787909192.6256073,6852.49966187,13.10048770904541,24000,24000,4678,863,1.9601900360675428,0.12593244271166484,1.815999984741211,2.222700047492981,-0.006267186254262924,0.0178836677223444,0.022933330219241134,0.23723353445529938,-786.4966754738839,-786.3342563015726,-10.000735803235477,0.34988291985882825,0.33894623439869065,False
132,1787909192.7256122,6852.59949851,13.20049262046814,24000,24000,4831,842,1.9537446556918128,0.12718281321567187,1.8140000104904175,2.238900005817412,-0.008678784593939781,0.018284637480974197,0.023597004558100206,0.2563152611255646,-793.0041624012906,-792.3328086249152,-10.000735803235477,-0.1570338168399985,-0.11673969582261634,False
133,1787909192.8256724,6852.69934123,13.30055284500122,24000,24000,4904,880,1.9499715889042073,0.12372939023482628,1.8159499883651733,2.225049912929535,-0.005500230472534895,0.013037624768912792,0.023552309474713876,0.18118058145046234,-798.4123648268804,-798.3186483018135,-9.998334328296616,0.43865288728216,0.5993795731513956,False
134,1787909192.929705,6852.79996163,13.404585361480713,24000,24000,4426,856,1.9466448569687727,0.11781411616445894,1.819000005722046,2.177000105381012,-0.002217358909547329,0.009597075171768665,0.024359086321529257,0.12621761858463287,-805.1236272596354,-804.3211406245384,-9.979992904710313,-0.030371955636951498,0.13625324933309457,False
135,1787909193.025853,6852.89980333,13.500733375549316,24000,24000,4673,897,1.9406655519170772,0.11555721968164444,1.809000015258789,2.1512000083923337,-0.007567536551505327,0.009178152307868004,0.02427288038049945,0.1556268036365509,-810.4696953633685,-810.2818040408297,-9.967049070799069,0.39270566465370393,0.6237068126791883,False
136,1787909193.1256711,6852.99963075,13.60055160522461,24000,24000,4623,846,1.9367021277159382,0.11501042430574282,1.8102499544620514,2.1732499599456787,-0.01116981916129589,0.009940238669514656,0.023266663134117016,0.1896592229604721,-816.6948911062769,-816.2115161777351,-9.993154401399227,0.15687869331407,0.2259732972220263,False
137,1787909193.2257786,6853.09948325,13.700659036636353,24000,24000,4800,967,1.934097208552671,0.11122010889762367,1.8212999939918517,2.1237000226974487,-0.010513735935091972,0.011585596948862076,0.02448613084239725,0.20720551908016205,-822.6339330738754,-822.2458452600898,-9.999674961769488,0.22455839819838275,-0.001171364053675461,False
138,1787909193.32596,6853.19932883,13.800840377807617,24000,24000,4583,899,1.930017798708066,0.11191148666371137,1.8119000315666198,2.123199915885925,-0.013093757443130016,0.013021288439631462,0.023635252302388787,0.24366070330142975,-828.7513412199594,-828.2386901947382,-10.011368216859319,0.11830671378390889,0.10705897388277208,False
139,1787909193.4267237,6853.29995309,13.901604175567627,24000,24000,4531,863,1.9265770561311089,0.10669401626557733,1.809999942779541,2.0916000127792356,-0.014410196803510189,0.00949672982096672,0.023046632059415338,0.22727426886558533,-834.4908562662437,-834.2464687071586,-10.028699497549399,0.4248971291140151,0.43887247407303676,False
140,1787909193.526197,6853.39978533,14.00107741355896,24000,24000,4692,920,1.9287195657906324,0.10961600536418765,1.812999963760376,2.1350499868392943,-0.009409100748598576,0.0067063369788229465,0.023642772919975106,0.1534702479839325,-840.5257141865866,-840.280553623766,-10.03465653976309,0.3587075288783126,0.3176348427407447,False
141,1787909193.6255953,6853.49962093,14.100475788116455,24000,24000,4664,936,1.9358771356761966,0.119110448418488,1.815999984741211,2.1532500982284546,-0.011154081672430038,0.010109699331223965,0.023744509107321135,0.2018405646085739,-846.9931713979109,-846.3107547128249,-10.040461048209279,-0.14457337461169573,-0.25071390629420875,False
142,1787909193.7259502,6853.59945469,14.200830698013306,24000,24000,4490,867,1.9418166076985748,0.12930486213978115,1.8132999777793883,2.2133000612258904,-0.015055637806653976,0.01223850715905428,0.023526539656991665,0.2578422427177429,-852.7497405977864,-852.3693266655066,-10.050268150606945,0.12042848888506796,0.18357781969405096,False
143,1787909193.8248777,6853.69930055,14.299758195877075,24000,24000,4565,913,1.9347973691150628,0.10927545118033544,1.8151999950408935,2.1037999629974364,-0.013315371237695217,0.013315370306372643,0.023457912209360183,0.25438740849494934,-858.8562219873952,-858.4324643584903,-10.03157703095095,-0.050130491739651006,0.02585809858032917,False
144,1787909193.926758,6853.79993669,14.401638507843018,24000,24000,4622,974,1.9419763845829503,0.11416863590588149,1.8186499893665313,2.124049913883209,-0.01281651295721531,0.011998127214610577,0.02371044938026796,0.23416179418563843,-864.2950862510794,-864.3957746025684,-10.036033428861769,0.6241046344517827,0.5764501175718806,False
145,1787909194.0266867,6853.89976681,14.501567125320435,24000,24000,4906,1072,1.9496128728140647,0.117018996176656,1.8225499868392945,2.1378000020980834,-0.012156428769230843,0.01625327579677105,0.022614474770091098,0.266603946685791,-870.7617893464853,-870.4748979544543,-10.037245002364413,0.15339388285133282,0.040613759402731375,False
146,1787909194.1273215,6853.99960333,14.60220193862915,24000,24000,4783,1055,1.9541478675688613,0.11820169366634889,1.8209999799728394,2.1282999992370604,-0.012634088285267353,0.021461263298988342,0.022368251402998335,0.3206799030303955,-876.9954146904906,-876.5073806926218,-10.034504029194492,-0.04186542195884613,0.02349654093313802,False
147,1787909194.226622,6854.09944355,14.701502561569214,24000,24000,4757,1043,1.9552013422590202,0.10990812626053532,1.8359999656677246,2.1659998893737793,-0.009103049524128437,0.024177877232432365,0.021724315696904077,0.32913121581077576,-883.0433729116678,-882.5687171875369,-10.021175339810599,-0.13151270164519246,-0.1984794194289634,False
148,1787909194.326159,6854.19966565,14.801039457321167,24000,24000,4830,1050,1.9589761911119734,0.10231417678581321,1.8420000076293945,2.1065500378608704,-0.0062269107438623905,0.023481201380491257,0.022317091370014537,0.3123261332511902,-889.5125838044615,-888.5950023795926,-10.02235692622658,-0.6282356333225607,-0.6889437365624644,False
149,1787909194.4282181,6854.29949967,14.903098583221436,24000,24000,4891,1067,1.9523289615904604,0.09849141361012335,1.8373000264167785,2.076699924468994,-0.005878969561308622,0.02314206026494503,0.021869881031871524,0.30460208654403687,-895.0087823824074,-894.5777280870856,-10.0142510360969,-0.0006054927155219048,-0.0918521743127485,False
150,1787909194.526507,6854.39933725,15.001387357711792,24000,24000,5045,1117,1.951435990384784,0.10203405576977416,1.8350000381469727,2.141599941253663,-0.006709645502269268,0.022512033581733704,0.021115839610173805,0.30274513363838196,-901.2402939319627,-900.5466528817499,-10.023372832246638,-0.3345197953221941,-0.656570090797004,False
151,1787909194.627176,6854.49996959,15.102056503295898,24000,24000,4874,1061,1.954439210397359,0.09553069088241303,1.843999981880188,2.115999937057495,-0.005124309565871954,0.02287713624536991,0.021939467107897726,0.30126598477363586,-907.0110482695914,-906.5505909053782,-10.030754173373218,-0.06484806264961662,-0.20867383115705707,False
152,1787909194.727766,6854.59981461,15.202646493911743,24000,24000,4851,1003,1.9667627101881078,0.11964684747818338,1.8460999608039856,2.216799998283386,-0.004835470579564571,0.022193007171154022,0.021373556283971317,0.2923685312271118,-912.4129092759351,-912.6352060934905,-10.012065866305248,0.5689674851466862,0.5807817313653914,False
153,1787909194.8271196,6854.69965699,15.302000045776367,24000,24000,5020,987,1.965108410444907,0.12409852890113507,1.8365999937057496,2.2282000064849847,-0.002674469957128167,0.01281947921961546,0.021617893265152392,0.16907356679439545,-918.7154600689107,-918.6675698237718,-10.0030676778484,0.2279035149502988,0.3729150647213828,False
154,1787909194.9256995,6854.79950881,15.400579929351807,24000,24000,5013,899,1.959026700132283,0.11919436283192321,1.8300000429153442,2.1926999092102046,-0.0049146609380841255,0.008605939336121082,0.022713583525379735,0.1293252557516098,-925.6254800270765,-924.6576445009539,-10.0030676778484,-0.7670518491801204,-0.939907438525097,False
155,1787909195.0260139,6854.89934957,15.50089430809021,24000,24000,4865,835,1.9553568874290603,0.11862666213355867,1.8317000031471253,2.1652000188827514,-0.011460390873253345,0.007057738024741411,0.022575596392823725,0.17257487773895264,-930.9055718991905,-930.6028779813159,-9.990103082185431,-0.028004639088749173,0.029041405880548155,False
156,1787909195.126726,6854.99999435,15.601606369018555,24000,24000,4932,854,1.957214283580244,0.11810948460636439,1.834650021791458,2.2236999988555906,-0.012672451324760914,0.00784123782068491,0.02295251117674965,0.19035804271697998,-936.8957518119668,-936.585262777067,-9.980464233338578,0.02481655731878618,0.16705845207650327,False
157,1787909195.2264297,6855.09981807,15.701310157775879,24000,24000,4976,878,1.950186787813834,0.113518343238122,1.8320000171661377,2.178350055217743,-0.010033749043941498,0.007542834617197514,0.022152589219576826,0.1612728089094162,-942.5218815867577,-942.549799861642,-9.98418036030583,0.38118878374302767,0.46858659900669863,False
158,1787909195.3321729,6855.19965959,15.807053327560425,24000,24000,5035,892,1.9532410328698264,0.12297670108355692,1.8259999752044678,2.2224000453948967,-0.011538062244653702,0.010549603030085564,0.02269413936630388,0.20246241986751556,-948.7481658054472,-948.5483092729364,-9.992554478558626,0.4997860659024127,1.05471724070037,False
159,1787909195.426495,6855.29949337,15.901375532150269,24000,24000,4950,863,1.9452143682389242,0.11008769685844395,1.8289999961853027,2.166800045967102,-0.012803060933947563,0.009530902840197086,0.022865782914647834,0.20814120769500732,-955.5093770144041,-954.5477378570369,-10.001442232571444,-0.6018330177118969,-0.6186061237013973,False
160,1787909195.5256977,6855.39933151,16.00057816505432,24000,24000,4898,900,1.9412711107730865,0.10611264274222362,1.8328499495983124,2.1422499656677245,-0.015108505263924599,0.009232552722096443,0.02330047937674109,0.23155762255191803,-961.6234812517647,-960.5657234233248,-10.000951306097397,-0.7635059856969519,-0.8052372819508946,False
161,1787909195.6269295,6855.49995065,16.101809978485107,24000,24000,4890,920,1.9403086934400642,0.10901134818876336,1.8269500195980073,2.155049967765808,-0.01615068130195141,0.010259314440190792,0.02326424433659824,0.2526567876338959,-967.1849302167448,-966.5756197206035,-10.004215873886968,-0.2507672594712176,-0.2313931565755638,False
162,1787909195.7260692,6855.59979349,16.200949668884277,24000,24000,5068,1002,1.9473153702513186,0.1218423521211452,1.8229999542236328,2.183950018882751,-0.017318394035100937,0.014567425474524498,0.022609200509286623,0.30395427346229553,-972.3413001654202,-972.5881440274371,-10.00647814871991,0.5415173375345148,0.6057711849484804,False
163,1787909195.8263812,6855.69964657,16.30126166343689,24000,24000,5011,984,1.9394806904521416,0.10395883449384974,1.8221500158309936,2.1320999264717098,-0.017726125195622444,0.01571045257151127,0.02215351900424842,0.31113752722740173,-978.5353550768358,-978.5272719761847,-9.98896652633828,0.3664584506086612,0.42003491314176244,False
164,1787909195.9307873,6855.79948413,16.405667781829834,24000,24000,4543,1012,1.9504120557204536,0.11977203876022753,1.824550026655197,2.1869000434875487,-0.01609421893954277,0.021676968783140182,0.021187691906439987,0.3484998345375061,-985.0981828255924,-984.5237134269709,-9.987055785392698,0.06828543573760726,-0.1194205007226401,False
165,1787909196.02511,6855.89933125,16.499990463256836,24000,24000,4879,1178,1.9577648570865442,0.12085716667256968,1.8229999542236328,2.1967999458312972,-0.013820716179907322,0.02643277309834957,0.02201912087774818,0.39266183972358704,-991.0259376622673,-990.5877807121065,-9.974067063844013,-0.19984866405150115,-0.07283498569006497,False
166,1787909196.1262164,6855.99995897,16.601096868515015,24000,24000,5086,1212,1.9569092435215172,0.11223332311905286,1.8281000077724456,2.1524500250816345,-0.010469886474311352,0.027083151042461395,0.020291259417732976,0.37597036361694336,-996.7142475523536,-996.5523421602728,-9.972430818113018,0.17850430122223315,0.08971307614922353,False
167,1787909196.2261124,6856.09978885,16.700992822647095,24000,24000,4924,1151,1.9587002613563107,0.11076535924335838,1.8339999914169312,2.156499981880188,-0.011731693521142006,0.025454044342041016,0.021341322338250084,0.36614087224006653,-1003.1081968827541,-1002.505854121906,-9.970472424760878,-0.22141257607779607,-0.25782347035806197,False
168,1787909196.325822,6856.19963285,16.800702571868896,24000,24000,4785,1095,1.9636977161990998,0.12151266753164883,1.8347000241279603,2.2272000551223754,-0.013032418675720692,0.024797001853585243,0.022133734893110775,0.36728984117507935,-1008.6542274825532,-1008.421252558265,-9.963416742843624,0.21541646962759842,0.2723668488830526,False
169,1787909196.425925,6856.29946413,16.900805473327637,24000,24000,4686,1000,1.9560160009860992,0.11181501892956922,1.832949948310852,2.1381000161170958,-0.013118640519678593,0.02516735903918743,0.021762261012992796,0.366100549697876,-1015.244910805632,-1014.3348736254919,-9.955419019413162,-0.3688169906281473,-0.44147288822557584,False
170,1787909196.526009,6856.39931415,17.000889539718628,24000,24000,4641,961,1.9624880315361857,0.11783202706435665,1.8289999961853027,2.191999912261963,-0.012409706600010395,0.022489408031105995,0.022334356189963486,0.3344409167766571,-1020.6160629290595,-1020.3444848644009,-10.001513241108773,0.26535059281331996,0.3856503846934629,False
171,1787909196.6258926,6856.49995377,17.100773096084595,24000,24000,4763,997,1.9550752266718368,0.11786552807156765,1.8296000242233277,2.177400112152099,-0.011246999725699425,0.019132724031805992,0.021741109037465414,0.28834787011146545,-1026.9781874545452,-1026.3731646957674,-10.002416826606177,-0.10348537969343852,-0.33589149244403416,False
172,1787909196.7313402,6856.59977985,17.206220626831055,24000,24000,4323,913,1.9452157687775276,0.10329836908077028,1.8179999589920044,2.1459999084472656,-0.015359888784587383,0.021908864378929138,0.021823473218265936,0.3440203070640564,-1032.7847547112285,-1032.4196229627235,-10.000203469008886,0.41708970772538123,0.5614405614405769,False
173,1787909196.8260155,6856.69962775,17.300895929336548,24000,24000,4536,890,1.9501101109418977,0.1223602568910069,1.8259999752044678,2.2126499772071835,-0.013460406102240086,0.019980413839221,0.022720603228917984,0.30953654646873474,-1039.1096008226714,-1038.388263827551,-10.000203469008886,-0.22697743067988085,-0.4722696983503738,False
174,1787909196.9257023,6856.79947275,17.400582790374756,24000,24000,4510,846,1.9447588659911008,0.11491857794015363,1.8182499706745148,2.168500006198883,-0.012825779616832733,0.018447954207658768,0.022512689673529655,0.2916957437992096,-1044.3413840738283,-1044.3549742276243,-9.996308519425293,0.5227256095968187,0.6784018783180272,False
175,1787909197.0250583,6856.89931869,17.49993872642517,24000,24000,4666,911,1.9406333716849988,0.11155122925024756,1.809000015258789,2.130000114440918,-0.010157525539398193,0.018932007253170013,0.021883163962037076,0.28527674078941345,-1050.105108258541,-1050.3511186157652,-10.002489169750906,0.7206313053791291,0.7024258150040623,False
176,1787909197.1269479,6856.99996399,17.6018283367157,24000,24000,4497,886,1.9461997732621015,0.11610229206715995,1.8140000104904175,2.198249936103821,-0.014659980311989784,0.018939796835184097,0.021850824349873618,0.3096136748790741,-1056.7304843935465,-1056.3811370647884,-10.023850636028582,0.20891248534053375,0.2816323050772098,False
177,1787909197.2266119,6857.09980059,17.701492309570312,24000,24000,4489,886,1.9516918737247888,0.12205273673979308,1.819000005722046,2.211250066757202,-0.014749131165444851,0.02154717594385147,0.021756953833073394,0.3361069858074188,-1062.8717747919654,-1062.391344256968,-10.036074519928102,0.04773502428452048,0.18795149422794566,False
178,1787909197.326595,6857.19964709,17.801475524902344,24000,24000,4555,925,1.9461805390022897,0.1298710920887064,1.812000036239624,2.211599922180176,-0.014184486120939255,0.01813673973083496,0.02120494107651554,0.2970012128353119,-1068.991750624888,-1068.4582534600806,-10.028593801341325,-0.07297244314304407,-0.36202639516204727,False
179,1787909197.4265935,6857.29948843,17.901473999023438,24000,24000,4696,1048,1.9430811074171357,0.11452567289732062,1.81770002245903,2.13700008392334,-0.013628588989377022,0.016135089099407196,0.02229457311687113,0.27433404326438904,-1075.247005541471,-1074.480695372047,-10.038613521857245,-0.3280434248506481,-0.47437103643255796,False
180,1787909197.526817,6857.39933709,18.001697540283203,24000,24000,4641,947,1.9498120390248526,0.11586855163467653,1.8229999542236328,2.156100058555603,-0.013692662119865417,0.026058385148644447,0.022393261167537697,0.3733128011226654,-1080.8832087259298,-1080.5711206650644,-10.022866623218071,0.04944197392796923,-0.20518618514392983,False
181,1787909197.6303608,6857.49997725,18.105241298675537,24000,24000,4639,944,1.952311443575358,0.10451947801154736,1.8309999704360962,2.11899995803833,-0.013182923197746277,0.027290839701890945,0.02196435279386268,0.38050374388694763,-1087.1316445471175,-1086.5922036497561,-10.020375018203692,0.013916910857915354,0.1308091527293982,False
182,1787909197.7268164,6857.59982025,18.20169687271118,24000,24000,4645,981,1.9561335392805173,0.11474206977277814,1.8270000219345093,2.1440000534057617,-0.011302795261144638,0.027417829260230064,0.02222393422945967,0.3721427321434021,-1092.7625295371727,-1092.5903418559774,-10.029500290633589,0.17063209015168468,0.19429530823526875,False
183,1787909197.8265646,6857.69966823,18.30144500732422,24000,24000,4785,1019,1.957842980329609,0.11993516084236872,1.8238999962806701,2.1542000293731687,-0.009411321952939034,0.027786297723650932,0.022495156940592252,0.3681260943412781,-1098.9784726041487,-1098.5857365633192,-10.0450740456019,-0.06014810209717325,-0.07955871843932982,False
184,1787909197.9260912,6857.79950081,18.40097165107727,24000,24000,4771,999,1.9613453457663368,0.11728166672242855,1.8329999446868896,2.1996999025344843,-0.005611926317214966,0.027575945481657982,0.022607995284785052,0.3550179600715637,-1105.0890592415615,-1104.6072055310105,-10.037115019015785,-0.19886192657099855,-0.48616159426524064,False
185,1787909198.0254123,6857.89934353,18.500292778015137,24000,24000,4654,940,1.9607148935186103,0.12463378862399671,1.8229999542236328,2.2432000279426574,-0.008578748442232609,0.023473558947443962,0.022598296508666082,0.3139980435371399,-1111.3884632058957,-1110.6718848640974,-10.038126778061637,-0.5387246530594894,-0.5128949784793804,False
186,1787909198.1269348,6857.99997627,18.601815223693848,24000,24000,4686,958,1.9538663867122197,0.10725590482081458,1.8259999752044678,2.099749994277954,-0.00536849070340395,0.021641805768013,0.023454834137676905,0.28542497754096985,-1117.0958743023818,-1116.6323480751869,-10.01921105613576,-0.15450932279622975,-0.08036496973636531,False
187,1787909198.2265446,6858.09982131,18.701425075531006,24000,24000,4728,915,1.9653573769689259,0.12297717123402363,1.8286999821662904,2.165499997138977,-0.005430099554359913,0.023722326382994652,0.02308342244034336,0.310323566198349,-1123.1490727570242,-1122.6310624810587,-10.011575791099656,-0.23084225022194005,-0.21206337715148038,False
188,1787909198.3262615,6858.19966427,18.80114197731018,24000,24000,4866,1022,1.967784738120734,0.12643635518902355,1.8309999704360962,2.242450034618377,-0.009695934131741524,0.023240970447659492,0.022019810321790696,0.30975744128227234,-1128.7883093610712,-1128.6398882877652,-10.003867492597974,0.1132099643825768,0.25582112303641225,False
189,1787909198.426589,6858.29950049,18.901469469070435,24000,24000,4666,972,1.962675924163787,0.12403799273503183,1.819000005722046,2.2068000078201293,-0.002831447869539261,0.01859165169298649,0.023303722422009537,0.24183708429336548,-1134.9078659870377,-1134.6635619054837,-9.99176179697056,0.013579238057900511,0.001130823537323522,False
190,1787909198.526493,6858.39932899,19.001373529434204,24000,24000,4666,937,1.957451439463596,0.12197514537781012,1.8170000314712524,2.214400005340576,-0.004638903308659792,0.016277417540550232,0.023110083755791624,0.21744021773338318,-1140.4817373441913,-1140.6809885269847,-9.991523774847996,0.4342267302381515,0.6486482935349613,False
191,1787909198.6277611,6858.49996553,19.102641582489014,24000,24000,4833,883,1.9573069092641466,0.11767983834056746,1.8201000452041627,2.176900053024292,-0.008521044626832008,0.0201703067868948,0.02344559599675299,0.27369746565818787,-1146.689518927898,-1146.634637008829,-9.994436844868998,0.30280731501579794,0.3618225583009007,False
192,1787909198.7265053,6858.59978743,19.201385736465454,24000,24000,4862,873,1.9477090514675721,0.12282650002535069,1.815999984741211,2.17979998588562,-0.007616572547703981,0.013560616411268711,0.02368185119479428,0.1988624632358551,-1153.4039193326644,-1152.6080634271093,-10.000757698031846,-0.48667181910354884,-0.6552367826072896,False
193,1787909198.8261187,6858.69961775,19.3009991645813,24000,24000,4747,922,1.9401908875028895,0.12679982992509936,1.8079999685287476,2.2358500599861144,-0.007489230949431658,0.010720957070589066,0.02407413512317471,0.16804338991641998,-1159.4963798452413,-1158.5671613305283,-9.993737935540862,-0.602052217890332,-0.5260842789448361,False
194,1787909198.9262047,6858.79946721,19.401085138320923,24000,24000,4727,902,1.9396031031058791,0.11540741815739856,1.805999994277954,2.143950045108795,-0.0077002630569040775,0.011242816224694252,0.024167439095655826,0.17642828822135925,-1165.8062269242885,-1164.5795431082984,-9.99295045546047,-0.9064651438959572,-0.9600042146041687,False
195,1787909199.0256462,6858.89930461,19.500526666641235,24000,24000,4673,844,1.9386919458613012,0.11844018825357024,1.809000015258789,2.165249907970428,-0.01008694339543581,0.01091790571808815,0.0232266769835439,0.1885848045349121,-1170.394271834967,-1170.5603831981666,-10.01006159271363,0.4722555979142271,0.3865756911079643,False
196,1787909199.1263855,6858.99993233,19.601265907287598,24000,24000,4774,919,1.9341120769201865,0.1173337934908659,1.8200000524520874,2.1381999254226662,-0.007088185288012028,0.011812029406428337,0.023949518037626506,0.17806971073150635,-1177.1363892718302,-1176.5827156463567,-10.01006159271363,-0.2252298718065049,-0.11499601297214213,False
197,1787909199.2261271,6859.09977347,19.701007604599,24000,24000,4612,891,1.9343602697455924,0.12497132686610245,1.8025000095367432,2.187999963760376,-0.010525239631533623,0.011536840349435806,0.02404585163705904,0.2035033404827118,-1182.9709568629917,-1182.5870447995944,-10.013170281624886,-0.07502084407315124,0.04247898151402296,False
198,1787909199.3257442,6859.19961615,19.80062460899353,24000,24000,4534,878,1.9307460141344874,0.1065796306540909,1.8109999895095825,2.1132999300956725,-0.010433444753289223,0.011884302832186222,0.023515325961320478,0.20818230509757996,-1188.7959416058557,-1188.6172409658673,-10.021846242359304,0.07728911342678657,0.22379489245713557,False
199,1787909199.4262078,6859.29946021,19.90108823776245,24000,24000,4562,874,1.9312448508406668,0.11587745548378864,1.8140000104904175,2.1400499463081357,-0.008773896843194962,0.008476199582219124,0.0229548831196692,0.16374322772026062,-1194.4855212193963,-1194.641291850031,-10.017850804753058,0.41580399509416566,0.525780175697264,False
200,1787909199.5258656,6859.39930015,20.00074601173401,24000,24000,4627,919,1.933352557956459,0.11794057883491343,1.819000005722046,2.1706999301910384,-0.011416235007345676,0.00895604956895113,0.023994119845209657,0.19570070505142212,-1200.6834731039291,-1200.6540247140224,-9.99957156898558,0.19759309786354606,0.2951704572392373,False
201,1787909199.6263785,6859.49995367,20.101258993148804,24000,24000,4622,898,1.9329420929496697,0.11773871328620424,1.8108499825000763,2.163150095939636,-0.019158167764544487,0.014202326536178589,0.024787191995150816,0.3130153715610504,-1207.2226619955159,-1206.6153900522152,-9.982556155811452,-0.31054000380004254,-0.26081561296609834,False
202,1787909199.7258155,6859.59978467,20.200695991516113,24000,24000,4478,865,1.9305306364346102,0.11564561959745967,1.811199998855591,2.1398000717163086,-0.014637105166912079,0.015861134976148605,0.02377116291902882,0.2880382835865021,-1213.3431363038196,-1212.601648502738,-9.968930487771205,-0.46452046927515767,-0.5422606283016194,False
203,1787909199.8264704,6859.69962717,20.301350831985474,24000,24000,4608,963,1.938023884843567,0.12142320121675973,1.8079999685287476,2.1843999385833737,-0.012025122530758381,0.010387487709522247,0.023299716444862586,0.21345022320747375,-1219.2911442446145,-1218.56986812413,-9.975304191482726,-0.372960686063152,-0.47037566421386146,False
204,1787909199.9257503,6859.79945905,20.400630712509155,24000,24000,4733,994,1.9430975881620671,0.12320425019039852,1.8126499891281127,2.194999933242798,-0.012148465029895306,0.01085386797785759,0.023019257200625955,0.21547168493270874,-1224.6844582748458,-1224.570327972079,-9.975304191482726,0.19079162306979924,0.02893854432409171,False
205,1787909200.0253856,6859.89930091,20.500266075134277,24000,24000,4801,1048,1.9447099242274088,0.111428458315719,1.8179999589920044,2.1166500449180603,-0.014033641666173935,0.015904730185866356,0.023404542527395735,0.2803488075733185,-1231.2024223569645,-1230.5761615069835,-9.9978623102367,-0.34877621427426675,-0.7755339483512671,False
206,1787909200.1266837,6859.99993517,20.601564168930054,24000,24000,4712,1035,1.9547343012215435,0.11770220468241863,1.8247000336647035,2.1421000480651844,-0.011818185448646545,0.02372024394571781,0.022088447640829133,0.3384331464767456,-1237.0979690661445,-1236.542666011761,-10.009987547332178,-0.16615822775202105,-0.1235616565845703,False
207,1787909200.2265217,6860.09977265,20.701402187347412,24000,24000,4790,1039,1.9491106848859008,0.10193879793652594,1.8270000219345093,2.089299988746643,-0.00851200520992279,0.022470630705356598,0.022099615950341527,0.30796822905540466,-1243.2390241610449,-1242.5724077357274,-10.00275786683733,-0.3166571720432785,-0.4271578487353054,False
208,1787909200.3257787,6860.19960183,20.8006591796875,24000,24000,4803,1038,1.9521416205202224,0.10628442857409091,1.832849955558777,2.0771499276161194,-0.007787488400936127,0.024420365691184998,0.021819052696809102,0.33019503951072693,-1249.0519827075493,-1248.5631045891482,-9.992706501203132,-0.1739227332543578,-0.06480017014405348,False
209,1787909200.4279995,6860.29944117,20.9028799533844,24000,24000,4969,1103,1.958292836291295,0.11660362260167637,1.8360999703407288,2.1730000972747803,-0.005704456474632025,0.025013010948896408,0.021793468846262126,0.32609477639198303,-1254.6929501762693,-1254.5563697567948,-10.000484075335809,0.31863782970299326,0.24629942297519847,False
210,1787909200.525232,6860.39928969,21.000112533569336,24000,24000,4960,1059,1.9524126541400653,0.10136180819146676,1.840000033378601,2.1184000253677366,-0.0021011093631386757,0.02259378507733345,0.021894684472653497,0.29287973046302795,-1260.7653021553579,-1260.526111244156,-10.007138808969984,0.08050852950896115,0.06672590285165825,False
211,1787909200.6263306,6860.49994067,21.101211071014404,24000,24000,4849,1016,1.963815944283966,0.11599465782385501,1.843000054359436,2.1790000200271606,-0.0038454614114016294,0.022418146952986717,0.020698632214818935,0.29714253544807434,-1266.7995158032475,-1266.542572302397,-9.988755365925128,0.11248564651782544,-0.015586926868536466,False
212,1787909200.7261724,6860.59977243,21.20105290412903,24000,24000,4905,1010,1.9533712871003859,0.10324928483667556,1.840999960899353,2.137949931621551,-0.0043353731743991375,0.022072548046708107,0.02122913003377181,0.28866419196128845,-1272.2334316232677,-1272.56951493174,-9.994244530571875,0.6693548694515812,0.7240623716311347,False
213,1787909200.8261828,6860.69961363,21.301063299179077,24000,24000,5038,1004,1.9659302793888456,0.12779954749946537,1.8350000381469727,2.25,-0.004926030058413744,0.015222199261188507,0.021846623806858995,0.2055579423904419,-1279.059714133216,-1278.6120172290782,-9.986159788310834,-0.15602841704276216,-0.06967848915701325,False
214,1787909200.926111,6860.79946771,21.400991439819336,24000,24000,4996,902,1.9590454546945322,0.12242481396705898,1.8271500229835511,2.22290004491806,-0.010481839999556541,0.011326014995574951,0.02220700518014475,0.1967693269252777,-1284.9488897217873,-1284.6190383487335,-9.984590022620411,-0.04924027335164283,-0.08071665639818093,False
215,1787909201.0255203,6860.89929497,21.50040078163147,24000,24000,4885,813,1.9548856090355624,0.12431936422312954,1.8259999752044678,2.2003999710083004,-0.011048995889723301,0.006790258456021547,0.022887671389747514,0.1654643565416336,-1291.690288286059,-1290.606476757924,-9.991491262378094,-0.8258044642968798,-0.8078990446783791,False
216,1787909201.13323,6860.99993223,21.608110427856445,24000,24000,4907,853,1.9445205169434006,0.11184174181468778,1.8240000009536743,2.1534000873565673,-0.01009776908904314,0.006610804237425327,0.02231042861172043,0.15465599298477173,-1297.1046014235158,-1296.5911787410103,-10.001033765938969,0.22275790300273002,0.38646756140769867,False
217,1787909201.2292545,6861.09977375,21.704134941101074,24000,24000,4981,939,1.953906283084069,0.12653930485329637,1.826900017261505,2.247999906539917,-0.01323382742702961,0.00347682973369956,0.023172988283944845,0.17883004248142242,-1302.8927049687952,-1302.5780413095833,-10.017747889140637,0.19638969207380796,0.39462877497476256,False
218,1787909201.3259866,6861.19960615,21.800867080688477,24000,24000,5056,872,1.9429827965454225,0.11462103082980951,1.8225499868392945,2.1649000048637377,-0.0116664357483387,0.008540285751223564,0.022576249702688886,0.18780504167079926,-1309.3855289891737,-1308.5991722950141,-10.027989833015141,-0.4922394639349932,-0.4938633291021688,False
219,1787909201.4256113,6861.29944811,21.90049171447754,24000,24000,4907,884,1.9466945685412549,0.11879375139220356,1.8229999542236328,2.2170000076293945,-0.013161479495465755,0.007771656848490238,0.02260501343241417,0.19800429046154022,-1315.2952582703908,-1314.647766324273,-10.027989833015141,-0.4242162600978645,-0.5117292167838059,False
220,1787909201.525207,6861.39929337,22.00008749961853,24000,24000,4897,886,1.9418995493421705,0.11266487250203253,1.8229999542236328,2.1612499356269836,-0.016026340425014496,0.008963976055383682,0.023547777637105458,0.24126851558685303,-1321.2611010100684,-1320.612248418738,-10.012924404355413,-0.4140375130814391,-0.4506456922167672,False
221,1787909201.62632,6861.49993387,22.101200342178345,24000,24000,4997,916,1.9332554586329314,0.11122327551965108,1.8170000314712524,2.1452499628067017,-0.01884949766099453,0.010736403055489063,0.022782279417573957,0.28388699889183044,-1326.5339624086005,-1326.5825203878094,-10.019750280614065,0.3801501995790204,0.3845852119445681,False
222,1787909201.726094,6861.59978835,22.200974464416504,24000,24000,5111,988,1.9392449376795455,0.1165709960458681,1.8140000104904175,2.170650029182434,-0.011119016446173191,0.013834980316460133,0.02287232479508613,0.2374275028705597,-1332.6896539646839,-1332.6213170367175,-10.029442308519966,0.21118084732393072,0.3123758156045824,False
223,1787909201.825771,6861.69962439,22.30065155029297,24000,24000,4865,968,1.9391652898601264,0.11223484387774614,1.8200000524520874,2.1558000564575193,-0.014420208521187305,0.014302391558885574,0.02168374548196132,0.27204233407974243,-1338.5365350174402,-1338.5736581410215,-10.000880626867916,0.34519954936695285,0.3001821715515689,False
224,1787909201.9264152,6861.79946681,22.40129566192627,24000,24000,4855,1094,1.9442659981507924,0.11377629507495349,1.8176499843597411,2.1381500124931327,-0.015680762007832527,0.02169746719300747,0.02195491041841519,0.35356369614601135,-1345.0452380308532,-1344.6341129145883,-9.971447869343725,-0.12457949975964766,-0.0844202069624771,False
225,1787909202.025076,6861.89930015,22.499956369400024,24000,24000,4894,1134,1.953742504119873,0.1164427397900272,1.8240000009536743,2.137350058555603,-0.014715743251144886,0.027695022523403168,0.021677833351983086,0.4082542955875397,-1350.6690567272635,-1350.6173897821577,-9.971447869343725,0.17151605442768414,0.2036879938648326,False
226,1787909202.1267536,6861.99992175,22.60163402557373,24000,24000,5143,1248,1.9508910245047166,0.10592226082812659,1.8293500125408173,2.116300070285797,-0.014883150346577168,0.028374582529067993,0.020836248420335546,0.40802115201950073,-1357.2041244425968,-1356.615737352807,-9.979117705236936,-0.2626121768644225,-0.2872744367411997,False
227,1787909202.2258213,6862.09976767,22.70070171356201,24000,24000,4852,1162,1.9538623044289738,0.11331090152880352,1.8300000429153442,2.1418999671936034,-0.012378564104437828,0.024389581754803658,0.021165863769702472,0.35772666335105896,-1363.2934855175113,-1362.618008914201,-9.972414436888133,-0.4076390491118218,-0.35541712762756106,False
228,1787909202.3257422,6862.19961835,22.800622701644897,24000,24000,4757,1062,1.9586431256121835,0.11741715763039526,1.8270000219345093,2.1936000108718865,-0.012639281339943409,0.0247744582593441,0.021758194180679733,0.3613632619380951,-1369.1840314527287,-1368.5613392749503,-9.954546806177063,-0.3026504252138693,-0.3934057154435777,False
229,1787909202.4258928,6862.29945893,22.900773286819458,24000,24000,4716,997,1.9548635933559422,0.10686474901916845,1.8250000476837158,2.131999969482422,-0.010726324282586575,0.02514568157494068,0.022090852873180432,0.3546169102191925,-1374.689378697798,-1374.5295800635695,-9.976446251595737,0.20131334685379443,0.09326459646445073,False
230,1787909202.5285337,6862.39930549,23.003414154052734,24000,24000,4690,1012,1.9548646235183293,0.11862024426681948,1.8270000219345093,2.1579999923706055,-0.013984269462525845,0.01954657770693302,0.022360979411235046,0.31608372926712036,-1381.5156994536858,-1380.5494547628145,-9.999562978048912,-0.46627260785089675,-0.7575536101041962,False
231,1787909202.627524,6862.49994201,23.102404356002808,24000,24000,4552,938,1.9459829406697613,0.11384927710886918,1.8218500196933747,2.1536001086235044,-0.014503013342618942,0.020900888368487358,0.02222146196827703,0.33010783791542053,-1387.668863839491,-1386.5935741958876,-9.981849619039343,-0.6797521667492674,-0.8270614470325199,False
232,1787909202.726869,6862.59977719,23.201749563217163,24000,24000,4579,957,1.9484858937647151,0.11251729162357058,1.819800043106079,2.188599967956543,-0.013671460561454296,0.02184935286641121,0.02226410621123655,0.3287663459777832,-1392.7238507566508,-1392.5580243622271,-9.973665449420588,0.22624703686528846,0.2149245160862847,False
233,1787909202.826654,6862.69961211,23.301534414291382,24000,24000,4521,876,1.9428881301999636,0.11777099912596052,1.8217500150203705,2.1695000529289246,-0.013159067369997501,0.020176256075501442,0.02232535946352943,0.3105921149253845,-1399.0275219771397,-1398.4716298960313,-9.961589122073594,-0.09005822007475217,0.02176469895448463,False
234,1787909202.925888,6862.79944827,23.400768518447876,24000,24000,4588,888,1.9396554039673761,0.12026546539185407,1.809000015258789,2.1906500101089477,-0.011322062462568283,0.016687944531440735,0.021935674563059903,0.26540902256965637,-1403.8903260450843,-1404.4124581272683,-9.986973085812597,1.0014573432035832,0.9247169609745924,False
235,1787909203.0254083,6862.89928837,23.500288724899292,24000,24000,4734,871,1.9448013781953761,0.12393285801398007,1.8140000104904175,2.208500027656555,-0.011002578772604465,0.019106455147266388,0.022036468604637382,0.29022353887557983,-1410.4327405807574,-1410.3885805559148,-9.994254792721913,0.4305293646368682,0.22482058205469002,False
236,1787909203.1277766,6862.99991909,23.602657079696655,24000,24000,4479,861,1.942385595988452,0.11498162598152624,1.8179999589920044,2.1610000133514404,-0.014530709013342857,0.021421223878860474,0.02171365516389802,0.3346059024333954,-1416.9956434239245,-1416.3806712095966,-10.015792060828915,0.010009825748738876,0.13293915646727328,False
237,1787909203.2267091,6863.09976095,23.701589584350586,24000,24000,4527,946,1.9492304452377949,0.12742400935187947,1.8162499964237213,2.2220000624656677,-0.016193080693483353,0.018097713589668274,0.022060933327785064,0.31380730867385864,-1422.4574954579386,-1422.3916891172012,-10.034243306892101,0.4843806219216731,0.5388847400620307,False
238,1787909203.3261774,6863.19959859,23.801057815551758,24000,24000,4563,952,1.9385493710762312,0.11082399493869417,1.8126500010490418,2.110600066184997,-0.017088335007429123,0.018297463655471802,0.021992622832246653,0.32216164469718933,-1428.995015185993,-1428.4420940903144,-10.046328290759265,-0.08477120722841391,0.028744389577695983,False
239,1787909203.4260347,6863.29944961,23.900915145874023,24000,24000,4767,1010,1.9459405942718582,0.11790196868276002,1.815000057220459,2.1613000154495237,-0.015939276665449142,0.025636527687311172,0.022034012631516157,0.38231518864631653,-1435.363927083796,-1434.5235531407893,-10.040776507936398,-0.4619681869253327,-0.5249300343405139,False
240,1787909203.527446,6863.39928265,24.002326488494873,24000,24000,4605,940,1.9493787237938414,0.11980606304309623,1.8229999542236328,2.192099916934967,-0.01419801265001297,0.02495180070400238,0.02223480668634704,0.36294108629226685,-1440.8440495588275,-1440.5655449945518,-10.011051599683976,0.1428692752410825,-0.0921342919948529,False
241,1787909203.6269422,6863.49992779,24.1018226146698,24000,24000,4640,969,1.9515242478180719,0.11864969842109735,1.8170000314712524,2.1836000919342036,-0.011949289590120316,0.024144956842064857,0.022150522522430424,0.337008535861969,-1446.556437109177,-1446.6367265707333,-10.016798547928216,0.40052339906947054,0.20735039489045448,False
242,1787909203.7274487,6863.59975549,24.20232915878296,24000,24000,4673,980,1.9483173484704932,0.11625288898712963,1.8129499673843383,2.1340500593185423,-0.00906570628285408,0.02456447295844555,0.02292867677185072,0.33182278275489807,-1452.8528649930065,-1452.7419393205937,-10.026662870697686,0.13476504933055367,0.0601408179459213,False
243,1787909203.8269675,6863.69959075,24.3018479347229,24000,24000,4805,1010,1.9594287159419297,0.12189988379674817,1.8259999752044678,2.2066499352455136,-0.011202388443052769,0.025841454043984413,0.022532655223913147,0.3590131103992462,-1459.7754502819482,-1458.743438202383,-10.038162712773339,-0.8164195171339088,-0.9009786715848804,False
244,1787909203.92628,6863.79943083,24.40116047859192,24000,24000,4656,969,1.9547461315574293,0.11536231880641021,1.8270000219345093,2.1746000289916987,-0.009293272159993649,0.026756802573800087,0.023246123348121546,0.35765931010246277,-1465.4016697478858,-1464.7854554310406,-10.015210734191035,-0.48361275300226225,-0.561924261811555,False
245,1787909204.0257347,6863.89965961,24.500615119934082,24000,24000,4635,951,1.9557476363347532,0.12217409488990753,1.8205000162124634,2.1785000562667847,-0.009013422764837742,0.021480998024344444,0.022905787044892417,0.2961520254611969,-1471.5775754703686,-1470.768391850618,-10.00585300799217,-0.691966005560289,-0.8184555225848271,False
246,1787909204.1266336,6863.99948397,24.601514101028442,24000,24000,4663,946,1.9560644813118222,0.1118249358437942,1.8262499868869781,2.1105000376701355,-0.005513998679816723,0.025190941989421844,0.02335929746286193,0.32789331674575806,-1477.0602099698945,-1476.6965364425757,-9.994068613716754,-0.1203836709917141,-0.18002656123712768,False
247,1787909204.2259595,6864.09932679,24.70083999633789,24000,24000,4767,943,1.9585450713227435,0.11030293081715863,1.825200045108795,2.1507000207901,-0.0049728997983038425,0.025367820635437965,0.02132962698505112,0.3229427635669708,-1483.3891550717688,-1482.6912864208373,-10.007035213298641,-0.4895014195888052,-0.5880863146905995,False
248,1787909204.3274462,6864.19995985,24.802326679229736,24000,24000,4710,970,1.9517845344297664,0.10617600207266074,1.8214500010013581,2.1347500324249267,-0.005389042664319277,0.019768603146076202,0.023007898842832268,0.2613970935344696,-1489.1524244024235,-1488.6583672050435,-9.99021009302495,-0.16329018922965588,-0.1501214470033574,False
249,1787909204.426493,6864.29978749,24.901373386383057,24000,24000,4698,1004,1.9595258993456564,0.1271253962450229,1.8131499707698822,2.23799991607666,-0.005580998491495848,0.017330104485154152,0.02320537923212621,0.23347800970077515,-1494.6616261068611,-1494.6391084548839,-9.98758278249096,0.2705834011017032,0.16065768072667197,False
250,1787909204.5267227,6864.39963097,25.00160312652588,24000,24000,4652,926,1.9628444953819588,0.1272779115522201,1.8202500343322754,2.243000030517578,-0.008948242291808128,0.019864274188876152,0.023247059729898125,0.2704983353614807,-1500.472624855382,-1500.6412110474728,-9.98758278249096,0.47364518587892235,0.6312247604805634,False
251,1787909204.62644,6864.49946665,25.101320505142212,24000,24000,4806,916,1.948811136088517,0.1148707321143916,1.8187499940395355,2.1294999718666077,-0.007737427484244108,0.018466150388121605,0.02365686981419377,0.25305309891700745,-1506.7804133179984,-1506.6134461141244,-9.982336552994349,0.1491741534571247,0.040099828930124204,False
252,1787909204.7253528,6864.59929727,25.200233221054077,24000,24000,4899,964,1.9486120328368983,0.12790594907745717,1.8070000410079956,2.201699924468994,-0.005778513383120298,0.012609105557203293,0.023103483656231945,0.17448967695236206,-1512.654477638834,-1512.553041276327,-9.966559142769123,0.2101452837684974,0.4785443282437427,False
253,1787909204.826687,6864.69993533,25.301567554473877,24000,24000,4736,877,1.9380433284842167,0.1144207476827723,1.8079999685287476,2.1498000621795645,-0.008672868832945824,0.010233127512037754,0.024589001494806608,0.17258290946483612,-1519.2961909513078,-1518.5159731083343,-9.951222288265514,-0.35122885572468476,-0.27606292266636956,False
254,1787909204.926328,6864.79977709,25.40120840072632,24000,24000,4742,831,1.943062573850657,0.11760711656142647,1.8100000023841858,2.1554999351501465,-0.006910228170454502,0.013065184466540813,0.024083644125202714,0.18874527513980865,-1525.153463587667,-1524.496009102314,-9.981884856619878,-0.22977621456288944,-0.09610289975626074,False
255,1787909205.0265198,6864.89961739,25.501400232315063,24000,24000,4794,870,1.939460918410071,0.1244351943125083,1.8114500105381013,2.2077499866485595,-0.008944351226091385,0.01015480700880289,0.02424052286080501,0.17408059537410736,-1530.5583044860632,-1530.4660047856719,-10.012157542790213,0.3771688026592983,0.5532039995898685,False
256,1787909205.1267607,6864.99946089,25.601641178131104,24000,24000,4765,931,1.9346476916211761,0.10952230794901982,1.809999942779541,2.16949999332428,-0.012806909158825874,0.012259228155016899,0.024428591375665734,0.23370423913002014,-1537.4945806585001,-1536.520342030068,-10.011802154985345,-0.5443744652156965,-0.563770340320616,False
257,1787909205.225464,6865.09930471,25.700344562530518,24000,24000,4562,857,1.9405904325331662,0.12650742372031723,1.8109999895095825,2.195800018310546,-0.008758858777582645,0.0126603739336133,0.023435187494516493,0.1976059526205063,-1543.1381364745027,-1542.5212778751663,-10.011802154985345,-0.2654552975097886,-0.3371865312903992,False
258,1787909205.3299625,6865.19994579,25.804842948913574,24000,24000,4414,851,1.9260387765254594,0.10205807730237461,1.8140000104904175,2.0810000896453857,-0.007606437895447016,0.012010817416012287,0.023080160880103676,0.1887742280960083,-1548.8094650782257,-1548.590974044088,-10.032277913169949,0.3334071662502538,0.42752121507123775,False
259,1787909205.4262369,6865.29978447,25.9011173248291,24000,24000,4598,898,1.927521158698407,0.11407293095079021,1.8137000143527984,2.112599980831146,-0.009050619788467884,0.009548792615532875,0.023382013570991938,0.1779177039861679,-1554.9247768709804,-1554.65742180297,-10.032277913169949,-0.005176843548497345,-0.046130513231901205,False
260,1787909205.526782,6865.39962153,26.001662492752075,24000,24000,4608,896,1.924331473053566,0.10673498682563112,1.805999994277954,2.122749984264374,-0.013602770864963531,0.012050828896462917,0.02397512378778904,0.24381786584854126,-1561.035158538549,-1560.694375243638,-10.007451416469443,-0.08257144203230382,0.0440709045069525,False
261,1787909205.626428,6865.49946945,26.101308345794678,24000,24000,4598,873,1.9253539511974462,0.11049614771618674,1.806600022315979,2.0915999412536617,-0.01420903205871582,0.013719761744141579,0.023547300915813876,0.2617575526237488,-1566.9409597291592,-1566.6929496911011,-9.992345373831094,-0.009346933918777722,-0.07516402811188527,False
262,1787909205.726431,6865.59933137,26.201311349868774,24000,24000,4604,987,1.9357700102718165,0.12028538031303987,1.805299961566925,2.1731000185012816,-0.011366728693246841,0.008996047079563141,0.023889521020723205,0.1938311755657196,-1572.8885079948977,-1572.6782808533485,-9.95499123946678,0.04356054487811889,0.13623580445687367,False
263,1787909205.8265414,6865.69996497,26.301421880722046,24000,24000,4607,960,1.9352427097658316,0.11914942387427539,1.8069500386714936,2.1437498927116385,-0.013921604491770267,0.010964843444526196,0.02307597235965524,0.23226027190685272,-1578.549128443255,-1578.6080017607096,-9.95499123946678,0.38984774403388656,0.3158758151341772,False
264,1787909205.9261217,6865.79981031,26.401002168655396,24000,24000,4776,983,1.9399654126725143,0.11826100191084601,1.8141000151634217,2.160900020599365,-0.013402328826487064,0.017360124737024307,0.023271420574568075,0.287134051322937,-1585.3232700942274,-1584.580438121903,-9.961613197957073,-0.4092022953961987,-0.6301332696405098,False
265,1787909206.0264676,6865.89964617,26.50134801864624,24000,24000,4702,990,1.9592525255800497,0.13534831292013275,1.819000005722046,2.2850000858306885,-0.013734455220401287,0.019137462601065636,0.023098139391318183,0.30216333270072937,-1591.5589094357647,-1590.526347546974,-9.98243727171735,-0.6238141928809,-0.7040396365043762,False
266,1787909206.1264977,6865.99949565,26.601378202438354,24000,24000,4711,1020,1.9449156876872569,0.10375097117659988,1.8229499578475952,2.099049973487854,-0.010638070292770863,0.019040482118725777,0.022153760629867954,0.2827147841453552,-1596.8993560246913,-1596.4496644618441,-9.980249562585264,0.03782582068652118,0.03946224589208214,False
267,1787909206.2258525,6866.09934267,26.700732946395874,24000,24000,4793,1039,1.9492897028184144,0.10028240287742032,1.8209999799728394,2.10840003490448,-0.009198557585477829,0.02096562460064888,0.02159621962376756,0.2975086569786072,-1603.3275923521296,-1602.4619063205564,-10.002249091458918,-0.428852155114555,-0.4353112529763621,False
268,1787909206.3271277,6866.19997005,26.802008152008057,24000,24000,5008,1124,1.9508852306421967,0.10051536796617874,1.8329999446868896,2.0829999446868896,-0.011598718352615833,0.02365684136748314,0.02236265162788816,0.33335554599761963,-1608.866101359278,-1608.4469067176028,-10.011057204266526,0.10943017936847355,0.30417630862075384,False
269,1787909206.4262753,6866.29982463,26.901155710220337,24000,24000,4906,1056,1.951032199078437,0.10026806576371754,1.8377500474452972,2.0869998931884766,-0.004307514987885952,0.02401777170598507,0.022017772927213068,0.3160698711872101,-1614.728946171122,-1614.4462155997423,-10.002791370849206,0.19571200366749508,0.23127477962634657,False
270,1787909206.527202,6866.39967059,27.002082347869873,24000,24000,4831,1040,1.9499355773513134,0.09726033592482004,1.8379500567913056,2.0854500412940973,-0.0043799071572721004,0.025267068296670914,0.020984730924701628,0.33329764008522034,-1620.446412828254,-1620.4552271045382,-10.005440178543394,0.534121650131965,0.6358776061858862,False
271,1787909206.626608,6866.49951341,27.1014883518219,24000,24000,4856,1025,1.9558263442574477,0.11077287669086588,1.8432000398635864,2.1255999565124513,-0.0037461519241333008,0.022569620981812477,0.020486982947305336,0.2917816638946533,-1626.347660279047,-1626.445674889595,-9.983240257923535,0.5975082918637327,0.7307239416154516,False
272,1787909206.7263923,6866.59935813,27.20127272605896,24000,24000,4903,1021,1.96060529103125,0.1154236037567083,1.8350000381469727,2.1740000247955322,-0.004954187665134668,0.02111697755753994,0.021618890413814068,0.2780052423477173,-1632.4317108119515,-1632.454332847467,-9.99120820775004,0.500795110964873,0.6891733659147121,False
273,1787909206.826891,6866.69999557,27.30177140235901,24000,24000,5022,1013,1.9546811477100037,0.10859589058195797,1.8305999994277955,2.1788000106811523,-0.004040293395519257,0.014186995103955269,0.02172660236491263,0.19162467122077942,-1638.834608226036,-1638.469562871768,-9.979117941021457,0.128095140509231,0.1956519423258669,False
274,1787909206.9266696,6866.79983613,27.40155005455017,24000,24000,4887,907,1.9607772882350094,0.12143023026226943,1.833299958705902,2.2003999471664426,-0.008656519465148449,0.012402874417603016,0.022322214118293493,0.1932602971792221,-1644.8771106402196,-1644.4454374791856,-9.98306635780188,0.07258673981368702,0.1541575840110454,False
275,1787909207.025901,6866.89967937,27.500781536102295,24000,24000,4910,848,1.9519174537568722,0.12036752108139896,1.8329999446868896,2.2139000654220578,-0.01111950259655714,0.006209908053278923,0.02298642332856759,0.162832573056221,-1651.3368077834843,-1650.432487833875,-9.98306635780188,-0.43294813571537816,-0.4712488908226078,False
276,1787909207.126123,6866.99950137,27.601003408432007,24000,24000,4946,862,1.9457923461555604,0.11017592226707844,1.8240500032901763,2.167499983310699,-0.009869667701423168,0.006664287764579058,0.022688602861304395,0.15383495390415192,-1657.1797904023726,-1656.4667838934304,-10.013288089676642,-0.26234231176749745,-0.2348449623984834,False
277,1787909207.225451,6867.09933509,27.700331449508667,24000,24000,5129,910,1.948800000515613,0.11405114057818756,1.8234499752521516,2.1519999504089355,-0.007648823317140341,0.009261609055101871,0.022962838455410937,0.15447163581848145,-1663.0014329854018,-1662.487783533605,-10.027161328471259,-0.12402878957527719,-0.16693939280798986,False
278,1787909207.3261437,6867.19997031,27.801024198532104,24000,24000,4921,858,1.9430909092887576,0.11507188641996828,1.8209999799728394,2.1817500114440915,-0.01228903979063034,0.005531350150704384,0.022560626921941617,0.17459678649902344,-1669.308895230009,-1668.5836060994077,-10.049533725792823,-0.38964869249593903,-0.3861191641778987,False
279,1787909207.4262462,6867.29980459,27.901126623153687,24000,24000,4918,876,1.9392579921848698,0.11041999613010789,1.8229999542236328,2.1575000286102295,-0.013643513433635235,0.0058390297926962376,0.023268593451048463,0.19638705253601074,-1674.8778388259736,-1674.6416915984187,-10.045676509496216,0.04782896281926696,0.14159750743056065,False
280,1787909207.5377903,6867.39965109,28.012670755386353,24000,24000,4546,816,1.936517158997994,0.11366063823561662,1.8220000267028809,2.165999948978424,-0.013668005354702473,0.004851840902119875,0.022795776288258487,0.1909753680229187,-1680.775282637482,-1680.6841314908238,-10.031345387958833,0.843340380223708,1.253504616805003,False
281,1787909207.627452,6867.49949115,28.10233235359192,24000,24000,5062,982,1.9354164973053087,0.09821192779916917,1.8210499823093413,2.115000009536743,-0.019834311679005623,0.013644037768244743,0.023463899467755032,0.31563976407051086,-1687.1869972537756,-1686.6879969983495,-10.019565196084448,-0.18843133337304607,-0.09609586859755836,False
282,1787909207.7265482,6867.59931309,28.201428651809692,24000,24000,5047,937,1.938191035513944,0.11034199077183887,1.819000005722046,2.1459999084472656,-0.012849872000515461,0.012664777226746082,0.02180995876258657,0.24122834205627441,-1692.9223737045072,-1692.665187818899,-10.011526958348737,0.022243111150828554,-0.018801510515004338,False
283,1787909207.8271832,6867.69995663,28.302063703536987,24000,24000,4882,992,1.940667340111348,0.10961453931249733,1.8185499846935271,2.145449948310852,-0.015009118244051933,0.015363041311502457,0.021922435065714046,0.28792205452919006,-1698.7140815748771,-1698.6404511262201,-10.006791072845989,0.2689155857476635,0.29127537926660807,False
284,1787909207.9262018,6867.79981191,28.401082277297974,24000,24000,4878,1077,1.9510835661529498,0.11913777818429783,1.817799973487854,2.1864000797271728,-0.014983594417572021,0.023963304236531258,0.022235500695668917,0.373491495847702,-1704.714364020389,-1704.684443565944,-10.006791072845989,0.21002035395940766,0.2116707920981753,False
285,1787909208.026219,6867.89966377,28.501099348068237,24000,24000,4958,1174,1.9536669520340746,0.11709598777206309,1.8300000429153442,2.1641500353813163,-0.014524073339998722,0.02670395001769066,0.021283414553993248,0.39279094338417053,-1711.3900819562682,-1710.6530715004287,-9.988638458523132,-0.46439779686193106,-0.49560905652720066,False
286,1787909208.1265688,6867.99951209,28.601449251174927,24000,24000,5027,1286,1.952237169627639,0.11090679939298974,1.8289999961853027,2.150499939918518,-0.012456558644771576,0.024507176131010056,0.02105099704250841,0.35828059911727905,-1717.4377443384383,-1716.690546495181,-9.976929075253631,-0.4907895368626214,-0.7620972064507896,False
287,1787909208.2260845,6868.09934411,28.70096492767334,24000,24000,4841,1143,1.9564724421146555,0.11593283891388093,1.8229999542236328,2.168599915504455,-0.014310904778540134,0.026653330773115158,0.02145965723040682,0.3925687074661255,-1723.304608418346,-1722.6868946355303,-9.977292575300856,-0.3864388693236833,-0.3756302604215307,False
288,1787909208.3268597,6868.19998595,28.801740169525146,24000,24000,4784,1049,1.9582535758032131,0.11049522874851962,1.8294000148773193,2.143599987030029,-0.012063061818480492,0.02727801352739334,0.02102222588466171,0.38230934739112854,-1728.8404080990467,-1728.6360159901471,-9.97850789296736,0.12455358862530375,0.2128593905197249,False
289,1787909208.427178,6868.29980931,28.902058362960815,24000,24000,4836,1037,1.9588322086527354,0.1229894334394175,1.8309999704360962,2.196000099182129,-0.010962226428091526,0.02105008065700531,0.022044778720271812,0.3094837963581085,-1734.9601370183561,-1734.594661700332,-9.964694187801717,0.02419264386639952,0.05699910082034876,False
290,1787909208.5260415,6868.39965085,29.000921964645386,24000,24000,4802,1004,1.9492988061619945,0.11559167879582521,1.8220000267028809,2.151849961280823,-0.011760998517274857,0.02333388477563858,0.021370518140816457,0.3404330909252167,-1740.992810563818,-1740.5543081281185,-9.973458928415663,-0.07639243939206608,0.09302822423296675,False
291,1787909208.6267345,6868.49950535,29.101614952087402,24000,24000,4578,938,1.9504658865776143,0.1093052451509108,1.8240000009536743,2.1207499027252195,-0.011579626239836216,0.02158721536397934,0.02210002169865366,0.3208220303058624,-1747.1214229726029,-1746.5154663695243,-9.962126787107993,-0.16314820071875147,0.028913363565607142,False
292,1787909208.7258582,6868.59935375,29.200738668441772,24000,24000,4591,924,1.952500000144496,0.12380488920765961,1.8251500368118285,2.1688499212265016,-0.01162797398865223,0.019296547397971153,0.022443959922515334,0.2932983338832855,-1753.1998045254954,-1752.4630135359114,-9.962502310468205,-0.2938336946253912,-0.29138977212869577,False
293,1787909208.8268251,6868.69999263,29.301705598831177,24000,24000,4594,889,1.9396501688372565,0.11128016666544668,1.819000005722046,2.1581999778747556,-0.013788873329758644,0.01639331690967083,0.022282699344380014,0.278939425945282,-1759.0681957221996,-1758.4195803372183,-9.994845592223777,-0.10393091233754603,-0.14668590439555373,False
294,1787909208.9265003,6868.79984343,29.40138077735901,24000,24000,4724,925,1.9488799994700663,0.12438969040891576,1.8206000328063965,2.210199975967407,-0.013949955813586712,0.021162090823054314,0.022040011595994505,0.33007654547691345,-1764.1208243032604,-1764.3934461335523,-9.978690661652966,0.8242258152283739,0.9808723139221911,False
295,1787909209.0261002,6868.89968517,29.500980615615845,24000,24000,4513,828,1.9455628020751878,0.12196457127601522,1.8209999799728394,2.208050000667572,-0.012510986998677254,0.02189924195408821,0.021704207330615614,0.3271184265613556,-1770.8768533889627,-1770.35640991161,-9.994579712400334,0.044461414336865346,0.22028420009814909,False
296,1787909209.1264377,6868.99954819,29.60131812095642,24000,24000,4516,878,1.941920272853217,0.1161132935810479,1.815000057220459,2.129650008678436,-0.0153530677780509,0.019498659297823906,0.02188859399808319,0.321759432554245,-1776.2168061374782,-1776.4153325166199,-10.00486827200419,0.7250354078689725,0.8900874619823753,False
297,1787909209.2261126,6869.09939019,29.700993061065674,24000,24000,4578,956,1.9472500009766183,0.12401639601648831,1.812000036239624,2.2235000133514404,-0.017266640439629555,0.019866332411766052,0.02181673462000681,0.3400484621524811,-1782.471146320763,-1782.4562920580402,-10.020424624578446,0.45146622743959597,0.45817510424876673,False
298,1787909209.3361843,6869.19962937,29.81106472015381,24000,24000,4628,913,1.9470744819787351,0.12434733800558712,1.809999942779541,2.2298000335693358,-0.016557149589061737,0.02063094824552536,0.02201794451408847,0.34004443883895874,-1788.9013647209206,-1788.5213925898536,-10.008643164425493,0.6258506109797963,0.8872929338190261,False
299,1787909209.4309678,6869.29946911,29.905848264694214,24000,24000,4421,933,1.9441907835160037,0.1190025085638495,1.8175999879837037,2.1640000343322754,-0.01686069183051586,0.01536470279097557,0.023080685474376438,0.2951371669769287,-1795.26100166631,-1794.529613283826,-10.009746259746477,-0.046512541079664516,0.3908136680424832,False
300,1787909209.5264142,6869.39932587,30.00129461288452,24000,24000,4584,969,1.9441465418651254,0.11396171194882317,1.8170000314712524,2.1262000560760494,-0.015079832635819912,0.023212531581521034,0.02211215403873081,0.34886252880096436,-1800.993545115231,-1800.5309509042638,-10.019174252383221,-0.05201215170654905,-0.11178585798302265,False
301,1787909209.626191,6869.49997165,30.10107135772705,24000,24000,4614,949,1.9438788212513898,0.10723258951618911,1.8170000314712524,2.1104000091552733,-0.011111225001513958,0.025029940530657768,0.02326487342467745,0.34895092248916626,-1806.811478585149,-1806.5442883855255,-10.019174252383221,0.11693394569101656,0.049596068624168765,False
302,1787909209.72652,6869.59980309,30.20140051841736,24000,24000,4811,982,1.9516221981670123,0.11799322649492738,1.820050048828125,2.1539999723434433,-0.004679204896092415,0.02675112523138523,0.022025850943426954,0.3456539213657379,-1813.553109795044,-1812.577036689174,-10.040918899730105,-0.6046712241613932,-0.6841134346245781,False
303,1787909209.826533,6869.69965367,30.301413536071777,24000,24000,4766,985,1.954725889748123,0.11603384968598429,1.824399995803833,2.158800029754638,-0.009800163097679615,0.028274238109588623,0.022513987857489436,0.3799195885658264,-1819.4850539344245,-1818.626881698164,-10.040918899730105,-0.5355587766005101,-0.47193861134360304,False
304,1787909209.926554,6869.79948715,30.401434421539307,24000,24000,4637,977,1.9517011282509888,0.11115060732925632,1.8227999687194825,2.127200078964233,-0.009006178937852383,0.022082962095737457,0.02259012559050393,0.30460116267204285,-1825.1226283013823,-1824.6782380535826,-10.034828709633038,-0.1716044661552587,-0.09102219323926874,False
305,1787909210.0253415,6869.89933015,30.500221967697144,24000,24000,4663,924,1.9502900455679213,0.10921463215403342,1.829150003194809,2.100250053405761,-0.007869080640375614,0.024385683238506317,0.023808987352115066,0.32859688997268677,-1831.2270017916492,-1830.679385320282,-10.033058412341914,-0.34845303534962113,-0.5073397982425831,False
306,1787909210.1266131,6869.99997207,30.60149359703064,24000,24000,4805,970,1.9615525760601475,0.1208227282378949,1.8259999752044678,2.1630001068115234,-0.009291746653616428,0.024743584915995598,0.021836012891985345,0.3281959891319275,-1836.544213675677,-1836.6735324465546,-10.010440055815183,0.4109118356805084,0.5372410146358106,False
307,1787909210.2263873,6870.09979497,30.7012677192688,24000,24000,4774,1006,1.9493986103928114,0.10047023212727536,1.8259999752044678,2.0982499718666077,-0.005870802793651819,0.02280183881521225,0.021976404194328062,0.29561206698417664,-1842.9307825435544,-1842.647598705584,-9.997042452274217,0.011065171631344128,0.03373201316708219,False
308,1787909210.3264644,6870.19964257,30.801344871520996,24000,24000,4638,1011,1.9523907019052025,0.11470805858143474,1.82150000333786,2.1489999294281006,-0.00494396360591054,0.01965613290667534,0.02309202845773037,0.25799980759620667,-1848.5686219766292,-1848.6061750801564,-9.99228127294811,0.3781305780501043,0.5975891230204979,False
309,1787909210.4259384,6870.29947171,30.900818824768066,24000,24000,4659,972,1.9591543215783045,0.11815631542927256,1.8200000524520874,2.187699961662292,-0.00569937052205205,0.019155416637659073,0.02342489717443462,0.2517632246017456,-1854.860395167986,-1854.6042266130396,-9.974497345091404,0.05506862411516522,0.04790517204628486,False
310,1787909210.5259018,6870.39930585,31.000782251358032,24000,24000,4674,934,1.9500588890827186,0.11122026921265467,1.8202999889850617,2.1254000544548033,-0.007416704669594765,0.019752690568566322,0.023967196953502107,0.26652950048446655,-1861.0932189366456,-1860.571329398963,-9.961510713822099,-0.17967415808971055,-0.08312213337035246,False
311,1787909210.6271155,6870.49994477,31.101995944976807,24000,24000,4889,978,1.9510194304530606,0.12089326858975258,1.8029999732971191,2.1817500114440915,-0.006049907300621271,0.01570034585893154,0.023287630808003824,0.2131267786026001,-1867.0564347150637,-1866.5085755159043,-9.957657672954914,-0.06978948394112194,-0.024892008729466397,False
312,1787909210.7265086,6870.59978309,31.20138907432556,24000,24000,4756,873,1.9380320744825803,0.11422400790975507,1.805999994277954,2.1843999862670898,-0.008211450651288033,0.011989654041826725,0.024582060901542347,0.18760092556476593,-1873.0356805072456,-1872.436676961332,-9.957657672954914,-0.08517369526316543,-0.11415436009019686,False
313,1787909210.8270917,6870.69963027,31.301972150802612,24000,24000,4749,854,1.9464051521075694,0.12323872902720658,1.812999963760376,2.2208499789237965,-0.008620482869446278,0.013377515599131584,0.024348081760878024,0.20158571004867554,-1879.046491817375,-1878.4367894497416,-9.993625195831202,-0.060723318628106426,-0.07752917994457675,False
314,1787909210.926724,6870.79946251,31.401604413986206,24000,24000,4752,847,1.9440460428859436,0.1268643620405195,1.812999963760376,2.202700042724609,-0.006391099654138088,0.011349932290613651,0.023227289988397588,0.16643503308296204,-1885.0609092813336,-1884.4290671453148,-10.013662454246491,-0.09693051284239118,-0.08400529909886245,False
315,1787909211.0258365,6870.89930681,31.50071692466736,24000,24000,4832,894,1.943025727666731,0.12521765423653575,1.809999942779541,2.225699937343597,-0.005335373803973198,0.009968597441911697,0.02405793635688309,0.14784756302833557,-1890.6123448913613,-1890.443793705106,-10.030701793818293,0.2986575648519647,0.39963054098825523,False
316,1787909211.1271405,6870.99995235,31.602020978927612,24000,24000,4586,816,1.9393958320804672,0.1243650939608872,1.8020000457763672,2.191249907016754,-0.007614149712026119,0.010831332765519619,0.02348597836560616,0.17122994363307953,-1897.2542711483975,-1896.5154877911014,-10.024286419886765,-0.26474635219256015,-0.1888815781953781,False
317,1787909211.2262251,6871.09980721,31.70110559463501,24000,24000,4596,882,1.9388956934416375,0.11640519642285072,1.8200000524520874,2.2038999915122983,-0.006584130227565765,0.0123447859659791,0.023729693880599683,0.18496160209178925,-1902.680922596431,-1902.5498661255276,-9.993536551995964,0.2539521122223505,0.19991093659564285,False
318,1787909211.3262968,6871.19964515,31.801177263259888,24000,24000,4593,902,1.9257217287488628,0.10535826025301649,1.8120500326156617,2.0859999656677246,-0.00821754615753889,0.010323019698262215,0.02306397356490955,0.17620012164115906,-1908.7168102532437,-1908.5378708982514,-9.993588825678225,0.2226402621570287,0.16614063108863775,False
319,1787909211.426436,6871.29948317,31.90131640434265,24000,24000,4651,941,1.9267948992574127,0.11413986450779981,1.809000015258789,2.111999988555908,-0.014083042740821838,0.011549597606062889,0.023873940432483753,0.24389828741550446,-1914.2171517458273,-1914.5031545287695,-9.98614777054038,0.7309231096751319,0.888407307972102,False
320,1787909211.525688,6871.39931397,32.00056838989258,24000,24000,4712,931,1.9335982788006039,0.12440411626912647,1.8069999814033508,2.187999963760376,-0.016798757016658783,0.014812348410487175,0.02362857126014585,0.29707005620002747,-1920.860751502698,-1920.505163666174,-9.98614777054038,0.04271591689507659,0.034287846200413696,False
321,1787909211.6265845,6871.49995375,32.10146498680115,24000,24000,4554,942,1.934968153002915,0.11495777097655265,1.8130999684333802,2.1547499775886534,-0.011134648695588112,0.010467251762747765,0.023483143841152222,0.20303314924240112,-1927.1120932701956,-1926.488206630207,-9.981864282535158,-0.15455207422405692,-0.1280841052721371,False
322,1787909211.7266622,6871.59979847,32.2015426158905,24000,24000,4523,927,1.9468586862794532,0.13710365786990394,1.8049999475479126,2.248700046539306,-0.012690572999417782,0.00976803433150053,0.023260103539359832,0.21023008227348328,-1933.1139152231442,-1932.4830714800005,-9.987031004527351,-0.15144057613588302,-0.22395994825046728,False
323,1787909211.826279,6871.69963779,32.301159381866455,24000,24000,4551,909,1.9339515947797248,0.12121962078156884,1.8043999910354613,2.1289999008178704,-0.012960528023540974,0.013369115069508553,0.023620769552299442,0.24551011621952057,-1939.0264693317158,-1938.4585701224557,-9.995109668970782,-0.08671429011542386,0.01568160686451847,False
324,1787909211.9259114,6871.79947661,32.40079188346863,24000,24000,4707,983,1.940593082082599,0.12064029687105995,1.812999963760376,2.1901999950408935,-0.015412735752761364,0.01281846221536398,0.024073223293884453,0.2673279643058777,-1945.4930038109314,-1944.4480283472626,-9.997844151074387,-0.5750241938151248,-0.45015278413075066,False
325,1787909212.0254734,6871.89932727,32.50035381317139,24000,24000,4728,995,1.9451959828036514,0.11240869005508952,1.8186999917030335,2.146299958229065,-0.013636195100843906,0.01526673510670662,0.022809852987471804,0.2663026750087738,-1951.1868891209658,-1950.435402262719,-10.009649373740382,-0.29491943671814624,-0.30868593165109814,False
326,1787909212.127568,6871.99997293,32.60244846343994,24000,24000,4758,1022,1.9500919797415837,0.11283770691529683,1.8140000104904175,2.1247499942779537,-0.010744912549853325,0.01895785517990589,0.022124914941392435,0.28637930750846863,-1956.602438927518,-1956.4059132471598,-10.041623804650227,0.4154910352463048,0.35291045052099435,False
327,1787909212.2261517,6872.09981689,32.70103216171265,24000,24000,4805,1014,1.9472396468975135,0.10170958571850908,1.8300000429153442,2.0813999891281125,-0.012244822457432747,0.023057812824845314,0.02250060124615306,0.33604636788368225,-1962.175845565614,-1962.4938294556732,-10.030969473754167,0.7573778835308076,0.6646466404752118,False
328,1787909212.3264806,6872.19966165,32.801361083984375,24000,24000,5046,1156,1.9575882350903482,0.10888868634473259,1.8359999656677246,2.1172499656677246,-0.0032245777547359467,0.02361474372446537,0.021376207537494606,0.308150976896286,-1968.9776088976628,-1968.528419366129,-10.0287090176665,-0.024373714246848976,0.27108361838236306,False
329,1787909212.4260774,6872.29950019,32.90095782279968,24000,24000,4845,1065,1.9506704234181436,0.09855693144753722,1.8329999446868896,2.0978000164031982,-0.00584050826728344,0.02407795749604702,0.021984854647057687,0.32314062118530273,-1974.874720429726,-1974.5487656600756,-10.019786872458987,0.05459346347038263,-0.08450241322930196,False
330,1787909212.5258515,6872.39934179,33.00073194503784,24000,24000,4867,1037,1.944467696527391,0.09591346242317826,1.8359999656677246,2.071200084686279,-0.004976813681423664,0.025241700932383537,0.020476859720428828,0.32870930433273315,-1980.4604125730284,-1980.5196603787376,-9.99717958500585,0.4556235239963371,0.5278072173109649,False
331,1787909212.6269221,6872.49997731,33.101802587509155,24000,24000,4902,1062,1.9571101716009236,0.10888666421404353,1.8359999656677246,2.1608000159263607,-0.005790987052023411,0.02262529544532299,0.02191994606121868,0.3011896312236786,-1986.895370770922,-1986.538686931904,-9.983390675557116,0.08518231572747936,0.15089069039231617,False
332,1787909212.7262344,6872.59980355,33.201114892959595,24000,24000,5081,1053,1.9621747374421399,0.1132395577601247,1.8405999898910523,2.153800058364868,-0.005167108960449696,0.021744241937994957,0.021468625382667843,0.2857579290866852,-1992.7660196702943,-1992.5470628327166,-9.983390675557116,0.17354534065270855,0.1804017338702124,False
333,1787909212.8261685,6872.69964943,33.30104899406433,24000,24000,4976,974,1.9581160167159486,0.1080278122472491,1.8336499750614166,2.1737000465393064,-0.006342501379549503,0.018196308985352516,0.021941478038151982,0.2455708384513855,-1999.1354323252356,-1998.5236504251352,-9.980145348570913,-0.19954593773695706,-0.3806993847647391,False
334,1787909212.9264336,6872.79948611,33.40131402015686,24000,24000,4870,913,1.9637141286478115,0.1319241078880173,1.8329999446868896,2.260999917984009,-0.007664999924600124,0.010568718425929546,0.023007042791401693,0.16688106954097748,-2005.1678865653366,-2004.5106085154407,-10.008272636071888,-0.21582239034751183,-0.34662852973860936,False
335,1787909213.025842,6872.89932913,33.50072240829468,24000,24000,4876,862,1.9548410636366382,0.12718246263798283,1.8250500440597535,2.2258500695228576,-0.008965310640633106,0.0054610539227724075,0.022800622009978948,0.1348201334476471,-2011.512636118112,-2010.5298028331815,-10.030726530050165,-0.5957947928825433,-0.6522815580306087,False
336,1787909213.127391,6872.99997989,33.60227155685425,24000,24000,5049,849,1.950103651648837,0.11302832366243323,1.8250000476837158,2.184200000762939,-0.010309242643415928,0.007410340942442417,0.02257367299686345,0.16475355625152588,-2017.5686142111051,-2016.5694925050245,-10.031083920054087,-0.558544212710558,-0.6836844348190425,False
337,1787909213.2261467,6873.09982527,33.701027154922485,24000,24000,5112,926,1.9466803438205182,0.11908071550402083,1.8222500085830688,2.1714999675750732,-0.013600287958979607,0.003721031127497554,0.0230414713025892,0.18251127004623413,-2022.6857904197768,-2022.5673264231048,-10.026419744341194,0.2498875262999718,0.27421798568366285,False
338,1787909213.3270755,6873.19965763,33.80195593833923,24000,24000,4933,875,1.9457908609935215,0.12119505161513859,1.8256999969482421,2.189899897575378,-0.009595450945198536,0.006697915028780699,0.02250023622508753,0.1533222794532776,-2028.7809926231628,-2028.5379215065593,-10.01836210131536,0.2106903784547285,0.14101986652121923,False
339,1787909213.4264627,6873.29949235,33.90134310722351,24000,24000,4925,841,1.9354494651347647,0.10863167346820413,1.819000005722046,2.132999897003174,-0.013915155082941055,0.007687883917242289,0.02318461199565882,0.21043995022773743,-2034.8609270130826,-2034.572049568906,-10.012559284528088,0.09425992510546166,0.1442284156109963,False
340,1787909213.5258772,6873.39934273,34.000757694244385,24000,24000,4955,874,1.9357105294408732,0.10776999427972571,1.815999984741211,2.1593499779701233,-0.014541072770953178,0.009888802655041218,0.02266323386732619,0.23152005672454834,-2040.7689932853198,-2040.5980726597754,-10.000731786560731,0.15134275316950152,0.028773841888096285,False
341,1787909213.62651,6873.49996635,34.10139036178589,24000,24000,5019,923,1.9411300112082666,0.11295083215827564,1.8259999752044678,2.1518999576568603,-0.014473234303295612,0.009280712343752384,0.02257454995256286,0.22972510755062103,-2046.3811299102451,-2046.58341832962,-9.987881976850744,0.5774434154950541,0.6320092607643346,False
342,1787909213.7264555,6873.59980035,34.20133590698242,24000,24000,4928,977,1.9373490285726995,0.107900893948228,1.8179999589920044,2.138400030136108,-0.015698522329330444,0.013562616892158985,0.021949613040663257,0.2791428864002228,-2052.5967809108756,-2052.5617874750324,-9.965312327153418,0.35880046845159086,0.32625731903954147,False
343,1787909213.8263848,6873.69964677,34.301265239715576,24000,24000,4881,1007,1.945360476589487,0.11341077254110128,1.819000005722046,2.175299954414367,-0.01748720370233059,0.019808590412139893,0.022541449277520397,0.3510572910308838,-2059.1047125270543,-2058.5025589125235,-9.966417754806175,-0.15309588660693407,-0.07914475603183746,False
344,1787909213.9262147,6873.79949571,34.401095151901245,24000,24000,4871,1112,1.949044965046773,0.11576978948038473,1.8209999799728394,2.183700013160706,-0.016010329127311707,0.023060999810695648,0.022092934924875633,0.36705565452575684,-2065.027933255838,-2064.5034940506075,-9.975578662577666,-0.08624686101484258,-0.06485678287435803,False
345,1787909214.0253453,6873.89935051,34.50022578239441,24000,24000,4997,1229,1.9483384872666212,0.1111768588951075,1.8263999938964843,2.1468000411987296,-0.014573009684681892,0.026054782792925835,0.02107315126382146,0.38535621762275696,-2071.3532185126537,-2070.490277626007,-9.973843373928856,-0.46342119146902405,-0.3802543665160556,False
346,1787909214.127059,6873.99998323,34.60193943977356,24000,24000,4883,1214,1.9506194403968886,0.11330445992407391,1.815000057220459,2.144700002670288,-0.013104910962283611,0.02658998593688011,0.02100872299328617,0.3839164972305298,-2077.135831758332,-2076.516675035621,-9.990218084639247,-0.14293478159925144,-0.0009938863126990327,False
347,1787909214.226516,6874.09982553,34.701396465301514,24000,24000,4828,1130,1.959280528642435,0.1180135830687833,1.8250000476837158,2.1510000228881836,-0.012698431499302387,0.026582717895507812,0.02096691798544225,0.37553489208221436,-2083.266131331357,-2082.584039199807,-10.001180190745641,-0.305538826983593,-0.21608803507115226,False
348,1787909214.3262906,6874.19966419,34.80117106437683,24000,24000,4762,1060,1.9621830198000063,0.12177638785318948,1.832949948310852,2.196450090408325,-0.011041837744414806,0.025053352117538452,0.021807116602846094,0.3523598313331604,-2089.07206008965,-2088.5157308651146,-9.992597120355152,-0.12471676990526248,-0.16920744346771244,False
349,1787909214.4261808,6874.29951725,34.90106129646301,24000,24000,4780,1006,1.9578419496003487,0.12464604864256491,1.8212499916553497,2.222249984741211,-0.011747394688427448,0.02367086336016655,0.022393639923142812,0.3431054949760437,-2094.8032727155487,-2094.476394505829,-10.01224867902148,0.1377597187788524,0.3965803158384915,False
350,1787909214.5302806,6874.39936029,35.00516104698181,24000,24000,4498,909,1.9508052774519549,0.11999457534510156,1.8289999961853027,2.1449999809265137,-0.019768092781305313,0.026447148993611336,0.021953983467884245,0.4277668297290802,-2100.6933299659604,-2100.467481246541,-10.051717036664781,0.49397428578549807,0.193208945652259,False
351,1787909214.6267064,6874.49999479,35.10158681869507,24000,24000,4619,933,1.9535509131984568,0.11628276206348383,1.8270000219345093,2.163199949264526,-0.012036792933940887,0.0210243109613657,0.02206878336133817,0.31499388813972473,-2106.543352120849,-2106.4605388079744,-10.041887864608565,0.4297640787999626,0.4311819411450415,False
352,1787909214.7267125,6874.59983677,35.20159292221069,24000,24000,4611,932,1.9473422746545768,0.11212503464367166,1.8259999752044678,2.1518000721931454,-0.012123271822929382,0.02183949574828148,0.02178981691905525,0.32731983065605164,-2112.8099064056605,-2112.471440689102,-10.05603268349907,0.16385151355370908,0.24277594387285717,False
353,1787909214.8268137,6874.69966869,35.30169415473938,24000,24000,4694,900,1.949499999417199,0.1244616564449425,1.8270000219345093,2.241249942779541,-0.008617376908659935,0.015370752662420273,0.02162483231104295,0.23188574612140656,-2119.1491758263965,-2118.5512198339216,-10.044675499015602,-0.16906818475990804,-0.3050452619581847,False
354,1787909214.9266093,6874.79949757,35.40148973464966,24000,24000,4621,852,1.9498075125083116,0.12315466135409296,1.8289999961853027,2.239050090312956,-0.01380127016454935,0.02165444940328598,0.02214495093051554,0.33531126379966736,-2124.6511148959244,-2124.6355114803305,-10.04996869167202,0.3170024689816273,0.0730342025281061,False
355,1787909215.0260284,6874.89933655,35.500908851623535,24000,24000,4498,872,1.9447213300597777,0.12368691620054352,1.812999963760376,2.198949968814849,-0.015781469643115997,0.019552696496248245,0.021857237103903398,0.32427018880844116,-2130.8879368498297,-2130.684783667398,-10.028972836564082,0.04560142503714815,0.04846294845992816,False
356,1787909215.1264956,6874.99997039,35.60137605667114,24000,24000,4547,910,1.9470164841347999,0.13455333145440393,1.812999963760376,2.2471999287605273,-0.015041451901197433,0.02035588212311268,0.021599171175412348,0.325906902551651,-2136.848727544735,-2136.746233240834,-10.028972836564082,0.11311981191329323,0.19688508118588288,False
357,1787909215.226938,6875.09980445,35.70181846618652,24000,24000,4558,909,1.93621122378065,0.10581685658477204,1.809999942779541,2.0909999847412104,-0.016832614317536354,0.0211530402302742,0.022008316084904642,0.34618690609931946,-2142.5456662248284,-2142.779843303003,-10.035011711383126,0.4430024133584993,0.41781104435040106,False
358,1787909215.3263998,6875.19963725,35.80128026008606,24000,24000,4741,989,1.9495227498400682,0.1224237125749379,1.8124000072479247,2.1987999439239494,-0.014679460786283016,0.022950129583477974,0.02204815995231526,0.34867966175079346,-2149.795329450353,-2148.8376788759147,-10.036623965878492,-0.8386791690945756,-0.8144256200112068,False
359,1787909215.4262779,6875.29947131,35.90115833282471,24000,24000,4568,957,1.9350929981488794,0.10378314000301044,1.8127999782562256,2.069000005722046,-0.015876436606049538,0.020297735929489136,0.02180640583859664,0.32806217670440674,-2155.8386212021255,-2154.878200399246,-10.036287442595372,-0.88901140063399,-1.1256565107164533,False
360,1787909215.5259376,6875.39931983,36.0008180141449,24000,24000,4571,943,1.9379734894377303,0.10707988920991082,1.8151000499725343,2.0727999687194822,-0.013752775266766548,0.021399453282356262,0.023116236429967713,0.3260748088359833,-2161.8545016840735,-2160.9202114669647,-10.032366239705803,-0.9250364491072105,-1.1760789062132062,False
361,1787909215.626933,6875.49996537,36.101813554763794,24000,24000,4619,933,1.953081459733323,0.12390457307532574,1.8229999542236328,2.187000036239624,-0.011833613738417625,0.02486025169491768,0.022848142376574638,0.3479025661945343,-2168.102690567562,-2166.9153987726954,-9.995986642495515,-1.1132146610157179,-1.242708767826116,False
362,1787909215.726862,6875.59980881,36.20174241065979,24000,24000,4772,981,1.952535167138997,0.11357413180250249,1.8250000476837158,2.1530001163482666,-0.009940116666257381,0.02707234025001526,0.022144636111042018,0.3683730661869049,-2173.607231512529,-2172.8656664411274,-9.984890801529888,-0.6217489564050993,-0.8047328779334748,False
363,1787909215.8261719,6875.69963443,36.30105233192444,24000,24000,4711,986,1.9505304262555878,0.11380057861485285,1.815000057220459,2.1517499685287476,-0.010812459513545036,0.02299383468925953,0.02228428135679391,0.3200129568576813,-2178.558850357024,-2178.8214635210334,-9.992555547090717,0.38550106568163756,0.5298950656156194,False
364,1787909215.9303927,6875.79947715,36.40527319908142,24000,24000,4395,922,1.9497635577867967,0.11234285613851094,1.8250000476837158,2.0969498872756955,-0.0056303804740309715,0.02408895455300808,0.022489708229800273,0.3150308132171631,-2184.624527075456,-2184.817953531539,-9.99175922193888,0.5733634966254613,0.6820890759677241,False
365,1787909216.025949,6875.89932059,36.500829458236694,24000,24000,4640,938,1.9521076778358997,0.11281775854354717,1.8250000476837158,2.1484500050544737,-0.005556324031203985,0.024694805964827538,0.02248291478524972,0.3246577978134155,-2190.833939426709,-2190.8300085482147,-9.99175922193888,0.097589944360152,0.012589963927894132,False
366,1787909216.126895,6875.99995177,36.60177540779114,24000,24000,4875,1015,1.9554413797820143,0.11341166339603699,1.8276999711990356,2.1162999868392944,-0.00636026356369257,0.024682587012648582,0.022396597488692552,0.3227573335170746,-2196.940784938249,-2196.78993052857,-9.950054411081547,0.047779503913716326,-0.10413353120065949,False
367,1787909216.2268367,6876.09978841,36.701717138290405,24000,24000,4669,1002,1.9494181613246362,0.10861644503598814,1.8230499565601348,2.1209500432014465,-0.0062135253101587296,0.020690418779850006,0.02294720272243489,0.27691081166267395,-2203.1770589948896,-2202.710640379415,-9.953618045993705,-0.1917153914851042,-0.318107488980786,False
368,1787909216.3262758,6876.19963413,36.80115628242493,24000,24000,4660,994,1.9553229380661332,0.11407424876611909,1.8216500103473663,2.155400025844574,-0.0058063785545527935,0.019565686583518982,0.023464667262774755,0.260345458984375,-2209.052312106505,-2208.60280831246,-9.930045267790195,-0.10034590832719914,-0.10526142946764594,False
369,1787909216.4274218,6876.29947011,36.902302265167236,24000,24000,4638,966,1.9563188417110877,0.12383113158624509,1.8202500343322754,2.2217499017715454,-0.008303225971758366,0.019427787512540817,0.023530399953142978,0.2640395164489746,-2215.163029512239,-2214.5725364703676,-9.95459870582571,-0.14202570062070663,-0.1442722956403486,False
370,1787909216.5262682,6876.39931825,37.00114870071411,24000,24000,4677,989,1.9461001013118409,0.11472868601266904,1.8064000129699707,2.140199995040893,-0.005711224861443043,0.016297858208417892,0.023503921238869883,0.21877892315387726,-2220.760275026213,-2220.5599495070123,-9.975965403321235,0.1917872320555034,0.3164637337708882,False
371,1787909216.627361,6876.49994393,37.10224151611328,24000,24000,4790,954,1.952511531127074,0.11896323948419234,1.8096499681472777,2.169499969482421,-0.005212864372879267,0.018145771697163582,0.02322184928168335,0.23773840069770813,-2227.0683369270296,-2226.5659513879323,-10.002414927658213,-0.05042724238046503,0.014474656342372327,False
372,1787909216.7270591,6876.59980055,37.20193958282471,24000,24000,4707,836,1.9459677022039605,0.12209835936376673,1.809749960899353,2.208500027656555,-0.007725040428340435,0.014998018741607666,0.02399053676878212,0.21297502517700195,-2233.377439982703,-2232.6156953675245,-10.020551957912547,-0.3773716353562122,-0.31077319824817096,False
373,1787909216.8263266,6876.69962625,37.301207065582275,24000,24000,4758,842,1.945941805556381,0.1278664409367497,1.8109999895095825,2.237899923324585,-0.006211219821125269,0.011094513349235058,0.024124925925773887,0.1622793823480606,-2239.5052944778395,-2238.6584492956617,-10.021144319375654,-0.5489036912499614,-0.51874515533882,False
374,1787909216.9275017,6876.79947195,37.402382135391235,24000,24000,4763,849,1.944844523504008,0.1272723249764194,1.8009999990463257,2.209999990463256,-0.004085024818778038,0.011862133629620075,0.024161304267820816,0.1635490506887436,-2245.322992327876,-2244.6497254091455,-10.022580094206328,-0.29581862371423995,-0.2713588976553183,False
375,1787909217.0266109,6876.89931427,37.50149130821228,24000,24000,4880,863,1.9435260699218007,0.12467442885856052,1.8020000457763672,2.2229999780654905,-0.0052270139567554,0.012381916865706444,0.023271917567448855,0.17572671175003052,-2250.3249389633547,-2250.692127461972,-9.986531504741262,0.6490581477269188,0.693153865165641,False
376,1787909217.1275768,6876.99995099,37.60245728492737,24000,24000,4614,840,1.94902143123604,0.1314720799486237,1.818950003385544,2.2069000840187063,-0.004913086537271738,0.012985240668058395,0.02363856086629465,0.18121464550495148,-2256.8244630632676,-2256.6687329763427,-9.982093055221677,0.2077708037195407,0.16029882982138588,False
377,1787909217.2267983,6877.09979977,37.70167875289917,24000,24000,4607,874,1.9354233402136534,0.11075202164741768,1.815000057220459,2.1471999168395985,-0.0054104262962937355,0.012353192083537579,0.02347547796876775,0.17807358503341675,-2263.1031765906623,-2262.6633857035176,-9.982093055221677,-0.11738129834520805,-0.16194803178541406,False
378,1787909217.3266673,6877.19964369,37.80154776573181,24000,24000,4612,908,1.931061678127045,0.11392939896164417,1.8063500106334687,2.1349499106407164,-0.009882098995149136,0.01133742742240429,0.02332517356185159,0.19859449565410614,-2268.897329411478,-2268.6597672040575,-9.97144693257509,0.08088178175194116,-0.0776679218092795,False
379,1787909217.4271257,6877.29948259,37.90200614929199,24000,24000,4683,941,1.926184911150228,0.10758618337987426,1.812000036239624,2.0999999046325684,-0.015131210908293724,0.008741358295083046,0.024032541432626134,0.23395901918411255,-2274.966531915685,-2274.6267789306303,-9.97509996030594,0.03945904577813053,0.06099617035670235,False
380,1787909217.5255265,6877.39933153,38.000406980514526,24000,24000,4635,938,1.932165244622017,0.11443320456670447,1.8128499746322633,2.138900017738342,-0.012019865214824677,0.010789015330374241,0.02381814133488971,0.21476875245571136,-2281.0180094726024,-2280.5964131505884,-9.975152141739123,-0.10769755155251914,-0.06267594343125893,False
381,1787909217.6318963,6877.49996437,38.10677671432495,24000,24000,4388,929,1.9304510226675717,0.1145810121928819,1.8043999910354613,2.1089999675750732,-0.012537938542664051,0.00933768879622221,0.023503372864082505,0.20739252865314484,-2287.1152540099506,-2286.517462374975,-9.989149111723412,0.17753497963349218,0.32222308991367754,False
382,1787909217.7263343,6877.59980521,38.20121479034424,24000,24000,4497,902,1.9320498870111622,0.12334839432203545,1.7990000247955322,2.150800025463104,-0.0148135581985116,0.013930377550423145,0.023683637794909475,0.26842886209487915,-2293.250182274736,-2292.524552158247,-9.989149111723412,-0.29084855482642524,-0.23708211918574307,False
383,1787909217.8261776,6877.69964297,38.30105805397034,24000,24000,4613,917,1.9419258431233912,0.12374727295686341,1.8136000156402587,2.1758000373840325,-0.013858622871339321,0.0154682332649827,0.02319139994696416,0.2737700343132019,-2299.3774801284358,-2298.5327257193867,-9.987935753909804,-0.427275530942552,-0.5633243784363913,False
384,1787909217.9264984,6877.79947241,38.401378870010376,24000,24000,4695,975,1.944387696095002,0.1227025104252031,1.81670001745224,2.2205999851226808,-0.01146900374442339,0.012543206103146076,0.023530440991029848,0.22200991213321686,-2305.195550821871,-2304.5496336989527,-10.00098869009481,-0.2258208863404434,-0.06435996245500064,False
385,1787909218.0256202,6877.89931997,38.50050067901611,24000,24000,4627,984,1.9452428848035936,0.11643931717110839,1.8111499965190887,2.129700100421905,-0.011897711083292961,0.014950940385460854,0.023227634157887686,0.25200098752975464,-2310.183595120967,-2310.54184240447,-10.011529323208384,0.733716427377658,0.9234834001240415,False
386,1787909218.1269083,6877.99995527,38.60178875923157,24000,24000,4688,973,1.9471038023712457,0.10454882747408445,1.8216000080108643,2.115399980545044,-0.01162195485085249,0.02117573656141758,0.02264379184159883,0.31713980436325073,-2316.9399839851408,-2316.5026309713567,-10.016872050199003,0.054891416499685874,0.1949739537876667,False
387,1787909218.2272816,6878.09980663,38.70216202735901,24000,24000,4733,992,1.950424396102467,0.10781882407319612,1.8250999867916107,2.105699944496154,-0.008553153835237026,0.02167588286101818,0.021636256647506395,0.30494561791419983,-2322.6177892187266,-2322.5075488514444,-10.014758680628182,0.39975879069743314,0.5551625358566525,False
388,1787909218.3263068,6878.19964581,38.80118727684021,24000,24000,5064,1180,1.954585593635753,0.10373073207045634,1.8319500148296357,2.1150500059127806,-0.011408363468945026,0.02437564730644226,0.022390596595057214,0.3453594446182251,-2328.6830720554017,-2328.5294492821795,-10.013747030491722,0.27626372934992105,0.5188314181282294,False
389,1787909218.4263346,6878.29950103,38.90121507644653,24000,24000,4851,1082,1.9594427021065393,0.11982677925513205,1.8290999948978424,2.187349963188172,-0.0045901392586529255,0.026568405330181122,0.021002024246690634,0.34560465812683105,-2334.936027515772,-2334.5598158244375,-10.013233138453916,0.025251813758131902,0.20400476075064944,False
390,1787909218.5255547,6878.39935833,39.00043511390686,24000,24000,4876,1037,1.9516547751633617,0.10294501637534162,1.8357999801635743,2.1039999485015866,-0.004258799832314253,0.024307942017912865,0.020906845769666185,0.3133566677570343,-2341.0822493230116,-2340.563775241724,-10.003637138157568,-0.16749440278135808,-0.06400302842303063,False
391,1787909218.6260712,6878.49960597,39.10095167160034,24000,24000,4972,1066,1.9635600374966133,0.11294236470482907,1.8412499725818634,2.1755000948905945,-0.004005033522844315,0.022045161575078964,0.021373512978187372,0.2881454527378082,-2347.4782482404635,-2346.5714596001844,-9.998923153758325,-0.5322229437365422,-0.5035036278763982,False
392,1787909218.726842,6878.59945109,39.201722383499146,24000,24000,5023,1064,1.9614285718005402,0.11211201486441819,1.8421500146389007,2.1594000577926633,-0.006120592821389437,0.019215835258364677,0.020995558200480838,0.2574709355831146,-2352.5670932681005,-2352.570429074819,-9.993775404417791,0.4254523576159954,0.5578452455156366,False
393,1787909218.8257744,6878.69929241,39.300654888153076,24000,24000,4922,1009,1.9589286438891862,0.11241961679826294,1.8374000310897827,2.1740000724792474,-0.0058854627422988415,0.016746720299124718,0.022444651244809537,0.22806471586227417,-2358.8363933597698,-2358.5787413184908,-9.986760411704802,0.0923750961337646,0.4166908044335287,False
394,1787909218.9278328,6878.79991437,39.40271329879761,24000,24000,4877,876,1.9613173503309624,0.11950778851793932,1.8307499885559082,2.2110000252723694,-0.008428170345723629,0.009700571186840534,0.022652232785450994,0.16599832475185394,-2365.063090436973,-2364.6172261784295,-10.001294530171224,-0.010536179831433401,0.09546557069779738,False
395,1787909219.0266666,6878.89975595,39.50154709815979,24000,24000,4883,817,1.9537392880954532,0.1126822219115511,1.8305999755859375,2.1823999404907224,-0.012499485164880753,0.00630892813205719,0.022849161917469503,0.17997214198112488,-2371.6308424073595,-2370.5973608848194,-10.00758626072576,-0.6479879094604257,-0.6150469989956946,False
396,1787909219.1263812,6878.99959413,39.601261615753174,24000,24000,5106,870,1.946891955397595,0.10613204701232837,1.8329999446868896,2.118199908733368,-0.010047812014818192,0.007351311855018139,0.022833587036339743,0.16017478704452515,-2377.220848880035,-2376.556597238628,-10.00758626072576,-0.2548486212003809,-0.27316677932867606,False
397,1787909219.2268236,6879.09943495,39.701704025268555,24000,24000,5050,906,1.9444977927944782,0.11027451058350263,1.8259999752044678,2.167250096797943,-0.006820342503488064,0.005957369692623615,0.022583127390458327,0.11836334317922592,-2382.959519587898,-2382.580565184833,-10.011526475453403,0.03330195247554002,-0.018335614628540498,False
398,1787909219.3253765,6879.19967785,39.800256967544556,24000,24000,4924,841,1.9451961951080032,0.11660013480765888,1.815999984741211,2.2160000801086426,-0.010246297344565392,0.00649623479694128,0.02275303309574782,0.161746546626091,-2388.965781630317,-2388.584094226273,-10.003026782953665,-0.05951204809571209,0.14266441058452983,False
399,1787909219.4263415,6879.29951073,39.90122199058533,24000,24000,4918,840,1.948614285531498,0.12144326521657921,1.8249000430107116,2.2012499809265136,-0.011441423557698727,0.006996351294219494,0.022093978559592158,0.17591333389282227,-2394.525315115423,-2394.5811710181742,-9.982517403912377,0.4391339996177521,0.7558905682035402,False
400,1787909219.526236,6879.39934333,40.00111651420593,24000,24000,5008,927,1.9442826310150574,0.1112458026862394,1.8262999892234801,2.1724999904632565,-0.01255581621080637,0.005845173727720976,0.02245335611604758,0.18531735241413116,-2400.77752782937,-2400.5715611612522,-9.983570897583713,0.18086790414190546,0.17925878310188637,False
401,1787909219.6269345,6879.49999187,40.10181498527527,24000,24000,5040,985,1.940023350110514,0.1095493646769352,1.8261999845504762,2.1398000717163086,-0.016781117767095566,0.007826581597328186,0.023031669888626267,0.2446863353252411,-2406.6705157654355,-2406.5830354793734,-9.996747791660031,0.3300656482801969,0.4314528175814303,False
402,1787909219.7305071,6879.59981703,40.205387592315674,24000,24000,4673,902,1.9448991145633012,0.10591528139342996,1.827050018310547,2.15980007648468,-0.015267184004187584,0.020729949697852135,0.02255660096677459,0.33704882860183716,-2412.8461289945094,-2412.6141590753023,-9.969215964314136,0.36909417568404024,0.43845230319175243,False
403,1787909219.8302834,6879.69964955,40.305163860321045,24000,24000,4640,970,1.9501226811064887,0.11887190843258988,1.8254500150680542,2.1977499961853026,-0.01663639023900032,0.01975579373538494,0.022078714643687634,0.33640921115875244,-2418.942816283808,-2418.571414079116,-9.962156546355773,0.25925784215769454,0.33007744042606646,False
404,1787909219.9261756,6879.79950189,40.40105605125427,24000,24000,4920,1093,1.9470576394727659,0.11530796324244307,1.825600004196167,2.1683999061584465,-0.015795378014445305,0.017973879352211952,0.02166888324545681,0.3122202754020691,-2424.8147596956096,-2424.5120101563175,-9.962156546355773,0.14111006148596061,0.22105823323408913,False
405,1787909220.0260105,6879.89934025,40.5008909702301,24000,24000,5015,1233,1.9501038139077191,0.1115638925651963,1.8216000080108643,2.150000047683715,-0.014416588470339775,0.02490301802754402,0.02149575458079558,0.3753109872341156,-2431.8036153520984,-2430.450639802922,-9.97621134118652,-0.857375419424443,-0.6763788388284411,False
406,1787909220.1270454,6879.99997885,40.60192584991455,24000,24000,4830,1143,1.9626614184934428,0.12221049135767871,1.8270000219345093,2.214799928665161,-0.014207464642822742,0.02813700959086418,0.021160277397162412,0.4032740592956543,-2437.242729941003,-2436.4696037922818,-10.00530266741873,-0.23411888443979478,-0.2483818093573973,False
407,1787909220.226468,6880.09982215,40.701348543167114,24000,24000,4802,1085,1.960937329041793,0.10971772926765236,1.8370000123977661,2.1398000717163086,-0.012684154324233532,0.027220139279961586,0.02106380813593283,0.3877798616886139,-2442.976472794882,-2442.4784408909227,-10.0113357845651,-0.0022262417842284776,0.021586419291907077,False
408,1787909220.3262746,6880.19966023,40.80115509033203,24000,24000,4744,1060,1.9577198129779887,0.11238551675222848,1.8250000476837158,2.1263499259948726,-0.01349888276308775,0.02595963329076767,0.022494031573676226,0.37947216629981995,-2448.7917736082727,-2448.4114683175553,-10.057002057919314,0.1711407335869808,0.23284646666570552,False
409,1787909220.4263344,6880.29950363,40.901214838027954,24000,24000,4852,1026,1.9622504870329218,0.12357205876968512,1.8320000171661377,2.1800000071525574,-0.010988065972924232,0.02439701557159424,0.0211661082274334,0.34708723425865173,-2454.660845948872,-2454.443162919537,-10.057002057919314,0.30592891115611565,0.39753421335626626,False
410,1787909220.52583,6880.39934177,41.00071048736572,24000,24000,4725,914,1.9593643328293147,0.11510629349278408,1.834650021791458,2.1645000100135796,-0.01013634167611599,0.019307846203446388,0.022048430542230466,0.2884925603866577,-2460.7980131796885,-2460.483903810049,-10.054339074516278,0.13877474297487424,-0.06965298700561107,False
411,1787909220.6269565,6880.49997715,41.101836919784546,24000,24000,4600,915,1.9551562818673138,0.1195027889916913,1.826700007915497,2.1570000648498535,-0.011832663789391518,0.019880231469869614,0.021342568399224115,0.30663177371025085,-2466.5137394015437,-2466.533690989128,-10.05653772822818,0.4909130612913941,0.37713343955010714,False
412,1787909220.726962,6880.59981007,41.20184254646301,24000,24000,4536,896,1.9553549100777932,0.11646051267369573,1.8320000171661377,2.1910000443458557,-0.013515477068722248,0.02353511191904545,0.021611631479901625,0.3480161726474762,-2472.6067608007556,-2472.5925244567743,-10.05653772822818,0.3985047701021358,0.5227840768052374,False
413,1787909220.825919,6880.69963969,41.30079936981201,24000,24000,4704,923,1.9469393273474465,0.11099164684343582,1.8350000381469727,2.154399967193603,-0.0131113575771451,0.023599131032824516,0.022037038396889398,0.34856677055358887,-2478.6141605517455,-2478.660404212987,-10.051276374748035,0.32878703799951836,0.6252389641358604,False
414,1787909220.9301195,6880.79948867,41.40499997138977,24000,24000,4543,881,1.9438422249881688,0.12178503570496638,1.8140000104904175,2.2009999752044678,-0.017738033086061478,0.016509462147951126,0.022672603526467352,0.3086436092853546,-2484.945748956647,-2484.737330257767,-10.04658538105482,0.2495217918904018,0.33971548598265144,False
415,1787909221.025446,6880.89932605,41.50032639503479,24000,24000,4584,887,1.940956032665902,0.11372718024874043,1.8185999870300293,2.1513999938964843,-0.014767521061003208,0.018608829006552696,0.02167547611409302,0.30838796496391296,-2491.308313729193,-2490.8233025911136,-10.04658538105482,-0.3931949454608912,-0.27897154952734127,False
416,1787909221.126844,6880.99995105,41.60172438621521,24000,24000,4545,884,1.937031674708716,0.10410742163190642,1.8141500174999237,2.0917999505996696,-0.01637650467455387,0.02039661630988121,0.022469816608701867,0.33654218912124634,-2497.0965705844023,-2496.9183212130274,-10.107615688372462,-0.09729298668071351,-0.18274850604848325,False
417,1787909221.226437,6881.09978745,41.70131754875183,24000,24000,4662,950,1.9581631586426183,0.12967443178247973,1.8209999799728394,2.2226499676704403,-0.017329249531030655,0.018533123657107353,0.022257620207781385,0.32553595304489136,-2503.174808730523,-2503.022386123508,-10.152478751837341,-0.1996670095945774,-0.18174995570780084,False
418,1787909221.3262217,6881.19961731,41.80110216140747,24000,24000,4630,962,1.943058211317677,0.11500119188416051,1.8170000314712524,2.1215999841690056,-0.017470968887209892,0.01897646114230156,0.02205145650313578,0.3325901925563812,-2510.466971106742,-2509.1354973225557,-10.197431108953099,-1.5044777280363633,-1.0395043198218445,False
