scan_index,bag_stamp_s,header_stamp_s,time_s,input_point_count,finite_point_count,central_point_count,target_point_count,target_depth_mean_m,target_depth_std_m,target_depth_p05_m,target_depth_p95_m,target_u_centroid,target_v_centroid,target_radial_std,h5_magnitude,relative_angle_deg,offline_relative_angle_deg,local_rpm,raw_motion_residual_deg,heldout_motion_residual_deg,rejected_branch_boundary
0,1787909590.2337575,7250.09983613,0.0,24000,24000,3670,578,1.7409653997751255,0.1070647383617516,1.6038499832153321,1.8572999894618987,-0.011863569729030132,-0.04295414313673973,0.026603187991108893,0.1423196941614151,0.0,0.0,-14.975234167553019,-0.11166131037038952,-0.2736581276654205,False
1,1787909590.3327298,7250.19968325,0.09897232055664062,24000,24000,3553,585,1.7501760682489118,0.14131664875379885,1.5959999561309814,1.8694000005722045,-0.02125662937760353,-0.04136098921298981,0.027511885840845074,0.09754809737205505,-8.670990925557305,-8.936340391959073,-14.975234167553019,0.1248812680061473,-0.08898274445203036,False
2,1787909590.4330688,7250.29951801,0.1993112564086914,24000,24000,3578,594,1.7497474735834784,0.12539578708166532,1.6073000073432921,1.8806999862194063,-0.019485006108880043,-0.03845592960715294,0.02986789985758233,0.14664588868618011,-18.0662279785929,-17.876927750133326,-14.919326125461263,-0.2398265640871493,-0.758061874502868,False
3,1787909590.5327308,7250.39934589,0.29897332191467285,24000,24000,3732,604,1.7550794719070788,0.12959534199795372,1.6053000152111054,1.8990999877452852,-0.013244006782770157,-0.03258538246154785,0.03153227913841885,0.12611863017082214,-27.34659086915298,-26.82176207452276,-14.922789034878173,-0.5505787334584227,-0.9771593811809502,False
4,1787909590.6331694,7250.49998367,0.3994119167327881,24000,24000,3645,593,1.7524940975600913,0.12339201082232185,1.6089999675750732,1.868000054359436,-0.01466451957821846,-0.029955940321087837,0.03382002532182841,0.12877163290977478,-35.78252716965464,-35.77084336512738,-14.922789034878173,0.052983518752881764,-0.42565424758331716,False
5,1787909590.7332797,7250.59982257,0.49952220916748047,24000,24000,3771,618,1.7571537205316488,0.12503787757455004,1.6155500531196594,1.882149976491928,-0.011370670050382614,-0.02262851595878601,0.034292759958840006,0.21870572865009308,-45.293587570025764,-44.72417162194717,-14.920373841810035,-0.4481256251928869,-0.8802364985644786,False
6,1787909590.8327742,7250.69964713,0.5990166664123535,24000,24000,3916,612,1.751472222649194,0.10976525000613051,1.6255500257015227,1.8699000000953674,-0.007432957179844379,-0.02072100341320038,0.03546230182696935,0.235690638422966,-54.21399233201762,-53.68174684498215,-14.910485695521325,-0.414004451246619,-0.6435765438066383,False
7,1787909590.932763,7250.79948155,0.6990056037902832,24000,24000,4094,575,1.7437895660815033,0.10035810330225443,1.6239999532699585,1.8754999518394468,-0.006578129716217518,-0.021641511470079422,0.03658727948199554,0.2374310940504074,-63.27163227642034,-62.64356903423231,-14.926202854482158,-0.47261512456196897,-0.8067516416147242,False
8,1787909591.0318592,7250.89934153,0.7981016635894775,24000,24000,4192,548,1.751587589726831,0.11474604651578409,1.6349999904632568,1.8877000510692592,0.0011025554267689586,-0.020769234746694565,0.03742261459836475,0.19069001078605652,-71.78735935630287,-71.60963818969765,-14.938512345527561,-0.06967213785759441,-0.27927743360179136,False
9,1787909591.1331937,7250.99997491,0.8994362354278564,24000,24000,4033,515,1.7542679610761625,0.1288627686529036,1.6343999981880188,1.8905000567436216,0.005151268560439348,-0.024006905034184456,0.03726910633538364,0.10247641801834106,-80.63816022987503,-80.57995431137817,-14.964628341408025,0.1996636962932996,-0.12450368137425016,False
10,1787909591.2330508,7251.09982197,0.999293327331543,24000,24000,4007,491,1.7650244396233024,0.12521833672756225,1.637499988079071,1.9915000200271606,0.009709058329463005,-0.030749287456274033,0.03695364987430994,0.17061664164066315,-89.70948040571547,-89.55451739927251,-14.954228791788893,0.11550666601587523,0.0715789362934629,False
11,1787909591.3335419,7251.19967127,1.0997843742370605,24000,24000,4126,453,1.7667615884713517,0.1395214150970668,1.6449999809265137,1.917400002479553,0.014237425290048122,-0.035014357417821884,0.03540548487694528,0.1974949985742569,-98.07365767924352,-98.53141649222614,-14.947610736676282,0.7955486461327297,0.7050207416668854,False
12,1787909591.4333014,7251.29950185,1.1995439529418945,24000,24000,4194,456,1.7517894736507482,0.1105064438365863,1.628000020980835,1.8499999940395355,0.011384760960936546,-0.041314609348773956,0.032878885505087274,0.16659660637378693,-107.50271939121266,-107.50184733769088,-14.94709978067736,0.3448738675394907,0.6141056603706261,False
13,1787909591.5322185,7251.39933433,1.2984609603881836,24000,24000,4047,434,1.7521981583212927,0.10371464094265827,1.6386500418186187,1.8710999727249142,0.007032287307083607,-0.044994764029979706,0.028791776247297896,0.16660469770431519,-116.64217292922388,-116.46974171068506,-14.935608796719704,0.10797563975208391,0.21525719613559602,False
14,1787909591.6334817,7251.49997803,1.3997242450714111,24000,24000,4013,425,1.7496329428167905,0.11894077299142874,1.628999948501587,1.8775999546051023,-0.00023010786389932036,-0.049218881875276566,0.02801004876542344,0.14455394446849823,-125.49843614190341,-125.43151433467358,-14.948136721290515,0.3654332730744585,0.6815185108103634,False
15,1787909591.7338161,7251.59980901,1.500058650970459,24000,24000,4033,430,1.7481372098590053,0.10357312006639718,1.6354500114917756,1.8850999951362608,-0.009882285259664059,-0.05136290192604065,0.0299283667703279,0.08494351804256439,-134.25575401520825,-134.39433941161244,-14.954688521685307,0.6382369238132526,1.05671015944867,False
16,1787909591.832967,7251.69966395,1.5992095470428467,24000,24000,4138,513,1.7354152067827666,0.08432872017017722,1.6230000257492065,1.8380000591278076,-0.017185665667057037,-0.044377297163009644,0.034973482816325056,0.07378147542476654,-143.81456299267865,-143.3737125139062,-14.971556361267751,0.00303329117681983,0.07522860485937599,False
17,1787909591.932997,7251.79950605,1.6992394924163818,24000,24000,3968,503,1.73810139091067,0.10516240294052434,1.6191999673843385,1.8430999875068663,-0.022182364016771317,-0.03241649270057678,0.036755722801105575,0.0676804631948471,-152.8166875171364,-152.33707094723627,-14.987245072538167,0.0036287676259405544,-0.07000288467946802,False
18,1787909592.0321064,7251.89934983,1.7983489036560059,24000,24000,3892,489,1.7374826184567254,0.10253432389933294,1.6227999687194825,1.8585999965667723,-0.02371724508702755,-0.02537641115486622,0.03875368518312807,0.11469577252864838,-162.35827807496426,-161.37251143529065,-15.011836348303744,-0.6180900906505258,-0.944183073802634,False
19,1787909592.1335106,7251.99998829,1.8997530937194824,24000,24000,4008,503,1.7434473172807787,0.11691944156939216,1.6240999579429627,1.8910000085830685,-0.019851895049214363,-0.02205296978354454,0.03819436574144965,0.20217293500900269,-170.2265460437905,-170.38145054103524,-15.018896868127284,0.6400443058468568,0.2123220485727586,False
20,1787909592.2333882,7252.09983683,1.9996306896209717,24000,24000,4130,561,1.7388627452646348,0.11492989015680607,1.6119999885559082,1.8660000562667847,-0.02047460339963436,-0.023670710623264313,0.03812138667677622,0.1831360012292862,-179.83029244203883,-179.40279269002775,-15.022779864041725,0.02530641807129541,0.19669345230013846,False
21,1787909592.3331878,7252.19967385,2.0994303226470947,24000,24000,3948,556,1.7376798556434165,0.10908859996026307,1.6167500019073486,1.870250016450882,-0.014113244600594044,-0.02133820950984955,0.03589071080374244,0.15208397805690765,-188.48628064138134,-188.42537075194795,-15.022779864041725,0.3513100509981655,0.4029007722089659,False
22,1787909592.4335635,7252.29952693,2.199805974960327,24000,24000,3842,585,1.7452581179447664,0.1373232370997368,1.62020001411438,1.8754000425338744,-0.008316457271575928,-0.02397920750081539,0.03441554736151381,0.2635745406150818,-197.03119270013286,-197.41337255740865,-14.997253729930263,0.8402317038413116,0.817067636283582,False
23,1787909592.5321865,7252.39936169,2.298429012298584,24000,24000,3790,603,1.7419983391738056,0.12888588919699537,1.61610004901886,1.8768999814987182,-0.0040709879249334335,-0.02871696464717388,0.03142435158034306,0.2583560347557068,-206.23068035543093,-206.41265893654494,-14.997253729930263,0.5168419758166749,-0.03955790760218747,False
24,1787909592.6323268,7252.49960359,2.398569345474243,24000,24000,3858,608,1.7499638164513989,0.12965222527375167,1.6163999915122986,1.9051500260829923,-0.0025387003552168608,-0.029226472601294518,0.030394264238726466,0.1868281364440918,-215.72293796794682,-215.37920385095546,-15.000630345442453,0.03723929389624914,-0.4325895979341112,False
25,1787909592.7323983,7252.59944065,2.498640775680542,24000,24000,3742,657,1.7469056316706688,0.1411082689719038,1.5848000288009643,1.935400009155273,-0.0018195982556790113,-0.030557669699192047,0.02972479180197679,0.19655272364616394,-224.23480996172418,-224.37752934778447,-15.014075265869598,0.5318209463083008,0.322088747721466,False
26,1787909592.8322651,7252.69928715,2.5985076427459717,24000,24000,3629,672,1.7404642874995868,0.13168961320291997,1.589100044965744,1.8613500237464902,0.0010333224199712276,-0.03124120645225048,0.029038066534845426,0.17728783190250397,-233.59071902308506,-233.3820019770248,-15.011223818372534,0.16395479750229924,-0.25453122117249904,False
27,1787909592.9333029,7252.79993085,2.699545383453369,24000,24000,3584,680,1.7575308831299052,0.12965227823406322,1.5879500567913056,1.9200499594211577,0.00031923598726280034,-0.029986077919602394,0.02839948548088351,0.16374987363815308,-243.14925267321382,-242.4178804209932,-15.022298095350676,-0.30115702063187655,-0.6284919847508661,False
28,1787909593.0328705,7252.89977903,2.7991130352020264,24000,24000,3724,673,1.7506983678727057,0.1355516396167469,1.582599973678589,1.8796000003814697,0.004844584036618471,-0.025712300091981888,0.0296032331122309,0.1672922968864441,-251.65120715635226,-251.42445188097878,-15.041316874043227,0.15800195574101394,-0.3689679893976745,False
29,1787909593.1331065,7252.99963099,2.8993489742279053,24000,24000,3812,678,1.7582536879542303,0.13341278102441737,1.600000023841858,1.9227500259876245,0.0014351402642205358,-0.021512946113944054,0.02853279718383576,0.17140436172485352,-260.8079011095014,-260.48584623422505,-15.050163191642632,0.022567483522379916,-0.5080230432087092,False
30,1787909593.2329412,7253.09946771,2.9991836547851562,24000,24000,3721,678,1.7551710936172171,0.12926640425375313,1.6080000400543213,1.864299976825714,-0.0007523258100263774,-0.023584339767694473,0.03228256234476875,0.1426461637020111,-269.60711272472037,-269.5674379004216,-15.058640972859303,0.2085019871045688,-0.09750180801938768,False
31,1787909593.3372269,7253.19931367,3.1034693717956543,24000,24000,3553,640,1.7539250008761882,0.11464788689591383,1.613899964094162,1.8641499638557433,-0.002839989960193634,-0.02846607007086277,0.033185540971411936,0.12765564024448395,-278.7489288162569,-278.66207734964604,-15.04198804143583,0.45242640390705446,0.4459135435002395,False
32,1787909593.433418,7253.29995979,3.199660539627075,24000,24000,3862,666,1.7496516520196612,0.11109135330666405,1.6237500309944153,1.8527500331401825,0.0014857472851872444,-0.027860289439558983,0.03411435566522166,0.13983352482318878,-287.5185975925077,-287.6585508444505,-15.04198804143583,0.3399866935399132,0.29132746491893613,False
33,1787909593.5332105,7253.39978935,3.299453020095825,24000,24000,4057,726,1.7561212119648937,0.10619518553360197,1.6324999630451202,1.8604999482631683,-0.0022752387449145317,-0.029169468209147453,0.03291385525012428,0.1748390793800354,-296.62875912735916,-296.69480773718624,-15.04061482938612,0.21117325901258255,0.39796435118137197,False
34,1787909593.6338482,7253.49963257,3.4000906944274902,24000,24000,3899,701,1.748360915292857,0.07865303432052803,1.6369999647140503,1.8559999465942383,0.0007499429048039019,-0.03177213296294212,0.03284858592810539,0.1834254115819931,-306.3827910657907,-305.7363032210668,-15.022495602008666,-0.4854429208961051,-0.47598408582979346,False
35,1787909593.7332013,7253.59947853,3.499443769454956,24000,24000,3855,697,1.7478708747127647,0.10119481667582106,1.6137999773025513,1.8580000400543213,0.0005273771239444613,-0.03481759503483772,0.03173201903715314,0.16719971597194672,-315.0308365811514,-314.8269004586364,-15.012081820565944,-0.19168693510340518,-0.16814586050480784,False
36,1787909593.8324244,7253.69931751,3.5986669063568115,24000,24000,3865,632,1.7536946189931677,0.11726039567162841,1.6200000047683716,1.8934500277042388,-0.0020517532248049974,-0.04003060236573219,0.029664994580808197,0.19970689713954926,-323.6422284237413,-323.8072560140494,-14.974355669419614,0.1270282597877781,0.30604106467933434,False
37,1787909593.9348302,7253.79996239,3.7010726928710938,24000,24000,4179,678,1.7496622428078215,0.11647500921056332,1.6180000305175781,1.8810499906539915,-0.003990657161921263,-0.04634073004126549,0.027187262366781612,0.24146761000156403,-332.6851700419238,-332.78700842368073,-14.974684817436247,0.30063293699737414,0.5370511112143959,False
38,1787909594.033666,7253.89981437,3.799908399581909,24000,24000,3937,638,1.7410783706040218,0.09430860003981432,1.6058499574661256,1.868300026655197,-0.006506131961941719,-0.04464702308177948,0.027066404773796623,0.18737109005451202,-342.2927507494431,-341.80780344622656,-14.962668747867033,-0.41170954674259974,-0.42111621512975717,False
39,1787909594.1341112,7253.99963689,3.9003536701202393,24000,24000,3697,643,1.742926906464074,0.11983227727693152,1.604099977016449,1.8589999675750732,-0.010565808974206448,-0.043646275997161865,0.026424309815952483,0.14232373237609863,-351.61259898770123,-350.762180336758,-14.958396217643973,-0.6914584158055277,-0.8528723889338607,False
40,1787909594.2339454,7254.09946083,4.000187873840332,24000,24000,3627,635,1.7399936998922994,0.11186847014638021,1.5989999771118164,1.8692999720573424,-0.016500888392329216,-0.04438064619898796,0.027439239792050835,0.1099294051527977,-359.3651400918481,-359.70643001599007,-14.956561749591964,0.5411036833857565,0.3524433596905965,False
41,1787909594.3331974,7254.19930507,4.099439859390259,24000,24000,3621,597,1.7482227795886833,0.12892183986522537,1.597000002861023,1.88100004196167,-0.017832716926932335,-0.04058695212006569,0.027400296761177084,0.1328458935022354,-368.57768979678343,-368.6107178181095,-14.956561749591964,0.2612574014440838,0.28413207873416013,False
42,1787909594.4341161,7254.29993461,4.200358629226685,24000,24000,3595,547,1.7496215717448178,0.1276539012403464,1.6039999723434448,1.880400013923645,-0.01481498870998621,-0.036878135055303574,0.030937907282060154,0.11861500144004822,-378.7660212399737,-377.53559487960956,-14.959827169154492,-0.8443596177745007,-1.2767808020367966,False
43,1787909594.5339034,7254.39976751,4.300145864486694,24000,24000,3543,567,1.7572786610382995,0.11935429831916292,1.6123000025749206,1.889399993419647,-0.015014564618468285,-0.03285500034689903,0.03147242265061949,0.09815660119056702,-386.75091451260516,-386.4551881444995,-14.963592985706098,0.1516231398249488,-0.014831415048320196,False
44,1787909594.6335988,7254.49960049,4.39984130859375,24000,24000,3604,571,1.7488021023845506,0.11853215346879736,1.6134999990463257,1.8819999694824219,-0.013378316536545753,-0.027853479608893394,0.03296629481252358,0.09393633157014847,-395.4654438687278,-395.36746539293046,-14.980422521442753,0.4097085873023616,0.47193282555633687,False
45,1787909594.7339644,7254.59944759,4.50020694732666,24000,24000,3811,600,1.745314998825391,0.10767108977499247,1.6089999675750732,1.8609999418258667,-0.010226152837276459,-0.025264564901590347,0.03292788889518193,0.14119985699653625,-403.8013255350027,-404.349549583589,-15.015246307860503,1.1067594078987213,1.096726994108053,False
46,1787909594.8323336,7254.69967331,4.598576068878174,24000,24000,4076,638,1.754278997642493,0.10465567406909534,1.624700003862381,1.8721499860286712,-0.008258148096501827,-0.021660754457116127,0.03491485796786439,0.16180898249149323,-413.35367438304263,-413.35786416653707,-15.015246307860503,0.407656003075374,0.24461899428388278,False
47,1787909594.9332652,7254.79951179,4.699507713317871,24000,24000,3973,569,1.7488980668290848,0.10768233829479817,1.628999948501587,1.8827999830245976,-0.006539524532854557,-0.019148416817188263,0.03604484912960715,0.0993868038058281,-422.3394997928398,-422.38607893654773,-15.022086697964044,0.505703734751421,0.6734148295941509,False
48,1787909595.0320177,7254.89934543,4.79826021194458,24000,24000,4025,549,1.7514754125546454,0.1282691516544416,1.6293999671936035,1.9025999784469605,0.0003973391139879823,-0.019952842965722084,0.03690142121767497,0.12855958938598633,-431.1319001875584,-431.38812689629805,-15.005970605835357,0.6010528155155157,1.1192302936578358,False
49,1787909595.1337466,7254.99998845,4.899989128112793,24000,24000,4190,529,1.7533591683735694,0.10523444100201379,1.6444000244140624,1.9099999427795409,0.0007346843485720456,-0.027984630316495895,0.03794351418297227,0.20371371507644653,-440.41627817417515,-440.4534420266615,-15.003069298529676,0.4723026245374058,0.7763736677050588,False
50,1787909595.2332551,7255.09983705,4.999497652053833,24000,24000,4220,518,1.7552741324119125,0.12001662780870191,1.6410000324249268,1.9382999777793883,0.005954121705144644,-0.03150510787963867,0.038123869204151076,0.19491992890834808,-449.6329857888682,-449.51795740796865,-15.027346871338077,0.2113869519414493,0.11130032205181806,False
51,1787909595.3336904,7255.19970453,5.099932909011841,24000,24000,4036,438,1.7633264832300684,0.11087305226091765,1.644849991798401,1.9091500222682949,0.009563968516886234,-0.03831404820084572,0.03439294313685987,0.22583819925785065,-459.04592401925817,-458.49513455055495,-15.021411304820221,-0.1623531339766373,-0.26810741405978433,False
52,1787909595.4333465,7255.29953889,5.199589014053345,24000,24000,4023,437,1.7636498856599052,0.128931381636782,1.6456000328063964,1.8759999990463256,0.009747687727212906,-0.041633374989032745,0.03325141581944642,0.19513991475105286,-468.03325131265547,-467.4834322456296,-15.000432169967143,-0.18060614947285103,-0.1520370180531927,False
53,1787909595.5327563,7255.39937439,5.298998832702637,24000,24000,4067,453,1.7689293559813342,0.14014432667547516,1.649999976158142,1.9290000438690185,0.0031739859841763973,-0.045333899557590485,0.02940164037397751,0.23671609163284302,-476.9454315283367,-476.5962467431766,-15.037921497827574,-0.14587792390159393,-0.20944883599747754,False
54,1787909595.6324742,7255.49961381,5.398716688156128,24000,24000,4145,456,1.7509627201055225,0.1078955987332538,1.6437500417232513,1.8822499513626099,0.0017993011279031634,-0.04734416678547859,0.027065574789795772,0.16486428678035736,-486.2232162275657,-485.6452665033287,-15.053757317185664,-0.4490307927686672,-0.62704948652339,False
55,1787909595.732916,7255.59944941,5.499158620834351,24000,24000,4070,414,1.751253622741515,0.11443835208059135,1.6369500041007996,1.8852499902248376,-0.00916462205350399,-0.04762067273259163,0.029937182647399953,0.11163955181837082,-495.3640353381513,-494.69550345622065,-15.085975848164034,-0.5500509424002757,-0.6309976321693398,False
56,1787909595.8327322,7255.69929477,5.598974704742432,24000,24000,3914,480,1.7392541664342085,0.111722131563708,1.6329000174999238,1.8450500249862671,-0.01724153384566307,-0.043815262615680695,0.03492955301981593,0.12708787620067596,-504.04985638391815,-503.7662434791017,-15.059532099875812,-0.2523995724235988,-0.2579842534114505,False
57,1787909595.9334075,7255.79992571,5.699650049209595,24000,24000,3926,496,1.740544355684711,0.11070976690859728,1.6230000257492065,1.859000027179718,-0.022276321426033974,-0.03727569803595543,0.03679239714412547,0.14582736790180206,-512.3796158799499,-512.8310623247893,-15.054032218596149,0.47864701164587586,0.7293455895495526,False
58,1787909596.0330737,7255.89976359,5.799316167831421,24000,24000,4037,543,1.7392817654442831,0.10590538986659168,1.6142999649047851,1.8587999701499938,-0.023573901504278183,-0.026323920115828514,0.037798818187103185,0.1707175374031067,-521.595186480471,-521.8410083231744,-15.03560106311099,0.23305191374925016,0.5527650321231476,False
59,1787909596.1332562,7255.99960503,5.899498701095581,24000,24000,4167,513,1.749343080130237,0.12133181554003115,1.6303999900817872,1.9322000265121457,-0.019972600042819977,-0.022700579836964607,0.03796365043711653,0.20703306794166565,-530.2862276058073,-530.8449102644778,-15.045556680531789,0.5584637374854537,1.1271501995836388,False
60,1787909596.2328315,7256.09944619,5.9990739822387695,24000,24000,3969,526,1.745431559167434,0.12195306640486986,1.6082500219345093,1.8837499618530273,-0.020766904577612877,-0.024524377658963203,0.037927502355991315,0.2353249341249466,-539.9011697231826,-539.8943332828086,-15.02487655287945,-0.09467827297021358,0.0996820724334384,False
61,1787909596.3463354,7256.19929117,6.11257791519165,24000,24000,3947,584,1.734181505972392,0.10480738475774144,1.6059999465942383,1.8564000010490418,-0.01622423157095909,-0.022610299289226532,0.036859774473485964,0.19972042739391327,-549.1500986876695,-548.9009903120523,-15.021275833174151,0.8717750019383175,0.7337470580737318,False
62,1787909596.4354155,7256.29992141,6.201658010482788,24000,24000,4027,592,1.7343158792402293,0.11711976298859815,1.618099969625473,1.8730000257492065,-0.010136992670595646,-0.02375750243663788,0.03499821726100389,0.24511060118675232,-558.3351779606778,-557.9053962510927,-15.031495141728222,-0.29607350516789666,-0.6403528064198554,False
63,1787909596.5331984,7256.39976367,6.299440860748291,24000,24000,3874,598,1.7374682251027596,0.11010829737280887,1.6158500492572785,1.8621499955654144,-0.005837471690028906,-0.025904329493641853,0.03260775240412127,0.30113983154296875,-567.26653087171,-566.9130059675263,-15.03554289034957,-0.426945534763604,-0.8439301863788842,False
64,1787909596.633853,7256.49961537,6.400095462799072,24000,24000,3706,603,1.7321011624723723,0.10695256630936253,1.592300009727478,1.8497000217437742,0.00071671511977911,-0.028588006272912025,0.030161865687062674,0.31173768639564514,-576.7268769187395,-576.0047908873942,-15.02758617110368,-0.8283523243333093,-1.1777334656394487,False
65,1787909596.732343,7256.59945473,6.49858546257019,24000,24000,3646,652,1.7517147234246775,0.13940052361262784,1.5976499676704408,1.9529000103473662,-0.0020877153147011995,-0.03129018470644951,0.028816681662623817,0.24337895214557648,-585.8041736632256,-585.0637527500165,-15.02758617110368,-1.0415245557278467,-1.2964455158236206,False
66,1787909596.8324802,7256.69930557,6.598722696304321,24000,24000,3614,658,1.7497735565194243,0.1285553774194567,1.600000023841858,1.86899995803833,0.0006272887112572789,-0.027301177382469177,0.027847329350360293,0.1853550672531128,-593.7192024645253,-594.1159246012979,-15.029006059775277,0.05582262305836139,0.5392887217936959,False
67,1787909596.9335496,7256.79994477,6.699792146682739,24000,24000,3826,739,1.7535737470619088,0.13745852620986504,1.6007999539375306,1.8813000321388245,0.001631644438020885,-0.029163043946027756,0.028909326783143216,0.15892846882343292,-602.9426730441784,-603.0946421180108,-15.016611541968784,-0.07137224630946548,-0.11155393734861718,False
68,1787909597.0333369,7256.89977017,6.799579381942749,24000,24000,3650,652,1.7539754606829099,0.12623024792666226,1.590000033378601,1.937600022554397,0.002243463648483157,-0.024566372856497765,0.02864610448601601,0.20022788643836975,-612.5693818881927,-612.0703595401443,-15.019924064844405,-0.7172050600928515,-0.9834776919567503,False
69,1787909597.1334624,7256.99960517,6.899704933166504,24000,24000,3692,674,1.7567596430240824,0.1399441789418902,1.6009999513626099,1.876150006055832,0.002930124057456851,-0.024699870496988297,0.029591094044068192,0.230291485786438,-621.3145977629008,-621.0625830316711,-14.996981990887667,-0.45109638355904735,-0.743109887470041,False
70,1787909597.2325888,7257.09944679,6.998831272125244,24000,24000,3692,647,1.758262751275642,0.14366337047675615,1.6100000143051147,1.890100026130676,0.0019859131425619125,-0.02477038837969303,0.031555881891741355,0.23329345881938934,-629.5783563432299,-629.9513482193527,-14.985447485999225,0.2065402346004248,0.6928001613230208,False
71,1787909597.3325696,7257.19929689,7.098812103271484,24000,24000,3850,670,1.752879103795806,0.11538009491725834,1.6069999933242798,1.8830999553203582,-0.000424387922976166,-0.029478449374437332,0.03338072643342799,0.2454826682806015,-639.0253118266681,-638.8628495460388,-14.991322891140873,-0.24211554062173946,-0.3438339428277004,False
72,1787909597.4335063,7257.29992951,7.199748754501343,24000,24000,3772,660,1.746498483058178,0.09144097754313954,1.624949997663498,1.8480000495910645,-0.00015691302542109042,-0.025647960603237152,0.03384823868073623,0.23752745985984802,-648.4487932701786,-647.8468915283564,-14.975745341877925,-0.58127323029737,-0.8797115162667524,False
73,1787909597.5334942,7257.39977169,7.299736738204956,24000,24000,3806,685,1.7475912396925208,0.09911591193904376,1.6323999643325806,1.8467999935150146,5.2159721235511824e-06,-0.029463697224855423,0.03386613475320159,0.2500038146972656,-657.577773629853,-656.8365105927463,-14.965668915897416,-0.7113101498105152,-1.288912874491075,False
74,1787909597.6334608,7257.49960249,7.39970326423645,24000,24000,3903,737,1.7444803260236452,0.08971360015310281,1.6217999935150147,1.8502000093460083,0.000298152124742046,-0.03270050510764122,0.032689940632749,0.23048023879528046,-665.1765486953132,-665.8015901933614,-14.964061093934328,0.6869270290549139,0.8704775204777206,False
75,1787909597.7328105,7257.59944459,7.499053001403809,24000,24000,3975,680,1.7455191182739593,0.10051272906137902,1.6150000095367432,1.8701000034809112,-0.0034078387543559074,-0.03623415529727936,0.03263879348385189,0.31310802698135376,-674.589029314752,-674.8392793222484,-15.000372619704399,0.21594750252836548,0.4902140701993858,False
76,1787909597.832812,7257.69929013,7.599054574966431,24000,24000,4019,685,1.749308030622719,0.10840456921578334,1.6160000562667847,1.8726000308990478,-0.0021873742807656527,-0.042164403945207596,0.029257903539487068,0.24197329580783844,-683.7756744821406,-683.8711122518533,-14.986983523417281,0.029468865997046123,0.24125412432852045,False
77,1787909597.9347804,7257.79993737,7.7010228633880615,24000,24000,3904,647,1.7510680015525641,0.12626481129624678,1.6186000227928161,1.8937000393867491,-0.0043450891971588135,-0.04584209993481636,0.02695070574373361,0.2733116149902344,-693.6559691033981,-692.8228924791831,-14.987936033204397,-0.6736543971869651,-0.9255500219442183,False
78,1787909598.033545,7257.89976323,7.799787521362305,24000,24000,3858,625,1.7427552015304566,0.11147919768156384,1.6032000303268432,1.876199984550476,-0.007381845265626907,-0.04153976961970329,0.026206538624272926,0.23220495879650116,-702.0133895140627,-701.8264080605861,-15.009673358453282,-0.14223098806189682,-0.019967780439401395,False
79,1787909598.1337337,7257.99959105,7.8999762535095215,24000,24000,3759,607,1.7402520582349925,0.10784650127347713,1.6019999980926514,1.8536999940872192,-0.007623086683452129,-0.04244163632392883,0.026431836522886408,0.16360098123550415,-710.6084161417364,-710.8565511370572,-15.016521262785496,0.2797532343562352,0.554455515139125,False
80,1787909598.2330859,7258.09943299,7.999328374862671,24000,24000,3774,584,1.7381215760969135,0.11334992940790767,1.6069999933242798,1.8588499784469605,-0.00933119934052229,-0.04120752960443497,0.027485877767205454,0.18657204508781433,-720.385789523407,-719.8825523171736,-15.00776623870509,-0.5559044770869832,-0.5117004091472381,False
81,1787909598.3334732,7258.19928897,8.09971570968628,24000,24000,3574,572,1.7428723777924384,0.11949750104510448,1.6005499839782715,1.8699000000953674,-0.017791951075196266,-0.042283326387405396,0.027512622535418287,0.14341400563716888,-729.6202142336457,-728.9023250027846,-15.00400170377469,-0.7554440468871917,-0.7562387624399207,False
82,1787909598.434034,7258.29993349,8.200276613235474,24000,24000,3531,577,1.7522270369571045,0.12202290075982401,1.6080000400543213,1.8730000257492065,-0.019926996901631355,-0.03486715629696846,0.02939352420509227,0.14400342106819153,-737.8524250563744,-737.9362299490274,-15.002483421878493,0.06285149936115886,0.21199638926441366,False
83,1787909598.5336049,7258.39975795,8.29984736442566,24000,24000,3600,607,1.7482289941935405,0.12570988445894543,1.6080000400543213,1.8680000305175781,-0.01702197454869747,-0.034531936049461365,0.03141029014167204,0.19992820918560028,-746.8782936021431,-746.9760345487227,-15.013510592704565,-0.001624636386623024,-0.05031269471055566,False
84,1787909598.6336226,7258.49960003,8.39986515045166,24000,24000,3827,623,1.7553579455202692,0.11884213126058266,1.6200000047683716,1.927600014209747,-0.01509271189570427,-0.02845955267548561,0.03220838612516653,0.18733257055282593,-756.1896381853284,-756.0258372358352,-14.994023725891658,-0.3113435629719561,-0.4643799937513222,False
85,1787909598.7328491,7258.59945959,8.499091625213623,24000,24000,3841,627,1.750748005019801,0.11784110912037321,1.614299976825714,1.860699963569641,-0.01293476577848196,-0.024158257991075516,0.03398986894642913,0.18060308694839478,-764.7704301522584,-765.0000914270573,-14.981872578966914,0.03827191582024625,-0.1959154667825942,False
86,1787909598.8333123,7258.69930321,8.599554777145386,24000,24000,3920,616,1.750714285420133,0.09497467245182892,1.621999979019165,1.8630000352859497,-0.010425450280308723,-0.020642893388867378,0.03494704593248383,0.27617505192756653,-774.2178245298174,-773.985231238695,-14.951329451568041,-0.367413762680485,-0.39202200877878113,False
87,1787909598.9349792,7258.79994219,8.701221704483032,24000,24000,4010,574,1.746182925817443,0.10551357029155352,1.6356500208377838,1.8600499749183657,-0.004983038641512394,-0.0200082678347826,0.03689810560293005,0.21966245770454407,-783.4730388458764,-782.8971532048921,-14.96726881630856,-0.4725792932930517,-0.80868338226378,False
88,1787909599.0338364,7258.89978841,8.800078868865967,24000,24000,4207,536,1.7481660442565805,0.11444061870332353,1.6247499883174896,1.8882499635219574,0.003132583573460579,-0.019662225618958473,0.03743105329461269,0.16539143025875092,-791.9289983664171,-791.8612617678256,-14.980125953999787,-0.03136939421870011,-0.3421093116734255,False
89,1787909599.1336212,7258.99962423,8.899863719940186,24000,24000,4096,539,1.7596382176942418,0.12453610921215885,1.628999948501587,2.037399935722351,0.004561964422464371,-0.027134757488965988,0.03754392538671432,0.16905589401721954,-801.2889088165354,-800.8240115341962,-14.98663892184343,-0.4106183914210533,-0.648277302536826,False
90,1787909599.2345178,7259.09946353,9.000760316848755,24000,24000,4050,511,1.7700156579978779,0.1391991932105986,1.6380000114440918,2.0820000171661377,0.01058835070580244,-0.027425449341535568,0.03572109611369004,0.23244215548038483,-810.3987097077865,-809.7620706277096,-14.983857936927947,-0.43970042773082696,-0.5385011493907541,False
91,1787909599.3330343,7259.19929837,9.099276781082153,24000,24000,3987,442,1.7672941180375905,0.12428118608345075,1.6469999551773071,1.9390000522136686,0.013205251656472683,-0.03426665812730789,0.03484294275698663,0.29544004797935486,-818.6748049351315,-818.7704945363918,-14.983857936927947,0.15071066621317186,0.10716961759385413,False
92,1787909599.4336438,7259.29992909,9.199886322021484,24000,24000,4144,483,1.7614078642665476,0.12027096568020837,1.6392000555992126,1.867900025844574,0.013422428630292416,-0.0446968711912632,0.03301744322742083,0.21571868658065796,-827.5941689296118,-827.7969000422718,-14.975247582400653,0.28623041793764514,0.19631593170140604,False
93,1787909599.5334978,7259.39977989,9.299740314483643,24000,24000,4218,466,1.7662939897422627,0.13226833780875819,1.6462500095367432,1.9194999933242798,0.007975910790264606,-0.044399864971637726,0.0303779660583206,0.21367520093917847,-836.8730632427653,-836.8053900972574,-14.969864365948192,-0.005779700162406698,0.11507677996678467,False
94,1787909599.6335628,7259.49962975,9.399805307388306,24000,24000,4033,431,1.7572157786783098,0.12092666526875744,1.6445000171661377,1.92849999666214,0.00038140639662742615,-0.04909929260611534,0.02788208343850134,0.2124282419681549,-846.068257825436,-845.7720374922832,-14.952403617819067,-0.19509999539457112,-0.22354840518346464,False
95,1787909599.7330422,7259.59946647,9.499284744262695,24000,24000,3927,406,1.7518423637145846,0.11230010639661749,1.6432500183582306,1.920749992132187,-0.010082145221531391,-0.05280550941824913,0.029725415989769334,0.206781268119812,-854.552831730475,-854.7758506403309,-14.94537904561467,0.2735001984195833,0.14099099091936296,False
96,1787909599.8325124,7259.69931723,9.5987548828125,24000,24000,3930,467,1.7412847962062925,0.09077909542072136,1.6339999437332153,1.8497000098228455,-0.0175771564245224,-0.04764633625745773,0.03427038617394023,0.14636707305908203,-863.2196838967361,-863.6514488650286,-14.9417317697106,0.5589852794827266,0.6493745635365258,False
97,1787909599.9337132,7259.79995585,9.699955701828003,24000,24000,4082,521,1.739871402848476,0.09753528709648361,1.6299999952316284,1.8539999723434448,-0.02424405701458454,-0.03535928577184677,0.03708762834805654,0.12509788572788239,-873.0968595364827,-872.6785009457794,-14.977108355313232,-0.21009143991727797,-0.47535228361130066,False
98,1787909600.033474,7259.89980025,9.799716472625732,24000,24000,3915,540,1.7401185199066445,0.11487205758618949,1.6179500281810761,1.860300016403198,-0.023969219997525215,-0.02570703811943531,0.037350013151030904,0.18535155057907104,-882.4847041519968,-881.7466310785247,-14.954793947750481,-0.6194418333979002,-0.8857007351664379,False
99,1787909600.1332974,7259.99964107,9.899539947509766,24000,24000,3945,504,1.7468373013867273,0.12577061189632907,1.6200499713420868,1.876249974966049,-0.021213660016655922,-0.02070424146950245,0.038141920785253546,0.18718942999839783,-891.1611414303868,-890.7005085310368,-14.950510981453322,-0.311741506367639,-0.7434735831394619,False
100,1787909600.2334235,7260.09947907,9.999665975570679,24000,24000,3956,491,1.7528167025863275,0.11727692081035104,1.6104999780654907,1.9129999876022339,-0.01858432963490486,-0.01924729533493519,0.03791178131947227,0.22390775382518768,-900.0365790811004,-899.7162187552432,-14.955539385908182,-0.17581169037634936,-0.4575694374955219,False
101,1787909600.342203,7260.19932939,10.108445405960083,24000,24000,3862,507,1.7393826432011772,0.0942088744585613,1.614299976825714,1.8650000095367432,-0.014066102914512157,-0.02027827873826027,0.036623899696688264,0.1556180715560913,-908.7697365333868,-908.7128613406081,-14.96509385472146,0.881206689154169,0.6521476498107859,False
102,1787909600.4342296,7260.29997255,10.200472116470337,24000,24000,3843,573,1.736467714501093,0.1135122753554008,1.6145999908447266,1.880400013923645,-0.010155702009797096,-0.02372955158352852,0.0345710400053226,0.17228353023529053,-917.913143681126,-917.6678658835395,-14.959599030623137,0.02022641103440037,0.03705100467732336,False
103,1787909600.5344071,7260.39981727,10.300649642944336,24000,24000,3783,595,1.731721008725527,0.1008238579453276,1.610099971294403,1.8480000495910645,-0.005971485748887062,-0.025809934362769127,0.03275430254212142,0.2864001989364624,-926.3544519269666,-926.6229752632083,-14.956607174610744,0.5949205019046531,1.1638160409223701,False
104,1787909600.633831,7260.49964999,10.400073528289795,24000,24000,3682,593,1.7442276562245258,0.12218462969504951,1.625,1.8655999898910522,0.0007311300723813474,-0.030716534703969955,0.029235040846105682,0.256950706243515,-935.7193981703707,-935.5658076366342,-14.960519468095981,0.17814870591200815,-0.06835927532290498,False
105,1787909600.7332652,7260.59950501,10.499507665634155,24000,24000,3723,636,1.7510172979636762,0.13801528432185312,1.6022499799728394,1.924750030040741,0.000557718041818589,-0.028646504506468773,0.027734373254012616,0.19315285980701447,-944.3810061576224,-944.5451451282009,-14.963411432195448,0.4656378485267396,0.3589568386969404,False
106,1787909600.832602,7260.69934547,10.598844528198242,24000,24000,3768,686,1.7550553957505406,0.1374657742263824,1.5859999656677246,1.8957500159740448,0.00041090676677413285,-0.02835659123957157,0.02828407331374339,0.1981358379125595,-954.8526334846786,-953.465342311867,-14.9628397280294,-1.0656471031186356,-1.9953751183043096,False
107,1787909600.934153,7260.79998861,10.700395584106445,24000,24000,3606,695,1.7577438855342729,0.14313394392160325,1.5937000036239624,1.9093000173568726,1.1058505151595455e-05,-0.0324825681746006,0.02925755768226074,0.2060016542673111,-962.3029594180767,-962.3472859308525,-14.967725665515502,0.623647291416205,0.5833743747299422,False
108,1787909601.0333,7260.89980991,10.799542427062988,24000,24000,3636,694,1.7576167133424743,0.13382895723116314,1.6050000190734863,1.9819999933242798,0.0006726186838932335,-0.027798471972346306,0.029508487634483726,0.14256994426250458,-970.7942629620562,-971.3569675060971,-14.981668520302227,1.0555843108350018,1.3302910602626525,False
109,1787909601.1338673,7260.99965605,10.900109767913818,24000,24000,3851,677,1.7537577566051061,0.1374030388643293,1.5967999935150146,1.900400042533874,0.0003415249229874462,-0.02208505943417549,0.029559138260936257,0.21290889382362366,-980.7167625321372,-980.3364915748367,-15.018134771056387,0.18417046848185237,0.58738963906751,False
110,1787909601.2328203,7261.09949479,10.999062776565552,24000,24000,3896,691,1.7605296664921144,0.13473506130952068,1.6139999628067017,1.9045000076293945,0.0009533503325656056,-0.02146971970796585,0.03129511630160694,0.1452741175889969,-989.19309614886,-989.3415221415147,-15.018134771056387,0.6136322794405942,1.121089911916556,False
111,1787909601.3327093,7261.19933479,11.098951816558838,24000,24000,3701,623,1.752614767555249,0.12193380107483173,1.6180000305175781,1.865700054168701,-0.0007882745703682303,-0.02405686490237713,0.03381915116144023,0.13459864258766174,-998.6764933403,-998.3920381384809,-15.034629662678249,0.12027356958583368,0.03023991043926344,False
112,1787909601.4336684,7261.29998085,11.199910879135132,24000,24000,3779,681,1.743720999198163,0.09122336170274699,1.6160000562667847,1.8509999513626099,0.0005046598380431533,-0.029690250754356384,0.033843370802647016,0.08760680258274078,-1007.6244990914271,-1007.4115227449118,-15.023019751644862,0.25860859905537836,0.5879009891202713,False
113,1787909601.5334544,7261.39981581,11.299696922302246,24000,24000,3937,681,1.7461336266451821,0.09455098545981265,1.625,1.8459999561309814,-0.0006412278162315488,-0.028778381645679474,0.03429333577818994,0.15037211775779724,-1016.3905421146194,-1016.4295855750512,-15.031308822294697,0.47333431743652454,0.8334631551305165,False
114,1787909601.6346278,7261.49964417,11.400870323181152,24000,24000,4049,750,1.7482906673749288,0.08912505290917977,1.628900009393692,1.8546499907970426,-0.0019892833661288023,-0.0312698557972908,0.03223693923790071,0.2269235998392105,-1025.7771139719414,-1025.455269998253,-15.037060824982824,0.1923937413373551,0.32785774295371084,False
115,1787909601.7330754,7261.59948865,11.49931788444519,24000,24000,3894,673,1.7469182754873698,0.09620150658272617,1.6318000078201294,1.8482000112533568,0.000428209692472592,-0.03219497576355934,0.03158939842042441,0.22988387942314148,-1034.5701641713972,-1034.5022840489714,-15.036056491317114,0.2596485787646543,0.2232133954071287,False
116,1787909601.8325691,7261.69932513,11.598811626434326,24000,24000,3863,638,1.7417617554201228,0.09895305710516006,1.6139999628067017,1.855150008201599,0.0007988603319972754,-0.04194280505180359,0.029004597346990863,0.19971179962158203,-1043.9491482298997,-1043.5554099983174,-15.033006604128298,-0.1648739169943383,-0.2469225014147014,False
117,1787909601.9342992,7261.79998203,11.700541734695435,24000,24000,3949,625,1.74403519821167,0.11886946593788654,1.6082000255584716,1.8619999885559082,-0.003953440114855766,-0.04569463059306145,0.02751162321609129,0.19260507822036743,-1053.141738567733,-1052.6973959455725,-15.049609237767662,-0.2017291705315074,-0.1338875780268154,False
118,1787909602.0338655,7261.89981587,11.800107955932617,24000,24000,4111,655,1.750951142347496,0.1139100349679238,1.6080000400543213,1.900099992752075,-0.002380532445386052,-0.04631253704428673,0.026430410945920097,0.2680807113647461,-1061.1782010245613,-1061.6873483130282,-15.026052973073496,0.7227930857625324,0.9009498410405286,False
119,1787909602.1336558,7261.99966503,11.899898290634155,24000,24000,3738,595,1.7385142875318769,0.10588997862639915,1.5986999988555908,1.8575999855995178,-0.008742268197238445,-0.04316846281290054,0.026183907645439475,0.14327406883239746,-1071.2501339092619,-1070.6339638804805,-15.026052973073496,-0.3679848181975558,-0.33416626110579273,False
120,1787909602.2338283,7262.09951805,12.000070810317993,24000,24000,3643,627,1.7362695365811458,0.10549456567689368,1.597000002861023,1.8586999893188476,-0.013194079510867596,-0.04351719096302986,0.027739737135168918,0.08531660586595535,-1080.088135363035,-1079.7039934540758,-15.017775637439359,-0.19043454762140755,-0.15116989218722665,False
121,1787909602.3326042,7262.19935787,12.098846673965454,24000,24000,3598,615,1.733338209865539,0.09261103696984353,1.5989999771118164,1.8559999465942383,-0.02020406350493431,-0.045432303100824356,0.028181042774274596,0.022883331403136253,-1088.5960472042577,-1088.623033051878,-15.017775637439359,0.19150594432630896,0.2708710848899045,False
122,1787909602.4342594,7262.29998511,12.200501918792725,24000,24000,3729,604,1.755307948155119,0.13531462604856334,1.608150029182434,1.884699994325638,-0.019632721319794655,-0.033494722098112106,0.02999354105550735,0.04683741554617882,-1097.8902317680202,-1097.6690060246501,-15.04764080933394,0.046318737166302526,0.1892188801816701,False
123,1787909602.5335379,7262.39981533,12.299780368804932,24000,24000,3610,585,1.748505983597193,0.11203109827148743,1.6059999465942383,1.871999979019165,-0.015428856015205383,-0.03142918646335602,0.03244083513362331,0.07145073264837265,-1107.3266330880035,-1106.71752401119,-15.035865368084522,-0.45499735162593424,-0.5537179038221893,False
124,1787909602.6337202,7262.49965505,12.399962663650513,24000,24000,3598,609,1.7474334999454042,0.11112025150034147,1.6069999933242798,1.866600012779236,-0.014973270706832409,-0.02949410490691662,0.032720888875574554,0.12158260494470596,-1115.799888391978,-1115.7405313679176,-15.029694041169599,0.08817883574079133,0.12146492547208254,False
125,1787909602.7325425,7262.59948911,12.498785018920898,24000,24000,3732,600,1.7478116647402446,0.11848396729569172,1.6089499711990356,1.8510499536991118,-0.012302449904382229,-0.021921323612332344,0.03387831391230336,0.19782313704490662,-1124.826161345155,-1124.7729082896642,-15.028226724915465,-0.04405752662160012,0.2380396421333444,False
126,1787909602.8327765,7262.69931649,12.599019050598145,24000,24000,3984,602,1.7517375405444655,0.11053516956335245,1.625,1.866949987411499,-0.008863379247486591,-0.022760851308703423,0.03492603992041432,0.1862023025751114,-1133.223428788779,-1133.7619191217138,-15.026513942500772,0.5797628488328428,0.9900823838527231,False
127,1787909602.9360352,7262.79994111,12.702277660369873,24000,24000,4080,618,1.7503851115896478,0.10535589385707912,1.6319999694824219,1.8925999701023102,-0.00667276605963707,-0.020785490050911903,0.035954920038095375,0.13521790504455566,-1142.4931909459392,-1142.8299123136624,-15.021719724230936,0.6033012926718584,0.9795333902018228,False
128,1787909603.0333917,7262.89979153,12.799634218215942,24000,24000,4034,528,1.7550359844709889,0.1178126921676685,1.6323499858379364,1.9064999699592589,0.002831470686942339,-0.018639637157320976,0.036471586725802384,0.04242231324315071,-1152.344558897186,-1151.8823698285537,-15.013972054447597,-0.48595220107631576,-0.23575332080508815,False
129,1787909603.1353447,7262.99962769,12.90158724784851,24000,24000,4079,539,1.7498237465219728,0.09983339319737616,1.6446999788284302,1.8911000251770018,0.0069908034056425095,-0.022646605968475342,0.037080879943342825,0.125344380736351,-1161.441939914069,-1160.8845926511826,-14.980438150758793,-0.40753515470260027,-0.03755644528473567,False
130,1787909603.2331784,7263.09946717,12.999420881271362,24000,24000,4057,488,1.7594713099667283,0.128844889874957,1.638399988412857,1.9133000016212462,0.01085489522665739,-0.02721591852605343,0.03686125501279611,0.17794635891914368,-1169.5174174021286,-1169.87088145952,-14.98852696334526,0.3220387354858758,0.5913296072519643,False
131,1787909603.333066,7263.19931197,13.099308490753174,24000,24000,4203,459,1.7598714594747507,0.12795420283268205,1.649999976158142,1.8892000555992126,0.01363667193800211,-0.03948259726166725,0.035085289456074455,0.1821274757385254,-1180.177930094984,-1178.8590541828023,-14.983427013559158,-1.348564222173536,-1.595250374492025,False
132,1787909603.4340534,7263.29995993,13.20029592514038,24000,24000,4082,456,1.7622127177422506,0.1221631629054577,1.6477499902248383,1.894499957561493,0.005763961002230644,-0.04080064594745636,0.032307950545480066,0.15092173218727112,-1188.0741301544124,-1187.765171059182,-14.98904070787872,-0.15587003095561158,-0.3253050649295801,False
133,1787909603.5334363,7263.39980043,13.299678802490234,24000,24000,4030,468,1.7639059801386971,0.11319048285586782,1.6533500134944916,1.9041499793529508,0.004938908852636814,-0.04593708738684654,0.03042538066115817,0.13592609763145447,-1196.9271565447737,-1196.7483095538626,-15.009132586535548,-0.06441270372488361,0.23237410986075702,False
134,1787909603.6334505,7263.49964103,13.399693012237549,24000,24000,4044,464,1.7645387955266854,0.12463678068342601,1.6449999809265137,1.9535499930381774,-0.0026913017500191927,-0.04975463077425957,0.02809936413779767,0.11978525668382645,-1205.8485004855806,-1205.8187242669912,-15.028796975773778,0.015547146095286735,0.2061291345733025,False
135,1787909603.7334332,7263.59948179,13.499675750732422,24000,24000,4155,449,1.7483518912160316,0.08423095288545239,1.6437999963760377,1.8631999731063842,-0.008838403970003128,-0.04802730306982994,0.030205893861637773,0.05935553088784218,-1214.9286952435714,-1214.7858637904578,-15.020003393028057,-0.06617624182717918,-0.04596964909592316,False
136,1787909603.8328452,7263.69933107,13.599087715148926,24000,24000,4052,471,1.7483651792420956,0.11802544865994216,1.6324999928474426,1.8834999799728394,-0.01664932258427143,-0.043676137924194336,0.03538101750215366,0.12662610411643982,-1224.2720541658803,-1223.775066153232,-15.02217318077156,-0.4624336033000418,-0.35489144602433953,False
137,1787909603.9338653,7263.79996675,13.70010781288147,24000,24000,3910,481,1.7464698545650237,0.11679504732751639,1.6440000534057617,1.878000020980835,-0.025718171149492264,-0.034238144755363464,0.03629953443742277,0.11845382302999496,-1232.4151668637628,-1232.745964492145,-15.037878387042383,0.4862876586803395,0.7894525612248344,False
138,1787909604.0333803,7263.89981067,13.799622774124146,24000,24000,3905,489,1.7378057278007086,0.10350527450658543,1.6212000131607056,1.8657999753952026,-0.021803300827741623,-0.026456626132130623,0.03790622319965343,0.16653232276439667,-1241.6860338378162,-1241.7643591133215,-15.025078294376392,0.17179198547478336,0.4118948942957559,False
139,1787909604.1341302,7263.99964003,13.900372743606567,24000,24000,4142,528,1.7412935583428903,0.11111702317554333,1.6143499791622162,1.8636499881744384,-0.021454129368066788,-0.019746840000152588,0.03778964272982126,0.1946738362312317,-1250.022825124179,-1250.763095289876,-15.019276304384299,0.9025230491754428,1.6174412271986967,False
140,1787909604.2324843,7264.09948251,13.998726844787598,24000,24000,4044,569,1.7506625671168832,0.13088679935375053,1.6093999862670898,1.9587999820709232,-0.02357865683734417,-0.022429458796977997,0.0376471870863891,0.16499419510364532,-1260.04154311356,-1259.7753015111814,-15.038942133542518,-0.2643013340739344,0.24260946207323286,False
141,1787909604.333643,7264.19931503,14.0998854637146,24000,24000,3923,547,1.7452833635061706,0.11012773891769051,1.6239000320434571,1.886699974536895,-0.01411269698292017,-0.025102097541093826,0.036383087982083416,0.26742175221443176,-1269.0458408062539,-1268.8045633150577,-15.079974142090135,-0.1642981248983233,-0.33076520369490936,False
142,1787909604.434478,7264.29995763,14.20072054862976,24000,24000,3905,581,1.7409173849322503,0.11178002076393306,1.621000051498413,1.8890000581741333,-0.006956581491976976,-0.02550259791314602,0.03501635398461809,0.2199091762304306,-1278.924590863706,-1277.956674441698,-15.089388112151724,-0.9678654221384022,-1.509453559473286,False
143,1787909604.5336568,7264.39981183,14.299899339675903,24000,24000,3841,567,1.7365379194733959,0.1131934814566867,1.6065999746322632,1.8547000050544737,-0.006107558961957693,-0.024792440235614777,0.033355097235301556,0.23008745908737183,-1287.38642494532,-1287.0567118086853,-15.08367653904935,-0.5035836043318795,-1.034125221746308,False
144,1787909604.6336129,7264.49965965,14.399855375289917,24000,24000,3892,593,1.7357723409369663,0.10641014129314302,1.6065999746322632,1.8563999891281127,-0.0013092394219711423,-0.025423599407076836,0.029489193486763356,0.2511428892612457,-1295.7155282015315,-1296.1894371913054,-15.076914785686391,0.16338124359594985,0.13335957865092496,False
145,1787909604.7336307,7264.59950187,14.499873161315918,24000,24000,3617,635,1.7522913362097552,0.14284756788483044,1.59339998960495,1.906300008296966,0.002112234942615032,-0.031509220600128174,0.028676801581374402,0.25216466188430786,-1305.7905816703574,-1305.3004286913292,-15.021680663445105,-0.9100465686301504,-1.5087961582987646,False
146,1787909604.8331537,7264.69934129,14.599396228790283,24000,24000,3618,664,1.7554367470094956,0.14241638676093515,1.5839999914169312,1.965399968624115,-0.002976388204842806,-0.031209394335746765,0.02888252147828453,0.22184938192367554,-1314.7948125012933,-1314.3512998965116,-15.01738495208957,-0.9571765358468838,-1.365157461171293,False
147,1787909604.933944,7264.79998987,14.700186491012573,24000,24000,3713,646,1.7538885455751567,0.13512273697645302,1.590250015258789,1.9555000364780426,-3.334981374791823e-05,-0.029473088681697845,0.02902986633731613,0.12303553521633148,-1323.4680088267787,-1323.397511434935,-14.993181841145356,-0.5592241546437435,-0.7742129971925351,False
148,1787909605.0344663,7264.89984025,14.800708770751953,24000,24000,3819,759,1.7512200255638997,0.14045773357049654,1.5877000570297242,1.9136999845504763,0.004617838189005852,-0.0280116219073534,0.03000840570895333,0.18213263154029846,-1331.7287975492118,-1332.3563715659175,-14.980298221463558,0.22701733939561564,-0.5557934026996918,False
149,1787909605.1346552,7264.99968417,14.900897741317749,24000,24000,3662,659,1.7500303469948777,0.11311243862720177,1.6030000448226929,1.8692999601364138,0.0017516008811071515,-0.023494109511375427,0.029971087974422887,0.23675334453582764,-1341.8276054823623,-1341.2912749722664,-14.955697895631467,-0.8547582859314389,-1.7475601063767954,False
150,1787909605.2341883,7265.09952273,15.000430822372437,24000,24000,3695,635,1.7502157474127342,0.12058705849575217,1.6069999933242798,1.8792999625205993,0.0012864015297964215,-0.0258669164031744,0.03157165424448163,0.2241469919681549,-1351.286048264261,-1350.2015066213573,-14.94103655640798,-1.3551989793875237,-2.3293935642793713,False
151,1787909605.3334284,7265.19933885,15.099670886993408,24000,24000,3728,638,1.7509420058196614,0.1119890548685244,1.6139999628067017,1.8711500406265258,0.003664262592792511,-0.026114068925380707,0.03249240473376909,0.21365955471992493,-1359.3228938603233,-1359.1069067345188,-14.951575255366405,-0.46041403903177525,-0.5551820954160576,False
152,1787909605.4360144,7265.29997783,15.202256917953491,24000,24000,3970,745,1.752322145756459,0.1204525870417375,1.6091999769210816,1.8746000051498413,-0.0020515292417258024,-0.031022250652313232,0.034954027263718525,0.16615541279315948,-1368.4333407694019,-1368.007917488732,-14.956047572296201,-0.33809260769749017,-0.40478449633292257,False
153,1787909605.534145,7265.39981231,15.300387620925903,24000,24000,3835,707,1.7456067903375694,0.08933955763203556,1.6222999930381774,1.8597000002861022,-0.000914599746465683,-0.028301076963543892,0.03427908767575774,0.1908317655324936,-1377.342244250083,-1376.984230751398,-14.962135206396354,-0.4152083766709893,-0.11065613876417046,False
154,1787909605.6337807,7265.49964565,15.400023221969604,24000,24000,3835,719,1.7478205827744846,0.09383440769400854,1.6298999905586242,1.8571999907493593,0.0003684867697302252,-0.03267902508378029,0.03301996727288687,0.19442841410636902,-1385.5298174822037,-1385.9948781052558,-14.925944550848667,0.36444730419952975,0.31855157727591177,False
155,1787909605.7332401,7265.59946813,15.49948263168335,24000,24000,3849,666,1.755474471473121,0.11994198023129474,1.6217500269412994,1.887250006198883,-0.00060206901980564,-0.032857295125722885,0.0314187671201078,0.23083747923374176,-1394.235335635898,-1394.8790908601327,-14.925944550848667,0.6103007999115562,0.5905862243876072,False
156,1787909605.8330307,7265.69929979,15.599273204803467,24000,24000,3948,644,1.7453354038066746,0.11111561911449964,1.614449965953827,1.8550000190734863,-0.0015355998184531927,-0.04260712489485741,0.029326477482882408,0.2606949508190155,-1403.690672672759,-1403.8003703558325,-14.955286230335561,0.13614020152272133,0.2667904869401809,False
157,1787909605.9339254,7265.79993705,15.700167894363403,24000,24000,3978,643,1.74312908263822,0.11505587749990426,1.6062999486923217,1.864900004863739,-0.0038975037168711424,-0.047452669590711594,0.02705890566604131,0.27981504797935486,-1412.9213916523981,-1412.7783098189007,-14.972707302744652,-0.014031585027169058,-0.04852636862960935,False
158,1787909606.0335329,7265.89977909,15.79977536201477,24000,24000,3840,654,1.7475214077427481,0.10943480555636852,1.6059999465942383,1.8853500068187714,-0.007027613464742899,-0.044560983777046204,0.02729655544823563,0.26498281955718994,-1422.067145027613,-1421.7808839805875,-14.97174060597529,-0.19508805956866127,-0.568212779839314,False
159,1787909606.133573,7265.99960967,15.899815559387207,24000,24000,3682,630,1.7434698420857626,0.12357340662399968,1.5984500169754028,1.8795499742031097,-0.009167080745100975,-0.04479990527033806,0.02600985974384779,0.22989633679389954,-1431.4242843768277,-1430.6919973408296,-14.956357830656842,-0.5485847254215059,-0.6942056944476462,False
160,1787909606.2327113,7266.09945649,15.998953819274902,24000,24000,3717,596,1.7370939578785993,0.10346472220608992,1.6027500331401825,1.860500007867813,-0.013522917404770851,-0.04132413491606712,0.027471833836974158,0.17434640228748322,-1439.6290293023312,-1439.7106572362427,-14.973846890795715,0.16913843413885843,0.11809479843964255,False
161,1787909606.332935,7266.19930563,16.099177598953247,24000,24000,3719,614,1.7434576559532737,0.12725416623060168,1.605649971961975,1.8706999957561494,-0.012065179646015167,-0.042653072625398636,0.028359730000875705,0.13389548659324646,-1449.2625449497932,-1448.7560873165005,-14.999185309744503,-0.44421207669961404,-0.8317557448647221,False
162,1787909606.4338849,7266.29994033,16.200127363204956,24000,24000,3571,579,1.7599101906613366,0.14417608602951254,1.605899953842163,1.9020999550819397,-0.017243830487132072,-0.03572116792201996,0.02978157922061716,0.15322963893413544,-1458.2524459319736,-1457.7968582765354,-15.013115113441138,-0.3486091298120755,-0.7548806219726885,False
163,1787909606.5333657,7266.39978195,16.29960823059082,24000,24000,3581,607,1.7495057655519866,0.11682362436789596,1.608300018310547,1.8736999750137329,-0.014470887370407581,-0.03125026449561119,0.03120517911140474,0.18402858078479767,-1467.212500363835,-1466.8464976399123,-15.013904042633397,-0.35536071643150535,-0.5572262912244241,False
164,1787909606.6335378,7266.49961789,16.3997802734375,24000,24000,3668,592,1.7502499993991207,0.11535097328746192,1.6150000095367432,1.871999979019165,-0.01420882623642683,-0.03159366548061371,0.03246821362645105,0.19488659501075745,-1475.1751802661502,-1475.8841693332429,-15.021467551963966,0.6974681901394888,0.6717727007981011,False
165,1787909606.7340147,7266.59946911,16.50025725364685,24000,24000,4032,683,1.7598374814973219,0.130999267636657,1.6201000094413758,1.8734999537467956,-0.012106707319617271,-0.025354649871587753,0.03377270983028076,0.2388090342283249,-1484.9030305224524,-1484.8867034993639,-15.00210786442272,0.012571181323210112,0.1603166905827038,False
166,1787909606.8329139,7266.69930019,16.599156379699707,24000,24000,3948,634,1.7530488960374417,0.11662785145547676,1.6206500351428985,1.8763500213623048,-0.008490427397191525,-0.02118150144815445,0.035447431893744004,0.16772079467773438,-1494.548054789435,-1493.8823124908959,-14.991283264088175,-0.7315071052987605,-0.7644054852250974,False
167,1787909606.9338145,7266.79993623,16.70005702972412,24000,24000,4004,611,1.7446743048934812,0.0996051385434847,1.6235000491142273,1.8525000214576721,-0.004291051998734474,-0.020742950960993767,0.03667080470927921,0.1394064575433731,-1503.1846036354134,-1502.8162470870984,-14.983451250351777,-0.2869723149001402,-0.5529279913146183,False
168,1787909607.0334585,7266.89978497,16.79970097541809,24000,24000,4084,531,1.7463860626274583,0.11933752892499497,1.628499984741211,1.8765000104904175,-0.0002812744351103902,-0.021515674889087677,0.038165555428664406,0.13591308891773224,-1511.6748584950592,-1511.786347867343,-14.990597558407082,0.19075275904833688,0.11874634790979144,False
169,1787909607.1336288,7266.99961947,16.899871349334717,24000,24000,4240,544,1.7448106609723146,0.10239656156781426,1.6330000162124634,1.8828500092029572,0.004391374532133341,-0.02347123809158802,0.038014011178264084,0.1536298245191574,-1521.1090052494767,-1520.7662815001356,-15.021042928264528,-0.22803539060373623,-0.45071399621815544,False
170,1787909607.2327454,7267.09946025,16.998987913131714,24000,24000,4150,477,1.7576163529849902,0.11884482872347471,1.640600037574768,1.9386000394821166,0.007688112556934357,-0.028481177985668182,0.0375688676918513,0.25267860293388367,-1529.74020467944,-1529.8020252333652,-15.014761453923212,0.0612806109295434,-0.11628866798560011,False
171,1787909607.334902,7267.19929663,17.101144552230835,24000,24000,3921,435,1.7601057485602367,0.10901185274097526,1.6504000306129456,1.8792999625205993,0.012249748222529888,-0.03718968480825424,0.034358517911791446,0.2690359354019165,-1539.2946722676359,-1538.7764926310438,-15.041359388417229,-0.299064011300743,0.032529009600011705,False
172,1787909607.4341671,7267.29993603,17.200409650802612,24000,24000,4033,453,1.7623929361633908,0.112022295345556,1.6546000003814698,1.8883999586105344,0.01025763712823391,-0.04003515467047691,0.03236988491459876,0.22410330176353455,-1547.7968051759367,-1547.781997248041,-15.052072193677851,0.13268667862507755,0.2550538658399546,False
173,1787909607.5339174,7267.39977517,17.30015993118286,24000,24000,4206,444,1.7580765773047198,0.11349455441204744,1.628999948501587,1.9231000185012814,0.009504653513431549,-0.044829871505498886,0.03017159156845181,0.16122588515281677,-1556.9234228655755,-1556.880778946022,-15.055535754638747,-0.01638092916664391,-0.11238106498308298,False
174,1787909607.6337328,7267.49960919,17.399975299835205,24000,24000,4050,422,1.7486279637892663,0.12122789093918662,1.6240499556064605,1.8949999809265137,0.00246039847843349,-0.050376664847135544,0.02794262598121411,0.16894368827342987,-1566.2728623339365,-1565.9473160440898,-15.026467109154588,-0.3824123549786691,-0.28003373116598596,False
175,1787909607.733228,7267.59945811,17.499470472335815,24000,24000,3968,405,1.7423876559292828,0.10742249889618534,1.6332000017166137,1.8700000047683716,-0.006979202385991812,-0.049584753811359406,0.029504608516570104,0.1653851866722107,-1575.0352215290275,-1574.9901228755643,-15.029100887013335,-0.19018124093713595,-0.14957285917807894,False
176,1787909607.8328393,7267.69929347,17.59908175468445,24000,24000,3966,470,1.74246383017682,0.09440620280455107,1.6263500094413756,1.8630999743938446,-0.014394134283065796,-0.04849053919315338,0.03454902757603474,0.1320418268442154,-1583.4545402333315,-1584.0311525254006,-15.01019326330482,0.3555402791362212,0.34353601516727394,False
177,1787909607.9346654,7267.79994083,17.700907945632935,24000,24000,4089,504,1.7429087285011533,0.10267839719080661,1.6360000371932983,1.8483999848365782,-0.023549458011984825,-0.03537729009985924,0.03693184840518692,0.13336116075515747,-1593.5132957921167,-1593.1457087064514,-15.00406810290688,-0.5388327295545423,-0.6191004342774704,False
178,1787909608.033624,7267.89977407,17.799866437911987,24000,24000,4034,542,1.7374612548254513,0.09782282979792575,1.629099953174591,1.8559499502182006,-0.02572455257177353,-0.02578781172633171,0.03788813770081222,0.1868537813425064,-1602.340850036616,-1602.193340002533,-14.994099873474779,-0.46009801854779653,-0.6675837562954712,False
179,1787909608.1334832,7267.99960637,17.899725675582886,24000,24000,3983,521,1.7362706324875699,0.08869420402054516,1.6299999952316284,1.8559999465942383,-0.023754779249429703,-0.02279070019721985,0.038123656086473286,0.1743292212486267,-1611.51359292973,-1611.247277722468,-14.98634725943616,-0.645484646515115,-0.7754156684484315,False
180,1787909608.2331424,7268.09943339,17.999384880065918,24000,24000,3927,527,1.7412163168474664,0.1145025085071518,1.6163000345230103,1.8846999764442445,-0.020268717780709267,-0.020420704036951065,0.037728411357971676,0.1651456356048584,-1620.3744981426325,-1620.2390475132129,-14.940969674263641,-0.537036631006913,-0.7917184497903236,False
181,1787909608.3329926,7268.19966783,18.09923505783081,24000,24000,3945,526,1.741781367095251,0.11265836505555477,1.6100000143051147,1.8822500109672546,-0.01617005281150341,-0.02096042037010193,0.035924992186849324,0.2539446949958801,-1629.606743052072,-1629.122742382674,-14.93333920805618,-0.7827406690971657,-1.3400149226170015,False
182,1787909608.4449656,7268.29950621,18.21120810508728,24000,24000,4091,607,1.7418616155816067,0.1157081449225231,1.61899995803833,1.8550999760627744,-0.010480733588337898,-0.027284160256385803,0.03497593036628862,0.26422518491744995,-1639.0908028742879,-1638.0839250536087,-14.941916922379049,-0.1891983459356652,-0.5831250682840619,False
183,1787909608.5345783,7268.39934565,18.30082082748413,24000,24000,3838,600,1.740319998462995,0.12159489730369977,1.616949987411499,1.877099972963333,-0.004380510188639164,-0.026247095316648483,0.03234391982155859,0.2840753495693207,-1647.0604384896137,-1647.0157865496408,-14.930022572553133,-0.09366662316870134,-0.5929534784190764,False
184,1787909608.635908,7268.49998969,18.40215039253235,24000,24000,3558,595,1.7328084038085296,0.11027164255399165,1.5920000076293945,1.8512999653816222,-0.00047432153951376677,-0.02599325031042099,0.029917353358200498,0.23165619373321533,-1656.5996915969565,-1655.9264805644245,-14.93278104165712,-0.5132336351500726,-0.6883217572169542,False
185,1787909608.7338648,7268.59982551,18.500107288360596,24000,24000,3610,635,1.7398062980081153,0.12040252436168758,1.5820000171661377,1.885400021076202,0.0017537913518026471,-0.030110547319054604,0.02830265918537878,0.2598995268344879,-1664.6607848417752,-1664.858112538487,-14.938152224987817,0.24181814546886926,0.6520613170341676,False
186,1787909608.8338935,7268.69966263,18.600136041641235,24000,24000,3793,672,1.750943453006801,0.12904001630960865,1.5880999982357025,1.871999979019165,0.004287148825824261,-0.027312494814395905,0.02736649602585642,0.15909786522388458,-1673.9363381188311,-1673.759050740366,-14.935565964638473,-0.03112241933763471,-0.3544688775641589,False
187,1787909608.9327443,7268.79949139,18.698986768722534,24000,24000,3625,655,1.7574824429650344,0.13369399718504535,1.5877000451087953,1.9229000210762022,0.0030985544435679913,-0.027884285897016525,0.027805849584891514,0.19187135994434357,-1682.3452847547835,-1682.642496543129,-14.935565964638473,0.45652100557435915,0.5621845831760766,False
188,1787909609.0339656,7268.89932797,18.80020809173584,24000,24000,3598,683,1.7497467064403684,0.12084568698073593,1.5991999745368957,1.893600046634674,0.00045280801714397967,-0.029798120260238647,0.030694631080640127,0.19567148387432098,-1691.7425139115705,-1691.5979477578408,-14.947553984070842,0.16923613404378557,1.0292275090723706,False
189,1787909609.133922,7268.99996435,18.90016460418701,24000,24000,3719,709,1.7491043720326067,0.12400021063578863,1.5989999771118164,1.8631999731063844,-0.0002303208311786875,-0.02609536424279213,0.030985634108052128,0.21064680814743042,-1699.6401867737022,-1700.5224426294417,-14.9573178892199,1.2676742915141404,1.6830784625424258,False
190,1787909609.2340984,7269.09980809,19.000340938568115,24000,24000,3886,696,1.7536264377078792,0.1253419982436085,1.6134999692440033,1.9069999754428864,0.0002787741832435131,-0.025920338928699493,0.03199232560908618,0.22811229526996613,-1709.3569025417805,-1709.4941000544486,-14.976326803100639,0.5668535714892187,1.206523720029736,False
191,1787909609.3339117,7269.19965123,19.100154161453247,24000,24000,3859,663,1.7497541496296993,0.11596257637144576,1.6180000305175781,1.8777000188827513,-0.002473024185746908,-0.02614535391330719,0.033034065217705105,0.19171811640262604,-1719.3495108198256,-1718.4450017483343,-14.996867173568596,-0.4425397835905187,0.1081514740910734,False
192,1787909609.4326775,7269.29949559,19.198920011520386,24000,24000,3736,679,1.7516597934253788,0.11516107796038695,1.6150000095367432,1.8668000459671021,-0.0013870056718587875,-0.029239041730761528,0.03438292726033901,0.22244584560394287,-1727.8602032539768,-1727.4428425176368,-15.004129989045971,-0.06428110929437025,0.20119689051125533,False
193,1787909609.5361624,7269.39932459,19.30240488052368,24000,24000,3800,696,1.7487255773325077,0.09055033066656847,1.6227500140666962,1.8669999837875366,-0.0018905324395745993,-0.029425960034132004,0.03408965125476282,0.1761648803949356,-1736.6485025861737,-1736.5339342187992,-15.012047991328844,0.46108354670968765,0.7120816851042946,False
194,1787909609.633829,7269.49956679,19.400071620941162,24000,24000,3908,701,1.7406833073211974,0.09104299976559335,1.6169999837875366,1.8600000143051147,-0.002588802482932806,-0.035143423825502396,0.033898475826261945,0.2419985979795456,-1745.8718549120156,-1745.5280722196621,-15.012047991328844,0.027762187059352073,0.1338288762397042,False
195,1787909609.7327535,7269.59940193,19.498996019363403,24000,24000,4072,709,1.7531664321049312,0.10442010769446804,1.628000020980835,1.8776000022888184,-0.002566890325397253,-0.033852364867925644,0.03122076089117568,0.22655367851257324,-1754.9195393987548,-1754.5948999801767,-15.043691695151049,-0.11670179977932094,-0.06122256031380857,False
196,1787909609.8330374,7269.69965269,19.59927988052368,24000,24000,3838,617,1.750711507503565,0.1072775764127815,1.6217999935150147,1.879199957847595,-0.00044107669964432716,-0.03738953545689583,0.028940524519803217,0.2943013906478882,-1764.2078002349594,-1763.6876111975812,-15.058983297170277,-0.3793901510202886,-0.5687403047395492,False
197,1787909609.9334579,7269.79948815,19.699700355529785,24000,24000,3922,639,1.7468763671943652,0.11015007838701808,1.6059999465942383,1.8862000346183778,0.0021045259200036526,-0.04435299336910248,0.02731203486827988,0.26719194650650024,-1772.727213939916,-1772.7641239332975,-15.040892492170746,0.1390639091414414,0.2491573607474038,False
198,1787909610.0329347,7269.89933611,19.799177169799805,24000,24000,3894,612,1.75259804180245,0.12933747424469985,1.6050999581813812,1.8935000538825981,-0.002480387222021818,-0.046657443046569824,0.02684031870425904,0.2218475490808487,-1781.6241184852051,-1781.8005826352762,-15.040892492170746,0.19509742765899318,0.11930397915466529,False
199,1787909610.1344197,7269.99998401,19.900662183761597,24000,24000,3782,609,1.750188834561503,0.12162855185276313,1.6075999736785889,1.8926000118255617,-0.005187210161238909,-0.04277242720127106,0.026728161499679135,0.15297482907772064,-1791.0144998140006,-1790.8606672897322,-15.01006205988511,-0.06160736483138862,-0.1360788785452769,False
200,1787909610.2336752,7270.09983121,19.99991774559021,24000,24000,3665,587,1.7388449722497996,0.1276620344266436,1.5973000168800353,1.8559999465942383,-0.011744562536478043,-0.041811030358076096,0.027158445139456783,0.13486160337924957,-1799.7174723708406,-1799.8061665527339,-15.012534340388912,0.16844536729490756,-0.019655709452990777,False
201,1787909610.3339674,7270.19966659,20.100209951400757,24000,24000,3591,613,1.7402479609696355,0.11652374072143772,1.6019999980926514,1.8593999862670898,-0.021729815751314163,-0.040749598294496536,0.02767761845671679,0.07227692008018494,-1809.1023522988182,-1808.7954159859923,-15.005478469145956,-0.19011105511617643,-0.32631510077499115,False
202,1787909610.437849,7270.29950179,20.204091548919678,24000,24000,3309,552,1.7523061592077864,0.1290070818909855,1.6015499770641326,1.875,-0.02163691446185112,-0.03908441215753555,0.030390835274643056,0.08785206824541092,-1818.0424383161214,-1817.8136983166091,-15.016927108284266,0.219172581012117,-0.18255130761849614,False
203,1787909610.533142,7270.39934685,20.299384593963623,24000,24000,3750,620,1.7557612878661002,0.12908204425004022,1.6099500119686128,1.8780500173568726,-0.016674499958753586,-0.030502041801810265,0.03146776669515919,0.11934585124254227,-1826.6993122967888,-1826.8628285575985,-15.016927108284266,0.13869639163476677,-0.07893554300403594,False
204,1787909610.6344426,7270.49999239,20.40068507194519,24000,24000,3629,592,1.7561435820283116,0.1435784649398866,1.6059999465942383,1.8940000534057617,-0.012271418236196041,-0.0306905098259449,0.032855017013474666,0.1650848090648651,-1836.482314018682,-1835.848949366719,-14.990987749050761,-0.52723707814107,-1.1265707491438661,False
205,1787909610.7339747,7270.59984259,20.50021719932556,24000,24000,3787,625,1.7547984010696411,0.12650882049343132,1.6160000562667847,1.8637999773025513,-0.013389458879828453,-0.023250913247466087,0.03401589914276879,0.2473279982805252,-1845.5874400032965,-1844.8681799886897,-14.992375359289339,-0.6744468052390857,-0.8707120673216195,False
206,1787909610.8392372,7270.69967039,20.60547971725464,24000,24000,3729,570,1.7523771938524748,0.11911961489199571,1.6174500048160554,1.8805500209331512,-0.004294423386454582,-0.01981445960700512,0.03457666097175051,0.22820121049880981,-1853.5404646936613,-1853.8447358106698,-14.98876571055883,0.8461813387266375,0.9979085306624711,False
207,1787909610.9327497,7270.79950183,20.698992252349854,24000,24000,4126,599,1.7442854764266484,0.10091359923816057,1.625,1.8740999579429627,-0.006529189180582762,-0.021673021838068962,0.03683372555293423,0.2178412526845932,-1862.9941046102444,-1862.8363760217467,-14.98876571055883,-0.19130712547416806,-0.3718692386842122,False
208,1787909611.0331173,7270.89934221,20.799359798431396,24000,24000,4189,558,1.751795699305859,0.12762202057718397,1.6298499882221222,1.8691499650478363,0.0010490665445104241,-0.01963508501648903,0.03683447240358543,0.11908379197120667,-1871.9201323700554,-1871.7954120070158,-14.983422240231135,-0.08423073656172164,-0.16278342879741103,False
209,1787909611.1344147,7270.99997999,20.900657176971436,24000,24000,4049,532,1.7495413539104891,0.1147497449240677,1.6330000162124634,1.8902999699115752,0.003432065714150667,-0.021884189918637276,0.03751491035186697,0.10249476879835129,-1880.8601527223889,-1880.775106833923,-14.978372280544699,0.09253821271249763,0.042729629876021136,False
210,1787909611.2336197,7271.09982871,20.99986219406128,24000,24000,4018,491,1.7630203661267967,0.12038456973240493,1.6495000123977661,1.9475000500679016,0.011938274838030338,-0.03008928894996643,0.03741640236183158,0.17213307321071625,-1890.0524875432127,-1889.757795506891,-14.977553589464675,-0.17132035822487524,0.08341695611170508,False
211,1787909611.3336291,7271.19967547,21.09987163543701,24000,24000,4169,451,1.762135254305905,0.1247756136506784,1.6524999737739563,1.8869999647140503,0.013973009772598743,-0.036456163972616196,0.035500477199739165,0.17314162850379944,-1898.7070162691937,-1898.6945538195073,-14.960662546098618,0.17502555179112278,0.15646904843424636,False
212,1787909611.4334726,7271.29952417,21.19971513748169,24000,24000,4167,450,1.749651109377543,0.09943316322895206,1.628900009393692,1.8706499695777892,0.013112233020365238,-0.04062255844473839,0.03247469838712838,0.15635628998279572,-1908.277603504821,-1907.6738093691079,-14.957313826063634,-0.40962162896903465,0.16214711236261792,False
213,1787909611.5332842,7271.39937879,21.299526691436768,24000,24000,4051,437,1.759308926300817,0.11312213817377798,1.6380000114440918,1.9081999540328978,0.0038641993887722492,-0.04479232802987099,0.0299182919911312,0.13659869134426117,-1916.3879200057154,-1916.6078874337452,-14.950594196001203,0.4631265889813676,0.683786967404103,False
214,1787909611.6329584,7271.49960701,21.399200916290283,24000,24000,3973,429,1.7587062926281305,0.12364379118767407,1.6430000066757202,1.9035999774932857,0.0005655684508383274,-0.04995398595929146,0.027955201606793736,0.07348401099443436,-1925.80617735129,-1925.552769821289,-14.950594196001203,0.015574308902387202,0.5691826553452302,False
215,1787909611.7344003,7271.59944403,21.500642776489258,24000,24000,3947,429,1.7535944051675862,0.1173430883001539,1.6360000371932983,1.9477999687194822,-0.011011750437319279,-0.053669996559619904,0.030237956309704148,0.06404194235801697,-1934.3247713060002,-1934.5566193635675,-14.963322108629306,0.6267730410941112,0.9787162911661653,False
216,1787909611.8328025,7271.69967901,21.599045038223267,24000,24000,4132,501,1.7482774436116932,0.11381898154249993,1.6319999694824219,1.909999966621399,-0.019200965762138367,-0.041419655084609985,0.034949073833447704,0.0469958670437336,-1943.7890728783093,-1943.5244843574537,-14.963322108629306,0.018699536681424433,0.27526541652332526,False
217,1787909611.9327753,7271.79951845,21.699017763137817,24000,24000,3946,503,1.73893836952346,0.10079637874631338,1.6300999999046326,1.8450000286102295,-0.024696961045265198,-0.03384902700781822,0.037078945402828585,0.09246838837862015,-1952.9304324297698,-1952.4364947388685,-14.961592765109392,-0.125089869434305,-0.10578224791379398,False
218,1787909612.0333242,7271.89934589,21.799566745758057,24000,24000,3936,506,1.7437292481128406,0.10706997745521978,1.6324999630451202,1.8645000159740448,-0.02283979207277298,-0.02500419318675995,0.037980059138890354,0.16722305119037628,-1961.9639643995374,-1961.4075105977774,-15.001626239726034,-0.10918835680035954,-0.396953682651656,False
219,1787909612.1341472,7271.99998025,21.900389671325684,24000,24000,3984,494,1.7365202440424004,0.10615935506254005,1.6146499931812286,1.8657000005245208,-0.021582020446658134,-0.02194296382367611,0.03810187035869464,0.17257340252399445,-1970.3656106374935,-1970.419197986893,-15.001072302978942,0.5632538211486917,0.6555345514432247,False
220,1787909612.2357657,7272.09981267,22.002008199691772,24000,24000,4115,558,1.7380322604623746,0.11219229708519411,1.6158500492572785,1.868300026655197,-0.021819990128278732,-0.023897632956504822,0.03795858286381819,0.1280462145805359,-1979.4641558487724,-1979.4118509856576,-15.019264772855381,0.6104014758197991,1.0552713245399445,False
221,1787909612.3349493,7272.19964367,22.101191759109497,24000,24000,3911,530,1.7398603724983503,0.11120098632880918,1.6234499931335449,1.8648499906063076,-0.013015092350542545,-0.021761497482657433,0.036475581816730704,0.2168397307395935,-1988.660800783529,-1988.4181328790708,-15.033680934807114,0.34030159511371494,0.575043969196031,False
222,1787909612.432896,7272.29949473,22.199138402938843,24000,24000,3838,576,1.7419340297993686,0.11427798103805063,1.6237499713897705,1.88400000333786,-0.0095398323610425,-0.025755301117897034,0.0347663427429084,0.2573350667953491,-1997.3178724239983,-1997.4671241695955,-15.033680934807114,0.49845229762763665,0.5361243843181001,False
223,1787909612.5332055,7272.39932387,22.299448013305664,24000,24000,3796,606,1.7422211207572382,0.1181575494008623,1.6139999628067017,1.8829999566078186,-0.0019995474722236395,-0.02624654956161976,0.031766321714537075,0.19492973387241364,-2006.8970701961894,-2006.56380280023,-15.039710088083782,-0.052855554596817456,-0.5192463626187873,False
224,1787909612.635076,7272.49996825,22.401318550109863,24000,24000,3900,611,1.7375597378235987,0.1267242805439549,1.6054999828338623,1.893500030040741,-0.002728502731770277,-0.02925560064613819,0.031329936527923596,0.1929176300764084,-2015.3450609900874,-2015.559427731907,-15.05053490735687,0.667527339659955,0.5486031289287894,False
225,1787909612.7335296,7272.59981617,22.49977207183838,24000,24000,3744,643,1.7371384133447199,0.12701613388838687,1.5904000282287598,1.869700002670288,0.002856107661500573,-0.029146986082196236,0.02862493033059385,0.20018723607063293,-2024.2201539384487,-2024.6230520529427,-15.05053490735687,0.6532758714695319,0.4998593690706912,False
226,1787909612.8342013,7272.69966027,22.600443840026855,24000,24000,3614,652,1.7476380366854873,0.12723618126746028,1.5829999446868896,1.879249972105026,2.0623937757591193e-07,-0.032903529703617096,0.029469379145086398,0.21993856132030487,-2034.177615878348,-2033.6768493017603,-15.024660987595903,-0.24370185430120728,-0.9275248732490127,False
227,1787909612.9331353,7272.79950073,22.69937777519226,24000,24000,3570,643,1.7567760512395,0.13332927068879202,1.5872000098228454,1.9161000490188596,-0.0014201248995959759,-0.030196547508239746,0.02918470974278268,0.16725929081439972,-2043.3074318657905,-2042.7279058760275,-15.035476206362837,-0.4694390325828408,-1.2652227105502334,False
228,1787909613.032872,7272.89932623,22.7991144657135,24000,24000,3646,649,1.7502357445439132,0.12319021197722918,1.5913999795913696,1.8856000185012818,0.0036104947794228792,-0.025260990485548973,0.029028507332990686,0.09617900848388672,-2052.196554208089,-2051.7561058124897,-15.02113855869999,-0.382234383730065,-0.7168991804142024,False
229,1787909613.1339834,7272.99995401,22.90022587776184,24000,24000,3802,670,1.754428358576191,0.13580334665928157,1.6050000190734863,1.8910500109195705,-0.0026560521218925714,-0.023998761549592018,0.030806077196928787,0.16539306938648224,-2060.760694858497,-2060.7454553625826,-15.025144699647564,0.15367723689223567,-0.21606598390235376,False
230,1787909613.2337332,7273.09981121,22.99997568130493,24000,24000,3718,650,1.7544230756392847,0.11915079867317456,1.6150000095367432,1.8700000047683716,-0.0009003885206766427,-0.02586531452834606,0.031908262297081436,0.1376580446958542,-2070.111761969213,-2069.768439304719,-15.021049529000406,-0.2198827074394103,-0.6134568090392349,False
231,1787909613.334299,7273.19965223,23.100541591644287,24000,24000,3755,667,1.7509385313408665,0.10346125920254798,1.6233000040054322,1.8600999712944029,-0.0008030084427446127,-0.026649177074432373,0.03235801827794246,0.14081959426403046,-2079.449787533956,-2078.770247152437,-15.004079645367135,-0.506951290843972,-0.6355901569763773,False
232,1787909613.4333386,7273.29949441,23.199581146240234,24000,24000,3806,667,1.7507886069825385,0.10914763108222507,1.6233000040054322,1.8639999628067017,0.00184549146797508,-0.027019517496228218,0.03352330308260944,0.16365110874176025,-2087.7019832821425,-2087.749544495193,-14.98260968425913,0.15443754518901187,0.3809177947759963,False
233,1787909613.5328047,7273.39933545,23.299047231674194,24000,24000,4044,758,1.7523416909819227,0.09707041793382414,1.6296999990940093,1.8592999637126921,-0.0017833804013207555,-0.029607018455863,0.03362991566595091,0.1297004073858261,-2096.6726645314216,-2096.750551808063,-15.008866009428518,0.13572876179841842,0.4310624844306403,False
234,1787909613.6347878,7273.49998079,23.40103030204773,24000,24000,3868,708,1.749668079244215,0.10235408119842852,1.628000020980835,1.8662999927997588,0.002054514829069376,-0.03167465329170227,0.03306002742460591,0.1411571204662323,-2106.3149638881373,-2105.8300167959133,-15.017305654975926,-0.3280688574900523,-0.2101122212275186,False
235,1787909613.7341235,7273.59983513,23.50036597251892,24000,24000,3861,718,1.7511490243059016,0.10841083141360032,1.6198499977588654,1.8742999672889709,0.00043842187733389437,-0.03708817809820175,0.03166111465441027,0.1419735997915268,-2114.8380381114875,-2114.8188631834196,-14.967670611547932,0.08909200591278932,0.2139724813087014,False
236,1787909613.8339236,7273.69967191,23.600166082382202,24000,24000,3873,618,1.7516650470715125,0.1051525509102426,1.6230000257492065,1.8781500101089477,-0.0023349348921328783,-0.038879893720149994,0.029346822471986746,0.25213944911956787,-2123.2633653010585,-2123.8072266210897,-14.969374268885694,0.645799564074423,0.922406556180249,False
237,1787909613.934358,7273.79951421,23.700600385665894,24000,24000,4131,635,1.7480598442197786,0.11976995481405904,1.6086999893188476,1.8958999633789058,-0.004104484338313341,-0.04552207514643669,0.02757595599112675,0.24957595765590668,-2132.4434515092744,-2132.833554571902,-14.963696257220718,0.5048256694039992,0.6944602427092832,False
238,1787909614.0362062,7273.89935001,23.802448749542236,24000,24000,3933,678,1.7477477897936615,0.12093509518167368,1.6048500120639801,1.8954499840736387,-0.0040062787011265755,-0.04916049912571907,0.026863388304323846,0.21635420620441437,-2141.8780386793987,-2141.8553672182225,-14.970721069787094,0.2366166184042413,0.1591095901362678,False
239,1787909614.142177,7273.99998729,23.908419609069824,24000,24000,3665,620,1.7490016110481754,0.139065067384465,1.5980000495910645,1.9130499899387359,-0.009233325719833374,-0.04619964212179184,0.026590225152930937,0.1690557897090912,-2151.78141419796,-2150.89364245357,-14.94644186212142,-0.12935514551372762,-0.20859517650387716,False
240,1787909614.2369742,7274.09982769,24.00321674346924,24000,24000,3625,604,1.7436357598431063,0.12383648601985638,1.5989999771118164,1.8771000146865846,-0.013731139712035656,-0.042960286140441895,0.02744453630811247,0.14714151620864868,-2159.8957218167966,-2159.854766962826,-14.948912037698996,0.28810294540153336,0.17179322851325196,False
241,1787909614.3392298,7274.19965693,24.105472326278687,24000,24000,3392,531,1.739295667398672,0.11461881697639614,1.6085000038146973,1.8619999885559082,-0.011531243100762367,-0.040658656507730484,0.028385457297680314,0.14166006445884705,-2169.1730904759247,-2168.7742467301305,-14.978363184080605,0.21376221081482072,0.28023943681091623,False
242,1787909614.433731,7274.29949085,24.199973583221436,24000,24000,3712,597,1.7517755452911659,0.12515175753767788,1.6030000448226929,1.8953999996185296,-0.017231673002243042,-0.03441252186894417,0.030087743762644618,0.11224471032619476,-2178.822032793874,-2177.7946563882438,-14.981311875105668,-0.9300434421847967,-1.4993901131620078,False
243,1787909614.5350845,7274.39932215,24.301326990127563,24000,24000,3577,593,1.7542731894610504,0.12893098936687586,1.6142000198364257,1.8842000246047972,-0.018513312563300133,-0.031241999939084053,0.03237812643421997,0.1037919893860817,-2187.2603416553625,-2186.7664130679277,-14.982743142655428,-0.24652043516152844,-0.3408385790276043,False
244,1787909614.6357064,7274.49994709,24.401948928833008,24000,24000,3638,583,1.748111494409486,0.12403701587441311,1.6069999933242798,1.8650000095367432,-0.010145958513021469,-0.030114145949482918,0.032426186541737824,0.085276760160923,-2195.5612577891675,-2195.7097755004856,-15.001725074089762,0.5085629792770305,0.5657013376026043,False
245,1787909614.7360635,7274.59978969,24.50230598449707,24000,24000,3895,624,1.7545016060272853,0.11241190841778577,1.6150000095367432,1.8943999886512757,-0.011165252886712551,-0.027921542525291443,0.033844233472646,0.17904967069625854,-2205.0069767557475,-2204.6706495151866,-15.005217717140603,0.09500402123376261,0.3750464236463813,False
246,1787909614.8345728,7274.69964207,24.600815296173096,24000,24000,4099,637,1.7547425460216577,0.12870516490391928,1.6172000169754028,1.87039999961853,-0.009416166692972183,-0.01964036375284195,0.034857295157158116,0.1728859394788742,-2213.4256524879597,-2213.668079574293,-15.015359379519674,0.5421908783655454,0.3003822632745141,False
247,1787909614.9342124,7274.79949995,24.70045495033264,24000,24000,3956,579,1.7572348867261554,0.13275211767043607,1.6260000467300415,1.9210999608039858,-0.0052725039422512054,-0.01981981098651886,0.036156070078816084,0.13291485607624054,-2222.457859087887,-2222.5984354271072,-15.015359379519674,0.47757797286521964,0.6788711510698704,False
248,1787909615.0330126,7274.89935035,24.79925513267517,24000,24000,4032,578,1.7439723186014433,0.10177650554066084,1.6348499834537507,1.8747499525547027,0.0018643095390871167,-0.022818397730588913,0.03717642430935564,0.12878243625164032,-2231.563915067054,-2231.5655826219577,-15.016662411309795,0.26356301548230476,0.6989337954237271,False
249,1787909615.136593,7274.99998251,24.902835607528687,24000,24000,4194,516,1.755509691413983,0.11142953763998102,1.639499992132187,1.9230000376701355,0.002615562407299876,-0.025004778057336807,0.03841222040128245,0.18162518739700317,-2240.0945260295366,-2240.541826015031,-15.009158463362484,1.0552205915359991,1.4335251738343686,False
250,1787909615.2340586,7275.09982437,25.000301122665405,24000,24000,4228,515,1.757097087323087,0.12227252627263775,1.6343999981880188,1.9410999774932853,0.009164746850728989,-0.027856288477778435,0.03734111741958497,0.19829030334949493,-2249.483385312345,-2249.5654241414973,-15.016227156368416,0.43828194952584454,0.45245106947095337,False
251,1787909615.3370175,7275.19966163,25.103260040283203,24000,24000,4020,441,1.7687482982536022,0.12772642023409284,1.659000039100647,1.9620000123977661,0.013531356118619442,-0.03788840398192406,0.035729000875237296,0.24849532544612885,-2259.4945661507554,-2258.5533906127107,-15.029613239251335,-0.3065706563920685,-0.45686403048694046,False
252,1787909615.4331818,7275.29949443,25.199424266815186,24000,24000,4022,433,1.7578452643841573,0.10697654977023016,1.6410000324249268,1.8754000186920166,0.010588440112769604,-0.042094308882951736,0.032573755389173224,0.2557130455970764,-2267.7482775420335,-2267.594756196799,-15.032986026355353,0.09452229455291672,0.23486514781825463,False
253,1787909615.5336916,7275.39932621,25.299934148788452,24000,24000,4011,428,1.7570140191884798,0.11829447719582249,1.6369999647140503,1.8630000352859497,0.008674758486449718,-0.04354410246014595,0.02995623149497909,0.18754160404205322,-2276.715628979699,-2276.7270631712377,-15.054290583455865,0.17308527132172458,0.12992551985371392,False
254,1787909615.6344273,7275.49996373,25.400669813156128,24000,24000,4133,428,1.7594462633132935,0.1301728470119248,1.642050039768219,1.9066499710083007,0.002106358529999852,-0.049458421766757965,0.027662968690499386,0.15162967145442963,-2286.0002116266205,-2285.8201761930163,-15.06572012464657,-0.04526248942693201,-0.042833255725327035,False
255,1787909615.7368195,7275.59980557,25.5030620098114,24000,24000,4017,414,1.7493719798355287,0.11939450403694805,1.6312999784946443,1.8935500204563136,-0.006676216144114733,-0.049758538603782654,0.03013620113093473,0.1143745630979538,-2295.6851913733562,-2294.8645841759167,-15.064465602126711,-0.5149190314668886,-0.6071561273720363,False
256,1787909615.834038,7275.69964811,25.60028052330017,24000,24000,3917,471,1.7352038222007184,0.09474889913355594,1.6179999709129333,1.8359999656677246,-0.0186358280479908,-0.04285012558102608,0.03469454700894208,0.13007862865924835,-2304.0163634250052,-2304.005545459962,-15.036565645689587,-0.09640065216080984,-0.07304368106724723,False
257,1787909615.934846,7275.79949159,25.701088428497314,24000,24000,3739,483,1.7432256756855589,0.10100773009663139,1.6291999578475953,1.8736999988555905,-0.024504011496901512,-0.03537755832076073,0.037445080512160965,0.1477116048336029,-2313.329637004732,-2313.015502556195,-15.023218958544518,-0.33693765306725254,0.05107121038645346,False
258,1787909616.0345898,7275.89931621,25.800832271575928,24000,24000,4023,509,1.7389096269907323,0.11280549482581072,1.6269999742507935,1.8576000213623047,-0.02167917974293232,-0.027227628976106644,0.03826764161959288,0.20151779055595398,-2321.7802154999554,-2321.9457620676294,-15.048351272703849,0.1894545748054952,0.4955024809269162,False
259,1787909616.134571,7275.99994229,25.900813579559326,24000,24000,4068,526,1.7493878315156857,0.11870120293040476,1.6260000467300415,1.8702500462532043,-0.021839991211891174,-0.022687586024403572,0.03818538292114228,0.22236117720603943,-2330.8905241961356,-2330.9573043608248,-15.045434823334473,0.07748850230473181,0.4589112635858328,False
260,1787909616.235116,7276.09977353,26.00135850906372,24000,24000,3982,529,1.7403402637218484,0.11306596153584432,1.6193999767303466,1.8626000165939331,-0.02220667526125908,-0.02276088483631611,0.0374099679727081,0.1839350163936615,-2340.4069260845904,-2339.939385975831,-15.00259895640692,-0.389844685184471,-0.4260988653372806,False
261,1787909616.3351398,7276.19961207,26.1013822555542,24000,24000,3922,564,1.739051417256078,0.11943045544527446,1.6009999513626099,1.8680000305175781,-0.015572079457342625,-0.02364959381520748,0.03621279896717185,0.19649404287338257,-2349.413936928682,-2348.879351297756,-15.008787286711678,-0.3946934293880986,-0.5838070261770554,False
262,1787909616.4330454,7276.29946225,26.19928789138794,24000,24000,3888,551,1.7423266763046736,0.1203121493265125,1.6175000071525574,1.8819999694824219,-0.011177044361829758,-0.02385115623474121,0.03449636478763147,0.2784351408481598,-2358.135661310244,-2357.917697014976,-15.014703805823602,-0.30488619778680004,-0.6740030595519784,False
263,1787909616.5334125,7276.39929125,26.299654960632324,24000,24000,3910,593,1.744087689039478,0.12627317194655704,1.6145999908447266,1.8677999734878539,-0.003400832414627075,-0.02679828740656376,0.03322270601711565,0.32487088441848755,-2366.787160919666,-2366.884920773224,-15.009122330733403,0.0766754260516791,-0.8222507334075999,False
264,1787909616.6342223,7276.49993947,26.4004647731781,24000,24000,3730,619,1.7418998400883836,0.10917759349634705,1.6100000143051147,1.871999979019165,-0.002734251320362091,-0.031008869409561157,0.0307658251013588,0.28240248560905457,-2376.057633051913,-2375.868722065223,-15.007843576436295,-0.12088846552342147,-0.5565125841653753,False
265,1787909616.7361286,7276.59977691,26.502371072769165,24000,24000,3625,629,1.7483354509350606,0.15023224092169088,1.601200032234192,1.929599976539612,-0.0017375665483996272,-0.028968362137675285,0.029152498144838383,0.25179487466812134,-2385.109526881695,-2384.8728567608673,-14.985784097568844,-0.0011899474238816765,0.1911812409994127,False
266,1787909616.8339136,7276.69961609,26.60015606880188,24000,24000,3594,645,1.7545054274936056,0.1466978610415227,1.5893999814987183,1.9338000059127807,0.001852166373282671,-0.03174440935254097,0.028280059391925044,0.2402312457561493,-2392.98120243642,-2393.893810298835,-14.993631462763142,0.9278084988709452,1.7399858651951945,False
267,1787909616.9328165,7276.79944629,26.699059009552002,24000,24000,3791,704,1.7544914766807447,0.13506439333143086,1.5881500482559203,1.8969999551773071,0.004512170795351267,-0.026856325566768646,0.028250879549941144,0.15793251991271973,-2402.9067878973788,-2402.889719329325,-14.992584846925384,-0.09648765802330672,-0.2387147201729931,False
268,1787909617.0328557,7276.89929679,26.799098253250122,24000,24000,3686,649,1.7434160270382333,0.11403564046178698,1.5920000076293945,1.8650000095367432,0.0045523494482040405,-0.022792458534240723,0.02791492143475168,0.21662363409996033,-2413.088067463938,-2411.9123779821293,-14.995965458534165,-1.2742103721466265,-1.65896811144421,False
269,1787909617.1343274,7276.99994139,26.900569915771484,24000,24000,3624,654,1.7583776739759183,0.13501156457096922,1.6030000448226929,1.8963500022888184,-0.0005727795069105923,-0.022910958155989647,0.0305982933719545,0.24647195637226105,-2421.158571890643,-2420.8949457782596,-14.987492009657723,-0.21223989551117484,-0.3595578320646382,False
270,1787909617.2339303,7277.09978509,27.00017285346985,24000,24000,3703,652,1.7527254605951486,0.12231209468195513,1.6039999723434448,1.8607999980449674,0.0004488058912102133,-0.026155805215239525,0.03168928805074622,0.2866351902484894,-2429.740969263344,-2429.8896336429125,-14.97390549170298,0.16965193556234226,0.379254523218151,False
271,1787909617.334163,7277.19963519,27.10040545463562,24000,24000,3904,695,1.750444605710695,0.1191475076881243,1.6087999939918518,1.870300018787384,-0.0012065498158335686,-0.027428999543190002,0.03296952811244012,0.2528916597366333,-2439.3525567250504,-2438.882306277053,-14.967599710420059,-0.4209764534543865,-0.16130278360287775,False
272,1787909617.433648,7277.29946247,27.199890613555908,24000,24000,3910,653,1.7477871358485901,0.09228567635145474,1.625,1.8648000001907348,-0.0006594221340492368,-0.026119915768504143,0.03413639212408009,0.25823259353637695,-2448.018744032654,-2447.890011848711,-14.977077921433114,-0.13347467664880242,-0.5438319387271804,False
273,1787909617.5338025,7277.39930685,27.300045013427734,24000,24000,3813,703,1.7539829320961855,0.10470375751440227,1.6270999789237977,1.8609999418258667,-0.0010194677161052823,-0.029432374984025955,0.0332530114760858,0.2401982545852661,-2457.3242764327038,-2456.877076553155,-14.97368673900584,-0.4250861399441419,-0.5524975883399748,False
274,1787909617.6358557,7277.49993615,27.402098178863525,24000,24000,3859,700,1.7488600017343248,0.09325459014651616,1.6268999755382538,1.86899995803833,-0.004167333245277405,-0.03248444199562073,0.033363943166906815,0.23147667944431305,-2465.9084785037885,-2465.8573524887283,-14.977358866489134,0.17552209946188668,0.6033844223934466,False
275,1787909617.735054,7277.59977767,27.501296520233154,24000,24000,4015,696,1.7439094814418377,0.10270017203221328,1.6147499978542328,1.8862500190734863,-0.00021395122166723013,-0.035966284573078156,0.03300625510400556,0.27222007513046265,-2474.650874907768,-2474.82499212629,-14.977358866489134,0.361001128886528,0.6299369770117664,False
276,1787909617.8355355,7277.69960749,27.601778030395508,24000,24000,4007,698,1.7517779363602144,0.11075138046610428,1.616849994659424,1.882149976491928,-0.0019825741183012724,-0.04283151775598526,0.028985704545853353,0.2258041799068451,-2484.139393008622,-2483.8087957672915,-14.955854518227534,-0.08415602758304885,0.0583963575099915,False
277,1787909617.9342668,7277.79944547,27.700509309768677,24000,24000,3865,619,1.751172860912822,0.13086494964812387,1.6199000000953674,1.8741999626159669,-0.004759791772812605,-0.04366369545459747,0.027415362228962976,0.2741457223892212,-2492.944193687491,-2492.6901511550427,-14.949496910931908,-0.0031169690732895106,-0.14230826330549462,False
278,1787909618.033028,7277.89928677,27.799270391464233,24000,24000,3837,622,1.7398858503513397,0.10235062331975206,1.597000002861023,1.8630000352859497,-0.004563742317259312,-0.04579919949173927,0.026215885664541635,0.27968108654022217,-2501.8812786517237,-2501.67780862635,-14.99250122951942,-0.05167997948910852,0.11067604019535793,False
279,1787909618.135621,7277.99992831,27.90186357498169,24000,24000,3788,632,1.7530221505255639,0.13077355899873047,1.6050000190734863,1.924800008535385,-0.004642989952117205,-0.04339735954999924,0.02699428114674394,0.16051001846790314,-2510.801594098686,-2510.726181001856,-14.988599832402798,0.26141664590659275,0.5608387188426605,False
280,1787909618.2344406,7278.09978225,28.000683069229126,24000,24000,3736,562,1.7408362985505752,0.12558268624980853,1.600000023841858,1.8739499568939209,-0.010838772170245647,-0.042863260954618454,0.027185815487700587,0.2208753377199173,-2519.465198394956,-2519.711172265504,-14.993663608696883,0.49159144767327234,0.124776184199618,False
281,1787909618.334941,7278.19960755,28.10118341445923,24000,24000,3574,577,1.7443396886052045,0.11979989630551803,1.5998000144958495,1.8714000463485716,-0.015062146820127964,-0.04059585556387901,0.027873185314293322,0.12183013558387756,-2528.9231636446375,-2528.693019348512,-15.004980185662271,0.07868230316535119,-0.0934324257100343,False
282,1787909618.4337263,7278.29945287,28.199968814849854,24000,24000,3570,600,1.752603333592415,0.12381062647314516,1.6050000190734863,1.8761000454425811,-0.017033575102686882,-0.03741291165351868,0.029864298821303724,0.15266123414039612,-2537.8805669040125,-2537.732662061469,-15.003866468912554,0.011989686221568263,0.05869350219018088,False
283,1787909618.5341582,7278.39967739,28.300400733947754,24000,24000,3608,618,1.7503640794445396,0.12181689946666387,1.6030000448226929,1.879149955511093,-0.015296931378543377,-0.035523924976587296,0.031619226825219594,0.17836759984493256,-2547.0250127722966,-2546.7276374096064,-15.019276063347213,-0.09355844583205908,-0.24890985662523235,False
284,1787909618.6337976,7278.49949999,28.40004014968872,24000,24000,3880,637,1.751675037985881,0.1363762459614536,1.6016000032424926,1.88219997882843,-0.018876472488045692,-0.028574222698807716,0.03294092428183578,0.13266317546367645,-2555.7326092585613,-2555.7590316916308,-15.019276063347213,0.1664173045987809,0.10862242639632314,False
285,1787909618.7364867,7278.59934305,28.502729177474976,24000,24000,3883,648,1.7541466044423022,0.1291343639474526,1.6139999628067017,1.902799957990646,-0.013421352952718735,-0.024675844237208366,0.034211845310118984,0.25127866864204407,-2565.1535075845622,-2564.7596612192815,-15.008077202311538,-0.012442940977507533,-0.21034890426562924,False
286,1787909618.83476,7278.69999513,28.60100245475769,24000,24000,3954,639,1.7524913935594155,0.11959437283050746,1.628000020980835,1.8578999996185306,-0.010050207376480103,-0.022071707993745804,0.0354486537297057,0.26909583806991577,-2574.1253264905226,-2573.763755013822,-14.998753644304047,-0.1396424117879178,-0.5262117178008339,False
287,1787909618.9347367,7278.79982837,28.700979232788086,24000,24000,4029,565,1.7497469041199811,0.12806584118991085,1.63100004196167,1.8603999614715574,-0.003477813210338354,-0.01809149794280529,0.03646546642880718,0.19180385768413544,-2583.327709668195,-2582.7582211444496,-15.004037031978628,-0.34409066267971866,-0.7789439673319976,False
288,1787909619.0341516,7278.89967391,28.80039405822754,24000,24000,4225,567,1.7433139329654619,0.1132276709665951,1.6253000140190124,1.8794000029563902,0.001634446787647903,-0.021754445508122444,0.03819127936499407,0.1646719127893448,-2591.4635603804536,-2591.7458890737785,-15.021203740320765,0.4674176786757016,0.09134715147911265,False
289,1787909619.1336358,7278.99952183,28.89987826347351,24000,24000,4062,516,1.7502228691596393,0.1060125456986386,1.6397500038146973,1.8875000178813934,0.0007179153035394847,-0.02587081491947174,0.03773512879845562,0.14547410607337952,-2600.891258040991,-2600.7360430943586,-15.021203740320765,-0.0066767283783519815,-0.19618369579620776,False
290,1787909619.2331219,7279.09937197,28.999364376068115,24000,24000,4053,485,1.7649422684895624,0.13698873851793814,1.6369999647140503,2.0247999668121333,0.005434637889266014,-0.029072193428874016,0.036142687956584124,0.22814935445785522,-2610.18998773423,-2609.765144271603,-15.027368720880746,-0.35163150628204676,-0.6957305768264632,False
291,1787909619.3330626,7279.19961319,29.099305152893066,24000,24000,4007,444,1.7625585582342234,0.1135622389482214,1.6490000486373901,1.9116499960422513,0.012478997930884361,-0.035237692296504974,0.03535209636575127,0.3006311357021332,-2618.8482092675895,-2618.729846499916,-15.013188309638858,-0.015158230318775168,-0.17026038736230475,False
292,1787909619.4331043,7279.29944539,29.199346780776978,24000,24000,4105,468,1.7518888887686608,0.10661960452583387,1.6427500307559968,1.8666500091552733,0.012582247145473957,-0.04475685581564903,0.03312288857650558,0.18520666658878326,-2627.604876234077,-2627.7688666901336,-15.01432737816384,0.23194623294421035,-0.017673371026376117,False
293,1787909619.5331192,7279.39929067,29.29936170578003,24000,24000,4242,428,1.7524439271922423,0.08560499437293738,1.6360000371932983,1.8712999880313872,0.009948265738785267,-0.04353095591068268,0.030010825090578175,0.2250707447528839,-2636.938428453984,-2636.825182583508,-15.003130873136465,-0.10023782314101481,0.020943547991464584,False
294,1787909619.6344583,7279.49992679,29.40070080757141,24000,24000,3995,409,1.7495354518913697,0.11298253751629214,1.634399962425232,1.8902000427246093,0.0038127272855490446,-0.04930991306900978,0.027569428973564094,0.19556403160095215,-2645.8578991765175,-2645.8164104945868,-14.977884083211174,0.10083585894744829,0.04564086157870406,False
295,1787909619.734561,7279.59976323,29.500803470611572,24000,24000,3958,435,1.7502965521538394,0.12071393547460903,1.632700002193451,1.90059996843338,-0.007230954710394144,-0.05090497061610222,0.029095112187072364,0.1520385891199112,-2654.9803923085587,-2654.8009707958977,-14.973569729379712,-0.012392664076742221,-0.1792058492965225,False
296,1787909619.8345933,7279.69959691,29.6008358001709,24000,24000,3981,484,1.7379876040230113,0.09419597598073437,1.63100004196167,1.8471000432968137,-0.018818629905581474,-0.04646900296211243,0.035000961244705205,0.04142708703875542,-2663.561592564092,-2663.765637703638,-14.970687052441557,0.4093416586119929,0.46326616527449005,False
297,1787909619.9351552,7279.79942425,29.70139765739441,24000,24000,4138,548,1.7405638716516703,0.09852464289282531,1.6230000257492065,1.8606499671936034,-0.026201926171779633,-0.03213803097605705,0.036767828152170084,0.0955873653292656,-2673.1711453187213,-2672.7893961815626,-14.976469727304403,-0.14961889611413426,-0.4587036477273614,False
298,1787909620.0340068,7279.89967877,29.800249338150024,24000,24000,3939,535,1.7422803733950463,0.12200817828920142,1.6196999907493592,1.8733000040054322,-0.0241849385201931,-0.025986477732658386,0.03787766614977373,0.15870055556297302,-2682.2989353956973,-2681.8474496975073,-14.958503764009857,-0.38073308130014993,-0.6008030357324969,False
299,1787909620.1341243,7279.99949399,29.90036678314209,24000,24000,3946,513,1.7489512649893064,0.11846260953920108,1.619599986076355,1.8964000225067137,-0.021329190582036972,-0.023392286151647568,0.03867881174127336,0.19181078672409058,-2691.412014502686,-2690.7634157934535,-14.946399194005357,-0.4832171999178172,-0.8748723382673234,False
300,1787909620.2336257,7280.09933503,29.999868154525757,24000,24000,3942,504,1.7423015894397857,0.10362340491655685,1.6022999942302705,1.8839999437332153,-0.021850530058145523,-0.02088509500026703,0.03784162356128091,0.2043473720550537,-2699.845544388069,-2699.7510132700213,-14.939787059818771,0.03840112485113423,-0.28682935316010116,False
301,1787909620.3362236,7280.19995693,30.102466106414795,24000,24000,3996,578,1.7347283709832955,0.10435361882728113,1.61899995803833,1.8660000562667847,-0.01583523117005825,-0.02517523057758808,0.0362434896961296,0.1711675375699997,-2709.3141486384907,-2708.7307675902243,-14.929004348443561,-0.19636189858283615,-0.3029213086360869,False
302,1787909620.4347079,7280.29980871,30.200950384140015,24000,24000,3856,575,1.7392069544999496,0.11074555987054498,1.6227000117301942,1.9013000011444092,-0.009457455016672611,-0.02402901090681553,0.03478569879569805,0.235042005777359,-2717.614922408623,-2717.6390418841197,-14.93073181435593,0.36647385882042727,0.5241149503708584,False
303,1787909620.5338962,7280.39964343,30.30013871192932,24000,24000,3766,595,1.7411613446323813,0.121057432603341,1.6196999907493592,1.8747999906539905,-0.0043626753613352776,-0.026792611926794052,0.031930876279216876,0.25122734904289246,-2725.9977195098613,-2726.547445318353,-14.935238903432117,0.9106509662628923,1.799524299911809,False
304,1787909620.6334853,7280.49948267,30.399727821350098,24000,24000,3695,611,1.7487037636449412,0.12865930958813548,1.6079999804496765,1.8669999837875366,9.671297448221594e-05,-0.029424017295241356,0.02926919495935006,0.24712307751178741,-2735.802650913239,-2735.42475636664,-14.961611209566987,0.06876421823199053,-0.11979576882504261,False
305,1787909620.7328286,7280.59932183,30.49907112121582,24000,24000,3714,614,1.7561319210241984,0.1553008796901664,1.5993000328540803,1.9750499844551088,0.0026449167635291815,-0.030262522399425507,0.029304512306179673,0.20648671686649323,-2744.4533711067775,-2744.373396999553,-14.958441607145124,0.35896575885544735,0.43099567215540446,False
306,1787909620.8347263,7280.69995863,30.600968837738037,24000,24000,3637,671,1.745481370102986,0.11154246314248734,1.5995000004768372,1.8630000352859497,0.0020361931528896093,-0.03040393814444542,0.028707125865513494,0.25311151146888733,-2754.114293717349,-2753.330658578126,-14.950862029209944,-0.13113698216920966,-0.5022138938993521,False
307,1787909620.9337013,7280.79980179,30.699943780899048,24000,24000,3586,675,1.7466962967978583,0.1390646835849006,1.5729999542236328,1.878600013256073,0.0016362253809347749,-0.03263510763645172,0.030145553865135927,0.1537880003452301,-2762.3040023686185,-2762.258620136454,-14.955174325304691,0.5869239055414255,1.044874793269173,False
308,1787909621.0338824,7280.89963215,30.800124883651733,24000,24000,3620,663,1.7497601800374856,0.1284120839624681,1.601099956035614,1.9013999581336973,0.001203026040457189,-0.02615148387849331,0.028990120516870922,0.12830281257629395,-2770.842611403553,-2771.241292863092,-14.964380422863542,1.0646390732908912,1.54285333060443,False
309,1787909621.133309,7280.99946365,30.899551391601562,24000,24000,3805,637,1.7524521216118543,0.14108834769202902,1.5946000337600708,1.8786000251770016,0.003334915963932872,-0.02279333770275116,0.030306439064086237,0.20649953186511993,-2780.7428937928535,-2780.2138388033295,-14.978889899192934,0.11276716644806584,0.48699784652717426,False
310,1787909621.2330558,7281.09930555,30.999298334121704,24000,24000,3884,696,1.7554956900662388,0.12156700053263325,1.6037499904632568,1.8774999678134918,0.001179250655695796,-0.021869894117116928,0.0314800976579857,0.14600399136543274,-2788.910922311787,-2789.2426688522532,-15.014479114700384,0.9219883211203523,1.829993034850304,False
311,1787909621.3344715,7281.19994999,31.100713968276978,24000,24000,3767,691,1.7562054994309864,0.1232514964481427,1.6134999990463257,1.906499981880188,-0.00024496702826581895,-0.027525249868631363,0.03327304271419733,0.12331180274486542,-2798.1015944319383,-2798.3021743454638,-15.033924895009532,0.8587485374055177,1.2068432119754107,False
312,1787909621.4339442,7281.29978721,31.200186729431152,24000,24000,3786,673,1.7431872215171802,0.08847354913124945,1.6242000102996825,1.8489999771118164,4.456266469787806e-05,-0.029477644711732864,0.03376631063999371,0.09295457601547241,-2807.761015420206,-2807.406367676939,-15.03036418082231,0.1519008315085557,0.625628994022918,False
313,1787909621.5337195,7281.39962359,31.299962043762207,24000,24000,3904,659,1.7524673748812292,0.10450443324506513,1.6269999742507935,1.8606000185012819,0.0003568681131582707,-0.03069925867021084,0.033868259561643785,0.18126128613948822,-2816.498465075305,-2816.422325588537,-15.034013451922158,0.39425432006510164,0.7918007981488699,False
314,1787909621.633365,7281.49946157,31.39960741996765,24000,24000,4087,771,1.7513009097944128,0.09999481706621084,1.6239999532699585,1.8690000176429749,-0.006306160241365433,-0.030906468629837036,0.032708779187312034,0.21987256407737732,-2826.421138915766,-2825.413041021599,-15.03750012209907,-0.5603108404125123,-0.3844380081154668,False
315,1787909621.7337224,7281.59931245,31.499964952468872,24000,24000,3903,689,1.7496763447026555,0.10000698363855128,1.6214000225067138,1.8657999753952028,0.0007781413150951266,-0.03382338210940361,0.031731107527009875,0.20718267560005188,-2834.5863936361534,-2834.5139715488117,-15.035570226446085,0.30663736319957025,0.49505868145661225,False
316,1787909621.8348289,7281.69996173,31.60107135772705,24000,24000,3893,681,1.7438414105584792,0.1070211037556002,1.6169999837875366,1.871999979019165,0.0006127504748292267,-0.0437636636197567,0.029029533092420567,0.17478062212467194,-2843.6549883479306,-2843.6099399540085,-15.021875140575938,0.3376443100914912,0.3929633395496239,False
317,1787909621.9340835,7281.79980615,31.700325965881348,24000,24000,3936,611,1.7523813425226415,0.11969661332112344,1.615500032901764,1.8869999647140503,-0.0019246076699346304,-0.04247276112437248,0.027652774772503757,0.23212991654872894,-2852.664645422279,-2852.6502466905827,-15.018167734891355,0.2609266937834036,0.31080578793626046,False
318,1787909622.0339177,7281.89965527,31.80016016960144,24000,24000,4109,673,1.7547652305146737,0.1261867641765462,1.6111999988555907,1.887000012397766,-0.0057404679246246815,-0.04804578796029091,0.026497353590039394,0.21690745651721954,-2861.5739782569317,-2861.645275586006,-15.009917129420316,0.33669706246882924,0.5020578697913152,False
319,1787909622.1333458,7281.99950163,31.899588346481323,24000,24000,3749,610,1.7388622946426517,0.11427409349741803,1.5994499981403352,1.8869999647140503,-0.008269249461591244,-0.044896312057971954,0.026964027977318086,0.13676093518733978,-2871.2191442022345,-2870.6269640093287,-15.015726426305067,-0.3599081962552191,-0.05330965507573637,False
320,1787909622.2336526,7282.09933713,31.999895095825195,24000,24000,3633,639,1.7378544594760232,0.11051174736719212,1.600000023841858,1.8539999723434448,-0.012499340809881687,-0.04581831768155098,0.027684262071866278,0.09016112238168716,-2880.1318372731826,-2879.667525857253,-14.98760847321062,-0.24496884001473518,0.46491984491694893,False
321,1787909622.3349602,7282.19998335,32.101202726364136,24000,24000,3564,593,1.7464182145679983,0.12329677522197392,1.594600009918213,1.885799980163574,-0.020806800574064255,-0.041285108774900436,0.028019107886391025,0.0802384689450264,-2888.4380342635445,-2888.5486803934978,-14.955484664084842,0.5665461536859766,0.696429685077419,False
322,1787909622.4338026,7282.29983199,32.200045108795166,24000,24000,3702,590,1.7450593229067528,0.10410619844392625,1.6034500122070312,1.8730000257492065,-0.015788976103067398,-0.03516842797398567,0.030535203684742954,0.04899394139647484,-2897.4141905215147,-2897.453820793395,-14.99417845459165,0.48622893597757866,0.7034763426959216,False
323,1787909622.5343883,7282.39967771,32.30063080787659,24000,24000,3614,581,1.74819965781115,0.11671224095560281,1.6019999980926514,1.871999979019165,-0.015092169865965843,-0.03295012563467026,0.03226689590435279,0.10927111655473709,-2907.209004490919,-2906.4306251987514,-14.997978572747579,-0.25584706037307114,-0.5596705791722343,False
324,1787909622.6332521,7282.49950741,32.399494647979736,24000,24000,3597,573,1.7521849920612356,0.13310022785296327,1.600000023841858,1.8757999897003172,-0.015458802692592144,-0.028913378715515137,0.033709731517849076,0.13895823061466217,-2916.0332858500683,-2915.397611956411,-14.997978572747579,-0.18235818342509447,0.033983121782057424,False
325,1787909622.7330754,7282.59936359,32.49931788444519,24000,24000,3774,607,1.752326194890445,0.12666900933191585,1.6100000143051147,1.8836999654769897,-0.010931248776614666,-0.023700186982750893,0.03358655161820142,0.14045634865760803,-2924.1823153231717,-2924.4560586239995,-15.023531041430111,0.6527284911603601,1.3134732495832395,False
326,1787909622.8328607,7282.69960619,32.59910321235657,24000,24000,4018,629,1.751451510124631,0.10244808897936535,1.624399971961975,1.8815999984741212,-0.008940787985920906,-0.022272732108831406,0.034616171652186487,0.1635667085647583,-2932.5368071252788,-2933.4421041866713,-15.021460602068268,1.2789410574323483,2.1640847380936066,False
327,1787909622.9343297,7282.79947537,32.70057225227356,24000,24000,4150,617,1.7531247969771127,0.12530417053169698,1.6275999546051025,1.8721999883651732,-0.006648411508649588,-0.019119717180728912,0.03664779744848992,0.13836607336997986,-2942.8715251234926,-2942.508298400594,-15.013302965775452,0.07646192751235503,0.4474698600233751,False
328,1787909623.0331912,7282.89931473,32.79943370819092,24000,24000,4041,561,1.7520588253908616,0.11854314421035696,1.6369999647140503,1.9270000457763672,-0.0015374432550743222,-0.020824959501624107,0.03778359804863362,0.11233600229024887,-2951.8854873840464,-2951.5256876043422,-15.010904368873895,-0.039944674259459134,0.45561260728527486,False
329,1787909623.1345196,7282.99995573,32.90076208114624,24000,24000,4105,544,1.747667279532727,0.09444619209291007,1.6363000333309174,1.9015499651432037,0.007333315443247557,-0.025444092229008675,0.036889931709870226,0.14980727434158325,-2960.3682840864108,-2960.5389754226276,-15.023372131811065,0.596837430080086,1.148333287458172,False
330,1787909623.2339084,7283.09979307,33.00015091896057,24000,24000,4098,492,1.7660182949488725,0.13610904058129897,1.6380000114440918,2.0092000007629394,0.008170712739229202,-0.028678281232714653,0.037424655810659666,0.16011036932468414,-2969.125410679902,-2969.5711361732424,-15.02655988008864,0.7847309974686141,1.1467023375175813,False
331,1787909623.3356984,7283.19961965,33.101940870285034,24000,24000,4191,447,1.775955256999739,0.14626804974406113,1.6433000206947326,2.08360002040863,0.009239320643246174,-0.03670085221529007,0.03486492606471643,0.1625799685716629,-2979.431200889675,-2978.6060406095994,-15.02436164728922,-0.3599382373995468,-0.45283093895568527,False
332,1787909623.4331224,7283.29946165,33.19936490058899,24000,24000,4101,473,1.7632367873040617,0.12432071348837513,1.6319999694824219,1.9503999710083006,0.007730354554951191,-0.04250063747167587,0.032470052516653955,0.18866205215454102,-2988.308909762211,-2987.5604454880176,-15.0476859160093,-0.4694601144196895,-0.49291375852499186,False
333,1787909623.5330892,7283.39931117,33.29933166503906,24000,24000,4007,442,1.7635452496519994,0.13562218684194155,1.642099964618683,1.8718999803066254,0.006697492673993111,-0.04527049511671066,0.029842426574362275,0.18966558575630188,-2997.061671867167,-2996.6026449388505,-15.04505233140231,-0.22518851731865652,0.09009197621298881,False
334,1787909623.6335788,7283.49994567,33.399821281433105,24000,24000,4080,426,1.7615399094814426,0.1341019758891509,1.6462500095367432,1.9180000126361847,0.002543579787015915,-0.0482674166560173,0.027894024854652782,0.11810898035764694,-3006.019468763727,-3005.6876199931603,-15.067289566075067,-0.1388949066231362,0.05142040941927917,False
335,1787909623.7345448,7283.59979727,33.50078725814819,24000,24000,4162,450,1.75277333550983,0.11881450791046205,1.6384500324726106,1.886549997329712,-0.0040586600080132484,-0.04689618572592735,0.030564365402798246,0.12321905791759491,-3014.860918744651,-3014.7525998002016,-15.067392803648127,0.10661816726360485,0.20890399452810016,False
336,1787909623.833809,7283.69961983,33.600051403045654,24000,24000,3954,472,1.7371101669840894,0.09162706850697058,1.6291000068187713,1.8323499798774718,-0.017323525622487068,-0.04480372369289398,0.0344556425635936,0.12618930637836456,-3024.2990843409475,-3023.7887583920938,-15.040951655319278,-0.39774966173217763,-0.1471462120389333,False
337,1787909623.9333289,7283.79945987,33.69957137107849,24000,24000,3919,496,1.739995966995916,0.09043580311282481,1.6369999647140503,1.8572499454021454,-0.023333128541707993,-0.034389395266771317,0.03616324770987873,0.1348826140165329,-3032.181135081732,-3032.7489557043436,-15.040147862168203,0.6770215106926116,0.9596699117037133,False
338,1787909624.0330167,7283.89930069,33.799259185791016,24000,24000,3917,512,1.751070313854143,0.12944724796567386,1.628000020980835,1.9064499855041503,-0.019004955887794495,-0.028185727074742317,0.03772534599871332,0.1957787126302719,-3041.658266334537,-3041.7570054987077,-15.043294587250307,0.1718184140795529,0.5828289361929819,False
339,1787909624.1353285,7283.99994905,33.90157103538513,24000,24000,4161,545,1.7396678876439367,0.11011156705970332,1.6099999666213989,1.8630000352859497,-0.023667344823479652,-0.025325847789645195,0.038687282203377804,0.16542108356952667,-3050.473050728135,-3050.739891398572,-15.075747409629138,0.5651259696592206,1.386884442439623,False
340,1787909624.2335517,7284.09979615,33.999794244766235,24000,24000,4035,546,1.7485238082242973,0.11653714831006162,1.6114999651908875,1.8962499797344208,-0.01923873834311962,-0.02305319346487522,0.03816015207749753,0.21650397777557373,-3059.901011055493,-3059.723123702197,-15.09272786326756,-0.02272104616577053,0.5362640175499109,False
341,1787909624.3347542,7284.19963343,34.10099673271179,24000,24000,3964,573,1.737078533330721,0.08642616256481485,1.6157999753952026,1.8648000001907348,-0.01709328591823578,-0.024420903995633125,0.03659861513766488,0.21803583204746246,-3069.112810225418,-3068.784828748357,-15.080076889649634,-0.1262710916234937,-0.11680848969353974,False
342,1787909624.433121,7284.29946847,34.199363470077515,24000,24000,3885,582,1.743432985753128,0.11878323705401243,1.615150010585785,1.9158000051975248,-0.008924097754061222,-0.02260102890431881,0.03410576162640437,0.17335554957389832,-3078.9123878745763,-3077.862481937498,-15.063295776275597,-1.0728178748804567,-1.379802684492006,False
343,1787909624.5333428,7284.39929267,34.29958534240723,24000,24000,3859,602,1.7403122895579797,0.12019465036691437,1.6160500526428223,1.9036500394344325,-0.005768813658505678,-0.02290145494043827,0.0316978664010038,0.26665017008781433,-3086.761438121111,-3086.9859159044904,-15.088440454643306,0.0981253533564086,-0.3053510964491579,False
344,1787909624.632973,7284.49992223,34.39921545982361,24000,24000,3820,578,1.740970590535332,0.11996311323067545,1.6130000352859497,1.886150026321411,-0.00031453699921257794,-0.02810569293797016,0.029598026412958056,0.2698219120502472,-3095.9954986677076,-3096.0887978483092,-15.072338157203248,-0.16919980807324464,-0.29549690136855133,False
345,1787909624.7339435,7284.59975197,34.5001859664917,24000,24000,3643,642,1.7603956394106428,0.14928498428636067,1.6034000396728516,1.9845000147819511,-0.001456261845305562,-0.03024602122604847,0.02884314721532673,0.255485862493515,-3105.4302370763608,-3105.1962189513506,-15.066398731402103,-0.5165674650174878,-1.1254864281695518,False
346,1787909624.8332458,7284.69958669,34.599488258361816,24000,24000,3618,653,1.7468024492263794,0.12421493114801124,1.5959999561309814,1.8593999862670898,-0.0027211890555918217,-0.030984414741396904,0.02922222889386985,0.24462755024433136,-3114.068815710496,-3114.2267078929312,-15.045388777517012,-0.21791509481090543,-0.37528445856696635,False
347,1787909624.933031,7284.79940837,34.69927358627319,24000,24000,3597,662,1.752599697098631,0.12147572715366736,1.5911499619483949,1.9121499896049488,0.0012301516253501177,-0.031266339123249054,0.028944085774937636,0.19129031896591187,-3123.086007838632,-3123.297318129244,-15.05202474642691,-0.2544028545680703,-0.15085686361362605,False
348,1787909625.033354,7284.89964195,34.799596548080444,24000,24000,3837,760,1.7479144701832219,0.1386846909259389,1.582949948310852,1.8850999891757965,0.006955823861062527,-0.026324793696403503,0.029860893123621963,0.19109737873077393,-3132.6080592559783,-3132.2996479783583,-15.024185628526949,-0.7473627189829131,-1.5167212978335556,False
349,1787909625.1336193,7284.99948075,34.89986181259155,24000,24000,3667,650,1.7557938449199384,0.12607202106176338,1.6034500122070312,1.9017500460147856,0.002058254322037101,-0.02391866035759449,0.029089604044981465,0.19774873554706573,-3142.401595818201,-3141.34107591683,-15.016203078827838,-1.517000499299229,-2.6516189936273804,False
350,1787909625.2330801,7285.09932813,34.99932265281677,24000,24000,3684,630,1.7536380943797885,0.11805630064292244,1.6050000190734863,1.8733999669551846,-0.0008178153657354414,-0.024153633043169975,0.03178337533401426,0.23646433651447296,-3151.288632939585,-3150.3174491680306,-14.962798623746645,-1.4525372248881467,-2.1413292879401524,False
351,1787909625.336878,7285.19996189,35.10312056541443,24000,24000,3769,652,1.7524831291356702,0.11418541003346334,1.6109999418258667,1.882249993085861,0.0011005847482010722,-0.02870240807533264,0.03334163293741142,0.23825481534004211,-3158.721609491363,-3159.2602229783765,-14.934273324540754,0.4563242130057006,0.33375914895259484,False
352,1787909625.4351242,7285.29979707,35.201366662979126,24000,24000,4003,731,1.7430738724370662,0.10010177025159359,1.609000027179718,1.8614999651908875,0.00046417544945143163,-0.02995990961790085,0.03471958174442183,0.20306216180324554,-3168.626473471636,-3168.185543070716,-14.951182535311583,-0.6063665135093288,-0.5753537456157574,False
353,1787909625.5339348,7285.39962511,35.300177335739136,24000,24000,3881,718,1.7482339842737884,0.09830892719056179,1.6377000153064727,1.8501500129699706,0.00027873090584762394,-0.02997666597366333,0.033599695263683095,0.20209601521492004,-3177.038691165281,-3177.1943670158603,-14.932393202283265,-0.12559904518320764,0.15283338297604132,False
354,1787909625.6333733,7285.49946625,35.39961576461792,24000,24000,3834,719,1.7555507660243708,0.10959526675861729,1.6298999905586242,1.8738000273704531,-0.0018211349379271269,-0.03213011100888252,0.032750127387480746,0.23246030509471893,-3186.0156527530844,-3186.1465763605497,-14.92046775899913,-0.1530772639530369,-0.11839768649315374,False
355,1787909625.7339852,7285.59930457,35.50022768974304,24000,24000,3890,683,1.745131772398774,0.096827597933036,1.6239999532699585,1.8607999444007872,-0.002953535644337535,-0.034180060029029846,0.032615703660526865,0.2645260691642761,-3194.711426354993,-3195.031711964459,-14.903554524666484,0.20624745765826447,0.2509729383341437,False
356,1787909625.835944,7285.69994845,35.60218644142151,24000,24000,4067,676,1.7473727808548853,0.1020613508478446,1.6157500445842743,1.8815000355243683,-0.0017229208024218678,-0.04212982580065727,0.029053413461187717,0.2649838924407959,-3204.4821376626774,-3203.9500708854034,-14.917865025216644,-0.38815080121321444,-0.4704983687729509,False
357,1787909625.9345117,7285.79979547,35.700754165649414,24000,24000,3976,648,1.7460956781366725,0.11214534390171771,1.6077499449253083,1.8838499844074248,-0.005293266847729683,-0.04590517282485962,0.027064326356482687,0.2765531837940216,-3213.4615725578724,-3212.845993895449,-14.905305746440403,-0.4964659628449226,-0.5706755330024862,False
358,1787909626.0344744,7285.89963793,35.80071687698364,24000,24000,3814,633,1.7535608197087171,0.1237187876800306,1.6059999465942383,1.9142000436782833,-0.00781521201133728,-0.04491361230611801,0.02697291406419376,0.2776713967323303,-3222.115488238725,-3221.7385875731275,-14.929313104870433,-0.1537127230758415,-0.4691497444100605,False
359,1787909626.134512,7285.99947229,35.90075445175171,24000,24000,3695,633,1.7369763028188527,0.11734146658022099,1.5986000061035157,1.8574000120162963,-0.009206266142427921,-0.04325281083583832,0.02641818950431174,0.21282032132148743,-3230.4694296753282,-3230.6719997485816,-14.966010182103503,0.4957524886358442,0.42272512972112963,False
360,1787909626.232922,7286.09932183,35.99916458129883,24000,24000,3706,597,1.7391859298974426,0.11217446685039749,1.6028000354766845,1.8684000253677366,-0.010761059820652008,-0.04220055788755417,0.028141293044425215,0.18702350556850433,-3239.5248132730208,-3239.6886450561046,-14.966010182103503,0.2973050639793655,0.26929758380583735,False
361,1787909626.3351612,7286.19997139,36.10140371322632,24000,24000,3677,598,1.7393461559528491,0.12067683048291461,1.5978500425815583,1.8893000543117522,-0.012834202498197556,-0.04359465092420578,0.027561036567617565,0.16212722659111023,-3248.9244364763595,-3248.755527166202,-15.005295137612071,0.09922920170811267,-0.33202164215526864,False
362,1787909626.4350502,7286.29981765,36.201292753219604,24000,24000,3564,561,1.7531105165175576,0.12833957013809932,1.6039999723434448,1.8769999742507935,-0.015933841466903687,-0.036694563925266266,0.030382614085416378,0.17940129339694977,-3258.1931343631427,-3257.7251314545,-14.992641921832146,-0.17943020348957361,-0.2892302789637142,False
363,1787909626.5341508,7286.39964765,36.3003933429718,24000,24000,3578,585,1.7495059834586248,0.11332199423186214,1.6030000448226929,1.8717999935150147,-0.015183713287115097,-0.030649377033114433,0.03071230072857343,0.17711983621120453,-3266.8948533068765,-3266.787058866585,-14.996198823011648,0.03792861626197919,-0.0004036866926071525,False
364,1787909626.6344519,7286.49948451,36.400694370269775,24000,24000,3665,599,1.7527612676604563,0.12526777022674315,1.6116999864578248,1.9052999734878542,-0.013332921080291271,-0.03265693411231041,0.033004631133590485,0.2268768697977066,-3275.322234667699,-3275.7729035986285,-15.007063109046518,0.6376646970720685,0.6283800834280555,False
365,1787909626.734418,7286.59931131,36.50066041946411,24000,24000,4006,648,1.754726849956277,0.11872714366330361,1.6109999418258667,1.9085500240325926,-0.013035406358540058,-0.022314129397273064,0.0337176133249906,0.15404608845710754,-3285.139526592153,-3284.8119047995137,-14.988667661672748,-0.18265789851921,-0.026869799050473375,False
366,1787909626.8333642,7286.69994701,36.59960675239563,24000,24000,3924,636,1.7523128915132966,0.11685769554511648,1.6284999549388885,1.8797499537467957,-0.008420538157224655,-0.023515351116657257,0.03580047356632635,0.22667980194091797,-3294.12366132532,-3293.805718078325,-14.988667661672748,-0.2615980204873267,-0.2848655301686449,False
367,1787909626.934586,7286.79978635,36.700828552246094,24000,24000,4028,599,1.756661103245412,0.12229800902345749,1.6379000067710876,1.8854999899864198,-0.005143588874489069,-0.02115675061941147,0.03610762393274075,0.20142455399036407,-3303.093579203986,-3302.783674271902,-14.995379990356897,-0.12152869843384906,-0.44705061609784025,False
368,1787909627.0343266,7286.89962799,36.8005690574646,24000,24000,4047,522,1.7514750934651986,0.12099550056244165,1.6330000162124634,1.8834499478340148,0.0016607603756710887,-0.018251389265060425,0.037451463874700844,0.213881716132164,-3312.0909520506284,-3311.8108927920134,-15.007604201611754,-0.14223123022111395,-0.2844971717158842,False
369,1787909627.1336122,7286.99946045,36.89985466003418,24000,24000,4228,549,1.7589307834541863,0.12381236633253007,1.633399987220764,1.9747999906539921,0.0027705056127160788,-0.024453679099678993,0.038086972662502036,0.2009917050600052,-3321.1220841466948,-3320.815950608406,-15.017030383686127,-0.23763436315084618,-0.44487467074350207,False
370,1787909627.2331438,7287.09929681,36.99938631057739,24000,24000,4161,464,1.7581271539474357,0.1230329935335806,1.6460000276565552,1.983399975299835,0.009062874130904675,-0.027555100619792938,0.03718333766702713,0.21402950584888458,-3330.2007457964473,-3329.784617922664,-15.01090525023694,-0.35842267084990453,-0.2704154347434269,False
371,1787909627.3348303,7287.19993083,37.101072788238525,24000,24000,3951,448,1.7718839315431458,0.13734081967730496,1.639050018787384,1.9703999817371365,0.010000882670283318,-0.03320099413394928,0.0345912531992965,0.28962862491607666,-3339.012338666841,-3338.763979255441,-15.021222390614058,-0.018207221813554497,0.31041029306334167,False
372,1787909627.4357598,7287.29976373,37.20200228691101,24000,24000,4003,456,1.7612609648913669,0.1099064120684966,1.638750046491623,1.9397499859333038,0.009348271414637566,-0.04092096909880638,0.03242139813423151,0.24032428860664368,-3348.005484815657,-3347.721427919748,-15.051289314624599,0.07232665126002757,0.1795014329281912,False
373,1787909627.5340545,7287.39960963,37.300297021865845,24000,24000,4221,443,1.7620067712146597,0.11579038856185525,1.6469999551773071,1.9409000277519224,0.00879922416061163,-0.04646044224500656,0.030785654103062002,0.17566035687923431,-3356.613576976384,-3356.7957761862713,-15.051289314624599,0.31078512151862014,0.24954597890928198,False
374,1787909627.6332917,7287.49945071,37.39953422546387,24000,24000,4035,414,1.7531666683689984,0.12059862447010689,1.6362999737262727,1.9244000017642973,0.005607315804809332,-0.05017538741230965,0.02835800292158711,0.21766214072704315,-3366.199285152076,-3365.904937957108,-15.048214618076804,-0.34355001053290835,-0.23875570341488128,False
375,1787909627.733138,7287.59930387,37.499380588531494,24000,24000,3974,412,1.75297815764992,0.10711677032018575,1.639550018310547,1.9060499787330627,-0.0030080380383878946,-0.05313760042190552,0.029550527466518366,0.19704626500606537,-3374.3738999638285,-3374.923099027384,-15.006086670732563,0.4680327253595351,0.49417955259241353,False
376,1787909627.8347964,7287.69994203,37.60103893280029,24000,24000,3942,465,1.747926882005507,0.11073961439540535,1.6360000371932983,1.8967999935150144,-0.015902044251561165,-0.04588637873530388,0.03481506720456848,0.09248906373977661,-3383.370506924997,-3383.913156779301,-14.991817479279268,0.6207020713031852,0.5707065379865526,False
377,1787909627.9346507,7287.79978809,37.70089316368103,24000,24000,4079,535,1.7498411232065931,0.12654662492310836,1.6319999694824219,1.8742999672889709,-0.023832643404603004,-0.037827201187610626,0.03670480471491719,0.1262744814157486,-3393.408452659991,-3392.907498822759,-14.992735184771748,-0.43033801090587076,-0.45919423786153857,False
378,1787909628.0344207,7287.89961977,37.800663232803345,24000,24000,4040,587,1.7361226559091467,0.10588938112681391,1.6228999853134156,1.837700045108795,-0.023137085139751434,-0.024834996089339256,0.03793005093608178,0.18049529194831848,-3402.1192245298503,-3401.9328271217632,-14.980432836572083,-0.16177880720306348,-0.04432960787562479,False
379,1787909628.1339629,7287.99945943,37.90020537376404,24000,24000,4022,552,1.7438423916481542,0.1236125701595816,1.618099969625473,1.8868500471115104,-0.022341003641486168,-0.024423250928521156,0.03856354374246337,0.2094968855381012,-3411.412072054652,-3410.951294321141,-14.982734567533937,-0.49580884976512607,-0.6413969117766101,False
380,1787909628.2336783,7288.09929859,37.99992084503174,24000,24000,3954,516,1.7400174395058505,0.09935937156682492,1.6150000095367432,1.8827499747276306,-0.019242405891418457,-0.020739596337080002,0.03837359053863433,0.23510263860225677,-3420.4252725641168,-3419.9886984097075,-14.97275801906475,-0.5345921061830268,-0.8047566263553563,False
381,1787909628.3351133,7288.19993557,38.10135579109192,24000,24000,4052,587,1.743921635098108,0.10516040561807094,1.6148999691009522,1.8884000301361084,-0.018723390996456146,-0.02600846439599991,0.03666126030809926,0.23473654687404633,-3429.283841279598,-3428.9175786493015,-14.941463812808912,-0.2639904089760421,-0.6235578264386277,False
382,1787909628.43465,7288.29976033,38.20089244842529,24000,24000,4075,602,1.7404667766783324,0.11919987935155119,1.6180000305175781,1.8625500321388238,-0.007207818794995546,-0.024764588102698326,0.03443388619876651,0.2904703617095947,-3439.184098296111,-3437.8512224408587,-14.964307504004474,-1.2059234710741293,-1.5628553385295163,False
383,1787909628.5340798,7288.39959861,38.30032229423523,24000,24000,3767,601,1.7347104815199055,0.11827576074977195,1.5989999771118164,1.871000051498413,-0.007709547411650419,-0.025315025821328163,0.03209999483488616,0.2748384475708008,-3447.114347602022,-3446.8197669534925,-14.944572632515472,-0.18746188628529126,-0.59743326255375,False
384,1787909628.633536,7288.49945047,38.399778604507446,24000,24000,3661,603,1.744567164338841,0.1430809776872933,1.61010000705719,1.8696000099182128,-0.0017341409111395478,-0.025654878467321396,0.02908300670853857,0.2136671245098114,-3455.110634966692,-3455.768849267089,-14.934216461377545,0.7673434479411299,0.8362898131153997,False
385,1787909628.7347064,7288.59929407,38.500948905944824,24000,24000,3625,621,1.7505104670394063,0.15321139431187877,1.590000033378601,1.8650000095367432,0.002849921118468046,-0.028952581807971,0.027640598989303936,0.2467058300971985,-3464.1611990893125,-3464.7153866125454,-14.93509922589597,0.8221316560343439,1.3751749251096044,False
386,1787909628.832918,7288.69994085,38.59916043281555,24000,24000,3804,702,1.7545256426191738,0.13770358622132692,1.577100020647049,1.9638999879360197,0.0038158788811415434,-0.030132193118333817,0.028314555714771632,0.17971421778202057,-3474.018820843264,-3473.5896127362143,-14.93509922589597,-0.19642821522802478,-0.39224437300708814,False
387,1787909628.933906,7288.79977937,38.700148582458496,24000,24000,3622,696,1.75807183963814,0.1448188971621504,1.5967500507831573,1.9349999725818634,0.0013228415045887232,-0.030322853475809097,0.02899066935147168,0.21013596653938293,-3482.9878338851513,-3482.4890846093776,-14.94971812578013,-0.07648263327473614,0.1417111830178328,False
388,1787909629.0342426,7288.89961575,38.800485134124756,24000,24000,3595,701,1.75175035663066,0.13835379723967808,1.593000054359436,1.9160000085830688,0.002404032973572612,-0.029130954295396805,0.030712627048435054,0.15093563497066498,-3491.4354061729387,-3491.4741255296067,-14.954051469579483,0.5062597225651189,1.4644539613536836,False
389,1787909629.1347108,7288.99945091,38.90095329284668,24000,24000,3728,691,1.7531823435671594,0.11926771250267164,1.6039999723434448,1.8895000219345093,0.0009059795411303639,-0.025740401819348335,0.030811192789508477,0.2217479646205902,-3500.2851470480023,-3500.4578251094167,-14.966833600108869,0.6986781589216662,1.238625863049947,False
390,1787909629.234107,7289.09928909,39.00034952163696,24000,24000,3854,670,1.753256718436284,0.12964399079509908,1.606449967622757,1.9041499614715571,0.0032577202655375004,-0.0259084552526474,0.031007530896385953,0.22424598038196564,-3508.6811247409614,-3509.456576972922,-14.983966019722658,1.2483858165192032,2.3567779148665977,False
391,1787909629.3368185,7289.19992791,39.10306096076965,24000,24000,3750,663,1.7543800894850878,0.120139952852131,1.61010000705719,1.8759000420570373,-0.0006094748387113214,-0.027668166905641556,0.03365210518834584,0.16621768474578857,-3519.166439724898,-3518.4421228048896,-15.009863683401514,0.007125939769139222,-0.002465092506554356,False
392,1787909629.4344566,7289.29976201,39.20069909095764,24000,24000,3727,677,1.740955686111394,0.08659588403612928,1.6158000469207763,1.8461999654769896,-0.0005526093882508576,-0.030921056866645813,0.034411966686343116,0.20201203227043152,-3528.156453332736,-3527.4876261158643,-15.008446058387385,-0.19543162965828742,0.06633693001276697,False
393,1787909629.5441172,7289.39958997,39.310359716415405,24000,24000,3835,714,1.7491400570762592,0.11033175835717458,1.6216500043869018,1.8553499937057496,-3.549898974597454e-05,-0.03021877445280552,0.03406232604005,0.17968542873859406,-3536.7701314907795,-3536.61807754905,-15.060598789437927,1.0603738197714847,1.2254433487519236,False
394,1787909629.6334248,7289.49943777,39.399667263031006,24000,24000,3927,707,1.751140026594321,0.09736045320986965,1.6282999992370606,1.8639999628067017,-0.004373525269329548,-0.03371703624725342,0.03327105552329331,0.20726008713245392,-3545.5071509200416,-3545.6562158293546,-15.060598789437927,0.361055832270722,0.2277981280071799,False
395,1787909629.7333484,7289.59966499,39.49959087371826,24000,24000,4082,671,1.7451728772477493,0.07838595603741726,1.6230000257492065,1.856499969959259,-0.001262173056602478,-0.0325925387442112,0.031279347974640485,0.28939512372016907,-3555.1235457196835,-3554.6694555621193,-15.073454746338404,-0.2621891147173301,-0.3550558177162202,False
396,1787909629.8338387,7289.69950633,39.60008120536804,24000,24000,3835,632,1.7499414544694032,0.10852962788850859,1.6130000352859497,1.8853499531745908,0.00037541569327004254,-0.04091943800449371,0.028785939985157338,0.2608577609062195,-3564.4529896900376,-3563.6822774729426,-15.085218276100315,-0.547478204620802,-0.7878342985945892,False
397,1787909629.933209,7289.79934805,39.6994514465332,24000,24000,3919,650,1.7420015386434702,0.0997132352270062,1.6054499864578247,1.8660999953746795,-0.003155169077217579,-0.0459258109331131,0.02758896927715396,0.20301201939582825,-3572.9963420401937,-3572.7536708198104,-15.079292338151395,-0.14748409695494047,-0.34067288707410626,False
398,1787909630.0348146,7289.89998731,39.80105710029602,24000,24000,3993,621,1.7542286637132678,0.13912246427323938,1.6059999465942383,1.9049999713897705,-0.004839661996811628,-0.0452653132379055,0.026387257934910622,0.22962598502635956,-3581.82225527246,-3581.8296928863742,-15.093913247621435,0.17113681922728574,0.20294502522119728,False
399,1787909630.1341166,7289.99982777,39.90035915374756,24000,24000,3778,606,1.7495148508462182,0.12721518672987034,1.6150000095367432,1.8747499883174896,-0.006309905089437962,-0.040526341646909714,0.026144274867828943,0.1838003545999527,-3590.625513849627,-3590.856586784642,-15.099657181408505,0.30508778867078945,0.21833872119532316,False
400,1787909630.2340188,7290.09968441,40.000261306762695,24000,24000,3634,589,1.7364634955475813,0.11399395916520706,1.6027999877929688,1.8589999675750732,-0.01285121962428093,-0.04285960644483566,0.02731136583902579,0.14995244145393372,-3599.805468849835,-3599.9356585279534,-15.076036905384896,0.11635144528099772,0.39953441722036587,False
401,1787909630.333577,7290.19952969,40.09981942176819,24000,24000,3604,604,1.737286421636872,0.11796315358978607,1.5980000495910645,1.8574000298976898,-0.020412134006619453,-0.045382313430309296,0.028175521057411616,0.06829052418470383,-3609.365364828044,-3608.8567091817085,-15.05378532377802,-0.4832893826774125,-0.48894930841106543,False
402,1787909630.433377,7290.29937189,40.19961953163147,24000,24000,3611,613,1.752668839683346,0.13766074505912937,1.5980000495910645,1.8930000066757202,-0.018318718299269676,-0.03787461668252945,0.030631459729613137,0.050559841096401215,-3617.722270482661,-3617.9211302089366,-15.066852392161495,0.14183971043848942,0.32977451015358383,False
403,1787909630.5332973,7290.39960199,40.29953980445862,24000,24000,3739,612,1.7460016337485096,0.11945912149438925,1.5965499818325042,1.8619999885559082,-0.014677806757390499,-0.03161724656820297,0.032122966590167716,0.11947673559188843,-3626.864556899596,-3626.9887448913064,-15.070009686809824,-0.00759726208389111,-0.04235414630466039,False
404,1787909630.6337783,7290.49945183,40.40002083778381,24000,24000,3659,589,1.7564431212349132,0.13902187953844103,1.6113999605178833,1.8865999937057496,-0.014046018011868,-0.02970840223133564,0.033042053414744886,0.1995183825492859,-3636.715513415131,-3636.065596763347,-15.009306311744036,-0.8152357486974324,-1.209759869283971,False
405,1787909630.733288,7290.59930423,40.49953055381775,24000,24000,3774,616,1.7529334441407936,0.1053066615160826,1.6160000562667847,1.8902499973773956,-0.013221514411270618,-0.023374618962407112,0.03436871211983456,0.21217894554138184,-3645.297582092069,-3645.072475953888,-14.999066364784937,-0.44140519488064456,-0.4607928349373651,False
406,1787909630.8351548,7290.69993809,40.60139727592468,24000,24000,3917,610,1.7566508195439323,0.13226785602368255,1.6219000399112702,1.8963000297546384,-0.007300520781427622,-0.020433489233255386,0.034927887788772365,0.2292933166027069,-3654.2010060830253,-3654.111295537366,-14.992463239782532,-0.17679882138600078,0.06042235221912051,False
407,1787909630.9339454,7290.79977421,40.70018792152405,24000,24000,4173,629,1.7503131978652056,0.11169493019102629,1.6251999616622925,1.8822000265121461,-0.005409815348684788,-0.02272142469882965,0.03686418364319363,0.20181335508823395,-3663.2627367878067,-3663.132943919156,-14.989770854577921,-0.3473468136435258,-0.30447499250249166,False
408,1787909631.0342867,7290.89960793,40.80052924156189,24000,24000,4062,530,1.7470999998866388,0.10966352900245219,1.621999979019165,1.8810999810695648,0.0009506691130809486,-0.022960146889090538,0.037737408868931746,0.09765317291021347,-3672.405447688471,-3672.1421389517304,-14.98088509924591,-0.45931391605063254,-0.38608147132708837,False
409,1787909631.1334176,7290.99944341,40.89966011047363,24000,24000,4081,539,1.752218921463211,0.10837433624418341,1.6430000066757202,1.8960000276565552,0.005446573719382286,-0.026555273681879044,0.037691113041910196,0.15632078051567078,-3681.7123664732185,-3681.1159871182513,-14.966012709829046,-0.8444298054105275,-0.5034935243952532,False
410,1787909631.2336624,7291.09929133,40.99990487098694,24000,24000,4040,492,1.7588089423450997,0.11464351534803566,1.656999945640564,1.8769000351428986,0.010929078795015812,-0.025264011695981026,0.03711401125124752,0.15689319372177124,-3689.630720315786,-3690.058609150505,-14.946607906507538,0.2592697690179193,0.6827805417224226,False
411,1787909631.3348942,7291.19993813,41.101136684417725,24000,24000,4158,417,1.7601654683943275,0.11267457965742417,1.6575999975204467,1.895400047302246,0.01555770542472601,-0.03391822800040245,0.03504593512218743,0.13408641517162323,-3699.800267815426,-3698.9581473813255,-14.93912762661666,-0.7993893051793748,-0.32462044987778427,False
412,1787909631.4341075,7291.29976503,41.20035004615784,24000,24000,4146,452,1.7628473449597317,0.12602836831375397,1.6312999784946443,1.9166500031948086,0.007735511753708124,-0.04213413596153259,0.03208381275157121,0.1592065840959549,-3708.1738464342297,-3707.898319907481,-14.932700561160233,-0.24374065349365992,0.35333655531439945,False
413,1787909631.534126,7291.39961345,41.300368547439575,24000,24000,4074,475,1.7582378939578407,0.12081364230554087,1.6236999750137329,1.9052999854087829,0.00689171627163887,-0.04583946242928505,0.030126540284159238,0.11122015118598938,-3717.1685195721725,-3716.8646505395736,-14.918508839079871,-0.23672376164176967,0.12688501224511128,False
414,1787909631.6332953,7291.49945685,41.399537801742554,24000,24000,3970,426,1.7542582185055728,0.10995995015530305,1.6460000276565552,1.8932500183582306,0.00012061811139574274,-0.05179638788104057,0.028328361541011777,0.14480936527252197,-3725.437553468235,-3725.827447332968,-14.918508839079871,0.4194999324558921,0.9724197354639728,False
415,1787909631.7332296,7291.59930545,41.49947214126587,24000,24000,3927,414,1.7468574887888444,0.0887271928080755,1.6386000037193298,1.8803999722003935,-0.0103676188737154,-0.049796901643276215,0.03034772509125001,0.06061927229166031,-3734.6560360934136,-3734.7867102877194,-14.927050816917893,0.19513275784902362,0.3534154047242737,False
416,1787909631.8344822,7291.69995665,41.60072469711304,24000,24000,4067,470,1.7409553187958737,0.10920864973963042,1.6274499952793122,1.847000002861023,-0.019311556592583656,-0.039421726018190384,0.03493690438901358,0.03438190743327141,-3743.4347197215216,-3743.7424394038285,-14.926836010446854,0.5292043778249536,0.9187225395471614,False
417,1787909631.933617,7291.79981533,41.699859619140625,24000,24000,3939,474,1.7360042167615286,0.09159216343587875,1.6326499998569488,1.8309999704360962,-0.02375575341284275,-0.034184493124485016,0.03762520453210915,0.06153440102934837,-3752.9116807412734,-3752.694634681295,-14.917379392266497,-0.025588965103906958,0.01373538509460559,False
418,1787909632.0337749,7291.89964377,41.80001735687256,24000,24000,3920,530,1.7331000001925343,0.08874312006704996,1.6284499883651733,1.8496499955654142,-0.0212002731859684,-0.027234941720962524,0.03786650066643421,0.1619626134634018,-3761.562281618109,-3761.643296120119,-14.91404434001467,0.3380315030562997,0.19752545793971876,False
419,1787909632.1334128,7291.99948931,41.89965534210205,24000,24000,3989,504,1.7386448421175518,0.11013076991546104,1.6109999418258667,1.874700003862381,-0.020772045478224754,-0.024371672421693802,0.039320220464023004,0.15133696794509888,-3770.6089279015428,-3770.5884237203004,-14.918057387322298,0.2588287099288209,0.3986306545593834,False
420,1787909632.2327561,7292.09933725,41.99899864196777,24000,24000,4066,566,1.7459858674885107,0.11692515155254891,1.6182500123977661,1.8892499804496765,-0.022978559136390686,-0.024252912029623985,0.03750776068138955,0.13428635895252228,-3779.479515819531,-3779.530017481839,-14.95208970196422,0.32916252610175434,0.6512344947432211,False
421,1787909632.334549,7292.19997907,42.100791454315186,24000,24000,3935,561,1.7491069532758199,0.11884587271094313,1.621999979019165,1.8919999599456787,-0.013919585384428501,-0.024282190948724747,0.0357635640412563,0.2050660401582718,-3788.9784936727165,-3788.468077404735,-14.92471533526115,-0.00843685940026262,0.21650511207280942,False
422,1787909632.4338684,7292.29981447,42.200110912323,24000,24000,3864,586,1.7469180883401083,0.11611320910804313,1.6232500076293945,1.8795000314712524,-0.010099123232066631,-0.025766704231500626,0.03376617148987298,0.20483481884002686,-3797.9998560480503,-3797.402603488989,-14.979779039910959,-0.0910232737237493,-0.17935400037049476,False
