frame,bag_stamp_s,header_stamp_s,angle_deg,angle_unwrapped_deg,relative_angle_deg,smoothed_angle_unwrapped_deg,batch_angle_unwrapped_deg,raw_residual_deg,heldout_residual_deg,photometric_proxy_sigma_deg,photometric_residual,status
0,1787909394.4787586,1787909394.4765677,121.78019674093434,481.78019674093434,0.0,481.9426794363912,481.33676056901857,0.443436171915771,0.5454513435251626,0.2684132168872926,0.01148015931908826,registered
1,1787909394.4858532,1787909394.4851878,121.07497049080081,481.0749704908008,-0.705226250133535,481.0682930177534,481.0781743052992,-0.003203814498423274,0.023348370516494937,0.2512640160470912,0.010678767150755554,registered
2,1787909394.5146143,1787909394.5139961,120.380606915653,480.380606915653,-1.3995898252813426,480.19603322615626,480.213971931313,0.16663498433998558,0.1283643402699448,0.19996626576839518,0.008406315189799942,registered
3,1787909394.5434222,1787909394.542737,119.41367596841508,479.4136759684151,-2.366520772519273,479.32590006159984,479.35179361797213,0.06188235044292334,0.17432370419242949,0.3016778218738176,0.012422842287563051,registered
4,1787909394.5719893,1787909394.5713282,118.59091397091828,478.5909139709183,-3.1892827700160216,478.45789352408417,478.4941068597029,0.09680711121538632,0.0982845045785079,0.16693200216285237,0.006762651837222983,registered
5,1787909394.60019,1787909394.5995245,117.3213757730598,477.3213757730598,-4.458820967874536,477.5920136136106,477.64826407467996,-0.32688830162019666,-0.38095054269642414,0.3444195701000706,0.013911603269687513,registered
6,1787909394.6314197,1787909394.6292856,116.87623315246356,476.87623315246356,-4.9039635884707815,476.68220097836013,476.75548167829515,0.12075147416840526,0.1273692519702374,0.19726820478774157,0.00803979416632191,registered
7,1787909394.657387,1787909394.6568356,115.94363438354588,475.9436343835459,-5.836562357388462,475.8115206469371,475.92902839295255,0.014605990593304696,0.0009511220758122718,0.25054868359644966,0.010575594699365315,registered
8,1787909394.6862335,1787909394.6855679,114.65934120121477,474.6593412012148,-7.120855539719553,474.95199676444594,475.06710755729097,-0.40776635607618594,-0.4103303939106304,0.22905958767931145,0.010333533878163123,registered
9,1787909394.715198,1787909394.7142823,114.05122706529869,474.0512270652987,-7.728969675635624,474.1242294565267,474.20572313346116,-0.15449606816246142,-0.16611120268499935,0.1767213635774785,0.0082154972392117,registered
10,1787909394.74294,1787909394.7423344,113.53693857463355,473.53693857463355,-8.243258166300757,473.37029544395205,473.36420740388144,0.17273117075210198,0.14534212780193467,0.2868209298122867,0.013628510937514016,registered
11,1787909394.7717397,1787909394.7711017,112.57954711423889,472.5795471142389,-9.200649626695428,472.5294409417704,472.50123520102954,0.07831191320937059,0.08889717080836768,0.1503036894374133,0.0073544922736568435,registered
12,1787909394.800272,1787909394.799568,111.59448930390454,471.59448930390454,-10.185707437029814,471.7070505517329,471.6472961734252,-0.05280686952068869,-0.050357328247569555,0.24350271631071133,0.012085359119172353,registered
13,1787909394.8289268,1787909394.8282063,111.0213574301576,471.0213574301576,-10.758839310776713,470.92871148960444,470.78819328792,0.23316414223759274,0.2421550512104904,0.1749309889773443,0.008695798778707598,registered
14,1787909394.857356,1787909394.8566082,110.17709112324252,470.1770911232425,-11.603105617691778,470.0807479974724,469.9361853429102,0.24090578033235133,0.28605099600530437,0.29445446254875957,0.014562973394093515,registered
15,1787909394.8861678,1787909394.8855133,108.99444872433634,468.99444872433634,-12.78574801659801,469.1501583761168,469.0690791928745,-0.07463046853815314,-0.1446307448653119,0.2264722686908698,0.010997153946474523,registered
16,1787909394.9145234,1787909394.9140048,108.19997716362235,468.19997716362235,-13.580219577311986,468.2631310314822,468.2143820365479,-0.014404872925517509,-0.0713961500071747,0.18573492020167734,0.008874731579298035,registered
17,1787909394.9430919,1787909394.9425142,107.61393484603497,467.61393484603497,-14.16626189489937,467.4033584451261,467.35914846838944,0.2547863776455159,0.330926478253625,0.3000406631758229,0.014177802113715084,registered
18,1787909394.9718328,1787909394.9712563,106.48823659521929,466.4882365952193,-15.291960145715056,466.4863662062994,466.49693439425977,-0.008697799040515264,-0.04157978108367644,0.16370131352372924,0.007658651706115606,registered
19,1787909395.000175,1787909394.9995716,105.31004807556599,465.310048075566,-16.47014866536832,465.5509030109397,465.6475226825159,-0.33747460694989506,-0.3684527434359133,0.2998645901312611,0.014314271135958463,registered
20,1787909395.030139,1787909395.0284233,104.83092788470202,464.830927884702,-16.9492688562323,464.70599385633955,464.78201861581783,0.04890926888419145,0.040676682284960464,0.21510855266543785,0.010458848835905081,registered
21,1787909395.0574775,1787909395.0567775,103.98537467719098,463.985374677191,-17.79482206374333,463.847591183776,463.9314411023595,0.05393357483150396,0.04884033196682225,0.2521939501684171,0.012796454229928398,registered
22,1787909395.0859928,1787909395.085422,102.7897631569358,462.7897631569358,-18.990433583998524,462.9459311980656,463.0721522607526,-0.2823891038168185,-0.30830732353669177,0.2018559097019952,0.010943092629006888,registered
23,1787909395.1144874,1787909395.1139266,101.96094497013019,461.9609449701302,-19.81925177080413,462.12314621063456,462.2170617357493,-0.2561167656191543,-0.27457189028124773,0.17120738586535572,0.009643469415674545,registered
24,1787909395.1433537,1787909395.1427104,101.61641381574623,461.6164138157462,-20.16378292518808,461.3569140157543,461.3535960340121,0.26281778173409975,0.26886573607579933,0.27608153925371837,0.01574739483711779,registered
25,1787909395.171719,1787909395.1711786,100.49779967081105,460.49779967081105,-21.282397070123253,460.51468023947433,460.49959978914575,-0.0018001183346889604,-0.014306739084723574,0.15947163893925742,0.009331876653235139,registered
26,1787909395.2003555,1787909395.1997674,99.45359297013931,459.4535929701393,-22.32660377079499,459.6566648780708,459.6419845524541,-0.18839158231478947,-0.21573989640161173,0.2613523688720513,0.015368289750972439,registered
27,1787909395.2294338,1787909395.2287514,98.99338825486666,458.99338825486666,-22.786808486067684,458.87566587306935,458.7725110382007,0.22087721666594717,0.22672555813405992,0.20269523441427412,0.01189387711188298,registered
28,1787909395.257646,1787909395.2570133,98.24515557934376,458.24515557934376,-23.535041161590577,458.05524322781383,457.92470140979447,0.32045416954927575,0.31535832949827736,0.22165719709443527,0.01292210118837304,registered
29,1787909395.2863617,1787909395.2855215,96.96276191436806,456.96276191436806,-24.817434826566288,457.1255764989719,457.06950360242485,-0.10674168805680395,-0.11419292856093932,0.20729524900555474,0.011950296379790075,registered
30,1787909395.3145735,1787909395.3140233,96.09422667718093,456.0942266771809,-25.685970063753384,456.2490205900475,456.2144989033147,-0.12027222613371791,-0.11733603519765268,0.20714815392851385,0.011933724395948529,registered
31,1787909395.3432043,1787909395.342504,95.70817051985676,455.70817051985676,-26.072026221077543,455.4186624191256,455.36012359408716,0.34804692576965124,0.3449476386060901,0.29791760433430625,0.017209146209319973,registered
32,1787909395.371993,1787909395.3713012,94.50231305888605,454.50231305888605,-27.27788368204827,454.49342117903177,454.4962573715155,0.006055687370540852,-0.013954877960703271,0.14224005330447678,0.008394499758529505,registered
33,1787909395.400201,1787909395.3996606,93.29924675131264,453.29924675131264,-28.480949989621674,453.58794993824205,453.6455225105865,-0.34627575927385834,-0.3686248102957812,0.23871376560771543,0.014593638396651674,registered
34,1787909395.4302392,1787909395.4283218,92.82698730649366,452.82698730649366,-28.953209434440645,452.7777680637355,452.7857330179366,0.041254288557063035,-0.0031693069715039712,0.167078462146058,0.010362241387290234,registered
35,1787909395.457843,1787909395.4572227,92.19362156290151,452.1936215629015,-29.58657517803282,451.9479332498735,451.91875560674055,0.27486595616097986,0.21205262257992885,0.17317995223279617,0.01092472436411703,registered
36,1787909395.485889,1787909395.485348,90.80936007322975,450.80936007322975,-30.970836667704543,451.0306928660135,451.0750441647293,-0.2656840914995193,-0.21429376125634292,0.18241987325861656,0.011725364353494763,registered
37,1787909395.5144835,1787909395.5138535,90.16179246628951,450.1617924662895,-31.618404274644842,450.19904102870987,450.219925031095,-0.05813256480551843,-0.030217098756413208,0.14638969625972836,0.009390499598540695,registered
38,1787909395.5431974,1787909395.5425978,89.62057020420548,449.6205702042055,-32.15962653672885,449.41309024598496,449.35764658754556,0.26292361665994335,0.2599956127098899,0.20568275320588367,0.0131092032669667,registered
39,1787909395.5716314,1787909395.5711467,88.52494082921214,448.52494082921214,-33.255255911722195,448.5116116698863,448.5012257611994,0.023715068012748475,0.015218388459167898,0.14697161013286342,0.009175556087527384,registered
40,1787909395.6116893,1787909395.6107986,87.33184850426596,447.33184850426596,-34.44834823666837,447.5772357938546,447.3117361002482,0.020112404017773144,0.021045168603961883,0.20194516234969348,0.01237287589118622,registered
41,1787909395.6308718,1787909395.6285233,86.88554507181027,446.88554507181027,-34.89465166912405,446.7927862300188,446.78002323608865,0.10552183572160345,0.06521001855383446,0.14024028807096778,0.008572067969836897,registered
42,1787909395.6575098,1787909395.6569443,86.14651412516253,446.1465141251625,-35.633682615771775,445.9349983476071,445.92744311845826,0.21907100670429713,0.15542117046245352,0.1526714994734036,0.009362165621414457,registered
43,1787909395.6862211,1787909395.6855993,84.74766619671163,444.74766619671163,-37.032530544222666,445.03435811614077,445.06783958191005,-0.32017338519839456,-0.403339407871357,0.18051120150837732,0.011330817355507243,registered
44,1787909395.7146423,1787909395.7140455,84.00739723865883,444.0073972386588,-37.77279950227552,444.23086336886854,444.2145013355574,-0.20710409689854714,-0.24337399413708738,0.1275961323807368,0.008116559935903371,registered
45,1787909395.7432427,1787909395.7426486,83.74185045676387,443.74185045676387,-38.03834628417043,443.2901016003117,443.35645696940026,0.3853934873636291,0.26455649055681363,0.18183975980911612,0.011610253618284112,registered
46,1787909395.7718635,1787909395.7712684,82.28685987587733,442.2868598758773,-39.493336865057,442.1837929789383,442.4979119522002,-0.21105207632284362,-0.30883091568677656,0.10563296995768189,0.006767227981663527,registered
47,1787909395.8003538,1787909395.7997737,81.15567575976445,441.15567575976445,-40.624520981169894,441.1853017342785,441.6427999707236,-0.48712421095919467,-0.5192121219005585,0.16842465637708964,0.010582503054871639,registered
48,1787909395.857523,1787909395.8568337,80.36193601088428,440.3619360108843,-41.418260730050015,440.26266896214474,439.93109551111473,0.43084049976955185,0.4011979772298204,0.12645899167526603,0.007776858256449604,registered
49,1787909395.886249,1787909395.8856134,78.68889114817432,438.6888911481743,-43.09130559276003,439.2157765546765,439.0677513960594,-0.37886024788513595,-0.40227968622662047,0.16334949007115135,0.009653277127984713,registered
50,1787909395.9147127,1787909395.9141083,78.06151340414101,438.061513404141,-43.71868333679334,438.20662457385356,438.2129541095242,-0.15144070538323007,-0.19419340305991284,0.13703656520297572,0.008065347831890779,registered
51,1787909395.9432976,1787909395.9427123,77.79890793748723,437.79890793748723,-43.98128880344707,437.35587135882315,437.3548811347361,0.4440268027511536,0.4240038388361924,0.1585955642971469,0.009342076226333085,registered
52,1787909395.9717982,1787909395.9711149,76.59048474522166,436.59048474522166,-45.189711995712656,436.4584925911912,436.502851733253,0.0876330119686628,0.022819884497550902,0.1120859326466042,0.0067498427174121165,registered
53,1787909396.0007231,1787909395.9998956,75.35463946993434,435.35463946993434,-46.42555727099999,435.5269896169865,435.6394790095666,-0.28483953963231556,-0.3846426987820095,0.17029112102463742,0.010679152027847133,registered
54,1787909396.0304928,1787909396.0285919,74.81623523003628,434.8162352300363,-46.96396151089805,434.7207159494661,434.7786381497264,0.0375970803098582,-0.002726206246535412,0.11473632426380283,0.00732173855059055,registered
55,1787909396.057501,1787909396.0568705,73.81111154914674,433.81111154914674,-47.96908519178756,433.89286199499827,433.93032787027715,-0.11921632113041625,-0.14957762134403652,0.13476232726881443,0.008814135919147901,registered
56,1787909396.0862756,1787909396.0856977,72.73386432074665,432.73386432074665,-49.04633242018768,432.9927244111069,433.06556047582814,-0.331696155081481,-0.4283528068566227,0.21556910069929788,0.014230608932706397,registered
57,1787909396.1145709,1787909396.114077,72.09945702781101,432.099457027811,-49.6807397131233,432.1855328853818,432.2142248336475,-0.11476780583647894,-0.18533313865729184,0.13128603525160493,0.008633271991360856,registered
58,1787909396.1433096,1787909396.1426537,71.77228463122293,431.77228463122293,-50.00791210971137,431.38295354424565,431.3569743570015,0.4153102742214685,0.4054083462349851,0.17617663899921765,0.01153184862337974,registered
59,1787909396.1717978,1787909396.1711674,70.77758677123825,430.77758677123825,-51.00260996969609,430.47736322754844,430.5016120500034,0.27597472123479605,0.23800590918696685,0.09842648409523438,0.006291462919079833,registered
60,1787909396.2004282,1787909396.199789,69.23966597287654,429.23966597287654,-52.540530768057764,429.5812057098435,429.6430098155413,-0.403343842664718,-0.4632756422035911,0.2604824849041393,0.015751929256882694,registered
61,1787909396.2295754,1787909396.2285407,68.66831689995621,428.6683168999562,-53.111879840978105,428.7217274690062,428.7805096551013,-0.1121927551451023,-0.16703808642497364,0.10931800643376019,0.00646965873022607,registered
62,1787909396.2576103,1787909396.2570972,67.82787703189308,427.8278770318931,-53.95231970904122,427.811908977944,427.92385995970693,-0.09598292781383577,-0.1578648352348182,0.15494849443527434,0.008925403596197673,registered
63,1787909396.286296,1787909396.285568,66.73378811884493,426.7337881188449,-55.046408622089366,426.8551062541703,427.0697850411052,-0.33599692226026434,-0.404063942102745,0.21785837999237878,0.012299421686636973,registered
64,1787909396.3146434,1787909396.3140607,66.07313605637592,426.0731360563759,-55.70706068455838,426.0169367643423,426.21505212398984,-0.14191606761387732,-0.2137526959528273,0.15306793723982529,0.008616204113839334,registered
65,1787909396.3434443,1787909396.3428655,65.5162738687979,425.5162738687979,-56.26392287213645,425.3042326207972,425.35095703236993,0.1653168364279125,0.07288870595182573,0.21622881631455432,0.012188304080061912,registered
66,1787909396.3719215,1787909396.3713286,64.3649603468424,424.3649603468424,-57.41523639409191,424.4869294517924,424.4971109828165,-0.13215063597407806,-0.20109493069713835,0.09839191832638304,0.005573537112940935,registered
67,1787909396.4005578,1787909396.4000256,63.39769127393862,423.3976912739386,-58.382505466995724,423.6325477114784,423.636248666503,-0.23855739256438113,-0.2770959253409515,0.22926119437338946,0.012929777801484122,registered
68,1787909396.4306347,1787909396.4287846,62.979645437430634,422.97964543743063,-58.800551303503696,422.8398074690707,422.77352678917254,0.20611864825807658,0.14067582009199242,0.12201758607101176,0.006839207279372243,registered
69,1787909396.4575307,1787909396.4569871,62.28997949415151,422.2899794941515,-59.49021724678281,421.9994995163572,421.92749804804794,0.3624814461035868,0.28390111888879943,0.16114126770819104,0.008889662764287981,registered
70,1787909396.486089,1787909396.48551,60.9120121429894,420.9120121429894,-60.86818459794492,421.0798090589931,421.07185680689736,-0.15984466390793273,-0.13963397172067715,0.17739757044736593,0.00937155510514632,registered
71,1787909396.5146978,1787909396.5141137,60.01803056279067,420.01803056279067,-61.76216617814367,420.20260426298614,420.2137981364247,-0.19576757363408603,-0.2270855165772474,0.139963776588328,0.007234526774618443,registered
72,1787909396.54433,1787909396.543533,59.60886774549738,419.6088677454974,-62.17132899543693,419.33407287594486,419.33126478210625,0.277602963391125,0.2233760348566065,0.22352063521825452,0.011499162347123589,registered
73,1787909396.5718105,1787909396.571267,58.36159841518952,418.3615984151895,-63.41859832574478,418.3922635534552,418.49929718313274,-0.1376987679431778,-0.1793499483378298,0.10291291808800265,0.005353283377924178,registered
74,1787909396.6008291,1787909396.6001925,57.214536515047314,417.2145365150473,-64.565660225887,417.4615748519125,417.6315759475299,-0.4170394324825253,-0.4644814193015563,0.1878351338450039,0.010119859857996178,registered
75,1787909396.6298976,1787909396.628536,56.762489100712344,416.76248910071234,-65.017707640222,416.6626931955726,416.78132028117057,-0.01883118045826393,-0.09613923432425509,0.1435685716192772,0.0078587786226561,registered
76,1787909396.6580513,1787909396.6573665,56.00687040110654,416.00687040110654,-65.77332633982782,415.854980819407,415.91645275651297,0.09041764459357182,-0.002321849277251431,0.17368455277992395,0.00974096642260776,registered
77,1787909396.6862214,1787909396.6854644,54.78786199953851,414.7878619995385,-66.99233474139584,414.962647733538,415.07356381264384,-0.2857018131053337,-0.32049981421310747,0.14741081026998987,0.008459161727492186,registered
78,1787909396.714787,1787909396.7141666,54.049643856209116,414.0496438562091,-67.73055288472521,414.166225358507,414.21254414885965,-0.16290029265053363,-0.21415576622661092,0.10869457433423968,0.006229730409531008,registered
79,1787909396.7436187,1787909396.7429214,53.68506491018189,413.6850649101819,-68.09513183075244,413.4011989151925,413.34995101036884,0.3351138998130381,0.2820152007643486,0.1660723282790694,0.009463201023083725,registered
80,1787909396.7720377,1787909396.7713985,52.581861978352606,412.5818619783526,-69.19833476258172,412.5308185210681,412.49568298350766,0.08617899484491431,0.04394382898364313,0.10357356338331128,0.005668668053789233,registered
81,1787909396.800447,1787909396.7998257,51.372313493936076,411.3723134939361,-70.40788324699824,411.6704451782582,411.6429169097756,-0.27060341583948855,-0.31195306704422876,0.19777770648625845,0.010016678259735635,registered
82,1787909396.8314595,1787909396.8287566,50.9861046303256,410.9861046303256,-70.79409211060872,410.8875104500253,410.7750383267021,0.2110663036235536,0.1713250140782634,0.12878330175843383,0.006346861893931402,registered
83,1787909396.8576925,1787909396.8570786,50.2270989035805,410.2270989035805,-71.55309783735382,410.0579325817209,409.92542635454095,0.30167254903955154,0.27269644751763167,0.18633768362077718,0.0087827421826751,registered
84,1787909396.8864467,1787909396.8856404,48.93969223394549,408.9396922339455,-72.84050450698886,409.1542037408824,409.0686193116759,-0.1289270777304523,-0.18195294132621598,0.17428976565756368,0.008191631702768879,registered
85,1787909396.9149363,1787909396.914294,48.27996494109868,408.2799649410987,-73.50023179983567,408.30759933242064,408.20905868807426,0.0709062530243898,0.03153313730952334,0.1605511086259729,0.007870768557376884,registered
86,1787909396.9443634,1787909396.9436882,47.72381427109349,407.7238142710935,-74.05638246984084,407.46176340116455,407.3272834624781,0.39653080861540957,0.38281100948881885,0.21218660603047793,0.010934763534583903,registered
87,1787909396.972033,1787909396.9714868,46.567183769369365,406.56718376936936,-75.21301297156495,406.53966679481437,406.4933704765945,0.07381329277487225,0.037245834135987366,0.15392044460647342,0.008842919838525136,registered
88,1787909397.0004456,1787909396.9997792,45.418491326254525,405.4184913262545,-76.36170541467983,405.6651333834503,405.64464537199535,-0.22615404574084153,-0.2777103879445235,0.18332125140501113,0.011359846540259325,registered
89,1787909397.031536,1787909397.0288107,44.798213713735095,404.7982137137351,-76.98198302719922,404.83887055611615,404.7737485783482,0.024465135386932957,-0.009555606897421853,0.1687225833222715,0.010682939634289805,registered
90,1787909397.0576613,1787909397.0570805,44.052409798459564,404.05240979845956,-77.72778694247476,403.96055435642904,403.925702928736,0.12670686972359135,0.09118714288263163,0.16147920806668511,0.010320540221104945,registered
91,1787909397.08614,1787909397.085584,43.090422988906596,403.0904229889066,-78.68977375202775,403.0783049747962,403.07064816452146,0.019774824385095258,-0.033247608871718626,0.1835734800367035,0.011641039597822353,registered
92,1787909397.1149397,1787909397.1142783,42.25890882295187,402.25890882295187,-79.52128791798245,402.25104901407235,402.2098645219433,0.04904430100856416,0.0004635490623883243,0.17745152059810426,0.011066356496162036,registered
93,1787909397.143395,1787909397.1427824,41.44625760612104,401.44625760612104,-80.3339391348133,401.40804425868805,401.35478830125555,0.09146930486546978,0.051078372669792316,0.23736878350174623,0.014528636732807533,registered
94,1787909397.1720223,1787909397.1714764,40.501194760752185,400.5011947607522,-81.27900198018214,400.48983377247987,400.49401896299287,0.007175797759288116,-0.058209827470562914,0.18381878554390577,0.011026465188088886,registered
95,1787909397.2008727,1787909397.2002137,39.514180844476414,399.5141808444764,-82.2660158964579,399.55319405135435,399.6319479320184,-0.11776708754196363,-0.209755345623293,0.20518706116399713,0.012096582629099363,registered
96,1787909397.230565,1787909397.2289157,38.68375701910617,398.68375701910617,-83.09643972182815,398.65821685531466,398.770935420392,-0.08717840128579724,-0.17396419461385904,0.17972370008629654,0.010483871394370192,registered
97,1787909397.257761,1787909397.2570045,37.80193674295475,397.80193674295475,-83.97825999797958,397.7667842101563,397.92831825851766,-0.12638151556289756,-0.20190886198189162,0.1849551569023325,0.010733038846481401,registered
98,1787909397.286472,1787909397.2857225,36.80442532890606,396.80442532890606,-84.9757714120283,396.87975434292446,397.06682655232146,-0.262401223415452,-0.32852236757959474,0.16151004879904873,0.009402516183639246,registered
99,1787909397.3148587,1787909397.3141608,35.956335247763946,395.95633524776395,-85.82386149317037,396.04365170052904,396.21372432717476,-0.257389079410828,-0.31077299488293875,0.15960470238124475,0.009368129600966304,registered
100,1787909397.3436716,1787909397.3430684,35.345110577484775,395.3451105774848,-86.43508616344953,395.2894685234735,395.3465466555615,-0.0014360780766793368,-0.05158134583055585,0.2017171433239795,0.011915860019360472,registered
101,1787909397.3719115,1787909397.3713434,34.444889996551126,394.4448899965511,-87.3353067443832,394.49431959543494,394.4983436584786,-0.05345366192747747,-0.09523217855968369,0.1713341466144547,0.010187634311274901,registered
102,1787909397.400732,1787909397.3999887,33.60644214567401,393.606442145674,-88.17375459526029,393.6526020868241,393.63903336039846,-0.032591214724419615,-0.05430305771506028,0.17138138039727713,0.010218238035221447,registered
103,1787909397.4311817,1787909397.4292312,32.9713479968442,392.9713479968442,-88.80884874409014,392.79495685895165,392.761806907136,0.20954108970819618,0.15508412267332972,0.21535237027629445,0.012874410420125791,registered
104,1787909397.4578362,1787909397.4572103,32.168745281177564,392.16874528117756,-89.61145145975676,391.8878271873308,391.92247973783003,0.24626554334750494,0.16716263043879565,0.21595556544991515,0.013042902787444308,registered
105,1787909397.4863899,1787909397.4856422,30.771448887433564,390.77144888743356,-91.00874785350078,390.9620502712945,391.0695706209428,-0.2981217335092481,-0.34884530583394735,0.15948672888633553,0.010135653170933462,registered
106,1787909397.5148041,1787909397.5142782,29.856594464017007,389.856594464017,-91.92360227691734,390.0721211774819,390.21053925701517,-0.353944792998206,-0.40438750909306975,0.12746117536925047,0.008542487097481568,registered
107,1787909397.544135,1787909397.5434906,29.181362743040438,389.18136274304044,-92.59883399789389,389.2108328233619,389.3342139756302,-0.15285123258972533,-0.1959207208877558,0.1770611344347327,0.012377400237783174,registered
108,1787909397.572327,1787909397.5715578,28.350322166181627,388.3503221661816,-93.42987457475272,388.34770435082515,388.49224766011173,-0.1419254939301311,-0.18534810104219446,0.13197372346118533,0.009688586170797263,registered
109,1787909397.6004913,1787909397.6000042,27.635302147887046,387.63530214788705,-94.14489459304731,387.5526197853344,387.6389022616013,-0.003600113714270492,-0.05274602633086545,0.16187895836734678,0.012338495057480182,registered
110,1787909397.63175,1787909397.628862,26.86112062436814,386.86112062436814,-94.91907611656616,386.8175670897092,386.7732193909593,0.08790123340888556,0.041906339255120884,0.1527353711691724,0.012077024182471318,registered
111,1787909397.658248,1787909397.657562,26.08426067801679,386.0842606780168,-95.69593606291757,386.0328873799983,385.9122640965949,0.17199658142182273,0.12448337894984718,0.14065949734605115,0.011521157054104983,registered
112,1787909397.6874857,1787909397.6867385,25.11454116544911,385.1145411654491,-96.66565557548522,385.214609047428,385.0370187910313,0.07752237441783905,0.02689979735112047,0.13227092682881691,0.011323232215126771,registered
113,1787909397.715426,1787909397.7146795,24.39911025656164,384.39911025656164,-97.3810864843727,384.3843142539997,384.1988359669665,0.20027428959510019,0.14940991039739515,0.12248582564411656,0.010821521380547573,registered
114,1787909397.7446713,1787909397.7435405,23.54853843286645,383.54853843286645,-98.23165830806789,383.5270416989781,383.33305296611593,0.21548546675050773,0.16859594204733241,0.15157945135324966,0.013827151699035306,registered
115,1787909397.7720053,1787909397.7714267,22.71769859581417,382.71769859581417,-99.06249814512016,382.67203134398835,382.4965151383354,0.221183457478773,0.1663361179016789,0.12337897950334441,0.01148729118331911,registered
116,1787909397.8004932,1787909397.7998447,21.820127174431036,381.82012717443104,-99.96006956650331,381.8321483761189,381.6440208465981,0.17610632783295443,0.12364694455992264,0.1346775851330152,0.012622206509032188,registered
117,1787909397.8325915,1787909397.8288374,20.931487051987574,380.9314870519876,-100.84870968894674,381.0039362517482,380.77428985466537,0.15719719732221904,0.13024795116743348,0.1250130877815281,0.01162255489242568,registered
118,1787909397.8578258,1787909397.8571858,20.11523005513743,380.11523005513743,-101.66496668579687,380.15239802606567,379.9238839929932,0.19134606214426242,0.17641766379892942,0.17787502033222796,0.016303376887111875,registered
119,1787909397.8879054,1787909397.887103,19.323118600752764,379.32311860075276,-102.45707814018155,379.3055170165853,379.02641693327723,0.2967016674755314,0.28148784896325196,0.23164557146865217,0.020975795755039113,registered
120,1787909397.915071,1787909397.9145176,18.503579402703338,378.50357940270334,-103.27661733823098,378.4361174157619,378.2040260735409,0.2995533291624781,0.29881527813778064,0.20568512455723337,0.018554138424411216,registered
121,1787909397.943953,1787909397.9431322,17.573307102335036,377.57330710233504,-104.20688963859928,377.54524877246183,377.34563840381145,0.22766869852361538,0.23183882954799628,0.19555838022954897,0.017787434485947627,registered
122,1787909397.972234,1787909397.9715211,16.65337634759061,376.6533763475906,-105.12682039334372,376.6308649141823,376.4940166753205,0.15935967227008518,0.17418667717497271,0.182974501231742,0.01687330466641134,registered
123,1787909398.0007484,1787909398.000119,15.690357357902144,375.69035735790214,-106.08983938303216,375.7014909151985,375.6361296566341,0.054227701268075634,0.06433635391955761,0.19918523417137227,0.01848979300226319,registered
124,1787909398.030371,1787909398.0289433,14.701689484124529,374.70168948412453,-107.07850725680981,374.7577386600679,374.77144808807816,-0.06975860395361622,-0.05652701877677657,0.2083826158878509,0.01909156993016289,registered
125,1787909398.057823,1787909398.057228,13.785504189991286,373.7855041899913,-107.99469255094304,373.8219818517671,373.9229518525272,-0.13744766253591933,-0.12858085250915963,0.1780703856677773,0.01578381712430662,registered
126,1787909398.0867016,1787909398.0860507,12.919431542218945,372.91943154221894,-108.86076519871536,372.8961043416499,373.05832034907553,-0.13888880685657057,-0.13105692552767323,0.1826439099737114,0.015479379328316344,registered
127,1787909398.1151152,1787909398.1143925,12.038295497229285,372.0382954972293,-109.74190124370503,371.97807954357995,372.20811474782056,-0.16981925059128855,-0.16948649197020416,0.1630139050512836,0.013164609293483266,registered
128,1787909398.143363,1787909398.1427913,11.077851048379387,371.0778510483794,-110.70234569255494,371.09324309059474,371.35619978086163,-0.2783487324822147,-0.2895359307774612,0.19615835529387865,0.01520927374812811,registered
129,1787909398.1721497,1787909398.1714618,10.20521422643958,370.2052142264396,-111.57498251449478,370.2219283231045,370.4961313540592,-0.29091712761962185,-0.3001834053579415,0.14615185701196942,0.011120883121788506,registered
130,1787909398.2007394,1787909398.200046,9.299519738968797,369.2995197389688,-112.48067700196556,369.33563184763943,369.63865200836494,-0.3391322693961598,-0.35047239115648665,0.14220338423085438,0.010759820802462332,registered
131,1787909398.2314105,1787909398.2290263,8.492507610151279,368.4925076101513,-113.28768913078305,368.4969481954205,368.76929292863565,-0.2767853184843432,-0.3072169658905466,0.13126481170775953,0.00990100075343727,registered
132,1787909398.257844,1787909398.2572536,7.725581261594016,367.725581261594,-114.05461547934034,367.70724802767813,367.92252036310424,-0.19693910151023886,-0.24553293001032728,0.13842839959508538,0.010345110897307436,registered
133,1787909398.2864332,1787909398.2858722,6.825416768458581,366.8254167684586,-114.95477997247575,366.88476006887726,367.0640111066929,-0.2385943382343214,-0.28105950807407964,0.14330361836053912,0.010471979706680864,registered
134,1787909398.3151917,1787909398.3145535,5.999983518155773,365.9999835181558,-115.78021322277854,366.0440328862627,366.2036208327914,-0.20363731463559986,-0.2561857806775265,0.14783446124788566,0.01051276999106066,registered
135,1787909398.343493,1787909398.3428757,5.4087939496424156,365.4087939496424,-116.37140279129191,365.202048095045,365.35400170847254,0.05479224116986359,-0.03975012680913892,0.17085677237683694,0.011943244431172065,registered
136,1787909398.3723197,1787909398.3716178,4.422594849813777,364.4225948498138,-117.35760189112054,364.33041812967076,364.49178763434287,-0.06919278452909339,-0.1244816652447156,0.12674911465810568,0.008783166820724601,registered
137,1787909398.400775,1787909398.4001722,3.2411232190099213,363.2411232190099,-118.53907352192442,363.43627863093656,363.6352023083683,-0.3940790893584136,-0.4217809503172987,0.1380032422957802,0.009921720867265992,registered
138,1787909398.4316828,1787909398.4289331,2.556242031764043,362.55624203176404,-119.22395470917029,362.5727369950031,362.7724232137758,-0.2161811820117947,-0.2907346443033987,0.11785115254845574,0.00880650220459947,registered
139,1787909398.4579527,1787909398.4573548,1.7388938106978458,361.73889381069785,-120.04130293023647,361.7123857571456,361.91982163967214,-0.1809278289742764,-0.2520230070271623,0.13308924693876262,0.010445349834732985,registered
140,1787909398.4864995,1787909398.4858446,0.8192221633792087,360.8192221633792,-120.9609745775551,360.850699383294,361.0651745484498,-0.24595238507060913,-0.2789316582522332,0.13574448261121785,0.011156460786712808,registered
141,1787909398.5149791,1787909398.5144088,0.023244207183381604,360.0232442071834,-121.75695253375093,360.0537182226036,360.20829598400724,-0.18505177682381202,-0.22222936633632173,0.1103176216374314,0.009318808908253545,registered
142,1787909398.5435486,1787909398.542961,359.36864613020896,359.36864613020896,-122.41155061072537,359.2833271184614,359.3517821796102,0.016863950598747124,0.005114314274436538,0.14575186191194187,0.012500353648246365,registered
143,1787909398.572314,1787909398.5716913,358.4839032346669,358.4839032346669,-123.2962935062674,358.47681345448507,358.4899185612107,-0.006015326543746369,-0.02594977829018319,0.09929051335309716,0.008653794711873724,registered
144,1787909398.600842,1787909398.6001277,357.63271875729544,357.63271875729544,-124.14747798363888,357.6940199680279,357.63687355332604,-0.004154796030576335,-0.06558076264788326,0.15366794721494337,0.013644179899656543,registered
145,1787909398.6317825,1787909398.629025,356.90222272291305,356.90222272291305,-124.87797401802125,356.9155952452336,356.7700034244963,0.1322192984167856,0.10911048736765849,0.10471490968706033,0.009506940854289145,registered
146,1787909398.6578507,1787909398.657217,356.1269034260289,356.1269034260289,-125.65329331490545,356.10376165782645,355.924289378313,0.20261404771588332,0.188022080802142,0.11303841570503695,0.010568561691881645,registered
147,1787909398.6865587,1787909398.6858675,355.29787447571516,355.29787447571516,-126.48232226521917,355.2752543638157,355.0648217327622,0.23305274295297806,0.1594836329851148,0.12040964120511875,0.01163894930765809,registered
148,1787909398.7151537,1787909398.7144573,354.4839447779703,354.4839447779703,-127.29625196296405,354.44247077258854,354.2071778874395,0.27676689053076586,0.24177852800794142,0.10786289077556316,0.01073271825519079,registered
149,1787909398.7437704,1787909398.7432125,353.59617917409673,353.59617917409673,-128.18401756683758,353.5901304554434,353.3445704446332,0.2516087294635412,0.2786011500051728,0.14463352383637126,0.014731658163465307,registered
150,1787909398.7724268,1787909398.7717288,352.69042222388543,352.69042222388543,-129.0897745170489,352.729144852148,352.48912946389987,0.20129275998556295,0.22999422737873942,0.1269712626583203,0.01312778140278951,registered
151,1787909398.8010302,1787909398.8003469,351.8571403344848,351.8571403344848,-129.92305640644946,351.88171754931415,351.63063451180403,0.22650582268082076,0.25098687756752724,0.1509862702406342,0.015752173875041905,registered
152,1787909398.8298714,1787909398.8288589,350.9484450249609,350.9484450249609,-130.8317517159734,351.01692229525787,350.77532226991025,0.17312275505062757,0.18822162977770063,0.1337026625175643,0.014075502517921694,registered
153,1787909398.8578985,1787909398.8573556,350.16580645403945,350.16580645403945,-131.61439028689486,350.1306532579216,349.920467766113,0.24533868792644853,0.24134045231289747,0.1552080844472122,0.01649064501610607,registered
154,1787909398.8864706,1787909398.8857713,349.34407084286147,349.34407084286147,-132.43612589807282,349.2442236659633,349.06804499595324,0.2760258469082544,0.29785658134451864,0.17294407948658658,0.018577834681570198,registered
155,1787909398.9152346,1787909398.9145904,348.4088578550619,348.4088578550619,-133.37133888587238,348.3490754307869,348.20352077486797,0.20533708019397068,0.24919768720312163,0.16093606220204218,0.017497784932502133,registered
156,1787909398.9438617,1787909398.9433272,347.3470909254133,347.3470909254133,-134.43310581552103,347.44164294378027,347.341464048209,0.00562687720432109,0.041557347185346316,0.15324792322164596,0.016834754668206352,registered
157,1787909398.972302,1787909398.9716141,346.4565823301556,346.4565823301556,-135.32361441077873,346.5315074249345,346.4929034432382,-0.03632111308263575,0.019582256995931857,0.1451942653570415,0.016028826642446484,registered
158,1787909399.012837,1787909399.0114424,345.62042096771887,345.62042096771887,-136.15977577321544,345.59647289789416,345.2981211855465,0.3222997821723652,0.3802570274746131,0.1567370207653171,0.01732688188763285,registered
159,1787909399.0304153,1787909399.0291655,344.7125852932867,344.7125852932867,-137.0676114476476,344.66737909184474,344.7664583864913,-0.053873093204600764,-0.008767306992183421,0.15374462637500988,0.0169460000999661,registered
160,1787909399.0582347,1787909399.0573804,343.80388439460785,343.80388439460785,-137.97631234632644,343.75512903887363,343.9200577331633,-0.11617333855542711,-0.08011848388576936,0.14421981900058345,0.015741266309030385,registered
161,1787909399.0864484,1787909399.0858176,342.8676758218279,342.8676758218279,-138.91252091910638,342.86412938113716,343.0669912688054,-0.19931544697746517,-0.18048193226726994,0.1441961639443111,0.015426727879189901,registered
162,1787909399.11528,1787909399.1146543,341.914918566095,341.914918566095,-139.8652781748393,341.97002781850085,342.20193778804605,-0.2870192219509988,-0.27081957504020693,0.11856833393056973,0.01228588385184714,registered
163,1787909399.143513,1787909399.1429207,341.0690923472166,341.0690923472166,-140.71110439371768,341.12244516881094,341.3539922686424,-0.2848999214257901,-0.2645394437273012,0.13529793102897386,0.01351476841345414,registered
164,1787909399.1724453,1787909399.171737,340.23814840910404,340.23814840910404,-141.5420483318303,340.2757597853615,340.4895538734502,-0.2514054643461918,-0.23427928072439386,0.10837100718314462,0.010395177459288137,registered
165,1787909399.2008188,1787909399.2001219,339.4709353327599,339.4709353327599,-142.30926140817442,339.43246572682256,339.63805373164115,-0.16711839888125724,-0.15753039254218493,0.12240637566091832,0.011291044485799854,registered
166,1787909399.2301316,1787909399.229259,338.6793413266844,338.6793413266844,-143.1008554142499,338.6255340481215,338.7639885321075,-0.08464720542306736,-0.06403761994053525,0.11224443737859811,0.009929223612547484,registered
167,1787909399.2582707,1787909399.2574513,337.9225114503322,337.9225114503322,-143.8576852906021,337.8469858472946,337.9182673337664,0.004244116565814693,0.03839864870974452,0.11953224714571385,0.010124107415427451,registered
168,1787909399.2867675,1787909399.2860212,336.84679679604574,336.84679679604574,-144.9333999448886,336.99116649729456,337.0612171175376,-0.21442032149190027,-0.22783234402058383,0.15358773930118616,0.012101334250726762,registered
169,1787909399.3149066,1787909399.3143373,336.11755050952866,336.11755050952866,-145.6626462314057,336.132587618465,336.2117839493204,-0.09423343979182164,-0.10097113468353314,0.14803067360872788,0.011040272510249534,registered
170,1787909399.3440456,1787909399.3434145,335.4254978432451,335.4254978432451,-146.35469889768922,335.2913293750373,335.33951394138387,0.08598390186122629,0.07176609199373729,0.16797508113058768,0.01192636988234748,registered
171,1787909399.3724635,1787909399.3717434,334.47382567114784,334.47382567114784,-147.30637106978648,334.4076271708949,334.4896945566478,-0.015868885499997987,-0.013453403691300991,0.11316675260562903,0.00771464714586457,registered
172,1787909399.4009311,1787909399.4003425,333.29714846964066,333.29714846964066,-148.48304827129365,333.49869267852705,333.6317717771726,-0.334623307531956,-0.3206907645888748,0.16253973425273893,0.011376392474485983,registered
173,1787909399.4300368,1787909399.4294329,332.76815073453974,332.76815073453974,-149.0120460063946,332.6535922740686,332.7591084005594,0.009042333980346484,-0.00798595918161027,0.12325280706858822,0.008941479004551736,registered
174,1787909399.457932,1787909399.4573925,331.89849725071645,331.89849725071645,-149.88169949021784,331.8096955542509,331.9203677081896,-0.021870457473085025,-0.05239802818815065,0.1443934213558487,0.011222429058094268,registered
175,1787909399.4865835,1787909399.4859517,330.7536900005291,330.7536900005291,-151.0265067404052,330.9724850729251,331.0636393390598,-0.3099493385307426,-0.3033796325191531,0.13992347247237,0.011685775621015882,registered
176,1787909399.5153618,1787909399.5146575,330.09823799712365,330.09823799712365,-151.6819587438107,330.1895893199526,330.2025123929093,-0.1042743957856942,-0.098493325018012,0.12022389835263704,0.010255896148530516,registered
177,1787909399.5441551,1787909399.543552,329.6060616011261,329.6060616011261,-152.17413513980821,329.4446075815681,329.3357280899727,0.2703335111534386,0.2510892693075846,0.14588001800475214,0.012518183051517001,registered
178,1787909399.5723372,1787909399.5716882,328.6994264713669,328.6994264713669,-153.0807702695674,328.62432228338065,328.4916876487046,0.20773882266229293,0.19427444873110744,0.09468075303776494,0.008069218799263094,registered
179,1787909399.6008885,1787909399.600286,327.7536303044892,327.7536303044892,-154.0265664364451,327.82796708258275,327.6338006300182,0.11982967447102055,0.0666627911406863,0.16440661546225924,0.013756673252397067,registered
180,1787909399.6318996,1787909399.6290746,327.0557556825106,327.0557556825106,-154.7244410584237,327.0281002731639,326.7701918851258,0.285563797384782,0.28338175221620077,0.1188823612788997,0.009845921955602395,registered
181,1787909399.6580207,1787909399.657411,326.22116704924747,326.22116704924747,-155.55902969168687,326.1538404801954,325.92014363134155,0.3010234179058955,0.3096861501803687,0.1489652193815494,0.012326211871782846,registered
182,1787909399.6866088,1787909399.6859767,325.15014973934416,325.15014973934416,-156.63004700159016,325.21885511317475,325.0632221539524,0.08692758539177703,0.006829529317684546,0.15563242265915422,0.01308585059345152,registered
183,1787909399.7162209,1787909399.715521,324.359235750153,324.359235750153,-157.4209609907813,324.3273618058511,324.17694106896903,0.18229468118397563,0.12732267726124746,0.13040672025440214,0.011145828325849002,registered
184,1787909399.7437034,1787909399.7430067,323.4996885446774,323.4996885446774,-158.28050819625696,323.4860055665189,323.35241886622094,0.1472696784564107,0.17896607702240885,0.1705793479126879,0.014788591131583073,registered
185,1787909399.7723222,1787909399.7716825,322.55923769786,322.55923769786,-159.2209590430743,322.6259930725305,322.49219309194785,0.06704460591217298,0.0449311776640684,0.11364680453059138,0.009926402517666648,registered
186,1787909399.8011003,1787909399.8002799,321.5967305857249,321.5967305857249,-160.18346615520937,321.766842768434,321.63432037757696,-0.03758979185201383,-0.047642860117321106,0.19312928793017795,0.016866342733483888,registered
187,1787909399.8317661,1787909399.8291764,321.0324266125647,321.0324266125647,-160.74777012836967,320.94189677889347,320.7674717052205,0.26495490734416194,0.2567182400010779,0.16383281221128917,0.01427428974374725,registered
188,1787909399.8580408,1787909399.8574743,320.2936851541328,320.2936851541328,-161.48651158680153,320.0783181560237,319.9185821009929,0.37510305313989534,0.3406672070941852,0.1934874985367319,0.01678184004068472,registered
189,1787909399.887049,1787909399.8862193,319.1343000608571,319.1343000608571,-162.64589668007721,319.19108926064496,319.05628220097014,0.07801785988695542,0.12470433731283492,0.1930003789570272,0.016567515929418845,registered
190,1787909399.915557,1787909399.914762,318.19627143636797,318.19627143636797,-163.58392530456638,318.2780727968549,318.2000473307257,-0.0037758943577443915,0.017553443612115416,0.16477793669707916,0.013967446669426446,registered
191,1787909399.9439516,1787909399.9432838,317.42909484050745,317.42909484050745,-164.35110190042684,317.3530754633668,317.34444185036386,0.08465299014358152,0.014871943694458878,0.22391920677569216,0.01872414234954687,registered
192,1787909399.9722726,1787909399.9716575,316.3548083816232,316.3548083816232,-165.42538835931114,316.36965188420373,316.49327785996945,-0.13846947834628054,-0.14057062295896117,0.18895512218410712,0.015449041984817023,registered
193,1787909400.0011592,1787909400.000394,315.3751746359792,315.3751746359792,-166.40502210495512,315.40362745359965,315.6312282854682,-0.25605364948901865,-0.23947156733112251,0.222999286140799,0.017841774812265523,registered
194,1787909400.0313275,1787909400.0290513,314.5073717895423,314.5073717895423,-167.27282495139207,314.530697495304,314.7715603795002,-0.26418858995793926,-0.25781528415012644,0.17871086346135007,0.014019577912165288,registered
195,1787909400.0584621,1787909400.0579212,313.6940270238494,313.6940270238494,-168.0861697170849,313.6660523588857,313.90551274881255,-0.2114857249631541,-0.19756172501004698,0.16945011472323707,0.013023332531497836,registered
196,1787909400.0865405,1787909400.0860314,312.6796336938196,312.6796336938196,-169.1005630471147,312.78174128992805,313.06225189274005,-0.3826181989204258,-0.4151336536974384,0.15534391168624467,0.011566115489320312,registered
197,1787909400.115187,1787909400.11457,311.92072804334657,311.92072804334657,-169.85946869758774,311.9387264012365,312.2061457613352,-0.28541771798865057,-0.30939462660364825,0.14345549425876805,0.010369284782654692,registered
198,1787909400.1437318,1787909400.1431117,311.32264780955904,311.32264780955904,-170.45754893137524,311.1611777671095,311.3499394997218,-0.027291690162741133,0.060244268707975834,0.19573327921368797,0.013777829162899288,registered
199,1787909400.1722214,1787909400.171575,310.30288845354096,310.30288845354096,-171.47730828739333,310.3193470181255,310.4960862980106,-0.1931978444695801,-0.17915915311567687,0.13924479458895114,0.009339090970634636,registered
200,1787909400.201066,1787909400.2004688,309.3191066385038,309.3191066385038,-172.46109010243052,309.4307754105745,309.6293234515472,-0.31021681304341087,-0.4064892226459733,0.16669358017385352,0.010697144979970076,registered
201,1787909400.2316594,1787909400.2292638,308.68010445042864,308.68010445042864,-173.10009229050567,308.61575656399486,308.76552159839537,-0.08541714796675137,-0.053402145266289835,0.15605490782024398,0.009775174164536507,registered
202,1787909400.2581348,1787909400.2575376,307.9805401340222,307.9805401340222,-173.79965660691212,307.7842650296402,307.91735436210126,0.06318577192089947,0.12394380629345392,0.19254243571692486,0.011815539407524419,registered
203,1787909400.286512,1787909400.2859433,306.60038796986464,306.60038796986464,-175.17980877106967,306.8884459407712,307.06523198256735,-0.4648440127027129,-0.5076063062158482,0.16540501567700733,0.009966046486562082,registered
204,1787909400.3150873,1787909400.3145018,305.96538934006696,305.96538934006696,-175.81480740086732,306.0508805325045,306.20852506991093,-0.24313572984391385,-0.2701209550531871,0.1282314855097081,0.007743228844639728,registered
205,1787909400.3437524,1787909400.3432274,305.55107085441716,305.55107085441716,-176.22912588651712,305.2596212757354,305.3468044946665,0.20426635975067597,0.19046709657675365,0.18384244517614623,0.011153823820282193,registered
206,1787909400.3724663,1787909400.3718617,304.36997622021727,304.36997622021727,-177.41022052071708,304.3888907771776,304.48782319584325,-0.11784697562598012,-0.12403105231203426,0.11007038716456154,0.00682833265801125,registered
207,1787909400.401462,1787909400.4005077,303.29643267489996,303.29643267489996,-178.48376406603438,303.48998375505016,303.62849144128984,-0.33205876638987775,-0.31444668893539074,0.17583706181075384,0.011102567042041798,registered
208,1787909400.4298925,1787909400.4291844,302.85551687169254,302.85551687169254,-178.9246798692418,302.72432156925817,302.7682370583857,0.08727981330684997,0.05198476333049484,0.14009322994448323,0.008864734245566679,registered
209,1787909400.458112,1787909400.457466,302.04542592452447,302.04542592452447,-179.73477081640982,301.90677196375003,301.9198409530434,0.1255849714811461,0.08323827821553209,0.1561877688739627,0.009799398026685875,registered
210,1787909400.4866288,1787909400.4859889,300.7374320262654,300.7374320262654,-181.0427647146689,301.0539011069877,301.0641997118928,-0.3267676856273454,-0.2885966917514793,0.15458010681531587,0.009196320396332613,registered
211,1787909400.5156302,1787909400.5149562,300.1200101623577,300.1200101623577,-181.66018657857663,300.2690968769135,300.19522684868235,-0.07521668632466572,-0.06184874932509388,0.1165513482355988,0.0066673285064885205,registered
212,1787909400.5436742,1787909400.5430727,299.8718736972551,299.8718736972551,-181.9083230436792,299.47458768987246,299.35178003650816,0.5200936607469657,0.48783936301185804,0.19676613836820478,0.011066045778360817,registered
213,1787909400.5727618,1787909400.5720365,298.6384251357528,298.6384251357528,-183.1417716051815,298.5725793898873,298.48291445566406,0.15551068008872448,0.11398597583618653,0.11458870868594956,0.005968562374339668,registered
214,1787909400.6010895,1787909400.6003752,297.532578946429,297.532578946429,-184.2476177945053,297.6743539892725,297.63280183246,-0.10022288603096285,-0.15550679898277053,0.19988681546319212,0.010160332638358978,registered
215,1787909400.6329803,1787909400.6290975,296.8336845945911,296.8336845945911,-184.94651214634322,296.82465894138306,296.77118138742424,0.06250320716688407,0.02557248064275086,0.1481844533028422,0.007636406656217771,registered
216,1787909400.6582355,1787909400.6575074,295.95927432455943,295.95927432455943,-185.82092241637488,295.9078281871982,295.91893026905063,0.04034405550879683,0.014813583635401528,0.15013099255582288,0.008033779837907876,registered
217,1787909400.6866434,1787909400.6859543,294.76889915469366,294.76889915469366,-187.01129758624066,294.9363179504245,295.06557056622466,-0.29667141153097987,-0.3352003242350179,0.15533000559059149,0.008790260966738137,registered
218,1787909400.7153354,1787909400.7146416,294.0596565802224,294.0596565802224,-187.72054016071195,294.0826937114072,294.2050014883792,-0.14534490815682943,-0.17726257688096325,0.10021551343448505,0.005805780817662446,registered
219,1787909400.743699,1787909400.743149,293.4655158281813,293.4655158281813,-188.314680912753,293.2936609193609,293.34982513748287,0.1156906906984716,0.09537032212702456,0.207301035798746,0.012142320846553905,registered
220,1787909400.7728467,1787909400.772078,292.4319390846613,292.4319390846613,-189.348257656273,292.4503446330216,292.4820037716714,-0.050064687010063835,-0.08358191548973082,0.08057811082329075,0.004717803559195154,registered
221,1787909400.80844,1787909400.807625,291.37182667951333,291.37182667951333,-190.40837006142098,291.56863954804453,291.41565281082956,-0.04382613131625135,-0.07639588647637652,0.22237487686688417,0.012726219012199308,registered
222,1787909400.8306231,1787909400.829173,290.89250710592137,290.89250710592137,-190.88768963501292,290.7899231103859,290.7692479448722,0.12325916104924772,0.09256178736626453,0.10691759460886105,0.006023822387606096,registered
223,1787909400.85832,1787909400.8576689,290.1778717469123,290.1778717469123,-191.60232499402204,289.9611099623319,289.9144220497059,0.2634496972063687,0.22462224049232304,0.1757922848957849,0.009648747196404758,registered
224,1787909400.8870535,1787909400.8863144,288.82955668490087,288.82955668490087,-192.95064005603345,289.02226987368084,289.055104599468,-0.2255479145671586,-0.2689351791003105,0.18859381912161413,0.009928242531863526,registered
225,1787909400.916337,1787909400.9154167,288.00070970304876,288.00070970304876,-193.7794870378856,288.139141252051,288.1820836149669,-0.18137391191817187,-0.2338979001731616,0.0970316842453699,0.005066868833820514,registered
226,1787909400.94382,1787909400.9432414,287.7030949654817,287.7030949654817,-194.07710177545266,287.31600562575386,287.3473910438878,0.35570392159385733,0.3161514197597626,0.23904219178568048,0.012503054896052272,registered
227,1787909400.9730024,1787909400.9721324,286.2908975474396,286.2908975474396,-195.48929919349467,286.39105669083943,286.4807068711598,-0.1898093237201124,-0.22769168158481534,0.07358675396001049,0.003992744126728037,registered
228,1787909401.0011194,1787909401.0003285,285.09651005999723,285.09651005999723,-196.6836866809371,285.4599887654833,285.6348712382946,-0.5383611782973503,-0.5806053098168036,0.1979154094683777,0.01126117855826858,registered
229,1787909401.0480154,1787909401.0441058,284.87587478734275,284.87587478734275,-196.90432195359156,284.6683949211215,284.3216277916668,0.5542469956759533,0.5454590265818808,0.14484376741206126,0.008308736315086381,registered
230,1787909401.058325,1787909401.0576708,284.1015457732936,284.1015457732936,-197.67865096764072,283.8701811788563,283.9146986239009,0.186847149392662,0.189203721391209,0.16297127561822014,0.009571769400840315,registered
231,1787909401.0867581,1787909401.0861413,282.67578377434745,282.67578377434745,-199.10441296658684,282.97292220579226,283.060630857457,-0.38484708310949145,-0.3963172047273815,0.14683433597787537,0.008762921108368356,registered
232,1787909401.1152506,1787909401.1146464,282.0638573713434,282.0638573713434,-199.71633936959094,282.20493451435607,282.20552602813814,-0.14166865679479201,-0.149743033024464,0.09698982035481278,0.00576041973427255,registered
233,1787909401.143908,1787909401.1432455,281.8107321852166,281.8107321852166,-199.9694645557177,281.4799765630553,281.34760324866295,0.4631289365536304,0.4825111302020275,0.20243901009506274,0.011977277810222514,registered
234,1787909401.1723917,1787909401.1716893,280.63149931307623,280.63149931307623,-201.14869742785805,280.5896157237217,280.49433652388785,0.13716278918840885,0.14071927121557337,0.08300849154082385,0.004773897731098143,registered
235,1787909401.201313,1787909401.200582,279.34977854090977,279.34977854090977,-202.43041820002455,279.6817943851667,279.6276022860555,-0.2778237451457244,-0.309306792181701,0.19528735304302303,0.01082932900520992,registered
236,1787909401.231252,1787909401.2296143,279.0977209261542,279.0977209261542,-202.68247581478013,278.8791422930164,278.7566840359351,0.341036890219101,0.35253837491049467,0.1085236192587692,0.005983450562517627,registered
237,1787909401.2585628,1787909401.2577116,278.28939901568674,278.28939901568674,-203.4907977252476,277.9829423187886,277.91380939638145,0.37558961930525925,0.3831039401040641,0.15568917205148683,0.008485720758694833,registered
238,1787909401.2875795,1787909401.286673,276.6166615839164,276.6166615839164,-205.16353515701786,276.9938236621962,277.045015337115,-0.42835375319853597,-0.4605431305965624,0.1579531721830857,0.008744352831247438,registered
239,1787909401.3156154,1787909401.3148296,275.95251426504274,275.95251426504274,-205.8276824758916,276.1254027429851,276.20036696243756,-0.2478526973948476,-0.28451408013410173,0.08431512389035307,0.004739367577644105,registered
240,1787909401.344239,1787909401.3434432,275.68738667805167,275.68738667805167,-206.09281006288262,275.32422386663745,275.3420079013391,0.34537877671255046,0.3180806610837692,0.2039986086829156,0.011535661490977301,registered
241,1787909401.3725114,1787909401.371919,274.37152665972485,274.37152665972485,-207.4086700812095,274.4464368092859,274.4877827874245,-0.11625612769969962,-0.15108409985094795,0.07052120742248592,0.004058584740647818,registered
242,1787909401.401304,1787909401.400567,273.2864733316268,273.2864733316268,-208.4937234093075,273.6029823550955,273.6283866634513,-0.341913331824486,-0.3823632501917871,0.1680691575716849,0.009564221500481904,registered
243,1787909401.4308016,1787909401.4293957,273.0232915033524,273.0232915033524,-208.75690523758192,272.86185881297564,272.7635763560557,0.25971514729670275,0.24265139709012828,0.1068816987067381,0.006041635566042622,registered
244,1787909401.4581056,1787909401.4575016,272.2957811368681,272.2957811368681,-209.48441560406627,272.0258164282486,271.9204442388228,0.3753368980452194,0.3738548564665791,0.14515143175020695,0.007999169174425133,registered
245,1787909401.4868557,1787909401.486136,271.0091387873508,271.0091387873508,-210.77105795358347,271.1125060142369,271.0614629399995,-0.052324152648651534,-0.1238654016736973,0.1740511871676754,0.009050649382268051,registered
246,1787909401.5157015,1787909401.514964,270.08321352679906,270.08321352679906,-211.69698321413526,270.2973924591978,270.1966669369194,-0.11345341012037125,-0.18817214804781202,0.10767573949258324,0.005398064818597125,registered
247,1787909401.5441713,1787909401.5434752,269.63925685678265,269.63925685678265,-212.14093988415166,269.44867429457975,269.3413833036567,0.2978735531259531,0.2920616546462895,0.20666216534605178,0.0102373223394609,registered
248,1787909401.5725293,1787909401.571914,268.54287045341187,268.54287045341187,-213.23732628752248,268.5015947151454,268.48826677419447,0.0546036792173652,0.008690922370988119,0.06523793523814292,0.003202419356372764,registered
249,1787909401.6011224,1787909401.600524,267.40939129114884,267.40939129114884,-214.37080544978548,267.6049827506509,267.63001499546243,-0.22062370431359568,-0.26816049305145384,0.2093645396116789,0.010466332328087562,registered
250,1787909401.6309922,1787909401.629779,266.8853646737224,266.8853646737224,-214.89483206721195,266.7779730206414,266.7524094778388,0.13295519588353955,0.12316334610440549,0.13173247062776225,0.006682333763115729,registered
251,1787909401.6592548,1787909401.6584964,265.982401610618,265.982401610618,-215.7977951303163,265.9099325434097,265.89093922811594,0.09146238250207261,0.0755885379985557,0.1812523366311548,0.00946204325099223,registered
252,1787909401.6873338,1787909401.6866164,264.90530087185095,264.90530087185095,-216.87489586908333,265.01341625333737,265.0473851335754,-0.14208426172439204,-0.15081514068114643,0.16990209385797717,0.009154414588338492,registered
253,1787909401.7155678,1787909401.7148721,264.15690831353515,264.15690831353515,-217.6232884273992,264.19905190097745,264.19976146127084,-0.04285314773571258,-0.0485980622748059,0.09656387096942033,0.005282719538608519,registered
254,1787909401.7441623,1787909401.743532,263.44737073151725,263.44737073151725,-218.3328260094171,263.3697389717745,263.3400148815675,0.10735584994972669,0.08359090375947176,0.19845889856911297,0.010930597781833962,registered
255,1787909401.7727945,1787909401.772128,262.5099717992286,262.5099717992286,-219.27022494170572,262.5084163726784,262.4821779279854,0.02779387124320465,0.026748247016740834,0.06767897882873634,0.0037131174413305,registered
256,1787909401.8014514,1787909401.8007526,261.65225677361536,261.65225677361536,-220.12793996731895,261.6777247476748,261.62348986763016,0.028766905985236235,0.039678861558201106,0.19375754700619974,0.01047622062517157,registered
257,1787909401.8320768,1787909401.8303003,260.87977376887295,260.87977376887295,-220.90042297206134,260.85415023072244,260.73710865243817,0.14266511643481294,0.10880701994665287,0.13310152394964878,0.007068977919176199,registered
258,1787909401.8585396,1787909401.8578515,259.969006868006,259.969006868006,-221.81118987292834,259.99764741752506,259.9106196063068,0.05838726169915276,0.017178525654060195,0.16786873760394405,0.008744798218475822,registered
259,1787909401.8868628,1787909401.886279,259.18262103653456,259.18262103653456,-222.59757570439973,259.13825739355934,259.0578392282592,0.12478180827540086,0.129137990253696,0.18503896664365915,0.009549892890058123,registered
260,1787909401.915825,1787909401.9150846,258.22939601372224,258.22939601372224,-223.55080072721208,258.27197614802634,258.19372268016605,0.035673333556189846,0.02586044156225853,0.0846477290857167,0.004372718261467063,registered
261,1787909401.9443755,1787909401.9436932,257.43224232161685,257.43224232161685,-224.34795441931746,257.3962149307721,257.33551381438053,0.09672850723629267,0.05249150628435473,0.20046372505386414,0.010447118973204106,registered
262,1787909401.972999,1787909401.9722111,256.56482580928446,256.56482580928446,-225.21537093164983,256.5291783242858,256.4800227685429,0.08480304074160472,0.09536322755164406,0.05604482894842026,0.0029590217023246265,registered
263,1787909402.0016916,1787909402.0009847,255.64568238923064,255.64568238923064,-226.13451435170367,255.69480775221615,255.61686460958924,0.02881777964140042,0.0812307893741604,0.18107500807382376,0.00968806804392926,registered
264,1787909402.0304909,1787909402.0294101,254.72174938147302,254.72174938147302,-227.0584473594613,254.82339552077175,254.76414860096142,-0.042399219488402196,-0.049233235038002476,0.13449080980753034,0.007276623959659444,registered
265,1787909402.0586236,1787909402.057842,254.00968322545,254.00968322545,-227.7705135154843,253.9519268695255,253.91123948407417,0.09844374137583145,0.08292039391233175,0.16103663432986495,0.00877925752821147,registered
266,1787909402.086973,1787909402.0862963,253.20216874747766,253.20216874747766,-228.57802799345666,253.10395683376873,253.05765806435772,0.14451068311993254,0.15994364159408292,0.1641904578144055,0.0090245458715603,registered
267,1787909402.1157796,1787909402.1150913,252.29880045208154,252.29880045208154,-229.48139628885278,252.26067203017612,252.1938562112059,0.10494424087562493,0.11357485349378749,0.0942290232387738,0.0052230784607874585,registered
268,1787909402.1442137,1787909402.1435688,251.23321614873612,251.23321614873612,-230.5469805921982,251.40452984351074,251.339581032187,-0.10636488345087969,-0.09146625269093533,0.18237143777087575,0.010184566252057206,registered
269,1787909402.1728215,1787909402.172023,250.52020518832543,250.52020518832543,-231.25999155260888,250.54632104505868,250.48599961247052,0.03420557585491224,0.039401531763530784,0.07807584978391391,0.00437211335056457,registered
270,1787909402.2018297,1787909402.2011786,249.82475656026995,249.82475656026995,-231.95544018066437,249.66451177160297,249.61138369678952,0.21337286348042994,0.17497430047427542,0.1430011522937095,0.008016092003423242,registered
271,1787909402.2324064,1787909402.2296696,248.76237106934352,248.76237106934352,-233.0178256715908,248.77714719395397,248.75670084477844,0.005670224565079707,0.008803859309097106,0.11562709096811392,0.006480404129326263,registered
272,1787909402.2586424,1787909402.2580345,247.86901623755875,247.86901623755875,-233.91118050337556,247.91123782834808,247.905801484221,-0.03678524666224803,-0.03809806953384509,0.14097454358604342,0.007895391758039142,registered
273,1787909402.2871315,1787909402.2863293,247.08083244251102,247.08083244251102,-234.6993642984233,247.06336755923226,247.05700485804425,0.023827584466772578,-0.05542846174682836,0.1594886337240255,0.00891871229590601,registered
274,1787909402.3158681,1787909402.315175,246.13835773850525,246.13835773850525,-235.64183900242907,246.16934368691275,246.19167959529014,-0.05332185678489054,-0.11245066072208942,0.08420610890963169,0.004683425402274759,registered
275,1787909402.3439336,1787909402.3433778,245.23717260458127,245.23717260458127,-236.54302413635304,245.2922259139208,245.34564370200775,-0.10847109742647376,-0.14686809906075382,0.1607025751214921,0.008831621836586536,registered
276,1787909402.3726754,1787909402.3719444,244.502731226399,244.502731226399,-237.27746551453532,244.44309703139686,244.48869361598756,0.014037610411435253,-0.03585226386368845,0.07577884555929912,0.00409837982938439,registered
277,1787909402.4014602,1787909402.4007666,243.6360203161715,243.6360203161715,-238.1441764247628,243.58524224991817,243.6240764168514,0.011943899320101536,-0.03817038150165786,0.16006808159428992,0.008439330501087248,registered
278,1787909402.4316914,1787909402.4297585,242.6671400767431,242.6671400767431,-239.11305666419122,242.7169424762402,242.75436688139197,-0.08722680464887844,-0.13497988974000918,0.15050698864081097,0.0076788863042851615,registered
279,1787909402.4584928,1787909402.4578586,241.86825833129507,241.86825833129507,-239.91193840963925,241.85574706867374,241.91141356810303,-0.04315523680796218,-0.08628314512458246,0.15803717474759796,0.007860051112207651,registered
280,1787909402.4874568,1787909402.4866872,240.96202956673326,240.96202956673326,-240.81816717420105,241.0020666098822,241.04660326070743,-0.08457369397416414,-0.11522120746377595,0.14079114887456778,0.006852940592960096,registered
281,1787909402.5157237,1787909402.5148973,240.14933486293577,240.14933486293577,-241.63086187799854,240.1144827141871,240.2003456505346,-0.05101078759881261,-0.08950139484096553,0.10095485879077493,0.004866653351405105,registered
282,1787909402.5440342,1787909402.543313,239.23013248865283,239.23013248865283,-242.5500642522815,239.232316841984,239.34792288037482,-0.11779039172199646,-0.1466083407850931,0.19692229514056936,0.009497915643955395,registered
283,1787909402.5732558,1787909402.5724003,238.37910606448608,238.37910606448608,-243.40109067644823,238.36014431657094,238.47535248181242,-0.09624641732634132,-0.1497117060537505,0.11872345564917153,0.005779636021358147,registered
284,1787909402.6154137,1787909402.6143107,237.55585803701834,237.55585803701834,-244.22433870391598,237.4753610550265,237.21811043042524,0.33774760659309777,0.28769074736794664,0.1567942427127781,0.0077397856841388835,registered
285,1787909402.6334682,1787909402.629718,236.5216205967383,236.5216205967383,-245.258576144196,236.62952453709855,236.7559165396678,-0.23429594292949218,-0.2926634381686313,0.15051812271787954,0.007572101922356434,registered
286,1787909402.6585975,1787909402.6579018,235.73666209577758,235.73666209577758,-246.04353464515674,235.7941642872603,235.910452819006,-0.17379072322842148,-0.2363542330160442,0.12248329160782302,0.0062319592305534344,registered
287,1787909402.6872833,1787909402.6862905,234.9675919401543,234.9675919401543,-246.81260480078,234.97777589214917,235.05883824267283,-0.0912463025185275,-0.14271309675066846,0.15695058478721235,0.008026164805638773,registered
288,1787909402.7156732,1787909402.714951,234.1612694898696,234.1612694898696,-247.61892725106472,234.15249413841363,234.19907020649623,-0.03780071662663431,-0.09649841420235816,0.11588878097076684,0.005900547801300839,registered
289,1787909402.7441335,1787909402.7434425,233.44190304099695,233.44190304099695,-248.33829369993737,233.34202951412334,233.34437305016962,0.09752999082732572,0.05981032995063629,0.16187211959004227,0.008121879591611857,registered
290,1787909402.7729213,1787909402.7721856,232.5211617766047,232.5211617766047,-249.2590349643296,232.52121606642743,232.48213036740893,0.03903140919578618,-0.009156710783400968,0.11072763777253426,0.005358189354303611,registered
291,1787909402.801796,1787909402.8011725,231.63755815852724,231.63755815852724,-250.14263858240707,231.66243959879301,231.61257102726242,0.024987131264822438,-0.03187141854775177,0.16917242338372948,0.0077558050885942935,registered
292,1787909402.8305175,1787909402.829404,230.744813593199,230.744813593199,-251.0353831477353,230.75632186298765,230.76566972289137,-0.020856129692361947,-0.08632581032546227,0.1767993919088035,0.00755448783013781,registered
293,1787909402.8589249,1787909402.858136,229.9217365670133,229.9217365670133,-251.858460173921,229.83915344367747,229.9037631915453,0.01797337546801714,-0.059439672243058794,0.2213313003057828,0.008826169753862238,registered
294,1787909402.8877735,1787909402.8869836,228.91229299275145,228.91229299275145,-252.86790374818287,228.95538938643136,229.0383807115291,-0.12608771877765435,-0.22361746101626068,0.19351317462462553,0.00724609064703146,registered
295,1787909402.9162767,1787909402.9154394,228.0602468817244,228.0602468817244,-253.71994985920992,228.08630995044572,228.1847563788661,-0.12450949714170179,-0.23148584489766222,0.17106627423059056,0.0063560918719844425,registered
296,1787909402.9444745,1787909402.9436996,227.08212820631852,227.08212820631852,-254.6980685346158,227.20283321266305,227.3369968155642,-0.2548686092456762,-0.3472123792564332,0.25080365029307305,0.00980370158995342,registered
297,1787909402.9728317,1787909402.972063,226.39353701733774,226.39353701733774,-255.38665972359658,226.3410944904855,226.4861403679533,-0.09260335061557612,-0.18019258772457647,0.19705471554822102,0.008174001873834446,registered
298,1787909403.0013893,1787909403.0006893,225.65670128506616,225.65670128506616,-256.1234954558682,225.50035166419582,225.62740224249376,0.029299042572404232,-0.053728864472219584,0.23076075294048215,0.01023598233213037,registered
299,1787909403.0334156,1787909403.0294664,224.58161303483348,224.58161303483348,-257.19858370610086,224.66807985297493,224.76413680117378,-0.18252376634029588,-0.2595962489072008,0.19558754328735448,0.00939508535863989,registered
300,1787909403.058482,1787909403.0577853,223.73604536668893,223.73604536668893,-258.0441513742454,223.8064849472405,223.9146178070635,-0.1785724403745803,-0.26102819284943735,0.2056544002589877,0.01025692873131994,registered
301,1787909403.0870156,1787909403.0863843,223.03320650650278,223.03320650650278,-258.74699023443156,222.96616890579458,223.05669502758832,-0.02348852108553956,-0.08347004444465256,0.2186126125337235,0.011052492634580599,registered
302,1787909403.1157331,1787909403.114917,222.1487043268259,222.1487043268259,-259.63149241410844,222.1146333697124,222.20076054796965,-0.05205622114374364,-0.10736040959619686,0.18388600685215706,0.009273438933358845,registered
303,1787909403.1445777,1787909403.143761,221.18445944157753,221.18445944157753,-260.5957372993568,221.25334172145688,221.33549250247756,-0.15103306090003343,-0.22041863449970833,0.2281705650656787,0.011264918024083357,registered
304,1787909403.1732135,1787909403.172436,220.36416015821277,220.36416015821277,-261.4160365827216,220.436470448132,220.47528818467777,-0.11112802646499631,-0.1278361873799554,0.2046835088639944,0.009831054859228573,registered
305,1787909403.2012599,1787909403.2006533,219.667315991478,219.667315991478,-262.11288074945634,219.57837337323883,219.6288160097722,0.03849998170579738,0.0584586553654276,0.22257981186312048,0.010410487261350476,registered
306,1787909403.2300756,1787909403.2294035,218.726551632692,218.726551632692,-263.05364510824234,218.65087560755398,218.7663587622788,-0.03980712958679078,-0.09583058055477522,0.1763088929760359,0.007969643363815738,registered
307,1787909403.2584074,1787909403.2577543,217.70805308698652,217.70805308698652,-264.0721436539478,217.73284227253464,217.91588137902903,-0.20782829204250675,-0.28710547752973525,0.16794078697172365,0.007434960191895004,registered
308,1787909403.2871346,1787909403.2863533,216.95749938073237,216.95749938073237,-264.82269736020197,216.84150426743344,217.05795859955384,-0.10045921882147013,-0.15985467618014582,0.19408788641793925,0.008656138453733482,registered
309,1787909403.3157427,1787909403.3151762,215.86181902784216,215.86181902784216,-265.9183777130922,215.9574249650919,216.1933199439444,-0.3315009161022431,-0.4104359444024226,0.15371463896148407,0.007248031275667503,registered
310,1787909403.3446004,1787909403.3437705,214.8528516880598,214.8528516880598,-266.92734505287456,215.06214419921523,215.33554020762438,-0.48268851956459,-0.532654589191111,0.17098319782711163,0.008780455050949676,registered
311,1787909403.372903,1787909403.3722355,214.2782720278271,214.2782720278271,-267.50192471310726,214.2451258538744,214.4816369408088,-0.20336491298172632,-0.256327695047446,0.12338040034732552,0.006676141547784809,registered
312,1787909403.4015095,1787909403.400929,213.58215944389895,213.58215944389895,-268.1980372970354,213.47525385964826,213.62088190686165,-0.03872246296270987,-0.09400568234241291,0.13513885255807717,0.007755157052028506,registered
313,1787909403.4315062,1787909403.4297183,212.70951139737878,212.70951139737878,-269.07068534355557,212.67717956690447,212.75725170549606,-0.0477403081172838,-0.072015095815118,0.10447352599264755,0.006366769733710291,registered
314,1787909403.4585538,1787909403.4579465,211.8043742869038,211.8043742869038,-269.97582245403055,211.8921862080156,211.91045053133365,-0.10607624442985752,-0.1151208619173758,0.12768638332668045,0.008136572741433553,registered
315,1787909403.4869509,1787909403.486396,211.23266225681306,211.23266225681306,-270.5475344841213,211.11516285802298,211.05701215477234,0.17565010204071996,0.19135229607775273,0.15730795156518063,0.010232195977123645,registered
316,1787909403.5158029,1787909403.5152433,210.3167492856336,210.3167492856336,-271.46344745530075,210.27847936838623,210.19164397907167,0.12510530656192032,0.1335164463770866,0.12836833232094974,0.008560449368906424,registered
317,1787909403.544348,1787909403.54367,209.2885052249598,209.2885052249598,-272.49169151597454,209.42743361209196,209.33889220965506,-0.05038698469525116,-0.05476593552793929,0.14584972271677835,0.009928327739569856,registered
318,1787909403.572884,1787909403.5722716,208.57514340566462,208.57514340566462,-273.2050533352697,208.60536585606013,208.48089075644452,0.09425264922009546,0.07618893454935005,0.11649313968621947,0.008003736634554712,registered
319,1787909403.6013935,1787909403.6007366,207.9381496541585,207.9381496541585,-273.84204708677584,207.79281866131475,207.62698748962896,0.3111621645295486,0.2768926099058149,0.13991658732037596,0.009640997026543354,registered
320,1787909403.63277,1787909403.629717,206.87516837632762,206.87516837632762,-274.9050283646067,206.9323945442316,206.7576212577419,0.11754711858571909,0.07501957562539019,0.15652469935463661,0.01068003963635255,registered
321,1787909403.6587937,1787909403.6580656,206.035640841334,206.035640841334,-275.74455589960036,206.10072574335788,205.90721539606972,0.1284254452642699,0.10182771175630023,0.161565912243458,0.01082101612754846,registered
322,1787909403.6874616,1787909403.6867163,205.37948501973784,205.37948501973784,-276.4007117211965,205.30532764150786,205.0477405983612,0.33174442137664073,0.3090561257662898,0.15370505452128502,0.010142565592651817,registered
323,1787909403.7158616,1787909403.7152145,204.49124442079125,204.49124442079125,-277.2889523201431,204.47469303772044,204.19284318161738,0.2984012391738702,0.30855136797913474,0.17313625135944763,0.011349034970766303,registered
324,1787909403.7446942,1787909403.743883,203.49334380511692,203.49334380511692,-278.2868529358174,203.61769931459332,203.33283912423474,0.16050468088218395,0.2021818069681558,0.17823923867164235,0.012002225097728707,registered
325,1787909403.7729852,1787909403.7723725,202.7995686104648,202.7995686104648,-278.98062813046954,202.79235367494903,202.47819918517018,0.32136942529461976,0.3429529720137907,0.13962965169751787,0.009774347932689189,registered
326,1787909403.8016346,1787909403.8009324,202.0939693036081,202.0939693036081,-279.68622743732624,201.93017496913734,201.62144935956718,0.47251994404092557,0.4694181316975232,0.16569552966513196,0.012149453589791397,registered
327,1787909403.8307443,1787909403.8297384,201.01582613934943,201.01582613934943,-280.7643706015849,201.02161914884235,200.75731850715857,0.25850763219085593,0.25192688675537056,0.15504578394979038,0.012082555890843517,registered
328,1787909403.8587785,1787909403.8581026,200.04297753292622,200.04297753292622,-281.7372192080081,200.1281822918995,199.90644060307443,0.13653692985178623,0.13259155174108628,0.16615237332388919,0.013318936711066738,registered
329,1787909403.8874283,1787909403.8864913,199.2712696781988,199.2712696781988,-282.50892706273555,199.2494231886302,199.05482602674124,0.21644365145755273,0.21265414472719613,0.1781351259291238,0.014316983935694607,registered
330,1787909403.9161162,1787909403.9151912,198.31690375017587,198.31690375017587,-283.4632929907585,198.33221407408777,198.19387788453463,0.12302586564123885,0.13638300312175033,0.16851223234924012,0.013374274527556615,registered
331,1787909403.9455712,1787909403.944551,197.34312740465526,197.34312740465526,-284.4370693362791,197.40712662795215,197.31313256965552,0.02999483499974076,0.03110908936139367,0.18651417879019996,0.0145858952785722,registered
332,1787909403.9735303,1787909403.972521,196.5840018301946,196.5840018301946,-285.19619491073973,196.52945258125743,196.4740771823444,0.10992464785022094,0.10201590585580789,0.18261059910705893,0.014231823969247027,registered
333,1787909404.0025527,1787909404.0018811,195.73863952293203,195.73863952293203,-286.0415572180023,195.6574787371773,195.59332471530752,0.14531480762451565,0.11777854751682071,0.16426423102229426,0.012874698257315348,registered
334,1787909404.0315285,1787909404.0303476,194.69590282939345,194.69590282939345,-287.0842939115409,194.74448334840497,194.73937853554543,-0.043475706151980376,-0.07176171842741041,0.18163247457123508,0.014365700845490968,registered
335,1787909404.0596306,1787909404.05884,193.77989987105548,193.77989987105548,-288.00029686987887,193.8520819827831,193.88465277058776,-0.10475289953228639,-0.11956508410469269,0.18664816347257485,0.014690719373260627,registered
336,1787909404.0874393,1787909404.086616,193.04250539883492,193.04250539883492,-288.7376913420994,192.98454167871824,193.0514192396912,-0.00891384085628033,0.03702993507801011,0.16186075896124044,0.012501668998128448,registered
337,1787909404.11573,1787909404.115174,192.14011519367278,192.14011519367278,-289.64008154726156,192.1117193945274,192.19472663135025,-0.054611437677465346,0.00025133542879984816,0.15935772643690932,0.011812431518991836,registered
338,1787909404.1550367,1787909404.154264,191.10140799832084,191.10140799832084,-290.6787887426135,191.21632785439004,191.02209460623328,0.07931339208755617,0.10859306950283099,0.1500872540524962,0.010475226852268735,registered
339,1787909404.172824,1787909404.1722035,190.4055576360078,190.4055576360078,-291.37463910492653,190.3661360090141,190.48393764793434,-0.07838001192652655,-0.04824341001682342,0.16502167825856687,0.011113067822484383,registered
340,1787909404.20173,1787909404.200957,189.61155409281855,189.61155409281855,-292.1686426481158,189.51275484766057,189.6213802702323,-0.009826177413742698,0.0005879131925325964,0.1881820071630596,0.012377114721033021,registered
341,1787909404.2311208,1787909404.2298772,188.59617790579915,188.59617790579915,-293.1840188351352,188.60407153601653,188.7538235342579,-0.15764562845873797,-0.15965480733615323,0.15773269159239592,0.010440799955435284,registered
342,1787909404.2585588,1787909404.2580137,187.58181446895065,187.58181446895065,-294.1983822719837,187.7012109154532,187.90977594083205,-0.3279614718813946,-0.31900611118715005,0.1678175213907801,0.011564026475518541,registered
343,1787909404.287557,1787909404.286921,186.99008722155185,186.99008722155185,-294.7901095193825,186.84343479406257,187.0426054213765,-0.05251819982464667,-0.05616593515458135,0.12551999834517075,0.008920234054525418,registered
344,1787909404.3155549,1787909404.3149452,185.97396603930662,185.97396603930662,-295.8062307016277,185.9594251548245,186.20192649425445,-0.22796045494783357,-0.23697568638044686,0.10040523693098895,0.007510198132897963,registered
345,1787909404.3441672,1787909404.343563,184.90403817287165,184.90403817287165,-296.8761585680627,185.08344135073474,185.34343869431638,-0.43940052144472475,-0.42877019823185947,0.1337491246976879,0.010382355218852267,registered
346,1787909404.372908,1787909404.3722453,184.26775673949902,184.26775673949902,-297.5124400014353,184.2804366149149,184.48301981178383,-0.215263072284813,-0.218943745098386,0.09563915923824859,0.007493906659753356,registered
347,1787909404.4015188,1787909404.4008708,183.62526989112246,183.62526989112246,-298.1549268498119,183.47985086829797,183.62430314279754,0.0009667483249131692,-0.009030096582023361,0.1281811069872865,0.01002793580181517,registered
348,1787909404.430261,1787909404.4294748,182.60558735038893,182.60558735038893,-299.1746093905454,182.65254673860125,182.76623016800943,-0.1606428176204986,-0.1515212631443319,0.09876111179562228,0.007535858186670591,registered
349,1787909404.4595249,1787909404.458719,181.80317871529354,181.80317871529354,-299.9770180256408,181.86995467969626,181.8889536496427,-0.0857749343491605,-0.06748543043488553,0.10536923430778185,0.00775899205772023,registered
350,1787909404.4875882,1787909404.4868045,181.22920428928103,181.22920428928103,-300.5509924516533,181.10710358646475,181.04643661797695,0.18276767130407734,0.215940937580001,0.15272348016580956,0.010907172561897409,registered
351,1787909404.5161927,1787909404.51547,180.24207135328277,180.24207135328277,-301.5381253876516,180.30212705347145,180.18651838648742,0.05555296679534649,0.06514556134141003,0.11760423144269216,0.007961343362859393,registered
352,1787909404.5449705,1787909404.5441787,179.41765187203998,179.41765187203998,-302.36254486889436,179.47005876575798,179.32530561444378,0.09234625759620485,0.08253342495208926,0.13726851142221852,0.008951258333215799,registered
353,1787909404.5734808,1787909404.5725904,178.68180437852038,178.68180437852038,-303.09839236241396,178.6662083464198,178.47300443096594,0.2087999475544393,0.19175347069079862,0.1169266259439735,0.0074432160144596885,registered
354,1787909404.601733,1787909404.6010864,177.9613660034198,177.9613660034198,-303.81883073751453,177.8423356706155,177.61817138364194,0.3431946197778757,0.3405153469828974,0.12118329674609751,0.007601513199179443,registered
355,1787909404.6317246,1787909404.629712,176.9690070441123,176.9690070441123,-304.81118969682205,176.97580687662753,176.75944756249788,0.20955948161440574,0.20671721621761208,0.14034006321475653,0.008759474726309675,registered
356,1787909404.658714,1787909404.6580129,176.0107442469444,176.0107442469444,-305.76945249398995,176.131215380799,175.9104721323772,0.10027211456718987,0.11033760365552325,0.1667939683433223,0.010611706774850802,registered
357,1787909404.6873682,1787909404.6866443,175.34122665219115,175.34122665219115,-306.4389700887432,175.29496097398436,175.051576659447,0.2896499927441596,0.2979468653267645,0.12514196764974686,0.008229284820574402,registered
358,1787909404.7176907,1787909404.7169013,174.48153775890546,174.48153775890546,-307.2986589820289,174.4430576485791,174.1439177749267,0.3376199839787546,0.3466910872269864,0.13087377804352987,0.009199745817475031,registered
359,1787909404.7445471,1787909404.7437594,173.4881783401546,173.4881783401546,-308.29201840077974,173.588204290323,173.33822005139615,0.14995828875845518,0.132428019043914,0.1361713155790575,0.010538628132855986,registered
360,1787909404.7732692,1787909404.7725961,172.7708920997532,172.7708920997532,-309.00930464118113,172.76831330579944,172.4731665706368,0.2977255291164056,0.30497035260424354,0.13882192127314005,0.011489260433613731,registered
361,1787909404.8015995,1787909404.8009918,172.04851100986355,172.04851100986355,-309.7316857310708,171.9433940741947,171.6213445817287,0.4271664281348535,0.4396412293886556,0.12728021684159188,0.011129197255963258,registered
362,1787909404.831481,1787909404.8298674,171.01347560703857,171.01347560703857,-310.76672113389577,171.05768933708447,170.75512529925487,0.2583503077837008,0.25398283124610543,0.12165435730829256,0.011141345351329646,registered
363,1787909404.8587718,1787909404.858247,170.14965188399685,170.14965188399685,-311.6305448569375,170.1727543995611,169.90378250491648,0.24586937908037498,0.23644901707365307,0.1251857612129501,0.01155348797421318,registered
364,1787909404.8873603,1787909404.8866596,169.35357406498974,169.35357406498974,-312.4266226759446,169.28317892933825,169.0514527128076,0.3021213521821551,0.30985501363551293,0.1466120555072459,0.013363925688794234,registered
365,1787909404.9161315,1787909404.9153283,168.3953911987109,168.3953911987109,-313.38480554222343,168.35625625595685,168.19144150326719,0.20394969544372543,0.20823982527082308,0.14583926392791358,0.012969552677346891,registered
366,1787909404.9445121,1787909404.9438412,167.31906341402834,167.31906341402834,-314.461133326906,167.43163436946938,167.3361006527424,-0.01703723871406737,-0.011653261260960335,0.17662248320936877,0.015494013810758317,registered
367,1787909404.9730494,1787909404.9723814,166.51341007379358,166.51341007379358,-315.26678666714076,166.52610410123467,166.47994445623328,0.03346561756029587,0.025830548305691536,0.16398146232023475,0.014542317420348899,registered
368,1787909405.0022457,1787909405.0015862,165.64738289215506,165.64738289215506,-316.1328138487793,165.6036695027932,165.6038480438965,0.04353484825855958,0.0034214490777912943,0.1526425330411498,0.013908813082448462,registered
369,1787909405.0312657,1787909405.030044,164.711881246161,164.711881246161,-317.06831549477334,164.69715226256807,164.75015934181368,-0.038278095652685806,-0.07207868293670572,0.1558890735236294,0.014640859762341946,registered
370,1787909405.0585487,1787909405.05794,163.7993859689633,163.7993859689633,-317.98081077197105,163.81067775773926,163.9133282755651,-0.11394230660181393,-0.12419573961102515,0.15343135317258236,0.014603652957043077,registered
371,1787909405.087528,1787909405.0867758,162.89187921765614,162.89187921765614,-318.8883175232782,162.9292851345796,163.04830340343676,-0.15642418578062234,-0.14423967941604587,0.13331938856452658,0.012531405630711069,registered
372,1787909405.1158454,1787909405.1152523,162.03325069747666,162.03325069747666,-319.7469460434577,162.02706767319955,162.19405683304888,-0.16080613557221568,-0.12826759069366744,0.1397506974075256,0.01265173076441695,registered
373,1787909405.145175,1787909405.1439123,161.1798386768001,161.1798386768001,-320.60035806413424,161.11068203701527,161.3343031011878,-0.15446442438769736,-0.14413504748301875,0.13675964988384762,0.01168165068633866,registered
374,1787909405.1734874,1787909405.1725192,160.2145244210276,160.2145244210276,-321.56567231990675,160.22285495611698,160.47614430050658,-0.26161987947898524,-0.29447169461991507,0.1295028952707778,0.010226525907428114,registered
375,1787909405.2023573,1787909405.2014174,159.33653728336276,159.33653728336276,-322.4436594575716,159.3667341114696,159.60924556304582,-0.27270827968305866,-0.32754872887676356,0.17404326469795373,0.012871588615438993,registered
376,1787909405.2322226,1787909405.2304268,158.45197909421262,158.45197909421262,-323.3282176467217,158.47635906238773,158.73901392007008,-0.2870348258574609,-0.3687802228141095,0.13774385220618163,0.009766901965505885,registered
377,1787909405.2589796,1787909405.258151,157.5242586343474,157.5242586343474,-324.25593810658694,157.5819869677909,157.90733240740684,-0.38307377305943646,-0.4116828727067059,0.15822093266021203,0.011120831798763798,registered
378,1787909405.2873476,1787909405.2867403,156.86045651297968,156.86045651297968,-324.91974022795466,156.729046051922,157.04970286639968,-0.1892463534200033,-0.20040101816186962,0.15326031879136987,0.010907597160551055,registered
379,1787909405.3159697,1787909405.3151894,155.97125712615457,155.97125712615457,-325.8089396147798,155.90678004693075,156.1962787941539,-0.22502166799932866,-0.24892447900367642,0.09645361100988442,0.007064330848910377,registered
380,1787909405.3467083,1787909405.3461118,154.87514843389118,154.87514843389118,-326.90504830704316,155.06453433185925,155.26865823733272,-0.39350980344153186,-0.4252183250519579,0.16894633056496436,0.01278502484380696,registered
381,1787909405.3730812,1787909405.3724089,154.25179996754565,154.25179996754565,-327.5283967733887,154.25942531943275,154.47978954100535,-0.22798957345969484,-0.3269031539651337,0.09064486170936571,0.006929142987472809,registered
382,1787909405.4018064,1787909405.40118,153.58617619005724,153.58617619005724,-328.1940205508771,153.4947679447331,153.6167029036293,-0.030526713572044173,-0.1732404852444347,0.11992009788751938,0.009179710267877235,registered
383,1787909405.4306417,1787909405.4300199,152.68427635769757,152.68427635769757,-329.0959203832368,152.70078730400982,152.75155644481907,-0.06728008712150313,-0.09078253817892801,0.11789742638672442,0.008897960494456686,registered
384,1787909405.458568,1787909405.4579725,151.8309827578575,151.8309827578575,-329.94921398307685,151.93964444589005,151.91302316502424,-0.08204040716674399,-0.07814863862012089,0.11817847324536014,0.008670118919574319,registered
385,1787909405.4876754,1787909405.486756,151.28789690963362,151.28789690963362,-330.4922998313007,151.18629684580128,151.04956461544475,0.23833229418886503,0.26639511324970044,0.15828410174102553,0.011340555492881092,registered
386,1787909405.517296,1787909405.5160358,150.46003595259953,150.46003595259953,-331.3201607883348,150.361663391562,150.17122242557213,0.2888135270274006,0.3455246005652839,0.11951466602399309,0.00821716348967654,registered
387,1787909405.5446744,1787909405.5439012,149.4355998640077,149.4355998640077,-332.34459687692663,149.52901775483983,149.33530683551652,0.10029302849119404,0.15513165432253118,0.15125684677626527,0.009856555331128893,registered
388,1787909405.5730724,1787909405.5724568,148.72157416708507,148.72157416708507,-333.0586225738493,148.7050343397575,148.47868574875315,0.24288841833191555,0.22460600457026203,0.10503197466465827,0.0066052196265224674,registered
389,1787909405.6020846,1787909405.6013134,147.87088971992756,147.87088971992756,-333.9093070210068,147.86050522478948,147.61303863889992,0.25785108102763843,0.2206328769010497,0.1969886352420682,0.011943057896989174,registered
390,1787909405.6311767,1787909405.6303515,146.93217745462,146.93217745462,-334.84801928631435,146.98465705118957,146.74194158483556,0.19023586978443063,0.18783739758094953,0.14249827188892772,0.008412749956622981,registered
391,1787909405.658559,1787909405.6579773,146.13104036095325,146.13104036095325,-335.6491563799811,146.1255220583344,145.91321391332616,0.2178264476270897,0.20907814359208032,0.16706700180210543,0.009820419867151488,registered
392,1787909405.688125,1787909405.6874747,145.301273764962,145.301273764962,-336.47892297597235,145.28686165642475,145.02834180342097,0.27293196154101906,0.3422337606272663,0.1816928700483269,0.010869534414104272,registered
393,1787909405.715827,1787909405.7152255,144.43216163882204,144.43216163882204,-337.3480351021123,144.40553909897727,144.1958664012467,0.23629523757534798,0.24402914313947122,0.13179720844651577,0.008200564927808506,registered
394,1787909405.7450297,1787909405.744302,143.51190362807034,143.51190362807034,-338.268293112864,143.52370842491402,143.32361784978337,0.1882857782869678,0.10727072239302515,0.20930717711287322,0.013718354077343693,registered
395,1787909405.7734637,1787909405.7727213,142.60692295027792,142.60692295027792,-339.1732737906564,142.63451290604772,142.4710877972572,0.13583515302070737,0.09275762309158608,0.13466762114407943,0.009237415611717658,registered
396,1787909405.8016038,1787909405.80098,141.7896808144444,141.7896808144444,-339.99051592648993,141.7234134661718,141.6233711469019,0.16630966754252086,0.14861417245742814,0.1875916459373121,0.013211363849641765,registered
397,1787909405.831826,1787909405.8297892,140.76788151057968,140.76788151057968,-341.01231523035466,140.79720774190633,140.75914731644235,0.008734194137332452,-0.03515940174906973,0.1749632626717539,0.012417715922011912,registered
398,1787909405.8591604,1787909405.8584905,139.86795879950267,139.86795879950267,-341.91223794143167,139.8724103777948,139.89815626128922,-0.03019746178654259,-0.05653911149187252,0.18787876178617463,0.013148969229512197,registered
399,1787909405.88769,1787909405.8868682,138.9680344108591,138.9680344108591,-342.81216233007524,138.9507671393161,139.04687068421293,-0.07883627335382926,-0.11978372139446947,0.22874094673108203,0.015605974233429474,registered
400,1787909405.9162984,1787909405.915529,138.04793593824581,138.04793593824581,-343.73226080268853,138.04309717029386,138.1870954958785,-0.13915955763269494,-0.16668446687532423,0.2139284346774775,0.01419919975256321,registered
401,1787909405.9455488,1787909405.9442382,137.10181550647593,137.10181550647593,-344.6783812344584,137.15029886438364,137.3258684195194,-0.2240529130434652,-0.19593221790319149,0.21339466113088934,0.013850952043480632,registered
402,1787909405.9735432,1787909405.9727447,136.2734999539145,136.2734999539145,-345.50669678701985,136.3007524833214,136.47072067725406,-0.1972207233395693,-0.22589448732588835,0.1886194381343892,0.012056658153723856,registered
403,1787909406.0022542,1787909406.001518,135.42477999321852,135.42477999321852,-346.3554167477158,135.442811493002,135.6075696704582,-0.18278967723966844,-0.22146755654301842,0.2178252446858883,0.013674183305325285,registered
404,1787909406.0318549,1787909406.0302098,134.6349156010129,134.6349156010129,-347.14528113992145,134.59492914762671,134.74686470161538,-0.1119491006024873,-0.09020575360381144,0.19544201746470596,0.011956009113227185,registered
405,1787909406.0589602,1787909406.0583045,133.77374742183747,133.77374742183747,-348.0064493190969,133.74713171809,133.90406873579707,-0.13032131395959823,-0.10946831076773833,0.20643561924143775,0.012090685442841967,registered
406,1787909406.0883124,1787909406.0872905,132.9239111325894,132.9239111325894,-348.85628560834493,132.86225400388645,133.03453800428161,-0.11062687169220453,-0.19314982529357394,0.23271950615863182,0.01283993154394971,registered
407,1787909406.115958,1787909406.1154256,131.9664153995413,131.9664153995413,-349.81378134139305,131.9801730595992,132.1905333238023,-0.22411792426100874,-0.27840147123976067,0.19714111439930135,0.010025954421996159,registered
408,1787909406.1450622,1787909406.1440458,131.12457889429277,131.12457889429277,-350.6556178466416,131.13924416387943,131.3319740022867,-0.20739510799393202,-0.2290851220221839,0.25709794155779125,0.012155484056684738,registered
409,1787909406.1733258,1787909406.1727183,130.20239184885048,130.20239184885048,-351.57780489208386,130.271521728505,130.4718483582222,-0.2694565093717074,-0.30046237807096077,0.2260494281220534,0.010007346967107854,registered
410,1787909406.2016978,1787909406.2011218,129.30015508189797,129.30015508189797,-352.4800416590364,129.42316875845734,129.6197903481081,-0.3196352662101276,-0.3321306814481204,0.307723915934932,0.013099076152273145,registered
411,1787909406.2313967,1787909406.2307367,128.7220282901518,128.7220282901518,-353.05816845078255,128.57898865633436,128.73139222442853,-0.009363934276734653,-0.0678461264568,0.2307985273211114,0.009709695425047694,registered
412,1787909406.2587364,1787909406.2580047,127.9044968384544,127.9044968384544,-353.87569990247994,127.76088433754364,127.91339994171295,-0.008903103258546707,-0.10148792817068397,0.23959407223027968,0.010041314842963287,registered
413,1787909406.2874324,1787909406.2867622,126.78802545775989,126.78802545775989,-354.99217128317446,126.93951905016945,127.05072097732909,-0.2626955195692062,-0.1930158765007377,0.23593720700743218,0.009946214212418788,registered
414,1787909406.3159428,1787909406.315333,126.09331296149725,126.09331296149725,-355.6868837794371,126.10575501544278,126.193649304627,-0.10033634312975437,-0.06858888754373993,0.17200448665662924,0.007283803137996837,registered
415,1787909406.3448212,1787909406.3441987,125.23131748690332,125.23131748690332,-356.548879254031,125.24228023511697,125.32772326062127,-0.09640577371794734,-0.1635677954572543,0.2871940439164828,0.012214741818698865,registered
416,1787909406.3731785,1787909406.3725286,124.45861046059707,124.45861046059707,-357.32158628033727,124.36462153442042,124.4778752672542,-0.019264806657133704,-0.018778960539179934,0.18520482379945047,0.007900696343633022,registered
417,1787909406.401738,1787909406.4011936,123.54487800608103,123.54487800608103,-358.2353187348533,123.52724356935704,123.61797134008015,-0.07309333399911111,-0.04901837838559686,0.2663202666449315,0.011395913072428375,registered
418,1787909406.4309676,1787909406.4299746,122.61954853890194,122.61954853890194,-359.1606482020324,122.71491533380649,122.75459146423606,-0.135042925334119,-0.155502077446954,0.19146792828999198,0.008206702298656726,registered
419,1787909406.4588308,1787909406.4581997,121.81528516659853,121.81528516659853,-359.9649115743358,121.87920259448677,121.90788326812446,-0.09259810152593673,-0.0907972981250964,0.2063058330621597,0.00882552006677848,registered
420,1787909406.4873888,1787909406.4867723,121.08525490823422,121.08525490823422,-360.6949418327001,121.04060542973824,121.05075437816032,0.03450053007389897,-0.04533219242148334,0.2215282002804195,0.009416186500171075,registered
421,1787909406.5160637,1787909406.5154524,120.22894367810204,120.22894367810204,-361.5512530628323,120.1698169862988,120.1903998650476,0.038543813054445764,-0.03903044666583355,0.16883151902477875,0.0070766254105972684,registered
422,1787909406.545281,1787909406.544278,119.37598368453683,119.37598368453683,-362.4042130563975,119.35956027851742,119.32568253570287,0.050301148833966636,0.09182787957513483,0.2832351966115595,0.011653586145135366,registered
423,1787909406.5736213,1787909406.5729792,118.50910564747454,118.50910564747454,-363.2710910934598,118.47642998246775,118.46469148054973,0.044414166924809706,0.05804994697240318,0.10304141363845692,0.004169244652556032,registered
424,1787909406.6016455,1787909406.6010747,117.50017601505743,117.50017601505743,-364.2800207258769,117.55385130529321,117.62187405825819,-0.12169804320075173,-0.08009040074847462,0.26189919251816474,0.010557038128179819,registered
425,1787909406.632679,1787909406.6309705,116.64588425989547,116.64588425989547,-365.1343124810389,116.67001622507792,116.72505069274041,-0.07916643284494285,-0.12027619546927326,0.17216120602149887,0.00706428319938506,registered
426,1787909406.658868,1787909406.658195,115.97572978831585,115.97572978831585,-365.8044669526185,115.81614230577208,115.90836010273671,0.0673696855791377,0.0027971254374961063,0.2385250240883721,0.0100530129488293,registered
427,1787909406.6878934,1787909406.6871362,114.65653936075807,114.65653936075807,-367.12365738017627,114.9436034098695,115.0401739768796,-0.38363461612152605,-0.39849522219577693,0.2159290858152378,0.009742599202876887,registered
428,1787909406.71624,1787909406.7154915,114.09745785078917,114.09745785078917,-367.6827388901452,114.07620510695482,114.18956070263249,-0.09210285184332179,-0.11992572994478223,0.11420013859624542,0.0052976113459872985,registered
429,1787909406.7451653,1787909406.7441056,113.48489554885856,113.48489554885856,-368.2953011920758,113.28222129286296,113.33118733721852,0.153708211640037,0.06569290262098093,0.2774146931743543,0.013207815944776394,registered
430,1787909406.773168,1787909406.772544,112.43442043123287,112.43442043123287,-369.3457763097015,112.44659885229834,112.47808511207182,-0.04366468083895825,-0.07719573587729656,0.09795433487030583,0.004807807318401455,registered
431,1787909406.801581,1787909406.8009915,111.44841500364629,111.44841500364629,-370.33178173728805,111.58200634596821,111.62470395277256,-0.17628894912627402,-0.16001072542741213,0.22087461671826772,0.010971444303573698,registered
432,1787909406.8320003,1787909406.830501,110.77783960044405,110.77783960044405,-371.0023571404903,110.78811301596411,110.73946708282182,0.03837251762223559,0.008350623676221858,0.1905249120963327,0.009465028511987474,registered
433,1787909406.8588326,1787909406.8582895,110.12461556165823,110.12461556165823,-371.6555811792761,109.94624423316527,109.90586163972182,0.2187539219364112,0.13460831106903015,0.17679850865658867,0.00873902827147283,registered
434,1787909406.8878987,1787909406.8870559,108.89132252781826,108.89132252781826,-372.8888742131161,109.0367951062013,109.04291804550093,-0.1515955176826651,-0.2271867984425171,0.23705693233512345,0.011487921495278547,registered
435,1787909406.9164124,1787909406.915689,108.13301598235194,108.13301598235194,-373.6471807585824,108.17057240926974,108.18397250746636,-0.050956525114429496,-0.07243898808985705,0.15652216513245026,0.007468759354916174,registered
436,1787909406.945348,1787909406.9445357,107.51667734883807,107.51667734883807,-374.26351939209627,107.33543785394797,107.31861863608123,0.19805871275684694,0.2005099759888367,0.3300398459758405,0.015570392744193818,registered
437,1787909406.973372,1787909406.9725277,106.46716609538271,106.46716609538271,-375.31303064555163,106.42511487958647,106.47890525025639,-0.01173915487368049,-0.04276047015724771,0.11532385417564409,0.005395592939747506,registered
438,1787909407.0017908,1787909407.0010717,105.20524278501699,105.20524278501699,-376.57495395591735,105.48927614148943,105.62263461922316,-0.4173918342061711,-0.4938281106157092,0.26589923418636613,0.01273815597858175,registered
439,1787909407.0332978,1787909407.0309844,104.78032280993182,104.78032280993182,-376.9998739310025,104.66972183821107,104.72530345050461,0.05501935942720593,0.03777033009674824,0.163501324913342,0.007967435669950649,registered
440,1787909407.0588007,1787909407.0582783,103.98452534960586,103.98452534960586,-377.7956713913285,103.81576834179778,103.90653158259346,0.07799376701240135,0.06519975454364157,0.20069052497252532,0.01018362152921332,registered
441,1787909407.0876489,1787909407.0869813,102.71376051632046,102.71376051632046,-379.0664362246139,102.91885868989421,103.04549046233603,-0.33172994601557093,-0.3840908558137812,0.2517110534249782,0.013699274245612928,registered
442,1787909407.1163135,1787909407.115669,102.02626757640246,102.02626757640246,-379.7539291645319,102.11437674420327,102.1849070801751,-0.15863950377263336,-0.18085733522502778,0.09373674625985187,0.005266007993315755,registered
443,1787909407.1453679,1787909407.144706,101.60470872407257,101.60470872407257,-380.1754880168618,101.36597557929724,101.31384578689949,0.290862937173074,0.3239452356889956,0.24142795949177087,0.013776149090720464,registered
444,1787909407.1732767,1787909407.1727102,100.41677802984162,100.41677802984162,-381.3634187110927,100.48159179078174,100.47376764102904,-0.05698961118741863,-0.07405579009378016,0.09431399318299634,0.005524389076128648,registered
445,1787909407.20182,1787909407.2012436,99.44195463684508,99.44195463684508,-382.33824210408926,99.61045271144017,99.61781170493714,-0.17585706809205703,-0.22820254407793072,0.2393868314722266,0.014076261933033863,registered
446,1787909407.230833,1787909407.2301037,99.02107520846391,99.02107520846391,-382.75912153247043,98.81230750192819,98.75205731271757,0.2690178957463445,0.2665040376694492,0.14508336198409205,0.008514826841333608,registered
447,1787909407.2595632,1787909407.2589178,98.07529529381605,98.07529529381605,-383.7049014471183,97.93522753693102,97.88768328694516,0.18761200687089286,0.16430654890501728,0.17900552320307922,0.010417696872085469,registered
448,1787909407.2874696,1787909407.2868042,96.70372157347748,96.70372157347748,-385.07647516745686,96.98794234494875,97.05113830700685,-0.3474167335293714,-0.4348130939341104,0.21669288862013242,0.012478848307422156,registered
449,1787909407.3161647,1787909407.3155801,96.09716104665955,96.09716104665955,-385.6830356942748,96.11624330044266,96.18790862647563,-0.09074757981608172,-0.16789683102888375,0.10514595914112995,0.0060573403972436655,registered
450,1787909407.3447506,1787909407.3440285,95.50346118886705,95.50346118886705,-386.2767355520673,95.26606795871038,95.33450601070314,0.16895517816391248,0.16849788197851012,0.236284014764504,0.013679809333443538,registered
451,1787909407.3733823,1787909407.3727899,94.28093589563542,94.28093589563542,-387.4992608452989,94.35130700229976,94.47171261179511,-0.19077671615968939,-0.23345441811500223,0.0932918892789011,0.005537855341160207,registered
452,1787909407.4024162,1787909407.4016645,93.28017428059195,93.28017428059195,-388.5000224603424,93.48167097050512,93.60552193795235,-0.32534765736039617,-0.37534103970415345,0.19232142750075712,0.011764445850775839,registered
453,1787909407.4312446,1787909407.4306488,92.79982050635635,92.79982050635635,-388.980376234578,92.70950262266112,92.73604127154118,0.063779234815172,0.04928239806207557,0.16518430271645443,0.01025292908418373,registered
454,1787909407.4589987,1787909407.4584,92.03303350291628,92.03303350291628,-389.74716323801806,91.88885847003488,91.90355156505132,0.1294819378649663,0.12669974404798268,0.1588243002536568,0.010055643462130169,registered
455,1787909407.4875994,1787909407.4869652,90.81654320249146,90.81654320249146,-390.9636535384429,91.0002290531161,91.04664439197768,-0.23010118948621994,-0.2402793538375363,0.17939935699704276,0.011531024756059376,registered
456,1787909407.5161493,1787909407.515549,90.15818776780901,90.15818776780901,-391.62200897312533,90.18080696063697,90.18917935059892,-0.03099158278990899,-0.04792899618695401,0.10821835500461223,0.006941705550783017,registered
457,1787909407.5448747,1787909407.5440593,89.67638546064751,89.67638546064751,-392.10381128028683,89.39436156345812,89.33391717380948,0.3424682868380273,0.36283606427696213,0.16498575184868236,0.010524133887612239,registered
458,1787909407.573496,1787909407.572526,88.46065020955513,88.46065020955513,-393.3195465313792,88.51452949817676,88.47996384188963,-0.019313632334501563,-0.04021178589005103,0.07914402049479986,0.004934666517351367,registered
459,1787909407.6021585,1787909407.6015036,87.27618265500274,87.27618265500274,-394.5040140859316,87.61124939348775,87.61068343589568,-0.3345007808929381,-0.38042357546811445,0.1618523569986953,0.00991182018310643,registered
460,1787909407.6332371,1787909407.6302001,86.97168392839569,86.97168392839569,-394.80851281253865,86.81634466871432,86.74983542389765,0.22184850449804117,0.19000029563898124,0.13516890194222272,0.008263762096201912,registered
461,1787909407.6593888,1787909407.6586366,86.20777443955205,86.20777443955205,-395.5724223013823,85.96485382710061,85.896790416013,0.3109840235390493,0.31244269880897946,0.1395405882339079,0.008551894475308748,registered
462,1787909407.688283,1787909407.6875389,84.79409213693037,84.79409213693037,-396.98610460400397,85.00603464570253,85.02977009187038,-0.23567795494000165,-0.28302642955674173,0.1430422264923922,0.00897069323205936,registered
463,1787909407.7162178,1787909407.7155206,84.05450420736503,84.05450420736503,-397.7256925335693,84.15302853206356,84.19036424882916,-0.13586004146412733,-0.16695038286121644,0.10128343856040226,0.006438040342256351,registered
464,1787909407.7450943,1787909407.7443383,83.70077509952785,83.70077509952785,-398.0794216414065,83.35760850746308,83.3258829406904,0.3748921588374401,0.4196695953334597,0.15417517785759766,0.009848895058350347,registered
465,1787909407.7735817,1787909407.7728155,82.30533001410765,82.30533001410765,-399.4748667268267,82.4404184033954,82.47161491382923,-0.16628489972157467,-0.150870806989019,0.062386239773331506,0.0039973394070327755,registered
466,1787909407.8018699,1787909407.8013413,81.13765581989367,81.13765581989367,-400.6425409210407,81.5245592147516,81.61588784678554,-0.47823202689187383,-0.47509699178607434,0.17078826081127713,0.010726318729880703,registered
467,1787909407.833019,1787909407.8301418,81.03160698807983,81.03160698807983,-400.7485897528545,80.73006018871105,80.75192149400533,0.2796854940744993,0.25395558593231726,0.12301619184907892,0.007705657557806234,registered
468,1787909407.8590107,1787909407.8584065,80.19923159816193,80.19923159816193,-401.5809651427724,79.92386592528649,79.90402603970603,0.2952055584559048,0.28607849792769,0.13402968311521726,0.008203839495236294,registered
469,1787909407.8876984,1787909407.887039,78.7111129098808,78.7111129098808,-403.06908383105355,79.0413085523528,79.04510195814476,-0.3339890482639589,-0.31905114494651343,0.1540073332671923,0.009103855277127131,registered
470,1787909407.917612,1787909407.9166887,78.01667652730208,78.01667652730208,-403.76352021363226,78.25680646461763,78.15565961943264,-0.13898309213055882,-0.13569741722511708,0.09722063504696818,0.0057221627377757696,registered
471,1787909407.9453316,1787909407.9445734,77.78118962443278,77.78118962443278,-403.99900711650156,77.43885275946253,77.31916470459862,0.46202491983416394,0.4182789900956436,0.15049659469255847,0.008866000649406708,registered
472,1787909407.9740524,1787909407.9733195,76.68200291642341,76.68200291642341,-405.09819382451093,76.48140317335559,76.45682904378708,0.22517387263633282,0.20558164221148445,0.07785593133752185,0.004676579413276769,registered
473,1787909408.0024333,1787909408.0016582,75.32556245688914,75.32556245688914,-406.4546342840452,75.57211848554843,75.60671642058298,-0.28115396369383916,-0.26936872717982396,0.13144372975275842,0.008251090356178572,registered
474,1787909408.033866,1787909408.0304368,74.84172338545591,74.84172338545591,-406.93847335547844,74.76798683207979,74.74340806631648,0.09831531913943081,0.0502555686595656,0.09911778290338627,0.006320147225740653,registered
475,1787909408.059105,1787909408.0584872,73.94474499768512,73.94474499768512,-407.8354517432492,73.95224482401625,73.90194240184104,0.04280259584407986,0.005593736456262377,0.1447688535371824,0.009445147559680282,registered
476,1787909408.0880663,1787909408.0875306,72.78086927722654,72.78086927722654,-408.9993274637078,73.05227402224864,73.03068800030604,-0.2498187230794997,-0.23677589785688724,0.19090650778632628,0.012602667822116807,registered
477,1787909408.1164196,1787909408.1157289,72.19205197900288,72.19205197900288,-409.58814476193146,72.27130916108432,72.18478799802102,0.007263980981861096,0.02283435509178844,0.08918579942297171,0.0058706018198591454,registered
478,1787909408.1449955,1787909408.1441267,71.85185801423165,71.85185801423165,-409.9283387267027,71.51512990161339,71.33290163969309,0.5189563745385612,0.5132001173078606,0.18162075881443876,0.011903443885106254,registered
479,1787909408.1735747,1787909408.1729915,70.8647337377443,70.8647337377443,-410.91546300319004,70.62614646523666,70.46700420431836,0.3977295334259452,0.42012403752556793,0.08454882614995575,0.005418436492327589,registered
480,1787909408.201996,1787909408.2014215,69.42459142384763,69.42459142384763,-412.3556053170867,69.73612723025474,69.61415230469316,-0.18956088084553357,-0.17104400885403948,0.21598602827778066,0.013154997494486063,registered
481,1787909408.2325988,1787909408.2308092,68.96192855265429,68.96192855265429,-412.81826818828006,68.88623080691205,68.73257018735643,0.22935836529785547,0.2594787878811644,0.13397837006452437,0.008016114332153438,registered
482,1787909408.2589931,1787909408.258426,67.98492463770276,67.98492463770276,-413.7952721032316,67.97248025057684,67.90411429784177,0.08081033986098873,0.13177162839355105,0.16102255327621198,0.009316408705476448,registered
483,1787909408.2878,1787909408.2871308,66.81624011196652,66.81624011196652,-414.9639566289678,66.98600098604277,67.0430159603223,-0.22677584835577136,-0.24816748851731063,0.18625054933290763,0.010523656761870576,registered
484,1787909408.3163552,1787909408.3157454,66.15090652564305,66.15090652564305,-415.6292902152913,66.12698619867982,66.18462829059285,-0.033721764949802946,-0.04601745812306035,0.10639658731418337,0.005989323859520602,registered
485,1787909408.345737,1787909408.3449883,65.58076957311164,65.58076957311164,-416.1994271678227,65.36736097838323,65.30738753301483,0.27338204009680567,0.3005467635533705,0.20282707836473643,0.011429732043421334,registered
486,1787909408.3734279,1787909408.3728156,64.4380808212415,64.4380808212415,-417.34211591969284,64.51767158766651,64.47261628820041,-0.034535466958914185,-0.045617738714383904,0.08425240362129476,0.004771992665868542,registered
487,1787909408.402458,1787909408.4017615,63.384375432055265,63.384375432055265,-418.3958213088791,63.68504225812014,63.60428711918814,-0.21991168713287834,-0.22477823126365593,0.20469706982728697,0.011542643975177383,registered
488,1787909408.4309893,1787909408.4301605,63.11221133753992,63.11221133753992,-418.6679854033944,62.91540249477564,62.75236500007139,0.35984633746852523,0.3497435312579569,0.13445236462705332,0.007553187648348779,registered
489,1787909408.459254,1787909408.4585607,62.289666038425196,62.289666038425196,-419.49053070250915,62.08462804175566,61.90040712016588,0.3892589182593156,0.38135848402953343,0.15274930882445806,0.00842663158976637,registered
490,1787909408.4876637,1787909408.4869614,61.04614124800821,61.04614124800821,-420.73405549292613,61.19490066638108,61.04843493594484,-0.00229368793662843,0.003849143369336616,0.1882934485972236,0.009988728114871292,registered
491,1787909408.5162199,1787909408.5155787,60.23459529634357,60.23459529634357,-421.5456014445908,60.341138494315764,60.18996144032235,0.04463385602122116,0.055078703816889174,0.09474444678964723,0.004916927358079791,registered
492,1787909408.54529,1787909408.5444498,59.730033805869084,59.730033805869084,-422.05016293506526,59.478237108300505,59.32387804884593,0.4061557570231571,0.3912951919950274,0.20990704118244755,0.010809356341371883,registered
493,1787909408.5735016,1787909408.572826,58.46471717471712,58.46471717471712,-423.3154795662172,58.51797796717318,58.47264253687388,-0.007925362156754545,-0.005630183733387639,0.08980072811316457,0.004660663421676414,registered
494,1787909408.601902,1787909408.6012793,57.41275650979128,57.41275650979128,-424.36744023114306,57.59678359567877,57.619089725788456,-0.20633321599717647,-0.17370186410875021,0.20863385205498783,0.011163181727196022,registered
495,1787909408.6317217,1787909408.6303072,56.82658217378844,56.82658217378844,-424.9536145671459,56.764650177144816,56.74830021450765,0.07828195928078685,0.13002491739990774,0.13794803662552033,0.007534280030158029,registered
496,1787909408.6592386,1787909408.6586642,56.02800021433819,56.02800021433819,-425.75219652659615,55.928583950219775,55.89763687515625,0.13036333918194032,0.1545196603485124,0.13490056558444738,0.007561221609416482,registered
497,1787909408.6878483,1787909408.6872783,54.882077551919,54.882077551919,-426.89811918901535,55.04082669873321,55.03926350974234,-0.15718595782334432,-0.1440443376877738,0.17247679550004752,0.009889981420759605,registered
498,1787909408.7161524,1787909408.7155871,54.170311697002376,54.170311697002376,-427.60988504393197,54.237075049810386,54.19004490625787,-0.0197332092554916,-0.005641195331577364,0.09664163047202706,0.0055452111563502006,registered
499,1787909408.7451005,1787909408.7444272,53.67062122053926,53.67062122053926,-428.1095755203951,53.44349100987625,53.324891295289945,0.3457299252493158,0.3890037879859847,0.17377429921326432,0.009899054789482203,registered
500,1787909408.773725,1787909408.7731524,52.62734317463554,52.62734317463554,-429.1528535662988,52.5684436651782,52.46318502436105,0.16415815027448843,0.16824831057084566,0.0990735696940311,0.005435029536846712,registered
501,1787909408.8019588,1787909408.801435,51.461513311320175,51.461513311320175,-430.31868342961417,51.682868884451196,51.61475315822992,-0.15323984690974157,-0.16953036391208798,0.18574281512368304,0.009467199811675054,registered
502,1787909408.8321466,1787909408.8302457,50.938186850093416,50.938186850093416,-430.8420098908409,50.85783685866244,50.75047926266615,0.18770758742726912,0.1760320827539772,0.12582169857651565,0.006180588930213419,registered
503,1787909408.8597274,1787909408.8590648,50.1167446856731,50.1167446856731,-431.66345205526125,49.99714658957343,49.88595504158087,0.23078964409222635,0.20714914401060014,0.15725691706255432,0.0073785001112218725,registered
504,1787909408.8876758,1787909408.887059,48.89670451083049,48.89670451083049,-432.88349223010385,49.0818775586607,49.04617728633622,-0.14947277550572835,-0.14570044816605332,0.16435790915332316,0.007739860630963402,registered
505,1787909408.9164221,1787909408.9157138,48.16862425919919,48.16862425919919,-433.61157248173515,48.221678691476015,48.186580901945774,-0.01795664274658293,-0.03136436254413866,0.12004053247202855,0.005939547222660005,registered
506,1787909408.9451969,1787909408.9444442,47.62093679478943,47.62093679478943,-434.1592599461449,47.373623963205105,47.32471728354625,0.29621951124318,0.2439950346362707,0.1891094293437419,0.00984276286966736,registered
507,1787909408.9735448,1787909408.9728138,46.5142451389533,46.5142451389533,-435.26595160198104,46.484834646190365,46.47367487983365,0.04057025911964729,0.02660417975425844,0.1305537588529407,0.007533739206882611,registered
508,1787909409.0022058,1787909409.0015814,45.40782365498501,45.40782365498501,-436.37237308594933,45.64339764398582,45.61069552482394,-0.2028718698389298,-0.21114344006235797,0.19095286796417796,0.011838504438324663,registered
509,1787909409.0323687,1787909409.0304358,44.8149794723314,44.8149794723314,-436.96521726860294,44.8425569268265,44.74511278439053,0.06986668794087336,0.05694606030891691,0.16627221176690457,0.010523496701747936,registered
510,1787909409.059629,1787909409.0586605,44.05711419406413,44.05711419406413,-437.7230825468702,43.98916462280486,43.898418892594464,0.15869530146966326,0.14227966791412427,0.16546079421307144,0.01057490899944963,registered
511,1787909409.0878885,1787909409.0873766,43.185868348597126,43.185868348597126,-438.5943283923372,43.137833123825104,43.03698440366037,0.14888394493675605,0.12499865522386244,0.2018361542529118,0.012818276293516086,registered
512,1787909409.1165733,1787909409.1158478,42.332641753564815,42.332641753564815,-439.44755498736953,42.32455783997844,42.182895180743174,0.14974657282164117,0.14291987282564378,0.16762641760886537,0.010470972793571506,registered
513,1787909409.1450446,1787909409.1442602,41.50494677891612,41.50494677891612,-440.2752499620182,41.486637378924975,41.33057254079199,0.17437423812413044,0.1803493634156439,0.21061313834208822,0.012908255175638629,registered
514,1787909409.1738324,1787909409.173195,40.56047484641164,40.56047484641164,-441.2197218945227,40.57845159879786,40.46257952319439,0.09789532321724437,0.1226704983312743,0.1803969575452084,0.010833898853978948,registered
515,1787909409.2024665,1787909409.2017884,39.67504294617521,39.67504294617521,-442.10515379475913,39.6514514075014,39.6048212433476,0.07022170282760953,0.1135694783896497,0.18920955264338093,0.011182828632319033,registered
516,1787909409.2316768,1787909409.2306051,38.72725794600916,38.72725794600916,-443.0529387949252,38.745501684135604,38.74036854383985,-0.01311059783068913,0.027419571063205694,0.15343326671493132,0.00895416226355926,registered
517,1787909409.2593176,1787909409.2586584,37.86877258448419,37.86877258448419,-443.91142415645015,37.83541554199381,37.89881705347136,-0.030044468987171058,0.014535584808697877,0.1544827938001334,0.008965897498195288,registered
518,1787909409.2877665,1787909409.287222,36.90505534992201,36.90505534992201,-444.87514139101233,36.91418075038999,37.041959945502015,-0.13690459558000612,-0.049051829409279435,0.18912130814837613,0.01100199468173667,registered
519,1787909409.3165934,1787909409.3158271,35.99175576589454,35.99175576589454,-445.7884409750398,36.051148210598136,36.18385120992514,-0.19209544403059908,-0.07386992323381492,0.3207360555551806,0.01881864726528559,registered
520,1787909409.344886,1787909409.344284,35.29343160075149,35.29343160075149,-446.48676514018285,35.284099941771245,35.330191116473316,-0.03675951572182612,0.002749831063738384,0.29549845049133305,0.01746429844526732,registered
521,1787909409.3735745,1787909409.3730035,34.37517040094781,34.37517040094781,-447.40502633998653,34.50580735218936,34.46865649733064,-0.09348609638283278,-0.09320046331794174,0.25016205541447273,0.01487953723480869,registered
522,1787909409.4019847,1787909409.4014187,33.59913210167912,33.59913210167912,-448.1810646392552,33.69087557226739,33.61624803148641,-0.017115929807289376,-0.05058833969735588,0.27478747603449444,0.0163839272483055,registered
523,1787909409.431358,1787909409.4306605,33.098503059704115,33.098503059704115,-448.68169368123023,32.86276309174447,32.739043034697204,0.35946002500691066,0.33695329106308236,0.1887419085778457,0.011274888378735288,registered
524,1787909409.4592986,1787909409.4587016,32.33262867638393,32.33262867638393,-449.4475680645504,31.999324837092388,31.89785630437433,0.43477237200960417,0.41711968867275573,0.1803501097055713,0.010859599425271486,registered
525,1787909409.487605,1787909409.486974,30.934578652939308,30.934578652939308,-450.84561808799504,31.112412207239913,31.04973198102681,-0.11515332808750145,-0.07322411148226138,0.2058386769380111,0.012974458445984436,registered
526,1787909409.5164328,1787909409.5157824,30.05858316121072,30.05858316121072,-451.7216135797236,30.255606059411452,30.185529607040564,-0.12694644582984438,-0.10044101231534341,0.1741863392260048,0.011529622885057067,registered
527,1787909409.545297,1787909409.5446708,29.30776428753711,29.30776428753711,-452.47243245339723,29.39846422286166,29.318924108047895,-0.011159820510783902,-0.008025476266539044,0.14690678318345837,0.010189347413391133,registered
528,1787909409.5736413,1787909409.5729632,28.52456481780183,28.52456481780183,-453.2556319231325,28.537781552821983,28.470199003448727,0.054365814353104724,0.08686484838341357,0.1539565224035274,0.011192014459951275,registered
529,1787909409.6020725,1787909409.6015422,27.82674168264265,27.82674168264265,-453.9534550582917,27.746532017685414,27.61287700522513,0.21386467741751858,0.2549216828071508,0.18359573552487307,0.013859568238258565,registered
530,1787909409.6315088,1787909409.630372,27.0984233362704,27.0984233362704,-454.68177340466394,27.003469160641323,26.74803093704071,0.35039239922969045,0.38070490658515155,0.11529881428960002,0.00901745139066976,registered
531,1787909409.659223,1787909409.658607,26.23735258693887,26.23735258693887,-455.5428441539955,26.204509054664648,25.901029502461085,0.33632308447778314,0.36087209011793675,0.10713832019710345,0.008714887839558521,registered
532,1787909409.687937,1787909409.6873136,25.31626769698687,25.31626769698687,-456.4639290439475,25.37144539258817,25.039881099837316,0.2763865971495534,0.2589820727231995,0.12765400637942875,0.010828122810323937,registered
533,1787909409.7165608,1787909409.7158144,24.49913511696377,24.49913511696377,-457.2810616239706,24.511380962201958,24.184905009358147,0.3142301076056242,0.30624526189876633,0.11164161202410826,0.009821652413242182,registered
534,1787909409.7450554,1787909409.7444193,23.602335355252706,23.602335355252706,-458.17786138568164,23.62070111554426,23.326803425939033,0.2755319293136722,0.2919566207730213,0.14106137046988698,0.012845276157708911,registered
535,1787909409.7740784,1787909409.7735054,22.791104947739882,22.791104947739882,-458.98909179319446,22.74061586989552,22.454268788165393,0.33683615957448865,0.3459939405162231,0.1142473313457998,0.010623543594921245,registered
536,1787909409.8023438,1787909409.801639,21.86316607447833,21.86316607447833,-459.917030666456,21.879781267029227,21.61030702063266,0.2528590538456683,0.2537233530546814,0.1463046111703925,0.013712666409366308,registered
537,1787909409.8321476,1787909409.830661,20.961399551957527,20.961399551957527,-460.8187971889768,21.0124372106554,20.73969631329578,0.22170323866174613,0.2454136063288388,0.12375093053551564,0.011510345106507468,registered
538,1787909409.8592765,1787909409.8586745,20.102380295822343,20.102380295822343,-461.677816445112,20.131170497565822,19.899339233272826,0.20304106254951648,0.22978307444890333,0.15790675412344615,0.01446980259983859,registered
539,1787909409.8879988,1787909409.8872383,19.302160831677213,19.302160831677213,-462.47803590925713,19.24030488268804,19.042474973145715,0.2596858585314976,0.255118678416693,0.22261622116349397,0.020153549630714446,registered
540,1787909409.9164958,1787909409.9159245,18.369334354502598,18.369334354502598,-463.41086238643175,18.326943128554294,18.181934503931302,0.18739985057129616,0.16808917630470432,0.18050939599190421,0.016290327695943744,registered
541,1787909409.9452076,1787909409.944474,17.392058945711995,17.392058945711995,-464.38813779522235,17.402972125199486,17.325499373269622,0.06655957244237243,0.04617001850493807,0.17605885713402938,0.016056383523088087,registered
542,1787909409.9738717,1787909409.9731426,16.476633537219584,16.476633537219584,-465.30356320371476,16.45851931611129,16.465488163729276,0.011145373490307975,0.006006159848595871,0.1720792245177103,0.015903705009710414,registered
543,1787909410.0023468,1787909410.0016506,15.495065884192115,15.495065884192115,-466.2851308567422,15.513048483686315,15.610297508517363,-0.11523162432524714,-0.09290694104441855,0.18502209145812662,0.017162193734372336,registered
544,1787909410.0345602,1787909410.0337937,14.546023164600513,14.546023164600513,-467.23417357633383,14.568762090464851,14.646057903978203,-0.10003473937769058,-0.08013732528752371,0.1844352452305696,0.016825873407915172,registered
545,1787909410.059833,1787909410.0591104,13.61572153903353,13.61572153903353,-468.1644752019008,13.656452890940248,13.886598880349311,-0.27087734131578145,-0.2754790595857912,0.16008217230603008,0.01407603743311923,registered
546,1787909410.088201,1787909410.0874763,12.74272261538232,12.74272261538232,-469.037474125552,12.748938968866128,13.035670911160878,-0.2929482957785581,-0.2957294080344468,0.15120983916016664,0.012689225776232934,registered
547,1787909410.116412,1787909410.1157777,11.910447760347893,11.910447760347893,-469.86974898058645,11.845070800761002,12.186674024566912,-0.2762262642190194,-0.2970430950889522,0.1526289336935308,0.012246869854402867,registered
548,1787909410.1450107,1787909410.1444287,10.987815942932684,10.987815942932684,-470.79238079800166,10.977818696794696,11.327192074700577,-0.3393761317678923,-0.34530252486149493,0.17995601393209681,0.013914495681540542,registered
549,1787909410.1736264,1787909410.1730492,10.130158353436173,10.130158353436173,-471.65003838749817,10.11471997517537,10.468625601027213,-0.33846724759104063,-0.321537856830048,0.12595006538658973,0.009575425559864337,registered
550,1787909410.2026064,1787909410.2018178,9.20154749470538,9.20154749470538,-472.57864924622896,9.261785930036075,9.605617637386501,-0.40407014268112107,-0.38437952441586276,0.12798523967084782,0.009681480965320415,registered
551,1787909410.232418,1787909410.2306805,8.426110788628932,8.426110788628932,-473.3540859523054,8.466620869358108,8.739784571431585,-0.31367378280265257,-0.28014287346508127,0.14345621296516453,0.01081538360051731,registered
552,1787909410.2593398,1787909410.2587028,7.7041755652311394,7.7041755652311394,-474.0760211757032,7.70791160042006,7.89916286157154,-0.19498729634040046,-0.1830644351833257,0.13593272000659457,0.010154657807494655,registered
553,1787909410.2878017,1787909410.2872713,6.840749675131349,6.840749675131349,-474.939447065803,6.912870972609032,7.042155558289323,-0.20140588315797459,-0.2968970040498675,0.14807272759836085,0.010825600696131445,registered
554,1787909410.3165338,1787909410.3158748,6.155922769318181,6.155922769318181,-475.62427397161616,6.106177434460849,6.184096887816736,-0.02817411849855489,-0.11859674228969652,0.13472887001340775,0.009630483983123946,registered
555,1787909410.3451157,1787909410.344427,5.530002923840868,5.530002923840868,-476.2501938170935,5.3096470198317745,5.327575931261947,0.20242699257892127,0.17161817822949388,0.18069077582017723,0.012669161158070402,registered
556,1787909410.373927,1787909410.373276,4.482428988393281,4.482428988393281,-477.29776775254106,4.453315094926953,4.462157690456991,0.02027129793629001,-0.021867394935895845,0.12260089766509892,0.008491776346274174,registered
557,1787909410.4021215,1787909410.4015167,3.348957141901792,3.348957141901792,-478.43123959903255,3.571384617600252,3.6149846040911484,-0.26602746218935636,-0.2601178506354813,0.1508420400500015,0.010787761397642037,registered
558,1787909410.4324064,1787909410.4305587,2.7297447463552658,2.7297447463552658,-479.0504519945791,2.709583793283406,2.7437731155026768,-0.014028369147411013,0.002113144554698465,0.13368325955766583,0.00988645322063908,registered
559,1787909410.4595904,1787909410.4589796,1.9206904996824505,1.9206904996824505,-479.8595062412519,1.8446611402294175,1.891192997872281,0.029497501810169524,0.017914715623021493,0.12396408871772269,0.009626701310486456,registered
560,1787909410.4877305,1787909410.4871602,0.8889167286742463,0.8889167286742463,-480.8912800122601,0.9964797063914839,1.0458222552613279,-0.15690552658708157,-0.1065533332524069,0.11321768082941489,0.009277483172105427,registered
561,1787909410.5169291,1787909410.516009,0.19191439704195545,0.19191439704195545,-481.5882823438924,0.19923902868383236,0.18040401445637144,0.011510382585584011,0.042496090735653524,0.11018339949332548,0.009262262867174577,registered
562,1787909410.5450673,1787909410.544437,359.49361718982357,-0.5063828101764329,-482.2865795511108,-0.586176592143029,-0.6723835157490043,0.1660007055725714,0.13777768683820568,0.14455446299357946,0.012366328755090746,registered
563,1787909410.5738835,1787909410.5732822,358.61534235900467,-1.3846576409953286,-483.1648543819297,-1.4173299762493894,-1.5376944741876741,0.1530368331923455,0.15572150223727022,0.11572651004343863,0.010062142870211304,registered
564,1787909410.6070654,1787909410.605963,357.7364012526282,-2.263598747371816,-484.04379548830616,-2.21619232221233,-2.518062194469792,0.25446344709797586,0.27285498235778505,0.14745634787071935,0.01305805017793844,registered
565,1787909410.6342928,1787909410.6318412,356.9392534633905,-3.0607465366094857,-484.84094327754383,-3.0126687439739492,-3.2943645496173986,0.23361801300791285,0.264053115920035,0.09026778558810662,0.008184852371794088,registered
566,1787909410.6596153,1787909410.6588852,356.1795230626484,-3.8204769373516,-485.60067367828594,-3.8573235681808344,-4.105640956198727,0.2851640188471265,0.3228038836914493,0.10772077089569936,0.01005016878782285,registered
567,1787909410.6879013,1787909410.687328,355.30046343581165,-4.6995365641883495,-486.4797333051227,-4.70957372425053,-4.958879072342825,0.2593425081544751,0.2920137862344063,0.11373891938024118,0.010993041235380393,registered
568,1787909410.716569,1787909410.7159715,354.4973079629734,-5.502692037026577,-487.2828887779609,-5.558255826576872,-5.818132153160889,0.31544011613431167,0.3197090973378067,0.09711651258791192,0.009659333090335509,registered
569,1787909410.7455535,1787909410.7449088,353.56429814157156,-6.435701858428445,-488.2158985993628,-6.419421842885915,-6.686203844493889,0.25050198606544427,0.25573539062554573,0.1320440583349507,0.013458315272262296,registered
570,1787909410.7788513,1787909410.778165,352.6822863630681,-7.317713636931899,-489.09791037786624,-7.280149863857194,-7.683836873602445,0.36612323667054625,0.34219495094089325,0.11864396547412308,0.012268076395235751,registered
571,1787909410.8023477,1787909410.8017223,351.8224976234067,-8.177502376593281,-489.9576991175276,-8.13889451329245,-8.390512972981583,0.2130105963883011,0.1831215141538678,0.13567944574932653,0.014159979131006284,registered
572,1787909410.8311388,1787909410.8305624,350.9538843467782,-9.046115653221818,-490.82631239415616,-9.014329650781999,-9.255666583949562,0.2095509307277439,0.23885964917218416,0.12062282426895103,0.012697787142632299,registered
573,1787909410.859708,1787909410.8590882,350.1231742908417,-9.876825709158311,-491.65702245009265,-9.915746280903852,-10.11139365099325,0.23456794183493912,0.26191988584969295,0.14738310228569973,0.015667806572962347,registered
574,1787909410.8880823,1787909410.8873832,349.29572423276994,-10.704275767230058,-492.4844725081644,-10.818597051684897,-10.960197429327707,0.25592166209764855,0.2476061638259921,0.16663464815365625,0.01791182024700266,registered
575,1787909410.9179819,1787909410.917163,348.29541812467437,-11.70458187532563,-493.48477861626,-11.737182787972486,-11.853537694017632,0.14895581869200214,0.1343621984220249,0.15048413216675835,0.016382890683442848,registered
576,1787909410.947125,1787909410.9462163,347.23487479308307,-12.765125206916935,-494.5453219478513,-12.662685804206749,-12.725092486178482,-0.0400327207384521,-0.06708764384376309,0.16084210548948166,0.017683362654116467,registered
577,1787909410.9745762,1787909410.9735534,346.3489659941257,-13.651034005874294,-495.43123074680864,-13.58866038947728,-13.545158894643691,-0.10587511123060267,-0.11414897556073811,0.14580349028946515,0.016101868248050034,registered
578,1787909411.0027735,1787909411.002006,345.4886765310325,-14.511323468967475,-496.2915202099018,-14.52333276568893,-14.398690249255878,-0.11263321971159712,-0.10911560313076052,0.15511493604597926,0.01714577693805108,registered
579,1787909411.0329194,1787909411.0307667,344.5958907656906,-15.404109234309374,-497.1843059752437,-15.443554580264665,-15.261462191690612,-0.14264704261876204,-0.17762467413314198,0.15647923315471485,0.0172333473907528,registered
580,1787909411.0595465,1787909411.05893,343.7046525562694,-16.295347443730577,-498.0755441846649,-16.335092891681583,-16.10631082678526,-0.18903661694531593,-0.22903924019431088,0.14421918748435075,0.01571598597976388,registered
581,1787909411.087946,1787909411.0873544,342.7889934845238,-17.211006515476186,-498.99120325641053,-17.22744108337725,-16.958998226782,-0.252008288694185,-0.26610109195644327,0.13384189620338047,0.014287507241791052,registered
582,1787909411.1167703,1787909411.1160119,341.8543932621062,-18.145606737893786,-499.92580347882813,-18.103044646594707,-17.81867328490779,-0.3269334529859975,-0.34822194443512444,0.11233146620006665,0.011611747288366659,registered
583,1787909411.145462,1787909411.1448245,341.0230060127952,-18.97699398720482,-500.75719072813916,-18.941262052800013,-18.68300439773367,-0.2939895894711526,-0.32282490981162937,0.13160635129258486,0.013117649242449922,registered
584,1787909411.1741343,1787909411.1734307,340.17293277016677,-19.827067229833233,-501.6072639707676,-19.77980524129398,-19.541141741941544,-0.2859254878916886,-0.31648627763496506,0.10930459268172124,0.010450381250433325,registered
585,1787909411.2025664,1787909411.2018752,339.3575834630398,-20.642416536960184,-502.4226132778945,-20.623602588866543,-20.39442992318999,-0.2479866137701947,-0.29169258551831945,0.12116541346437151,0.011111131538764562,registered
586,1787909411.2315035,1787909411.2309182,338.7075175879661,-21.292482412033905,-503.07267915296825,-21.419415997577048,-21.26567002040946,-0.026812391624446263,-0.03495200304524815,0.11388371387418451,0.010089716695012456,registered
587,1787909411.2593293,1787909411.2587533,337.83789823227926,-22.162101767720742,-503.9422985086551,-22.196937491410218,-22.100677286429914,-0.061424481290828226,-0.04272678100682015,0.12105634138817888,0.010200074149008812,registered
588,1787909411.288497,1787909411.2878716,336.82514955815816,-23.17485044184184,-504.9550471827762,-23.051925060401814,-22.974177465500816,-0.20067297634102488,-0.21730858691330468,0.1339854037642969,0.010540093538477067,registered
589,1787909411.3167543,1787909411.3160477,336.07133935248294,-23.928660647517063,-505.7088573884514,-23.89995134197878,-23.819412317114313,-0.10924833040274962,-0.10084514011629153,0.13091945440519634,0.009730119158862401,registered
590,1787909411.3452742,1787909411.3445601,335.4440569285154,-24.55594307148459,-506.33613981241893,-24.724939067791478,-24.674738863323626,0.11879579183903388,0.18153165108134317,0.18410852679045106,0.013087370760451519,registered
591,1787909411.3740408,1787909411.37322,334.40611538043623,-25.593884619563767,-507.3740813604981,-25.60352445174606,-25.534485443026938,-0.05939917653682869,-0.056511087127319115,0.13067012403366582,0.008899379664090544,registered
592,1787909411.4029918,1787909411.4024498,333.2958423021831,-26.704157697816925,-508.48435443875127,-26.48732187914532,-26.41133283192829,-0.2928248658886332,-0.30168545932883717,0.16530191290959456,0.011570590235076676,registered
593,1787909411.4325643,1787909411.4312227,332.82061857358724,-27.17938142641276,-508.9595781673471,-27.328024862429693,-27.274469534408638,0.09508810799587764,0.0661472582334568,0.1372980096201931,0.009921179443348763,registered
594,1787909411.459595,1787909411.4589553,331.95568572244446,-28.044314277555543,-509.8245110184899,-28.158925850937333,-28.106401372593382,0.062087095037838935,0.0139793350925288,0.1283816603105625,0.009933743232230684,registered
595,1787909411.488135,1787909411.4876115,330.77903131198684,-29.22096868801316,-511.0011654289475,-29.006196018768833,-28.966040669930408,-0.2549280180827509,-0.21007362852856204,0.13495845354659267,0.011258305618020173,registered
596,1787909411.5174415,1787909411.5165339,330.116427111486,-29.88357288851398,-511.6637696294483,-29.78130257492155,-29.83366177532463,-0.04991111318935282,-0.023467819735742523,0.10114433391211894,0.008625029591520575,registered
597,1787909411.5455081,1787909411.544797,329.6040308056449,-30.395969194355075,-512.1761659352894,-30.54347479055025,-30.6815071645197,0.2855379701646257,0.2763109490541069,0.14517293480625612,0.012457607417616435,registered
598,1787909411.574051,1787909411.5733392,328.71376222130533,-31.28623777869467,-513.066434519629,-31.37690536891067,-31.537727730448694,0.25148995175402433,0.2683912879424497,0.09494484314488977,0.008093630358089807,registered
599,1787909411.60268,1787909411.6018746,327.70419408687775,-32.29580591312225,-514.0760026540565,-32.17459118470386,-32.39374088380265,0.09793497068039869,0.11374410257428735,0.1370127409287118,0.01145389968388886,registered
600,1787909411.6313465,1787909411.6305196,327.1049860791267,-32.89501392087328,-514.6752106618076,-32.96695202987027,-33.253044029725004,0.3580301088517217,0.3934194365087933,0.0979158212883765,0.008113336475507164,registered
601,1787909411.6598954,1787909411.659161,326.19413895444194,-33.80586104555806,-515.5860577864923,-33.839263260752226,-34.112239893281014,0.30637884772295365,0.35572761103037465,0.1382002304802267,0.011437731086454806,registered
602,1787909411.6879668,1787909411.687447,325.1705538185375,-34.829446181462515,-516.6096429223968,-34.779571693350285,-34.96077188962073,0.1313257081582151,0.123429243516739,0.16597171409949021,0.013949438293193771,registered
603,1787909411.716836,1787909411.7161756,324.3833061395988,-35.6166938604012,-517.3968906013355,-35.66751554908846,-35.82257829075826,0.2058844303570595,0.2191143169851557,0.12915266187809327,0.011033370029686376,registered
604,1787909411.7519484,1787909411.751132,323.502915961934,-36.49708403806602,-518.2772807790003,-36.513394878138925,-36.87121335683497,0.3741293187689507,0.4240525609006909,0.1983795962731374,0.017198064469300212,registered
605,1787909411.773964,1787909411.773447,322.5171041693491,-37.482895830650875,-519.2630925715852,-37.39745229643047,-37.54062671429796,0.05773088364708201,0.07317334006256715,0.11790282312385655,0.010299537838904815,registered
606,1787909411.8027294,1787909411.802074,321.5538292128513,-38.446170787148674,-520.226367528083,-38.262925842762414,-38.399386296230716,-0.046784490917957555,-0.03835552613861637,0.17739908584449335,0.015490516652935344,registered
607,1787909411.831011,1787909411.8303785,321.04073645021805,-38.95926354978195,-520.7394602907162,-39.0942391739292,-39.248476160875555,0.2892126110936033,0.3045467685309404,0.16175656772245298,0.014093992163925402,registered
608,1787909411.8597152,1787909411.8588727,320.1978461610635,-39.802153838936476,-521.5823505798708,-39.96193217172247,-40.10325199093751,0.30109815200103185,0.3043907442671525,0.18484587019609458,0.01602124826120008,registered
609,1787909411.888705,1787909411.8876326,319.064773313619,-40.935226686380986,-522.7154234273153,-40.87493366130083,-40.96600247689895,0.030775790517964197,0.04483299493995219,0.18392376512654252,0.015775966983432907,registered
610,1787909411.9173105,1787909411.9163113,318.1754208412904,-41.82457915870958,-523.6047758996439,-41.79189798863353,-41.826314077065206,0.0017349183556234493,0.0006073766460303887,0.16704963014158164,0.014155306421521777,registered
611,1787909411.9466507,1787909411.9455643,317.39270695942747,-42.60729304057253,-524.3874897815068,-42.72323187202811,-42.70385522526891,0.09656218469638134,0.04027300872246542,0.21496901615257832,0.017962984305695994,registered
612,1787909411.974196,1787909411.9734957,316.22320631067754,-43.77679368932246,-525.5569904302567,-43.70603437499063,-43.54175196302339,-0.23504172629907316,-0.26167997256754916,0.18542381214443154,0.01511657177128686,registered
613,1787909412.002602,1787909412.0019243,315.2007236943264,-44.79927630567357,-526.5794730466079,-44.66571924694685,-44.394560949702,-0.40471535597157526,-0.43639208393494755,0.20538097494872856,0.016368426643416423,registered
614,1787909412.031678,1787909412.0307813,314.5255118958915,-45.4744881041085,-527.2546848450428,-45.553179183640175,-45.26022236387081,-0.21426574023769263,-0.24755800628668112,0.1817767452266358,0.014266168989487713,registered
615,1787909412.0596056,1787909412.0590222,313.62611727018583,-46.37388272981417,-528.1540794707485,-46.42975492770084,-46.1074026023943,-0.26648012741986804,-0.29193159125679813,0.1769029983866093,0.013570663371682348,registered
616,1787909412.0887492,1787909412.087743,312.6086931424889,-47.3913068575111,-529.1715035984454,-47.33118870182292,-46.968980134483616,-0.4223267230274814,-0.488001146108445,0.15723043012518065,0.011676748133947487,registered
617,1787909412.1166904,1787909412.1159818,311.7821713753788,-48.21782862462118,-529.9980253655555,-48.14861095915697,-47.81609600358735,-0.4017326210338297,-0.4530951465316093,0.14953661861258896,0.010744962973543517,registered
618,1787909412.1456234,1787909412.144713,311.18472840609155,-48.81527159390845,-530.5954683348427,-48.92912254466526,-48.677981078460164,-0.13729051544828508,-0.10381462289615229,0.19391561623291917,0.013562742886993506,registered
619,1787909412.1735737,1787909412.1730027,310.209563401974,-49.79043659802602,-531.5706333389603,-49.75788790247725,-49.52662750932399,-0.26380908870203257,-0.30185144946710807,0.14999899133957825,0.010016104775239862,registered
620,1787909412.202468,1787909412.2018676,309.2287970713265,-50.77120292867352,-532.5513996696078,-50.61119480710896,-50.392524944698664,-0.3786779839748533,-0.47234796016584824,0.17230879616936345,0.011016808393428777,registered
621,1787909412.2324107,1787909412.2307155,308.7927689434336,-51.2072310565664,-532.9874277975007,-51.41643498859707,-51.25791457687268,0.050683520306279206,0.0727918855545795,0.16496467063665066,0.010373875214313917,registered
622,1787909412.2596269,1787909412.2589207,307.9103425405505,-52.089657459449484,-533.8698542003838,-52.21454407132899,-52.10402199173262,0.014364532283138942,0.035375100311057395,0.17893173993664352,0.010961967783569304,registered
623,1787909412.2889693,1787909412.2876682,306.7015160051629,-53.29848399483711,-535.0786807357714,-53.116874493579594,-52.96640056549069,-0.3320834293464259,-0.3526172950187174,0.17285791968813313,0.010417850750124226,registered
624,1787909412.316766,1787909412.3160613,305.8905532310919,-54.10944676890807,-535.8896435098424,-53.95543164165181,-53.81814388066351,-0.29130288824455874,-0.30310573437168387,0.1209017647860725,0.007305557956277662,registered
625,1787909412.3455482,1787909412.3448493,305.45990456415694,-54.54009543584306,-536.3202921767773,-54.75671143776489,-54.68173832124029,0.14164288539723202,0.1390667352516175,0.17574088372611366,0.010676566028133732,registered
626,1787909412.373937,1787909412.3733394,304.4260381923909,-55.57396180760912,-537.3541585485434,-55.64747596612452,-55.53639256462037,-0.037569242988752194,-0.053673684852128645,0.11531957755437658,0.0071456622970785455,registered
627,1787909412.4024715,1787909412.4017968,303.18361999001405,-56.81638000998595,-538.5965767509202,-56.52059277837712,-56.39006696238772,-0.42631304759822797,-0.43591741187606203,0.1886459573336589,0.011922469936331715,registered
628,1787909412.4311123,1787909412.4305637,302.91624940441517,-57.08375059558483,-538.8639473365191,-57.299544401406166,-57.253024860924086,0.16927426533925427,0.11264527593914408,0.14172517369395055,0.00896759135915453,registered
629,1787909412.4598384,1787909412.4591281,302.01753497538533,-57.98246502461467,-539.762661765549,-58.09172271153396,-58.109910577524545,0.12744555290987591,0.0640380500063884,0.13463439095866706,0.008441880250239519,registered
630,1787909412.488324,1787909412.4876914,300.7404128480808,-59.25958715191922,-541.0397838928535,-58.96212143347034,-58.96676053333607,-0.29282661858314896,-0.32475481148333074,0.1673543202172455,0.009958004955455613,registered
631,1787909412.5167499,1787909412.516044,300.1490386852411,-59.85096131475888,-541.6311580556932,-59.75433251765661,-59.817287981690185,-0.033673333068691136,-0.03602455607324373,0.11042601013132691,0.006329341067803883,registered
632,1787909412.5456378,1787909412.5450356,299.77825376756954,-60.22174623243046,-542.0019429733647,-60.5422436765143,-60.6869903649918,0.4652441325613381,0.5368608972914899,0.21372583490749109,0.011942231944751844,registered
633,1787909412.5739293,1787909412.573372,298.638640940495,-61.36135905950499,-543.1415558004393,-61.45652410809731,-61.537031466618316,0.17567240711332488,0.16405313749771722,0.12068464059317459,0.006286143660405899,registered
634,1787909412.602641,1787909412.6018872,297.4399603700103,-62.56003962998972,-544.340236370924,-62.340190149314466,-62.39244383872068,-0.16759579126903645,-0.2238419911152505,0.24175257960013016,0.012295980715317727,registered
635,1787909412.633332,1787909412.6314864,296.91601801366147,-63.08398198633853,-544.8641787272728,-63.165215690777416,-63.28036991998823,0.19638793364970297,0.20833235755708301,0.15722883902249044,0.008081421845573051,registered
636,1787909412.6595683,1787909412.6588805,295.9430506709212,-64.0569493290788,-545.8371460700131,-64.07416471540051,-64.10214569415751,0.04519636507870928,0.052766048809303356,0.1544940022908789,0.008273873498249939,registered
637,1787909412.6882513,1787909412.6874666,294.82493543622076,-65.17506456377924,-546.9552613047135,-65.03637130636363,-64.9596822571138,-0.21538230666544678,-0.209249040446025,0.1830947361616023,0.01033796289422828,registered
638,1787909412.7168825,1787909412.716226,294.1160121066751,-65.8839878933249,-547.6641846342592,-65.88386959372964,-65.82241843875971,-0.0615694545651877,-0.04758994494579838,0.11660477350827751,0.00674534641232834,registered
639,1787909412.745477,1787909412.7447815,293.5386342281943,-66.46136577180567,-548.24156251274,-66.67309799629042,-66.67903237336537,0.2176666015596993,0.20454273596135408,0.19131427814355875,0.011195791665222478,registered
640,1787909412.7738209,1787909412.773293,292.34568678188083,-67.65431321811917,-549.4345099590535,-67.54029461748802,-67.53433031094363,-0.11998290717554028,-0.1265087213755578,0.10346352952792014,0.0060511285318181835,registered
641,1787909412.802503,1787909412.8018382,291.3861261944117,-68.6138738055883,-550.3940705465226,-68.40433305397103,-68.39063670276556,-0.22323710282273623,-0.2191250350614382,0.23464050642357526,0.01343389391580528,registered
642,1787909412.8325403,1787909412.8309312,290.97580737568234,-69.02419262431766,-550.804389365252,-69.19457241996756,-69.26337875311418,0.23918612879651846,0.24212320617584737,0.1186691214693602,0.006705195267563338,registered
643,1787909412.8604732,1787909412.8597338,290.13925139630163,-69.86074860369837,-551.6409453446327,-70.02677702720143,-70.12740947531421,0.26666087161584073,0.2645527626804096,0.13290615700654118,0.00728442047411436,registered
644,1787909412.8884633,1787909412.8878145,288.86477920249985,-71.13522079750015,-552.9154175384344,-70.96439515810633,-70.96978346382485,-0.16543733367529967,-0.18761195828756172,0.20172002672760092,0.01062694103208368,registered
645,1787909412.916874,1787909412.9161668,288.09127709086664,-71.90872290913336,-553.6889196500676,-71.83440950431931,-71.82030376002109,-0.08841914911226922,-0.09665502294819817,0.09176406469951487,0.004791749185728136,registered
646,1787909412.9455464,1787909412.944867,287.6404065271103,-72.35959347288969,-554.139790213824,-72.6612344036605,-72.68125905438541,0.3216655814957221,0.3180876447376022,0.23087466239907475,0.01208381706205184,registered
647,1787909412.985819,1787909412.984748,286.29995792174185,-73.70004207825815,-555.4802388191924,-73.59897449990726,-73.87762193894156,0.1775798606834087,0.16836145197260066,0.09216580536220959,0.004999106811134496,registered
648,1787909413.0029287,1787909413.0022974,285.11638381378924,-74.88361618621076,-556.663812927145,-74.52857429873539,-74.40407796714936,-0.4795382190613964,-0.4853185542135634,0.19974545117989845,0.011356728942289087,registered
649,1787909413.0316489,1787909413.0308423,284.903598008934,-75.09640199106599,-556.8765987320003,-75.33465075549053,-75.26037720681364,0.16397521574765506,0.1497026717843255,0.1655628331751667,0.00948781646774232,registered
650,1787909413.0599167,1787909413.0591826,284.1123774636507,-75.88762253634928,-557.6678192772836,-76.13995720583799,-76.11053989512203,0.22291735877274732,0.20239799581725038,0.189538100443844,0.011129155217754837,registered
651,1787909413.0883057,1787909413.0876954,282.58356176810236,-77.41643823189764,-559.1966349728319,-77.06231073099693,-76.965873593489,-0.45056463840865035,-0.43675348134456726,0.1776254096051937,0.010597344491710734,registered
652,1787909413.1168394,1787909413.1161284,282.0345620078513,-77.96543799214868,-559.745634733083,-77.8665646763773,-77.81881847116512,-0.14661952098356323,-0.14849366932151042,0.08956481524089299,0.0053173499099768515,registered
653,1787909413.1455898,1787909413.1448596,281.74809048735705,-78.25190951264295,-560.0321062535772,-78.61393687280403,-78.68070354603793,0.4287940333949791,0.4029351528405414,0.18378742785070024,0.01086182205038142,registered
654,1787909413.1740923,1787909413.1735444,280.50791875713895,-79.49208124286105,-561.2722779837953,-79.51069962460141,-79.54120110230582,0.049119859444772374,0.03160529741978735,0.07477820518686934,0.004285076679614628,registered
655,1787909413.2028265,1787909413.20209,279.1261944672489,-80.87380553275108,-562.6540022736854,-80.41972630924363,-80.39752179844328,-0.476283734307799,-0.49345744143749926,0.2036079655381503,0.011232746181555784,registered
656,1787909413.232772,1787909413.2307005,279.06188256818695,-80.93811743181305,-562.7183141727473,-81.21911486771941,-81.2557878814909,0.3176704496778484,0.290361076363979,0.11349322070260093,0.006252773430561446,registered
657,1787909413.2598343,1787909413.259134,278.23911874346476,-81.76088125653524,-563.5410779974695,-82.11618760048678,-82.10874706348244,0.3478658069471976,0.3178259859383843,0.12208759973397657,0.00665227584104422,registered
658,1787909413.2888026,1787909413.2879803,276.56285031061265,-83.43714968938735,-565.2173464303216,-83.10123829089369,-82.97408663055211,-0.463063058835246,-0.5051675309424581,0.16280634935097105,0.00902357042191713,registered
659,1787909413.3176649,1787909413.3170297,275.8370829007919,-84.16291709920807,-565.9431138401424,-83.94218242769728,-83.84551983603109,-0.3173972631769857,-0.35541625824498624,0.07547045317182129,0.004253461702463858,registered
660,1787909413.3456001,1787909413.3450413,275.59169438460236,-84.40830561539764,-566.1885023563319,-84.72293436588086,-84.68581969879193,0.2775140833942942,0.2583821609395045,0.20532302003009037,0.01163442865549526,registered
661,1787909413.374487,1787909413.373853,274.3181365320533,-85.6818634679467,-567.462060208881,-85.6231257631047,-85.55012220298676,-0.13174126495994187,-0.1576817185462005,0.08017449396531273,0.0046144372994460755,registered
662,1787909413.4027913,1787909413.4021971,273.21679272554815,-86.78320727445185,-568.5634040153861,-86.45778763475465,-86.40039932581936,-0.38280794863248957,-0.41060922231292807,0.17034643880900135,0.009678020425748213,registered
663,1787909413.4327147,1787909413.4307554,273.0601211685128,-86.93987883148719,-568.7200755724215,-87.18899592977355,-87.25709908631796,0.3172202548307723,0.28968272864142364,0.12661879117175975,0.007164645276503816,registered
664,1787909413.4598703,1787909413.4591434,272.21618017918087,-87.78381982081913,-569.5640165617534,-88.0198340445695,-88.10869220617786,0.32487238535873075,0.3023878701527565,0.14444333496255052,0.007934071375450524,registered
665,1787909413.4888601,1787909413.4878519,270.88221014107916,-89.11778985892084,-570.8979865998551,-88.94887549633472,-88.9698978260638,-0.1478920328570439,-0.18260567443269338,0.1965395114576302,0.010162325270652563,registered
666,1787909413.522709,1787909413.5219817,270.0721286337861,-89.92787136621388,-571.7080681071482,-89.78558642133635,-89.99373636119543,0.06586499498155263,0.01854484438695181,0.10664127777990572,0.0053443270303164606,registered
667,1787909413.5455413,1787909413.544899,269.55438525581104,-90.44561474418896,-572.2258114851232,-90.63903419494818,-90.68121606915378,0.23560132496481856,0.2135439444188023,0.20342702433363063,0.010059290791201032,registered
668,1787909413.5741482,1787909413.5735245,268.4192360375062,-91.58076396249379,-573.3609607034281,-91.59394888215382,-91.53993273814007,-0.04083122435372388,-0.08126961687867151,0.0773935810405894,0.0038021110124283972,registered
669,1787909413.6024988,1787909413.6018991,267.28318313621077,-92.71681686378923,-574.4970136047235,-92.47722156331119,-92.39112533716553,-0.32569152662370016,-0.36797765991695996,0.19941871587856935,0.01000177254198702,registered
670,1787909413.6318393,1787909413.631069,266.81386996650514,-93.18613003349486,-574.9663267744291,-93.30226471920206,-93.26617038231194,0.08004034881707867,0.08517787578284697,0.14331047257962862,0.007285434676007278,registered
671,1787909413.6602402,1787909413.6596963,265.9689498314645,-94.0310501685355,-575.8112469094698,-94.16429707511787,-94.12494426856034,0.09389410002484055,0.08546713010309759,0.15590779393740983,0.008142482225512506,registered
672,1787909413.6884928,1787909413.6878011,264.83200092254566,-95.16799907745434,-576.9481958183886,-95.0419196630153,-94.96804062500433,-0.1999584524500051,-0.21608472118293776,0.17812911987422828,0.009615001992366607,registered
673,1787909413.7167299,1787909413.7160923,264.09238979924584,-95.90761020075416,-577.6878069416885,-95.83613277123825,-95.81672996881474,-0.09088023193942263,-0.09411021473999881,0.07372689232218153,0.0040371957378170465,registered
674,1787909413.7456467,1787909413.7448716,263.3998052398089,-96.60019476019107,-578.3803915011254,-96.66504040670034,-96.6800597795546,0.07986501936352397,0.08010267274744365,0.18346306978974242,0.010106226760521989,registered
675,1787909413.7740505,1787909413.7734873,262.5157348136341,-97.48426518636592,-579.2644619273002,-97.5371343915076,-97.5384832100728,0.05421802370688056,0.04664132173741109,0.07640157730738269,0.0041919502640361105,registered
676,1787909413.8030865,1787909413.802146,261.5822203739759,-98.41777962602413,-580.1979763669584,-98.37934086334067,-98.39819402898735,-0.0195855970367802,-0.03770216605960286,0.19051460699901593,0.010285256315639969,registered
677,1787909413.831846,1787909413.8311563,260.8370934456295,-99.16290655437052,-580.9431032953048,-99.20788717405198,-99.26845428059409,0.10554772622356268,0.09555843048224233,0.12306927738699647,0.006529568773606726,registered
678,1787909413.8597288,1787909413.8590758,259.8404604447514,-100.15953955524861,-581.9397362961829,-100.09041847248001,-100.10599341046071,-0.05354614478790154,-0.06545552413081168,0.14550395758547155,0.007563790251594663,registered
679,1787909413.8889818,1787909413.888205,259.0752506319188,-100.92474936808122,-582.7049461090155,-100.98644439383656,-100.97982258878841,0.05507322070718601,-0.00030256469824507803,0.20619278078598005,0.010635683785564317,registered
680,1787909413.9177465,1787909413.9170394,258.10117592671446,-101.89882407328554,-583.6790208142198,-101.87840339032016,-101.84480454797011,-0.0540195253154252,-0.10232099612551337,0.09764037864855196,0.0050491024662067474,registered
681,1787909413.945983,1787909413.9452052,257.26842573198695,-102.73157426801305,-584.5117710089473,-102.77055073771663,-102.68973185680017,-0.041842411212883235,-0.05678770428767166,0.1911265694704756,0.009983742147666178,registered
682,1787909413.974804,1787909413.9741392,256.341849353942,-103.658150646058,-585.4383473869923,-103.65027713866286,-103.55770341792453,-0.10044722813347562,-0.1499907393747435,0.0842830317085396,0.004465011862635287,registered
683,1787909414.002877,1787909414.002255,255.4509353921274,-104.5490646078726,-586.3292613488069,-104.48641993257593,-104.40112877362543,-0.14793583424716417,-0.20958950909891882,0.19048637812162614,0.010217478446035686,registered
684,1787909414.032962,1787909414.0308983,254.58962058061962,-105.41037941938038,-587.1905761603147,-105.3452144048781,-105.26038185444355,-0.14999756493682526,-0.17724697393680344,0.13406878854593787,0.0072643461587668075,registered
685,1787909414.0600536,1787909414.059355,253.83170241012664,-106.16829758987336,-587.9484943308076,-106.19089359143584,-106.1140347957375,-0.05426279413586599,-0.09025935286558706,0.11220208567190106,0.006128132611125887,registered
686,1787909414.0886998,1787909414.0878894,253.0822197282352,-106.9177802717648,-588.6979770126991,-107.0246816438908,-106.97001934046051,0.052239068695712376,0.00971615458740871,0.16860528400239982,0.00927813058559373,registered
687,1787909414.1169603,1787909414.1163235,252.1822074939708,-107.8177925060292,-589.5979892469635,-107.86430409504376,-107.82299282676757,0.005200320738367736,-0.03595651283217194,0.07918159062433011,0.00439332157349247,registered
688,1787909414.1456547,1787909414.144979,251.19693536730648,-108.80306463269352,-590.5832613736278,-108.70773394709335,-108.68261066763131,-0.12045396506221095,-0.1687418458374168,0.15729042573184712,0.008785541371769921,registered
689,1787909414.1742334,1787909414.1736503,250.39937206295923,-109.60062793704077,-591.380824677975,-109.56582573027174,-109.542700550907,-0.05792738613376969,-0.0892980843082114,0.05651686160761332,0.0031657419204272775,registered
690,1787909414.2027416,1787909414.2021348,249.64196346776163,-110.35803653223837,-592.1382332731727,-110.42492455189262,-110.39719029465863,0.03915376242025559,0.03293583004517586,0.1536869336019544,0.008615716579842114,registered
691,1787909414.2321818,1787909414.2309346,248.6653136239069,-111.33468637609309,-593.1148831170274,-111.28707294845458,-111.2611351909656,-0.07355118512748504,-0.09124033975160728,0.12245406152982413,0.006862611987864123,registered
692,1787909414.2599208,1787909414.2592466,247.8979292482399,-112.1020707517601,-593.8822674926944,-112.1309893478761,-112.1104467725009,0.008376020740797685,-0.009641780057336291,0.11450319820961948,0.006413046897112093,registered
693,1787909414.288324,1787909414.2877345,247.02748372610296,-112.97251627389704,-594.7527130148313,-112.95458817606755,-112.9650366464611,-0.007479627435941438,-0.009643861304084567,0.16568366489843403,0.009263543851411364,registered
694,1787909414.3171213,1787909414.3164895,246.21840834604876,-113.78159165395124,-595.5617883948855,-113.80499740117597,-113.82763693710962,0.04604528315837797,0.03620222996823941,0.08567144049750836,0.004768252732201972,registered
695,1787909414.345836,1787909414.3451273,245.28881714303526,-114.71118285696474,-596.491379597899,-114.67042206658161,-114.68672551829928,-0.02445733866545652,-0.03285327425703599,0.14324898257757426,0.007879598759135074,registered
696,1787909414.3740647,1787909414.373496,244.49237999745077,-115.50762000254923,-597.2878167434835,-115.52181577639047,-115.53773931338088,0.03011931083165109,0.018992438049508564,0.09170590087053286,0.004958452001190549,registered
697,1787909414.4029055,1787909414.4022827,243.68320720692844,-116.31679279307156,-598.0969895340058,-116.39667239244605,-116.40129084101119,0.08449804793963267,0.05559430554512801,0.1849960064856562,0.009768526642062448,registered
698,1787909414.4328077,1787909414.430909,242.69823368529313,-117.30176631470687,-599.0819630556412,-117.2759572411164,-117.26002896647066,-0.04173734823621089,-0.05172163721283596,0.1094787572494557,0.005591528347831906,registered
699,1787909414.4599524,1787909414.4592245,241.81394820918496,-118.18605179081504,-599.9662485317493,-118.13918770413727,-118.1094478303724,-0.07660396044263962,-0.08940943070399499,0.12351787346380454,0.006133643808697228,registered
700,1787909414.4888022,1787909414.4879382,241.01370911834698,-118.98629088165302,-600.7664876225873,-118.97653923785721,-118.97081079772892,-0.015480083924103383,-0.009687854397839146,0.14520747338783532,0.007074572342470305,registered
701,1787909414.5174482,1787909414.516713,240.13487759431456,-119.86512240568544,-601.6453191466197,-119.83128072285066,-119.83400471747126,-0.031117688214180816,-0.026464156963243113,0.07278926810099046,0.0035086051212348942,registered
702,1787909414.5456524,1787909414.545069,239.28970066139044,-120.71029933860956,-602.4904960795438,-120.6910540131455,-120.68463944819172,-0.02565989041784178,-0.013086067329709294,0.1797927004867964,0.008668532565516307,registered
703,1787909414.5742881,1787909414.5736642,238.56766093733535,-121.43233906266465,-603.2125358035989,-121.54767477317918,-121.5424477931428,0.11010873047814584,0.10133161512771949,0.06423973705748372,0.0031190899902166285,registered
704,1787909414.603278,1787909414.6026046,237.65725315939795,-122.34274684060205,-604.1229435815363,-122.41083493856473,-122.41061246252656,0.06786562192451129,0.019029056611316264,0.14622755714996086,0.007204791535850783,registered
705,1787909414.6318448,1787909414.6310148,236.66699337773815,-123.33300662226185,-605.1132033631961,-123.2702518413231,-123.26287073305792,-0.07013588920392522,-0.08528915028614392,0.10476043612563658,0.005256897164468825,registered
706,1787909414.6597712,1787909414.659156,235.79190375346656,-124.20809624653344,-605.9882929874677,-124.109565530966,-124.10706136963887,-0.10103487689457324,-0.09676808777237511,0.09967859944950476,0.005068456564303253,registered
707,1787909414.6887693,1787909414.688099,234.9870103236122,-125.0129896763878,-606.7931864173221,-124.9646468771191,-124.97529756060027,-0.03769211578753584,-0.06296027836015128,0.157678495070838,0.008063151192794112,registered
708,1787909414.7178576,1787909414.7168581,234.2462972116345,-125.7537027883655,-607.5338995292998,-125.82155146902946,-125.83802659008853,0.08432380172303056,0.08492702448131695,0.11736137423634091,0.0059816154021248655,registered
709,1787909414.7457356,1787909414.7450078,233.43017713193848,-126.56982286806152,-608.3500196089958,-126.62050080916825,-126.68246755219099,0.11264468412946371,0.13000735814739528,0.12255143558213369,0.006146925827015029,registered
710,1787909414.7741966,1787909414.773629,232.56882830336195,-127.43117169663805,-609.2113684375723,-127.44272530794957,-127.54105548233764,0.10988378569959423,0.10779938681866952,0.09385658102863419,0.0045526192348064164,registered
711,1787909414.8029003,1787909414.8022265,231.626121547026,-128.373878452974,-610.1540751939083,-128.28801334722613,-128.39893534886625,0.025056895892248576,0.009600044878766312,0.16800367652237969,0.007695945078462196,registered
712,1787909414.8316717,1787909414.8310082,230.85704106200632,-129.14295893799368,-610.923155678928,-129.1744766469216,-129.26233668118363,0.11937774318994343,0.08000973048012838,0.160029971294336,0.006902714509439753,registered
713,1787909414.8599024,1787909414.8592634,230.06639447707113,-129.93360552292887,-611.7138022638632,-130.08970486896186,-130.10994604917272,0.17634052624384822,0.12529123811782483,0.20655758972970784,0.008334159772054584,registered
714,1787909414.8885963,1787909414.8879128,228.93750564014016,-131.06249435985984,-612.8426911007941,-130.9567923714235,-130.9693779339347,-0.09311642592513181,-0.06539397743358677,0.19752285118088123,0.007403456369569187,registered
715,1787909414.9175553,1787909414.9164488,228.1476955610445,-131.8523044389555,-613.6325011798898,-131.82427492225045,-131.82541254376196,-0.026891895193557502,-0.0041333821940270354,0.16699602504214175,0.006195075006319737,registered
716,1787909414.946191,1787909414.945368,227.19750429647075,-132.80249570352925,-614.5826924444635,-132.71380269196365,-132.69294067110542,-0.10955503242382747,-0.15768427735565638,0.2289657537248382,0.008873261119968149,registered
717,1787909414.9742172,1787909414.9736404,226.42010457188127,-133.57989542811873,-615.360092169053,-133.5927489719284,-133.54106499445294,-0.03883043366579386,-0.04102745119178053,0.20269032722303063,0.008387284705991862,registered
718,1787909415.0029411,1787909415.0022688,225.7508964108095,-134.2491035891905,-616.0293003301248,-134.44354621292132,-134.39986748933228,0.15076390014178287,0.1557727215357545,0.24763858389676371,0.010894059536742154,registered
719,1787909415.032609,1787909415.03086,224.64095047664665,-135.35904952335335,-617.1392462642876,-135.26823445052958,-135.2575542476015,-0.10149527575185857,-0.14736218711743732,0.1870656056840613,0.008954124394155254,registered
720,1787909415.0601137,1787909415.0595243,223.75953315908845,-136.24046684091155,-618.0206635818458,-136.1333397576476,-136.11743671830226,-0.12303012260929336,-0.17365885141339277,0.1928115222074342,0.009609438747425376,registered
721,1787909415.0889008,1787909415.0880013,223.11461556055332,-136.88538443944668,-618.665581180381,-136.9651567323617,-136.97169759300567,0.08631315355899005,0.08906684516500718,0.20629261818130254,0.010421208912797693,registered
722,1787909415.117097,1787909415.1164825,222.200171420534,-137.799828579466,-619.5800253204003,-137.81187599084075,-137.82608720654872,0.026258627082711428,0.055965584085925,0.1907778762285726,0.009627319878002355,registered
723,1787909415.1458108,1787909415.1450865,221.29627489269063,-138.70372510730937,-620.4839218482437,-138.6744417100979,-138.68416018133684,-0.019564925972531455,-0.007409538655906545,0.22640631252975327,0.011213683551128055,registered
724,1787909415.1741579,1787909415.1736143,220.4620057581878,-139.5379942418122,-621.3181909827465,-139.48341124200402,-139.53994446564258,0.0019502238303630293,0.02548418141179809,0.19124532647125225,0.009218497833588586,registered
725,1787909415.2033927,1787909415.2027,219.7508800392365,-140.2491199607635,-622.0293167016978,-140.31926223194654,-140.41246479910063,0.16334483833713875,0.16274331419492682,0.2188700387296337,0.010270089704411275,registered
726,1787909415.2321074,1787909415.2311504,218.7592544585495,-141.2407455414505,-623.0209422823848,-141.24785442522386,-141.26593178429295,0.025186242842437423,-0.029449291345486017,0.18414491089913185,0.008332553885677321,registered
727,1787909415.2599156,1787909415.2591975,217.8227548832761,-142.1772451167239,-623.9574418576582,-142.18241881911933,-142.1072973185598,-0.06994779816409391,-0.10169106662965532,0.1821267445913534,0.00806995679182838,registered
728,1787909415.2890651,1787909415.2883117,217.05593808626787,-142.94406191373213,-624.7242586546664,-143.1011833257903,-142.98067591094872,0.03661399721659109,0.0865660135567623,0.18351458363559708,0.00816519093132103,registered
729,1787909415.3169718,1787909415.3163815,215.97701830039767,-144.02298169960233,-625.8031784405366,-144.0265091806412,-143.82272090020246,-0.20026079939987085,-0.14851515823045247,0.17583197560712788,0.008223552013017483,registered
730,1787909415.3459044,1787909415.3453033,214.78725175181165,-145.21274824818835,-626.9929449891226,-144.93912390967617,-144.6903277012812,-0.5224205469071421,-0.48110531724421435,0.1862130397124496,0.009620114629421314,registered
731,1787909415.3741112,1787909415.3735647,214.18367230159282,-145.81632769840718,-627.5965244393415,-145.76901472705157,-145.53812302537193,-0.27820467303524765,-0.3313383504671492,0.1326117640323737,0.007236214532974237,registered
732,1787909415.4037204,1787909415.402849,213.53513059061964,-146.46486940938036,-628.2450661503146,-146.56013736946846,-146.4166011062419,-0.04826830313845676,-0.1570393650852111,0.15342657950758173,0.008836948053828302,registered
733,1787909415.4385548,1787909415.4373238,212.63068462178052,-147.36931537821948,-629.1495121191538,-147.36833918391355,-147.45078881364867,0.08147343542918861,0.021642456365384533,0.10964091993340622,0.006712351026284152,registered
734,1787909415.4599442,1787909415.4593396,211.89870295007648,-148.10129704992352,-629.8814937908578,-148.14089325482303,-148.11122621312614,0.009929163202627933,-0.04293634699672566,0.10830767945713901,0.006874883327056878,registered
735,1787909415.4890587,1787909415.488377,211.22423849783848,-148.77576150216152,-630.5559582430958,-148.88642112080097,-148.98230181071716,0.20654030855564542,0.25527176765149306,0.1355648786537153,0.008820269061636974,registered
736,1787909415.5173185,1787909415.5165808,210.28777101840632,-149.71222898159368,-631.492425722528,-149.70334655597145,-149.82836631263064,0.11613733103695267,0.16377240082965727,0.11860217257032897,0.007914516717140533,registered
737,1787909415.5460975,1787909415.5455575,209.2775532035301,-150.7224467964699,-632.5026435374042,-150.54528354715512,-150.69761810999358,-0.024828686476325856,-0.004754972113232725,0.13517464633261322,0.009203297767358617,registered
738,1787909415.5759356,1787909415.5752523,208.64762994821416,-151.35237005178584,-633.1325667927201,-151.35692033084848,-151.5884122065218,0.23604215473596923,0.2645860349572331,0.1189066712745711,0.008163945248311393,registered
739,1787909415.6028883,1787909415.6021338,207.9737977960504,-152.0262022039496,-633.8063989448839,-152.18159115241048,-152.39481084151265,0.3686086375630566,0.408816006461052,0.1262592497709782,0.008699940763277276,registered
740,1787909415.6368105,1787909415.6352942,206.93560394311936,-153.06439605688064,-634.8445927978149,-153.02931815898188,-153.38956870320266,0.3251726463220166,0.3406282741599398,0.14360037479602306,0.00980846492639401,registered
741,1787909415.6601744,1787909415.659566,206.06712223271137,-153.93287776728863,-635.7130745082229,-153.85589383482613,-154.11767981938084,0.18480205209220912,0.19561846468559452,0.15829682513437393,0.010610248965328169,registered
742,1787909415.6892192,1787909415.6884584,205.405336834631,-154.594663165369,-636.3748599063033,-154.6651874666032,-154.98440690505544,0.3897437396864234,0.40723329561501487,0.1656673780013011,0.010937325838939268,registered
743,1787909415.7172134,1787909415.7165444,204.47599520714863,-155.52400479285137,-637.3042015337857,-155.51113495285438,-155.82693824103666,0.30293344818528567,0.3043831551008225,0.16577144970751884,0.01086748794910885,registered
744,1787909415.7464333,1787909415.7457578,203.52195563557888,-156.47804436442112,-638.2582411053554,-156.3780030580627,-156.7032921310527,0.22524776663158264,0.243544725232141,0.17604356775403907,0.01183889017279663,registered
745,1787909415.7741816,1787909415.7736614,202.81414765573612,-157.18585234426388,-638.9660490851982,-157.20949549902286,-157.5403520663496,0.354499722085734,0.348295252810658,0.14874526054214884,0.010402857994683684,registered
746,1787909415.8029852,1787909415.8023677,202.04873314335993,-157.95126685664007,-639.7314635975744,-158.07480262675685,-158.40149331681556,0.45022646017548595,0.4585064674319028,0.15714777467023253,0.011556747416630233,registered
747,1787909415.8346817,1787909415.8312504,201.01607860302335,-158.98392139697665,-640.7641181379109,-158.99517648808563,-159.26792716402218,0.28400576704552805,0.3446166897193734,0.1533012308506385,0.011946472483009256,registered
748,1787909415.8602796,1787909415.8596492,200.00682497978056,-159.99317502021944,-641.7733717611537,-159.90472032153824,-160.1198421309811,0.12666711076167303,0.18319590741725733,0.15605512764619575,0.012515634283478147,registered
749,1787909415.888772,1787909415.8880975,199.26128246831985,-160.73871753168015,-642.5189142726144,-160.80210808339635,-160.97324474675366,0.2345272150735127,0.2601849504471829,0.18125143909138206,0.014566550620928959,registered
750,1787909415.9171937,1787909415.916473,198.23979669347062,-161.76020330652938,-643.5404000474637,-161.731884616642,-161.82445880225242,0.0642554957230459,0.07837626922002983,0.1551079470957008,0.012293980775723419,registered
751,1787909415.9595423,1787909415.9585,197.23562399802876,-162.76437600197124,-644.5445727429055,-162.66706460525052,-163.085198258783,0.32082225681176624,0.33009658743947057,0.17660977956695897,0.013797050266034018,registered
752,1787909415.9743364,1787909415.9737344,196.48785608998156,-163.51214391001844,-645.2923406509527,-163.56125997529026,-163.54220683516627,0.030062925147831265,0.07055740991904713,0.1807164204930247,0.014087241314252907,registered
753,1787909416.0032444,1787909416.0025182,195.6689377975735,-164.3310622024265,-646.1112589433608,-164.44078657483175,-164.4056725369034,0.07461033447691534,0.16033777583402298,0.17445033599578583,0.01368292475040077,registered
754,1787909416.0347328,1787909416.0320773,194.60026388747104,-165.39973611252896,-647.1799328534632,-165.3498958147494,-165.29239705566778,-0.1073390568611785,-0.060737763910992726,0.18053931786824076,0.0142833144121034,registered
755,1787909416.0604906,1787909416.0597482,193.6907200706167,-166.3092799293833,-648.0894766703176,-166.22674375154034,-166.12247648499334,-0.186803444389966,-0.17434280751990627,0.1709704313242806,0.013436296509296853,registered
756,1787909416.0887992,1787909416.0880616,192.96577746373129,-167.03422253626871,-648.814419277203,-167.0743330093654,-166.97183097947521,-0.06239155679350006,-0.05109826923558103,0.16270026090623257,0.012531636344099465,registered
757,1787909416.1172817,1787909416.1167395,192.0891610088667,-167.9108389911333,-649.6910357320676,-167.930192138483,-167.83212112316806,-0.07871786796522429,-0.10147674328800349,0.1578728900714017,0.01166983932222212,registered
758,1787909416.1459587,1787909416.1453443,191.10850773246278,-168.89149226753722,-650.6716890084715,-168.81496244209598,-168.69021555442947,-0.2012767131077453,-0.25009696860354325,0.14653984339391535,0.010231799797280876,registered
759,1787909416.1744783,1787909416.1738489,190.39055216454602,-169.60944783545398,-651.3896445763883,-169.64221943670134,-169.5453060794328,-0.06414175602117211,-0.09022154572744512,0.17976236866874865,0.012097922503460342,registered
760,1787909416.2029593,1787909416.2023847,189.63462109796188,-170.36537890203812,-652.1455756429724,-170.47394206765165,-170.4013335371023,0.03595463506417218,0.015319789499017133,0.18860163211059017,0.012408997737415592,registered
761,1787909416.2330627,1787909416.2310615,188.59710268992734,-171.40289731007266,-653.183094051007,-171.371340760817,-171.26158792000632,-0.1413093900663398,-0.10242769845069688,0.12686644792210428,0.008397470407087448,registered
762,1787909416.260141,1787909416.2595882,187.58338840032985,-172.41661159967015,-654.1968083406044,-172.27338243099962,-172.11734359568112,-0.2992680039890274,-0.24802524589119912,0.14805105896909015,0.010201154172424415,registered
763,1787909416.2887526,1787909416.2880588,187.0620776253649,-172.9379223746351,-654.7181191155694,-173.13807458307943,-172.97141136212502,0.03348898748993179,-0.0013629314264562709,0.12484283092906359,0.00883815312462886,registered
764,1787909416.317183,1787909416.3166814,186.0104243137576,-173.9895756862424,-655.7697724271767,-174.02049833659754,-173.83004220521826,-0.1595334810241411,-0.1810290422156413,0.10172462079823953,0.007596377770951257,registered
765,1787909416.345679,1787909416.345051,184.89112941779985,-175.10887058220015,-656.8890673231344,-174.89253723104684,-174.6810846089308,-0.4277859732693514,-0.4383902243240527,0.12451336760909588,0.009668257084114205,registered
766,1787909416.3743217,1787909416.373768,184.25775595370902,-175.74224404629098,-657.5224407872253,-175.70974316330123,-175.5425477064959,-0.19969633979508217,-0.2410811265316397,0.08921346654224029,0.006990846898996254,registered
767,1787909416.40318,1787909416.402574,183.62673546946445,-176.37326453053555,-658.1534612714698,-176.5186497479171,-176.40667855890462,0.03341402836906582,-0.009127965684115225,0.13239472492490845,0.010357748239654395,registered
768,1787909416.4332058,1787909416.4310057,182.6344746896056,-177.3655253103944,-659.1457220513287,-177.35808302806885,-177.25958052363404,-0.10594478676034669,-0.16015476931988815,0.0997094162672224,0.007616237676209101,registered
769,1787909416.4600227,1787909416.4593883,181.8066879321322,-178.1933120678678,-659.9735088088021,-178.14571792879156,-178.1110091438656,-0.08230292400219241,-0.147941281589965,0.1099037016468493,0.008094330600480404,registered
770,1787909416.4888499,1787909416.488112,181.12883245395955,-178.87116754604045,-660.6513642869747,-178.9179620549724,-178.97267250184785,0.10150495580739971,0.1340600329959898,0.16932299359362651,0.012025799255304523,registered
771,1787909416.5171864,1787909416.5164933,180.26552094665163,-179.73447905334837,-661.5146757942827,-179.73023182424976,-179.8240653612906,0.089586307942227,0.11917158515291248,0.11450402379189015,0.0077607610424032065,registered
772,1787909416.5461311,1787909416.5455174,179.3736297871696,-180.6263702128304,-662.4065669537647,-180.56950711508108,-180.6947404380473,0.06837022521688141,0.08656689026190634,0.14698307472945965,0.009568445368382037,registered
773,1787909416.574583,1787909416.573987,178.618953908626,-181.381046091374,-663.1612428323083,-181.37114880022472,-181.54877959586014,0.16773350448613655,0.18686018335290555,0.10670723278027758,0.006781618323865411,registered
774,1787909416.603612,1787909416.6028266,177.91633770621735,-182.08366229378265,-663.8638590347169,-182.18376188747953,-182.41391890251265,0.3302566087299965,0.34120536118348355,0.13991078756320582,0.00877071126309666,registered
775,1787909416.6328743,1787909416.6309102,176.97758558986624,-183.02241441013376,-664.802611151068,-183.04301531594024,-183.25637871691623,0.23396430678246816,0.2537866653099172,0.16840315890005528,0.010510557228251595,registered
776,1787909416.660243,1787909416.6595433,175.9964542427427,-184.0035457572573,-665.7837424981916,-183.88848942324208,-184.11532425495085,0.11177849769353543,0.15520826061856496,0.16257676556156903,0.010348806636838414,registered
777,1787909416.6890678,1787909416.6881967,175.35022641059783,-184.64977358940217,-666.4299703303365,-184.71632041505893,-184.9748777263947,0.32510413699253604,0.36924405464162646,0.12327972274522436,0.008102274638847521,registered
778,1787909416.7173939,1787909416.7167683,174.45903079282715,-185.54096920717285,-667.3211659481071,-185.56156783969737,-185.83197800772786,0.2910088005550051,0.3329025788962099,0.13461171519638515,0.009481810918779029,registered
779,1787909416.746056,1787909416.7454982,173.45488635840064,-186.54511364159936,-668.3253103825336,-186.4201742036484,-186.69382732181185,0.1487136802124951,0.16395736641175063,0.1315067212856432,0.010210960395440982,registered
780,1787909416.7749922,1787909416.7741425,172.79137268605797,-187.20862731394203,-668.9888240548763,-187.24181007776,-187.55310901126091,0.34448169731888356,0.3718887498652066,0.11210064600163644,0.009261255441213744,registered
781,1787909416.803018,1787909416.8024087,172.0127295715701,-187.9872704284299,-669.7674671693642,-188.0690653598005,-188.4010473785068,0.4137769500769082,0.45054750026088186,0.12980148747418693,0.01137553117280299,registered
782,1787909416.832546,1787909416.8317692,171.02629589625843,-188.97370410374157,-670.7539008446759,-188.95458429083095,-189.28181414985914,0.30811004611757653,0.3147453613362359,0.11716689716665926,0.010726946003030478,registered
783,1787909416.8602335,1787909416.8595989,170.12586398026696,-189.87413601973304,-671.6543327606673,-189.83401357253763,-190.1166569162512,0.24252089651815822,0.24138032233088325,0.11848470786912674,0.010933492598100801,registered
784,1787909416.888961,1787909416.8882577,169.3544824744983,-190.6455175255017,-672.425714266436,-190.7243577619173,-190.97637488732352,0.33085736182181336,0.3445662062674728,0.14104528126173735,0.012856778485296656,registered
785,1787909416.9178023,1787909416.9171486,168.3569249583456,-191.6430750416544,-673.4232717825887,-191.65843798743714,-191.84305190789377,0.1999768662393535,0.20922317708345872,0.1468344105746851,0.01304620178338072,registered
786,1787909416.946201,1787909416.9454381,167.32790274585085,-192.67209725414915,-674.4522939950834,-192.59006102587307,-192.69169118659994,0.019593932450788998,0.03177637176463577,0.1675046264591899,0.014693957033609449,registered
787,1787909416.9747932,1787909416.9741168,166.49324469359289,-193.50675530640711,-675.2869520473414,-193.50035458411844,-193.55200278676608,0.04524748035896664,0.05178088365119038,0.16233751010001518,0.014403639559711686,registered
788,1787909417.0030606,1787909417.0024235,165.6039292361125,-194.3960707638875,-676.1762675048218,-194.43041124740682,-194.40115702083068,0.005086256943172884,-0.0009970153425911121,0.15288025133753738,0.013951847713359368,registered
789,1787909417.038619,1787909417.0374832,164.65936314738616,-195.34063685261384,-677.1208335935481,-195.35039097929732,-195.45288897121628,0.11225211860244144,0.10390453042430181,0.1476352749847478,0.013884232107213876,registered
790,1787909417.060185,1787909417.0595484,163.7378999584874,-196.2621000415126,-678.0422967824469,-196.23584263877336,-196.1148068673496,-0.14729317416299637,-0.14285059822714175,0.15105120995080923,0.014377508345233592,registered
791,1787909417.088929,1787909417.0881236,162.8842687502201,-197.1157312497799,-678.8959279907142,-197.1131868029202,-196.972014431049,-0.14371681873092257,-0.14010278004718657,0.13205857433942056,0.012410103242784633,registered
792,1787909417.1172514,1787909417.1166651,161.94883415158876,-198.05116584841124,-679.8313625893455,-198.00008838582835,-197.8282135405047,-0.22295230790655296,-0.2203881581690439,0.13878685449731956,0.01250257991860809,registered
793,1787909417.1460295,1787909417.1453881,161.154634497637,-198.845365502363,-680.6255622432973,-198.91528184714818,-198.68985544201377,-0.1555100603492292,-0.16566089275329432,0.13138920140997484,0.011201075188705107,registered
794,1787909417.174743,1787909417.1740868,160.2439505476222,-199.7560494523778,-681.5362461933121,-199.79380011601108,-199.5507678234316,-0.20528162894618163,-0.2366291711109625,0.14487656865851015,0.01146812648230727,registered
795,1787909417.203405,1787909417.2027574,159.3460946401146,-200.6539053598854,-682.4341021008197,-200.64642503973167,-200.410836250234,-0.24306910965140105,-0.29542570391129175,0.16532070892801093,0.012234012233624388,registered
796,1787909417.2327414,1787909417.231449,158.4212451558936,-201.5787548441064,-683.3589515850407,-201.54631474232485,-201.27153406691906,-0.30722077718735363,-0.34208004484639787,0.1294610652349801,0.009171536778226153,registered
797,1787909417.26059,1787909417.2599413,157.45026716560568,-202.54973283439432,-684.3299295753286,-202.43490160432947,-202.12625983187678,-0.4234730025175395,-0.43765226435152726,0.15098241535102322,0.010620048868484833,registered
798,1787909417.2888236,1787909417.2880464,156.88208268701288,-203.11791731298712,-684.8981140539214,-203.28677044466164,-202.96936334047854,-0.14855397250858005,-0.13575923014889213,0.14525485796673532,0.010331857546589962,registered
799,1787909417.317387,1787909417.3165631,155.92808108595074,-204.07191891404926,-685.8521156549835,-204.12465197875235,-203.82481862552748,-0.24710028852177857,-0.25802479662831956,0.10720482276896588,0.007863399987666149,registered
800,1787909417.3463123,1787909417.345757,154.8344586053435,-205.1655413946565,-686.9457381355908,-204.96200967460624,-204.70058603860747,-0.4649553560490176,-0.5185311186744457,0.15324204293830904,0.01160696966572382,registered
801,1787909417.3744888,1787909417.3738828,154.28627704678564,-205.71372295321436,-687.4939196941486,-205.74319004256276,-205.54431178493422,-0.16941116828013492,-0.23141993602155253,0.10123522158647906,0.007736028185184269,registered
802,1787909417.403021,1787909417.4023957,153.59178908532584,-206.40821091467416,-688.1884076556084,-206.51169525125917,-206.39965263545895,-0.008558279215208131,-0.08263360088653826,0.13283546268877583,0.010168677694820749,registered
803,1787909417.432181,1787909417.4314575,152.6037183768065,-207.3962816231935,-689.1764783641278,-207.29828996198728,-207.2714577531413,-0.12482387005218243,-0.19223234560161018,0.11644259823769032,0.00876964945240037,registered
804,1787909417.4603286,1787909417.4596086,151.90070941107223,-208.09929058892777,-689.8794873298621,-208.03375883637977,-208.11594162819034,0.01665103926256961,-0.024674513334048243,0.10257205039330562,0.007545999936550751,registered
805,1787909417.489124,1787909417.488439,151.34682637909208,-208.65317362090792,-690.4333703618422,-208.78970901041086,-208.98080915284794,0.32763553194001815,0.3663722347797602,0.16143967959083008,0.01159830584984071,registered
806,1787909417.5175152,1787909417.5168364,150.39605619376147,-209.60394380623853,-691.3841405471728,-209.6228905063631,-209.8326812068604,0.22873740062186698,0.2715671684919698,0.11690209156019962,0.008010815337083357,registered
807,1787909417.5460827,1787909417.5454435,149.55728501459424,-210.44271498540576,-692.22291172634,-210.44972705407037,-210.69084715969933,0.24813217429357337,0.2918918539249944,0.1592687366764278,0.01044427940191215,registered
808,1787909417.574637,1787909417.5739987,148.736314129003,-211.263685870997,-693.0438826119313,-211.2810303124548,-211.54745394214723,0.2837680711502344,0.3293506020705763,0.11365481433743457,0.007152498625311756,registered
809,1787909417.603013,1787909417.6023405,147.79154245444983,-212.20845754555017,-693.9886542864845,-212.1431596324249,-212.3976595434022,0.18920199785202385,0.2558064319512141,0.19117120702244758,0.01155652752387322,registered
810,1787909417.6328387,1787909417.6314428,146.93851847686352,-213.06148152313648,-694.8416782640708,-213.02358950172226,-213.27068052790327,0.20919900476678777,0.2316641932411585,0.1343475233633117,0.007932428005841468,registered
811,1787909417.6603246,1787909417.659688,146.1452022433279,-213.8547977566721,-695.6349944976064,-213.86566800742753,-214.1179895052665,0.26319174859440864,0.2696886112661332,0.15548332625577577,0.009138590271086247,registered
812,1787909417.6890297,1787909417.6882484,145.26554818611265,-214.73445181388735,-696.5146485548216,-214.72123377281255,-214.97475363518498,0.2403018212976349,0.2408871910332664,0.1907100822943307,0.011423227819384613,registered
813,1787909417.7175314,1787909417.7169068,144.46924548313967,-215.53075451686033,-697.3109512577946,-215.60419802105056,-215.83445730194177,0.3037027850814411,0.2794560085600324,0.14317415964866698,0.008890833604315003,registered
814,1787909417.7461019,1787909417.7454557,143.50138947559486,-216.49861052440514,-698.2788072653394,-216.48905862668664,-216.69087812828792,0.19226760388278308,0.19219968417633027,0.20592286023954176,0.01350450674978647,registered
815,1787909417.774787,1787909417.7741294,142.64504717535903,-217.35495282464097,-699.1351495655753,-217.3893492071022,-217.55103953314125,0.19608670850027465,0.17733277401327996,0.13965805924384603,0.009564166990614933,registered
816,1787909417.8032713,1787909417.8026984,141.6792352100686,-218.3207647899314,-700.1009615308657,-218.29521793435725,-218.408061140739,0.08729635080760545,0.06619675649778856,0.18687189336299223,0.013189784254921176,registered
817,1787909417.8322313,1787909417.8314502,140.69161005780762,-219.30838994219238,-701.0885866831267,-219.2158299468928,-219.2705684533367,-0.03782148885568404,-0.01782790071774798,0.1666942352010975,0.011824718889066402,registered
818,1787909417.8602474,1787909417.8596497,139.88711107483033,-220.11288892516967,-701.893085666104,-220.1591144029295,-220.11650421641042,0.0036152912407487747,0.026910629138114928,0.1895503906278339,0.013271961539119439,registered
819,1787909417.8889334,1787909417.888108,138.99931474115687,-221.00068525884313,-702.7808819997774,-221.07189861831984,-220.97020722280882,-0.030478036034310207,-0.03966335200368576,0.2429043186366424,0.016588302194544224,registered
820,1787909417.9305146,1787909417.929584,138.05395859859397,-221.94604140140603,-703.7262381423403,-221.9773925037445,-222.21441804276202,0.26837664135598516,0.26466530846801106,0.19289175017605295,0.01280503976277175,registered
821,1787909417.9472613,1787909417.946387,137.04030842422304,-222.95969157577696,-704.7398883167112,-222.8590186281616,-222.71848066503134,-0.24121091074562173,-0.236957254988738,0.19873231230538807,0.012883568312721987,registered
822,1787909417.9749484,1787909417.9741783,136.18444356286744,-223.81555643713256,-705.5957531780668,-223.73226044439514,-223.55217193402444,-0.2633845031081137,-0.24315539012820864,0.19846973948188731,0.01266542409236573,registered
823,1787909418.0036151,1787909418.0027022,135.45212018782928,-224.54787981217072,-706.328076553105,-224.61854401735732,-224.40784178380608,-0.14003802836464274,-0.1017071925646178,0.20995396249694465,0.013189311223947052,registered
824,1787909418.0327613,1787909418.031572,134.56005828350277,-225.43994171649723,-707.2201384574315,-225.4678007440561,-225.27388941449368,-0.1660523020035498,-0.16125308522532578,0.2141148655336103,0.013057784102772575,registered
825,1787909418.060286,1787909418.0596611,133.68403858920232,-226.31596141079768,-708.096158151732,-226.32890097335533,-226.11651372852572,-0.1994476822719662,-0.21132748856985017,0.1819503622778855,0.010597664445946496,registered
826,1787909418.0892882,1787909418.0887048,132.80236263685998,-227.19763736314002,-708.9778341040743,-227.22233774333165,-226.9877752822186,-0.20986208092142533,-0.18456336610029211,0.2546598925258343,0.013914593670603912,registered
827,1787909418.1176214,1787909418.1169395,131.90725621881808,-228.09274378118192,-709.8729405221162,-228.10472134964078,-227.83476956464045,-0.25797421654147,-0.26914273132592825,0.21314618660444803,0.010783193725901738,registered
828,1787909418.1460257,1787909418.145429,131.08370704139196,-228.91629295860804,-710.6964896995423,-228.96124829367005,-228.68940235154724,-0.22689060706079545,-0.29810528957443694,0.23006287888917057,0.010841052884039795,registered
829,1787909418.1748283,1787909418.1741447,130.02819932931646,-229.97180067068354,-711.7519974116178,-229.80737724554393,-229.55082968832352,-0.42097098236001784,-0.4764481147576589,0.27008893242572024,0.01184187493384675,registered
830,1787909418.2031453,1787909418.2025611,129.2414157832547,-230.7585842167453,-712.5387809576796,-230.6500836890923,-230.40327391495663,-0.35531030178867695,-0.36240158017449176,0.33038225749751926,0.014040630820593982,registered
831,1787909418.233044,1787909418.2314622,128.70548409606823,-231.29451590393177,-713.074712644866,-231.47184543927526,-231.27025847831038,-0.024257425621385664,-0.04943250977726166,0.2498430851742245,0.010508731757910313,registered
832,1787909418.2604806,1787909418.2597327,127.81357947362636,-232.18642052637364,-713.9666172673079,-232.28997017723486,-232.1183255843959,-0.06809494197773347,-0.0557340767917367,0.21730570804980812,0.00910893125215715,registered
833,1787909418.289136,1787909418.2885156,126.79582869176289,-233.2041713082371,-714.9843680491714,-233.1007962878065,-232.9817626775021,-0.2224086307350035,-0.2378912916660738,0.29859080137073374,0.012586780361781314,registered
834,1787909418.317706,1787909418.3170033,126.02005938412952,-233.97994061587048,-715.7601373568048,-233.94379030657132,-233.83634539930455,-0.14359521656592733,-0.1637927919464346,0.22824583194024073,0.00966956753619055,registered
835,1787909418.3461504,1787909418.3455694,125.23961749004815,-234.76038250995185,-716.5405792508861,-234.82204383280478,-234.69328118100924,-0.06710132894261278,-0.04847651225645677,0.26686686766742757,0.011349795957995769,registered
836,1787909418.3811846,1787909418.380336,124.32471789464222,-235.67528210535778,-717.4554788462921,-235.70507380194556,-235.73622312951107,0.060941024153294165,0.029366352096985793,0.21316879415225642,0.009097978654109608,registered
837,1787909418.4031854,1787909418.4026504,123.46545501423412,-236.53454498576588,-718.3147417267002,-236.54465177234277,-236.40561503050077,-0.1289299552651073,-0.1916330817856533,0.24363743910771538,0.010427706660182199,registered
838,1787909418.434266,1787909418.431798,122.4624264432893,-237.5375735567107,-719.317770297645,-237.37527999362987,-237.27999492497582,-0.25757863173487294,-0.23803131573038172,0.1842412951691539,0.007896570850166068,registered
839,1787909418.4607491,1787909418.4600365,121.8342235951605,-238.1657764048395,-719.9459731457738,-238.20431467184153,-238.1271036419218,-0.038672762917713044,-0.05661680955472548,0.2208370367013127,0.009448101894900295,registered
840,1787909418.4893718,1787909418.488446,121.00786914961208,-238.99213085038792,-720.7723275913222,-239.0452737005408,-238.97934045597987,-0.012790394408057182,0.008087470313626,0.22722102138657302,0.009648680735400188,registered
841,1787909418.5175314,1787909418.516973,120.12811324678938,-239.87188675321062,-721.6520834941449,-239.89108116171053,-239.83510328381232,-0.03678346939830135,-0.056748963258769436,0.17455801770911172,0.007301722843538799,registered
842,1787909418.546259,1787909418.545591,119.29310382634134,-240.70689617365866,-722.487092914593,-240.70196397871268,-240.69359823590815,-0.013297937750508027,-0.04084642404143324,0.25281570022480576,0.010382909016021121,registered
843,1787909418.574907,1787909418.5741687,118.48948245483285,-241.51051754516715,-723.2907142861014,-241.55383335797745,-241.55087732118517,0.040359776018021876,-0.05320471388347414,0.1778969073369351,0.007196034678055546,registered
844,1787909418.6030614,1787909418.6024535,117.45505142783003,-242.54494857216997,-724.3251453131043,-242.47972860690714,-242.39937355673607,-0.14557501543390572,-0.2041250369630916,0.27817313561458584,0.011217827927457583,registered
845,1787909418.6358669,1787909418.6350384,116.65276661319314,-243.34723338680686,-725.1274301277411,-243.35159768062678,-243.3768661095998,0.029632722792939603,-0.01117800044357864,0.1696833048066348,0.0069610579276710525,registered
846,1787909418.6607656,1787909418.6599965,115.9454589315655,-244.0545410684345,-725.8347378093688,-244.2131454826433,-244.12556828796147,0.07102721952696811,0.04027162543150098,0.24561014081098326,0.010366253159757335,registered
847,1787909418.6890771,1787909418.6884437,114.73306953390039,-245.2669304660996,-727.0471272070339,-245.08822883711505,-244.9789351429452,-0.287995323154405,-0.3305263858148919,0.21820385195632022,0.009805955799428737,registered
848,1787909418.7179022,1787909418.7171652,113.98024784767398,-246.01975215232602,-727.7999488932603,-245.91319681568802,-245.8405341315077,-0.17921802081832539,-0.21353975486977106,0.11574045467335344,0.0053980477766211125,registered
849,1787909418.746581,1787909418.7455673,113.42960964860112,-246.57039035139888,-728.3505870923332,-246.7040545281995,-246.69254922867532,0.12215887727643349,0.12092297122433138,0.22626145914620244,0.010794666340126203,registered
850,1787909418.7750072,1787909418.7743397,112.435952258437,-247.564047741563,-729.3442444824973,-247.53808985917152,-247.55567162684014,-0.008376114722864259,-0.039882430537659275,0.14722077978817685,0.007225687357936105,registered
851,1787909418.803588,1787909418.8028278,111.59501732661994,-248.40498267338006,-730.1851794143143,-248.39947627367366,-248.41026865295822,0.005285979578161459,-0.043276765921518745,0.2664227137423545,0.013222861386380423,registered
852,1787909418.8320928,1787909418.8314264,110.9708226011009,-249.0291773988991,-730.8093741398334,-249.17049857931863,-249.26817712811788,0.23899972921878998,0.23655003495468918,0.15192803407035418,0.007551796771523927,registered
853,1787909418.8614733,1787909418.8604696,109.94721964031413,-250.05278035968587,-731.8329771006202,-249.9811658754897,-250.13942437749512,0.08664401780924891,0.16310664996535706,0.17136033451119642,0.008452287312253955,registered
854,1787909418.8920379,1787909418.891477,108.95021849802782,-251.04978150197218,-732.8299782429065,-250.90860013314165,-251.06959825463576,0.019816752663587067,0.02266844907205723,0.24557401843792068,0.011914451519650062,registered
855,1787909418.9177203,1787909418.9170752,108.18964027572287,-251.81035972427713,-733.5905564652114,-251.80049300304782,-251.83749682441834,0.02713710014120352,0.033693519318035214,0.17207180610535408,0.00822015689437067,registered
856,1787909418.9473834,1787909418.9464276,107.65862662700891,-252.3413733729911,-734.1215701139254,-252.6529118423815,-252.71802042240705,0.37664704941596483,0.3664311227610142,0.2186326670343137,0.010338958297610201,registered
857,1787909418.9758887,1787909418.9751534,106.4263098101631,-253.5736901898369,-735.3538869307712,-253.55876615879149,-253.57974814980918,0.006057959972281424,-0.0027453832826722646,0.1417141015648493,0.006631086009908412,registered
858,1787909419.0033994,1787909419.0027628,105.1474266398173,-254.8525733601827,-736.632770101117,-254.46687735011267,-254.40798232243338,-0.4445910377493192,-0.4742682002059837,0.2810859056372775,0.013493707631382003,registered
859,1787909419.0324562,1787909419.0315857,104.8058330522694,-255.1941669477306,-736.9743636886649,-255.32930703493054,-255.27262097804277,0.07845403031217302,0.035971493421584455,0.15339119231271145,0.007466299635854493,registered
860,1787909419.0607448,1787909419.060023,104.03673178164496,-255.96326821835504,-737.7434649592893,-256.19446976351577,-256.1256945945584,0.16242637620337064,0.13228019962684812,0.19588779587046085,0.009911353763666662,registered
861,1787909419.0897317,1787909419.0891116,102.69377655752652,-257.3062234424735,-739.0864201834078,-257.1149317026439,-256.99830075390963,-0.3079226885638491,-0.32066267085485833,0.21631420308304794,0.011784781396928113,registered
862,1787909419.1179066,1787909419.1170685,101.98037649214297,-258.01962350785703,-739.7998202487913,-257.9318865843571,-257.83696277254415,-0.1826607353128793,-0.21036150823192656,0.13485781984289896,0.007590168937875441,registered
863,1787909419.1465623,1787909419.145933,101.501024258511,-258.498975741489,-740.2791724824233,-258.6970363569855,-258.7028459036033,0.2038701621142991,0.16135818999862295,0.22406265517687737,0.01282795736350607,registered
864,1787909419.1750877,1787909419.17433,100.3853160703348,-259.6146839296652,-741.3948806705995,-259.5852370590956,-259.554710805458,-0.05997312420720391,-0.07666273047527739,0.09528657584576555,0.00558330013453598,registered
865,1787909419.203621,1787909419.2029192,99.30148371706065,-260.69851628293935,-742.4787130238736,-260.459022698779,-260.4123403464651,-0.2861759364742511,-0.30397977100722073,0.23520319061468306,0.013824064423323032,registered
866,1787909419.2331493,1787909419.2323182,98.94284238653319,-261.0571576134668,-742.8373543544011,-261.22293031613594,-261.2942586152165,0.23710100174969284,0.21740040185113685,0.1323981022497798,0.007766265950440258,registered
867,1787909419.2606068,1787909419.259863,98.13068413180946,-261.86931586819054,-743.6495126091248,-262.07649351276103,-262.1205545530884,0.2512386848978849,0.21501896975883028,0.139312948897432,0.008112243496880509,registered
868,1787909419.2895052,1787909419.2888098,96.75648470476943,-263.24351529523057,-745.0237120361649,-263.0187469525201,-262.9889123307317,-0.2546029644988721,-0.27977187097883416,0.2080209200650135,0.01198140615996198,registered
869,1787909419.3180673,1787909419.3172493,96.05216194486007,-263.9478380551399,-745.7280347960742,-263.88325215256395,-263.8420503166672,-0.1057877384727135,-0.12250353522892965,0.14189631415607956,0.008176189069897796,registered
870,1787909419.3464646,1787909419.3458195,95.5755270263798,-264.4244729736202,-746.2046697145545,-264.73050064845006,-264.6991076850538,0.27463471143357765,0.23840833402380213,0.21294386851713545,0.012317877207591275,registered
871,1787909419.3753047,1787909419.3746629,94.19454998207726,-265.80545001792274,-747.585646758857,-265.66811996482227,-265.5643614262303,-0.24108859169245989,-0.2623905970473288,0.1543010292589032,0.009181279312319044,registered
872,1787909419.40346,1787909419.402719,93.18987060418675,-266.81012939581325,-748.5903261367475,-266.5609442444169,-266.4059987424918,-0.40413065332143105,-0.4279422056151816,0.20653208214320815,0.012669165074566679,registered
873,1787909419.4327788,1787909419.4313855,92.81837307813515,-267.18162692186485,-748.9618236627991,-267.33984877770837,-267.26594558261246,0.08431866074761274,0.055356180591275006,0.11883619348738657,0.0073721112026029845,registered
874,1787909419.4607646,1787909419.460088,91.94262305647891,-268.0573769435211,-749.8375736844554,-268.170413889099,-268.1269723985543,0.06959545503320896,0.043921834011712235,0.11055574836156103,0.0070129430251938615,registered
875,1787909419.4891498,1787909419.488267,90.76398039232566,-269.23601960767434,-751.0162163486086,-269.0704629932342,-268.972293076061,-0.2637265316133153,-0.2542361254947991,0.1959526485567167,0.012596267083653554,registered
876,1787909419.5177033,1787909419.5170326,90.1158090879025,-269.8841909120975,-751.6643876530318,-269.8711500803623,-269.83521521380857,-0.04897569828892756,-0.061607595847249286,0.09181376622001514,0.00588728198603685,registered
877,1787909419.5464053,1787909419.545753,89.59549265631318,-270.4045073436868,-752.1847040846211,-270.65769049877895,-270.69677844158235,0.2922710978955365,0.2528147639558256,0.1598776974011143,0.010185893836412194,registered
878,1787909419.5747743,1787909419.5741682,88.35868399965472,-271.6413160003453,-753.4215127412796,-271.5536372353814,-271.54918690742653,-0.09212909291875349,-0.10905668339023578,0.07689637214434472,0.0047848812278913355,registered
879,1787909419.6036768,1787909419.6030135,87.25840405642037,-272.7415959435796,-754.5217926845139,-272.46456857008303,-272.41449786586526,-0.3270980777143677,-0.3228241745383684,0.16392058976811466,0.010037081958180356,registered
880,1787909419.6328275,1787909419.6316702,86.92172029958107,-273.07827970041893,-754.8584764413532,-273.2722286556829,-273.2741514675177,0.1958717670987653,0.15012900179112876,0.11569073116629017,0.007071994383169955,registered
881,1787909419.660456,1787909419.6598072,86.0943063599131,-273.9056936400869,-755.6858903810212,-274.1442245004986,-274.118213365259,0.2125197251721147,0.15986501660700014,0.0902069578193252,0.005534713413852494,registered
882,1787909419.6889977,1787909419.6883035,84.6377749323421,-275.3622250676579,-757.1424218085922,-275.0932090765267,-274.97305356474084,-0.3891715029170655,-0.3669265368775996,0.16117483889925277,0.010138728515367448,registered
883,1787909419.7177286,1787909419.7170193,83.92435749273835,-276.07564250726165,-757.8558392481959,-275.94345087015927,-275.8344809015171,-0.24116160574453716,-0.2423039395341675,0.09208420841943549,0.00586489208600344,registered
884,1787909419.7462292,1787909419.7456384,83.63517440736649,-276.3648255926335,-758.1450223335678,-276.7289214896995,-276.693004462244,0.3281788696104968,0.2368405228399979,0.1521363032208008,0.009726114905008085,registered
885,1787909419.7754114,1787909419.7747073,82.20365292005778,-277.7963470799422,-759.5765438208765,-277.6380801808711,-277.56502414465905,-0.23132293528317405,-0.24432425884253917,0.06479209792164245,0.0041474870324165365,registered
886,1787909419.803501,1787909419.8028383,81.18407433475267,-278.81592566524733,-760.5961224061816,-278.528883884298,-278.4089072384565,-0.40701842679084166,-0.4200925058995608,0.15141721534689212,0.009520388818716623,registered
887,1787909419.833341,1787909419.8325777,80.95888215437759,-279.0411178456224,-760.8213145865567,-279.2934871041414,-279.3010387884854,0.2599209428630047,0.2205848884224224,0.08883514663859922,0.005554207431961553,registered
888,1787909419.8607957,1787909419.8600328,80.17203030070795,-279.82796969929205,-761.6081664402263,-280.11351898913654,-280.1246455150405,0.2966758157484719,0.27056070809658195,0.11470443493476008,0.007015454668133804,registered
889,1787909419.8893342,1787909419.8885381,78.59943942891681,-281.4005605710832,-763.1807573120175,-281.01035015058756,-280.97975749651704,-0.42080307456615174,-0.4338349027514141,0.17655302161931985,0.010422286871217613,registered
890,1787909419.917847,1787909419.9171772,78.03653191767347,-281.96346808232653,-763.7436648232608,-281.7852328808096,-281.8388818384955,-0.12458624383100414,-0.1392285455184492,0.08986563877344964,0.005289155342674538,registered
891,1787909419.9464107,1787909419.9456317,77.73179640311906,-282.26820359688094,-764.0484003378152,-282.64422309734937,-282.6924704103697,0.4242668134887708,0.4240187072282424,0.19004543561399,0.011199800136882165,registered
892,1787909419.976166,1787909419.975275,76.47425574094387,-283.5257442590561,-765.3059409999904,-283.62354982991394,-283.5817196408224,0.055975381766302235,0.02471369065995077,0.0809993266723238,0.004894331907295404,registered
893,1787909420.0036855,1787909420.0027997,75.2777488703428,-284.7222511296572,-766.5024478705915,-284.5584945687953,-284.40741479744264,-0.3148363322145542,-0.3446530088823465,0.1498432340837674,0.009421220222498972,registered
894,1787909420.033904,1787909420.031599,74.76108976015786,-285.23891023984214,-767.0191069807764,-285.3778509433627,-285.2713453894341,0.032435149591947265,0.024304789943812466,0.09533828454258246,0.00609399806648627,registered
895,1787909420.0608099,1787909420.0600376,73.61445917012992,-286.3855408298701,-768.1657375708044,-286.21981430180796,-286.12445476673855,-0.26108606313152904,-0.2781825539309466,0.12889622616549498,0.008456997957631713,registered
896,1787909420.0892687,1787909420.0885308,72.62567842112327,-287.37432157887673,-769.154518319811,-287.12345589726044,-286.97920198816945,-0.39511959070728153,-0.47062592944894277,0.20781918762885246,0.013716656941163878,registered
897,1787909420.1178777,1787909420.117115,72.07279155596683,-287.92720844403317,-769.7074051849675,-287.8957252890513,-287.83668133386374,-0.09052711016943249,-0.13248330250246454,0.08296553002381812,0.005454052327408148,registered
898,1787909420.1463027,1787909420.145744,71.69357552959974,-288.30642447040026,-770.0866212113345,-288.6556034979738,-288.69550528521637,0.38908081481611134,0.39069753038631916,0.204904376570108,0.01339396261049226,registered
899,1787909420.1752846,1787909420.1745093,70.69636093674598,-289.303639063254,-771.0838358041883,-289.5252586295734,-289.5584131186485,0.2547740553944777,0.22970477079672946,0.08354122994648762,0.005326687987415428,registered
900,1787909420.2037604,1787909420.203131,69.26627392184008,-290.7337260781599,-772.5139228190942,-290.38348297140146,-290.4170153531107,-0.3167107250492336,-0.3112152303210678,0.19052422852744122,0.011533267390239424,registered
901,1787909420.232986,1787909420.2315829,68.85916259317781,-291.1408374068222,-772.9210341477565,-291.2515384864745,-291.2705252512496,0.12968784442739434,0.12218955235266549,0.1407333391261584,0.008387725536788973,registered
902,1787909420.2607145,1787909420.2600079,67.87143097845768,-292.1285690215423,-773.9087657624766,-292.18554050825736,-292.12322695556185,-0.005342065980471489,-0.025761034206311706,0.16130176965017348,0.009302454397422345,registered
903,1787909420.2896714,1787909420.2890122,66.65746468660683,-293.34253531339317,-775.1227320543275,-293.153841274801,-292.9933084032246,-0.3492269101685679,-0.3209324572069363,0.18078163853416537,0.010199409171641301,registered
904,1787909420.3337896,1787909420.3330436,66.00458784987308,-293.9954121501269,-775.7756088910612,-294.00857410694806,-294.3141760500218,0.3187638998948614,0.3260074693388333,0.09087504916292578,0.0051154616803007385,registered
905,1787909420.346462,1787909420.3457048,65.37625389810256,-294.62374610189744,-776.4039428428317,-294.77032137454523,-294.69399138772934,0.07024528583190204,-0.0018419145085317723,0.22924663124157685,0.012930630750676672,registered
906,1787909420.3750994,1787909420.3743248,64.2664676597048,-295.7335323402952,-777.5137290812295,-295.6354204091882,-295.5525435570872,-0.18098878320802214,-0.19536721586064232,0.08456166676279964,0.004790518093399012,registered
907,1787909420.4033296,1787909420.402819,63.373759286032,-296.626240713968,-778.4064374549023,-296.4752757915816,-296.40731938714913,-0.21892132681887233,-0.1936439053590675,0.20676447021612468,0.011657768792272453,registered
908,1787909420.4325976,1787909420.4319568,62.901238222299014,-297.098761777701,-778.8789585186353,-297.26135489638676,-297.2814060431561,0.18264426545511014,0.12236881716648895,0.11735728198059206,0.006568386820313597,registered
909,1787909420.46057,1787909420.4599826,62.08669877576307,-297.91330122423693,-779.6934979651712,-298.1068282915254,-298.1221350353824,0.20883381114549593,0.13573505304100308,0.15356528382028162,0.00842247166929832,registered
910,1787909420.4894395,1787909420.488728,60.80005331930005,-299.19994668069995,-780.9801434216342,-299.00909741936914,-298.98444923972073,-0.2154974409792203,-0.15890161675702075,0.19314410480710556,0.010169189815018286,registered
911,1787909420.517748,1787909420.5171692,60.01863281588811,-299.9813671841119,-781.7615639250462,-299.87659547617466,-299.8376372907605,-0.14372989335140574,-0.12189367214818958,0.09481556129212235,0.0049009283304058794,registered
912,1787909420.5467415,1787909420.5460906,59.48073592698944,-300.51926407301056,-782.2994608139448,-300.74848496357043,-300.7052297875238,0.18596571451325872,0.12310507065922138,0.19226936992448487,0.009885155281860125,registered
913,1787909420.5757997,1787909420.5750248,58.29650216016063,-301.7034978398394,-783.4836945807737,-301.67828252899926,-301.57320850080595,-0.13028933903342477,-0.14021002677839078,0.07015216280564848,0.003654739512900666,registered
914,1787909420.6037858,1787909420.603149,57.23043534381151,-302.7695646561885,-784.5497613971228,-302.5876992882312,-302.41688418202835,-0.35268047416013815,-0.31430797134350996,0.19554351873048198,0.010529284509004823,registered
915,1787909420.632579,1787909420.6317894,56.68694718496391,-303.3130528150361,-785.0932495559704,-303.3968745443532,-303.2760514369533,-0.03700137808277759,-0.06727425233225404,0.11582680574747146,0.006356798922204284,registered
916,1787909420.6607268,1787909420.65999,55.874780571057784,-304.1252194289422,-785.9054161698765,-304.2158125031997,-304.12202296081585,-0.0031964681263616512,-0.03212393904243527,0.1093663112526608,0.006156173806734748,registered
917,1787909420.6893635,1787909420.6887867,54.75082943697822,-305.2491705630218,-787.0293673039561,-305.07986499403654,-304.985874879072,-0.26329568394976377,-0.2691507692995856,0.1713338011614649,0.009834418654833874,registered
918,1787909420.7180648,1787909420.7175322,54.0439214746753,-305.9560785253247,-787.736275266259,-305.86301532751776,-305.8481890834103,-0.10788944191438077,-0.11106768474871842,0.0930982236677868,0.0053355020261501825,registered
919,1787909420.746287,1787909420.7456748,53.613974443060386,-306.3860255569396,-788.1662222978739,-306.6311591577231,-306.69242263293773,0.30639707599812027,0.30639590129305816,0.1406462113516157,0.008001872514149428,registered
920,1787909420.775011,1787909420.7744539,52.5688324319305,-307.4311675680695,-789.2113643090038,-307.48542770184207,-307.5557452915198,0.12457772345032936,0.12377496078045169,0.10484720264097061,0.005734488959339031,registered
921,1787909420.8039534,1787909420.80332,51.44386655042143,-308.55613344957857,-790.3363301905129,-308.3519184058142,-308.4216784876833,-0.1344549618952442,-0.14553764176628192,0.21460379502482796,0.010924486099295775,registered
922,1787909420.832602,1787909420.831781,50.931807601774096,-309.0681923982259,-790.8483891391602,-309.16367552340125,-309.275460167817,0.20726776959111248,0.21134451891282424,0.13797067238771948,0.006774427242900285,registered
923,1787909420.86079,1787909420.8601005,50.08159230504731,-309.9184076949527,-791.698604435887,-310.0173269304786,-310.1250006184005,0.20659292344782898,0.20591862794367444,0.14997806425432503,0.0070277938688557955,registered
924,1787909420.8895614,1787909420.8889167,48.87298383383717,-311.12701616616283,-792.9072129070971,-310.9466870417566,-310.98943901359274,-0.1375771525700884,-0.16897219646568828,0.19997688139597672,0.009427821640036823,registered
925,1787909420.917927,1787909420.917259,48.13013494148953,-311.86986505851047,-793.6500617994448,-311.81074983062086,-311.83965891916324,-0.0302061393472286,-0.04351259043664868,0.13815104675196085,0.0068582915825133465,registered
926,1787909420.946539,1787909420.9459035,47.59181666540877,-312.40818333459123,-794.1883800755255,-312.67600690223037,-312.69894776077007,0.29076442617883913,0.29674607298193223,0.16862530564123265,0.008801461309547606,registered
927,1787909420.975683,1787909420.9749522,46.45011496510352,-313.5498850348965,-795.3300817758308,-313.5851175813964,-313.57035950977576,0.020474474879279114,0.015268605061123708,0.11907053162475596,0.006907291012247482,registered
928,1787909421.0038168,1787909421.0030804,45.304659547928,-314.695340452072,-796.4755371930063,-314.4336381953172,-314.41415677768003,-0.28118367439196845,-0.29543904440186,0.18004028041265244,0.011212151419643226,registered
929,1787909421.0329216,1787909421.031951,44.77313888391831,-315.2268611160817,-797.007057857016,-315.22708731330187,-315.28022586484093,0.053364748759236136,0.058121778526128764,0.14042073990823,0.008896234841453732,registered
930,1787909421.0612388,1787909421.060491,43.944565740334326,-316.0554342596657,-797.8356310006,-316.06082582324143,-316.13638206135005,0.0809478016843741,0.08609604925379699,0.14043329329246085,0.008976115980002454,registered
931,1787909421.0895665,1787909421.088909,43.116482398658434,-316.88351760134157,-798.6637143422759,-316.9084702212215,-316.9888692009296,0.10535159958806162,0.09885069544316138,0.1850246670074926,0.011737990945943052,registered
932,1787909421.1188052,1787909421.1181908,42.35875972553691,-317.6412402744631,-799.4214370153974,-317.70332867035233,-317.86727576022207,0.22603548575898458,0.2311283992518156,0.1621568676406974,0.010135209685772476,registered
933,1787909421.1465087,1787909421.1458633,41.55302019137633,-318.44697980862367,-800.227176549558,-318.51542942166384,-318.697405254652,0.2504254460283164,0.2860630487244862,0.2088309560852138,0.012813117627177302,registered
934,1787909421.17515,1787909421.1743848,40.55017499354716,-319.44982500645284,-801.2300217473871,-319.42090544671066,-319.5530035828561,0.10317857640325201,0.11812993581713727,0.18407302743074458,0.01105240610788831,registered
935,1787909421.2035987,1787909421.2029803,39.59432668298729,-320.4056733170127,-802.185870057947,-320.3413837940778,-320.41081907996494,0.005145762952224686,0.022950570552097815,0.21936864830262087,0.012948699094414528,registered
936,1787909421.2329142,1787909421.231844,38.77200745599197,-321.22799254400803,-803.0081892849423,-321.2677375718614,-321.2766807545508,0.048688210542763954,0.0734824891280823,0.17221598415869463,0.010054954744326557,registered
937,1787909421.2609,1787909421.2601962,37.88020257193517,-322.1197974280648,-803.8999941689991,-322.1961899627273,-322.12720105074715,0.0074036226823182005,0.022536536193797474,0.17505256697875787,0.01016000490412661,registered
938,1787909421.2909992,1787909421.290069,36.810441999392594,-323.1895580006074,-804.9697547415417,-323.12416715568764,-323.02333780912016,-0.1662201914872412,-0.14824317935415365,0.18215962139513858,0.010604177816956797,registered
939,1787909421.318102,1787909421.3173904,35.93750812718878,-324.0624918728112,-805.8426886137455,-323.98990632467996,-323.8429321751734,-0.21955969763780558,-0.2045892536516476,0.15010086609633783,0.00881209248548972,registered
940,1787909421.3467786,1787909421.3460789,35.2008567458916,-324.7991432541084,-806.5793399950427,-324.7815838621955,-324.70353701380765,-0.0956062403007536,-0.08702098459275476,0.16021997078938843,0.009477240608695175,registered
941,1787909421.375673,1787909421.3747308,34.326042770715446,-325.67395722928455,-807.4541539702188,-325.6160443361519,-325.56304757230504,-0.1109096569795156,-0.07604111541149905,0.14654948278408414,0.008718535071722077,registered
942,1787909421.4039137,1787909421.4031696,33.47687478169672,-326.5231252183033,-808.3033219592376,-326.4823082304825,-326.41616410176727,-0.10696111653601292,-0.08287894612419677,0.16125786631455097,0.009618238877113381,registered
943,1787909421.4431503,1787909421.4421482,32.89009315117988,-327.1099068488201,-808.8901035897544,-327.34213429785115,-327.5854560692115,0.4755492203913718,0.4843197160969339,0.18849796678428496,0.011275539985718966,registered
944,1787909421.4608452,1787909421.4601033,32.022009918110314,-327.9779900818897,-809.758186822824,-328.2499469237444,-328.1240779177646,0.1460878358749369,0.1401925002904818,0.18843348065007856,0.011417131812272158,registered
945,1787909421.4899085,1787909421.4890566,30.605063005037948,-329.39493699496205,-811.1751337358963,-329.15763145060544,-328.9926288036674,-0.4023081912946509,-0.4070932781041847,0.15887557615546902,0.010186759503801261,registered
946,1787909421.5182664,1787909421.5176673,29.76493804095668,-330.2350619590433,-812.0152586999776,-330.02535359655565,-329.8509020388727,-0.3841599201706458,-0.4051275094052471,0.12369227376862287,0.008337360272431689,registered
947,1787909421.546908,1787909421.5461729,29.11804336928816,-330.88195663071184,-812.6621533716461,-330.86261250427424,-330.70602117250695,-0.17593545820488998,-0.21919185895228566,0.15767716515871275,0.01106540936882821,registered
948,1787909421.5752325,1787909421.574526,28.276820545972157,-331.72317945402784,-813.5033761949621,-331.69928462994704,-331.55657007733436,-0.1666093766934864,-0.18084656491851092,0.12230973825415367,0.009015655044755341,registered
949,1787909421.6038916,1787909421.603074,27.65424744697947,-332.34575255302053,-814.1259492939548,-332.46057236464634,-332.41296229504945,0.06720974202892194,0.05746998399399672,0.1502015293205893,0.011437662799648259,registered
950,1787909421.632883,1787909421.6321688,26.913719771005105,-333.0862802289949,-814.8664769699292,-333.1611116340721,-333.2857544105023,0.19947418150741214,0.188674894024075,0.1138332865217401,0.008979265515837767,registered
951,1787909421.6611598,1787909421.6604893,26.0845892661045,-333.9154107338955,-815.6956074748298,-333.92618290417147,-334.13532346971687,0.21991273582136728,0.2235327132780185,0.1000272481438081,0.008192923325178915,registered
952,1787909421.6894047,1787909421.6886454,25.15954229518485,-334.84045770481515,-816.6206544457494,-334.7326437416534,-334.97995754007883,0.1394998352636776,0.13760637892971772,0.12301543003153641,0.010509405342391937,registered
953,1787909421.7182324,1787909421.717583,24.451813023268585,-335.5481869767314,-817.3283837176657,-335.5611735818797,-335.84803638356954,0.29984940683812056,0.3121233806482451,0.10249155431642104,0.009034890704805091,registered
954,1787909421.7465246,1787909421.745961,23.644368546534054,-336.35563145346595,-818.1358281944002,-336.43424485650564,-336.6993291128036,0.34369765933763574,0.368516179671019,0.13976250796664957,0.012709284592598494,registered
955,1787909421.775181,1787909421.7744524,22.738456748705232,-337.26154325129477,-819.041739992229,-337.29557476321554,-337.55402626913025,0.2924830178354796,0.303542617336916,0.11912625752226777,0.01108746801195362,registered
956,1787909421.8039243,1787909421.8032408,21.80655967325771,-338.1934403267423,-819.9736370676766,-338.1391374092476,-338.4176278618648,0.22418753512249623,0.2276458281360192,0.15082292404028974,0.014135025418717107,registered
957,1787909421.8328931,1787909421.8321502,20.91247669296405,-339.08752330703595,-820.8677200479702,-339.0004871704622,-339.28486275074016,0.19733944370420886,0.20235670408510487,0.13261117201949812,0.01232540193037408,registered
958,1787909421.8615227,1787909421.860852,20.08613290486602,-339.913867095134,-821.6940638360683,-339.89617390070055,-340.1458681102088,0.23200101507484305,0.23399228480150214,0.1739778522178486,0.01593781759392588,registered
959,1787909421.8895807,1787909421.8887827,19.294450248360192,-340.7055497516398,-822.4857464925741,-340.7899070138612,-340.98374339149,0.2781936398502012,0.2727576249234289,0.22141698545751579,0.020043320372860926,registered
960,1787909421.9182303,1787909421.917565,18.385148267016632,-341.61485173298337,-823.3950484739177,-341.6928732484011,-341.8471661802807,0.23231444729731265,0.21410471885599236,0.178215834769292,0.016082257950891875,registered
961,1787909421.9474027,1787909421.946638,17.340259837924066,-342.65974016207593,-824.4399369030102,-342.62308843277145,-342.7193074493776,0.059567287301661054,0.039834284065705106,0.16715816236327866,0.015256657777964037,registered
962,1787909421.9755204,1787909421.9747822,16.42666816894001,-343.57333183106,-825.3535285719943,-343.56275501521236,-343.5635839118517,-0.00974791920828011,-0.01647506342851557,0.174388604071404,0.01612622448149265,registered
963,1787909422.0043223,1787909422.0037024,15.48810373046166,-344.51189626953834,-826.2920930104726,-344.50832955137594,-344.4311406478261,-0.08075562171222828,-0.07526006811565367,0.18673382800475635,0.01732023390096845,registered
964,1787909422.0338352,1787909422.032508,14.505733939262825,-345.4942660607372,-827.2744628016715,-345.44741488983067,-345.2952571959192,-0.19900886481798352,-0.20150024819292867,0.19114603538615732,0.017417233621097296,registered
965,1787909422.0609949,1787909422.0603263,13.585318857184177,-346.4146811428158,-828.1948778837501,-346.36791114122343,-346.1297638108967,-0.28491733191913227,-0.2875205194326327,0.15614473747243693,0.013709428849746342,registered
966,1787909422.089478,1787909422.0887537,12.785083923570426,-347.2149160764296,-828.9951128173639,-347.2875522422288,-346.9825370367865,-0.23237903964309226,-0.22271702067655497,0.15377551174501075,0.012935214484229424,registered
967,1787909422.117901,1787909422.1172292,11.865289213671701,-348.1347107863283,-829.9149075272626,-348.19683928257774,-347.8367549985434,-0.297955787784872,-0.29355314090821594,0.14734213972253452,0.011796525476605943,registered
968,1787909422.1467462,1787909422.146078,10.931344543649573,-349.0686554563504,-830.8488521972847,-349.0681954231465,-348.7021732393484,-0.3664822170020443,-0.36397865321850986,0.18382005503088844,0.014190074727471547,registered
969,1787909422.1753116,1787909422.1747067,10.000613463944717,-349.9993865360553,-831.7795832769896,-349.9307686166877,-349.5609828863855,-0.4384036496697945,-0.4407734360805762,0.13630017023868418,0.010349168032922344,registered
970,1787909422.2037077,1787909422.2031755,9.13042091542053,-350.86957908457947,-832.6497758255138,-350.793839381878,-350.41500058772516,-0.4545784968543103,-0.46183204658041177,0.12695801429735992,0.009601973559638833,registered
971,1787909422.2329733,1787909422.2322528,8.458607737060504,-351.5413922629395,-833.3215890038738,-351.5956048512501,-351.2872705956617,-0.2541216672777864,-0.2580025999558302,0.1456816703898778,0.010985811837025908,registered
972,1787909422.261006,1787909422.2602713,7.672646566069091,-352.3273534339309,-834.1075501748652,-352.3346104143128,-352.1277778709976,-0.1995755629333189,-0.19625496751905303,0.13097448226818206,0.009778530875346374,registered
973,1787909422.2897968,1787909422.2890265,6.778267225625143,-353.22173277437486,-835.0019295153091,-353.1178106966455,-352.990385313804,-0.2313474605708734,-0.27680520199510283,0.15508950016961168,0.011316611903680334,registered
974,1787909422.318769,1787909422.3181665,6.086042152445486,-353.9139578475545,-835.6941545884888,-353.9134700932603,-353.8645363392307,-0.04942150832380321,-0.085057422149589,0.13447792199767453,0.009590145334711897,registered
975,1787909422.346909,1787909422.346215,5.5138795252009345,-354.48612047479907,-836.2663172157334,-354.73184102896386,-354.70594478644404,0.2198243116449703,0.22406447243940875,0.16434069373208743,0.011517903870003399,registered
976,1787909422.375361,1787909422.374787,4.484597717754525,-355.5154022822455,-837.2955990231798,-355.60013526423603,-355.5630593720927,0.0476570898472346,0.0259161772837615,0.1308841470331145,0.009065375588094633,registered
977,1787909422.4038458,1787909422.4032226,3.291045023641857,-356.70895497635814,-838.4891517172924,-356.4787956481654,-356.41607577134624,-0.2928792050119,-0.3166094717071246,0.130592782350993,0.009365722946696046,registered
978,1787909422.433019,1787909422.4322546,2.6609830019156675,-357.33901699808433,-839.1192137390186,-357.3368436022354,-357.2869868693089,-0.052030128775413687,-0.04690583979015628,0.1160993469536905,0.008621175353572121,registered
979,1787909422.4612694,1787909422.4606798,1.8058854514998188,-358.1941145485002,-839.9743112894345,-358.2065589818279,-358.13969572577906,-0.054418822721117976,-0.05493765217238433,0.12203929904331401,0.009541195915060035,registered
980,1787909422.4899058,1787909422.4891672,0.88267667214933,-359.11732332785067,-840.897520068785,-359.0695955161808,-358.99427129542374,-0.12305203242692642,-0.14641461760675156,0.12116676140045905,0.009931535991723858,registered
981,1787909422.5179904,1787909422.5173385,0.1371214276097703,-359.86287857239023,-841.6430753133245,-359.8627668198143,-359.83936310388214,-0.023515468508094273,-0.04953521029824515,0.10601299965614651,0.00892625297301591,registered
982,1787909422.5466845,1787909422.5459805,359.45127093872344,-360.54872906127656,-842.3289258022108,-360.6390217449054,-360.6985732717537,0.14984421047711294,0.1595862924480116,0.13636081402665107,0.01167556249185194,registered
983,1787909422.5750895,1787909422.5745184,358.5355479157218,-361.4644520842782,-843.2446488252125,-361.4633258409119,-361.55466509884303,0.09021301456482433,0.086460956537735,0.11086764686815283,0.009653637821593538,registered
984,1787909422.603777,1787909422.603137,357.66872379195325,-362.33127620804675,-844.111472948981,-362.26549009747885,-362.4131743552543,0.0818981472075393,0.05001314872436069,0.14126670414009318,0.01253137459343207,registered
985,1787909422.633142,1787909422.6322393,356.9339755562174,-363.0660244437826,-844.8462211847169,-363.07058841287153,-363.28619533975547,0.22017089597284212,0.2363668598699178,0.10268135568950923,0.009312113509885003,registered
986,1787909422.6608548,1787909422.6601748,356.11189001995916,-363.88810998004084,-845.6683067209751,-363.9113406979634,-364.1242136641917,0.23610368415086214,0.2338688923916834,0.09438219790000704,0.008829619035305748,registered
987,1787909422.6896567,1787909422.6889257,355.2468449905164,-364.7531550094836,-846.5333517504179,-364.7648815975876,-364.98669236815846,0.23353735867488012,0.1720678970125391,0.11287169817880582,0.010931918896056497,registered
988,1787909422.7179818,1787909422.7173655,354.4126644409121,-365.5873355590879,-847.3675323000222,-365.61031117440575,-365.8398375062516,0.25250194716375063,0.2082168766015684,0.10434590028544301,0.010405849498405428,registered
989,1787909422.746932,1787909422.7460868,353.534735090414,-366.465264909586,-848.2454616505203,-366.4754905894587,-366.70142934265647,0.23616443307048485,0.24886336956376454,0.13777960080413065,0.01405142821995342,registered
990,1787909422.7750483,1787909422.7744973,352.6179563756844,-367.3820436243156,-849.1622403652499,-367.3408070666793,-367.5536947653455,0.17165114102988355,0.18198935615828304,0.10985886072275937,0.011368801757135043,registered
991,1787909422.8044534,1787909422.80376,351.7640892194791,-368.2359107805209,-850.0161075214552,-368.1971931474069,-368.4315291520174,0.19561837149649364,0.22433178378969387,0.13315495833664745,0.013904340652721274,registered
992,1787909422.8327582,1787909422.8320067,350.90477574028176,-369.09522425971824,-850.8754210006525,-369.07480972458615,-369.2788810423271,0.18365678260886398,0.18431007883066286,0.13034895659216925,0.013728900431913887,registered
993,1787909422.8609698,1787909422.8602793,350.05998272536493,-369.94001727463507,-851.7202140155694,-369.972874257385,-370.1270125178324,0.18699524319731609,0.17121505630370848,0.1465992475849449,0.015597207951393206,registered
994,1787909422.890043,1787909422.8893268,349.2363432356246,-370.7636567643754,-852.5438535053097,-370.873057388373,-370.99838850604937,0.23473174167395428,0.22469916363263565,0.1680275703441178,0.01807607888058742,registered
995,1787909422.9179642,1787909422.9172387,348.2283433985962,-371.7716566014038,-853.5518533423381,-371.7802394076149,-371.83569876686767,0.06404216546388852,0.06741279230857344,0.15091710328713767,0.016442438352572256,registered
996,1787909422.946992,1787909422.9461563,347.2041616764366,-372.7958383235634,-854.5760350644977,-372.70108779067203,-372.7031768291068,-0.09266149445659266,-0.08436922545877223,0.15850874866612516,0.01743053604015296,registered
997,1787909422.9753675,1787909422.9747274,346.3340999498129,-373.6659000501871,-855.4460967911214,-373.62084888249944,-373.5602628061244,-0.10563724406267738,-0.07801103998394865,0.13999098631866466,0.015460666760654768,registered
998,1787909423.0042844,1787909423.0032768,345.47694870502886,-374.52305129497114,-856.3032480359054,-374.5501502405712,-374.4166979367861,-0.10635335818506064,-0.0895990547950305,0.15880459768691083,0.017553371307313232,registered
999,1787909423.0334413,1787909423.0328734,344.5621180463559,-375.4378819536441,-857.2180786945784,-375.47138249725947,-375.3045453443182,-0.1333366093258519,-0.13099793535150184,0.1567877391017526,0.017262870955653646,registered
1000,1787909423.0611541,1787909423.060523,343.65901936120343,-376.34098063879657,-858.1211773797309,-376.3702145687758,-376.1339882316035,-0.20699240719307,-0.20871109541906208,0.13365996662632174,0.014554012755705455,registered
1001,1787909423.0897346,1787909423.0889893,342.7594115149993,-377.2405884850007,-859.020785225935,-377.2618158093536,-376.98792725920777,-0.2526612257929628,-0.2556762790591165,0.13170224293208485,0.014047177081746538,registered
1002,1787909423.1180873,1787909423.117451,341.8064653789857,-378.1935346210143,-859.9737313619486,-378.1385595957745,-377.84173039581475,-0.3518042251995439,-0.3524405453641748,0.11987980653896639,0.012368166419656932,registered
1003,1787909423.1470323,1787909423.1461205,340.9719946345568,-379.0280053654432,-860.8082021063775,-378.98108958758985,-378.7017702139861,-0.32623515145712645,-0.3236924313393956,0.13022198358230716,0.012948466001862221,registered
1004,1787909423.1751223,1787909423.1744258,340.13576339832076,-379.86423660167924,-861.6444333426135,-379.8214676698757,-379.5508815351042,-0.31335506657501355,-0.3222677155358724,0.11484602610171356,0.010959623076040582,registered
1005,1787909423.2047036,1787909423.2037723,339.3707209204974,-380.6292790795026,-862.4094758204369,-380.66346876798093,-380.43122632914884,-0.19805275035378145,-0.21804954241463292,0.1119505965794241,0.01027311785063699,registered
1006,1787909423.233227,1787909423.2323391,338.63372222873505,-381.36627777126495,-863.1464745121992,-381.45866793842947,-381.2881835673268,-0.07809420393812161,-0.09996178337007677,0.12182548317687478,0.010749903904955366,registered
1007,1787909423.2616684,1787909423.2609408,337.764137973293,-382.235862026707,-864.0160587676413,-382.2420773600252,-382.1461850205374,-0.08967700616960883,-0.11153300873559147,0.12350808625907647,0.010358964394075658,registered
1008,1787909423.2896788,1787909423.2890515,336.78244699020007,-383.21755300979993,-864.9977497507342,-383.10454530089976,-382.9894601809254,-0.2280928288745372,-0.2567130799317283,0.14545184944605083,0.011406181183626185,registered
1009,1787909423.3185754,1787909423.3178985,336.03963192674127,-383.96036807325873,-865.740564814193,-383.96129331704117,-383.85482120446835,-0.105546868790384,-0.12671794124139524,0.12831192239622158,0.00951361490565185,registered
1010,1787909423.346868,1787909423.3462229,335.3730845616232,-384.6269154383768,-866.4071121793111,-384.809385613442,-384.704504698207,0.07758925983023346,0.06312627811735183,0.16933975364008588,0.01198375595079246,registered
1011,1787909423.375149,1787909423.3744984,334.295644207003,-385.704355792997,-867.4845525339313,-385.6842290003613,-385.55272199960535,-0.15163379339162475,-0.149197576956567,0.13749171225751888,0.00935553630153161,registered
1012,1787909423.4040923,1787909423.4035625,333.2193703914307,-386.7806296085693,-868.5608263495036,-386.56927090283875,-386.42459863886535,-0.35603096970396564,-0.3639781601565346,0.15132380884651606,0.01064029725006602,registered
1013,1787909423.43316,1787909423.4319687,332.72218108957344,-387.27781891042656,-869.0580156513608,-387.40921640519616,-387.2767353227147,-0.0010835877118324788,-0.028808045733285326,0.13887662937585174,0.010110305505843862,registered
1014,1787909423.4612725,1787909423.4605403,331.8221223978364,-388.1778776021636,-869.9580743430979,-388.25177321156787,-388.1338356040479,-0.04404199811574472,-0.07732665471792188,0.11293877523884069,0.00882926080556798,registered
1015,1787909423.4900763,1787909423.4892714,330.7742843329159,-389.2257156670841,-871.0059124080184,-389.0891257251574,-388.9957206789207,-0.22999498816341202,-0.24914410514111296,0.13008181123844367,0.01085382535029009,registered
1016,1787909423.518913,1787909423.5181518,330.0502984265291,-389.9497015734709,-871.7298983144052,-389.8594433731061,-389.8620830045497,-0.08761856892124342,-0.12232902236746668,0.11428725124480205,0.009758605467395726,registered
1017,1787909423.5468102,1787909423.5460842,329.5140512335194,-390.4859487664806,-872.2661455074149,-390.6213105109439,-390.7000083509351,0.21405958445450324,0.2071786721303397,0.13892760089864215,0.011924449386473157,registered
1018,1787909423.5753217,1787909423.5746348,328.57173129520487,-391.42826870479513,-873.2084654457294,-391.4385940722258,-391.5564792423856,0.12821053759046208,0.09801224762952643,0.10673489545293136,0.00907645890266477,registered
1019,1787909423.6040058,1787909423.6032515,327.6998066063789,-392.3001933936211,-874.0803901345554,-392.23702414808713,-392.41493128153485,0.11473788791374773,0.061200897172284385,0.15619544755101192,0.013056464234047632,registered
1020,1787909423.633543,1787909423.6327672,327.0296141270996,-392.9703858729004,-874.7505826138347,-393.0403011514775,-393.3003541075872,0.3299682346868167,0.32071228563575005,0.11462430139218936,0.009491027558712995,registered
1021,1787909423.6612399,1787909423.6605608,326.1594163127797,-393.8405836872203,-875.6207804281546,-393.8861467634976,-394.13411689815797,0.29353321093765317,0.2888392050143693,0.11408580164833668,0.00944457021108015,registered
1022,1787909423.6900356,1787909423.689264,325.16024972337453,-394.83975027662547,-876.6199470175598,-394.8010088138319,-394.9951651705731,0.1554148939476363,0.11790608061653529,0.15183078546479672,0.012763591162470573,registered
1023,1787909423.7180743,1787909423.7174494,324.29012848017436,-395.70987151982564,-877.4900682607599,-395.67526644371264,-395.8406789563392,0.13080743651357807,0.1030173722622294,0.1377526718076974,0.011789644643516088,registered
1024,1787909423.7471383,1787909423.7463887,323.50544031267356,-396.49455968732644,-878.2747564282607,-396.53301285210364,-396.7088078649343,0.21424817760782844,0.1995177569108364,0.18139626382415278,0.015725228631492446,registered
1025,1787909423.7756677,1787909423.7750373,322.5865996349127,-397.4134003650873,-879.1935971060216,-397.4202504621944,-397.56821829322297,0.15481792813568518,0.1406009900248364,0.11541697113600502,0.010080045553179474,registered
1026,1787909423.8039653,1787909423.8033159,321.5302711943571,-398.4697288056429,-880.2499255465772,-398.28741513752334,-398.41652857267223,-0.053200232970652905,-0.06434017888750532,0.17444291959843075,0.015231208041888792,registered
1027,1787909423.8324606,1787909423.831942,320.96082161339956,-399.03917838660044,-880.8193751275347,-399.13502037817193,-399.2752666981318,0.23608831153137544,0.21198184219053928,0.16519761473802608,0.014387802709008598,registered
1028,1787909423.8619313,1787909423.8612306,320.10839122225804,-399.89160877774196,-881.6718055186763,-400.01116857419333,-400.1538735178414,0.2622647400994538,0.2257805442739027,0.18939009589707678,0.016404162028234467,registered
1029,1787909423.8897278,1787909423.888984,319.00770237325395,-400.99229762674605,-882.7724943676803,-400.92813784935424,-400.9864275937511,-0.005870032994948815,-0.019073925197858443,0.21134040008127483,0.01811562657631192,registered
1030,1787909423.9186099,1787909423.9179547,318.1685638900513,-401.8314361099487,-883.611632850883,-401.84044810251584,-401.85550058717007,0.024064477221372726,-0.004525268451402553,0.1698165351183918,0.01438818775144361,registered
1031,1787909423.9470475,1787909423.946372,317.2821634409692,-402.7178365590308,-884.4980332999651,-402.7658277988433,-402.7079734224341,-0.009863136596663935,-0.04821762437518373,0.2287337403389426,0.01907147649354756,registered
1032,1787909423.9756618,1787909423.9748409,316.22581026543565,-403.77418973456435,-885.5543864754986,-403.75581330237696,-403.5619911237738,-0.21219861079055136,-0.23816683225322777,0.21187933335639555,0.017274333005658567,registered
1033,1787909424.0042748,1787909424.0035233,315.2326660574435,-404.7673339425565,-886.5475306834908,-404.7239909852363,-404.42241715846416,-0.34491678409233373,-0.381994489408612,0.21876106683425375,0.01744722519863798,registered
1034,1787909424.0329418,1787909424.032176,314.42588808287024,-405.57411191712976,-887.354308658064,-405.6180837663604,-405.2819491734347,-0.29216274369503026,-0.32989585179564074,0.1743143629521427,0.013648361571878173,registered
1035,1787909424.061454,1787909424.060692,313.47123214983964,-406.52876785016036,-888.3089645910947,-406.4991468059826,-406.1373830020104,-0.39138484814998264,-0.4300111201234813,0.1668529227906734,0.01274354803666976,registered
1036,1787909424.0900035,1787909424.089279,312.518681472958,-407.481318527042,-889.2615152679763,-407.36790471650136,-406.99494102143996,-0.48637750560203585,-0.5360928834506922,0.16900290354750042,0.01250964695670009,registered
1037,1787909424.1217558,1787909424.1210854,311.7703077647753,-408.2296922352247,-890.009888976159,-408.2020465016644,-407.94908177922565,-0.2806104559990672,-0.3183404370518019,0.14828867834300677,0.010649814813498814,registered
1038,1787909424.147521,1787909424.146608,311.1768103337559,-408.8231896662441,-890.6033864071784,-408.9867393463686,-408.7147202671569,-0.10846939908719833,-0.1411406237218671,0.1877841232974291,0.013129036891571239,registered
1039,1787909424.1761465,1787909424.1749961,310.18608805928847,-409.81391194071153,-891.5941086816458,-409.8318440793447,-409.5663133870168,-0.24759855369472916,-0.275321888039457,0.13250142585829186,0.008837943672199292,registered
1040,1787909424.2042332,1787909424.2036674,309.2356652041473,-410.7643347958527,-892.544531536787,-410.6930058445603,-410.4264032702925,-0.3379315255601796,-0.3555276591270058,0.16970366023808953,0.01085325642448413,registered
1041,1787909424.2333457,1787909424.232725,308.53583040372877,-411.46416959627123,-893.2443663372055,-411.5060451458193,-411.2980796491352,-0.16608994713601533,-0.20141358477542326,0.1845063943246312,0.011502177790791624,registered
1042,1787909424.2613876,1787909424.260439,307.7752052693326,-412.2247947306674,-894.0049914716017,-412.32131465692544,-412.1294536190149,-0.0953411116524876,-0.13041833063186914,0.17766823264508247,0.010851895345067558,registered
1043,1787909424.291722,1787909424.2911584,306.5327523248995,-413.4672476751005,-895.2474444160348,-413.2172045986648,-413.0509876895846,-0.41625998551592147,-0.4530373252108575,0.15692315958896755,0.009454234473550035,registered
1044,1787909424.318924,1787909424.3182118,305.93970366877164,-414.06029633122836,-895.8404930721626,-414.0381604958638,-413.8625430303185,-0.19775330090988064,-0.23394578975728564,0.12767798540692138,0.0077115214904457585,registered
1045,1787909424.347021,1787909424.3464198,305.4472136338474,-414.5527863661526,-896.3329831070869,-414.82633843328165,-414.7087362710715,0.15594990491888439,0.1481021972273311,0.1768151525117851,0.01074391161576885,registered
1046,1787909424.3755958,1787909424.3749645,304.325198762262,-415.674801237738,-897.4549979786723,-415.6827903614602,-415.565028358578,-0.10977287916000478,-0.14422180445399135,0.10911956741062112,0.006775598167126955,registered
1047,1787909424.4043348,1787909424.403559,303.17641486270765,-416.82358513729235,-898.6037818782266,-416.5510740270253,-416.4228152470559,-0.4007698902364609,-0.4712401504588115,0.17155595828145423,0.010842934008642155,registered
1048,1787909424.4335732,1787909424.4321418,302.86259688725016,-417.13740311274984,-898.9175998536841,-417.31479321230347,-417.2802516798036,0.14284856705376114,0.13329335461219216,0.1382986799257307,0.008751172290283923,registered
1049,1787909424.4613492,1787909424.460801,301.9381521769962,-418.0618478230038,-899.8420445639381,-418.12471226759556,-418.1399768030337,0.07812898002987367,0.07478022732573208,0.1311924509423459,0.008210535168507753,registered
1050,1787909424.4901755,1787909424.4894881,300.75918700578626,-419.24081299421374,-901.021009735148,-418.97761632715225,-419.0005458808791,-0.240267113334653,-0.20134135431453615,0.1712202458572166,0.010199066966619841,registered
1051,1787909424.5183444,1787909424.5177343,300.1900755835721,-419.8099244164279,-901.5901211573622,-419.7786339608531,-419.84788346687327,0.03795905044535175,0.047190881309802535,0.0966049744829846,0.00555246360023026,registered
1052,1787909424.547307,1787909424.546467,299.7729446400652,-420.2270553599348,-902.0072521008691,-420.56990483767845,-420.70981860685043,0.4827632469156242,0.4677691246855602,0.1906816605385768,0.010650692190187163,registered
1053,1787909424.57554,1787909424.5748818,298.5427538061942,-421.4572461938058,-903.2374429347401,-421.47952323963204,-421.5622127683792,0.10496657457338188,0.10584319056999902,0.1286373629444682,0.00667154410756603,registered
1054,1787909424.6042075,1787909424.6035173,297.41426330405494,-422.58573669594506,-904.3659334368793,-422.372695380379,-422.4212298279912,-0.16450686795383263,-0.17914297700292536,0.20114929987636332,0.010233300668063878,registered
1055,1787909424.6330097,1787909424.6322696,296.7996509540356,-423.2003490459644,-904.9805457868987,-423.2187037555525,-423.28375144490445,0.08340239894005208,0.079142522952111,0.15238932817716055,0.007862059963052793,registered
1056,1787909424.6613054,1787909424.6607676,296.00254312671376,-423.99745687328624,-905.7776536142205,-424.11913111903925,-424.1386417094905,0.1411848362042747,0.15459762570424118,0.14709956162767893,0.007854832511081444,registered
1057,1787909424.6898932,1787909424.6892586,294.7696014245084,-425.2303985754916,-907.0105953164259,-425.0686661240052,-424.99332456150165,-0.23707401398996808,-0.247342869380077,0.1801974891653593,0.01019724655980814,registered
1058,1787909424.7186775,1787909424.7180092,294.0519327015689,-425.9480672984311,-907.7282640393654,-425.91299574983384,-425.85579611331053,-0.09227118512058041,-0.08154299283069122,0.08922883813739645,0.005170301688703564,registered
1059,1787909424.7469676,1787909424.7463014,293.52163320444055,-426.47836679555945,-908.2585635364937,-426.69417629296316,-426.704514065752,0.22614727019254133,0.23304142549079643,0.19676844551808917,0.011517523697323373,registered
1060,1787909424.7756097,1787909424.7749963,292.38684297387243,-427.61315702612757,-909.3933537670619,-427.55169562286915,-427.5653120126456,-0.04784501348194681,-0.011666402289392863,0.08886891888195948,0.005200357674871043,registered
1061,1787909424.8041022,1787909424.8034534,291.3262974587588,-428.6737025412412,-910.4538992821755,-428.4172556994606,-428.4189792582552,-0.2547232829859922,-0.2346319025863295,0.20740936150037959,0.011853445846038127,registered
1062,1787909424.8332891,1787909424.8324234,290.9428055850156,-429.0571944149844,-910.8373911559187,-429.18402550814926,-429.2880307952009,0.23083638021648767,0.2263676036433253,0.1327851012549936,0.0074942903737188135,registered
1063,1787909424.86317,1787909424.862386,290.2179097230988,-429.7820902769012,-911.5622870178355,-430.0151114484123,-430.1868567648908,0.4047664879896047,0.39723816005653134,0.13951431452172777,0.007668939049566811,registered
1064,1787909424.8900123,1787909424.8892875,288.84836319507446,-431.15163680492554,-912.9318335458598,-430.96565531288263,-430.99385618113325,-0.1577806237922914,-0.13028554186473684,0.24431767140036298,0.012866669553747018,registered
1065,1787909424.91821,1787909424.9176493,288.11918826148843,-431.88081173851157,-913.6610084794459,-431.8407925627512,-431.8446625636398,-0.03614917487175262,-0.019621869325305852,0.10756835453897112,0.005617260311978599,registered
1066,1787909424.9472573,1787909424.946615,287.61896344191547,-432.38103655808453,-914.1612332990188,-432.684156491091,-432.71358536174586,0.3325488036613251,0.3317772654277178,0.20086605726282272,0.010515816482303578,registered
1067,1787909424.976235,1787909424.975353,286.23132854181057,-433.76867145818943,-915.5488681991237,-433.6381170259667,-433.5756778491937,-0.19299360899572093,-0.18886157329689013,0.08656003489031967,0.004707374418122192,registered
1068,1787909425.004342,1787909425.0036614,285.0621119362003,-434.9378880637997,-916.718084804734,-434.57758282935265,-434.42488214836254,-0.5130059154371338,-0.5184124258736347,0.20378751957878516,0.011610362195317551,registered
1069,1787909425.0345056,1787909425.0327485,284.87905805575366,-435.12094194424634,-916.9011386851806,-435.348844901019,-435.2974453947672,0.1765034505208405,0.1486745414839561,0.11864843755302192,0.006805308251953644,registered
1070,1787909425.0613961,1787909425.0607774,284.01941294396585,-435.98058705603415,-917.7607837969684,-436.14306978685113,-436.13826736504444,0.1576803090102885,0.13095196333233616,0.1464241504848722,0.008616698358650001,registered
1071,1787909425.0898232,1787909425.0891416,282.6676921405022,-437.3323078594978,-919.1125046004321,-437.056628826228,-436.98914526912864,-0.3431625903691611,-0.3715557465209258,0.18491111265379812,0.011035085108803798,registered
1072,1787909425.1183224,1787909425.117695,282.10114827337037,-437.89885172662963,-919.6790484675639,-437.851745922802,-437.8457019864722,-0.05314974015743701,-0.07623703338902033,0.09622828933992614,0.005717926601116477,registered
1073,1787909425.1470335,1787909425.146337,281.83208421685555,-438.16791578314445,-919.9481125240787,-438.6068266982242,-438.70491215434373,0.5369963711992796,0.5147623822412015,0.16706190639831078,0.009887766958879024,registered
1074,1787909425.1755288,1787909425.1747851,280.4021233129774,-439.5978766870226,-921.3780734279569,-439.5288834029851,-439.5583076179584,-0.03956906906421409,-0.03559938274634078,0.07930943438477707,0.004530551232667289,registered
1075,1787909425.204155,1787909425.203538,279.0551618410879,-440.9448381589121,-922.7250348998464,-440.4498499290361,-440.42084353918716,-0.523994619724931,-0.4914074564442217,0.23057578017125768,0.012701543365661662,registered
1076,1787909425.2337945,1787909425.2323725,279.0454557367546,-440.9545442632454,-922.7347410041797,-441.2606460012478,-441.28583265052674,0.33128838728134724,0.3129350173505827,0.13098161704598352,0.007213849491881965,registered
1077,1787909425.2614791,1787909425.260835,278.17262138808513,-441.82737861191487,-923.6075753528492,-442.15015238302277,-442.1396572436069,0.3122786316920383,0.29319219701233123,0.12329922266683306,0.006716138498367484,registered
1078,1787909425.2898161,1787909425.2892172,276.51719983510355,-443.48280016489645,-925.2629969058307,-443.1042855135622,-442.9910787116807,-0.4917214532157459,-0.457070835309878,0.16582785452283666,0.009200304246198986,registered
1079,1787909425.3185859,1787909425.3178837,275.9300422378678,-444.0699577621322,-925.8501545030665,-443.9065694284038,-443.85102555180123,-0.21893221033099053,-0.1986568848146817,0.08431054960901284,0.004741573628732759,registered
1080,1787909425.3470314,1787909425.3463585,275.6862336257365,-444.3137663742635,-926.0939631151978,-444.6730307319103,-444.70522205708477,0.39145568282128806,0.3410556517975465,0.18037934670189856,0.01020030213860006,registered
1081,1787909425.3757634,1787909425.3750117,274.33369076710295,-445.66630923289705,-927.4465059738313,-445.58624254203323,-445.564768376371,-0.10154085652607137,-0.12709779963290657,0.06896941873141668,0.003969481436298557,registered
1082,1787909425.4043825,1787909425.403759,273.2988657682644,-446.7011342317356,-928.4813309726699,-446.4222525872658,-446.4271397979713,-0.273994433764301,-0.2961784481542509,0.17646137424290786,0.010044593873126553,registered
1083,1787909425.4343212,1787909425.4327087,273.03730460884884,-446.96269539115116,-928.7428921320854,-447.178187504851,-447.2955834015076,0.33288801035644155,0.3195452300327588,0.14014183473819403,0.007924828104521312,registered
1084,1787909425.4615448,1787909425.4609313,272.20060828823654,-447.79939171176346,-929.5795884526977,-448.02509359607336,-448.14221292388385,0.3428212121203842,0.33078845281875147,0.12304110299733316,0.0067540777167498164,registered
1085,1787909425.4907153,1787909425.4899175,270.79812693167395,-449.20187306832605,-930.9820698092603,-448.9533963860465,-449.0117508075571,-0.19012226076893057,-0.19152936191960634,0.2076538854366415,0.010697668652893351,registered
1086,1787909425.5187774,1787909425.5178187,270.12154711402735,-449.87845288597265,-931.6586496269069,-449.7789360736517,-449.8487392212764,-0.02971366469625991,-0.003959394134653849,0.08568358886421992,0.0043008452764672425,registered
1087,1787909425.5474832,1787909425.546891,269.5465253607509,-450.4534746392491,-932.2336713801834,-450.64095245112674,-450.7208590339,0.2673843946508896,0.3205504240945629,0.1914386422653904,0.009465011939948914,registered
1088,1787909425.575906,1787909425.5750656,268.50072385008815,-451.49927614991185,-933.2794728908461,-451.593647266992,-451.5660509725671,0.06677482265524759,0.07062910545550949,0.09136824235269274,0.004486143544613516,registered
1089,1787909425.6041667,1787909425.6034553,267.2704065276312,-452.7295934723688,-934.5097902133031,-452.4842401657878,-452.41769415753123,-0.3118993148375466,-0.3194342302443829,0.19627493703724974,0.009847454225882237,registered
1090,1787909425.6339517,1787909425.6332545,266.7861132377363,-453.2138867622637,-934.994083503198,-453.3123350633108,-453.3116208991573,0.09773413689356403,0.08151346999625275,0.13655806399739856,0.006948072921085745,registered
1091,1787909425.6619978,1787909425.6612444,265.87820034155453,-454.12179965844547,-935.9019963993798,-454.2009822242695,-454.1512699155623,0.02947025711682727,0.007131092663030358,0.1477378227299056,0.007738233789961413,registered
1092,1787909425.6900747,1787909425.6893804,264.7918070098967,-455.2081929901033,-936.9883897310376,-455.07115450096546,-454.99530320467255,-0.2128897854307752,-0.20766741679403822,0.17902062501856272,0.009672428274778457,registered
1093,1787909425.718541,1787909425.7179632,264.07880874664755,-455.92119125335245,-937.7013879942867,-455.8819704143576,-455.85273963742026,-0.06845161593219018,-0.06827802501948099,0.06827095261824219,0.0037391494924322788,registered
1094,1787909425.747679,1787909425.747138,263.3906584749706,-456.6093415250294,-938.3895382659637,-456.6906198054487,-456.7279348778797,0.11859335285032557,0.0900301875152536,0.20839126633823474,0.01147970910608006,registered
1095,1787909425.7757328,1787909425.775092,262.47265022653056,-457.52734977346944,-939.3075465144037,-457.56461666740165,-457.5665039184633,0.03915414499385861,0.06490741880531914,0.07784004230171639,0.004268700128779573,registered
1096,1787909425.8041735,1787909425.8035383,261.61222405052587,-458.38777594947413,-940.1679726904084,-458.3999739424884,-458.41984931697374,0.03207336749960632,0.09464593595077986,0.18452891707656333,0.009968630875327603,registered
1097,1787909425.833123,1787909425.8323302,260.73939532449384,-459.26060467550616,-941.0408014164404,-459.2339324972802,-459.28355819207474,0.02295351656857747,-0.01763467556907017,0.13878352306118094,0.007346425646578776,registered
1098,1787909425.8615522,1787909425.8608768,259.87511319129686,-460.12488680870314,-941.9050835496374,-460.1087774697302,-460.13990749684325,0.015020688140111815,0.005584324316259881,0.12248143935552734,0.006370490612522409,registered
1099,1787909425.8914306,1787909425.8907647,258.9898836082804,-461.0101163917196,-942.7903131326539,-460.9975363535483,-461.03649484115505,0.02637844943546952,0.08878119957500985,0.2027770098751731,0.0104561552121794,registered
1100,1787909425.9186764,1787909425.9180272,258.1344944824701,-461.8655055175299,-943.6457022584642,-461.8792289276492,-461.85432262424223,-0.01118289328769606,-0.0021058494872931988,0.07248099255813577,0.0037470098479477484,registered
1101,1787909425.9473805,1787909425.9466317,257.2769666065115,-462.7230333934885,-944.5032301344228,-462.77189376449235,-462.7124099033459,-0.01062349014262054,-0.0726254277001317,0.1837592035267941,0.009597707598251537,registered
1102,1787909425.976354,1787909425.9754164,256.38383455769946,-463.61616544230054,-945.3963621832348,-463.6460263718891,-463.57590421371407,-0.04026122858647341,-0.03645241153026291,0.07662753956532246,0.004056887566897421,registered
1103,1787909426.0045788,1787909426.0038476,255.42916890937255,-464.57083109062745,-946.3510278315617,-464.4879718565316,-464.4287918741281,-0.14203921649937,-0.10924008741028501,0.17452107061100589,0.009363709585710962,registered
1104,1787909426.0335138,1787909426.0322754,254.57938890362442,-465.4206110963756,-947.2008078373099,-465.35322113635283,-465.2815794043334,-0.13903169204218102,-0.1419965607174163,0.13320994678365655,0.007218615812223764,registered
1105,1787909426.061547,1787909426.0607798,253.79355462073278,-466.2064453792672,-947.9866421202015,-466.2143229077891,-466.13666277717897,-0.06978260208825304,-0.06275943963578356,0.1335801240036766,0.007298578395689213,registered
1106,1787909426.1022358,1787909426.1012108,253.05559144175226,-466.94440855824774,-948.724605299182,-467.0445507777368,-467.34952568968134,0.40511713143359884,0.4371174816237726,0.170138561162951,0.009364939377991096,registered
1107,1787909426.118282,1787909426.1177213,252.19748106228104,-467.80251893771896,-949.5827156786532,-467.86544490490724,-467.8448126143824,0.042293676663462065,0.06457512177462377,0.06492500253307612,0.003601850146277957,registered
1108,1787909426.1470761,1787909426.1465042,251.13496340641206,-468.86503659358794,-950.6452333345222,-468.7049109642934,-468.7082497074886,-0.15678688609932578,-0.10214705500447963,0.16861732012708402,0.009421085863146753,registered
1109,1787909426.1756036,1787909426.1749685,250.4664349704738,-469.5335650295262,-951.3137617704605,-469.55102015451615,-469.5621315178308,0.028566488304591076,0.04157536007357976,0.07528939069498002,0.004216632231673108,registered
1110,1787909426.2043252,1787909426.2037728,249.68955580518656,-470.31044419481344,-952.0906409357477,-470.4098851766347,-470.42621230513515,0.11576811032171008,0.08702935420399172,0.16648444051080505,0.009333029138665577,registered
1111,1787909426.2331553,1787909426.2323742,248.71370874652524,-471.28629125347476,-953.066487994409,-471.2773707230937,-471.284206606188,-0.002084647286778818,0.04863519494858792,0.11848752872743208,0.006640521051491652,registered
1112,1787909426.261717,1787909426.2611005,247.80830527222992,-472.1916947277701,-953.9718914687044,-472.1159640747882,-472.14594863790563,-0.04574608986445128,0.0018007530276236139,0.12278156618271205,0.00687599671781589,registered
1113,1787909426.2909386,1787909426.2901924,247.08226135129865,-472.91773864870135,-954.6979353896356,-472.949093159153,-473.01865492746543,0.10091627876408893,0.08097675116050596,0.15566026862725446,0.008704666336920335,registered
1114,1787909426.3189642,1787909426.3180656,246.16855188538722,-473.8314481146128,-955.6116448555471,-473.82347153713863,-473.854806538727,0.023358424114235277,0.035162796292524945,0.08535545900689341,0.004748630360689505,registered
1115,1787909426.3475027,1787909426.3468158,245.3107446746355,-474.6892553253645,-956.4694520662988,-474.67920037382083,-474.7172637862205,0.028008460855971862,0.0856829731567359,0.14922476189884337,0.00821140352255293,registered
1116,1787909426.3758316,1787909426.375037,244.5311085533604,-475.4688914466396,-957.2490881875739,-475.513568991657,-475.56385039565015,0.0949589490105609,0.11884833796784733,0.10253984318437165,0.005549716991613997,registered
1117,1787909426.4043012,1787909426.4035914,243.60666416554028,-476.3933358344597,-958.173532575394,-476.3749002446193,-476.42043572162476,0.027099887165036307,0.049653242391400454,0.16907164920573792,0.008905506615000293,registered
1118,1787909426.434989,1787909426.4324415,242.74260983919095,-477.25739016080905,-959.0375869017433,-477.24982885755026,-477.28588972321853,0.02849956240947904,0.06600495020791186,0.12037764502085761,0.006157486773878754,registered
1119,1787909426.462638,1787909426.46197,241.91379742690987,-478.08620257309013,-959.8663993140244,-478.1109827606913,-478.1716987657898,0.08549619269967934,0.11486158701768545,0.1212296064265032,0.006037431139627891,registered
1120,1787909426.4903178,1787909426.4894135,241.03901070568048,-478.9609892943195,-960.7411860352538,-478.95612279238685,-478.99495503661484,0.03396574229532234,0.05816566822363711,0.1431724988492602,0.006978745382355852,registered
1121,1787909426.518556,1787909426.5179923,240.11892153909486,-479.88107846090514,-961.6612752018394,-479.82230473329594,-479.8522698826807,-0.028808578224470693,0.022599925062991133,0.07801412426985532,0.00376012381073699,registered
1122,1787909426.5575798,1787909426.5566626,239.3376521076479,-480.6623478923521,-962.4425446332864,-480.67406894071746,-481.0123141101446,0.3499662177924847,0.4211615223038052,0.16235468550267676,0.007825697383038656,registered
1123,1787909426.5758138,1787909426.5750952,238.49515552529903,-481.504844474701,-963.2850412156353,-481.53495944273413,-481.5652617306859,0.06041725598493031,0.12615000607502225,0.0832582762158438,0.0040464645193623505,registered
1124,1787909426.6047192,1787909426.6039395,237.6964393813824,-482.3035606186176,-964.0837573595519,-482.3989690302586,-482.43054408049346,0.1269834618758523,0.1864236263248813,0.1446654754099882,0.007122761655243593,registered
1125,1787909426.6334121,1787909426.6327956,236.6743413260536,-483.3256586739464,-965.1058554148807,-483.2306637180792,-483.2961768860312,-0.02948178791518785,0.03596384656486862,0.11867509191757682,0.005954363965581834,registered
1126,1787909426.6614885,1787909426.6608622,235.9149301331492,-484.0850698668508,-965.8652666077851,-484.0458560913986,-484.138128897234,0.053059030383224126,0.1099618924221204,0.10246835579634593,0.005202446015191604,registered
1127,1787909426.690208,1787909426.6895306,235.06975548572956,-484.93024451427044,-966.7104412552047,-484.8901239556873,-484.99813295461666,0.06788844034622343,0.11423668737165826,0.1572920326097082,0.008041871163332033,registered
1128,1787909426.718555,1787909426.7179186,234.28490789914196,-485.71509210085804,-967.4952888417923,-485.7312267436906,-485.84972607447656,0.13463397361852003,0.19444266338939542,0.09749228069583102,0.004971004987897921,registered
1129,1787909426.7473166,1787909426.7466369,233.55908550608075,-486.44091449391925,-968.2211112348535,-486.5565937771612,-486.7112249328305,0.2703104389112241,0.3284032505727055,0.13900992062268272,0.006996863154200884,registered
1130,1787909426.7757857,1787909426.7751215,232.62209250990537,-487.37790749009463,-969.1581042310289,-487.38791110249724,-487.5657146765821,0.18780718648747552,0.24221059735339168,0.10001016623702191,0.004863714166117225,registered
1131,1787909426.8044,1787909426.8038273,231.64059086491403,-488.35940913508597,-970.1396058760203,-488.2557839136333,-488.42684162273264,0.06743248764666987,0.12919658565408554,0.17365610086942276,0.007963079886317977,registered
1132,1787909426.834292,1787909426.833572,230.86238628339248,-489.1376137166075,-970.9178104575418,-489.1637465256033,-489.31913052023225,0.18151680362473144,0.2305046025272759,0.18391524366245926,0.00793652115342544,registered
1133,1787909426.861872,1787909426.8611648,230.02753139510884,-489.97246860489116,-971.7526653458254,-490.0753169025047,-490.1468711939712,0.1744025890800458,0.21091713210637408,0.1979342521722332,0.007960836272637552,registered
1134,1787909426.8899746,1787909426.8892791,229.00517311348966,-490.99482688651034,-972.7750236274446,-490.9503065743214,-490.9902536367255,-0.004573249784812106,0.057629269286053386,0.20164986783103564,0.007579399102578137,registered
1135,1787909426.9185708,1787909426.9179378,228.13892984303976,-491.86107015696024,-973.6412668978945,-491.80999256055725,-491.8499644556401,-0.011105701320161643,0.0398464023858196,0.17394947420055548,0.006453889668690626,registered
1136,1787909426.947399,1787909426.9467,227.18391440182933,-492.8160855981707,-974.596282339105,-492.68455179019537,-492.71278646317916,-0.10329913499151644,-0.1073584354551258,0.24107252839165305,0.00935166834110868,registered
1137,1787909426.9763422,1787909426.975533,226.55066986514117,-493.4493301348588,-975.2295268757931,-493.5540826276929,-493.5777255094144,0.12839537455556638,0.16249282193757608,0.21039591911167507,0.00860317926045781,registered
1138,1787909427.0050328,1787909427.004213,225.73940504482488,-494.2605949551751,-976.0407916961094,-494.4095464436772,-494.4380800225271,0.17748506735199499,0.21297856942464932,0.23104545726547848,0.010174448831421028,registered
1139,1787909427.0341892,1787909427.0324774,224.6628136295754,-495.3371863704246,-977.1173831113589,-495.2460927432171,-495.2859611725109,-0.05122519791370905,-0.0419618467399232,0.19112923877974747,0.009136504116836969,registered
1140,1787909427.0619223,1787909427.0611734,223.817914758011,-496.182085241989,-977.9622819829233,-496.1067014949006,-496.14679488019334,-0.03529036179565992,-0.01418494087408817,0.1853130446161692,0.009218405771202687,registered
1141,1787909427.0902827,1787909427.08964,223.10499965246453,-496.8950003475355,-978.6751970884698,-496.94849668636425,-497.0007410599555,0.10574071242001537,0.14937751422587553,0.17936633407400976,0.009061938369679988,registered
1142,1787909427.1186023,1787909427.1179903,222.16535938829526,-497.83464061170474,-979.614837352639,-497.8129626870035,-497.8512041388897,0.016563527184985105,0.07786607200728213,0.18762544697781985,0.009464089885331088,registered
1143,1787909427.1473212,1787909427.146663,221.32882941682823,-498.6711705831718,-980.4513673241061,-498.6640675577243,-498.7113369351119,0.04016635194011542,0.1059089725265494,0.21556516680670712,0.010686365000157355,registered
1144,1787909427.1761737,1787909427.1754913,220.47255300120543,-499.5274469987946,-981.3076437397289,-499.48926591275904,-499.5761400903497,0.04869309155515111,0.09146157305667657,0.20550423676945734,0.009909593580659092,registered
1145,1787909427.2043643,1787909427.2036853,219.72497547321922,-500.2750245267808,-982.0552212677151,-500.3478142747821,-500.4219113537951,0.14688682701432754,0.18628896073471424,0.20835837667933968,0.00976706219135089,registered
1146,1787909427.2335958,1787909427.2329264,218.73484693375752,-501.2651530662425,-983.0453498071768,-501.287856273751,-501.2990948941111,0.03394182786860256,0.07304879698460809,0.18967068344269408,0.008575892348957255,registered
1147,1787909427.2614264,1787909427.2607598,217.79079912982792,-502.2092008701721,-983.9893976111064,-502.228504207804,-502.13405209502724,-0.07514877514483942,-0.002346011468830511,0.1919992764825707,0.0085049615426715,registered
1148,1787909427.2901573,1787909427.2895167,216.93858812249385,-503.06141187750615,-984.8416086184404,-503.1585174636293,-502.99670960293776,-0.06470227456838984,0.004224839551170589,0.18177025853718995,0.008110893473382326,registered
1149,1787909427.318878,1787909427.3181934,215.88745895407152,-504.1125410459285,-985.8927377868628,-504.08365430552925,-503.8569639858419,-0.2555770600865799,-0.24368484487717978,0.1674633848561428,0.007881685112739942,registered
1150,1787909427.3481996,1787909427.3476095,214.76311088607446,-505.23688911392554,-987.0170858548598,-504.9920616711696,-504.73939720995185,-0.497491903973696,-0.5199964687519696,0.18166873411686046,0.009406123046739372,registered
1151,1787909427.3761318,1787909427.3754218,214.18551266762182,-505.8144873323782,-987.5946840733125,-505.82076417386156,-505.5737178688275,-0.2407694635506914,-0.29377203199589985,0.12022003419303733,0.006558969921853388,registered
1152,1787909427.404762,1787909427.4040008,213.48003610366283,-506.5199638963372,-988.3001606372715,-506.61135826658085,-506.4310398670511,-0.08892402928609044,-0.1643406875754181,0.1358867115067282,0.007859914836110518,registered
1153,1787909427.4333549,1787909427.432566,212.57411179303477,-507.4258882069652,-989.2060849478995,-507.4103136404756,-507.2879470401247,-0.1379411668405055,-0.18676937655857273,0.10935610018998934,0.0067163779803999174,registered
1154,1787909427.461681,1787909427.4609427,211.84206960352532,-508.1579303964747,-989.938127137409,-508.18125038802293,-508.13920400857006,-0.018726387904621333,-0.06139136470721951,0.12739608480628675,0.00810560714125102,registered
1155,1787909427.490588,1787909427.489844,211.15764516734447,-508.84235483265553,-990.6225515735898,-508.932761098082,-509.0061957240817,0.16384089142616176,0.17176648621909862,0.14268127448335668,0.009302700717132227,registered
1156,1787909427.5186331,1787909427.518005,210.23115654712996,-509.76884345287004,-991.5490401938043,-509.75639880822484,-509.8509728375987,0.08212938472865972,0.09887056584193488,0.12202939047040558,0.008153830600313524,registered
1157,1787909427.5483048,1787909427.547364,209.26681479892153,-510.73318520107847,-992.5133819420128,-510.59880852990506,-510.7316966960046,-0.0014885050738939754,0.018610741773159134,0.13328360686058854,0.009076131330321419,registered
1158,1787909427.577428,1787909427.5761464,208.61673138300324,-511.38326861699676,-993.163465357931,-511.41423521560006,-511.59511948479525,0.21185086779848916,0.23340602121800202,0.11265578238702649,0.007737097865432991,registered
1159,1787909427.6049747,1787909427.6040812,207.8781376487368,-512.1218623512632,-993.9020590921975,-512.2466935173925,-512.4331163527584,0.3112540014950582,0.3267702198735378,0.11559324457840538,0.00796460432157133,registered
1160,1787909427.6357727,1787909427.6334138,206.82551368977875,-513.1744863102213,-994.9546830511555,-513.1123347759503,-513.313046321653,0.13856001143187768,0.145936281930517,0.1403758938566102,0.009569550215600476,registered
1161,1787909427.6626644,1787909427.6617563,205.9819553945474,-514.0180446054526,-995.7982413463869,-513.9575143062343,-514.1632733793813,0.14522877392869304,0.1659436404478356,0.15758785863961114,0.010540710642255218,registered
1162,1787909427.6916342,1787909427.6902587,205.3173318537547,-514.6826681462453,-996.4628648871795,-514.7758850078467,-515.0182995349649,0.33563138871954834,0.3533341991286534,0.1542605128533609,0.010167641260156646,registered
1163,1787909427.721695,1787909427.7209651,204.34975738384946,-515.6502426161505,-997.4304393570848,-515.6202371611848,-515.9394402368578,0.28919762070722754,0.32040944400534954,0.17236885110283154,0.011314392194819584,registered
1164,1787909427.7476351,1787909427.746818,203.38014183428118,-516.6198581657188,-998.4000549066532,-516.47839063973,-516.7149844632831,0.09512629756420665,0.13130156416173122,0.15799092647149457,0.010696775460370888,registered
1165,1787909427.7768123,1787909427.7758276,202.73100421374147,-517.2689957862585,-999.0491925271928,-517.3150773713506,-517.5852232584166,0.3162274721580616,0.327425889679148,0.13987048906926886,0.009834157984385848,registered
1166,1787909427.8047576,1787909427.8038719,201.98368353810133,-518.0163164618987,-999.7965132028329,-518.1796114363287,-518.4265029667902,0.41018650489161246,0.4050696551526016,0.16411053812954704,0.012119702117825933,registered
1167,1787909427.8342988,1787909427.8331342,200.90977642702728,-519.0902235729727,-1000.870420313907,-519.0968110286253,-519.3043230491467,0.2140994761739421,0.19917102358749617,0.15772110916979123,0.01234629105602141,registered
1168,1787909427.862149,1787909427.8612437,199.9023813054905,-520.0976186945095,-1001.8778154354437,-519.9963309472546,-520.1475624487457,0.04994375423632391,0.03040685886094252,0.1608699115968433,0.012917171510335253,registered
1169,1787909427.8912256,1787909427.8903902,199.13307065784488,-520.8669293421551,-1002.6471260830895,-520.8891765565168,-521.0219065824319,0.15497724027682125,0.1305597026922669,0.1848461010782417,0.01484108659488173,registered
1170,1787909427.9194276,1787909427.9187279,198.1855792280187,-521.8144207719813,-1003.5946175129156,-521.8215750603356,-521.8719905970052,0.057569825023733756,0.03142030626668202,0.1692739947137512,0.013404168250715628,registered
1171,1787909427.9491353,1787909427.9483569,197.14836252530495,-522.851637474695,-1004.6318342156293,-522.7454322801088,-522.7608106979924,-0.09082677670267003,-0.12939534263102814,0.1845804890002084,0.014409456194964086,registered
1172,1787909427.9765527,1787909427.9755604,196.43065292984988,-523.5693470701501,-1005.3495438110845,-523.6307483059641,-523.5768718981135,0.007524827963266034,-0.029480843074111363,0.17928808587035092,0.013978588127481177,registered
1173,1787909428.0065417,1787909428.005665,195.59483950356685,-524.4051604964332,-1006.1853572373675,-524.5120366634319,-524.4799605538267,0.07480005739353146,0.03819925124503243,0.1644563057318103,0.012909100481118424,registered
1174,1787909428.034423,1787909428.0336885,194.53273877306583,-525.4672612269342,-1007.2474579678684,-525.4172802068857,-525.3206180244756,-0.14664320245856288,-0.17126065207105512,0.19120801472259863,0.015128995792850292,registered
1175,1787909428.0630574,1787909428.0621316,193.64240977366694,-526.3575902263331,-1008.1377869672674,-526.2992934765269,-526.1738632927772,-0.1837269335558176,-0.1731524630780541,0.16047534674852085,0.012600028111691993,registered
1176,1787909428.0912116,1787909428.0903134,192.85239908910012,-527.1476009108999,-1008.9277976518341,-527.1433083907372,-527.019269796177,-0.12833111472275505,-0.09320571322439264,0.16680509085745826,0.012791708841427947,registered
1177,1787909428.1192338,1787909428.1184678,192.0020627133174,-527.9979372866826,-1009.7781340276168,-528.0131834849394,-527.8638538014347,-0.13408348524785652,-0.11567077247252655,0.15716127137680905,0.011561159383927122,registered
1178,1787909428.1474395,1787909428.1468427,191.06928209441935,-528.9307179055807,-1010.710914646515,-528.8935946286531,-528.715053552618,-0.21566435296278996,-0.22644575527772304,0.150859610980212,0.010509838872767444,registered
1179,1787909428.176536,1787909428.1758966,190.30578907973018,-529.6942109202698,-1011.4744076612042,-529.7219616541669,-529.5866226490944,-0.10758827117558667,-0.12395112245587825,0.1782089069138417,0.01195113905820926,registered
1180,1787909428.204844,1787909428.204154,189.542023832699,-530.457976167301,-1012.2381729082354,-530.5599563962971,-530.4342963865031,-0.023679780797920102,-0.030922117605769017,0.1853443663205144,0.012179418150521896,registered
1181,1787909428.2348425,1787909428.233255,188.47385124821312,-531.5261487517869,-1013.3063454927212,-531.4576880223443,-531.3072744580577,-0.21887429372918632,-0.20366121481049504,0.1496832507883593,0.009941793303826815,registered
1182,1787909428.2622902,1787909428.26127,187.558069521353,-532.441930478647,-1014.2221272195814,-532.3585416264951,-532.147681603185,-0.29424887546213085,-0.2602549861657053,0.1633275430984472,0.011267964075761175,registered
1183,1787909428.2902548,1787909428.2895985,186.94754088330728,-533.0524591166927,-1014.8326558576271,-533.2309315352446,-532.9974866836055,-0.05497243308730049,-0.04313585388320007,0.1289197262923928,0.0091826327260462,registered
1184,1787909428.3193262,1787909428.3186512,185.89766994163233,-534.1023300583677,-1015.8825267993019,-534.1064386566209,-533.8690200192932,-0.23331003907446757,-0.23789920688682287,0.10877461416868629,0.008163733374228842,registered
1185,1787909428.3474052,1787909428.3466752,184.82346921757198,-535.176530782428,-1016.9567275233624,-534.9806586554939,-534.7096917942574,-0.4668389881707071,-0.4824462552786599,0.1324138213062537,0.010296824947787577,registered
1186,1787909428.3762724,1787909428.3755324,184.21382893396185,-535.7861710660382,-1017.5663678069724,-535.7821889114574,-535.575360360584,-0.2108107054541506,-0.25524586965809704,0.0935784942188751,0.007334650246160098,registered
1187,1787909428.4048612,1787909428.4041195,183.51054059166745,-536.4894594083326,-1018.2696561492669,-536.5880992970655,-536.4329255321713,-0.05653387616132477,-0.11100337371988189,0.13641446844921404,0.01065639747622456,registered
1188,1787909428.4338565,1787909428.4331315,182.59189799000296,-537.408102009997,-1019.1882987509314,-537.4125563926516,-537.3032358488822,-0.10486616111484182,-0.14507879537575263,0.108849232357173,0.008301422774623384,registered
1189,1787909428.4620216,1787909428.4611542,181.7525216909521,-538.2474783090479,-1020.0276750499822,-538.180144581797,-538.1438718630577,-0.10360644599018087,-0.14267088220856294,0.10606615254171174,0.0077901841636843355,registered
1190,1787909428.491,1787909428.4899766,181.16910888522943,-538.8308911147706,-1020.6110878557048,-538.9232327171202,-539.0084962143517,0.1776050995812284,0.187141377345597,0.14612393961440118,0.010401287045242161,registered
1191,1787909428.5344772,1787909428.5336196,180.2143206496412,-539.7856793503588,-1021.565876091293,-539.730428062551,-540.3177129961621,0.5320336458032671,0.5635538441714516,0.09495827921141368,0.0064192467090496644,registered
1192,1787909428.5494106,1787909428.5485716,179.37393513360348,-540.6260648663965,-1022.4062616073309,-540.5604958546477,-540.7662462656028,0.14018139920631256,0.16506436475140163,0.12952242771471276,0.008431873985663012,registered
1193,1787909428.5765114,1787909428.575457,178.69948007935545,-541.3005199206445,-1023.0807166615788,-541.3737756183209,-541.5727664872754,0.2722465666309972,0.3107038953503434,0.10823236704898519,0.006893005485834489,registered
1194,1787909428.6048238,1787909428.6039908,177.92912511114514,-542.0708748888549,-1023.8510716297891,-542.2041286659294,-542.4287295755253,0.3578546866704073,0.39957803626793975,0.13672230801739382,0.008572335895361254,registered
1195,1787909428.6357007,1787909428.6329558,176.829371462954,-543.170628537046,-1024.9508252779804,-543.0886090951366,-543.2976309171579,0.12700238011188958,0.12446835610512608,0.17303857392876815,0.010811738430965166,registered
1196,1787909428.662397,1787909428.6616924,175.95884388067816,-544.0411561193218,-1025.8213528602562,-543.9500864940791,-544.1596804916592,0.11852437233733326,0.10533551275602804,0.16084401560156183,0.01025297740311808,registered
1197,1787909428.6908274,1787909428.6899836,175.2625241618723,-544.7374758381277,-1026.517672579062,-544.7982336454713,-545.0083698354695,0.2708939973417728,0.2707805026591359,0.12443003349688408,0.008223831063431889,registered
1198,1787909428.7194886,1787909428.7185295,174.34811917735647,-545.6518808226435,-1027.4320775635779,-545.6634297325539,-545.8646976837647,0.21281686112115494,0.18966125082033614,0.11982178643507892,0.008526594443116898,registered
1199,1787909428.7477047,1787909428.7469199,173.36650159749752,-546.6334984025025,-1028.4136951434368,-546.525809537284,-546.7163623252022,0.08286392269974385,0.04980737352389042,0.13062235745492926,0.01023026373281066,registered
1200,1787909428.7766092,1787909428.7757144,172.68624777810737,-547.3137522218926,-1029.093948962827,-547.3459237240112,-547.5801498740386,0.2663976521459972,0.23743314776606894,0.11472934337368766,0.009564263124609193,registered
1201,1787909428.8050463,1787909428.8041918,171.93062767587344,-548.0693723241266,-1029.849569065061,-548.1889071538285,-548.4344250530573,0.36505272893077745,0.3309076212940454,0.12166309361643056,0.01071629000161187,registered
1202,1787909428.833974,1787909428.8332963,170.87202040204625,-549.1279795979538,-1030.908176338888,-549.0733293774674,-549.3075104069783,0.17953080902452712,0.16928955376329213,0.11678959161182242,0.01072912024909005,registered
1203,1787909428.8621104,1787909428.8612645,169.9836788656462,-550.0163211343538,-1031.7965178752881,-549.950927190956,-550.1465085770274,0.13018744267355942,0.12034825320415621,0.11726278366161073,0.010807880186054586,registered
1204,1787909428.8912292,1787909428.890304,169.24533922585783,-550.7546607741422,-1032.5348575150765,-550.8457917456751,-551.0176485440384,0.2629877698961991,0.23363185272819464,0.13998753899968844,0.012726873401281672,registered
1205,1787909428.9191964,1787909428.9184616,168.2621952304687,-551.7378047695313,-1033.5180015104656,-551.7689293639952,-551.8623255273469,0.12452075781561689,0.094999301305279,0.1509750093180265,0.013385338002164406,registered
1206,1787909428.9479268,1787909428.947149,167.22889655006634,-552.7711034499337,-1034.551300190868,-552.6883936371293,-552.72290175735,-0.04820169258368878,-0.07569771789508195,0.17931030435415193,0.015734145078999152,registered
1207,1787909428.9774215,1787909428.976354,166.40428621183582,-553.5957137881642,-1035.3759105290985,-553.5852011538052,-553.5989981696869,0.0032843815226897277,-0.041278806385889766,0.16579026503845476,0.014743644971275607,registered
1208,1787909429.0056849,1787909429.0046997,165.50914787728584,-554.4908521227142,-1036.2710488636485,-554.4978544531151,-554.4493253576236,-0.04152676509056619,-0.0769380022434234,0.15607548898355866,0.014291156661001203,registered
1209,1787909429.0358646,1787909429.0341084,164.6277016170152,-555.3722983829848,-1037.1524951239192,-555.4158140034043,-555.331536864843,-0.04076151814183504,-0.060062090568862914,0.1592457677912363,0.014987792073801139,registered
1210,1787909429.064405,1787909429.0634873,163.66396989176565,-556.3360301082344,-1038.1162268491687,-556.3076055112738,-556.2128543523427,-0.12317575589167973,-0.1492638830825399,0.14900878410123272,0.014181268283936024,registered
1211,1787909429.0906737,1787909429.089857,162.80441033622492,-557.1955896637751,-1038.9757864047094,-557.187817956732,-557.0039044567861,-0.19168520698895009,-0.21753180900873303,0.13245974009863923,0.012416963206025861,registered
1212,1787909429.1191328,1787909429.1183546,161.92058477021283,-558.0794152297872,-1039.8596119707215,-558.0823429497195,-557.8587804170568,-0.22063481273039542,-0.2723230775529828,0.13773639063967838,0.012386901820982791,registered
1213,1787909429.1482117,1787909429.1472962,161.00555570305278,-558.9944442969472,-1040.7746410378816,-558.9990262012179,-558.7269808472292,-0.26746344971797953,-0.3434233104355826,0.13010154821575182,0.010962125406386953,registered
1214,1787909429.1768427,1787909429.1759748,160.12073139315817,-559.8792686068418,-1041.6594653477762,-559.8959189657033,-559.5872924473954,-0.29197615944644895,-0.29889644454169684,0.1320418767891406,0.010347809090263305,registered
1215,1787909429.20742,1787909429.2065575,159.27071413610338,-560.7292858638966,-1042.509482604831,-560.7547965723091,-560.5047211794124,-0.2245646844842213,-0.19408811097309808,0.16508262292364662,0.012158329228427089,registered
1216,1787909429.2338352,1787909429.2330709,158.31981070224492,-561.6801892977551,-1043.4603860386894,-561.6537190828806,-561.3000768828258,-0.38011241492927184,-0.38820292465334205,0.13497560011607165,0.009537329099260241,registered
1217,1787909429.2621415,1787909429.2614074,157.35764785177435,-562.6423521482257,-1044.42254888916,-562.5554546837038,-562.1501251366101,-0.4922270116155687,-0.48630519988842025,0.16494410362455367,0.011616011420359606,registered
1218,1787909429.2912002,1787909429.290379,156.7098892216834,-563.2901107783166,-1045.070307519251,-563.4084558437813,-563.0192267386601,-0.27088403965649377,-0.30157954552555566,0.14870925262235665,0.010628964520446227,registered
1219,1787909429.3203964,1787909429.3192813,155.82739773461844,-564.1726022653816,-1045.952799006316,-564.2453728947269,-563.8862470628028,-0.28635520257876124,-0.324107747609105,0.1058667195768917,0.007791954606169465,registered
1220,1787909429.3532233,1787909429.352245,154.73589114187416,-565.2641088581258,-1047.0443055990602,-565.0820720301796,-564.875104394343,-0.3890044637828396,-0.37563042852048056,0.17063078444548468,0.012950394519755392,registered
1221,1787909429.379484,1787909429.3786054,154.10009252285613,-565.8999074771439,-1047.6801042180782,-565.855639539004,-565.6658684124759,-0.23403906466796798,-0.2762921059963901,0.09887304824759402,0.007567239216730117,registered
1222,1787909429.4060454,1787909429.4051623,153.4968445736897,-566.5031554263103,-1048.2833521672446,-566.6147706582868,-566.4625329607588,-0.04062246555145066,-0.11389542365282068,0.12888238759834736,0.009859935130247327,registered
1223,1787909429.4343052,1787909429.4335833,152.5685729332895,-567.4314270667105,-1049.2116238076449,-567.3972428211207,-567.3151130783892,-0.1163139883212807,-0.1315152628751548,0.13032841081642474,0.00980601331871672,registered
1224,1787909429.4619088,1787909429.4611855,151.77980811717885,-568.2201918828212,-1050.0003886237555,-568.1647605688066,-568.1431326862808,-0.07705919654040372,-0.1138218737232819,0.12515975474465615,0.009163274686865432,registered
1225,1787909429.4913564,1787909429.4902625,151.21615558610074,-568.7838444138993,-1050.5640411548336,-568.9325883667068,-569.0153955420597,0.23155112816039036,0.19163821181109597,0.16590309083277274,0.01184639988024357,registered
1226,1787909429.5201325,1787909429.5190418,150.25130837580946,-569.7486916241905,-1051.5288883651249,-569.7628352950198,-569.8787253527994,0.13003372860885065,0.14136094195896476,0.10695375328889525,0.007273813818037642,registered
1227,1787909429.5482883,1787909429.5473967,149.3444091244114,-570.6555908755886,-1052.435787616523,-570.602517416513,-570.7293243227311,0.07373344714255836,0.10293110183624776,0.17866207769615303,0.011587922555029578,registered
1228,1787909429.5777895,1787909429.577049,148.51408709451562,-571.4859129054844,-1053.2661096464187,-571.4245897611688,-571.6188453351785,0.13293242969416497,0.08515732865021164,0.10857602230863338,0.006762448362881042,registered
1229,1787909429.605504,1787909429.6045353,147.74018093754125,-572.2598190624587,-1054.040015803393,-572.273991667251,-572.4433889943998,0.18356993194106508,0.13178975983100827,0.17780085707020582,0.010728554548152159,registered
1230,1787909429.634328,1787909429.6334362,146.87442159191528,-573.1255784080847,-1054.905775149019,-573.1355974865735,-573.3103664055959,0.18478799751119368,0.14731609934619883,0.16135479282410506,0.009516871121590624,registered
1231,1787909429.6624026,1787909429.6615834,146.0364507578861,-573.9635492421139,-1055.7437459830483,-573.9763508619739,-574.154735846121,0.19118660400704357,0.1536510557323254,0.1677631981881052,0.00986972222611533,registered
1232,1787909429.69087,1787909429.6900349,145.18771497673492,-574.8122850232651,-1056.5924817641994,-574.8151500762526,-575.0082314399442,0.19594641667913493,0.24359066790816541,0.1664645817524917,0.009999388251206368,registered
1233,1787909429.7193,1787909429.7185123,144.30659592532947,-575.6934040746705,-1057.4736008156049,-575.6845888560048,-575.8625066189632,0.1691025442926275,0.16949185363728247,0.1430698042496837,0.008962980761871166,registered
1234,1787909429.7488308,1787909429.74769,143.42448025350745,-576.5755197464925,-1058.355716487427,-576.5878097305163,-576.7377876853157,0.1622679388231063,0.08540305855854058,0.22874557904816314,0.015065713599290887,registered
1235,1787909429.7771485,1787909429.7759736,142.48891576402116,-577.5110842359788,-1059.2912809769132,-577.497341377922,-577.5862481600777,0.07516392409888795,0.0467776963871529,0.14409170742367094,0.009931685183317123,registered
1236,1787909429.804941,1787909429.8040671,141.67487495339924,-578.3251250466008,-1060.105321787535,-578.4003451478704,-578.4290083651072,0.10388331850640498,0.10169267087258049,0.18595950647285697,0.013126440475867751,registered
1237,1787909429.834483,1787909429.8338444,140.61745414406846,-579.3825458559315,-1061.1627425968659,-579.3359705705706,-579.3222771082196,-0.06026874771191615,-0.11971567445107212,0.18981284187730807,0.013456117559835157,registered
1238,1787909429.8620105,1787909429.861218,139.68141595159318,-580.3185840484068,-1062.0987807893412,-580.2742828769744,-580.1434377968217,-0.17514625158514718,-0.22642620571218686,0.18078337302398978,0.012593476848906585,registered
1239,1787909429.8910787,1787909429.8900886,138.84496232954712,-581.1550376704529,-1062.9352344113872,-581.1841181042294,-581.0095068839826,-0.14553078647031725,-0.18475307295284438,0.22160769206232622,0.015061765252247967,registered
1240,1787909429.9199746,1787909429.9190085,137.96315410051875,-582.0368458994812,-1063.8170426404156,-582.1004953076784,-581.8770564677993,-0.15978943168192927,-0.20355262644488903,0.20236612846050017,0.013400891841381248,registered
1241,1787909429.947953,1787909429.9471238,136.88244464849004,-583.11755535151,-1064.8977520924443,-583.0103752508826,-582.7204675191847,-0.3970878323252691,-0.40887225241590386,0.22948375322926032,0.014832156632443763,registered
1242,1787909429.979298,1787909429.9781148,136.1402876569648,-583.8597123430352,-1065.6399090839695,-583.864332726072,-583.6501478974401,-0.209564445595106,-0.23381558516189216,0.20312307169577903,0.012951644560517067,registered
1243,1787909430.0051763,1787909430.004184,135.34904662361123,-584.6509533763888,-1066.431150117323,-584.7148339833162,-584.4321791309512,-0.21877424543754387,-0.2872407540335189,0.2001974926572259,0.012542453616573548,registered
1244,1787909430.034166,1787909430.0332048,134.33202062015926,-585.6679793798407,-1067.448176120775,-585.5592848103165,-585.3027540774995,-0.3652253023412868,-0.32027062516431215,0.2179243285421554,0.013154955779186107,registered
1245,1787909430.062022,1787909430.0613165,133.60055732000706,-586.399442679993,-1068.1796394209273,-586.4203421020085,-586.1460578465185,-0.2533848334744562,-0.21103824377814817,0.20937637596720415,0.012130241716588316,registered
1246,1787909430.090562,1787909430.0899847,132.84228043753978,-587.1577195624602,-1068.9379163033946,-587.2703684042285,-587.0060547517432,-0.1516648107169658,-0.20607334953524514,0.22105897258967072,0.012117578456482467,registered
1247,1787909430.119171,1787909430.1184123,131.8940124009282,-588.1059875990718,-1069.8861843400061,-588.147227488661,-587.8588351297908,-0.24715246928099077,-0.2530050263433168,0.20367678197351893,0.01029203270769367,registered
1248,1787909430.1478355,1787909430.1471918,130.98024659554198,-589.019753404458,-1070.7999501453924,-588.9896069748785,-588.7221720926884,-0.2975813117695907,-0.2702934331277902,0.2671401976531312,0.01248409726070018,registered
1249,1787909430.1762543,1787909430.175606,130.00786169942194,-589.9921383005781,-1071.7723350415124,-589.8257518047773,-589.5745519499017,-0.4175863506764017,-0.4278365057712108,0.22712926105803474,0.009947737352407227,registered
1250,1787909430.2048087,1787909430.204088,129.32865115011896,-590.671348849881,-1072.4515455908154,-590.6826063986841,-590.428963019918,-0.24238582996304103,-0.25193461835556263,0.29937230372590473,0.012754163958595667,registered
1251,1787909430.2337956,1787909430.2327752,128.53326963688482,-591.4667303631152,-1073.2469271040495,-591.5356744793094,-591.2895320977634,-0.17719826535176253,-0.24974455076358026,0.24933354887398343,0.010468676621838561,registered
1252,1787909430.2622104,1787909430.2613714,127.74335911174535,-592.2566408882547,-1074.036837629189,-592.3587354418833,-592.1473690513455,-0.1092718369091017,-0.19855472241556527,0.24059844970490812,0.01008734304162999,registered
1253,1787909430.2906187,1787909430.289884,126.75933801232259,-593.2406619876774,-1075.0208587286118,-593.1828690971996,-593.0027027497126,-0.23795923796478746,-0.18577592092151463,0.22817442126749288,0.009620849077457595,registered
1254,1787909430.3193007,1787909430.318729,125.95643173821213,-594.0435682617879,-1075.8237650027222,-594.0192853696084,-593.8679994038357,-0.1755688579521575,-0.17402670298906742,0.1786397614826398,0.007570764599358131,registered
1255,1787909430.347689,1787909430.347159,125.07743576923508,-594.9225642307649,-1076.7027609716993,-594.8977075239,-594.7208513034609,-0.20171292730401547,-0.2806423027425353,0.30538946974774356,0.012996980234229377,registered
1256,1787909430.3763876,1787909430.3757026,124.30238266327547,-595.6976173367245,-1077.4778140776589,-595.7652940068375,-595.5771147823364,-0.12050255438816748,-0.1272547519604359,0.1858089399105628,0.007930896505780381,registered
1257,1787909430.4049394,1787909430.4042425,123.42829257937842,-596.5717074206216,-1078.351904161556,-596.5638330179186,-596.4332638266878,-0.13844359393374361,-0.17690350004477295,0.2423878402404707,0.01037530353724109,registered
1258,1787909430.4339232,1787909430.433207,122.56541747423125,-597.4345825257687,-1079.214779266703,-597.3472112152656,-597.3021508640052,-0.1324316617635759,-0.1209561815392135,0.2037984921150974,0.00873519968339297,registered
1259,1787909430.4620879,1787909430.4612265,121.74759339847014,-598.2524066015299,-1080.0326033424642,-598.1526543537036,-598.142686747972,-0.10971985355786273,-0.055226131705921944,0.2203362703885607,0.009422086481061836,registered
1260,1787909430.4904675,1787909430.4896307,121.05493687398393,-598.9450631260161,-1080.7252598669504,-599.0135716556366,-598.9947662145594,0.049703088543310514,-0.02600892795294385,0.23710259832647596,0.010074378788911794,registered
1261,1787909430.5193357,1787909430.5185935,120.41677505346547,-599.5832249465345,-1081.3634216874689,-599.8609163488311,-599.8636031867725,0.2803782402379511,0.230401780314196,0.11738105783772992,0.0049378745840063095,registered
1262,1787909430.547659,1787909430.5470202,119.25413713552962,-600.7458628644704,-1082.5260596054047,-600.6714069551832,-600.716354956189,-0.029507908281402706,0.05674681647496982,0.31438303124781053,0.012900386486866807,registered
1263,1787909430.5763512,1787909430.575708,118.33359623288379,-601.6664037671162,-1083.4466005080506,-601.5374069973027,-601.5769383383499,-0.08946542876628882,-0.04036752477600203,0.1337398121424536,0.005399192680488158,registered
1264,1787909430.6050725,1787909430.6042356,117.36662718636467,-602.6333728136353,-1084.4135695545697,-602.4557882916597,-602.4327226226558,-0.20065019097955883,-0.12335486489700997,0.25586411160005956,0.010328533939773482,registered
1265,1787909430.6336675,1787909430.6330295,116.88400968838482,-603.1159903116152,-1084.8961870525495,-603.3443603281851,-603.2964887150188,0.1804984034035897,0.2352792537080859,0.1889435975606915,0.007698946647552336,registered
1266,1787909430.6624014,1787909430.6618338,115.94236956574741,-604.0576304342526,-1085.837827175187,-604.1981368234394,-604.1605695023231,0.10293906807055464,0.11999091102552484,0.19636031258262415,0.008288809503281239,registered
1267,1787909430.6909547,1787909430.6900423,114.7420273160044,-605.2579726839956,-1087.03816942493,-605.0396788993424,-605.0067770473916,-0.2511956366040522,-0.1592817033463234,0.18408566668823767,0.008268816505948932,registered
1268,1787909430.719139,1787909430.7185285,114.02969604171244,-605.9703039582876,-1087.750500699222,-605.8662203830087,-605.8613168562476,-0.10898710203991868,-0.0819043599115048,0.08465839521091323,0.003939531365483194,registered
1269,1787909430.7476249,1787909430.7469978,113.49545818431648,-606.5045418156835,-1088.2847385566179,-606.6685756714573,-606.7153488619028,0.21080704621931545,0.1549446063418145,0.2816036673919022,0.013401889239635038,registered
1270,1787909430.7763216,1787909430.775727,112.48061740507796,-607.519382594922,-1089.2995793358564,-607.5321474524601,-607.5771767195135,0.0577941245915099,0.08047973207180803,0.09094745621021301,0.004459683731921003,registered
1271,1787909430.8045642,1787909430.8039856,111.49700786138237,-608.5029921386176,-1090.283188879552,-608.3613425172476,-608.4248862177112,-0.07810592090640966,-0.0009412139374944672,0.24583358897929594,0.012208251325650763,registered
1272,1787909430.833475,1787909430.8328583,111.01402042159293,-608.9859795784071,-1090.7661763193414,-609.1232488592334,-609.2910196742919,0.30504009588480585,0.2792767188889229,0.1680584187578389,0.008354096084924996,registered
1273,1787909430.8621247,1787909430.8614087,110.07131975871744,-609.9286802412826,-1091.708876982217,-609.9660852618106,-610.1474834135845,0.21880317230193214,0.2459740659983254,0.16561236733275556,0.008181147700982253,registered
1274,1787909430.8909798,1787909430.8901978,108.96541788851073,-611.0345821114893,-1092.8147788524236,-610.8810174183486,-611.0111064627924,-0.02347564869683083,0.020026093620572283,0.2123027003138622,0.010303290739986782,registered
1275,1787909430.9194648,1787909430.9187455,108.26618887659765,-611.7338111234023,-1093.5140078643367,-611.7711576040251,-611.8674915283498,0.13368040494742672,0.10748425858173505,0.12118263810043527,0.005798146016871939,registered
1276,1787909430.9483306,1787909430.947555,107.63445970465295,-612.365540295347,-1094.1457370362814,-612.6177960218926,-612.7317296631247,0.36618936777767885,0.44860793552743417,0.2622246956643267,0.01239522179310393,registered
1277,1787909430.9773088,1787909430.9763923,106.31706729165262,-613.6829327083474,-1095.4631294492817,-613.5432942457128,-613.5967974481996,-0.08613526014778472,-0.030195497455451914,0.14244819830305977,0.006668875983193128,registered
1278,1787909431.0053914,1787909431.0043054,105.33440259503755,-614.6655974049625,-1096.4457941458968,-614.4589066122228,-614.4341434698067,-0.23145393515574142,-0.2847810765426857,0.23951895865478204,0.011424625533916308,registered
1279,1787909431.0354168,1787909431.033555,104.75812529791301,-615.241874702087,-1097.0220714430213,-615.2984501991662,-615.3115844878018,0.0697097857148492,0.1434141520708181,0.21067530221309413,0.010276466029252735,registered
1280,1787909431.0624511,1787909431.0618138,104.08417863963996,-615.91582136036,-1097.6960181012944,-616.1631288294566,-616.1593011381574,0.2434797777973472,0.33408578629291696,0.21654801720194086,0.010928276705163109,registered
1281,1787909431.0927875,1787909431.0919511,102.74082304544845,-617.2591769545515,-1099.039373695486,-617.0618126379754,-617.0633696394834,-0.195807315068123,-0.2077995470483529,0.20186160119487076,0.010971049660476732,registered
1282,1787909431.1196663,1787909431.118891,102.03725358002976,-617.9627464199702,-1099.7429431609046,-617.8643756920964,-617.8715205531248,-0.09122586684543421,-0.06656973642066077,0.06835360066713497,0.0038382945697053943,registered
1283,1787909431.1493568,1787909431.1481767,101.59166798205342,-618.4083320179466,-1100.188528758881,-618.6507598005546,-618.7500415469412,0.3417095289946701,0.41379617873758434,0.25464003713902866,0.014536299083932575,registered
1284,1787909431.1795871,1787909431.1783097,100.39401656100381,-619.6059834389962,-1101.3861801799305,-619.5183278846755,-619.6539813094278,0.047997870431572665,0.0731966479111179,0.0836546948694652,0.004901268552328834,registered
1285,1787909431.205338,1787909431.204365,99.40799840451405,-620.592001595486,-1102.3721983364203,-620.3962690788696,-620.435597717789,-0.15640387769690278,-0.14964881326341128,0.19183735283740683,0.011279283783049451,registered
1286,1787909431.2344618,1787909431.2338562,99.01451111859296,-620.985488881407,-1102.7656856223414,-621.1665885567961,-621.3202838715924,0.3347949901854008,0.41413147376511006,0.18796669642838762,0.011031149918132975,registered
1287,1787909431.2642443,1787909431.2630851,98.1414638754377,-621.8585361245623,-1103.6387328654966,-622.0204109703056,-622.1971026518629,0.3385665273005998,0.43409957954486345,0.1886543592068667,0.01098661240695921,registered
1288,1787909431.2914557,1787909431.2907195,96.82583153431119,-623.1741684656888,-1104.9543652066232,-622.9518814046739,-623.0260878010515,-0.1480806646372912,-0.13997527055403225,0.16935775012506804,0.009757021002413513,registered
1289,1787909431.319499,1787909431.3188033,96.13033562473925,-623.8696643752608,-1105.649861116195,-623.8186640307616,-623.868554767613,-0.0011096076477770112,0.02709137858118993,0.09415073725314405,0.005423177807908621,registered
1290,1787909431.3478472,1787909431.3471403,95.61109605901947,-624.3889039409805,-1106.1691006819149,-624.664504212295,-624.7186173257128,0.3297133847322584,0.3767136948586085,0.25234522880793964,0.01459124700388769,registered
1291,1787909431.3769956,1787909431.3760335,94.30600017573352,-625.6939998242665,-1107.4741965652008,-625.6043610574627,-625.5853658678607,-0.10863395640581075,-0.09873742999570823,0.14624844327043446,0.008675475304764774,registered
1292,1787909431.4056368,1787909431.4048934,93.27897949602061,-626.7210205039794,-1108.5012172449137,-626.505700019227,-626.4511131079223,-0.2699073960570786,-0.2544974386539707,0.16940746581223864,0.010363166668343216,registered
1293,1787909431.4342122,1787909431.433378,92.80630658662085,-627.1936934133792,-1108.9738901543135,-627.2833450693907,-627.3056028516742,0.1119094382950152,0.11573752062236053,0.16130968848554783,0.010010533417115679,registered
1294,1787909431.4631796,1787909431.4625297,92.05670591487115,-627.9432940851289,-1109.7234908260632,-628.1098277373634,-628.180104332831,0.2368102477021239,0.2270523445404251,0.15754536654891912,0.009969526052659692,registered
1295,1787909431.4937427,1787909431.4916964,90.74997043689928,-629.2500295631007,-1111.030226304035,-628.9913481386388,-629.0550563999266,-0.19497316317415425,-0.14296798600867078,0.1296579622285586,0.008334856466936078,registered
1296,1787909431.5196533,1787909431.5189948,90.20088124455174,-629.7991187554483,-1111.5793154963826,-629.7765702518808,-629.8739641588352,0.07484540338691659,0.1294827138515302,0.06292209674179745,0.004037533880117957,registered
1297,1787909431.5479822,1787909431.5473506,89.7824380509926,-630.2175619490074,-1111.9977586899417,-630.5542241325803,-630.7245917373978,0.507029788390355,0.566526067375662,0.1828125210590819,0.011678592876154198,registered
1298,1787909431.5782893,1787909431.57756,88.46077491575511,-631.5392250842449,-1113.3194218251792,-631.4463036057448,-631.6308201903664,0.09159510612153099,0.1681611777451053,0.09061954510017067,0.0056501848638335515,registered
1299,1787909431.6055703,1787909431.6046789,87.41240625236424,-632.5875937476358,-1114.36779048857,-632.3592239902518,-632.4443423744838,-0.14325137315199754,-0.06303903413049738,0.15274340909725428,0.00936545855305898,registered
1300,1787909431.6343017,1787909431.6335201,87.00866154423488,-632.9913384557651,-1114.7715351966995,-633.1540832678317,-633.3095317462405,0.31819329047539213,0.3766199955259708,0.13404474464576746,0.008196058358010487,registered
1301,1787909431.662397,1787909431.6616716,86.10143575190364,-633.8985642480964,-1115.6787609890307,-634.0452150443297,-634.1540299256048,0.25546567750848226,0.30581060644294666,0.10493829603617459,0.006438071795324566,registered
1302,1787909431.6910412,1787909431.6902416,84.7273565508358,-635.2726434491642,-1117.0528401900986,-635.0206118698122,-635.0110801418336,-0.26156330733056166,-0.17275115016832387,0.14871645672380038,0.009338747675968458,registered
1303,1787909431.7222266,1787909431.7213626,84.07749960151364,-635.9225003984864,-1117.7026971394207,-635.8713734845654,-635.9446584460668,0.02215804758043305,0.10321251840196055,0.060596109023511126,0.0038503568854369,registered
1304,1787909431.7476108,1787909431.7471046,83.70776343677949,-636.2922365632205,-1118.0724333041549,-636.6644327619307,-636.7168769191351,0.42464035591456195,0.44668812366899147,0.18812993151018395,0.012016945639903596,registered
1305,1787909431.7762942,1787909431.7756848,82.2231256111952,-637.7768743888048,-1119.5570711297391,-637.5791694703364,-637.5742346781474,-0.20263971065742226,-0.162444024663273,0.07751616636059822,0.004962962882888579,registered
1306,1787909431.8051834,1787909431.8043957,81.20244709741405,-638.797552902586,-1120.5777496435203,-638.4642335252131,-638.4355118196108,-0.36204108297511084,-0.3324900723391693,0.1394938889515353,0.00877454683362402,registered
1307,1787909431.8469303,1787909431.843874,81.05015968970679,-638.9498403102932,-1120.7300370512276,-639.2488960563257,-639.6197947097146,0.6699543994213855,0.7439593887718274,0.13326362888999582,0.008351463962744375,registered
1308,1787909431.8625326,1787909431.8617961,80.2090410880553,-639.7909589119447,-1121.571155652879,-640.0809085458665,-640.1574295604973,0.36647064855264944,0.4297330190474895,0.1422161056218195,0.008707386546778592,registered
1309,1787909431.8908415,1787909431.8899858,78.61734634372147,-641.3826536562785,-1123.1628503972129,-640.9830417556243,-641.003072085103,-0.37958157117554947,-0.3314152141683735,0.13922590987902356,0.008220465279628575,registered
1310,1787909431.919378,1787909431.9187078,78.13741048654742,-641.8625895134526,-1123.642786254387,-641.7449018996364,-641.864685377981,0.0020958645284281374,0.04992736855501789,0.07026611410371106,0.004135721279863016,registered
1311,1787909431.947993,1787909431.947239,77.72483025925317,-642.2751697407468,-1124.0553664816812,-642.569701728319,-642.7205697924953,0.44540005174849284,0.5286628912908782,0.21728509854492886,0.012805780591737391,registered
1312,1787909431.976459,1787909431.9757912,76.5283882932963,-643.4716117067037,-1125.251808447638,-643.5269166423462,-643.5770907490501,0.10547904234636007,0.15445084782231788,0.09096612539254668,0.005487805988996316,registered
1313,1787909432.0057693,1787909432.0048645,75.35779281472287,-644.6422071852771,-1126.4224039262115,-644.4319130585601,-644.4492391703047,-0.19296801497239358,-0.17018577377075417,0.11643876247895846,0.007301229354499049,registered
1314,1787909432.0345192,1787909432.033615,75.00418099440367,-644.9958190055963,-1126.7760157465307,-645.2524068065296,-645.3117107221137,0.3158917165173989,0.378725011186134,0.15514287913170416,0.009842360527882333,registered
1315,1787909432.062217,1787909432.0616183,73.8387486452018,-646.1612513547982,-1127.9414480957325,-646.1180953276523,-646.1517602593531,-0.00949109544512794,0.0512938386773385,0.1488219179873849,0.009728929466909708,registered
1316,1787909432.0909965,1787909432.090134,72.67270791934902,-647.327292080651,-1129.1074888215853,-647.013517397675,-647.0071797836133,-0.3201122970376673,-0.3205360794668195,0.16264815972271301,0.010736307539078454,registered
1317,1787909432.119479,1787909432.1187818,72.11061443940298,-647.889385560597,-1129.6695823015314,-647.8041668115732,-647.8665687554287,-0.0228168051683042,-0.004387017130284221,0.08034568445099177,0.0052841426977270544,registered
1318,1787909432.1479363,1787909432.1472466,71.6507890262094,-648.3492109737906,-1130.129407714725,-648.5882834926833,-648.7204648700865,0.37125389629591155,0.4375882765798451,0.2271259722851251,0.014834913677845016,registered
1319,1787909432.1764665,1787909432.1757715,70.74079566083856,-649.2592043391614,-1131.0394010800958,-649.5064758330295,-649.5761633284992,0.31695898933776334,0.34700568681842014,0.11011715877020607,0.007030850572758057,registered
1320,1787909432.205176,1787909432.2044144,69.43383200272842,-650.5661679972716,-1132.346364738206,-650.3712600816286,-650.4354021050017,-0.130765892269892,-0.11833888945875515,0.15487279406503338,0.009436167941776678,registered
1321,1787909432.2337177,1787909432.232976,68.87537181135303,-651.124628188647,-1132.9048249295813,-651.2086697184803,-651.2922019957091,0.16757380706212643,0.2047773019928627,0.17265450803676366,0.010296485224755474,registered
1322,1787909432.262262,1787909432.2614992,67.87065618790098,-652.129343812099,-1133.9095405530334,-652.1220569775005,-652.1478503890173,0.01850657691829838,0.056293866605301446,0.15658012328199192,0.009029958055572995,registered
1323,1787909432.290643,1787909432.2899215,66.62716217043658,-653.3728378295634,-1135.1530345704978,-653.0818012565255,-653.0004734195943,-0.3723644099691228,-0.3286079576423617,0.16600886824741284,0.009363711948854322,registered
1324,1787909432.3195236,1787909432.3188183,66.14724628271165,-653.8527537172884,-1135.6329504582227,-653.9472249859621,-653.8673292441085,0.01457552682018104,0.034524803110571156,0.07983209915072419,0.004493927804544578,registered
1325,1787909432.3477972,1787909432.347215,65.5351727256284,-654.4648272743716,-1136.245024015306,-654.7044072549763,-654.7191798416477,0.25435256727610067,0.2553817061052541,0.22947055141539816,0.012933637130523003,registered
1326,1787909432.376349,1787909432.3757591,64.33615699415896,-655.663843005841,-1137.4440397467754,-655.5523777441006,-655.5754576248387,-0.08838538100235382,-0.05538619330059191,0.087879360446995,0.004978215058063242,registered
1327,1787909432.4050894,1787909432.4043868,63.39447510014247,-656.6055248998575,-1138.3857216407919,-656.3735916422787,-656.4342386632447,-0.17128623661278652,-0.12526160066022385,0.18068240952941028,0.010189675456735521,registered
1328,1787909432.4336584,1787909432.4331279,62.983613904694266,-657.0163860953057,-1138.79658283624,-657.16235487436,-657.2964241287434,0.28003803343767686,0.2755761074181464,0.18026286111640097,0.010104634786843038,registered
1329,1787909432.462198,1787909432.4615555,62.20367534589445,-657.7963246541055,-1139.57652139504,-658.0357131028718,-658.1492045067912,0.35287985268564626,0.3462309171484321,0.1563646933943241,0.008605279796323556,registered
1330,1787909432.490899,1787909432.4902222,60.85003578564351,-659.1499642143565,-1140.9301609552908,-658.9593613481633,-659.0091584990694,-0.14080571528711516,-0.09978390661854064,0.20486457768379926,0.010802306638290614,registered
1331,1787909432.5193808,1787909432.518648,60.15381911849977,-659.8461808815002,-1141.6263776224346,-659.8166484812166,-659.861881659855,0.015700778354812428,0.03606511763405251,0.0922058302266203,0.004777470967518101,registered
1332,1787909432.5484366,1787909432.5477743,59.466277520326685,-660.5337224796733,-1142.3139192206077,-660.6904479738832,-660.7356250122896,0.20190253261625912,0.21637379278922708,0.22331279830720666,0.011480671511574187,registered
1333,1787909432.57678,1787909432.5759814,58.292870420113786,-661.7071295798862,-1143.4873263208206,-661.6442419418365,-661.5817896444116,-0.12533993547458522,-0.10369367624321058,0.09221128031247704,0.0048043816583148375,registered
1334,1787909432.6053424,1787909432.6045308,57.243487298940636,-662.7565127010594,-1144.5367094419937,-662.5554096494445,-662.4382247750732,-0.3182879259861693,-0.30284175895985754,0.1773828550576139,0.009547032861707853,registered
1335,1787909432.6337674,1787909432.633045,56.819028611821295,-663.1809713881787,-1144.961168129113,-663.3589370315461,-663.2936013863869,0.11262999820814912,0.14802250758475566,0.14469787938865636,0.007905019770530526,registered
1336,1787909432.6621454,1787909432.6614368,55.87990028115155,-664.1200997188485,-1145.9002964597828,-664.1819574381843,-664.1453089407707,0.02520922192229591,0.060568695985239174,0.123918106569425,0.006974329098542276,registered
1337,1787909432.6913319,1787909432.6904287,54.75681645530358,-665.2431835446964,-1147.0233802856308,-665.038456791362,-665.0150184762304,-0.228165068466069,-0.22038591005411945,0.14664220125110794,0.008416821431592699,registered
1338,1787909432.7195847,1787909432.7190585,54.15398642301375,-665.8460135769863,-1147.6262103179206,-665.8109965697024,-665.8738638840562,0.02785030706991165,0.05614693083975908,0.09940973660182376,0.005703294797003147,registered
1339,1787909432.750061,1787909432.7493768,53.63885413539333,-666.3611458646067,-1148.141342605541,-666.5611615500775,-666.78336087312,0.42221500851337623,0.47690646786327306,0.177462486635111,0.010102158068816284,registered
1340,1787909432.7764888,1787909432.7759495,52.59707968402563,-667.4029203159744,-1149.1831170569087,-667.424500947766,-667.5804974638149,0.17757714784056589,0.21066502435337497,0.11025376785045564,0.006039024193742095,registered
1341,1787909432.8056328,1787909432.8050125,51.505448485321494,-668.4945515146785,-1150.2747482556128,-668.281331615316,-668.4523383422861,-0.04221317239239397,-0.008888787842806778,0.18069376775342075,0.009238668052093718,registered
1342,1787909432.846383,1787909432.8435252,51.102190205300076,-668.8978097946999,-1150.6780065356343,-669.0985605115333,-669.6076549934724,0.7098451987724275,0.7572367476866475,0.14218954225774139,0.007064417151627449,registered
1343,1787909432.8622584,1787909432.8616283,50.155972832050566,-669.8440271679494,-1151.6242239088838,-669.9744528694775,-670.150718331993,0.3066911640435137,0.3588274395044664,0.15414324834103205,0.007243542240356104,registered
1344,1787909432.8907394,1787909432.8900564,48.80565579343488,-671.1943442065651,-1152.9745409474995,-670.9087162986739,-671.003513014356,-0.19083119220908884,-0.12858060039980046,0.17984930652854156,0.00850779263178354,registered
1345,1787909432.9192858,1787909432.918656,48.16378636811078,-671.8362136318892,-1153.6164103728236,-671.7800556192324,-671.8614572503045,0.025243618415288438,0.06851253980403271,0.11747149624615617,0.005814832859344483,registered
1346,1787909432.9491587,1787909432.9483788,47.61364395648138,-672.3863560435186,-1154.166552784453,-672.6522110586202,-672.7530881492905,0.3667321057719164,0.39046048376485487,0.18775152799035,0.00977900469763622,registered
1347,1787909432.9783063,1787909432.9775522,46.43624970837095,-673.563750291629,-1155.3439470325634,-673.5781125236888,-673.6282404768033,0.0644901851742361,0.10027374507080822,0.11573022183420345,0.006721046457884696,registered
1348,1787909433.0057838,1787909433.0050452,45.354510982938564,-674.6454890170614,-1156.4256857579958,-674.416223721891,-674.4529843964419,-0.19250462061950202,-0.15397574516032364,0.16986298019434143,0.010555946434831365,registered
1349,1787909433.0350614,1787909433.0343964,44.827646538149565,-675.1723534618504,-1156.9525502027848,-675.2155783715159,-675.3334722336417,0.16111877179127987,0.1844546288998572,0.16095675371322024,0.01018387492176206,registered
1350,1787909433.0642138,1787909433.0632832,43.94175612673803,-676.058243873262,-1157.8384406141963,-676.0753569266976,-676.2000276675301,0.1417837942681217,0.1539682628247192,0.1516821443251843,0.009695094191760508,registered
1351,1787909433.0917413,1787909433.0909648,43.037389390941144,-676.9626106090589,-1158.7428073499932,-676.9389138324311,-677.0304289439548,0.06781833489594646,0.07516066191442405,0.17728318137671376,0.011232254998762504,registered
1352,1787909433.1195714,1787909433.118928,42.31994220148863,-677.6800577985114,-1159.4602545394457,-677.7430197185706,-677.869276918691,0.18921912017958675,0.2049716404915216,0.1552243517031429,0.009693510253365702,registered
1353,1787909433.1482038,1787909433.147507,41.44356772279298,-678.556432277207,-1160.3366290181414,-678.5848910351527,-678.7265989169146,0.17016663970753143,0.20908624900039285,0.2318495883428152,0.014189955780698729,registered
1354,1787909433.1770725,1787909433.1763146,40.50698798736926,-679.4930120126307,-1161.273208753565,-679.507244064729,-679.5907798344274,0.09776782179665133,0.11590869116548674,0.18851617151901115,0.011309529173613187,registered
1355,1787909433.2059112,1787909433.2051995,39.53461249486304,-680.465387505137,-1162.2455842460713,-680.4297262530181,-680.4572780510539,-0.008109454083069068,-0.002464533953116188,0.19690152885021334,0.01161175350357128,registered
1356,1787909433.234503,1787909433.2334154,38.704740710311626,-681.2952592896884,-1163.0754560306227,-681.341653171649,-681.3037073130129,0.00844802332449035,0.011652835347376822,0.17476089607271103,0.010196497089259725,registered
1357,1787909433.262727,1787909433.2619143,37.73227027266398,-682.267729727336,-1164.0479264682704,-682.2681474510318,-682.1586261862299,-0.10910354110615117,-0.10576738000668229,0.1655200356489784,0.009604348838916157,registered
1358,1787909433.2913043,1787909433.2906525,36.751354559291485,-683.2486454407085,-1165.0288421816429,-683.1742544804279,-683.0207258258356,-0.227919614872917,-0.2062030607255565,0.17704601451390814,0.010311190996433838,registered
1359,1787909433.320313,1787909433.3195562,35.91410110668153,-684.0858988933185,-1165.8660956342528,-684.0371756334605,-683.8877890629246,-0.19810983039383245,-0.1726716633399974,0.1543436799048374,0.00906347927962836,registered
1360,1787909433.3480709,1787909433.3473575,35.21245439635436,-684.7875456036456,-1166.56774234458,-684.8217432340143,-684.7217807225436,-0.06576488110204082,-0.05602456083624929,0.18250157730661104,0.010794103106730898,registered
1361,1787909433.3765914,1787909433.3759756,34.2699417180479,-685.7300582819521,-1167.5102550228864,-685.6608795199998,-685.5802756746393,-0.1497826073127726,-0.13816999382879658,0.15173378608988264,0.009028998819551774,registered
1362,1787909433.4053028,1787909433.4046564,33.47332451416605,-686.526675485834,-1168.3068722267683,-686.5208028451067,-686.4406516442255,-0.08602384160849397,-0.08755664504292326,0.16327749647900475,0.009738806309572407,registered
1363,1787909433.4340308,1787909433.4333823,32.79061516572051,-687.2093848342795,-1168.9895815752138,-687.3941363793067,-687.3023793716275,0.0929945373479768,0.08689601419632709,0.19714080170848866,0.011802261518716509,registered
1364,1787909433.4725957,1787909433.4717448,31.9423965599633,-688.0576034400367,-1169.837800180971,-688.3018661630737,-688.4531901634266,0.3955867233898971,0.382615602406986,0.19795773926342747,0.012017496142215535,registered
1365,1787909433.4906998,1787909433.4901578,30.527330192194086,-689.4726698078059,-1171.2528665487403,-689.200230932682,-689.0055513070317,-0.46711850077417694,-0.4671386065610932,0.15061182694891168,0.00969849538659561,registered
1366,1787909433.519496,1787909433.5188017,29.785104614567445,-690.2148953854326,-1171.995092126367,-690.0616994696518,-689.8648186921655,-0.3500766932670558,-0.3539963015500689,0.13155993150847964,0.008856519251415033,registered
1367,1787909433.5481975,1787909433.5475388,29.089199345346742,-690.9108006546533,-1172.6909973955876,-690.901457236324,-690.7268825709821,-0.18391808367118756,-0.1805369389533098,0.16515670856839626,0.011610820985665057,registered
1368,1787909433.5765796,1787909433.5759783,28.284864581075,-691.715135418925,-1173.4953321598593,-691.7193860616408,-691.5800205569176,-0.13511486200741274,-0.16300783475935532,0.12782283900877695,0.009417871186631748,registered
1369,1787909433.6055963,1787909433.604777,27.618981541321318,-692.3810184586787,-1174.161215199613,-692.4868655809403,-692.4439368445935,0.06291838591482701,0.032616898503192715,0.14401441356498884,0.010985733914168131,registered
1370,1787909433.6338153,1787909433.6331768,26.815584122370637,-693.1844158776294,-1174.9646126185637,-693.1973817186513,-693.2958804201835,0.11146454255413119,0.09617824966744593,0.10837567227797137,0.00858731867761461,registered
1371,1787909433.6624503,1787909433.661688,26.04770594584079,-693.9522940541592,-1175.7324907950936,-693.9810183994334,-694.151171205604,0.19887715144477625,0.19001214440754666,0.10424948736644798,0.008553040368994683,registered
1372,1787909433.6913216,1787909433.6905227,25.1525882133667,-694.8474117866333,-1176.6276085275676,-694.79210209866,-695.0161603169436,0.1687485303102676,0.16147143948887788,0.12100008202265476,0.010340497968893081,registered
1373,1787909433.7196271,1787909433.7189238,24.34996090430718,-695.6500390956928,-1177.4302358366272,-695.6237981846924,-695.8681468054801,0.21810770978731853,0.20238804422820067,0.11197442977826391,0.009913233314006228,registered
1374,1787909433.748455,1787909433.7476144,23.585185436677648,-696.4148145633224,-1178.1950113042567,-696.4920031539348,-696.7288160135342,0.3140014502118902,0.29187237744827144,0.15673631534593563,0.014280665157536865,registered
1375,1787909433.7765706,1787909433.775955,22.670041957126386,-697.3299580428736,-1179.110154783808,-697.3539220207222,-697.5789858540004,0.24902781112677985,0.21801986084642522,0.12561112308919303,0.011704100182004833,registered
1376,1787909433.8053834,1787909433.8046644,21.75382871847637,-698.2461712815236,-1180.026368022458,-698.2062513110739,-698.4402200825173,0.19404880099364163,0.16437874174971512,0.131389170930247,0.012312119952407418,registered
1377,1787909433.8340673,1787909433.83347,20.869537874884145,-699.1304621251159,-1180.9106588660502,-699.0651598302809,-699.3043437827682,0.17388165765237318,0.15177801693084803,0.1364773205360012,0.012676322624471303,registered
1378,1787909433.8624988,1787909433.8617327,20.0124791235653,-699.9875208764347,-1181.767717617369,-699.9486850192227,-700.1521748676475,0.16465399121284463,0.14662608547860145,0.15811708960687723,0.014465824640837115,registered
1379,1787909433.8907275,1787909433.8901298,19.21949520546559,-700.7805047945344,-1182.5607015354688,-700.8422069063458,-701.0040397695022,0.22353497496783348,0.1968679118442651,0.21017372698454662,0.019011064008557177,registered
1380,1787909433.9197533,1787909433.9188488,18.344323073658643,-701.6556769263414,-1183.4358736672757,-701.7472121467931,-701.8655600843294,0.209883157988088,0.18182333756863045,0.1756513425246824,0.01585372570027639,registered
1381,1787909433.9481354,1787909433.947415,17.304082925077637,-702.6959170749224,-1184.4761138158567,-702.675135158974,-702.7225030181919,0.026585943269537893,-0.0008508841394814226,0.18538648612003164,0.016929766266220725,registered
1382,1787909433.9770463,1787909433.9762325,16.37172095118558,-703.6282790488144,-1185.4084757897488,-703.6189165259851,-703.586977174173,-0.04130187464147639,-0.08576379895225728,0.17621285286888186,0.01630443925759039,registered
1383,1787909434.0065181,1787909434.0055656,15.422856316730531,-704.5771436832695,-1186.3573404242038,-704.5757389665582,-704.4669214473831,-0.11022223588634006,-0.14621595943935972,0.18353620015946423,0.017015938124759374,registered
1384,1787909434.0343513,1787909434.0335994,14.41907361337644,-705.5809263866236,-1187.361123127558,-705.5273086925612,-705.3078864608156,-0.27303992580800696,-0.3236092192726119,0.20081728689781922,0.018249011031954216,registered
1385,1787909434.0630355,1787909434.0623512,13.527474655932565,-706.4725253440674,-1188.2527220850018,-706.4562053954344,-706.1703937734133,-0.3021315706541827,-0.3467162076497061,0.1728411676652071,0.015131928849564364,registered
1386,1787909434.0909984,1787909434.0903244,12.655275444079507,-707.3447245559205,-1189.1249212968548,-707.3717260828173,-707.0095421387753,-0.33518241714523356,-0.378710261153401,0.15480426174733058,0.012927332526617527,registered
1387,1787909434.119562,1787909434.1189876,11.747464542611397,-708.2525354573886,-1190.032732198323,-708.2817733520467,-707.8693888486873,-0.38314660870128137,-0.4309608124335682,0.1544762842318405,0.012298505352362325,registered
1388,1787909434.1484976,1787909434.1477768,10.879615817202193,-709.1203841827978,-1190.9005809237322,-709.1530807950344,-708.7330190500529,-0.3873651327448897,-0.4404017274380294,0.17819351182681495,0.013736100718980262,registered
1389,1787909434.176922,1787909434.1761525,9.960701246517829,-710.0392987534822,-1191.8194954944165,-710.0121658423534,-709.5842402577093,-0.45505849577284607,-0.4898165199260802,0.12776545167875256,0.009697854336195707,registered
1390,1787909434.219186,1787909434.21792,9.075029551139323,-710.9249704488607,-1192.705167189795,-710.8654605841342,-710.8371981665998,-0.08777228226085754,-0.10397547924367245,0.12497190329632785,0.009450342532216013,registered
1391,1787909434.2368972,1787909434.2339406,8.345688039985362,-711.6543119600146,-1193.434508700949,-711.6418455939956,-711.3177874071093,-0.3365245529053027,-0.35814506569181503,0.15111100218478463,0.01138506804027702,registered
1392,1787909434.2623308,1787909434.261593,7.619322215075044,-712.380677784925,-1194.1608745258593,-712.3760052218211,-712.1473161202878,-0.23336166463718655,-0.25083651947011276,0.14198968265696787,0.010590035776713363,registered
1393,1787909434.291075,1787909434.2904408,6.76045370641441,-713.2395462935856,-1195.01974303452,-713.1434198217312,-713.0126986003038,-0.22684769328179755,-0.2016760570934366,0.14324343051865965,0.010446371399905516,registered
1394,1787909434.3205216,1787909434.3197365,6.109063850861503,-713.8909361491385,-1195.6711328900728,-713.9219183993081,-713.8915199847463,0.0005838356078129436,0.024779547438129157,0.11949816854339598,0.008528413619090772,registered
1395,1787909434.3487527,1787909434.3480241,5.537833720429717,-714.4621662795703,-1196.2423630205046,-714.722972150981,-714.7401020461903,0.27793576661997577,0.2713712559511805,0.16556257450559264,0.011610849649542428,registered
1396,1787909434.3766024,1787909434.3759916,4.463414146432342,-715.5365858535677,-1197.316782594502,-715.5767026054621,-715.5790787597662,0.04249290619850399,0.08188714431184962,0.13607329009223101,0.009426166078672056,registered
1397,1787909434.406015,1787909434.405324,3.365509817277143,-716.6344901827229,-1198.4146869236572,-716.4559681371925,-716.4590015765032,-0.17548860621968743,-0.14966562957715723,0.14740328465804392,0.010533590475204808,registered
1398,1787909434.434677,1787909434.4339988,2.647671312445027,-717.352328687555,-1199.1325254284893,-717.3197946115755,-717.3191987421451,-0.033129945409882566,-0.08100936275991444,0.14452018156887714,0.010740155998694541,registered
1399,1787909434.4628625,1787909434.4622831,1.810733262361282,-718.1892667376387,-1199.969463478573,-718.1360035954945,-718.1676806733806,-0.021586064258144688,-0.07418086136726743,0.11543841483621882,0.009022591014005,registered
1400,1787909434.4910343,1787909434.4904323,0.8960092190716296,-719.1039907809284,-1200.8841875218627,-719.0147741694129,-719.0121073311675,-0.09188344976087137,-0.09788071019011113,0.12202861872825652,0.009996414138220269,registered
1401,1787909434.519726,1787909434.51905,0.14084167512010026,-719.8591583248799,-1201.6393550658142,-719.8829104397676,-719.8705879789479,0.01142965406802432,-0.01963704824652268,0.09987143785610499,0.00840821701174678,registered
1402,1787909434.5481157,1787909434.54747,359.4322855199648,-720.5677144800352,-1202.3479112209695,-720.7992110265473,-720.7231466401049,0.15543216006972216,0.0810892664808307,0.14182690654258098,0.01214827148975414,registered
1403,1787909434.5766983,1787909434.576138,358.5221331775749,-721.4778668224251,-1203.2580635633594,-721.775172337382,-721.583136393172,0.1052695707469411,0.08826470438725664,0.10815633256995404,0.009419868196359043,registered
1404,1787909434.6335578,1787909434.6330929,356.92034470032377,-723.0796552996762,-1204.8598520406106,-722.7505040208098,-723.2916867512099,0.21203145153367586,0.24746866511100052,0.10587493862067562,0.009606240169517524,registered
1405,1787909434.66244,1787909434.6618757,356.13001007828166,-723.8699899217183,-1205.6501866626527,-723.7357539532969,-724.155123844316,0.2851339225976517,0.34606079465675066,0.1097464460898266,0.010259497794977925,registered
1406,1787909434.6908278,1787909434.6902826,355.23937512583416,-724.7606248741658,-1206.5408216151002,-724.7122589363561,-725.0072819846389,0.24665711047305194,0.25124927070282865,0.11770898376880479,0.011403707691220222,registered
1407,1787909434.7205684,1787909434.7198238,354.4047505900046,-725.5952494099954,-1207.3754461509297,-725.6684074694847,-725.8934700915713,0.29822068157591275,0.29207344165615723,0.10531355210546749,0.010504900153358594,registered
1408,1787909434.749123,1787909434.7485228,353.52523871189464,-726.4747612881054,-1208.2549580290397,-726.5570471535366,-726.7543896251468,0.2796283370414585,0.3112654446774741,0.1431964625137379,0.01460668451980354,registered
1409,1787909434.7773242,1787909434.776546,352.6003448585145,-727.3996551414855,-1209.1798518824198,-727.3626852320021,-727.5950399436379,0.19538480215237541,0.18427159985981234,0.11091118914977119,0.011480175703573884,registered
1410,1787909434.8058884,1787909434.8053632,351.7812833724638,-728.2187166275362,-1209.9989133684705,-728.2311237969631,-728.4595069474613,0.24079031992505406,0.23132797379935255,0.13064407626146113,0.013639890653330817,registered
1411,1787909434.8345804,1787909434.8340576,350.79915207749036,-729.2008479225096,-1210.981044663444,-729.1265647033604,-729.3202905900393,0.11944266752971089,0.14823595406505774,0.12454526819603508,0.013132841454843345,registered
1412,1787909434.8625538,1787909434.8619778,349.98868288072504,-730.011317119275,-1211.7915138602093,-730.0444212532454,-730.1578511763792,0.14653405710419065,0.1364897813357402,0.1471082746772562,0.015665936614850672,registered
1413,1787909434.8914886,1787909434.890996,349.16223658260424,-730.8377634173958,-1212.61796015833,-730.9586142597088,-731.0283474491919,0.1905840317961065,0.1604606027663067,0.1682483346673385,0.01811793203974096,registered
1414,1787909434.919525,1787909434.9190443,348.1492266417779,-731.8507733582221,-1213.6309700991565,-731.872351657645,-731.8697487442475,0.018975386025431362,-0.009457513155211927,0.15384607392792354,0.01677613161354668,registered
1415,1787909434.9488153,1787909434.9482784,347.0685875068277,-732.9314124931723,-1214.7116092341066,-732.7951088920397,-732.7467248719884,-0.1846876211839117,-0.2185359609927673,0.17249205913287383,0.018985103891209196,registered
1416,1787909434.9777777,1787909434.9770732,346.2509747568172,-733.7490252431828,-1215.5292219841172,-733.7026667887055,-733.6105195729824,-0.13850567020040216,-0.12653252462314413,0.1440126593383992,0.015908585507982256,registered
1417,1787909435.0061605,1787909435.0055082,345.41275712527204,-734.587242874728,-1216.3674396156623,-734.638770879106,-734.4635216679205,-0.12372120680743137,-0.11328749913081992,0.17461601427556608,0.019299324829292704,registered
1418,1787909435.034309,1787909435.0336347,344.49365795523136,-735.5063420447686,-1217.286538785703,-735.5615214205415,-735.3072688707207,-0.19907317404795322,-0.23669133991074887,0.16370706897266196,0.01801473380324488,registered
1419,1787909435.0628612,1787909435.062322,343.57310263094337,-736.4268973690566,-1218.207094109991,-736.4572189247017,-736.1678379485661,-0.2590594204905301,-0.30741486336637536,0.1406066958585431,0.01528702062366758,registered
1420,1787909435.0913842,1787909435.0906982,342.6651270518471,-737.3348729481529,-1219.1150696890872,-737.3373412280727,-737.0190806126959,-0.31579233545699026,-0.33291223850028473,0.12960498502001588,0.01378509499136902,registered
1421,1787909435.11987,1787909435.1193373,341.69562588888925,-738.3043741111107,-1220.084570852045,-738.2194086497876,-737.8782049546744,-0.42616915643634457,-0.44348392200799935,0.10998224409026551,0.011295536326450148,registered
1422,1787909435.148856,1787909435.148284,340.904266657217,-739.095733342783,-1220.8759300837173,-739.0668732351431,-738.7465555801598,-0.3491777626231851,-0.35692376747260823,0.13946628045332413,0.013823099382557416,registered
1423,1787909435.1772144,1787909435.1765695,340.0866056632117,-739.9133943367883,-1221.6935910777227,-739.8943959406432,-739.595073272184,-0.3183210646043335,-0.33986589999744865,0.10400845860992337,0.009900786622948807,registered
1424,1787909435.2056694,1787909435.2050982,339.3284617518227,-740.6715382481773,-1222.4517349891116,-740.7019767662858,-740.4508861651209,-0.22065208305639317,-0.26312014846848797,0.11419986375900792,0.01045653758173239,registered
1425,1787909435.2348645,1787909435.234149,338.54620637240896,-741.453793627591,-1223.2339903685254,-741.4896157120708,-741.3223622835462,-0.13143134404481316,-0.13245502958193356,0.13463425692935377,0.011822971565783382,registered
1426,1787909435.2636569,1787909435.2630324,337.7265223908687,-742.2734776091313,-1224.0536743500656,-742.2573127779981,-742.1888175872261,-0.0846600219051652,-0.06747588421853834,0.1391075527122122,0.011639757612593928,registered
