scan_index,bag_stamp_s,header_stamp_s,time_s,input_point_count,finite_point_count,central_point_count,target_point_count,target_depth_mean_m,target_depth_std_m,target_depth_p05_m,target_depth_p95_m,target_u_centroid,target_v_centroid,target_radial_std,h5_magnitude,relative_angle_deg,offline_relative_angle_deg,local_rpm,raw_motion_residual_deg,heldout_motion_residual_deg,rejected_branch_boundary
0,1787909272.8271487,6932.69947969,0.0,24000,24000,4678,566,1.9567137775488541,0.14005319620293047,1.799750030040741,2.234499931335449,-0.007375230081379414,-0.048595577478408813,0.0381720872219491,0.12277599424123764,0.0,0.0,14.95674473473904,1.0643921450017033,1.6727946921333836,False
1,1787909272.9275076,6932.79933247,0.10035896301269531,24000,24000,4512,589,1.9673378627450033,0.16564984104979505,1.7998000144958497,2.295199966430664,-0.008817289024591446,-0.042601197957992554,0.03861907410661149,0.22617650032043457,8.274197757136712,9.021534183268592,14.963857866121138,0.3063517203322341,0.7496513451157014,False
2,1787909273.027268,6932.89996615,0.2001192569732666,24000,24000,4427,595,1.9472974779225196,0.12295389380786725,1.8096999645233154,2.1873000144958494,-0.013195507228374481,-0.04375184327363968,0.037935878497940424,0.24022193253040314,16.998477048865148,18.037156165743184,14.963857866121138,0.05227263638776236,-0.24831687000987657,False
3,1787909273.126924,6932.99979815,0.2997753620147705,24000,24000,4477,682,1.9473724326779764,0.13536593704370117,1.8021000444889068,2.1624500989913935,-0.014520291239023209,-0.045880455523729324,0.03544553865186517,0.24686430394649506,25.230892905308473,27.04686594742377,14.960377973647182,-0.6842929512288229,-0.7182185537260253,False
4,1787909273.22689,6933.09962685,0.39974141120910645,24000,24000,4342,733,1.947230562831988,0.1347455016100099,1.8009999990463257,2.223399972915649,-0.020195815712213516,-0.044748704880476,0.03436548782212697,0.23645560443401337,34.972455145835,36.05066352831036,14.993305020142332,0.06039308300231738,-0.2631306370576709,False
5,1787909273.3262203,6933.19947819,0.4990715980529785,24000,24000,4179,701,1.943680458164079,0.1326693598273223,1.809999942779541,2.1760001182556152,-0.01936098374426365,-0.04457350820302963,0.031753116953393945,0.28451278805732727,43.95838204749715,45.048548908402935,14.962821663958708,0.10667095597062826,0.32277765757866916,False
6,1787909273.4259458,6933.29932799,0.598797082901001,24000,24000,4273,761,1.9371169495363274,0.11272085842320782,1.819000005722046,2.0999999046325684,-0.01438210904598236,-0.04873479902744293,0.03011024124067112,0.19959087669849396,52.87383141509193,54.040522087701525,14.978889507241774,0.04689474426663054,-0.047139686446008966,False
7,1787909273.5272496,6933.39996377,0.7001008987426758,24000,24000,4309,771,1.9479455242824926,0.13604440269094126,1.8170000314712524,2.2020000219345093,-0.013857988640666008,-0.049219612032175064,0.0280718497134806,0.15714865922927856,61.98238013384095,63.0265830662061,14.990832990217513,0.038169171410118,-0.016650480150204316,False
8,1787909273.6268783,6933.49980093,0.799729585647583,24000,24000,4468,799,1.9395932415698438,0.105416185017294,1.8189000010490417,2.141200017929077,-0.012086591683328152,-0.048619236797094345,0.026708711487652092,0.0997932106256485,71.09436443336793,72.00673184391668,14.990832990217513,0.18363964045956038,0.3124437399717266,False
9,1787909273.7269068,6933.59965131,0.8997581005096436,24000,24000,4242,707,1.9389038212397143,0.12124911437537425,1.8170000314712524,2.154999995231628,-0.013530283235013485,-0.04709586501121521,0.025976827729745425,0.09483876079320908,79.7334389775349,80.98096842083325,14.96803839706182,-0.17978388913475385,-0.5729055248369122,False
10,1787909273.8264925,6933.69950749,0.9993438720703125,24000,24000,4339,729,1.9526268881534843,0.133116772755996,1.8053999662399292,2.201599931716919,-0.0108324671164155,-0.04732280224561691,0.02632569237342773,0.15965089201927185,89.39494651914956,89.94929279695447,14.96803839706182,0.5190721736965003,0.46807735790523,False
11,1787909273.9262552,6933.79935323,1.0991065502166748,24000,24000,4414,761,1.9484796314139248,0.12939628891687793,1.8009999990463257,2.2119998931884766,-0.011571145616471767,-0.05057835578918457,0.0285626981377826,0.20889824628829956,97.94782405111054,98.97427814908984,14.922894111715367,0.09337675489045694,0.3950159141778613,False
12,1787909274.0283926,6933.89999529,1.2012438774108887,24000,24000,4599,744,1.9557768821075399,0.13205805083004807,1.806599986553192,2.1962500095367434,-0.007837002165615559,-0.04924369230866432,0.02979037061263496,0.2558929920196533,106.97663974223344,107.87967072994648,14.955839901280493,-0.0700972984961652,0.08158200114365854,False
13,1787909274.1269524,6933.99983581,1.2998037338256836,24000,24000,4336,685,1.9589532878277076,0.1222901056273261,1.8185999631881713,2.194799947738647,-0.004872406832873821,-0.051908139139413834,0.03088605525338795,0.24678023159503937,116.56075000278553,116.87150266260407,14.952392642893635,0.6436931462719144,0.8527326181140609,False
14,1787909274.2271707,6934.09967947,1.400022029876709,24000,24000,4348,679,1.9571885114565866,0.11129633962367966,1.8329999446868896,2.16689989566803,0.000889299379196018,-0.05135154351592064,0.03297155489619976,0.23913557827472687,124.33136397773328,125.87384907874903,14.93665043480518,-0.6052711300335005,-0.1072788033204688,False
15,1787909274.3274033,6934.19954657,1.5002546310424805,24000,24000,4356,672,1.9631919635548478,0.13081174223416914,1.8355499982833863,2.1926499247550955,-0.0024300971999764442,-0.050172191113233566,0.03316476288843145,0.20116275548934937,134.32142872454392,134.82872942378486,14.932469197400954,0.3639279149592767,1.1339172098985841,False
16,1787909274.4264803,6934.29940819,1.5993316173553467,24000,24000,4487,685,1.9539284660868401,0.10915458903114594,1.832200002670288,2.1239999771118163,-0.0018678073538467288,-0.04582059010863304,0.034333450509297925,0.2549809217453003,142.92589638430533,143.81481215356283,14.934942696187749,0.05153442102226791,-0.415895005151242,False
17,1787909274.5260744,6934.39964537,1.6989257335662842,24000,24000,4371,716,1.9665055882664366,0.13757323621073034,1.8334999978542328,2.240750014781952,-0.006493691820651293,-0.045538268983364105,0.034317485026761504,0.20754073560237885,152.21519119430687,152.78159029117586,14.94028345296221,0.3774267394109927,0.5177119742836851,False
18,1787909274.6269321,6934.49947845,1.79978346824646,24000,24000,4340,733,1.9545211471607058,0.1293144254866987,1.8329999446868896,2.175799989700317,-0.002802811795845628,-0.04059434309601784,0.03328738954023381,0.2832879424095154,161.03514597185975,161.74521024161658,14.945488430617575,0.12025422546798836,0.2226442251187848,False
19,1787909274.7261617,6934.59932315,1.8990130424499512,24000,24000,4299,746,1.9566581792550177,0.13317721886160716,1.8250000476837158,2.180999994277954,-0.0027273627929389477,-0.04019305855035782,0.032297906132433794,0.22672589123249054,168.92630921361962,170.6939577581151,14.9565237118156,-0.9191764924941594,-1.0091437625358708,False
20,1787909274.8455446,6934.69995193,2.0183959007263184,24000,24000,4158,726,1.9572617056941197,0.13284781099597465,1.8252500295639038,2.18025004863739,-0.006588485091924667,-0.043784480541944504,0.030779358726774106,0.16092875599861145,177.72010734286417,179.67855421001906,14.985858894018229,-2.8697541360498633,-3.6670029835779303,False
21,1787909274.9334528,6934.79979629,2.106304168701172,24000,24000,4004,703,1.9666059727689111,0.15618734203802134,1.815999984741211,2.3359998941421507,-0.012976886704564095,-0.03407907113432884,0.028895438947610142,0.12084188312292099,187.65225389449952,188.65052621549142,15.01462016811432,-0.8492917097126167,-0.6125743356278122,False
22,1787909275.0274584,6934.89963867,2.2003097534179688,24000,24000,4209,708,1.9630254234297801,0.14325025627996585,1.812000036239624,2.251899933815002,-0.01559571921825409,-0.0322461873292923,0.026902831245495366,0.1921158879995346,198.18872616583877,197.65237435820842,15.02060681705153,1.226742090628676,2.2582581557958292,False
23,1787909275.1261377,6934.99947873,2.2989890575408936,24000,24000,4312,771,1.9469105087211005,0.15096624875120332,1.793000042438507,2.25,-0.017172491177916527,-0.03640981763601303,0.02869546188808759,0.2487407773733139,206.210258717584,206.68741951031308,15.025182501921856,0.3672046143745433,0.15251517121558322,False
24,1787909275.226555,6935.09930679,2.3994064331054688,24000,24000,4265,726,1.9429269994585967,0.13835805330414086,1.800499975681305,2.2047499418258667,-0.01832357607781887,-0.03797290846705437,0.030313362505274586,0.3362617790699005,214.0136175319617,215.73992439073976,15.055124408990473,-0.8669318428598558,-1.2846814050954833,False
25,1787909275.3313696,6935.19994759,2.504220962524414,24000,24000,4382,728,1.9417362635607247,0.12422037180236237,1.8150500178337097,2.1285500526428223,-0.016845589503645897,-0.03895443305373192,0.0316032867179556,0.35797104239463806,224.0966021515279,224.71550144635557,15.07865371953922,-0.2171833409893793,0.009445621097171397,False
26,1787909275.4275074,6935.29980201,2.600358724594116,24000,24000,4257,637,1.9519042412939027,0.1530922338528947,1.815399980545044,2.2874000072479235,-0.020876532420516014,-0.04243115335702896,0.03319801273905667,0.28413304686546326,232.66574928733573,233.77742635256658,15.096782118890957,-0.3003691828500905,-0.09575091676947523,False
27,1787909275.5270314,6935.39963881,2.699882745742798,24000,24000,4320,588,1.9613996620486382,0.13845800241515863,1.8243500173091889,2.2566499948501586,-0.0232792180031538,-0.047048937529325485,0.03355134974272786,0.22437918186187744,241.76856978274589,242.85923347135173,15.111651099062682,-0.15464267128564302,0.24047700245495207,False
28,1787909275.6272693,6935.49947965,2.8001205921173096,24000,24000,4387,553,1.9594285720942464,0.14899521955600248,1.8209999799728394,2.2540000438690186,-0.024204961955547333,-0.046735260635614395,0.035509717047547344,0.205769881606102,250.91159214941524,251.95571246594028,15.12431940642311,-0.032958071641246534,-0.378886632109527,False
29,1787909275.726268,6935.59933391,2.8991193771362305,24000,24000,4703,617,1.9698687187083537,0.14208073715339506,1.8359999656677246,2.255800104141235,-0.025717081502079964,-0.04467940330505371,0.037062186114364466,0.2222432643175125,260.4283276446031,261.01299184255873,15.127290402933815,0.5739543329352728,0.7130998344148907,False
30,1787909275.8275483,6935.69994981,3.000399589538574,24000,24000,4564,705,1.962570212242451,0.14116798927534105,1.8252000331878662,2.2769999504089355,-0.019913997501134872,-0.044911451637744904,0.036022016780806514,0.2376352697610855,268.64094726270946,270.04926291814655,15.127290402933815,-0.32857604713206,-0.5684951994688276,False
31,1787909275.9270356,6935.79978073,3.099886894226074,24000,24000,4594,750,1.9550986692110697,0.13780587267272756,1.822900015115738,2.245649969577789,-0.017470363527536392,-0.046344079077243805,0.034875182306982055,0.2480064183473587,278.67125335170545,279.08156716719844,15.049749485899277,0.7479405144676434,0.7661564966108472,False
32,1787909276.027247,6935.89962465,3.2000982761383057,24000,24000,4589,759,1.952221344268055,0.1265023756104204,1.8240000009536743,2.21060004234314,-0.01581559143960476,-0.045655302703380585,0.03293332822180172,0.20241205394268036,287.17457812349954,288.07230579726416,14.994369863809565,0.23230930278151618,0.032861953382678166,False
33,1787909276.1261616,6935.99947077,3.2990128993988037,24000,24000,4674,713,1.9497208986509733,0.11544675139003412,1.833400011062622,2.168399953842163,-0.013384709134697914,-0.048561859875917435,0.030966713408387837,0.19727735221385956,295.7938916977118,297.11335763641574,15.035129371353962,-0.050625712795181244,-0.5099637302674296,False
34,1787909276.2265098,6936.09929605,3.3993611335754395,24000,24000,4759,608,1.9683536204852556,0.14164132331766474,1.8370000123977661,2.306349945068359,-0.009861019439995289,-0.04752524197101593,0.02797239736880679,0.1367103010416031,305.3856187061218,306.1542124180089,15.035129371353962,0.5098287017322036,0.7037543141651668,False
35,1787909276.3271987,6936.19994617,3.5000500679016113,24000,24000,4595,617,1.9609935212173957,0.12679118538627962,1.8227999687194825,2.202399921417236,-0.007847600616514683,-0.04692135006189346,0.02841349372493343,0.16387495398521423,314.4710344654918,315.0914217249255,15.013129690915916,0.5333090862699805,0.7459091265847064,False
36,1787909276.4272785,6936.29979363,3.6001298427581787,24000,24000,4623,632,1.970441456082501,0.14638437159820328,1.8229999542236328,2.3223500013351437,-0.007551237940788269,-0.0476648174226284,0.03100312104078605,0.1820172816514969,323.4488159511357,324.14837504160954,14.985024461252705,0.5039791336290023,1.0244043582327436,False
37,1787909276.526943,6936.39964789,3.699794292449951,24000,24000,4734,564,1.9717198572260268,0.14968410545197644,1.819000005722046,2.2675499200820926,-0.009684971533715725,-0.050323378294706345,0.03254984322520441,0.1879410743713379,331.9660335351582,333.0289423392624,14.971850395060777,0.051464260762145386,0.42163447302226587,False
38,1787909276.6271088,6936.49948463,3.799960136413574,24000,24000,4683,554,1.9814747328792668,0.14779417349252075,1.8343000054359435,2.2901000380516052,-0.0008002119138836861,-0.04675685614347458,0.035108587674806645,0.15655969083309174,341.14013002407387,341.9956957025668,14.99034773434147,0.21070315049530564,0.40105991695520515,False
39,1787909276.7261598,6936.59931749,3.8990111351013184,24000,24000,4491,510,1.98024313473234,0.14814012065519036,1.8318999588489533,2.308899962902068,-0.0010838288580998778,-0.04738955944776535,0.036902717010377034,0.12548808753490448,350.80932445793604,351.01578026013635,14.972004378773496,0.9653752991849274,1.3171521079395916,False
40,1787909276.827742,6936.69994899,4.000593423843384,24000,24000,4526,537,1.9623389168602572,0.1188077738044457,1.840999960899353,2.193600082397461,-0.005513106007128954,-0.04796098917722702,0.03736325375397586,0.12199384719133377,358.9090754996412,359.9710086822097,14.943417105008182,-0.07721032170854869,-0.3341937597260767,False
41,1787909276.927203,6936.79978603,4.1000542640686035,24000,24000,4612,595,1.957600003731351,0.14352809383393306,1.7795999765396118,2.2121999502182006,-0.010564564727246761,-0.04669145122170448,0.037376919692248725,0.18298985064029694,366.86973704058676,368.9038904016126,14.984424897437387,-1.0679565246145444,-1.7313000593786114,False
42,1787909277.0273395,6936.89962823,4.200190782546997,24000,24000,4648,707,1.9480183895102992,0.13810038029615826,1.7949999570846558,2.183000087738037,-0.018309317529201508,-0.042072419077157974,0.03719354962957237,0.28761881589889526,376.56677775742617,377.97006362001065,14.983950001517053,-0.3831341333000182,-0.20643126957804725,False
43,1787909277.1261547,6936.99946025,4.29900598526001,24000,24000,4413,724,1.9494682308389337,0.14503705155002283,1.802450031042099,2.1916999340057375,-0.01828409545123577,-0.045381560921669006,0.036041739600506974,0.2622140645980835,386.6009879954739,386.95357479354027,14.965928843743463,0.7577752963835565,1.228116417860008,False
44,1787909277.2266471,6937.09930865,4.399498462677002,24000,24000,4266,720,1.9587736104925473,0.1509495925374042,1.8159499883651733,2.282149899005889,-0.014654128812253475,-0.045706313103437424,0.03395367007165619,0.30568501353263855,395.09242974373234,395.92934610943064,14.959512888321749,0.20496265756520415,0.3495214469983807,False
45,1787909277.327733,6937.19995203,4.500584363937378,24000,24000,4320,733,1.9446862217186256,0.13385851387189926,1.817199969291687,2.200599956512451,-0.01456940732896328,-0.046901293098926544,0.03233031616544909,0.2092827409505844,404.17611329134724,404.9331051932349,14.963322405928148,0.19098407717700638,0.28213171917496993,False
46,1787909277.4272144,6937.29978875,4.6000657081604,24000,24000,4410,787,1.9443951736108471,0.12638392415047373,1.815999984741211,2.1677000045776365,-0.014642680063843727,-0.046971216797828674,0.02928928937806199,0.24759803712368011,412.1916259602077,413.91507698387557,14.963322405928148,-0.7467563436234741,-0.5615802725243384,False
47,1787909277.5273345,6937.39963855,4.700185775756836,24000,24000,4189,712,1.9364171344577596,0.12988149299055024,1.8085499942302703,2.1686000227928157,-0.019144270569086075,-0.045175500214099884,0.02700018300064848,0.045971937477588654,423.17459237044966,422.9262120105145,14.977914286366058,1.2254723092430027,1.465596279602721,False
48,1787909277.6334176,6937.49947185,4.806268930435181,24000,24000,3915,695,1.9341251784948994,0.11249835060525323,1.812399971485138,2.1440000534057617,-0.014057345688343048,-0.05232446268200874,0.026320603144722808,0.13851460814476013,431.1866192000429,431.9513106815779,14.973940517658106,-0.3099123864401463,-0.5258661649693863,False
49,1787909277.726882,6937.59931405,4.899733304977417,24000,24000,4239,723,1.9399349923615303,0.1300320093962199,1.8161999821662902,2.1777999877929686,-0.017776211723685265,-0.049189504235982895,0.026092855807950822,0.20072054862976074,439.2833082693537,440.9789341493984,14.98545699280791,-0.6249532417623413,-0.8407149983270301,False
50,1787909277.8279335,6937.69996733,5.000784873962402,24000,24000,4574,782,1.953806907929423,0.13163108544196483,1.8109999895095825,2.196950030326843,-0.005641910247504711,-0.04806062951683998,0.027062297723894502,0.2214413583278656,449.6673213432781,449.95316911793725,15.011416654733734,0.6644875855143368,1.1155546697713135,False
51,1787909277.9270186,6937.79981673,5.099869966506958,24000,24000,4543,733,1.953200546325798,0.1249116712258479,1.8075999975204469,2.1947999000549316,-0.005002305377274752,-0.05090971291065216,0.02811610968983796,0.19654442369937897,458.33914918727345,458.9555000959493,15.011416654733734,0.418724720491241,0.42139796967603615,False
52,1787909278.033573,6937.89966687,5.206424236297607,24000,24000,4349,670,1.9567373149430574,0.1365549661273387,1.8063499569892882,2.2327499508857724,-0.008485519327223301,-0.04836929216980934,0.02872784479173072,0.19855932891368866,466.4347733549246,467.92777110227127,14.95687723764258,-1.0754626757319556,-1.3698358698093216,False
53,1787909278.1260414,6937.99950835,5.2988927364349365,24000,24000,4372,680,1.960489705730887,0.14054428047553594,1.805999994277954,2.25119993686676,-0.008258583024144173,-0.05025256797671318,0.03090427088436238,0.15864983201026917,476.07859941758704,476.8720426828692,14.95687723764258,0.24626147911106955,0.08331390060891408,False
54,1787909278.2264857,6938.09934151,5.39933705329895,24000,24000,4409,677,1.9553633690584709,0.11233069321467148,1.823799991607666,2.1746000766754143,-0.00660917442291975,-0.05317778140306473,0.03272103870948092,0.2534109950065613,484.66532935984196,485.8360080057158,14.968812907610575,-0.2069285488096284,-0.5581433518979111,False
55,1787909278.3276358,6938.19997287,5.5004870891571045,24000,24000,4448,746,1.9613887400793326,0.11241959549489336,1.8342500030994415,2.1554999351501465,-0.005656652618199587,-0.05056503042578697,0.03388957607043649,0.20890730619430542,493.70244230723733,494.82907847467317,14.987826263776796,-0.2732497994491041,-0.16633041426331374,False
56,1787909278.4280453,6938.29982123,5.600896596908569,24000,24000,4320,743,1.955069985235684,0.11278834389915585,1.8410999655723572,2.155899906158447,-0.0016045724041759968,-0.05022461712360382,0.0344485642153214,0.27826568484306335,503.2388533040464,503.79736563055434,14.973059168927373,0.22637402355843506,0.31921438114386547,False
57,1787909278.527377,6938.39965905,5.700228214263916,24000,24000,4324,739,1.955840325968514,0.1255190371901861,1.8320000171661377,2.201099967956543,-0.0016925673699006438,-0.045601386576890945,0.03362611805175135,0.2049834132194519,512.0854917438899,512.6745670472276,15.005604386333436,0.1332346896516583,0.309283148155032,False
58,1787909278.6275795,6938.49950585,5.800430774688721,24000,24000,4394,753,1.9537649393714915,0.12326100185060931,1.8225999832153321,2.2247999668121334,-0.002638034988194704,-0.04131126031279564,0.03349619172649504,0.18363067507743835,520.3741023944048,521.715110148992,15.017214056881366,-0.5963167154654911,-0.8614954537631547,False
59,1787909278.7262237,6938.59935107,5.899075031280518,24000,24000,4472,717,1.9557573235018317,0.12667232371708523,1.8220000267028809,2.1559999942779537,-0.006495809648185968,-0.037580456584692,0.0324390930642349,0.19787651300430298,529.2289194121684,530.7270599073962,15.009197090801289,-0.6194154718176605,-0.6090805358943499,False
60,1787909278.8276832,6938.69998951,6.000534534454346,24000,24000,4262,729,1.962663923761972,0.14012808104368477,1.8233999729156494,2.259000062942505,-0.012256613001227379,-0.035991422832012177,0.02981129583615743,0.1270357370376587,539.9541097030781,539.6776772490616,15.019624659961636,0.9744887738405623,1.8583064937727158,False
61,1787909278.9272747,6938.79983391,6.100126028060913,24000,24000,4272,752,1.954050530778601,0.13134244641115958,1.8110999941825867,2.211250054836273,-0.01474433671683073,-0.03820212185382843,0.029482171624588143,0.23450534045696259,548.1502652286837,548.8311696619096,15.028261498345296,0.20747784043680895,0.6047828267008981,False
62,1787909279.0283701,6938.89967019,6.201221466064453,24000,24000,4178,765,1.9526575181998458,0.1443035387003962,1.7992000102996826,2.215200042724609,-0.01365002989768982,-0.037298765033483505,0.02800215130982878,0.2702053487300873,556.1017934820433,557.8465867868822,15.042329482031478,-0.939514334583123,-0.9614852264326146,False
63,1787909279.1265283,6938.99950963,6.299379587173462,24000,24000,4356,754,1.944790453430196,0.12978348168198015,1.8029999732971191,2.1970500230789187,-0.010284392163157463,-0.03603241965174675,0.028137436668911775,0.27873101830482483,565.5234784981194,566.8653113366728,15.03021487570517,-0.3519932309319529,-1.3063170113927072,False
64,1787909279.2266421,6939.09934555,6.399493455886841,24000,24000,4263,673,1.952377413923992,0.14620407368406577,1.809999942779541,2.2158000469207764,-0.01478869840502739,-0.036943819373846054,0.028625165915327568,0.273415744304657,575.3256581432819,575.9009755601674,15.029406647676714,0.44000655209981687,1.4355299504214827,False
65,1787909279.32793,6939.19999365,6.500781297683716,24000,24000,4244,657,1.956423135652934,0.13984123389083317,1.8210000276565552,2.2257998943328845,-0.019837070256471634,-0.036900781095027924,0.030663182797679163,0.27629369497299194,583.6131047396921,584.9621149675994,15.01352336823009,-0.3883834899648946,-0.5116053316146463,False
66,1787909279.4277968,6939.29983171,6.6006481647491455,24000,24000,4291,600,1.9523750007152558,0.14897206311904482,1.8158999860286713,2.225049912929535,-0.024290569126605988,-0.04251512140035629,0.033026708260740244,0.2717783749103546,593.0986803390574,594.0036443086605,14.996641478717363,0.10924222702044517,0.41500645645305667,False
67,1787909279.5277252,6939.39966285,6.700576543807983,24000,24000,4513,593,1.959246203831034,0.15865551076610093,1.8142000198364259,2.2582000732421874,-0.027417171746492386,-0.04723912850022316,0.03495524015121292,0.22786282002925873,602.4003407276477,603.0397285786561,15.001568167398412,0.41741669580244434,1.0208638601961866,False
68,1787909279.6346483,6939.49949799,6.807499647140503,24000,24000,4350,605,1.9618446287044808,0.1506046730533196,1.8252000331878662,2.2840000152587887,-0.03110557422041893,-0.046577490866184235,0.03517739703358691,0.20778082311153412,611.4501868767486,612.062260050982,14.983028619079548,-0.15574348603126964,-0.3847743435361508,False
69,1787909279.726576,6939.59933811,6.89942741394043,24000,24000,4546,667,1.95760869729644,0.1535032879825366,1.8046000123023986,2.3133999347686767,-0.021711530163884163,-0.049107346683740616,0.035671553617059176,0.2597474157810211,620.4289178296068,621.065115210006,14.94507638511972,0.5495511903536681,1.2116425465774228,False
70,1787909279.8275886,6939.69997211,7.000439882278442,24000,24000,4563,746,1.9588632708260585,0.13482456637630924,1.8232499659061432,2.214249908924103,-0.01878458634018898,-0.043666742742061615,0.03606854033497066,0.21448396146297455,629.4960826098816,629.9345384255748,14.94507638511972,0.5256627555243085,1.2704813734621894,False
71,1787909279.9271736,6939.79980677,7.100024938583374,24000,24000,4624,746,1.9595187677135417,0.1306389804051983,1.8275000154972076,2.2317500710487366,-0.020949769765138626,-0.04572425037622452,0.03475512818283657,0.23368220031261444,636.9443446446795,638.8766932428274,14.976483313455164,-0.9886623159329702,-1.3323452081589267,False
72,1787909280.0277588,6939.89964351,7.200610160827637,24000,24000,4701,701,1.9616533517837524,0.12592212114856866,1.8350000381469727,2.2269999980926514,-0.018557356670498848,-0.04319875314831734,0.032955278817944904,0.12865281105041504,647.7260726344471,647.8637695003223,15.018665113361665,0.7404643155965687,1.2124149800523583,False
73,1787909280.1262152,6939.99949145,7.299066543579102,24000,24000,4560,650,1.9440369217212383,0.09905896955571267,1.8348999798297883,2.1462000250816344,-0.01445627398788929,-0.04697892814874649,0.03004453620730768,0.16964633762836456,655.9185152164555,656.8419068465915,15.010661015216913,0.07189964090571266,0.2793098146042894,False
74,1787909280.2267535,6940.09933209,7.399604797363281,24000,24000,4625,645,1.948651166479717,0.12060348566011642,1.831399965286255,2.1605999946594237,-0.009718365967273712,-0.048405297100543976,0.02778417954579546,0.18825846910476685,665.2864681129662,665.7861550372808,15.003337154280757,0.3914783085324416,0.47578719907698996,False
75,1787909280.3271468,6940.19997679,7.499998092651367,24000,24000,4748,623,1.961630816444348,0.13242449880462828,1.826199972629547,2.232200026512146,-0.0038628382608294487,-0.04797520488500595,0.028432721399779412,0.2395358830690384,673.404651703762,674.8060935180574,15.006405336603045,-0.5256661638331934,-0.8887844438206685,False
76,1787909280.4274704,6940.29981493,7.6003217697143555,24000,24000,4725,622,1.959620575812852,0.12800117232027727,1.8171500325202943,2.181749927997589,0.0023722953628748655,-0.049942925572395325,0.03132455137762438,0.11291071772575378,682.276310076096,683.7813317386579,14.99057287857884,-0.6830702619124622,-0.8580729123553965,False
77,1787909280.5272017,6940.39965593,7.700052976608276,24000,24000,4531,561,1.9770998238667234,0.14403831863647895,1.8259999752044678,2.265000104904175,-0.0030302507802844048,-0.048072971403598785,0.033189786819304117,0.14659768342971802,691.6693593951086,692.7025854944884,14.980104796770744,-0.2657615024245388,-0.3600731375279338,False
78,1787909280.627168,6940.49950103,7.800019264221191,24000,24000,4582,575,1.9817165233777918,0.14297451901570618,1.8427000403404237,2.2878999471664425,-0.004513667430728674,-0.04847969487309456,0.03442514585901584,0.14393404126167297,700.6981548089178,701.6930277566408,15.009088899837208,-0.23386375242000668,-0.5742461010564739,False
79,1787909280.7264326,6940.59934827,7.8992838859558105,24000,24000,4568,541,1.9745877996610406,0.1419645278154607,1.8420000076293945,2.259000062942505,-0.009535469114780426,-0.04832081496715546,0.035253540096253574,0.1587267369031906,708.8819799797305,710.7668295358303,15.014531420986431,-0.98378679521295,-1.7616466543703382,False
80,1787909280.8276954,6940.69999267,8.00054669380188,24000,24000,4782,581,1.9486437190625425,0.12434372180987786,1.815999984741211,2.1440000534057617,-0.008538161404430866,-0.048679497092962265,0.03702748889737357,0.1689063310623169,719.1054450066002,719.8129960333373,15.035800836455712,0.12609463167007107,0.6160501827384905,False
81,1787909280.927187,6940.79983321,8.100038290023804,24000,24000,4531,608,1.9524621722337447,0.14972115562671381,1.7797000348567962,2.222949969768524,-0.013159754686057568,-0.04400761425495148,0.03837634758400553,0.20851056277751923,729.2705655746992,728.9050253298324,15.008701944753712,1.337039437203316,1.722122190423761,False
82,1787909281.0278223,6940.89967505,8.200673580169678,24000,24000,4519,673,1.9563328380216285,0.1394526589095362,1.8063999891281128,2.198399972915649,-0.01365287508815527,-0.04648986831307411,0.038147825749781004,0.25711607933044434,737.6074742720697,737.8482797231844,15.021024494452499,0.6168406993592725,0.729477097621384,False
83,1787909281.1264408,6940.99951039,8.299292087554932,24000,24000,4356,662,1.9573172168789312,0.14744256194804498,1.806049996614456,2.2634999394416804,-0.013861642219126225,-0.04253102093935013,0.03657301408714855,0.25712233781814575,745.5855604020715,746.8962292191246,15.023910701264144,-0.2806715337383139,-0.24992947844123137,False
84,1787909281.2269711,6941.09933843,8.399822473526001,24000,24000,4337,730,1.9506712332163771,0.13367359602902015,1.8114500105381013,2.1772499680519095,-0.015792744234204292,-0.046324945986270905,0.03359508220426411,0.23848813772201538,755.0832834036551,755.8981167460105,15.065459254857297,0.16938533677193846,0.4207174016702311,False
85,1787909281.3273003,6941.19997121,8.500151634216309,24000,24000,4173,699,1.9449241753129318,0.13624402336802202,1.809999942779541,2.2249999761581423,-0.019022008404135704,-0.045093074440956116,0.0322900103778774,0.18700158596038818,763.7666952130268,765.0120881565505,15.059959063016734,-0.1767588469859902,-0.2677273890010383,False
86,1787909281.4275875,6941.29981829,8.600438833236694,24000,24000,4192,739,1.9436522322191436,0.13278145890014004,1.8077999711036683,2.1631000995635987,-0.01766139082610607,-0.048263225704431534,0.029692392426636665,0.20190425217151642,772.4897859921583,774.0826659459059,15.009216389362756,-0.4794475393276798,-0.5646751366074341,False
87,1787909281.527267,6941.39965599,8.70011830329895,24000,24000,4234,730,1.9392712343229006,0.13255096564564872,1.8144500315189362,2.169149947166442,-0.01701551117002964,-0.0479561947286129,0.027299312901985028,0.19895903766155243,782.7124299793273,783.0782217386753,14.992350453536334,0.7721121678590634,0.8989513813494341,False
88,1787909281.6278458,6941.49951397,8.800697088241577,24000,24000,4402,783,1.9397509592855267,0.12306785915844527,1.8240000009536743,2.2094999074935906,-0.011094341985881329,-0.04978888854384422,0.02660000981517026,0.14224591851234436,791.4478157410027,791.9962433843094,15.008638318073004,0.4554759240505746,0.5458400583778484,False
89,1787909281.7267535,6941.59934711,8.899604797363281,24000,24000,4397,751,1.941789615487608,0.1173967483251575,1.8080000281333923,2.140000104904175,-0.00810554251074791,-0.04885144159197807,0.025726741565889288,0.15497684478759766,799.5432321679828,800.9634754119395,14.99276722565142,-0.35073397098540227,-0.5232576570409719,False
90,1787909281.827944,6941.69998391,9.000795364379883,24000,24000,4379,713,1.9415413774915697,0.12840022267289136,1.813599991798401,2.1470000267028806,-0.008798377588391304,-0.04884694516658783,0.026400181560645834,0.12609313428401947,809.0376393124847,809.9160053832367,14.989404393139688,0.036591198881637865,-0.4092977936411444,False
91,1787909281.927322,6941.79982717,9.100173234939575,24000,24000,4433,731,1.952444595775265,0.128070425318334,1.7944999933242798,2.2070000171661377,-0.011742320843040943,-0.048566147685050964,0.028363401860056484,0.16049499809741974,817.6733879364601,818.8856843881107,15.004290790515407,-0.2716007077191307,-0.9272606048715488,False
92,1787909282.0284274,6941.89964993,9.201278686523438,24000,24000,4443,719,1.9582211420831164,0.13182470172205132,1.810699987411499,2.2062000751495363,-0.011787337251007557,-0.04955176264047623,0.02955089891830076,0.20275501906871796,827.043712158377,827.9871388634647,15.019618973156474,-0.0006981295770174256,0.08388668602378857,False
93,1787909282.1266322,6941.99949947,9.29948353767395,24000,24000,4569,747,1.960487284653956,0.1327878660717154,1.8170000314712524,2.2106999874114988,-0.006663831882178783,-0.0518297404050827,0.031244856335621563,0.22621536254882812,836.4703506367719,836.9972661396511,14.987939477602536,0.5875707645481043,0.876956285289566,False
94,1787909282.2269263,6942.09933587,9.39977765083313,24000,24000,4327,719,1.9570125205460445,0.120370615305784,1.8328999519348144,2.180499911308289,-0.004220558796077967,-0.0528242252767086,0.032946639251240535,0.2396758794784546,845.7856371195307,845.9420184835654,15.022916903237595,0.8764555080607579,1.1643492279755492,False
95,1787909282.3273926,6942.19998189,9.500243902206421,24000,24000,4318,681,1.9597327448372974,0.11615462541690644,1.8339999914169312,2.187999963760376,-0.0017505134455859661,-0.04825497418642044,0.03402393295097341,0.2632488012313843,853.8162043984203,854.966569813763,15.023103722963768,-0.13487127409121058,-0.40433232625423443,False
96,1787909282.4275692,6942.29981823,9.600420475006104,24000,24000,4399,691,1.9530926221704,0.1090503003764735,1.8320000171661377,2.1389999389648438,-0.0021671769209206104,-0.04756070300936699,0.03382528326593747,0.20161640644073486,862.2690910602695,864.0381822295759,15.001612606002778,-0.6978077993480838,-0.80268026552028,False
97,1787909282.5271971,6942.39968387,9.700048446655273,24000,24000,4539,731,1.9649042430882904,0.13429722622678444,1.8330000042915344,2.260999917984009,-0.007777754217386246,-0.04285655915737152,0.03428977246854899,0.18685519695281982,871.6344234707742,873.0119025137978,14.986254938572145,-0.29892484679271547,0.13759784829551336,False
98,1787909282.627446,6942.49951055,9.800297260284424,24000,24000,4396,716,1.9592513958169095,0.12228705566352124,1.8337499797344208,2.2175000309944153,-0.005381155759096146,-0.04266082122921944,0.032897644453714237,0.2100304216146469,882.0108170980346,882.0277207459155,14.978649454764183,1.0551439680099293,1.345846050307273,False
99,1787909282.7264912,6942.59935761,9.89934253692627,24000,24000,4298,730,1.953397261279903,0.12909989339011427,1.824450021982193,2.18974996805191,-0.0056380825117230415,-0.0396338552236557,0.03251893502965048,0.26820841431617737,890.5400255783964,891.108603638363,14.98331056209522,0.6703451434249246,0.07996650761231194,False
100,1787909282.828117,6942.69997815,10.000968217849731,24000,24000,4239,732,1.9571311451046844,0.1395518588445598,1.819000005722046,2.177699971199035,-0.0027283495292067528,-0.03742585331201553,0.029971636205787147,0.22505749762058258,898.5281116200175,900.0688193082589,14.965768099731859,-0.4878107442655164,-0.6220938034210803,False
101,1787909282.9274032,6942.79980311,10.100254535675049,24000,24000,4328,785,1.9485859876985003,0.12494491716400535,1.8040000200271606,2.1609999656677243,-0.00975113920867443,-0.03946701064705849,0.029425973451599266,0.17317485809326172,908.0781712121546,909.0774631664978,14.94267980489453,0.12654800090956542,0.08953735424415754,False
102,1787909283.03115,6942.89964697,10.204001426696777,24000,24000,4101,723,1.9606542193213603,0.14175292687108962,1.8141000151634217,2.2496999263763424,-0.014104539528489113,-0.035453151911497116,0.028013798185270132,0.17314960062503815,916.5741225109283,918.0129292811473,14.932491091211302,-0.7146500908659164,-0.7982394036389451,False
103,1787909283.126738,6942.99948199,10.299589395523071,24000,24000,4189,718,1.9491532056444534,0.13802772642165628,1.8028499841690064,2.194450008869171,-0.01756313070654869,-0.034686919301748276,0.028249308522796956,0.28439125418663025,926.6154630891693,926.965445823237,14.930605314194246,0.7238385264103044,1.2211731179868366,False
104,1787909283.2269244,6943.09931129,10.399775743484497,24000,24000,4269,697,1.9440315647138926,0.1400573742676722,1.8020000457763672,2.2034000396728515,-0.020384760573506355,-0.03464990481734276,0.02936707338764562,0.24598269164562225,935.8451853793473,935.9458854478994,14.934829637993845,0.9368578715963167,1.6279239568161756,False
105,1787909283.3275933,6943.19996297,10.500444650650024,24000,24000,4413,714,1.9437436979024016,0.14130318860416285,1.8109999895095825,2.2112999677658087,-0.019729595631361008,-0.03790729492902756,0.031526826919783035,0.33607372641563416,944.3705590966747,944.9528300091467,14.948766008673166,0.40209864488213043,1.0123385213297524,False
106,1787909283.4275084,6943.29981317,10.600359678268433,24000,24000,4439,677,1.9485583463835048,0.1417765318097891,1.8179999589920044,2.2114000320434566,-0.023131104186177254,-0.04287972301244736,0.03254676974335253,0.2694837152957916,952.1646330926454,953.8785221342556,14.960882710237966,-0.7961116584284582,-1.2711815279175198,False
107,1787909283.5343907,6943.39966461,10.707242012023926,24000,24000,3928,584,1.9550719183601746,0.1460125767742317,1.8259999752044678,2.248749947547913,-0.02063547819852829,-0.052704792469739914,0.034253356471546724,0.3100036680698395,961.7161335088058,962.7912351605804,14.924492022139397,-0.8639483390930991,-0.9216948534514131,False
108,1787909283.627641,6943.49949899,10.800492286682129,24000,24000,4421,578,1.9703858115268826,0.14714610785326843,1.8318500101566315,2.2972999453544616,-0.0229610875248909,-0.04923560842871666,0.03493324986590599,0.2640291452407837,971.3390703729626,971.6783182971932,14.945470351159893,0.36652744388266,0.4411745884008269,False
109,1787909283.7264695,6943.59933163,10.899320840835571,24000,24000,4514,614,1.965636806884107,0.14680562538636746,1.8116500198841095,2.2611499190330506,-0.026204649358987808,-0.046499382704496384,0.03613923681708586,0.17531360685825348,979.3057566048453,980.6495675932715,14.953274396601925,-0.5612887531258366,-0.9881153739740967,False
110,1787909283.827722,6943.69996959,11.00057339668274,24000,24000,4684,656,1.975393294197757,0.1516463209728387,1.8337499797344208,2.316249966621399,-0.02304648794233799,-0.04068390280008316,0.036188253216004954,0.17063286900520325,988.831860638153,989.6158839954725,14.989158835727558,-0.14784564690023672,-0.2797333136479665,False
111,1787909283.9271824,6943.79981397,11.1000337600708,24000,24000,4566,700,1.9586385703086853,0.13493946825569572,1.8320000171661377,2.2279999971389763,-0.017992984503507614,-0.045164309442043304,0.0343927675611035,0.23220674693584442,997.3417771845446,998.5853816259522,14.999672757605666,-0.5892939293412383,-0.7238578482846378,False
112,1787909284.0340424,6943.89964973,11.206893682479858,24000,24000,4337,687,1.952008736879718,0.11494513987826634,1.8301999807357787,2.2013999462127685,-0.01472385972738266,-0.049527235329151154,0.033174258661374106,0.21902191638946533,1006.684532344617,1007.6462141434623,14.9666789814624,-0.8638588602093478,-1.1667604454657976,False
113,1787909284.1265278,6943.99949529,11.299379110336304,24000,24000,4626,729,1.9508792848744019,0.1120927168762924,1.8420000076293945,2.1899999618530273,-0.012053405866026878,-0.047497961670160294,0.030268582060343087,0.2123933881521225,1015.5849854175316,1016.5636437756392,14.9666789814624,-0.28703117828240465,-0.557957497179018,False
114,1787909284.2266097,6944.09934311,11.399461030960083,24000,24000,4767,648,1.9583518512455034,0.12254068514832907,1.8350499987602233,2.205549955368042,-0.006454646587371826,-0.04890193045139313,0.028379001353888784,0.17932841181755066,1024.574924841926,1025.571466669307,14.998217094795615,-0.3043963097575215,-0.5868715921885723,False
115,1787909284.3264272,6944.19997355,11.499278545379639,24000,24000,4626,632,1.9610189874715442,0.12538865991862233,1.8241000056266785,2.1864000320434562,-0.0060708182863891125,-0.048141054809093475,0.02875889383335032,0.12099133431911469,1033.7186648249292,1034.624319495081,15.036723255649493,-0.1441645046861595,-0.07574578074945748,False
116,1787909284.4273522,6944.29981625,11.600203514099121,24000,24000,4595,623,1.968070626067503,0.13718639333604316,1.8200000524520874,2.229300022125244,-0.005621773656457663,-0.046933554112911224,0.03049254834278111,0.13530708849430084,1043.0607369994264,1043.7406342152765,15.068107820735053,0.11472936066093098,-0.433460896419092,False
117,1787909284.5271685,6944.39965933,11.700019836425781,24000,24000,4577,578,1.9704792373733124,0.14008856970146413,1.825849986076355,2.3299999237060547,-0.006445408798754215,-0.0491790845990181,0.032376932162486105,0.15996719896793365,1051.463591789847,1052.7609998597543,15.045121354256255,-0.4658167393031363,-0.5094522573388076,False
118,1787909284.6279776,6944.49950103,11.80082893371582,24000,24000,4704,606,1.983729371930113,0.14948761794960091,1.83474999666214,2.308750033378601,-0.0036580986343324184,-0.049591705203056335,0.034216199068711095,0.13067658245563507,1060.8514854181171,1061.7826002466923,15.028530043599979,-0.15067307060894564,-0.1705035743807457,False
119,1787909284.726969,6944.59934277,11.899820327758789,24000,24000,4722,509,1.97780157329994,0.15901070136969667,1.8200000524520874,2.323800039291381,-0.0050165653228759766,-0.048704832792282104,0.03659367953571572,0.13311487436294556,1070.3569515375389,1070.8480706724645,15.020282518044736,0.4456351409933177,1.291446927690913,False
120,1787909284.8283093,6944.69997805,12.001160621643066,24000,24000,4548,538,1.9716617150377607,0.1507835341063431,1.8145500540733337,2.291149914264679,-0.004723560530692339,-0.048336729407310486,0.0376563092806109,0.14432461559772491,1079.668644748418,1079.8201721616092,15.028884199211745,0.6367710613269537,0.5640369560403542,False
121,1787909284.9273245,6944.79981261,12.100175857543945,24000,24000,4479,558,1.9508781369014452,0.13308044612737333,1.8158499956130982,2.167999958992004,-0.007975148968398571,-0.04317662492394447,0.038452762510161234,0.1997208297252655,1087.856581193869,1088.766018796891,15.053404183413408,-0.08659615198280335,-0.6037726421054685,False
122,1787909285.0276458,6944.89965203,12.200497150421143,24000,24000,4563,673,1.9481946534600336,0.13991654768358205,1.786199951171875,2.2121999740600584,-0.015230034478008747,-0.047802601009607315,0.037139854713243964,0.197415292263031,1095.8494318102282,1097.7539275346935,15.059782187265595,-1.122593430942743,-1.478455381193271,False
123,1787909285.1268315,6944.99949011,12.299682855606079,24000,24000,4522,701,1.9472253887187396,0.13119495994257116,1.809000015258789,2.1459999084472656,-0.02123643085360527,-0.04144713282585144,0.03622553566598743,0.24841858446598053,1106.1312995178355,1106.7715330144538,15.05381800167747,0.23262849867433033,-0.11709906097416933,False
124,1787909285.2272298,6945.09933175,12.400081157684326,24000,24000,4239,704,1.9515539754859426,0.13724998708344188,1.8141500174999237,2.203199946880341,-0.017036866396665573,-0.04450411722064018,0.03418725526629343,0.3471665680408478,1115.170151164615,1115.8318826090033,15.037989017848334,0.23570147459463442,0.34964107038626935,False
125,1787909285.3273497,6945.19998461,12.500200986862183,24000,24000,4313,781,1.95024071857047,0.12921709859014816,1.815999984741211,2.190999984741211,-0.011603808030486107,-0.04951015114784241,0.03267171317514696,0.2001231163740158,1124.3998395362883,1124.8706490906911,15.02484603956337,0.45467354640186386,0.824109952962317,False
126,1787909285.4275694,6945.29983261,12.600420713424683,24000,24000,4299,741,1.9407854265207864,0.12858417373246045,1.812999963760376,2.191999912261963,-0.013271118514239788,-0.04737121984362602,0.02959441028212358,0.25270920991897583,1132.471095154121,1133.846180053673,15.031002945859838,-0.49377783207501125,-0.6130677108358213,False
127,1787909285.5272436,6945.39966695,12.700094938278198,24000,24000,4387,784,1.9430854568371967,0.12508545172478558,1.8094500184059144,2.18514995574951,-0.013171453960239887,-0.04863077402114868,0.027891993994728654,0.08735782653093338,1141.4045738958127,1142.900300986128,15.030694867111023,-0.5309113051584973,-0.48396466348594913,False
128,1787909285.6277332,6945.49951359,12.800584554672241,24000,24000,4227,766,1.9338211488786006,0.12357310224464864,1.812000036239624,2.1684999465942383,-0.0161913949996233,-0.04822488874197006,0.0269113510043681,0.09301038831472397,1150.6407311263335,1151.9075189708067,15.01410146432256,-0.3387509716014847,-0.5924410340046506,False
129,1787909285.7264175,6945.59935807,12.899268865585327,24000,24000,4241,706,1.9399291790240885,0.12232666994245464,1.812999963760376,2.1804999709129333,-0.01661454327404499,-0.04768645018339157,0.02603085763115876,0.16386114060878754,1159.7175501390989,1160.9132557132875,15.010291656468185,-0.14345259453330073,-0.05711774213045828,False
130,1787909285.8267577,6945.69960659,12.999608993530273,24000,24000,4315,737,1.9444192688371305,0.12445409814377226,1.8097999572753907,2.1793999195098874,-0.01314569916576147,-0.049127448350191116,0.026889456747034433,0.21305537223815918,1169.0421961743534,1170.0020363959206,15.018086445979057,0.1506504021585897,0.3938781346741962,False
131,1787909285.926483,6945.79944915,13.099334239959717,24000,24000,4588,758,1.9537546162869497,0.13214554979526907,1.797849988937378,2.203499901294708,-0.006505229976028204,-0.04690767824649811,0.02874724431641653,0.21455062925815582,1179.2049873930634,1179.0596277612917,15.008134475211811,1.3382374990792414,1.5038685421591254,False
132,1787909286.0268214,6945.89967563,13.19967269897461,24000,24000,4422,697,1.9566599686484425,0.13207570400896465,1.8038000106811523,2.2380000114440914,-0.008917441591620445,-0.05060149356722832,0.02920766959524016,0.21321557462215424,1187.4622430442143,1188.037617492183,15.00329483439159,0.5651003142334048,0.5478339520898317,False
133,1787909286.1264968,6945.99949475,13.29934811592102,24000,24000,4364,676,1.9566730782830504,0.10891692465999975,1.8229999542236328,2.165749967098236,-0.00469511654227972,-0.0517314150929451,0.030947696277127984,0.24248023331165314,1196.4624081543182,1197.0009370947416,14.98291100821782,0.5945459220149587,0.5575411405952764,False
134,1787909286.226907,6946.09932961,13.399758338928223,24000,24000,4341,666,1.9648408381430595,0.12497967105669204,1.8309999704360962,2.1934999227523804,-0.0069815595634281635,-0.048513371497392654,0.03249491034120956,0.17205987870693207,1204.6803544382608,1205.9861078041185,14.969343281962226,-0.22435934037207517,-0.629571492008381,False
135,1787909286.3271506,6946.19997181,13.500001907348633,24000,24000,4523,694,1.965462538282191,0.1232497354573681,1.8389999866485596,2.1813499689102174,-0.008392573334276676,-0.0462150014936924,0.03404376855304164,0.19088630378246307,1213.646566597373,1214.9740419764473,14.970578124784254,-0.2799999285107333,-0.1212936341405566,False
136,1787909286.427728,6946.29980793,13.600579261779785,24000,24000,4383,723,1.9510553270619604,0.1072680133712535,1.8350000381469727,2.1442999124526976,-0.004375529009848833,-0.04950839653611183,0.03443746907749658,0.28937599062919617,1223.5750194720938,1223.9425803500621,14.97905554520358,0.5965596857824949,0.7023427630294918,False
137,1787909286.5272698,6946.39964101,13.7001211643219,24000,24000,4306,753,1.9588924309172004,0.12904576504798695,1.8350000381469727,2.2320001125335693,-0.0010806393111124635,-0.04559945687651634,0.03427579228575703,0.27275562286376953,1231.8947718795619,1232.9363355823168,14.959754363004189,-0.04239120380088934,0.06038328547037963,False
138,1787909286.6270351,6946.49948465,13.799886465072632,24000,24000,4347,750,1.9507426665623984,0.12193932217639522,1.8264499962329865,2.154400038719177,-0.000756185851059854,-0.04426272585988045,0.03309378430776019,0.23314876854419708,1240.7455773172505,1241.86772770237,14.946175062975387,-0.17039474948273892,-0.2856038338761664,False
139,1787909286.7265615,6946.59931627,13.899412870407104,24000,24000,4359,723,1.9509585043866275,0.12074672104774412,1.823099958896637,2.168299913406372,-0.003874163143336773,-0.03837171941995621,0.031564542071691286,0.19231455028057098,1249.8989569687292,1250.8024042060974,14.910208595021567,0.02567634305592037,-0.3207480595733614,False
140,1787909286.8283234,6946.69995887,14.001174688339233,24000,24000,4316,746,1.9614504016436456,0.14858175878031907,1.819000005722046,2.333999991416931,-0.007893465459346771,-0.04064541682600975,0.030723376610058393,0.15607114136219025,1258.059625822646,1259.6890202760358,14.897972459163752,-0.9721489702130839,0.0409926004965655,False
141,1787909286.9274342,6946.79979657,14.100285530090332,24000,24000,4225,727,1.9615914703563286,0.1380445792821173,1.817300009727478,2.173399996757507,-0.014465142972767353,-0.036093711853027344,0.028547478801137064,0.13227058947086334,1267.8219066123636,1268.5749800343779,14.930673645507971,-0.1297763005302386,0.4138593022248642,False
142,1787909287.027847,6946.89962407,14.200698375701904,24000,24000,4235,746,1.9496300284408692,0.13804460065091373,1.7942500114440918,2.1860000491142273,-0.019193999469280243,-0.037031546235084534,0.028486749479325137,0.2543341815471649,1277.3454216859045,1277.5890771826373,14.95682770090343,0.356651194077358,0.6392473907510521,False
143,1787909287.1266572,6946.99945833,14.299508571624756,24000,24000,4236,755,1.9444781450246345,0.14317195812747271,1.797699999809265,2.179700064659118,-0.01519568357616663,-0.03686707839369774,0.028038125129545285,0.3255341053009033,1285.1867428322025,1286.5399842901845,15.004169756512008,-0.6948778602911716,-0.8064064115214933,False
144,1787909287.2268689,6947.09929355,14.399720191955566,24000,24000,4375,722,1.9429612192750967,0.12778530895692944,1.8110499918460845,2.160650014877319,-0.015693480148911476,-0.036038197576999664,0.0299905254950029,0.30540937185287476,1294.7196732399975,1295.5919894486753,15.004169756512008,-0.18092489348578056,0.09031130578796365,False
145,1787909287.3275902,6947.19993283,14.500441551208496,24000,24000,4209,679,1.9522916069789207,0.14976257637032453,1.8119000315666198,2.2742999315261843,-0.01764073222875595,-0.03874988108873367,0.030949411937467756,0.3129998445510864,1303.7262102834409,1304.5467780243885,14.995601191898343,-0.23924144615466503,0.01350762813262918,False
146,1787909287.4274328,6947.29978273,14.600284099578857,24000,24000,4243,611,1.9541816689964207,0.13983984294972573,1.8140000104904175,2.212000012397766,-0.023128796368837357,-0.042142920196056366,0.03243826076698367,0.21110579371452332,1313.4910007700944,1313.5373705790819,15.008872799723347,0.5397878240787577,1.209216507582596,False
147,1787909287.5275884,6947.39962867,14.700439691543579,24000,24000,4305,536,1.9463134319034976,0.13508741008606343,1.816500037908554,2.1969999074935913,-0.0266254935413599,-0.04690161347389221,0.03367523407860843,0.2248724400997162,1321.1932831215643,1322.629465119626,15.040954155741565,-0.7718647507292644,-1.0077738422387483,False
148,1787909287.6275434,6947.49947525,14.800394773483276,24000,24000,4609,606,1.9597128731976248,0.14486550283584698,1.8214999735355377,2.2237499952316284,-0.028250757604837418,-0.045355189591646194,0.03597590318279501,0.22514007985591888,1330.5030527250221,1331.6673805638625,15.039709301660773,-0.4579843081337458,-0.5354518905421628,False
149,1787909287.7268925,6947.59930119,14.899743795394897,24000,24000,4691,649,1.9581278869293872,0.137950345686329,1.82739999294281,2.250999975204468,-0.021183481439948082,-0.05191662907600403,0.035718658709405646,0.2546200752258301,1339.270599293288,1340.726993403105,15.05392890828769,-0.6317819118053194,-1.0136952464722526,False
150,1787909287.828586,6947.69993515,15.001437425613403,24000,24000,4581,733,1.9554188251495361,0.1283844771211493,1.834600019454956,2.217600011825561,-0.020542360842227936,-0.044632602483034134,0.03527110122343927,0.2718997299671173,1348.7233895207444,1349.8235290248824,15.02035739932212,-0.3313490038428881,-0.48541509443452924,False
151,1787909287.9275181,6947.79977205,15.100369453430176,24000,24000,4561,770,1.9476285722348596,0.1176323619764928,1.8194500267505647,2.155549931526184,-0.018590625375509262,-0.04477320611476898,0.034390892447423466,0.21362392604351044,1358.0530313553804,1358.8050896205502,15.001490010085242,0.09447784281724125,0.2966710852779215,False
152,1787909288.027857,6947.89963051,15.200708389282227,24000,24000,4704,696,1.953577586802943,0.11313324150741157,1.84375,2.174500048160553,-0.016106149181723595,-0.04448435828089714,0.03302586831222114,0.14391401410102844,1366.8326147820046,1367.7772418085826,15.01630402097563,-0.15637448157417566,0.034376002894532576,False
153,1787909288.1264787,6947.99945777,15.299329996109009,24000,24000,4682,702,1.96250997122876,0.1319580784259022,1.8370000123977661,2.229450023174285,-0.015065793879330158,-0.048965029418468475,0.03052783194735548,0.19158321619033813,1376.61813889589,1376.8225013756264,15.033217748258712,0.7532723215895203,1.0587077026243605,False
154,1787909288.2272537,6948.09930369,15.400104999542236,24000,24000,4611,617,1.969423016427595,0.14312256016400204,1.8370000123977661,2.2882000923156736,-0.013151007704436779,-0.046945970505476,0.027707838889147064,0.16694173216819763,1384.6809650864284,1385.8436693979718,15.036226590973579,-0.2535830236020047,-0.16991021740295764,False
155,1787909288.3291883,6948.19993635,15.502039670944214,24000,24000,4614,633,1.9597582930072224,0.12121642467695512,1.8312000274658202,2.1995999336242673,-0.005346769001334906,-0.046574242413043976,0.028106533835950236,0.18164709210395813,1394.4992332990669,1394.9325401836559,15.009678978815701,0.3906343275270956,0.8183305759246196,False
156,1787909288.428182,6948.29977303,15.601033210754395,24000,24000,4740,636,1.9628254737494126,0.1280104934119711,1.8279999494552612,2.2054999470710754,-0.0020949970930814743,-0.04962408170104027,0.030920988812148217,0.12639576196670532,1403.1199881588534,1403.9363630448665,15.029553879055934,0.10203816190937687,0.6158034121290257,False
157,1787909288.5279653,6948.39960585,15.700816631317139,24000,24000,4746,564,1.974767728900233,0.14276557113322572,1.8232999682426452,2.27660003900528,-0.002381292637437582,-0.04803479090332985,0.032919580662369996,0.19662386178970337,1411.8372667371125,1412.9794676362333,15.024048596725246,-0.16112301391740402,-0.6636965871564371,False
158,1787909288.6276872,6948.49944315,15.800538539886475,24000,24000,4523,558,1.984016128338366,0.14652405926038,1.8386999905109405,2.2971999883651733,-0.0015889119822531939,-0.05074036866426468,0.03586147783389685,0.1404828578233719,1421.1826531006197,1421.9827683887675,15.016153886668775,0.20935963293231907,0.455251199271288,False
159,1787909288.7311122,6948.59929083,15.903963565826416,24000,24000,4388,535,1.9887196277903618,0.15524828360255993,1.8294000148773193,2.334100008010864,-0.004525728058069944,-0.05099665746092796,0.03633105768633222,0.140705868601799,1429.8053798626643,1431.0020477172322,14.976947317710744,-0.47609535786637025,-0.8970785909441474,False
160,1787909288.8287764,6948.69993085,16.001627683639526,24000,24000,4658,561,1.9659661322353996,0.13808294602488927,1.7979999780654907,2.2279999256134033,-0.008875390514731407,-0.04659947380423546,0.03640971035306668,0.1406869739294052,1438.3173398298372,1439.9144250105544,14.979808531268944,-0.7538393436170736,-1.2182771224806856,False
161,1787909288.9273982,6948.79977979,16.100249528884888,24000,24000,4727,626,1.9610846680574143,0.152420163912655,1.7942500114440918,2.2427499890327454,-0.01228256057947874,-0.04171875864267349,0.03732218643295807,0.2716997563838959,1447.7728322406458,1448.9124284083123,14.979808531268944,-0.17424570103958104,0.12994508611450328,False
162,1787909289.0280495,6948.89960739,16.20090079307556,24000,24000,4506,694,1.9485489945933867,0.14801390602466605,1.792650008201599,2.206350064277649,-0.01648578606545925,-0.0474265031516552,0.03778545317149298,0.2307497262954712,1457.6475145753338,1457.8808034533454,14.96572828887062,0.6418915453034515,1.5595465011977012,False
163,1787909289.1267788,6948.99945529,16.299630165100098,24000,24000,4412,685,1.958007301031238,0.14566773462325083,1.8135999679565429,2.241799974441528,-0.01473646517843008,-0.043827034533023834,0.03633740758506829,0.3283962905406952,1466.6175765557452,1466.8541143697016,14.983174074523049,0.7263774207387996,0.936950332334618,False
164,1787909289.227076,6949.09929321,16.399927377700806,24000,24000,4240,671,1.958011920512522,0.1463516896427571,1.8220000267028809,2.259999990463257,-0.011894749477505684,-0.04343901947140694,0.034767546219247776,0.21712075173854828,1474.898457399744,1475.8570973143676,14.983069274522386,-0.019422422130674022,0.2410657230727793,False
165,1787909289.3282743,6949.19995081,16.50112557411194,24000,24000,4375,761,1.9420775298846693,0.12679052771011998,1.812999963760376,2.1559998989105225,-0.015872696414589882,-0.04881175234913826,0.0315724843258036,0.2398579716682434,1483.0729021688524,1484.7888264769979,14.985870313573502,-0.9527462679586733,-0.6511269595582689,False
166,1787909289.4282017,6949.29979031,16.60105299949646,24000,24000,4151,699,1.9356065809470901,0.1261798443930289,1.8028999805450439,2.1490000009536745,-0.019082851707935333,-0.045050669461488724,0.029694969024544264,0.13590660691261292,1492.9884106206734,1493.8115097352468,15.000651126560731,-0.030637905908179164,-0.08534795358059455,False
167,1787909289.5277455,6949.39963063,16.700596809387207,24000,24000,4187,763,1.9431664490606027,0.1369334706564843,1.8141000151634217,2.2105999708175657,-0.018803205341100693,-0.05027459189295769,0.026750582342288855,0.1446426510810852,1502.4544822914654,1502.7717042158686,15.010975186305492,0.47655880775687365,0.6754904238639483,False
168,1787909289.6299446,6949.49946063,16.802795886993408,24000,24000,4044,714,1.9330518217313857,0.11669982246254498,1.8169499933719635,2.118050026893616,-0.014704461209475994,-0.05000344663858414,0.027266976722170204,0.13115769624710083,1510.7642745560706,1511.7972664772785,15.006389563680406,-0.41149616708503345,0.4429622195484626,False
169,1787909289.7278235,6949.59930939,16.90067481994629,24000,24000,4364,759,1.9494334641495554,0.1325723632749967,1.8179999589920044,2.231299948692322,-0.01005769707262516,-0.04927591606974602,0.02605869788449351,0.1747754067182541,1519.416674979352,1520.7596490773087,15.025913260848645,-0.5681329127073695,-0.5124351305214532,False
170,1787909289.82779,6949.69995103,17.000641345977783,24000,24000,4493,745,1.9556120798891823,0.1328280488549285,1.8211999893188477,2.1994000434875485,-0.005208361893892288,-0.05008932203054428,0.02627869658902314,0.18342895805835724,1529.3739283957466,1529.7536134161403,15.019279248000792,0.39220138237305946,-0.0369589564782018,False
171,1787909289.927754,6949.79978695,17.100605249404907,24000,24000,4429,709,1.9555133964514362,0.1353253404251151,1.7960000038146973,2.2082000732421876,-0.006738791707903147,-0.048508111387491226,0.027213491433843388,0.14039234817028046,1537.3736050772434,1538.7449347030372,14.992030107644403,-0.6048050248407435,-1.611210594267959,False
172,1787909290.0274174,6949.89962467,17.200268745422363,24000,24000,4347,672,1.954813988435836,0.1353339754054279,1.7945499897003174,2.2288999676704404,-0.008820007555186749,-0.04807540401816368,0.02971527190608818,0.1150440201163292,1546.920540810847,1547.7288228361242,14.992030107644403,-0.02751591808896592,-0.2846229527831383,False
173,1787909290.1269333,6949.99947727,17.299784660339355,24000,24000,4431,677,1.9547592324027283,0.12354043796787985,1.8119999647140503,2.1944000244140622,-0.009977114386856556,-0.049469951540231705,0.031070555877214325,0.28204861283302307,1555.5073447791626,1556.708199864313,15.028972749328167,-0.39707637829883424,-0.8074600351962999,False
174,1787909290.2269127,6950.09931377,17.39976406097412,24000,24000,4566,752,1.9596130318464118,0.11776315421774261,1.8279999494552612,2.1955999732017513,-0.004450212698429823,-0.05537905916571617,0.03221790769182371,0.20755751430988312,1564.9052312150834,1565.8280115854457,15.03904205583286,0.0027322307994381845,-0.09596689689738014,False
175,1787909290.326621,6950.19994813,17.49947237968445,24000,24000,4310,717,1.9503444920357633,0.10133502669094918,1.8329999446868896,2.13600001335144,-0.0021236843895167112,-0.05124746263027191,0.03440178544112319,0.27950412034988403,1574.0964194728733,1574.9112537074695,15.034128579079557,0.22023984996826584,0.1076049788898672,False
176,1787909290.4283686,6950.29978907,17.60121989250183,24000,24000,4350,695,1.9586676278560282,0.11733837149395497,1.8377000451087953,2.1503999710083006,0.00034053041599690914,-0.04434219375252724,0.034279373869532836,0.27241042256355286,1582.7368771667261,1583.8999676004125,14.986607372715019,-0.29650917280014255,-0.26036205711238836,False
177,1787909290.5274835,6950.39963169,17.700334787368774,24000,24000,4337,709,1.9604908342253842,0.13666105823389707,1.8297999858856202,2.240199947357178,-0.002654165495187044,-0.04471686854958534,0.033363036700547424,0.1586446613073349,1592.515684833524,1592.9048411060462,14.986634442984927,0.562025596302874,0.5902929732762914,False
178,1787909290.627412,6950.49945855,17.80026340484619,24000,24000,4517,718,1.957306406624138,0.1283317932756047,1.8238499939441681,2.2175999999046323,-0.005796979647129774,-0.04080526903271675,0.03370879508698334,0.2056773602962494,1600.3852786561845,1601.905484691909,14.99956758424519,-0.5618879583544185,-0.7972108848887274,False
179,1787909290.7268581,6950.59930009,17.899709463119507,24000,24000,4332,707,1.9539462493197752,0.1256929223400063,1.8265999674797058,2.133599948883056,-0.0064176819287240505,-0.03788501396775246,0.03090478110941912,0.22195491194725037,1610.7269535152623,1610.846140938723,15.005737180011558,0.8297095224554596,0.6772636254058853,False
180,1787909290.8281615,6950.69994375,18.001012802124023,24000,24000,4268,746,1.9453311004843212,0.1185595166145345,1.8172500133514404,2.122250020503998,-0.008319299668073654,-0.039301276206970215,0.03124528917143629,0.24012097716331482,1619.2111386144873,1619.9006040002478,15.015123266817687,0.19666324509375954,0.8292847146458371,False
181,1787909290.9276824,6950.79976799,18.100533723831177,24000,24000,4206,754,1.9564283858559808,0.13730860531920203,1.8146500408649444,2.222399938106537,-0.009649195708334446,-0.03922954201698303,0.029266979803337076,0.22790934145450592,1627.5566696633796,1628.9560597930597,15.013911132575975,-0.4146207422372754,0.3584196269912354,False
182,1787909291.0277145,6950.89961689,18.200565814971924,24000,24000,4321,742,1.9499824800581302,0.12203141588505032,1.8110499918460845,2.2063000202178946,-0.010034211911261082,-0.03665881231427193,0.0281682758040104,0.22451677918434143,1636.7952482820406,1637.9172134414257,15.008228311904448,-0.17886205997888283,-1.2654863198465591,False
183,1787909291.1344535,6950.99944245,18.307304859161377,24000,24000,4073,717,1.9569316630250406,0.15433791288251794,1.8045999526977539,2.2401999950408933,-0.012010452337563038,-0.03693639487028122,0.027924883455553474,0.3294289708137512,1647.0830150238044,1646.928605407858,14.997109684046565,0.5024635481163386,1.3594235382579427,False
184,1787909291.2273493,6951.09967045,18.400200605392456,24000,24000,4191,651,1.9448125975838821,0.1336875775353275,1.805999994277954,2.1955000162124634,-0.0207662433385849,-0.0332367904484272,0.028955728819755357,0.257360577583313,1654.6201252460505,1655.885526259932,14.99631933581174,-0.32097999432289726,0.24294758689256923,False
185,1787909291.3280447,6951.19951687,18.500895977020264,24000,24000,4238,631,1.9471949278458174,0.15033420465218067,1.8169999718666077,2.236999988555908,-0.023635033518075943,-0.03460731357336044,0.031005723227595254,0.2478286176919937,1663.352964884191,1664.8977513291106,14.999831403482425,-0.6506550837689247,-0.3449173898634399,False
186,1787909291.427328,6951.29935269,18.600179433822632,24000,24000,4500,699,1.953369100547485,0.1515628174222772,1.8158999919891357,2.2985999345779424,-0.022323258221149445,-0.04676274582743645,0.03261943568552443,0.2464027851819992,1672.3771183714061,1673.8874767821458,15.003836619082703,-0.5619449534028718,-0.7771861214398541,False
187,1787909291.526832,6951.39999033,18.69968342781067,24000,24000,4384,617,1.9555753674267564,0.15064471550939865,1.8148000478744506,2.252200078964233,-0.025906739756464958,-0.047701235860586166,0.0345789770043554,0.29467853903770447,1681.7214480185069,1682.851104647109,14.996423045890658,-0.1729068593572265,0.12960532734905428,False
188,1787909291.628453,6951.49982869,18.80130434036255,24000,24000,4429,620,1.9605467754025614,0.1449897542822664,1.8169500291347505,2.2829999923706055,-0.02509683184325695,-0.04850590601563454,0.03465642904917702,0.27515944838523865,1691.4943136576758,1691.8838987137588,14.994988560140813,0.45414600068829714,0.7326589089884692,False
189,1787909291.7275097,6951.59966123,18.90036106109619,24000,24000,4557,662,1.9605876135321902,0.13649424232776683,1.8279999494552612,2.2655000329017634,-0.021978309378027916,-0.045334503054618835,0.035871035491092135,0.21514992415905,1701.1567637023772,1700.7881893739448,15.017814783132122,1.201558779991501,1.6479188767086725,False
190,1787909291.827198,6951.69950697,19.000049352645874,24000,24000,4587,673,1.9639004470689159,0.12826893891213811,1.8377999782562255,2.2032000064849853,-0.02276908978819847,-0.04075928032398224,0.036126342854321335,0.18636904656887054,1708.1647347205235,1709.8241147618503,15.036123879362156,-0.7623484096927768,-0.901647673223124,False
191,1787909291.9267228,6951.79935933,19.099574089050293,24000,24000,4691,745,1.9586469807080775,0.1331372209337948,1.8222000122070312,2.2465999603271474,-0.023578936234116554,-0.04632912576198578,0.0349325155846941,0.2104445844888687,1717.875022178618,1718.8699138845432,15.057865499166411,-0.009219307972216484,-0.36664468976596254,False
192,1787909292.026998,6951.89998633,19.199849367141724,24000,24000,4599,707,1.9495926441195324,0.13246886811645467,1.82189998626709,2.179299974441528,-0.015983399003744125,-0.045671720057725906,0.03300560436094742,0.1836390197277069,1727.1835359526656,1727.926627554532,15.057248983761866,0.27458787007253704,0.5245365096732257,False
193,1787909292.1276557,6951.99981447,19.300507068634033,24000,24000,4608,690,1.9516478284545566,0.13069150596682913,1.8268999636173249,2.208449983596801,-0.013008562847971916,-0.04548456519842148,0.03009383802272204,0.22297576069831848,1735.9315521397787,1736.9862684856464,15.018127772155784,-0.03652038391351198,-0.21358023361653977,False
194,1787909292.2280896,6952.09966427,19.400940895080566,24000,24000,4635,676,1.9622618333827815,0.1287630188315319,1.8330000042915344,2.254500091075897,-0.006743740756064653,-0.05031873658299446,0.028502760483663656,0.19531285762786865,1745.1834842622818,1746.0849336743702,15.027611540523724,0.1764358988280037,0.050955388129750645,False
195,1787909292.3266194,6952.19951243,19.499470710754395,24000,24000,4787,611,1.968032731947454,0.12871401314785003,1.8334999680519104,2.2204999923706055,-0.004893002100288868,-0.04991720989346504,0.02895810940171902,0.19246695935726166,1753.6422112200048,1755.0903289814428,15.027611540523724,-0.23245331304701722,-0.4668865460964753,False
196,1787909292.4269228,6952.29934813,19.59977412223816,24000,24000,4621,625,1.9700336038589477,0.1331957456048723,1.8229999542236328,2.2567999839782713,-0.0032960334792733192,-0.04836461693048477,0.0312988220896088,0.10497260093688965,1763.0864810725861,1764.0475370049578,15.01085151649086,0.18457795742097005,0.2610636186602733,False
197,1787909292.529089,6952.39998753,19.701940298080444,24000,24000,4547,603,1.9913167524495923,0.16254454454741793,1.8360999703407288,2.3700999736785886,-0.005498227197676897,-0.047055572271347046,0.03231419289930481,0.10218020528554916,1772.0969909607109,1773.0427597371784,14.980010492875307,0.00020174239739390032,-0.43217147668474354,False
198,1787909292.62828,6952.49983017,19.80113124847412,24000,24000,4591,549,1.977464483518201,0.14344507530333991,1.8313999891281127,2.2712000370025636,-0.008110531605780125,-0.04873451963067055,0.034225291141206336,0.18316403031349182,1781.005296859522,1781.9949358770725,14.98361576445582,-0.018610201988622066,-0.18050444619461814,False
199,1787909292.7276099,6952.59967969,19.900461196899414,24000,24000,4793,582,1.9721975949212038,0.14249301001634312,1.8289999961853027,2.241700100898742,-0.00814726110547781,-0.05210844427347183,0.035827884224239034,0.1554449200630188,1790.8199133693295,1791.0182718136352,15.018924341098947,0.8563787366342694,1.0069743898093293,False
200,1787909292.827427,6952.69951731,20.00027823448181,24000,24000,4613,531,1.949813559230438,0.13437060000438947,1.796999990940094,2.2265000343322754,-0.006467491388320923,-0.045253295451402664,0.038919269386335525,0.17687159776687622,1799.693170530367,1800.0996481615261,14.989548128861266,0.7461706347589825,1.3450390661143956,False
201,1787909292.927495,6952.79935769,20.100346326828003,24000,24000,4492,571,1.9626164624235884,0.14806040437216586,1.8104999661445618,2.2239999771118164,-0.008590110577642918,-0.04406743124127388,0.03816771306106212,0.18511100113391876,1808.4945294201912,1809.0454545453329,14.985247730788148,0.5414695042593394,0.7899497061821421,False
202,1787909293.0283277,6952.89961163,20.201179027557373,24000,24000,4445,620,1.9600693585411195,0.14077734090657662,1.8208499789237975,2.2420500993728636,-0.012112624943256378,-0.044518742710351944,0.037864343855573086,0.20431798696517944,1816.5982032073134,1818.030314095139,14.991319027706174,-0.42973096162586444,-0.7048970672583437,False
203,1787909293.1268306,6952.99945489,20.299681901931763,24000,24000,4460,684,1.9470087718545346,0.13470831780171236,1.7988999843597413,2.160600101947785,-0.01694890856742859,-0.04671687260270119,0.035739684237171034,0.27458521723747253,1825.3314992750834,1827.0002319037756,14.989787004895724,-0.5616263648905715,-0.8474653731952912,False
204,1787909293.2269871,6953.09930305,20.3998384475708,24000,24000,4379,748,1.9535601617180727,0.13602488805801569,1.8157000482082366,2.223449921607971,-0.020526792854070663,-0.04332217201590538,0.034758907381831655,0.21811126172542572,1835.1223365234418,1835.994973447224,15.001647987492793,0.2151901271524821,-0.21691707895661239,False
205,1787909293.328351,6953.19993777,20.50120234489441,24000,24000,4223,729,1.9419149513597842,0.12986065444383268,1.8093999862670898,2.1191999435424806,-0.017760582268238068,-0.04638151824474335,0.03190535466939645,0.26267796754837036,1844.1726286055796,1845.0064286736995,14.999534928729323,0.1428006253129297,0.5289795368751129,False
206,1787909293.4276822,6953.29979749,20.600533485412598,24000,24000,4247,751,1.9394860194621486,0.13083206208130924,1.8145000338554382,2.118000030517578,-0.012947676703333855,-0.04816746711730957,0.02992944392258565,0.1901506781578064,1853.4466976443389,1854.0282588560815,14.980517037645049,0.47713480534071095,0.405544759295708,False
207,1787909293.5282106,6953.39963951,20.701061964035034,24000,24000,4332,772,1.940633419418582,0.13071251135319426,1.8250000476837158,2.1568999409675595,-0.011887802742421627,-0.050201911479234695,0.027860560019307055,0.1651717722415924,1861.5891807853577,1863.000341836472,14.980517037645049,-0.4278765246385774,-0.5445707757291984,False
208,1787909293.6279495,6953.49948013,20.800800800323486,24000,24000,4340,759,1.9337312279953787,0.11222781850348269,1.812999963760376,2.09180006980896,-0.015426399186253548,-0.047588545829057693,0.026270053719455125,0.12953093647956848,1871.1744204281954,1871.9919195606801,14.96825008563197,0.1809359183732795,0.1266163708867225,False
209,1787909293.7288644,6953.59928865,20.901715755462646,24000,24000,4244,723,1.9403195025020614,0.1354743160002907,1.807100033760071,2.1807999849319457,-0.012517957016825676,-0.04663718119263649,0.025536111988870593,0.06880015879869461,1879.9526053413178,1880.9745055740577,14.96025315572811,-0.12315626225904452,-0.5102875668069373,False
210,1787909293.829058,6953.69992581,21.001909255981445,24000,24000,4335,732,1.9470997280110427,0.12529163648075983,1.8040000200271606,2.169349992275238,-0.01261245459318161,-0.050335075706243515,0.026384153846806795,0.1736137419939041,1889.1573100605276,1889.9930741708195,14.972533192826816,0.06420178667644905,0.2668799298205613,False
211,1787909293.9278085,6953.79975277,21.10065984725952,24000,24000,4418,741,1.9407098528183746,0.1186161224867886,1.8029999732971191,2.138000011444092,-0.01348618883639574,-0.0511304996907711,0.028678411017833066,0.2278631627559662,1898.1319780176516,1899.026780051072,14.978304340936974,0.15138392048697824,0.4404288912544416,False
212,1787909294.0287428,6953.89959739,21.20159411430359,24000,24000,4643,760,1.9598842122052844,0.13625916022134754,1.8109499871730805,2.257099974155426,-0.008676683530211449,-0.05093352496623993,0.029864276374210602,0.24499930441379547,1907.0491713662052,1907.930418394146,15.010978242627166,-0.01543788297658466,0.3519816278815142,False
213,1787909294.1271398,6953.99943819,21.299991130828857,24000,24000,4372,663,1.9635716448362417,0.1297449453674213,1.815999984741211,2.1964000225067135,-0.005917553324252367,-0.049961648881435394,0.030530383508611838,0.26438888907432556,1916.6589078554248,1916.916812540497,14.995458318122026,0.7386342693873758,0.8999662435112441,False
214,1787909294.2276568,6954.09966977,21.400508165359497,24000,24000,4322,672,1.9612485097632522,0.11345363666390557,1.8309999704360962,2.179700064659118,-0.0026171505451202393,-0.05002890154719353,0.03210446760193457,0.18679586052894592,1925.1886597457765,1925.8715456592422,15.003152703000753,0.2219216491928364,0.4462171936188497,False
215,1787909294.3269188,6954.19951335,21.499770164489746,24000,24000,4349,679,1.960294553036191,0.11650397223999555,1.8357999682426454,2.189599967002869,-0.0035771667025983334,-0.05054416507482529,0.03332653621743791,0.19306866824626923,1934.2183181779567,1934.886496486582,15.004487107095521,0.31806790037080646,0.6525422004647226,False
216,1787909294.4270463,6954.29936223,21.599897623062134,24000,24000,4477,655,1.9618061072953785,0.12575704932573034,1.8350000381469727,2.1706000328063966,-0.004160277545452118,-0.046366531401872635,0.03441839377998561,0.2739585340023041,1942.2519778374335,1943.8974224138597,15.002750336654131,-0.6596753803194133,-1.0662761805290302,False
217,1787909294.5314753,6954.39960029,21.704326629638672,24000,24000,4150,667,1.953191903935022,0.12259965347052322,1.8353000164031983,2.1680000066757197,-0.00903012789785862,-0.047294314950704575,0.03409407524877203,0.21329230070114136,1952.0489500619499,1952.9150185326278,15.01191394995009,-0.2612424807798561,-0.0042579472863053525,False
218,1787909294.6282809,6954.49943551,21.801132202148438,24000,24000,4301,740,1.9592459448286006,0.133924509118425,1.8249500453472138,2.2490500688552855,-0.0028390625957399607,-0.04318205639719963,0.03342398959890921,0.22631914913654327,1960.6715179927835,1961.913002533002,15.0169737253093,-0.3511100114774308,-0.516912162348035,False
219,1787909294.7272592,6954.59966225,21.900110483169556,24000,24000,4328,745,1.9511369129155307,0.1278978904688972,1.8231999635696412,2.1657999038696287,-0.0015894549433141947,-0.03996306657791138,0.03142340104177621,0.2387647032737732,1969.438294487307,1970.9332699128947,15.005922675754183,-0.4923112617557308,-0.8212453984967851,False
220,1787909294.8275385,6954.69950245,22.00038981437683,24000,24000,4332,762,1.9472769043576998,0.11244873836971063,1.8179999589920044,2.131549966335296,-0.006238844711333513,-0.041133806109428406,0.031213910900309748,0.18813158571720123,1978.6969951786255,1979.9565088220209,14.98435895932179,-0.2586819441000898,-0.8768122889810002,False
221,1787909294.9274297,6954.79935113,22.10028100013733,24000,24000,4349,730,1.957556163938078,0.13921065858912027,1.815000057220459,2.239399969577789,-0.01377963274717331,-0.03523359075188637,0.028887979589397123,0.08722701668739319,1987.5339302567286,1988.922711687147,14.993806298111137,-0.4118854143368935,-0.6381099640698267,False
222,1787909295.028609,6954.89999817,22.201460361480713,24000,24000,4189,731,1.9587305048748178,0.14222249373919432,1.8125,2.2635000944137573,-0.01608390174806118,-0.03437530994415283,0.02755908783021457,0.252350777387619,1998.7422116004238,1997.9314980769902,14.990685275723392,1.690322457665843,2.372810481236911,False
223,1787909295.1279433,6954.99982961,22.30079460144043,24000,24000,4306,747,1.9509277112353118,0.1615022685972864,1.7866000056266784,2.2606999635696403,-0.01749143935739994,-0.03746750205755234,0.02923852118067504,0.27319660782814026,2006.1782573647185,2006.9477489954413,14.994519268163815,0.18635441560672916,-0.14779880352216423,False
224,1787909295.2279837,6955.09966367,22.400835037231445,24000,24000,4337,725,1.945991724112938,0.1403513248045454,1.8079999685287476,2.1891999721527093,-0.01757480762898922,-0.03596637025475502,0.029327070720977875,0.3978516161441803,2015.1327057398294,2015.9468279396308,15.001198779365803,0.13723184148557266,-1.0084256828245088,False
225,1787909295.3280897,6955.19949509,22.500941038131714,24000,24000,4449,730,1.9418493128802679,0.14414938128620242,1.8079999685287476,2.1828500151634214,-0.017747513949871063,-0.03805292025208473,0.03175324560315461,0.28607505559921265,2023.9118641363655,2024.9252134982064,15.02473281972498,-0.0930815262984197,-0.048024913377048506,False
226,1787909295.4276764,6955.29933169,22.6005277633667,24000,24000,4304,640,1.9554281229153276,0.15104217804048714,1.8179499626159668,2.26200008392334,-0.01965714618563652,-0.04264890402555466,0.032327365735655735,0.29150381684303284,2033.0072911912964,2033.956880599485,15.024931410383799,0.0396082198114982,0.24661983724377023,False
227,1787909295.5269413,6955.39996527,22.699792623519897,24000,24000,4336,556,1.9534838120285556,0.139354812775133,1.819000005722046,2.225499927997589,-0.02250782959163189,-0.04750022664666176,0.03396067473411333,0.24183791875839233,2042.3717243193596,2042.993940657255,15.024931410383799,0.47027167675969395,0.49576762841866184,False
228,1787909295.6287723,6955.49981247,22.801623582839966,24000,24000,4422,565,1.9664867263979617,0.14694802625764516,1.8250000476837158,2.260200071334838,-0.02601071260869503,-0.04866785183548927,0.03586676795879304,0.20308806002140045,2050.7763465639414,2051.982879812676,15.005855771854565,-0.28982292357341066,-0.6333804644650627,False
229,1787909295.7280047,6955.59965773,22.900856018066406,24000,24000,4781,673,1.961673106693761,0.1402577672527306,1.8262000322341918,2.2337999820709227,-0.028448838740587234,-0.04642752930521965,0.036524390208998385,0.20253264904022217,2059.8570908792367,2060.9708709868155,14.99097098142496,-0.13993005811335024,-0.3808127289494223,False
230,1787909295.8274364,6955.69950287,23.000287771224976,24000,24000,4599,685,1.9573927010932979,0.13045582307336567,1.832200002670288,2.210799932479858,-0.02057778276503086,-0.04420248046517372,0.03608260637853153,0.26130151748657227,2068.408182888764,2070.019450448561,15.000151562830043,-0.5376279762895138,-0.9167253723326212,False
231,1787909295.9272,6955.79935261,23.100051403045654,24000,24000,4597,781,1.9566235597246588,0.13886006203179482,1.8279999494552612,2.2219998836517334,-0.016005031764507294,-0.04691198468208313,0.034718370876162974,0.2294406294822693,2078.3411517076634,2079.001954993484,14.962818122631086,0.41668206180565903,0.2998220474246409,False
232,1787909296.028409,6955.89998073,23.201260328292847,24000,24000,4610,740,1.9501297309591963,0.11799001052025164,1.8379500567913056,2.2020999073982237,-0.016158660873770714,-0.043834131211042404,0.03223054476414063,0.21823637187480927,2086.8085702224157,2087.9192036083546,14.93507825241805,-0.2246336263019657,-0.37577420396064554,False
233,1787909296.127905,6955.99981317,23.300756216049194,24000,24000,4782,720,1.9580736094050937,0.12492055333580315,1.8309499740600585,2.218149936199188,-0.01347425952553749,-0.0504024438560009,0.030917238043706968,0.18721406161785126,2095.48779677595,2096.9432142168266,14.966616669759484,-0.4999690705026296,-1.1760207254328634,False
234,1787909296.2387822,6956.09964515,23.411633491516113,24000,24000,4110,554,1.9701065007960323,0.1322514617302474,1.8473000168800353,2.2386999487876893,-0.008741372264921665,-0.04625662788748741,0.02728610628245765,0.13371478021144867,2105.5105485033087,2105.9410369995494,14.999955791847817,-0.45609646767479717,-0.33661000392385176,False
235,1787909296.3275568,6956.19949313,23.500408172607422,24000,24000,4609,639,1.9606181579016744,0.1260951076530387,1.8270000219345093,2.175400090217591,-0.004983783233910799,-0.04695039987564087,0.029135828831673375,0.17602822184562683,2114.864242361076,2114.966773966513,14.999955791847817,0.9079366755913725,0.9933401030984896,False
236,1787909296.427366,6956.29933331,23.60021734237671,24000,24000,4605,626,1.9578945676739605,0.1292841242145457,1.8250000476837158,2.179499924182892,-0.0074071199633181095,-0.0492008812725544,0.030749201373848165,0.20075134932994843,2123.5903974891517,2123.9640629700384,14.992781761751926,0.6513346385650038,0.9330327674756518,False
237,1787909296.5289056,6956.39998499,23.701756954193115,24000,24000,4792,588,1.9695952390732407,0.14485602076179038,1.8263499915599823,2.2747500181198115,-0.0063017429783940315,-0.04846435412764549,0.03254826534785931,0.1999835968017578,2131.393951182551,2132.9224440929015,15.027929334626164,-0.6836074364496199,-0.6575705296304477,False
238,1787909296.628593,6956.49981983,23.80144429206848,24000,24000,4628,543,1.9803149177663673,0.1482068787057253,1.823099958896637,2.307500076293945,0.0002741484495345503,-0.049614518880844116,0.034874141856539975,0.10840679705142975,2141.6645272779783,2142.0009931547384,15.012423162598166,0.6151762811846311,0.8425238315639945,False
239,1787909296.728227,6956.59966253,23.90107822418213,24000,24000,4514,527,1.978001900144501,0.13646852999359074,1.8383000373840332,2.2436999797821047,-7.358979200944304e-05,-0.05030860751867294,0.03658193506747092,0.10518427193164825,2150.429251039071,2150.999418462872,15.006994931689889,0.41291414659281145,0.3667597455869327,False
240,1787909296.8278983,6956.69950807,24.000749588012695,24000,24000,4484,489,1.9702474424931657,0.13726840843110455,1.8339999914169312,2.2461999416351306,-0.008232885040342808,-0.04867500811815262,0.037134981911221415,0.15077826380729675,2157.9053807313912,2159.9505555751903,14.987756365791293,-1.0813108857491898,-1.562272070362269,False
241,1787909296.9279003,6956.79933729,24.100751638412476,24000,24000,4537,609,1.9563563220410902,0.1493823158320486,1.7790000438690186,2.22960000038147,-0.010359284467995167,-0.04554353654384613,0.03739805445508337,0.22841787338256836,2167.393604621632,2168.918352786958,15.016186986694299,-0.5932032857249396,-1.4016136888872097,False
242,1787909297.0292401,6956.89997791,24.202091455459595,24000,24000,4620,689,1.943258345905686,0.1268416659270065,1.788599967956543,2.156999969482422,-0.018383292481303215,-0.043258942663669586,0.037481949521912014,0.22831198573112488,2176.662813288799,2177.9341536319544,14.99892954527421,-0.4445089940845719,-0.40258935611291236,False
243,1787909297.1289134,6956.99980905,24.301764726638794,24000,24000,4402,722,1.9562368422664103,0.1439391403802554,1.8180499613285064,2.222950041294098,-0.018673812970519066,-0.045777592808008194,0.03668263967867555,0.3029019832611084,2186.7398874751298,2186.8748625632825,14.997528383105559,0.662038807508452,0.950328646550588,False
244,1787909297.2281024,6957.09964837,24.400953769683838,24000,24000,4276,709,1.9463173477202445,0.13830267147107891,1.811199951171875,2.1937999725341797,-0.012995936907827854,-0.04719863086938858,0.03415094170021737,0.23818373680114746,2195.1827046403405,2195.869701318168,14.997528383105559,0.17790978959737913,0.06535768030016698,False
245,1787909297.3289044,6957.19948871,24.501755714416504,24000,24000,4204,728,1.9476950550144845,0.12310738596188385,1.8200000524520874,2.1916499376296996,-0.014106248505413532,-0.04505390301346779,0.031685774629696205,0.24533499777317047,2203.8057393895488,2204.8475771512017,14.985411792528275,-0.2711616954879901,-0.3074611687543438,False
246,1787909297.427504,6957.29932133,24.60035538673401,24000,24000,4372,778,1.94676092427923,0.1389357889696523,1.8147000432014466,2.1852500438690177,-0.013719497248530388,-0.047992412000894547,0.030031807430040483,0.17802214622497559,2212.9137868125736,2213.9070532518203,15.003662278896604,-0.03701749231913709,0.14077655046594373,False
247,1787909297.5268471,6957.39996351,24.699698448181152,24000,24000,4186,738,1.9410325196700366,0.1304673101869442,1.8098499536514283,2.2076999425888055,-0.017933936789631844,-0.0471089668571949,0.027738371424080085,0.07463464885950089,2222.65004722271,2222.8925008226997,14.982627288466306,0.7584351836153473,0.9190362540221031,False
248,1787909297.6282752,6957.49980267,24.80112648010254,24000,24000,4176,728,1.9281359907689986,0.10252435234395138,1.8140000104904175,2.08065003156662,-0.02136886864900589,-0.04890292137861252,0.02711985590487774,0.1706402450799942,2230.447900424881,2231.8821363569696,14.982696757472574,-0.5721652682227614,-0.5811489495099522,False
249,1787909297.7284951,6957.59964311,24.901346445083618,24000,24000,4240,729,1.9390150936542716,0.12081238822796209,1.814800000190735,2.142800045013428,-0.01332455687224865,-0.04913879930973053,0.026465225974787083,0.20713333785533905,2239.819220221629,2240.8479251619096,15.020945441695181,-0.22057392529359277,-0.36475365168780627,False
250,1787909297.8279786,6957.69948519,25.000829935073853,24000,24000,4572,721,1.9569403604396338,0.14056312614258995,1.8109999895095825,2.2300000190734863,-0.008447219617664814,-0.04768194258213043,0.02650180943290241,0.22567175328731537,2249.554346437707,2249.8039372659264,15.042325469618723,0.5611060835385615,0.9676970976088342,False
251,1787909297.9281583,6957.79932299,25.101009607315063,24000,24000,4531,732,1.95220901503589,0.1323135324499243,1.800549978017807,2.1921499848365777,-0.0024305914994329214,-0.05112268775701523,0.027732798222993075,0.16607628762722015,2257.7508292537955,2258.795191710576,15.029074562380648,-0.2585132351014181,-0.5939007545916866,False
252,1787909298.0283568,6957.89994477,25.201208114624023,24000,24000,4363,719,1.9612406124160087,0.13741076333193059,1.7948999643325805,2.2309999465942383,-0.007694631814956665,-0.049682583659887314,0.02881935227882697,0.16156642138957977,2266.8279379329956,2267.7891488469672,15.026952485468989,-0.19920183387330326,-0.5466790339910403,False
253,1787909298.1275787,6957.99979125,25.300430059432983,24000,24000,4361,658,1.9550303963542346,0.13707342806598286,1.8095499575138092,2.223150038719177,-0.008046496659517288,-0.0497635193169117,0.031097645933216934,0.20219926536083221,2276.391875086258,2276.795057837128,15.018023285803752,0.4348279999685474,0.17686372275193207,False
254,1787909298.228109,6958.09963815,25.400960206985474,24000,24000,4494,709,1.9595937942416106,0.1305387512459701,1.8229999542236328,2.2113999843597414,-0.007113130763173103,-0.051849134266376495,0.0323874922990286,0.21121734380722046,2283.9711866314974,2285.876862791482,15.038274392941412,-1.0335051283564098,-1.410075539193258,False
255,1787909298.3271277,6958.19947363,25.49997901916504,24000,24000,4423,717,1.9577085103948744,0.1183000639640714,1.8279999494552612,2.1629999637603756,-0.0068581728264689445,-0.05199965462088585,0.03376016428233407,0.23416626453399658,2293.9516575802727,2294.8997915504588,15.033548271366326,0.035340299017207144,-0.04316628039305215,False
256,1787909298.4314046,6958.29931589,25.60425591468811,24000,24000,4230,698,1.9531948429807209,0.11542782679217499,1.8380000591278076,2.199299895763397,-0.0005110522033646703,-0.0491461455821991,0.03443159592397058,0.29401281476020813,2302.3517923987906,2303.9739882186905,15.024646465319675,-0.9493743164366606,-0.8556197571742814,False
257,1787909298.5278904,6958.39996685,25.7007417678833,24000,24000,4323,738,1.9567520321223149,0.12647982981431577,1.8359999656677246,2.204300010204315,-0.001479008118622005,-0.04532486945390701,0.03374963930076015,0.21254463493824005,2312.460373487796,2312.9654451560777,15.058917546769562,0.4755458311587972,0.48873146652113064,False
258,1787909298.6294057,6958.49981563,25.80225706100464,24000,24000,4444,760,1.9657907901625884,0.1333669156068261,1.8349500358104707,2.255000114440918,-0.00523403799161315,-0.04282858967781067,0.03335990025599042,0.20399019122123718,2320.2007984034276,2322.1061610233673,15.027174754199931,-0.920336355663494,-1.2488075153455611,False
259,1787909298.728269,6958.59965731,25.90112042427063,24000,24000,4426,718,1.9607493048922928,0.13648292332629733,1.8217000305652618,2.2145999789237973,-0.004954869858920574,-0.03797588124871254,0.03208805152324358,0.1295793503522873,2330.9278057151437,2331.097769450433,15.027935906382323,0.9090357307868544,1.4499360080749284,False
260,1787909298.8277662,6958.69949427,26.000617504119873,24000,24000,4266,744,1.9601868286889086,0.1426761557621885,1.8229999542236328,2.224599993228913,-0.013200306333601475,-0.039023056626319885,0.030103622897779816,0.1815265268087387,2340.7978423380164,2340.0633416729424,15.024535067675979,1.8244030683777055,2.461179339111368,False
261,1787909298.9275935,6958.79934593,26.100444793701172,24000,24000,4210,723,1.954221301553655,0.13923488098004166,1.809999942779541,2.190000057220459,-0.014280232600867748,-0.035778626799583435,0.02897326645624323,0.23344506323337555,2348.0924328569263,2349.1809652173733,15.030877351132467,0.13460565146988301,0.40185896210914507,False
262,1787909299.0283427,6958.89997849,26.201194047927856,24000,24000,4246,773,1.9481513611249444,0.13350154658319338,1.7995999813079835,2.156400060653686,-0.012465967796742916,-0.03905698284506798,0.028393560532786254,0.2673225402832031,2357.164402823264,2358.1400094229225,14.999821248700606,0.13921149309408065,0.15171212629957154,False
263,1787909299.1290855,6958.99982969,26.301936864852905,24000,24000,4345,736,1.9494456517631593,0.1429013559742436,1.8079999685287476,2.228999972343445,-0.010350663214921951,-0.036304689943790436,0.029022070019205464,0.2411932647228241,2366.0163200686256,2367.1979062801174,15.02883316229554,-0.07565603350349193,-0.6962412103061979,False
264,1787909299.2281933,6959.09968035,26.401044607162476,24000,24000,4160,683,1.9508711560404317,0.14831355105130195,1.8040000200271606,2.3046999931335446,-0.01438965555280447,-0.03615047410130501,0.028136757211591274,0.3224230706691742,2375.0819741708196,2376.3037951308825,14.992906490708888,0.07036889627806886,0.4576475980525174,False
265,1787909299.3281574,6959.19952057,26.50100874900818,24000,24000,4213,636,1.9463081770348098,0.1337313535775878,1.813749998807907,2.181999981403351,-0.022871989756822586,-0.03648214787244797,0.03132175558993321,0.2002120465040207,2384.6609540135755,2385.280965253519,14.989464538493635,0.6526441928135682,0.7973382896534531,False
266,1787909299.4276857,6959.29937035,26.600537061691284,24000,24000,4301,603,1.9466633523874615,0.14401304678614282,1.8192000031471252,2.2347000598907467,-0.023531552404165268,-0.04301179200410843,0.03290588198857422,0.2870446443557739,2392.545872038914,2394.2958376509987,14.96974515014458,-0.4199180008631629,-0.3024865046731975,False
267,1787909299.527718,6959.39961393,26.70056939125061,24000,24000,4526,626,1.9583817891800366,0.1439306340101969,1.8250000476837158,2.2337499856948853,-0.02453279122710228,-0.04636935889720917,0.03455458568846749,0.2496967613697052,2402.709892893866,2403.201580159966,14.943553830719102,0.7412614601767018,1.346730274384754,False
268,1787909299.6284304,6959.49945391,26.801281690597534,24000,24000,4601,617,1.9541961080251289,0.1370413288386043,1.8218000173568725,2.2241999626159665,-0.025046102702617645,-0.050215721130371094,0.03509792250968083,0.25202637910842896,2410.4722119336025,2412.1861279600753,14.942906227595108,-0.5604577108410922,-0.4929036549747252,False
269,1787909299.727294,6959.59929967,26.900145292282104,24000,24000,4537,659,1.9647192710809895,0.14714022897038323,1.827799952030182,2.250399994850159,-0.022737687453627586,-0.047961894422769547,0.03492432400723283,0.24085158109664917,2420.2043060139367,2421.0920677938534,14.907852748912864,0.273979686718576,1.188504843517876,False
270,1787909299.8402395,6959.69993627,27.01309084892273,24000,24000,4556,721,1.9618474340967926,0.14297795841075292,1.8209999799728394,2.260999917984009,-0.020425111055374146,-0.044868163764476776,0.03556080529940417,0.19350121915340424,2429.9415596204176,2429.9984964469863,14.948173308101905,-0.15378972547978265,0.1395294490789638,False
271,1787909299.9346697,6959.79977153,27.107521057128906,24000,24000,4331,725,1.9630344797002859,0.12971643686577872,1.8372000217437745,2.231800031661986,-0.020903518423438072,-0.0475664958357811,0.034926022205265646,0.24019676446914673,2437.6952906631045,2438.970024989658,14.979228801511846,-0.8987129780534815,-1.4289053799766407,False
272,1787909300.029387,6959.89960785,27.20223832130432,24000,24000,4708,675,1.9586651849746703,0.12314126977479299,1.8347000241279603,2.1901999473571774,-0.019738003611564636,-0.04355832561850548,0.032773983107263385,0.14748774468898773,2448.2588122491447,2447.897189125061,15.001250233290884,1.1403194713943776,1.632295853054984,False
273,1787909300.127558,6959.99946111,27.3004093170166,24000,24000,4588,677,1.95653028009209,0.12017160359065215,1.8398000240325927,2.2039999961853027,-0.01436866819858551,-0.046827659010887146,0.030031663303018718,0.15334632992744446,2456.0170058320764,2456.882041071601,15.007168328800319,0.06319043639268784,0.08216112108175366,False
274,1787909300.2276568,6960.09931191,27.400508165359497,24000,24000,4646,663,1.9567993978209806,0.12756393116042722,1.8329999446868896,2.239900016784668,-0.00951515231281519,-0.04814067855477333,0.027680440582446324,0.20222167670726776,2464.7445764350305,2465.9099690264884,15.005827969959938,-0.21806699969101828,-0.2891262191342321,False
275,1787909300.3281832,6960.19994729,27.50103449821472,24000,24000,4793,639,1.9620485130423484,0.12596358032299507,1.8238999962806701,2.2422000885009767,-0.0035852291621267796,-0.04802848771214485,0.028198227661530597,0.1918320208787918,2473.6468998495734,2474.881385571931,15.008801192832115,-0.3630449385614156,-0.9333831402000214,False
276,1787909300.4276762,6960.29979715,27.60052752494812,24000,24000,4693,638,1.9648416927989374,0.13238933481975146,1.82284996509552,2.1843000292778014,0.0002249286771984771,-0.050026703625917435,0.03140582465312524,0.1457333117723465,2482.4758471581276,2483.919296773395,15.007390374965832,-0.4884021376292367,-0.8463385357927109,False
277,1787909300.5273829,6960.39964001,27.700234174728394,24000,24000,4526,573,1.987200702048097,0.1568356167489285,1.8262000322341918,2.377399969100952,-0.0035908350255340338,-0.04902736842632294,0.03326363138395746,0.11264944821596146,2491.9055771391886,2492.8564812513655,14.989791570118326,-0.03220259262343461,-0.26949780907580134,False
278,1787909300.6271498,6960.49946491,27.80000114440918,24000,24000,4561,576,1.98533680745297,0.1498924303493264,1.8377500474452972,2.3325000405311584,-0.005191443488001823,-0.04951855167746544,0.03474441469253836,0.147530198097229,2500.5939937438934,2501.868317239448,15.00983847558083,-0.32274517385531,-0.4962276063315585,False
279,1787909300.727306,6960.59929731,27.90015721321106,24000,24000,4593,576,1.9821684039715264,0.1507077144339557,1.8300000429153442,2.3052499294281006,-0.00771294767037034,-0.05004061758518219,0.03515316629509542,0.12417396903038025,2508.8161214950273,2510.7959033692846,15.01222208525907,-1.1145952640176802,-2.071390320381852,False
280,1787909300.8295758,6960.69994637,28.002427101135254,24000,24000,4785,592,1.9612770265824087,0.1373157101923728,1.8226499915122987,2.223899984359741,-0.008552833460271358,-0.047636181116104126,0.03717450016858994,0.15720857679843903,2519.2151759888284,2519.756416574899,15.014667657023844,0.08023911004056572,0.5531210031722367,False
281,1787909300.9283283,6960.79977975,28.101179599761963,24000,24000,4560,618,1.9520307439816422,0.1507061302208761,1.7828999757766724,2.2393000602722166,-0.011060160584747791,-0.04423605650663376,0.03874683255025442,0.21257725358009338,2529.036415354159,2528.8202813520256,15.00609482486509,1.0138209919823566,1.5839685917312636,False
282,1787909301.0283136,6960.89961755,28.201164960861206,24000,24000,4449,630,1.9569857139436027,0.14554044124213378,1.7892499923706056,2.2119998931884766,-0.014445604756474495,-0.04394489899277687,0.0380359643989465,0.28417134284973145,2537.7420196776275,2537.774796179817,14.985345502229732,0.7208110508931895,0.695731190940478,False
283,1787909301.1273832,6960.99945807,28.30023455619812,24000,24000,4342,648,1.9487746937407389,0.13221116483863393,1.8097000062465667,2.149249982833862,-0.013368915766477585,-0.044330254197120667,0.03677473937068098,0.23065173625946045,2546.2248379287275,2546.848077580741,15.025750913531674,0.28743333108650404,0.33247447871690383,False
284,1787909301.2280338,6961.09930295,28.400885105133057,24000,24000,4342,724,1.9537320477857116,0.13589213727886956,1.8081499755382537,2.2379999399185184,-0.019056718796491623,-0.04492289200425148,0.03366821320967242,0.2192326784133911,2554.3369624109714,2555.916691337295,15.053803914556575,-0.6589229024866654,-0.6637318220773523,False
285,1787909301.328444,6961.19993857,28.50129532814026,24000,24000,4170,714,1.9464131625426584,0.12763891659635018,1.8086499989032745,2.1963999152183535,-0.01927500031888485,-0.04565015062689781,0.03189643997450051,0.21875521540641785,2563.979187720621,2564.979648193421,15.044075933862318,-0.05354913916653459,-0.26956988050824293,False
286,1787909301.4287925,6961.29979027,28.601643800735474,24000,24000,4163,706,1.9396458919933093,0.12843361464224481,1.815000057220459,2.191749930381775,-0.01936069130897522,-0.04875389486551285,0.02948981414730912,0.22134929895401,2572.6901706494227,2574.047196478773,15.023239365268594,-0.37386026175681764,-0.2944134522103923,False
287,1787909301.527759,6961.39962393,28.700610399246216,24000,24000,4257,728,1.9430013747660668,0.12271258265064454,1.8259999752044678,2.149950015544891,-0.015055623836815357,-0.048837363719940186,0.027541503736442905,0.1601855605840683,2581.8931013150036,2583.0444162524122,15.027733944331127,-0.07785592301661381,0.10404480054148735,False
288,1787909301.6274066,6961.49946299,28.800257921218872,24000,24000,4429,799,1.9417071358880054,0.1275689080632682,1.8177999615669251,2.1650999546051026,-0.009892535395920277,-0.05044379085302353,0.02695291064727333,0.13858644664287567,2591.056863466885,2592.0362671517646,15.021584213509321,0.1176972551434119,0.30527115063523524,False
289,1787909301.7273517,6961.59930781,28.900202989578247,24000,24000,4393,753,1.9469760974564876,0.1335682319306907,1.8225999832153321,2.1976000308990478,-0.010198693722486496,-0.04836881160736084,0.026435010787690186,0.14317725598812103,2600.040257752069,2601.0783785453773,15.00305082570503,0.10610359486054222,-0.18073545133756852,False
290,1787909301.83428,6961.69994605,29.007131338119507,24000,24000,4358,723,1.9523858903684392,0.14178015992004955,1.7979999780654907,2.2069000244140624,-0.010445679537951946,-0.04736388102173805,0.025839416097810007,0.1393045037984848,2609.303377832334,2609.9817767334707,14.994740207237626,-0.254254721016423,-0.7264639651339166,False
291,1787909301.9281526,6961.80058571,29.101003885269165,24000,24000,4403,746,1.9506487942253297,0.13338073696028063,1.808249980211258,2.196750044822693,-0.011108587495982647,-0.04930202662944794,0.02846770373911609,0.1351912021636963,2617.9203123303905,2618.980779487075,14.99598324740615,-0.08578540370581322,-0.6042235720142344,False
292,1787909302.0284321,6961.90043195,29.20128345489502,24000,24000,4605,777,1.9615250963962216,0.1470673444039838,1.8062000274658203,2.2489999771118145,-0.01038277056068182,-0.04818866029381752,0.03012090175463932,0.20858244597911835,2627.417971673733,2628.050599001692,15.039066678215562,0.3867811084646746,0.5753212464514945,False
293,1787909302.128204,6962.00028047,29.301055431365967,24000,24000,4448,729,1.962812070983918,0.13082405474243852,1.82020001411438,2.22020001411438,-0.006830991245806217,-0.05356694012880325,0.031041300309723473,0.22068028151988983,2636.8680458016543,2637.074030992436,15.055710621526458,0.8574454427516685,1.0874063544965793,False
294,1787909302.2281065,6962.10010087,29.400957822799683,24000,24000,4312,698,1.9623323813892026,0.13603643688669684,1.8329999446868896,2.201749992370605,-0.003389142220839858,-0.05235987901687622,0.0330200012755691,0.2552434504032135,2645.2575933618778,2646.1495864989433,15.043775701327485,0.25584595169311797,0.39738389876583824,False
295,1787909302.3284388,6962.19993553,29.50129008293152,24000,24000,4362,702,1.9631623941608982,0.12438804224951777,1.8359999656677246,2.1839000105857846,-0.002138717332854867,-0.04830727353692055,0.03384351261002835,0.2165529578924179,2654.078024761509,2655.113514753821,15.043775701327485,0.04644241057212639,-0.561867701641404,False
296,1787909302.428016,6962.29977911,29.60086727142334,24000,24000,4377,692,1.969708094190311,0.13467492302385492,1.8395500123500823,2.2543500304222106,-0.003310485975816846,-0.04715155437588692,0.033695149582197055,0.2013893723487854,2662.700139568128,2664.220343760731,15.058316548756972,-0.29332179125322,-0.2932307405053507,False
297,1787909302.5276556,6962.39960977,29.700506925582886,24000,24000,4542,716,1.9671689894612274,0.13305285483817111,1.8389999866485596,2.1924999952316284,-0.007274680770933628,-0.041211701929569244,0.034287029556475876,0.2009107768535614,2672.248932211685,2673.2244709207594,15.025746402458601,0.2879699763930148,0.5448512896423381,False
298,1787909302.629405,6962.49944733,29.8022563457489,24000,24000,4349,696,1.9544554623379105,0.12920412908966267,1.8289999961853027,2.1777501106262207,-0.005053424742072821,-0.04102182015776634,0.03288578670059107,0.2769855856895447,2681.7920893649543,2682.2179266018316,15.02501206464028,0.6737487529662758,0.8099718678440695,False
299,1787909302.7280178,6962.59928485,29.900869131088257,24000,24000,4268,730,1.951935617237875,0.13169779750752528,1.8179999589920044,2.1603000879287717,-0.0025282762944698334,-0.04188669100403786,0.03242489012089348,0.25539061427116394,2689.6891371415268,2691.2890315181444,14.998463155131567,-0.30428685333481553,-0.801500083000974,False
300,1787909302.8281724,6962.69992851,30.001023769378662,24000,24000,4246,762,1.9594619408680072,0.14197381886204993,1.8229999542236328,2.203649997711181,-0.0032430824358016253,-0.04136165976524353,0.030380500364852518,0.2222709059715271,2699.339969421619,2700.2618995022067,14.998463155131567,0.33269633051713754,0.2695403400998657,False
301,1787909302.9277737,6962.79976345,30.100625038146973,24000,24000,4339,762,1.957510499347226,0.14135743432372433,1.8109999895095825,2.203949999809265,-0.010140354745090008,-0.03675217181444168,0.02922741993247091,0.15531349182128906,2708.145632364908,2709.244715549817,14.984575195039454,0.17431305691115995,-0.0494255461976536,False
302,1787909303.034793,6962.89960901,30.20764422416687,24000,24000,3996,672,1.964483629912138,0.14718367652721284,1.8125499963760376,2.2673500418663024,-0.017265159636735916,-0.036905378103256226,0.02809647060473352,0.19366267323493958,2717.205913352849,2718.1990125979637,14.979934319778103,-0.39705966237534085,-0.18713805535435313,False
303,1787909303.1275249,6962.99945543,30.300376176834106,24000,24000,4234,714,1.9455448177014412,0.1480323840866754,1.7872999966144563,2.216700029373169,-0.0185007955878973,-0.03558916971087456,0.02858257116896818,0.2574911415576935,2727.152026463706,2727.222137827282,14.968027399142372,1.2032409927619483,1.9747537651992388,False
304,1787909303.2272234,6963.09929791,30.40007472038269,24000,24000,4241,697,1.9446255411616016,0.15007028939570485,1.7957999944686889,2.2292000770568845,-0.019625816494226456,-0.0341915637254715,0.02934830094309887,0.29891708493232727,2735.3525023612174,2736.2518768873365,14.980820387219353,0.43091600953812303,1.0245169026848089,False
305,1787909303.3289707,6963.19993583,30.501821994781494,24000,24000,4469,750,1.9375986668268839,0.1211895748475376,1.8064500153064729,2.1345500230789183,-0.018437495455145836,-0.0388391837477684,0.03144592767739571,0.31834888458251953,2745.0680154431557,2745.2045735875813,14.979372575987602,0.9892438323645365,1.7711091744654368,False
306,1787909303.4283128,6963.29978389,30.60116410255432,24000,24000,4366,625,1.9448048013687134,0.14281143389190348,1.8142000198364259,2.221799993515014,-0.02362966537475586,-0.04227786883711815,0.032649867264742394,0.28334757685661316,2752.492874016763,2754.1384317952406,14.963239618079664,-0.5266194981927583,-1.0432436876008069,False
307,1787909303.5282762,6963.39963835,30.701127529144287,24000,24000,4314,613,1.9504388247967543,0.14438500758903272,1.8182000160217284,2.245199966430664,-0.022170186042785645,-0.04930343106389046,0.03370464729804634,0.26215025782585144,2762.2638284836034,2763.097005931735,14.970053387445487,0.24769479495626,0.3981344964386153,False
308,1787909303.6270711,6963.49946673,30.799922466278076,24000,24000,4425,571,1.962330998764773,0.14744190801881946,1.8330000042915344,2.247499942779541,-0.022818299010396004,-0.04845461994409561,0.03504558548040773,0.24574437737464905,2771.4448620619696,2772.0331021152842,14.970053387445487,0.53725145325825,0.6414312720503403,False
309,1787909303.7272894,6963.59929945,30.9001407623291,24000,24000,4507,600,1.9762416646877925,0.14398127402060606,1.8399000346660614,2.244549965858459,-0.025222662836313248,-0.04458393156528473,0.03614122067922485,0.20530693233013153,2779.1862176498908,2781.039276210337,14.996798725051887,-0.7409712100738943,-1.3609086373207901,False
310,1787909303.8288133,6963.69992665,31.001664638519287,24000,24000,4713,670,1.95809253810057,0.1386716926760883,1.8139000058174133,2.226750040054321,-0.022704990580677986,-0.04306882619857788,0.03635991964190927,0.201261505484581,2789.1614801149913,2789.9328991355233,14.986101843761242,0.09721168223404675,-0.05156675616672146,False
311,1787909303.9283268,6963.79977039,31.10117816925049,24000,24000,4567,709,1.9553906931023,0.13219837778621224,1.82739999294281,2.1926000118255615,-0.017290392890572548,-0.046160098165273666,0.03498063779457944,0.2343757152557373,2798.2344803136702,2798.9868648223814,14.978924310342741,0.21406202748130454,0.25490155208353826,False
312,1787909304.0280385,6963.89962459,31.200889825820923,24000,24000,4612,755,1.9468794705851977,0.11157310466064434,1.8344000101089477,2.1600999832153316,-0.014283305034041405,-0.04640030115842819,0.0324941093744709,0.2577286660671234,2807.16306606523,2808.0301972578372,14.949416833774526,0.1686667352882978,-0.004490801618885598,False
313,1787909304.127453,6963.99945071,31.300304412841797,24000,24000,4612,721,1.9511317619834296,0.11423333116401163,1.8320000171661377,2.1600000858306885,-0.01328370999544859,-0.04804340749979019,0.030757018373996168,0.1732095330953598,2815.4784770834194,2816.927118163441,14.929024768841934,-0.46316723354811984,-0.7724118525911763,False
314,1787909304.22728,6964.09929163,31.400131225585938,24000,24000,4778,627,1.9753189767566783,0.143483598313879,1.8425999999046325,2.2560999631881713,-0.008409283123910427,-0.04746104031801224,0.02761142612741953,0.18850216269493103,2824.770189343687,2825.9481019400723,14.973031392561351,-0.15579999407918876,-0.35246031795941235,False
315,1787909304.32845,6964.19993331,31.501301288604736,24000,24000,4595,650,1.9675076934007498,0.13179448160771867,1.832449984550476,2.238099980354308,-0.005131875164806843,-0.04795503243803978,0.028710131755884417,0.13859923183918,2834.366375811724,2834.9220264435744,14.97831813095965,0.33514984513249146,0.3807195302824766,False
316,1787909304.4284537,6964.29978959,31.60130500793457,24000,24000,4632,641,1.9715959412073383,0.13450209198964508,1.8309999704360962,2.242000102996826,-0.006459602154791355,-0.04645835980772972,0.030865129945708378,0.14075987040996552,2843.6017000476572,2844.0266276824714,14.985264501706688,0.5702075882827558,0.09625704520703948,False
317,1787909304.5282562,6964.39962073,31.701107501983643,24000,24000,4574,577,1.9790554608587996,0.14901393237458402,1.8321999549865722,2.335200023651123,-0.008351357653737068,-0.04877697303891182,0.0322041618229585,0.20069679617881775,2851.7414057694023,2853.004990990882,14.967150897209832,-0.2722430448106934,-0.15350389374725637,False
318,1787909304.628081,6964.49946863,31.80093240737915,24000,24000,4669,587,1.9819625211939902,0.1461291480209306,1.8412999749183654,2.3122999429702733,-0.003651092993095517,-0.05054733157157898,0.03436659366131719,0.12939296662807465,2861.458349273759,2861.9854867496233,14.970220531220326,0.4605270988222401,0.25332597129226997,False
319,1787909304.7271812,6964.59931285,31.90003252029419,24000,24000,4701,520,1.978011538202946,0.14071637128345824,1.8219500243663789,2.282149899005889,-0.005334541201591492,-0.048054784536361694,0.037523933234428083,0.14121492207050323,2870.27543511871,2870.9913407921267,14.977081248284684,0.35867041166193303,0.9821227449638172,False
320,1787909304.8300583,6964.69994847,32.002909660339355,24000,24000,4549,558,1.975709676528917,0.13983767804874064,1.8261000156402587,2.275300073623657,-0.0033858194947242737,-0.04655761644244194,0.03785508225950843,0.12544389069080353,2879.9540895555947,2879.909560432591,14.969833934375517,0.7784524523322034,0.3983466659519763,False
321,1787909304.9282327,6964.79979031,32.10108399391174,24000,24000,4529,597,1.9631474046052202,0.14038318334664948,1.7986000299453735,2.229400062561035,-0.007344849873334169,-0.047073520720005035,0.037730096049633656,0.1704646348953247,2887.2471369437544,2888.8412752574322,14.969833934375517,-0.7641231825732575,-1.3176235184528196,False
322,1787909305.0280035,6964.89964007,32.200854778289795,24000,24000,4589,650,1.9520676922798157,0.13961650096089095,1.7878999829292297,2.2388500094413755,-0.01811964251101017,-0.04126591235399246,0.03664261173493251,0.23372481763362885,2895.650035659265,2897.856184501398,14.995468398976902,-1.3405269731497356,-1.8866489509555322,False
323,1787909305.1277442,6964.99947693,32.30059552192688,24000,24000,4545,714,1.9475826335554363,0.13480497215454612,1.797899979352951,2.1416999816894533,-0.018864909186959267,-0.042010340839624405,0.03606263290083191,0.24273547530174255,2906.4943102539473,2906.9229933671186,14.967642051199967,0.5271487616314516,0.24476873222056383,False
324,1787909305.2277508,6965.09931727,32.40060210227966,24000,24000,4269,731,1.9601983580478402,0.14742522673859318,1.8230000138282776,2.2795000076293945,-0.015416777692735195,-0.04676876217126846,0.03436429561146931,0.3175666928291321,2915.0824611105713,2915.899270428677,14.958875334661663,0.11477563536027446,0.19441819374333136,False
325,1787909305.3318753,6965.19995629,32.50472664833069,24000,24000,4060,747,1.959512716316315,0.14632814506447123,1.8200000524520874,2.250900030136108,-0.012300091795623302,-0.04954799637198448,0.03255789294453531,0.19905702769756317,2924.3048817813014,2924.82893090826,14.969544782155035,-0.03394177936752385,0.18574324991050162,False
326,1787909305.430958,6965.29981211,32.60380935668945,24000,24000,4265,715,1.938972030319534,0.11647328951137843,1.81670001745224,2.1016000270843507,-0.013441626913845539,-0.044793497771024704,0.029455342157103666,0.253720760345459,2932.4415489917355,2933.8184206135484,14.989186710060048,-0.8146507028577616,-1.2630039550926995,False
327,1787909305.52907,6965.39965477,32.701921224594116,24000,24000,4318,768,1.9426171880525847,0.12708477205648638,1.815000057220459,2.174999952316284,-0.01598590426146984,-0.04796847701072693,0.027607508493198145,0.1035601794719696,2941.481285873805,2942.817864611009,14.982091424931552,-0.6049149763871355,-0.4050711605523247,False
328,1787909305.6285675,6965.49949405,32.80141878128052,24000,24000,4240,770,1.9417415601866586,0.13743667629181014,1.809999942779541,2.211249995231628,-0.0169060081243515,-0.048493318259716034,0.026436029530451436,0.06419249624013901,2951.0691857727315,2951.82589912858,15.008129161852084,0.028272722238398273,-0.40817707278119997,False
329,1787909305.7278333,6965.59934215,32.90068459510803,24000,24000,4248,726,1.9467961436789227,0.13406378461926338,1.812999963760376,2.2212499380111694,-0.014382311142981052,-0.04854976758360863,0.02668665916587784,0.171287402510643,2960.135215179449,2960.8640879266813,15.01242394424854,0.16044662780313956,0.17205134176265346,False
330,1787909305.8286664,6965.69998149,33.00151777267456,24000,24000,4394,760,1.952189476239054,0.1305089782443999,1.8079999685287476,2.1830500841140745,-0.011097528971731663,-0.049005888402462006,0.02732123833724369,0.23943813145160675,2969.06868074266,2969.905972577003,15.011774988129298,0.01899502298783773,0.09259742932681547,False
331,1787909305.9299839,6965.79981183,33.102835178375244,24000,24000,4656,761,1.951360054304346,0.13269501775518028,1.819000005722046,2.191999912261963,-0.005683906842023134,-0.04946569725871086,0.02870417991603068,0.19433413445949554,2978.9333421140486,2978.9817808558846,15.033615895226012,0.7651590247342028,1.1462581550949835,False
332,1787909306.0337162,6965.89964365,33.20656752586365,24000,24000,4171,676,1.9546538455599158,0.13359715690105553,1.8049999475479126,2.2354999780654907,-0.007535956334322691,-0.049032751470804214,0.028926564041473427,0.26143863797187805,2987.1795183288027,2987.9889244066353,15.002120278193011,-0.3245052429865609,-0.4001502807491306,False
333,1787909306.127494,6965.99948571,33.3003454208374,24000,24000,4367,708,1.9589096031620004,0.12189852512945724,1.818400013446808,2.194550037384033,-0.0035764072090387344,-0.05195426568388939,0.0301289132319597,0.1701817810535431,2995.3375982921216,2996.920422407401,15.002120278193011,-0.6063718291775331,-0.8436314565501561,False
334,1787909306.228457,6966.09933733,33.40130829811096,24000,24000,4346,656,1.9587560981148626,0.12065586294227303,1.8295000195503235,2.188999891281128,-0.005244804080575705,-0.05153586342930794,0.03298383552853833,0.1827084869146347,3004.5413863447034,3005.999345616905,15.009586335887924,-0.4891738297419579,-0.7083307308075746,False
335,1787909306.3288734,6966.19997463,33.50172472000122,24000,24000,4543,683,1.9581039534829896,0.10680623487393286,1.8391999840736388,2.1695000648498532,-0.004899565130472183,-0.04579394310712814,0.034412824251585115,0.25016921758651733,3014.2364567830523,3014.9642382892134,15.027651835953584,0.16848716703225364,0.22599749952041748,False
336,1787909306.4285457,6966.29981585,33.6013970375061,24000,24000,4392,738,1.94902032387612,0.11189364453922351,1.8388499975204469,2.1617499947547913,-0.0025296604726463556,-0.04866005480289459,0.03492175204999742,0.3071368932723999,3023.0974141489223,3024.001758435969,15.0349992529743,0.059003978202326834,0.09893776541139232,False
337,1787909306.530986,6966.39965277,33.703837394714355,24000,24000,4271,755,1.959491391845097,0.12312048769101959,1.8339999914169312,2.1709000825881954,-0.0007248349720612168,-0.04735743999481201,0.034163690685993967,0.2502374053001404,3032.564565461027,3033.0040491349023,15.00061329703088,0.30659305133531234,0.3124894496104389,False
338,1787909306.6297371,6966.500400032,33.80258846282959,24000,24000,4397,745,1.9600791964754962,0.12976467867114008,1.8292000055313111,2.2014000415801998,-0.0019027725793421268,-0.04293388873338699,0.033069280362575226,0.23159082233905792,3040.7212626633936,3041.993357935539,14.988899954403399,-0.4242384846306777,-0.6605451918994731,False
339,1787909306.7289588,6966.60055187,33.90181016921997,24000,24000,4482,740,1.9547729728995142,0.1295534638344654,1.8169500291347505,2.182549929618835,-0.0038777587469667196,-0.03891986981034279,0.03203291264183082,0.16252116858959198,3049.993034853851,3050.969940625313,14.992149183262917,-0.08235215608465296,-0.44411884294368065,False
340,1787909306.8297722,6966.70038825,34.002623558044434,24000,24000,4281,717,1.9587057195447977,0.1425768101656856,1.819800043106079,2.2653999328613277,-0.00788350310176611,-0.03530391678214073,0.029682412757131522,0.14094243943691254,3058.920034590285,3059.940471078792,14.996907188814857,-0.228488614395701,0.6083025637503852,False
341,1787909306.92893,6966.80023911,34.101781368255615,24000,24000,4226,736,1.965399458680464,0.1457929026511467,1.819000005722046,2.287499964237213,-0.013567089103162289,-0.03677920252084732,0.02846092953436087,0.19410376250743866,3068.560538156415,3068.9112450404796,14.99960199502128,0.48787970234525346,0.8332890832771227,False
342,1787909307.029263,6966.90008471,34.20211434364319,24000,24000,4263,782,1.964606140428187,0.15540976876401275,1.8070000410079956,2.3487999796867367,-0.018399052321910858,-0.03721800819039345,0.02878379955049089,0.23852474987506866,3077.0188039563377,3077.946680719887,15.02567423898121,-0.08375381101268431,-0.09993703041527624,False
343,1787909307.1282277,6966.99993987,34.3010790348053,24000,24000,4321,737,1.9478276794930487,0.14311891339315513,1.8047999620437623,2.218399953842163,-0.01340680755674839,-0.03565385937690735,0.02766874169656024,0.33418646454811096,3085.9673885575794,3086.959358143037,15.010590782214548,-0.04192387653620244,-0.34872290927933136,False
344,1787909307.2284508,6967.09976797,34.401302099227905,24000,24000,4370,723,1.9395145233900881,0.1319023021298041,1.8029999732971191,2.13249990940094,-0.015140934847295284,-0.03755880519747734,0.030454493609742846,0.2860916554927826,3094.390701293261,3095.896667036681,15.02215149513225,-0.6386185422961717,-0.8944433375959306,False
345,1787909307.3271878,6967.19959925,34.50003910064697,24000,24000,4222,699,1.9561487840480558,0.137947438671147,1.8170000314712524,2.2552000999450685,-0.01736762933433056,-0.03983893245458603,0.03067563555007798,0.3057285249233246,3104.6925855751692,3104.852878539219,15.012563661717472,0.7770029943349073,0.9449910492412528,False
346,1787909307.4278243,6967.29943527,34.60067558288574,24000,24000,4253,590,1.9494559338537314,0.13771692300171076,1.8194500267505647,2.2040000677108758,-0.022706272080540657,-0.039566729217767715,0.03297964187227857,0.2601449191570282,3113.189932172745,3113.8586834440407,15.019429776738773,0.21713486914950408,0.36572012984242974,False
347,1787909307.5273936,6967.39966591,34.70024490356445,24000,24000,4315,560,1.9569107132298607,0.15370697305099149,1.8170000314712524,2.2836499929428093,-0.02795749343931675,-0.04576089605689049,0.034606773419330404,0.17914943397045135,3121.698924556488,3122.881921173293,15.02461108871159,-0.2350436577421533,-0.5752212680358753,False
348,1787909307.627697,6967.49951383,34.80054831504822,24000,24000,4670,644,1.9594239087208458,0.14087645633063403,1.830150032043457,2.2498500108718873,-0.026174243539571762,-0.04581988975405693,0.03652218168697751,0.22093160450458527,3130.4208554029024,3131.909690633185,15.026356536379106,-0.5403513934406874,-0.8309568699155534,False
349,1787909307.7281141,6967.59936477,34.900965452194214,24000,24000,4646,672,1.9706041665659064,0.16682777169026242,1.8270000219345093,2.328450036048889,-0.021239962428808212,-0.05123542621731758,0.03557484375743479,0.26684901118278503,3139.880154407741,3141.001434562572,14.989990053183215,-0.1185262027047429,-0.4240699932406642,False
350,1787909307.8276844,6967.69960815,35.00053572654724,24000,24000,4547,736,1.954258155239665,0.12956096911884615,1.8257499933242798,2.189750015735626,-0.020319843664765358,-0.045494962483644485,0.035528202075200445,0.26595789194107056,3149.031819262815,3150.0063969205476,14.978177241933091,0.07188191169780112,-0.05401086890969964,False
351,1787909307.9274533,6967.79944469,35.10030460357666,24000,24000,4551,738,1.9483130084789866,0.12041808265852591,1.8209999799728394,2.1689500331878655,-0.020142080262303352,-0.04273609817028046,0.03416267000502931,0.2054731696844101,3157.9966160092044,3158.9922731275346,14.969482160810442,0.05754781207542692,0.30892029810092936,False
352,1787909308.0279455,6967.89967583,35.20079684257507,24000,24000,4733,684,1.958662282828002,0.13097861945652575,1.8289999961853027,2.218850076198578,-0.01706531085073948,-0.043136514723300934,0.03330175604957208,0.12463034689426422,3167.2537690714116,3167.9339798723286,14.963055687394002,0.2704679447151648,0.4381848829398223,False
353,1787909308.1282501,6967.99951279,35.30110144615173,24000,24000,4647,669,1.9546337819063788,0.11945345381534263,1.840999960899353,2.173000001907349,-0.018025685101747513,-0.04748067632317543,0.030556660863960416,0.18264901638031006,3176.191051040714,3176.898902689876,14.998176393671363,0.18040404435714663,0.5138247847962703,False
354,1787909308.2278268,6968.09935169,35.4006781578064,24000,24000,4620,625,1.954163200569153,0.12183746334016068,1.8320000171661377,2.2184000015258785,-0.01031104288995266,-0.046699125319719315,0.027527706151071255,0.19295531511306763,3185.4252221485353,3185.92479194076,14.998176393671363,0.4527390587527407,0.4294668532729702,False
355,1787909308.3287253,6968.19999167,35.5015766620636,24000,24000,4611,637,1.9628791184028613,0.1275702790728317,1.8323999643325806,2.238599920272827,-0.007117165252566338,-0.048525746911764145,0.028597985229738707,0.21231985092163086,3194.2240139824803,3194.8945027501395,14.985361330714847,0.17073436709233647,0.21733228575067187,False
356,1787909308.4282136,6968.29983237,35.601064920425415,24000,24000,4740,623,1.959065811209273,0.12474870346454942,1.818399965763092,2.1589999198913574,-0.004479764029383659,-0.04778796434402466,0.03122475770977373,0.13815580308437347,3203.228393028172,3203.934959301917,14.990818509514886,0.22123805535011343,0.5720305423433274,False
357,1787909308.5289037,6968.39966341,35.70175504684448,24000,24000,4743,560,1.9779124987976893,0.1475594829360065,1.8228999555110932,2.3262499809265136,-0.005730615463107824,-0.04894282668828964,0.032780805286159106,0.19264665246009827,3211.8917594014456,3212.9097686818977,14.98127104763246,-0.17743823375531065,-0.8332659762436379,False
358,1787909308.6283886,6968.49950583,35.80123996734619,24000,24000,4537,562,1.9820533806318914,0.13719607653922314,1.8459999561309814,2.2685000538825983,-0.0024671864230185747,-0.04926189407706261,0.036166084534967204,0.10560787469148636,3221.4842749861273,3221.889318752873,14.981462359118325,0.46150239862390663,0.5621899347224826,False
359,1787909308.7277496,6968.59935155,35.90060091018677,24000,24000,4522,523,1.983499042618571,0.15346229336558695,1.8393999934196472,2.287699890136718,-0.006671111565083265,-0.04589202627539635,0.03651027270117161,0.1105339527130127,3228.553675111579,3230.8667008568227,14.98595799121231,-1.411514523331789,-1.7144085540066953,False
360,1787909308.8276792,6968.69998091,36.0005304813385,24000,24000,4690,552,1.958547099992849,0.13477886495500987,1.8251999914646149,2.1943500876426696,-0.008118396624922752,-0.046788290143013,0.036746527351453714,0.18632254004478455,3238.484709861464,3239.853015080823,14.968934141304139,-0.4740729808022479,-0.9866634713384883,False
361,1787909308.9310448,6968.79980477,36.103896141052246,24000,24000,4738,640,1.953831254504621,0.13438347089030092,1.7940000295639038,2.1811499953269955,-0.012144843116402626,-0.0435648113489151,0.037335130826718584,0.2194811850786209,3247.416566191929,3248.8790571496174,14.939616635902356,-0.8450554833370916,-0.46045156175114244,False
362,1787909309.0292032,6968.89963727,36.202054500579834,24000,24000,4551,684,1.9537090643456108,0.1429486570217288,1.7941500186920165,2.2446999073028566,-0.016820935532450676,-0.048771653324365616,0.03800316133542058,0.2495071142911911,3257.8915305749056,3257.8323645430637,14.940996344348973,0.795723529704901,1.7326164931664607,False
363,1787909309.1278732,6968.99946917,36.300724506378174,24000,24000,4353,646,1.9517693508520215,0.1530251041987995,1.8062499463558197,2.2464999556541443,-0.01567622274160385,-0.042064957320690155,0.036330390259925384,0.3197080194950104,3266.532484639713,3266.8110231602464,14.948041470964178,0.5564444093802194,0.6373210624187777,False
364,1787909309.2284772,6969.09931573,36.401328563690186,24000,24000,4277,683,1.9540483174875576,0.13524367674485327,1.8161999821662902,2.1820000171661373,-0.012165441177785397,-0.04342705383896828,0.034370614122044105,0.2170349657535553,3274.706368032643,3275.7328119078657,14.961244452103811,-0.3239686991714734,0.10068344462615642,False
365,1787909309.3279626,6969.19994561,36.50081396102905,24000,24000,4349,755,1.9443549678815122,0.1279050980948303,1.8140000104904175,2.161299991607666,-0.018240580335259438,-0.04831773787736893,0.03233772823101297,0.2247357964515686,3283.604464769881,3284.8189485890007,14.9949232873413,-0.37948982925445307,-0.4283983089321737,False
366,1787909309.429002,6969.29977093,36.601853370666504,24000,24000,4163,717,1.940220363136781,0.12352308766346999,1.809000015258789,2.155400085449218,-0.01796877570450306,-0.04488228261470795,0.029195169174295123,0.16980890929698944,3292.8349300924597,3293.851304274894,15.003927767409971,-0.24250242034349867,-0.5239880207354872,False
367,1787909309.529454,6969.39962233,36.70230531692505,24000,24000,4177,738,1.929970188354089,0.11803504024880823,1.815000057220459,2.1002999186515807,-0.019679522141814232,-0.04969673231244087,0.0272825837174944,0.18563731014728546,3302.5837976778544,3302.8789334266976,15.013593006886788,0.4657585545742222,0.701370950920591,False
368,1787909309.6298814,6969.49946181,36.802732706069946,24000,24000,4272,763,1.9403525545587703,0.12670406769028425,1.8210999846458436,2.1707000017166136,-0.014195413328707218,-0.04880329594016075,0.02675982018513806,0.14665678143501282,3311.2204523911355,3311.872553028294,15.047093103152775,0.06401678084830564,0.3327969007259526,False
369,1787909309.7323086,6969.59930481,36.90515995025635,24000,24000,4311,753,1.9507065078968389,0.13079518828247103,1.8185999870300293,2.212200021743774,-0.008739243261516094,-0.05105022341012955,0.026097541657016245,0.16924557089805603,3319.7692841068633,3320.924544347389,15.039960196131139,-0.6055335793785162,-0.6321630919319432,False
370,1787909309.833314,6969.69993007,37.00616526603699,24000,24000,4218,698,1.9517550130286667,0.1288618591934559,1.813400000333786,2.1700000762939453,-0.0069817048497498035,-0.0471348911523819,0.026339637017619193,0.1435311734676361,3328.841532356797,3329.9550391738608,15.009302864721358,-0.6236948192668024,-0.9393054204551845,False
371,1787909309.9299943,6969.79975595,37.102845668792725,24000,24000,4428,721,1.94718030223238,0.12008964389993586,1.7999999523162842,2.1519999504089355,-0.009820150211453438,-0.049938369542360306,0.027613806960280214,0.14447858929634094,3337.1949942612823,3338.932538525592,15.009389964059807,-0.971403183871189,-1.5975559729854467,False
372,1787909310.0303948,6969.89960921,37.203246116638184,24000,24000,4350,669,1.952662181782972,0.13556741085624774,1.7990000247955322,2.2197999477386476,-0.011560820043087006,-0.04619380086660385,0.029382018979958596,0.19280067086219788,3347.003741609588,3347.940981445588,14.992877390305651,-0.19862762400953216,-0.5680701368469272,False
373,1787909310.1323428,6969.99944669,37.30519413948059,24000,24000,4459,713,1.962230013931617,0.13912807479955777,1.8192000150680543,2.230000066757202,-0.010478992946445942,-0.05232067406177521,0.031017802861040673,0.24261967837810516,3356.0042810736804,3356.940483602677,15.029410086653249,-0.3733406419532912,-0.6792938935268467,False
374,1787909310.2298129,6970.09928611,37.40266418457031,24000,24000,4425,753,1.9593081012031788,0.1267178249060181,1.8156000137329102,2.240999937057495,-0.00748960068449378,-0.05541893467307091,0.031765547610037165,0.21534593403339386,3366.132203567048,3365.9631921455402,15.03972504301864,0.9823443111517918,1.1452527969499897,False
375,1787909310.3288324,6970.19991753,37.501683712005615,24000,24000,4314,710,1.9548985927877292,0.10606955984197396,1.8363500475883483,2.1451999902725216,-0.0007952607702463865,-0.05260983482003212,0.03411999456838082,0.2804158329963684,3373.3810096038505,3375.0036758705314,15.023108928816361,-0.6805395459755346,-0.9806552741838459,False
376,1787909310.428541,6970.29974775,37.60139226913452,24000,24000,4376,717,1.962963738867096,0.11933231568963187,1.8380000591278076,2.193799924850463,-0.001681994879618287,-0.04368233308196068,0.03407135583267195,0.20089419186115265,3382.9587421851606,3384.021409863809,15.023108928816361,-0.07650906079607012,0.014375442118762294,False
377,1787909310.5288343,6970.39959375,37.701685667037964,24000,24000,4388,691,1.9540607808467794,0.12449632966076242,1.831000030040741,2.1750000715255737,-0.0036584928166121244,-0.04368094354867935,0.033506920149844396,0.19017638266086578,3392.23748210773,3392.95015393363,15.018739912834334,0.17589349505533391,0.25607108609756324,False
378,1787909310.6298714,6970.49945651,37.802722692489624,24000,24000,4513,737,1.9651370412459044,0.13628990641341104,1.8329999446868896,2.251199913024901,-0.006039598025381565,-0.04326266422867775,0.03368816446007542,0.19925425946712494,3401.6629696886926,3401.9647175841883,15.044814974627224,0.5081177374440813,0.2048526414459957,False
379,1787909310.728907,6970.59929239,37.901758432388306,24000,24000,4364,719,1.9564047309055779,0.12902562531471,1.8319000124931335,2.2165000677108764,-0.007708418648689985,-0.03930847346782684,0.031298811901669776,0.21639922261238098,3410.9449978939883,3410.958005515471,15.070708648077591,0.8769969381696683,0.6579983234987594,False
380,1787909310.8281882,6970.69992137,38.00103950500488,24000,24000,4250,726,1.9572851255577128,0.13288218253627432,1.8232499659061432,2.2382500767707825,-0.008080209605395794,-0.03651346638798714,0.030738618877780125,0.21427451074123383,3418.0934404670106,3420.0249512445444,15.046269023716844,-0.9097892705626691,-0.3239278599830868,False
381,1787909310.9292324,6970.79976977,38.102083683013916,24000,24000,4209,784,1.952973215555658,0.13213906811324141,1.815000057220459,2.1809499263763423,-0.00995835941284895,-0.03996685892343521,0.02907959320592712,0.21598342061042786,3428.070201007452,3429.031938647563,15.034507758904539,-0.02693579397737267,0.701348976823283,False
382,1787909311.027875,6970.89960857,38.20072627067566,24000,24000,4339,775,1.9623303219579882,0.15774993061284026,1.809999942779541,2.323100090026855,-0.010224340483546257,-0.03741525486111641,0.028837650504503324,0.19007182121276855,3436.069890306438,3437.9843494268516,15.010036436265159,-0.9050120665415307,-1.6846455222434997,False
383,1787909311.1281943,6970.99943929,38.301045656204224,24000,24000,4248,722,1.9552105245827969,0.13550431893795784,1.8120500326156617,2.2176999330520624,-0.014029511250555515,-0.03600066155195236,0.02755241346304264,0.2994283437728882,3446.637901485505,3446.9896917699007,14.994403866880058,0.6343228772821021,1.2948764381030742,False
384,1787909311.22858,6971.09928801,38.40143132209778,24000,24000,4203,645,1.9350124009819918,0.12525221473534595,1.7916000127792358,2.1633999347686763,-0.021328898146748543,-0.03109963797032833,0.02907861215402216,0.18364357948303223,3455.5540047656177,3455.9559516271556,14.982964599490058,0.5157847345340087,0.9764422902462684,False
385,1787909311.3282049,6971.19992309,38.50105619430542,24000,24000,4290,674,1.9475445126567468,0.14168713434108712,1.8146500408649444,2.2123499512672424,-0.02206100896000862,-0.03766939416527748,0.03142915915471197,0.30770596861839294,3463.5401569724727,3465.026515317728,14.995561969832869,-0.46423356893774326,-0.412310816180252,False
386,1787909311.428909,6971.29975435,38.601760387420654,24000,24000,4527,709,1.9445345573263881,0.1361582989522225,1.814800000190735,2.1762000083923345,-0.021727900952100754,-0.043597929179668427,0.03329505551844125,0.28053906559944153,3472.3000778521277,3473.92260305885,14.971292468809716,-0.7676213447175542,-1.1837647837915029,False
387,1787909311.5277648,6971.39959679,38.700616121292114,24000,24000,4459,617,1.9560470030412103,0.1538144244285631,1.815000057220459,2.2994000434875486,-0.02367308922111988,-0.04831188544631004,0.034894175454510366,0.3350825309753418,3482.5892279425852,3482.921722108749,14.978239651240315,0.6245801607760768,0.8049664173536257,False
388,1787909311.6277604,6971.49942689,38.80061173439026,24000,24000,4427,624,1.9609246836640897,0.147332515917319,1.8241500079631805,2.297700083255768,-0.022351674735546112,-0.049789514392614365,0.034769477114185494,0.24940399825572968,3491.4769358756157,3491.903368315022,14.982406630933776,0.5127511563441658,0.6922782600477149,False
389,1787909311.7273953,6971.59965735,38.90024662017822,24000,24000,4539,658,1.9668647431312722,0.15174096287496178,1.8140000104904175,2.2757500767707826,-0.022406628355383873,-0.045403383672237396,0.03573298873686846,0.16585354506969452,3500.882438062946,3500.9351732601503,14.992773889616252,0.951181617952443,1.122778075817223,False
390,1787909311.8279023,6971.69950127,39.00075364112854,24000,24000,4599,677,1.9696528823548265,0.14088271822864348,1.8359999656677246,2.2794000148773192,-0.019618621096014977,-0.04402467608451843,0.036177534212980644,0.21352040767669678,3508.435108915895,3509.9659593744386,15.01353156714802,-0.5417108242500035,-0.6368318643403654,False
391,1787909311.9282565,6971.79935827,39.10110783576965,24000,24000,4722,738,1.9536165305915563,0.12270563607952897,1.8317000210285186,2.2051499485969543,-0.023440606892108917,-0.045016299933195114,0.034885424788104705,0.21504399180412292,3518.076634785834,3518.8617286327626,15.007249233263975,0.06800601407121576,-0.2630124453839926,False
392,1787909312.0276396,6971.89961119,39.200490951538086,24000,24000,4616,701,1.9570813110993694,0.13505503566145674,1.8259999752044678,2.2249999046325684,-0.015982914716005325,-0.04681846499443054,0.0330646890687065,0.201341912150383,3526.8862752729506,3527.953253603477,15.030663209168791,-0.06676609459555038,-0.0386082690092735,False
393,1787909312.1280057,6971.99945743,39.300857067108154,24000,24000,4610,711,1.9497158944858277,0.11814141986479199,1.8350000381469727,2.168500065803528,-0.011800711043179035,-0.045955024659633636,0.03016983798655536,0.21963302791118622,3535.5672852218568,3536.9086405524317,14.98612092953926,-0.4186380527780784,-0.5878755623148209,False
394,1787909312.230405,6972.09929475,39.4032564163208,24000,24000,4621,640,1.9611671909689903,0.13059438709759952,1.8250000476837158,2.209399950504302,-0.006679537706077099,-0.049028877168893814,0.027746484896746377,0.2148004025220871,3544.9161003264694,3545.931623374393,15.00084396933562,-0.28569449551832804,-0.4179155832957804,False
395,1787909312.327471,6972.19993465,39.500322341918945,24000,24000,4769,631,1.9687369257069993,0.1391631023665951,1.8274999856948853,2.2325000762939453,-0.004960211925208569,-0.05036349222064018,0.02918327380567632,0.1705019474029541,3553.739201998975,3554.9498208702385,15.00084396933562,-0.19845988482165922,-0.4670073118672917,False
396,1787909312.4295201,6972.29976757,39.60237145423889,24000,24000,4569,602,1.9632392028637502,0.12498154473058708,1.8210499823093413,2.2089001059532163,-0.0037992626894265413,-0.04721181467175484,0.03120269209688352,0.11010978370904922,3563.5677935344347,3563.9242115483767,14.972039996606982,0.445781184610496,0.2797521427673928,False
397,1787909312.5276244,6972.39960533,39.70047569274902,24000,24000,4536,598,1.9790434747635322,0.142406198061136,1.830699974298477,2.291599917411804,-0.005653762724250555,-0.04822157695889473,0.0321203825757591,0.15150122344493866,3571.555144889495,3572.90343472848,14.972039996606982,-0.3961819756273144,-0.6915696730666241,False
398,1787909312.6274972,6972.49945069,39.80034852027893,24000,24000,4557,571,1.9696725036968492,0.14392484225957958,1.8329999446868896,2.240000009536743,-0.007530531380325556,-0.04875580593943596,0.03360501604642481,0.18789511919021606,3580.972145453126,3581.9028614483004,14.961747988861914,0.032332267888705246,0.03090966890749769,False
399,1787909312.7280512,6972.59929763,39.90090250968933,24000,24000,4820,575,1.978558261912802,0.1425888331672676,1.8388000130653381,2.2899000406265255,-0.008451797068119049,-0.05060064047574997,0.0372482065397993,0.1469014286994934,3589.858873855928,3590.90876504293,15.001119335719276,-0.13072975381464857,-0.03658506861256683,False
400,1787909312.828907,6972.69994483,40.001758337020874,24000,24000,4528,515,1.961172814971035,0.1550457719972809,1.8067000269889832,2.247499990463256,-0.004719545133411884,-0.0455080084502697,0.03822195345767664,0.17587299644947052,3599.6682983677606,3599.997053210556,14.980804300842586,0.6017391265977494,1.1503592215881326,False
401,1787909312.929115,6972.79978393,40.101966381073,24000,24000,4473,586,1.957858361074949,0.1347495013874488,1.8147500157356262,2.1947500705718994,-0.0062323808670043945,-0.043716832995414734,0.03875329093120903,0.16825202107429504,3609.1174881129277,3608.9276736770794,14.997427230881648,1.0322732934164378,1.283925666959476,False
402,1787909313.0278952,6972.89961701,40.20074653625488,24000,24000,4437,627,1.9549776720658443,0.14082392063987467,1.7993000030517579,2.2079000473022456,-0.011822436936199665,-0.046370405703783035,0.03686741315450391,0.22880840301513672,3616.235060252065,3617.922093876296,15.009205852319509,-0.740301121927132,-1.0728948734758887,False
403,1787909313.1294203,6972.99945877,40.302271604537964,24000,24000,4479,670,1.9523194046162848,0.14051942975184045,1.8064500153064729,2.255000114440918,-0.019318051636219025,-0.04537491872906685,0.03620421929546207,0.27014318108558655,3625.591507297794,3626.869377011618,15.029808086696036,-0.5210409365377018,-0.9288590557175667,False
404,1787909313.2279348,6973.09930127,40.40078616142273,24000,24000,4393,749,1.9441441932571268,0.14048021028391128,1.8009999990463257,2.193199968338013,-0.01946415565907955,-0.04388166591525078,0.034385328930035756,0.28913643956184387,3635.022884174509,3635.8666904361194,15.032951958379769,0.044093051181334886,-0.44035870909601726,False
405,1787909313.3298752,6973.19994511,40.502726554870605,24000,24000,4263,747,1.9452182096011508,0.12908201075281547,1.8182999730110168,2.175700068473816,-0.01647619530558586,-0.048415351659059525,0.03256985428781441,0.23391984403133392,3644.3465033141883,3644.905755590257,15.027054939604403,0.1931463491255272,0.6810193359665391,False
406,1787909313.4286935,6973.29978507,40.60154485702515,24000,24000,4224,729,1.9479108368581868,0.12950263968881937,1.821399998664856,2.182200050354004,-0.013923144899308681,-0.0478304959833622,0.029865988951110117,0.25269487500190735,3653.0265324840047,3653.9263383517596,15.007096197198267,-0.020404237044658657,-0.029830011798821943,False
407,1787909313.530783,6973.39963591,40.70363426208496,24000,24000,4393,810,1.9409259264851795,0.12187931941457453,1.819000005722046,2.1589999198913574,-0.010206285864114761,-0.051069941371679306,0.02825336657621858,0.13139411807060242,3661.237893608501,3662.9763331191634,15.012080369980794,-0.9970198976661777,-1.3660978360421723,False
408,1787909313.6285264,6973.49947593,40.80137777328491,24000,24000,4356,739,1.9384939099519598,0.11160128340621725,1.820899987220764,2.1500000953674316,-0.018365001305937767,-0.04676472023129463,0.026054619797942474,0.12647488713264465,3671.0144811106106,3671.934714653361,15.013601562210438,-0.017281699113937066,-0.30028343212416075,False
409,1787909313.7314937,6973.59931547,40.90434503555298,24000,24000,4255,714,1.9453613460898733,0.1355508897716768,1.8029999732971191,2.2077500462532043,-0.013092118315398693,-0.04690980911254883,0.025306725888677058,0.09768295288085938,3680.076692870255,3680.939456334916,15.02708057619054,-0.22205327424217103,-0.3780882844989719,False
410,1787909313.8277442,6973.69993955,41.000595569610596,24000,24000,4326,733,1.943197818602579,0.13013056168093162,1.8109999895095825,2.1793999671936035,-0.013750609941780567,-0.05086877569556236,0.027192743076017944,0.20254842936992645,3688.609393303708,3689.960453240592,15.02708057619054,-0.35183522040915705,-0.21753891481012033,False
411,1787909313.9288826,6973.79979427,41.101733922958374,24000,24000,4470,751,1.9501691107426122,0.12945377578919567,1.7960000038146973,2.1985000371932983,-0.012995736673474312,-0.04861489310860634,0.028798080202962383,0.2526955008506775,3698.4823287134773,3698.988626616493,15.046131705837844,0.4187174092862733,0.8128894521596521,False
412,1787909314.0276186,6973.89964319,41.200469970703125,24000,24000,4658,757,1.9534927337298778,0.1276308779409838,1.8040000200271606,2.2085999488830566,-0.008102837949991226,-0.051129940897226334,0.029463266650920035,0.22883935272693634,3707.3510042654766,3708.0239764626754,15.085434991303432,0.40121604604610184,0.5755628969582176,False
413,1787909314.1276004,6973.99947791,41.30045175552368,24000,24000,4347,668,1.9631242500450796,0.1265956767074439,1.814350026845932,2.184849941730499,-0.003412028308957815,-0.04981648549437523,0.03160566277188659,0.2497992366552353,3717.158760224541,3717.0665027791374,15.073288672667301,1.2106796031939666,1.6066164185531306,False
414,1787909314.2278085,6974.09932425,41.400659799575806,24000,24000,4353,671,1.9629388980112203,0.13300562004175873,1.8255000114440918,2.208999991416931,-0.0041382829658687115,-0.04969389736652374,0.032245854372600906,0.1875450313091278,3725.3253747551403,3726.1162055658806,15.06327668509701,0.3586385554449407,0.4462674572605465,False
415,1787909314.3308046,6974.19996229,41.50365591049194,24000,24000,4377,681,1.9552378864540403,0.10752166347215697,1.8359999656677246,2.1610000133514404,-0.002778836991637945,-0.049520138651132584,0.03371017935493575,0.1994294971227646,3733.966012745604,3735.1730848229045,15.095305508991368,-0.27030314750254547,-0.13024422851003692,False
416,1787909314.428669,6974.29979325,41.6015202999115,24000,24000,4555,705,1.9595900718201982,0.1201025369878282,1.8359999656677246,2.1675999641418455,-0.008489510044455528,-0.045614082366228104,0.034881990270274596,0.24970613420009613,3742.8262573065454,3744.2371405502086,15.095305508991368,-0.2177868473909257,-0.7140096867165084,False
417,1787909314.5288205,6974.39963703,41.701671838760376,24000,24000,4363,724,1.9545414365457567,0.13139519398417462,1.830150032043457,2.1878499746322633,-0.0019737109541893005,-0.04510907828807831,0.03401967805743463,0.2746008038520813,3752.253092735882,3753.308372747794,15.111035195465014,0.1954784333279349,-0.110463430919026,False
418,1787909314.6288304,6974.49947361,41.80168175697327,24000,24000,4313,756,1.957850532083915,0.12972845034820832,1.8339999914169312,2.2019999027252197,-0.0037721272092312574,-0.04334324970841408,0.03342531738124351,0.22889946401119232,3761.662388726176,3762.3867814156592,15.053563382370177,0.6039500355946075,0.44352030465870484,False
419,1787909314.728966,6974.59931317,41.901817321777344,24000,24000,4321,748,1.959201872030044,0.12874860790408763,1.8263499915599823,2.1735999703407285,-0.0024145024362951517,-0.04003734514117241,0.03138335234060239,0.21180039644241333,3770.4757674259454,3771.4723665538054,15.053563382370177,0.40519623987711384,0.18891952364901954,False
