scan_index,bag_stamp_s,header_stamp_s,time_s,input_point_count,finite_point_count,central_point_count,target_point_count,target_depth_mean_m,target_depth_std_m,target_depth_p05_m,target_depth_p95_m,target_u_centroid,target_v_centroid,target_radial_std,h5_magnitude,relative_angle_deg,offline_relative_angle_deg,local_rpm,raw_motion_residual_deg,heldout_motion_residual_deg,rejected_branch_boundary
0,1787908829.1185637,6488.99967287,0.0,24000,24000,4177,631,1.9403993641328887,0.1417620223973193,1.8039999604225159,2.2309999465942383,-0.020147303119301796,-0.0302140973508358,0.028487012199207244,0.21817190945148468,0.0,0.0,9.937277002432271,0.669151063760526,0.8660591069080956,False
1,1787908829.2186456,6489.09952481,0.1000819206237793,24000,24000,4273,708,1.9418954815568223,0.13955021670857526,1.8060499548912048,2.183650040626526,-0.020391836762428284,-0.03810224309563637,0.030959568299937828,0.30769723653793335,5.491061705288112,6.007660653847272,9.952292967780641,0.1550427476971281,0.19689453699435866,False
2,1787908829.3186038,6489.19935097,0.20004010200500488,24000,24000,4301,693,1.942036075681491,0.1332809963520279,1.8085999965667725,2.178000068664551,-0.023245127871632576,-0.04091622307896614,0.031963268815668945,0.2866019308567047,11.063243576514592,12.013407520087558,9.994652630142948,-0.2705207328650392,-0.35946003188902864,False
3,1787908829.4187605,6489.29999653,0.30019688606262207,24000,24000,4488,651,1.9421889401068153,0.1337884645612217,1.8145000338554382,2.1764999628067017,-0.022289849817752838,-0.0420989990234375,0.0329084090489359,0.3312561810016632,17.49816075514291,18.017240598720857,9.995690635967078,0.15473442779762792,0.20722199849267753,False
4,1787908829.5185778,6489.39984225,0.40001416206359863,24000,24000,4291,586,1.9383464130118437,0.12039885327397536,1.8140000104904175,2.175000011920929,-0.025287168100476265,-0.048288971185684204,0.03381780699446022,0.2756969928741455,22.79883598646908,24.019159889747176,9.989556945075671,-0.5338810111395063,-0.5769567580706507,False
5,1787908829.6194155,6489.49968295,0.5008518695831299,24000,24000,4297,550,1.9387381820245222,0.12328012646883672,1.815000057220459,2.178650057315826,-0.02466438338160515,-0.049877673387527466,0.033690575089027626,0.22847014665603638,29.47388446775617,30.019165393166503,9.988480894587711,0.09064831100363335,0.07847595765843352,False
6,1787908829.7190692,6489.59953425,0.6005055904388428,24000,24000,4372,531,1.9559924631693493,0.13398664810490762,1.8289999961853027,2.2454999685287476,-0.023510022088885307,-0.05006272345781326,0.03403114239305629,0.2713426649570465,35.59922682888196,36.017257108978846,9.988480894587711,0.2365137269530635,0.17518183418184208,False
7,1787908829.818738,6489.69937095,0.7001743316650391,24000,24000,4491,583,1.9502761574593048,0.1219175468017304,1.8200000524520874,2.1941999435424804,-0.023817550390958786,-0.04826667532324791,0.03606334176205455,0.19861778616905212,41.47578342842129,42.01343503718421,10.002131382318632,0.1326921208488656,0.24840339984963578,False
8,1787908829.9185135,6489.79962293,0.7999498844146729,24000,24000,4690,684,1.9536564317014482,0.12982638471397162,1.8321500062942504,2.1980500459671024,-0.02798299305140972,-0.04565994814038277,0.036368245977124555,0.20715324580669403,47.57273198287309,48.00769917778258,9.992554334872858,0.24285350633505232,0.2748049809505133,False
9,1787908830.0193186,6489.89946069,0.9007549285888672,24000,24000,4499,691,1.94759334513834,0.12745994283488837,1.8199999928474426,2.1990000009536743,-0.018470408394932747,-0.04551806300878525,0.036144555818678294,0.24741272628307343,52.96375534833055,54.000049530773964,9.99465128747199,-0.4146824034783876,-0.6061275961896584,False
10,1787908830.118607,6489.99930911,1.0000433921813965,24000,24000,4530,728,1.9500329659862832,0.1288930385828678,1.8283499658107758,2.1675500869750977,-0.0176162701100111,-0.04508557170629501,0.03500650842051458,0.24242587387561798,59.37234750383924,59.99048609615745,9.991478809793591,0.036349172500003135,0.011576566420188783,False
11,1787908830.2201395,6490.09995351,1.1015758514404297,24000,24000,4668,791,1.9480682709425048,0.12063346801701975,1.8200000524520874,2.1750000715255737,-0.016349120065569878,-0.047462593764066696,0.03370932443512603,0.20579370856285095,65.96020425748159,65.97849707854904,10.009317284294482,0.5319998939614408,0.936281641103264,False
12,1787908830.3194926,6490.19979169,1.2009289264678955,24000,24000,4734,762,1.9390853020775662,0.09833145221909238,1.8250000476837158,2.1078000426292416,-0.014280186966061592,-0.04624372348189354,0.033288366027049134,0.20864108204841614,71.47192441339702,72.04026463419561,9.987518269519175,0.08228261976556439,0.22020633620427077,False
13,1787908830.41955,6490.29962251,1.3009862899780273,24000,24000,4613,701,1.947945792052613,0.10758769614788681,1.8359999656677246,2.1500000953674316,-0.01586266979575157,-0.045458368957042694,0.031129630891244882,0.20670802891254425,77.33016976817231,78.02502994553429,9.98730349642558,-0.0631685574754357,-0.051489795545720085,False
14,1787908830.5192587,6490.39946767,1.4006950855255127,24000,24000,4565,641,1.956024964030559,0.1212380147308528,1.8339999914169312,2.203000068664551,-0.012565651908516884,-0.04632052406668663,0.02917040121177232,0.10963892936706543,83.10094237394185,84.00033919181848,9.970076197202369,-0.2751775185952141,-0.36161197848062443,False
15,1787908830.6185405,6490.49930917,1.4999768733978271,24000,24000,4580,609,1.9548620680478601,0.12644702218758164,1.8223999977111816,2.213600063323975,-0.00910116545855999,-0.048107098788022995,0.02830795839058242,0.16241754591464996,89.58492934260447,89.90592781994516,9.98210488024849,0.25164943074474877,0.2659761111085288,False
16,1787908830.7192547,6490.59994401,1.6006910800933838,24000,24000,4771,643,1.9489797791277825,0.11348409448909182,1.8211999773979186,2.1524001121520993,-0.00719770323485136,-0.045865364372730255,0.02768145843384652,0.24904347956180573,95.79755914619881,95.89359372137423,10.007728128497256,0.42117043903628826,0.602486779001083,False
17,1787908830.8226533,6490.69979401,1.704089641571045,24000,24000,4310,575,1.945653911880825,0.1076946431313592,1.815999984741211,2.1034000396728514,-0.007441814988851547,-0.04975706711411476,0.029892106792705028,0.13439829647541046,101.34810227398319,101.90035497275342,10.028867807109233,-0.23246334911463862,-0.42033012371202005,False
18,1787908830.9193487,6490.79962459,1.8007850646972656,24000,24000,4599,584,1.9591164395009002,0.12731662543554895,1.8171500205993651,2.2213500261306764,-0.0031424507033079863,-0.05014540255069733,0.031159465568069113,0.1513044536113739,107.48499596367789,107.9798908777544,10.016363613138921,0.10245879027077365,0.5356877458551281,False
19,1787908831.0195832,6490.89947409,1.90101957321167,24000,24000,4499,566,1.9605229682298937,0.124807685446712,1.8222500085830688,2.192500054836273,-0.0009748628363013268,-0.04919835180044174,0.03227730400662825,0.17793096601963043,112.6788453947289,113.98747453402369,10.01362413808943,-0.7180174619184214,-0.8741347770850894,False
20,1787908831.119706,6490.99932099,2.0011422634124756,24000,24000,4541,540,1.975503703179183,0.15080988951771349,1.8157999873161317,2.2970499396324158,-0.0030416103545576334,-0.0500258207321167,0.03406432978888815,0.13296204805374146,119.19732658808351,120.00202892673911,10.001243356922291,-0.2071525683262081,-0.012099390225429829,False
21,1787908831.219859,6491.09996089,2.101295232772827,24000,24000,4548,524,1.9724904587705627,0.14598002076905123,1.8329999446868896,2.249400007724762,-0.0021644323132932186,-0.04887004941701889,0.03549099309746057,0.09729092568159103,126.1131445643739,126.00687753861756,10.001243356922291,0.699232281545747,0.8475436288945986,False
22,1787908831.3191142,6491.19980433,2.2005505561828613,24000,24000,4528,527,1.9783681246542162,0.14658790023491314,1.8350000381469727,2.304400062561035,-0.004080267623066902,-0.04914410784840584,0.03563403270584152,0.13057218492031097,130.77992874934552,132.06179426815618,10.007503266209941,-0.589555617696476,-0.6750980991567701,False
23,1787908831.4191265,6491.29963997,2.300562858581543,24000,24000,4509,545,1.9590789011859018,0.12286797710012468,1.8309999704360962,2.198400020599365,-0.006266067270189524,-0.05072832107543945,0.03592484027859192,0.13738447427749634,137.1849909270693,138.07643074022587,10.001693356388968,-0.18548619058748272,-0.001004650401426943,False
24,1787908831.5199888,6491.39947517,2.4014251232147217,24000,24000,4566,556,1.9589838149736254,0.1409855699875568,1.8207499980926514,2.227000057697296,-0.007975375279784203,-0.04888864979147911,0.03652465743702067,0.17776411771774292,143.75311938631876,144.0488879163155,9.994378240079987,0.3306496201828111,0.7227199557040649,False
25,1787908831.6191704,6491.49931621,2.5006067752838135,24000,24000,4707,616,1.9366087673546433,0.12110631639858829,1.7759999930858612,2.1115000247955322,-0.010704596526920795,-0.04657349735498428,0.038445605590525025,0.18800120055675507,150.16960279382639,149.99228624093988,10.013043679932748,0.7959814114822166,1.1992195428071284,False
26,1787908831.719669,6491.59996305,2.6011054515838623,24000,24000,4526,599,1.9288798023344877,0.11183243884398765,1.7630000114440918,2.111400055885315,-0.012771745212376118,-0.04373070225119591,0.038929676860511436,0.2766546308994293,155.83504091488638,156.03845357103557,10.02583021967569,0.4312431096572027,0.37578598942292274,False
27,1787908831.8192637,6491.69979723,2.700700044631958,24000,24000,4413,623,1.9369213479671203,0.1223305127694907,1.7949999570846558,2.123300075531006,-0.013349367305636406,-0.04314657673239708,0.03835176013014054,0.2618617117404938,161.92786115960217,162.04516132213473,10.00959650912281,0.5481342281784976,0.3935736140693109,False
28,1787908831.9192607,6491.79963723,2.800697088241577,24000,24000,4336,634,1.9480851753276982,0.12783046680809879,1.8116500198841095,2.1613499879837037,-0.016725793480873108,-0.04250956326723099,0.03675625810686289,0.2158348560333252,166.77361046967818,168.07254666275338,10.004829526107883,-0.6061936461714197,-0.5646816344031151,False
29,1787908832.0192316,6491.89947775,2.900667905807495,24000,24000,4456,726,1.944409090625353,0.1268615810309181,1.809000015258789,2.1500000953674316,-0.012943526729941368,-0.04447855055332184,0.03571986672258412,0.22237421572208405,173.8205973467269,174.077411310835,9.998011384722266,0.44228967583853773,0.357741836518926,False
30,1787908832.1191795,6491.99932061,3.0006158351898193,24000,24000,4219,701,1.9364650502864713,0.12450200779628996,1.7990000247955322,2.140000104904175,-0.017251664772629738,-0.045450735837221146,0.033707594757702755,0.2458626627922058,179.00427312931652,179.98339246595557,9.981089798717834,-0.37116474732738425,-0.25679811855718526,False
31,1787908832.2200787,6492.09997123,3.101515054702759,24000,24000,4174,694,1.9430417851343622,0.13781438096025667,1.8049999475479126,2.1827500343322757,-0.017081243917346,-0.046294648200273514,0.03296682170758444,0.2881860136985779,185.251110813417,185.9685404808421,10.000944621270689,-0.1785370985697341,-0.08523997480193657,False
32,1787908832.3194323,6492.19980493,3.200868606567383,24000,24000,4176,734,1.9360435986713753,0.12492842732511862,1.809000015258789,2.1300499558448793,-0.013788792304694653,-0.04779598489403725,0.031554489620672525,0.2395176887512207,191.12754600421437,192.005533062621,9.98847734458734,-0.2635679493270402,-0.28325671465904634,False
33,1787908832.419644,6492.29964457,3.3010804653167725,24000,24000,4351,801,1.9364007494125175,0.12473355901764838,1.8079999685287476,2.1559998989105225,-0.018266169354319572,-0.04496908187866211,0.029281740775463392,0.17773306369781494,197.21707602101307,197.92347623783593,9.995206949504755,-0.18700457220694489,0.0031731873705496128,False
34,1787908832.5188854,6492.39948515,3.4003217220306396,24000,24000,4266,753,1.9279495338361419,0.10534479712540339,1.814799976348877,2.072999954223633,-0.011570949107408524,-0.048713937401771545,0.02794484292212616,0.19921733438968658,203.66993858605593,203.90659053580515,9.995206949504755,0.31112994620244194,0.5529926130510887,False
35,1787908832.6183832,6492.49932461,3.49981951713562,24000,24000,4198,739,1.9323518255244088,0.11165546742009945,1.8140000104904175,2.092200016975403,-0.015310561284422874,-0.047335319221019745,0.0268018127886795,0.10514232516288757,209.91806854820683,209.95863335704388,9.997809056776601,0.5891389051694773,0.6554915039928915,False
36,1787908832.719794,6492.59995535,3.6012303829193115,24000,24000,4235,773,1.9228589944975187,0.10259557540729006,1.812999963760376,2.0898000240325927,-0.014105979353189468,-0.04952593147754669,0.027171705592878913,0.08814331889152527,214.9229193154966,216.0075163753043,10.010452603270732,-0.4909204416540831,-0.3930362177253812,False
37,1787908832.8242168,6492.69979717,3.705653190612793,24000,24000,4094,722,1.9442229933025434,0.12815317652848862,1.813049966096878,2.222350049018859,-0.017538562417030334,-0.04520352929830551,0.02567497833569781,0.09986390173435211,221.75894391246013,222.02132592140342,10.024796948325164,0.07946985894625413,0.4178958937511652,False
38,1787908832.920229,6492.79964269,3.8016653060913086,24000,24000,4309,731,1.934943911478066,0.12674357890968432,1.8040000200271606,2.1269999742507935,-0.014485286548733711,-0.050613559782505035,0.02623545174040846,0.19808177649974823,227.0967190555175,228.0770394905889,10.011995737192256,-0.3437263499103551,-0.6112757296317852,False
39,1787908833.019458,6492.89948105,3.9008944034576416,24000,24000,4321,718,1.9397061286198396,0.12231780655662465,1.7968500435352326,2.170600068569183,-0.014048098586499691,-0.05033952742815018,0.026840308941217406,0.24192534387111664,233.48574303203242,234.03951998641867,10.025568024928555,0.09129917177781977,0.010696929113947817,False
40,1787908833.11923,6492.99931351,4.000666379928589,24000,24000,4392,719,1.9461738542654916,0.12600418640507205,1.8119000315666198,2.1827999353408813,-0.009639976546168327,-0.0496419332921505,0.02830126008611819,0.2321605086326599,240.04159434994713,240.09914091114126,10.016471922847005,0.6605779065524473,1.1334846275458688,False
41,1787908833.2196488,6493.09994013,4.101085186004639,24000,24000,4550,708,1.9449858793431083,0.11704591057418205,1.8006999850273133,2.141599905490875,-0.004636414814740419,-0.049545008689165115,0.028159931327954163,0.25271478295326233,245.3169393900485,246.0770360043572,10.006100153876757,-0.08946105946134253,0.2467981820873888,False
42,1787908833.3188386,6493.19977279,4.20027494430542,24000,24000,4440,701,1.943261057265985,0.11100075227027215,1.7990000247955322,2.134999990463257,-0.002520893467590213,-0.04953252151608467,0.028854503438958085,0.15005311369895935,251.58877257332628,252.07063693493683,10.00448329677314,0.2307341130704117,0.28668091339636703,False
43,1787908833.4190388,6493.29961737,4.300475120544434,24000,24000,4298,668,1.9475314363748013,0.10322953346267219,1.815399992465973,2.144249951839447,-0.007608654908835888,-0.04944206401705742,0.031008482301000274,0.20713584125041962,258.04761411955354,258.0887137289277,10.000975171567884,0.6773099999824126,0.9177364232816672,False
44,1787908833.5192285,6493.39944799,4.400664806365967,24000,24000,4296,643,1.9567169542446108,0.12113213543155225,1.8130999684333802,2.1907999753952025,-0.006526693236082792,-0.04973190650343895,0.031726490257944495,0.19036324322223663,263.40556663004287,264.0696159371091,9.987037955631555,0.023626302911338826,0.20262152308816894,False
45,1787908833.6189437,6493.49928309,4.500380039215088,24000,24000,4276,679,1.9494889560258442,0.11229175890171346,1.820899987220764,2.138599920272828,-0.006749981082975864,-0.05262076109647751,0.032256543472037894,0.24850791692733765,268.8010816595818,270.04810374435,9.997993515233718,-0.5640264889249238,-0.3742259424396934,False
46,1787908833.7205374,6493.59992705,4.60197377204895,24000,24000,4422,728,1.9625329684752684,0.1212170346190214,1.8343500077724457,2.2268000006675717,-0.0058858622796833515,-0.050300776958465576,0.033056895625096644,0.21617326140403748,275.2747668604766,276.1098058400402,9.984335913471979,-0.18622389068826806,0.3683338077366898,False
47,1787908833.8194203,6493.69975797,4.700856685638428,24000,24000,4291,710,1.9504028199424206,0.10182068166665108,1.8428999960422516,2.1340999484062193,-0.0012552536791190505,-0.05149569362401962,0.03428350285030196,0.29711389541625977,281.70606304491935,282.09685562653846,9.984335913471979,0.3118457468377187,0.25317450933880536,False
48,1787908833.9190156,6493.79959051,4.800451993942261,24000,24000,4315,723,1.9469944672300938,0.10582895251731517,1.8339999914169312,2.0946000337600705,-0.0006336806109175086,-0.048654600977897644,0.0341199256630704,0.2416897863149643,287.51706793663584,288.04938614082124,9.968667272697754,0.14687859519460744,0.4470676159132836,False
49,1787908834.0225184,6493.89942297,4.903954744338989,24000,24000,4308,730,1.9471863031387329,0.11347106305870633,1.8250000476837158,2.1184500694274893,-0.0012129395036026835,-0.04574663192033768,0.03404177838834186,0.2263251096010208,293.6976773406972,293.9657493199435,9.988200269989374,0.11705948293734991,0.2531363890130933,False
50,1787908834.123875,6493.99965931,5.0053112506866455,24000,24000,4421,737,1.9494626861737896,0.11659837259421396,1.8289999961853027,2.1909998893737788,-0.004787853453308344,-0.043359123170375824,0.03371228563648523,0.214578777551651,299.37370207446884,299.9560201599057,10.00543006026711,-0.2885641928565974,-0.4374345161488691,False
51,1787908834.2214131,6494.09950723,5.10284948348999,24000,24000,4354,704,1.950769885189154,0.12043708279650239,1.827150011062622,2.184549939632416,-0.0034363113809376955,-0.04130333662033081,0.03299616438719205,0.13201583921909332,305.7120847050231,305.9722966082159,10.013505059523908,0.19727616117501157,0.3217499277085949,False
52,1787908834.320113,6494.19934849,5.201549291610718,24000,24000,4284,666,1.9374699726835027,0.09465622809566283,1.8259999752044678,2.087250053882599,-0.007885306142270565,-0.03952030837535858,0.0320826825848542,0.19148464500904083,311.6886382558452,312.00880682268604,10.007307546450495,0.2515899593468589,0.13721880964936872,False
53,1787908834.4197748,6494.29998483,5.30121111869812,24000,24000,4241,704,1.9425823869691654,0.12237094475283748,1.8151500463485717,2.083850085735321,-0.007261438295245171,-0.03802872076630592,0.030966212789855247,0.26324722170829773,317.02204682076814,318.07358897430225,10.026626748453408,-0.3949648154443821,-0.3886394331299243,False
54,1787908834.5203018,6494.39983557,5.401738166809082,24000,24000,4327,761,1.9323758208015431,0.10580984741425499,1.809000015258789,2.062999963760376,-0.005655134562402964,-0.03954850509762764,0.03075664564957363,0.24483425915241241,323.3232418320529,324.09792675659196,10.00721314004521,-0.12564860792713262,-0.46086145273903867,False
55,1787908834.6195176,6494.49967625,5.500953912734985,24000,24000,4271,755,1.9517033120654277,0.13596523709628144,1.809399950504303,2.2254000186920164,-0.005487628746777773,-0.03785533457994461,0.028901510974109767,0.17832519114017487,329.82275758976795,330.1028857030141,9.992202443926505,0.4206698153764705,0.773290296743653,False
56,1787908834.7196367,6494.59951153,5.6010730266571045,24000,24000,4143,745,1.9392644306157258,0.1193902140430458,1.8001999616622926,2.0950000286102295,-0.011485816910862923,-0.04090042784810066,0.028806718456671574,0.20966073870658875,335.03588255573356,336.02241907093475,10.000538697170628,-0.3736069325947824,0.00933008669295532,False
57,1787908834.8202372,6494.69934675,5.70167350769043,24000,24000,4142,727,1.9518830809009453,0.13618096233811688,1.8063000082969665,2.2124000310897824,-0.014805409125983715,-0.036105040460824966,0.02807957772785075,0.15810592472553253,340.787150748481,342.01697685267624,9.995275560462895,-0.6586237058987194,-0.7684163971274529,False
58,1787908834.9212277,6494.79998629,5.802664041519165,24000,24000,4284,747,1.9472008021161897,0.12901398665824818,1.8042999982833863,2.1577000141143796,-0.012784651480615139,-0.034230612218379974,0.027709560883173633,0.28257131576538086,348.0202153935848,348.04137718699246,9.98884189826515,0.5147518124507542,0.4508370618951858,False
59,1787908835.019839,6494.89982159,5.901275396347046,24000,24000,4360,736,1.9318831530602083,0.14130388803262223,1.7630000114440918,2.146499991416931,-0.02134023606777191,-0.03280418738722801,0.02841501591102336,0.23181913793087006,354.11974922510433,354.0336759770748,9.98884189826515,0.6973533140710515,0.6300258546734199,False
60,1787908835.1191704,6494.99966271,6.0006067752838135,24000,24000,4205,687,1.9364395920713222,0.13449534889143383,1.7946000218391418,2.1831000089645385,-0.019138386473059654,-0.035287532955408096,0.02932071714660716,0.3308367133140564,359.54157782798666,360.01569575387924,9.993972306179161,0.15904630751691684,0.21475611119683435,False
61,1787908835.2197814,6495.09950939,6.101217746734619,24000,24000,4272,718,1.9359777166318761,0.12782600167667635,1.7968500435352326,2.1395999312400815,-0.02039453573524952,-0.039836060255765915,0.031319120387557874,0.3217208981513977,365.97017776231144,366.037491162209,9.986006206452407,0.550731824035438,0.5083350265343825,False
62,1787908835.3191283,6495.19935457,6.200564622879028,24000,24000,4226,647,1.942729519913333,0.1406251616851232,1.815000057220459,2.1963999986648557,-0.022591212764382362,-0.03976571932435036,0.03204405278228432,0.3213735818862915,371.04391149744544,372.0279788839397,9.966939935708506,-0.3365999221775837,-0.2556565377608422,False
63,1787908835.4209344,6495.29998585,6.30237078666687,24000,24000,4367,642,1.9367647976890159,0.11965286220451778,1.8130999684333802,2.156950056552887,-0.022591985762119293,-0.0440930500626564,0.03327401036787294,0.3232835829257965,376.5844610968822,378.0167892757256,9.958902785999188,-0.9046793234346069,-0.7837955762674369,False
64,1787908835.5194497,6495.39981881,6.400886058807373,24000,24000,4272,556,1.9385809345211056,0.13625550436712977,1.8107499778270721,2.1834999322891235,-0.023403996601700783,-0.04714241996407509,0.03352152161052985,0.28039294481277466,383.5996352379726,383.9347016119257,9.960996538049276,0.19932769360212887,0.34042906997467526,False
65,1787908835.6230218,6495.49966129,6.50445818901062,24000,24000,4349,558,1.9621200698250938,0.15785967910299775,1.8300000429153442,2.3141499161720276,-0.026247240602970123,-0.04911963641643524,0.03364808028993946,0.21385768055915833,389.3923918075413,389.8995427718698,9.981076141196995,-0.22250721816288888,0.01884002538832874,False
66,1787908835.719257,6495.59950209,6.600693464279175,24000,24000,4409,550,1.96143273006786,0.13740941314108357,1.822900015115738,2.2582000136375426,-0.02509111911058426,-0.04671185463666916,0.03613179599845734,0.1812373399734497,395.9065544742246,395.87802346261054,9.995369403828827,0.5172939410942377,0.7318362720149025,False
67,1787908835.819737,6495.69934057,6.701173305511475,24000,24000,4604,580,1.9708896554749586,0.15337298313140688,1.8309499740600585,2.2870000123977654,-0.02581965923309326,-0.045453716069459915,0.03680677862527921,0.24352635443210602,401.1705409463843,401.85273803855677,9.98442121734252,-0.24776585761674141,-0.31095147301493853,False
68,1787908835.9199061,6495.79997479,6.801342487335205,24000,24000,4527,658,1.9507370797696446,0.12964535217909331,1.810099983215332,2.1976000189781186,-0.022348929196596146,-0.048561543226242065,0.036695507502025944,0.21822693943977356,407.01937963972927,407.76411918316944,9.974355135332104,-0.40933307976581546,-0.7024702620990411,False
69,1787908836.019879,6495.89980693,6.901315450668335,24000,24000,4575,725,1.955539311047258,0.14005638919060107,1.8170000314712524,2.2228000164031982,-0.02077639289200306,-0.04437605291604996,0.035990333707354744,0.24914158880710602,413.1873270556775,413.7973038427794,9.995873251878903,-0.24001797035174377,-0.33478303259317954,False
70,1787908836.118868,6495.99963999,7.000304460525513,24000,24000,4541,779,1.9502516066767897,0.1241204075039161,1.8217000246047974,2.149799942970275,-0.017948048189282417,-0.047005072236061096,0.03529995716744536,0.23880326747894287,419.56780736242484,419.8411926793494,9.995873251878903,0.20086974332190266,0.18094258183936063,False
71,1787908836.2232275,6496.09947767,7.104663848876953,24000,24000,4689,742,1.9476334237345467,0.12090528083064077,1.8279999494552612,2.1519499540328977,-0.01804770715534687,-0.04357898235321045,0.03340853068030624,0.21264389157295227,424.5905718327108,425.83512848753554,10.023889135992247,-1.0381947607828579,-1.261381742501385,False
72,1787908836.3194528,6496.19932973,7.2008891105651855,24000,24000,4696,757,1.9421083216938033,0.11240469909971036,1.8250000476837158,2.126599979400634,-0.01632344350218773,-0.04409071430563927,0.03360806694181397,0.1754004955291748,431.2008147737463,431.9444616126019,9.99987673452551,-0.20171248686210674,-0.15961577450963205,False
73,1787908836.4219058,6496.29995819,7.30334210395813,24000,24000,4554,683,1.9557320640516491,0.11964715713149626,1.840999960899353,2.1524001121520993,-0.014636891894042492,-0.044071849435567856,0.03125984194721573,0.13268476724624634,437.3093869388604,437.94259785287636,9.972585413232858,-0.24058074541676433,-0.25278649927679453,False
74,1787908836.5197027,6496.39980723,7.4011390209198,24000,24000,4568,664,1.9547801206269897,0.12232084304040733,1.8351500272750854,2.207399952411652,-0.011584511958062649,-0.04745970293879509,0.029046247598974968,0.15334130823612213,443.6926310160912,443.85572707616,9.984188636295022,0.2745993472456689,0.18159270046527354,False
75,1787908836.619351,6496.49962725,7.500787258148193,24000,24000,4645,659,1.963365705675348,0.1318984441909215,1.8349000334739685,2.2319000244140628,-0.01213533990085125,-0.05022358521819115,0.028236326138381552,0.12187790125608444,449.3169237529591,449.7728965694144,9.984188636295022,-0.0802558294636242,-0.16760834293853577,False
76,1787908836.7187932,6496.59948613,7.600229501724243,24000,24000,4797,633,1.9431453387695843,0.10121445178352044,1.8170000314712524,2.1234000682830807,-0.008680697530508041,-0.048207126557826996,0.027951958712663254,0.20777057111263275,455.811437937127,455.75892910419606,10.012476978802296,0.4474705846767506,0.8459151030486396,False
77,1787908836.8191538,6496.69932743,7.700590133666992,24000,24000,4581,613,1.9487210444097223,0.1122036944411996,1.8266000032424927,2.1723999977111816,-0.00403571268543601,-0.04812349006533623,0.029208100345784326,0.2166806310415268,461.15207113745953,461.83396187024584,10.03999612207093,-0.23378962501078604,-0.30918123869662395,False
78,1787908836.9193428,6496.79998043,7.800779104232788,24000,24000,4581,588,1.955554422269873,0.13088353252218046,1.8209999799728394,2.1749000310897824,-0.0027085389010608196,-0.046226248145103455,0.031435858443338835,0.17548467218875885,467.5320416098925,467.91554596119335,10.04224216143953,0.13458755702686176,-0.02885317524828679,False
79,1787908837.0196939,6496.89982213,7.901130199432373,24000,24000,4590,588,1.968248301622819,0.12778182319172104,1.825350022315979,2.2269000768661495,-0.0004931595176458359,-0.0493028350174427,0.033397382868009286,0.1265472024679184,473.02881356334314,473.89196027738257,10.022149873975602,-0.38996167067449505,-0.3604228635947493,False
80,1787908837.1197224,6496.99967485,8.001158714294434,24000,24000,4653,576,1.9779583329541817,0.1426925230241279,1.8327499628067017,2.290000081062317,-0.0015125870704650879,-0.05080801621079445,0.034017028384362,0.11829826235771179,479.1895927194665,479.8944631041484,10.034053183295564,-0.23114805424165752,-0.24945860692770339,False
81,1787908837.2195218,6497.09951745,8.100958108901978,24000,24000,4536,567,1.9820723100524311,0.1609862811861064,1.819599997997284,2.3813000440597527,-0.00445028068497777,-0.051893044263124466,0.03490127378522183,0.1636185199022293,485.55585828964104,485.9389077575731,10.031313532907019,0.14689977479719118,0.18954815585993856,False
82,1787908837.3192797,6497.19934493,8.200716018676758,24000,24000,4556,540,1.9712166647116343,0.13737866575329744,1.8279999494552612,2.261149990558623,-0.006435442715883255,-0.049109894782304764,0.03471806816715097,0.13371385633945465,490.4582014321475,491.9090794035229,10.011110891832475,-0.9364856282560368,-0.9928227431734626,False
83,1787908837.4196024,6497.29998731,8.30103874206543,24000,24000,4549,554,1.9617689563909593,0.1321797541971392,1.8226499795913695,2.206500065326691,-0.009873894043266773,-0.05080796778202057,0.03663774341612652,0.1542174071073532,496.9048567285002,497.904613356071,10.005750122140107,-0.5094491321729606,-0.662118194300831,False
84,1787908837.5194557,6497.39981815,8.40089201927185,24000,24000,4718,561,1.9476042801046116,0.12642739188008792,1.7990000247955322,2.200000047683716,-0.005496373400092125,-0.04589938372373581,0.03735708142016788,0.13443733751773834,503.35009546894537,503.9136602105862,9.993963632519959,-0.055661225967980954,0.10484689660739832,False
85,1787908837.6201203,6497.49966389,8.501556634902954,24000,24000,4585,577,1.9403275604677779,0.12850524316436118,1.7781999826431274,2.1534000873565673,-0.009408023208379745,-0.04602963849902153,0.03850745765009836,0.17139871418476105,510.5289725406622,509.93281823404425,10.001250492005564,1.0830826405598941,1.3819209771489795,False
86,1787908837.719771,6497.59951759,8.601207256317139,24000,24000,4462,569,1.9338224929330219,0.12740737820391604,1.7698000431060792,2.1561999320983887,-0.011573715135455132,-0.042460039258003235,0.03866107311221333,0.27657100558280945,515.8680946204898,515.9071541409886,10.025735727596794,0.4429137495933446,0.5095670679207842,False
87,1787908837.8189096,6497.69935965,8.700345993041992,24000,24000,4396,637,1.9447770813009242,0.12620678388677609,1.7960000038146973,2.1223999977111814,-0.013918531127274036,-0.046746086329221725,0.03789894334109917,0.23859712481498718,521.4504836561274,521.9866846592986,10.01483615065508,0.07672619892878174,0.3430895633993032,False
88,1787908837.9196873,6497.79999457,8.80112361907959,24000,24000,4499,697,1.9419325697883814,0.11012917208242597,1.8068000316619872,2.124000072479248,-0.019411185756325722,-0.04463622719049454,0.03739535342452543,0.2170558124780655,526.5759207141203,527.9905362123859,10.020099196654892,-0.8447508603535425,-0.9804800471667932,False
89,1787908838.0194573,6497.89982757,8.900893688201904,24000,24000,4357,697,1.935351509787944,0.12235129993926573,1.7997999668121338,2.119999885559082,-0.017158595845103264,-0.04624544456601143,0.03468206697478222,0.2648533880710602,533.6897187655863,534.0142858640372,10.01452376960007,0.2825890537460509,0.4242287456062286,False
90,1787908838.1193542,6497.99965741,9.0007905960083,24000,24000,4214,675,1.9367599992398863,0.1288354174074605,1.7949999570846558,2.155700063705444,-0.020080218091607094,-0.04432006925344467,0.03503315888349992,0.2450520247220993,539.5223962295986,539.9856125643457,10.007410579335211,0.12119773644678844,0.20152632769463708,False
91,1787908838.2192898,6498.09950451,9.100726127624512,24000,24000,4170,702,1.9348475766657425,0.12144289725201846,1.8090500116348267,2.094900023937225,-0.015873566269874573,-0.04650292173027992,0.032543266376301075,0.3325231671333313,545.3953000364291,546.0084675725257,10.000342958593569,-0.002284764949649798,0.1306512786472922,False
92,1787908838.3193076,6498.19933703,9.200743913650513,24000,24000,4268,774,1.9374457362086275,0.12622243498362856,1.812000036239624,2.140399920940399,-0.010769340209662914,-0.04965823143720627,0.031990054219218786,0.1982288956642151,551.3214319832412,552.044200943074,9.974409078086907,-0.07747460035159293,-0.3265535159771389,False
93,1787908838.4200726,6498.29999275,9.301508903503418,24000,24000,4187,744,1.9308521505645526,0.11527176007031457,1.8081499755382537,2.0958499670028687,-0.014646286144852638,-0.04776918888092041,0.02969457950887799,0.22032728791236877,557.3392899795715,557.9430989763737,9.955913159705544,-0.1057725180463649,-0.2991179673106217,False
94,1787908838.51894,6498.39982519,9.400376319885254,24000,24000,4235,764,1.9319869116026693,0.12219932070786146,1.805999994277954,2.1010999917984012,-0.012031974270939827,-0.04951353371143341,0.028529093391611162,0.1121642217040062,563.136984472846,563.8517872031016,9.96622835992523,-0.2403746997780445,-0.3919012989130124,False
95,1787908838.6192496,6498.49965835,9.500685930252075,24000,24000,4188,751,1.9194580543533304,0.08940672432762735,1.8109999895095825,2.05649995803833,-0.018094999715685844,-0.047328345477581024,0.026601727054970166,0.1190604493021965,569.3913887489055,569.8642453310072,9.973048607970687,-0.004802409294597965,-0.12274632084779569,False
96,1787908838.7188687,6498.59949455,9.600305080413818,24000,24000,4184,750,1.9357626651128133,0.11322020093104691,1.8129000246524811,2.1625500321388245,-0.016228606924414635,-0.04790472239255905,0.02687721664302044,0.0967707484960556,575.812669340982,575.8938901375245,9.977803443918782,0.4390755672521891,0.5680881130837179,False
97,1787908838.818365,6498.69932783,9.699801445007324,24000,24000,4389,806,1.933744421519949,0.11354805395133374,1.815999984741211,2.1167500615119934,-0.011820774525403976,-0.04803362488746643,0.026335713696312414,0.15406176447868347,580.9538779595567,581.9600186057264,9.99570750877985,-0.3897509830267154,-0.486878085056901,False
98,1787908838.9205225,6498.79997151,9.801958799362183,24000,24000,4179,712,1.9395210684350368,0.11915225727060594,1.801199996471405,2.1467999577522274,-0.013144037686288357,-0.050167929381132126,0.026468657926700244,0.24915875494480133,587.2947802232061,587.9589285631637,9.959133838596516,-0.17855004813679898,-0.2377498101434412,False
99,1787908839.0194938,6498.89981329,9.900930166244507,24000,24000,4338,707,1.942671855740365,0.11955214152587325,1.809000015258789,2.1730000972747803,-0.011467196978628635,-0.05150865763425827,0.026799684634558466,0.21321408450603485,593.3995478777158,593.8329784977909,9.983962726428619,-0.012316363294985422,-0.10725272310025957,False
100,1787908839.1197457,6498.99965813,10.001182079315186,24000,24000,4409,707,1.956220649762403,0.12997306240352702,1.809999942779541,2.193900036811828,-0.008558790199458599,-0.04727846756577492,0.027708421052474574,0.25223979353904724,599.6779397490529,599.8306303513806,9.987556309889804,0.25070550711780015,0.1666366705632072,False
101,1787908839.21922,6499.09949447,10.100656270980835,24000,24000,4572,796,1.95335301457338,0.13188422448022985,1.8015000224113464,2.194249987602234,-0.008283177390694618,-0.050700508058071136,0.02835871727580686,0.20104695856571198,604.992472121828,605.8259201325595,9.990215219050876,-0.4034668568426696,-0.7195938689312698,False
102,1787908839.3192067,6499.19932677,10.200643062591553,24000,24000,4427,680,1.9499308824539185,0.12759429110057785,1.7979999780654907,2.179249906539917,-0.006090590730309486,-0.04828716069459915,0.028898253619624274,0.1565532684326172,611.0194217465554,611.8031104036593,9.995555836724602,-0.375979270507969,-0.25337077998483437,False
103,1787908839.4204261,6499.29997573,10.301862478256226,24000,24000,4306,670,1.958150748708355,0.14116027788952734,1.8070000410079956,2.2176500916481015,-0.0070114657282829285,-0.05014451593160629,0.030553095610126972,0.10889102518558502,617.6345794296835,617.7855468896826,10.017198261695727,0.16575579303275845,0.16342475121439293,False
104,1787908839.5190754,6499.39982259,10.400511741638184,24000,24000,4276,647,1.9465656894067709,0.1085459868971714,1.8143000245094298,2.119099950790405,-0.0062339729629457,-0.050525564700365067,0.032099896630068445,0.282638818025589,623.7542778311602,623.863496440118,10.014723746082602,0.36624725485967247,0.262871519977125,False
105,1787908839.6196516,6499.49966729,10.50108790397644,24000,24000,4464,738,1.9487642256548088,0.11105103263048122,1.826550018787384,2.133449900150299,-0.0033562774769961834,-0.05511881038546562,0.03252421676594577,0.2357066422700882,628.4885846057915,629.8387118362976,9.994093685553818,-0.9342717529467564,-1.1719493199460658,False
106,1787908839.719093,6499.59949409,10.600529432296753,24000,24000,4383,720,1.9487430564231343,0.1082156295651995,1.8259999752044678,2.1271000862121583,-0.0037361900322139263,-0.05486791580915451,0.03289868378756488,0.24424010515213013,635.5024799475289,635.8651251623836,10.008793980096888,0.11287873592812048,0.24100303017723945,False
107,1787908839.819164,6499.69933473,10.700600385665894,24000,24000,4282,698,1.9530042983740996,0.10712201874025022,1.8370000123977661,2.174150013923645,-0.0017802491784095764,-0.05086260288953781,0.03467652949548062,0.2765536904335022,640.6082126013265,641.861683749201,9.988825654153269,-0.7859005684274507,-0.9453422680526273,False
108,1787908839.919969,6499.79998027,10.801405429840088,24000,24000,4306,712,1.9552401682634033,0.12313807065256574,1.8371000170707703,2.17735002040863,-0.003926909528672695,-0.04916004836559296,0.033699154751330715,0.22158008813858032,647.080466848973,647.8135087626246,10.014735695961017,-0.36220559605192193,-0.33536583952934507,False
109,1787908840.0191753,6499.89982649,10.900611639022827,24000,24000,4334,729,1.9473058984439886,0.10729719533909653,1.8267999649047852,2.137400007247925,0.0015663194935768843,-0.04414185509085655,0.0337992372725647,0.23436492681503296,653.9015184786884,653.7813438306621,10.014553571582566,0.5062209281201149,0.738530069269018,False
110,1787908840.120072,6499.99966321,11.001508235931396,24000,24000,4441,710,1.9451380321677303,0.10892038736082665,1.8224499940872192,2.1573000669479367,-0.0018343683332204819,-0.04415062442421913,0.03370818251091281,0.17460444569587708,659.3767682889855,659.8208060591115,10.047981120966801,-0.07258193398683943,0.35531668448709297,False
111,1787908840.2194495,6500.09950397,11.10088586807251,24000,24000,4303,684,1.946732456398289,0.11714242782609965,1.8281499564647674,2.1256000161170965,-0.005320315714925528,-0.041518695652484894,0.03231701188100274,0.2271549105644226,665.4175976181392,665.885595093199,10.045548699350586,0.005336475720355338,-0.045525365478965796,False
112,1787908840.3194768,6500.19934329,11.200913190841675,24000,24000,4252,691,1.9514891464699884,0.1211481812353501,1.8220000267028809,2.1419999599456787,-0.007091625593602657,-0.0417698435485363,0.03222198381736972,0.2273578941822052,671.7333362563196,671.9367054718374,10.022542469685732,0.31918110281867484,0.43295473732359824,False
113,1787908840.4195793,6500.29999001,11.301015615463257,24000,24000,4288,714,1.9487310910091347,0.12716675347703585,1.8170000314712524,2.194000005722046,-0.005873187445104122,-0.03986241668462753,0.031043479353013794,0.26640987396240234,677.8134227797535,677.9674114980927,10.011795455356676,0.3928673128348237,0.47578835443107437,False
114,1787908840.5192587,6500.39982249,11.400695085525513,24000,24000,4331,768,1.9396093764031928,0.12279416050985786,1.8049999475479126,2.0859999656677246,-0.006530602928251028,-0.035932619124650955,0.03049576409859482,0.22275814414024353,682.4018316920271,683.9703868362797,10.034628335537818,-0.9997457380115975,-1.270028899869999,False
115,1787908840.6194527,6500.49968193,11.50088906288147,24000,24000,4172,769,1.9429245785711955,0.12067701724264106,1.813800001144409,2.095799970626831,-0.006534322164952755,-0.04195506125688553,0.029648990276906498,0.21291187405586243,689.3803325536625,690.0842139600373,10.025468685682027,-0.033138586927293545,-0.12210199555147483,False
116,1787908840.7192225,6500.59951979,11.600658893585205,24000,24000,4118,713,1.9420603084029189,0.11529846739684538,1.8085999965667725,2.1292000293731688,-0.010433469898998737,-0.036023396998643875,0.028273210659252822,0.1843557059764862,694.804685380528,696.0562464904792,10.012275924281317,-0.595229591706584,-0.3676872521425594,False
117,1787908840.8194633,6500.69935497,11.700899600982666,24000,24000,4169,707,1.9511852896702508,0.13789795021277815,1.8058999538421632,2.172299933433532,-0.016410646960139275,-0.03325865417718887,0.027715538413152427,0.11987335234880447,701.7853803577891,702.073028819518,9.987835387414941,0.37076775355012614,0.18764173114789173,False
118,1787908840.918681,6500.79961103,11.800117254257202,24000,24000,4302,732,1.9362595648062033,0.13140129285760505,1.7929999828338623,2.1181499958038326,-0.01580982282757759,-0.03685611113905907,0.027903103130905885,0.31269973516464233,707.8286181041453,708.0345714943544,9.992863184592911,0.46069371972123463,-0.11452066914455372,False
119,1787908841.0195417,6500.89945831,11.900978088378906,24000,24000,4259,710,1.931239434866838,0.13440960793456164,1.7784500181674958,2.1775500059127806,-0.018345320597290993,-0.03717084974050522,0.029397369412546313,0.2890629470348358,714.1696345337522,713.96079081737,9.990159099856632,0.7498033351791946,0.6318155360847868,False
120,1787908841.1187677,6500.99930017,12.000204086303711,24000,24000,4228,728,1.9377994483316339,0.13572873431621768,1.7840499997138977,2.164999938011169,-0.018946008756756783,-0.03716950863599777,0.029318308832080562,0.3423354923725128,719.5021541266856,720.0125902726502,10.006893973712643,0.1285104476679635,-0.07839593281664747,False
121,1787908841.2226052,6501.09993725,12.104041576385498,24000,24000,4083,693,1.9320086555563527,0.12386214909147332,1.79760000705719,2.126999998092651,-0.019397497177124023,-0.03838595375418663,0.031230048039252792,0.307533323764801,725.5916454599045,726.029700564406,9.995725170168068,-0.012511968700096077,0.4295740227260012,False
122,1787908841.3194225,6501.19977911,12.20085883140564,24000,24000,4377,705,1.940408512717443,0.1291970313452114,1.8152000427246093,2.1379999637603757,-0.018874265253543854,-0.04083642736077309,0.03168219995744333,0.3247244358062744,731.0541377476989,732.0036959276002,10.00647787655114,-0.3593014550043563,-0.38221442523922633,False
123,1787908841.4195013,6501.29962271,12.30093765258789,24000,24000,4326,592,1.9335624990431037,0.12358427147172767,1.812999963760376,2.1382499694824215,-0.022093988955020905,-0.0421316958963871,0.03284462888696331,0.2673758864402771,737.0322557756183,738.0699453910489,10.003652988439013,-0.38616747405433216,-0.10420569721736683,False
124,1787908841.5245798,6501.39945509,12.406016111373901,24000,24000,4232,555,1.9437081072781537,0.1338362819521158,1.815399992465973,2.2125999212265013,-0.023176750168204308,-0.048393577337265015,0.032847179962305816,0.2658032178878784,744.0931834422314,744.0857263781286,10.001101229201812,0.36978516151771146,0.24041344510260387,False
125,1787908841.6187577,6501.49928047,12.500194072723389,24000,24000,4309,523,1.9547437887574701,0.1445449435073385,1.8212999820709228,2.2345000505447383,-0.02543538436293602,-0.04887508973479271,0.033862694168040865,0.24556519091129303,748.877692237501,750.0533340417122,9.991982980626252,-0.4966234780802097,-0.8168437038920047,False
126,1787908841.7203364,6501.59991613,12.601772785186768,24000,24000,4483,595,1.9564689047196333,0.14108103821955587,1.8176999807357788,2.240999913215637,-0.03053269535303116,-0.04718220233917236,0.03556165455105543,0.16595685482025146,755.324100422237,756.0319778307885,9.97228536930062,-0.14519663553517148,-0.13328374164825618,False
127,1787908841.8197324,6501.69974623,12.701168775558472,24000,24000,4681,611,1.9595139141753926,0.13929890328353825,1.831000030040741,2.2325000762939453,-0.022461062297225,-0.048470284789800644,0.0365368625762865,0.2420681118965149,761.5608423042232,761.9760902489639,9.976982051644262,0.12753278643356225,0.27154165551201004,False
128,1787908841.9200304,6501.79958847,12.801466703414917,24000,24000,4579,697,1.9515466303531204,0.13321281016568082,1.8268000125885009,2.203000068664551,-0.021179119125008583,-0.04804577678442001,0.035866489172645684,0.23779413104057312,767.270965000042,768.0000762975292,9.977956554080398,-0.1804755229603643,-0.0681160983015161,False
129,1787908842.0198562,6501.89944113,12.901292562484741,24000,24000,4555,733,1.9521446117437553,0.1268369673386072,1.8329999446868896,2.168399953842163,-0.020296474918723106,-0.04366695508360863,0.03557135428174356,0.2717013657093048,774.0645571615931,773.9569450920493,9.983882010274604,0.6233109623461814,0.8350335507191176,False
130,1787908842.1190023,6501.99967395,13.000438690185547,24000,24000,4521,741,1.9430566804129104,0.12485304877891368,1.809000015258789,2.1549999713897705,-0.01921743154525757,-0.045009952038526535,0.03507104331009627,0.20952768623828888,779.2624609574907,779.9587732900382,9.997196318743029,-0.12780530543102486,0.05988230521791138,False
131,1787908842.2195187,6502.09951675,13.10095500946045,24000,24000,4681,740,1.9529905373985703,0.1214091308476044,1.8338999927043915,2.18125,-0.017349986359477043,-0.0462777316570282,0.03413830609675,0.16870586574077606,785.2042441016881,785.9691525896385,9.997196318743029,-0.21725720752442612,0.1764119843496701,False
132,1787908842.319065,6502.19936691,13.200501441955566,24000,24000,4570,698,1.946988540085134,0.11058097308032054,1.8259999752044678,2.1501999497413635,-0.0172756128013134,-0.044594645500183105,0.032993378943258676,0.15876847505569458,791.8617469216146,791.9697460468344,9.985230780031786,0.46720624199110716,0.6811040260780601,False
133,1787908842.4188318,6502.29961789,13.300268173217773,24000,24000,4580,667,1.9375757088010637,0.09648391091499536,1.8223000049591065,2.1025000572204586,-0.015948977321386337,-0.04650266468524933,0.03144861424708618,0.10748133808374405,796.9441882956993,797.8929356115184,9.978106533934467,-0.4366102411868269,-0.5374284573198338,False
134,1787908842.5195131,6502.39946913,13.400949478149414,24000,24000,4581,641,1.9496193423100083,0.11839068686586006,1.8320000171661377,2.194999933242798,-0.011128607206046581,-0.047124750912189484,0.02889590657275715,0.17910131812095642,803.8760376178258,803.815301352137,10.001975086771168,0.45410447523158837,0.6269658081661191,False
135,1787908842.6184127,6502.49931417,13.499849081039429,24000,24000,4673,671,1.9477943382746417,0.10992434154273155,1.8295000195503235,2.1945000886917114,-0.006047979462891817,-0.04817929491400719,0.027860248856022517,0.22087639570236206,808.9769116305046,809.862132554098,10.012772490873104,-0.37924945952545386,-0.23162131572121325,False
136,1787908842.7197318,6502.59995305,13.601168155670166,24000,24000,4576,602,1.9603920270042166,0.12797388771456178,1.8290499985218047,2.217649936676025,-0.007339776959270239,-0.04917110502719879,0.027955284975759793,0.17836026847362518,815.4237948905673,815.9003843389189,10.008382360743022,-0.011768610721219375,0.03697180938308975,False
137,1787908842.820058,6502.69979805,13.701494455337524,24000,24000,4590,602,1.9543255813098033,0.11888588888978321,1.823099958896637,2.1930500030517566,-0.0021317785140126944,-0.04794646054506302,0.0291114674270699,0.2288370132446289,821.0500747780026,821.8897507946405,9.966832583479444,-0.405322109381018,-0.3836364933126788,False
138,1787908842.92035,6502.79963765,13.801786422729492,24000,24000,4548,607,1.961341024427084,0.12002580025722598,1.8279999494552612,2.201500034332275,-0.0020298624876886606,-0.048852428793907166,0.03154652950911284,0.17728672921657562,826.544472066537,827.8666669671007,9.970021017988474,-0.9286981830167633,-0.9606698433066185,False
139,1787908843.0198104,6502.89949089,13.901246786117554,24000,24000,4634,605,1.9643454533963165,0.1335753889840743,1.8161999940872193,2.2265999794006346,-0.004763191565871239,-0.049561288207769394,0.03215642354756178,0.10305916517972946,833.5195751479201,833.8350257754526,9.970021017988474,0.07852989348964456,0.2937666054750707,False
140,1787908843.1189659,6502.99931515,14.000402212142944,24000,24000,4655,554,1.9691624574712898,0.12607629681422958,1.8320000171661377,2.2256999373435975,-0.003383430652320385,-0.04867178201675415,0.03248629883142216,0.09197890758514404,839.6137462861327,839.8524949877342,9.99137678708937,0.22312304488116297,0.4383593301271276,False
141,1787908843.2241354,6503.09994739,14.105571746826172,24000,24000,4391,481,1.972719334762954,0.13372674882222896,1.8370000123977661,2.24399995803833,0.0009415137465111911,-0.04874842241406441,0.034694379587692996,0.157844677567482,845.0312007316921,845.8811803985121,9.99232142454603,-0.6698623262903993,-0.8530343859843015,False
142,1787908843.3193278,6503.19978917,14.200764179229736,24000,24000,4567,569,1.9684200324576433,0.13505232589313654,1.8317999601364137,2.2523999691009524,-0.00725314486771822,-0.05182261019945145,0.03557507931383589,0.14477698504924774,851.2584430138351,851.8658903658059,10.007980432745615,-0.15440832485319334,-0.35893254618497394,False
143,1787908843.4192622,6503.29963447,14.300698518753052,24000,24000,4593,540,1.9625981527346152,0.14500795183781456,1.8178999602794648,2.238199925422668,-0.008008184842765331,-0.050617996603250504,0.037058862228331914,0.13721929490566254,857.8972696984016,857.9468739080949,10.006550933726217,0.4881035800948439,0.7217979368540455,False
144,1787908843.518973,6503.39947967,14.400409460067749,24000,24000,4666,579,1.949747841387009,0.12748903683126492,1.8029999732971191,2.192699909210205,-0.007450927514582872,-0.04905842989683151,0.03758365729232393,0.14045438170433044,864.0113095261758,863.9468783261285,9.99690640761693,0.6192330894843963,0.6631295404423554,False
145,1787908843.618751,6503.49930393,14.500187397003174,24000,24000,4519,550,1.9382090906663374,0.1339104373647245,1.772449976205826,2.152100074291229,-0.007464103866368532,-0.0438893623650074,0.0390972687703523,0.2049146294593811,869.6310895501956,870.006962525553,9.995629747308076,0.25208288732164874,-0.1097437818589242,False
146,1787908843.7292051,6503.59993679,14.610641479492188,24000,24000,4001,519,1.9384624268967292,0.1333944496426714,1.7641999840736389,2.1526999473571773,-0.00892668217420578,-0.04365570470690727,0.03784010565155778,0.2567543089389801,874.4016761310833,875.9839169747902,9.999420166909465,-1.6048566700262654,-2.4104938571965704,False
147,1787908843.8196537,6503.69977507,14.701090097427368,24000,24000,4419,614,1.9472540741246376,0.130411121085803,1.806650024652481,2.2058000326156617,-0.01633315160870552,-0.04336626082658768,0.03773217720831281,0.20858222246170044,881.1022345934795,881.9701826621966,10.007265494011437,-0.33144554364923806,-0.3806639544098971,False
148,1787908843.9196177,6503.79962661,14.801054000854492,24000,24000,4532,721,1.939051317771827,0.12629653736432953,1.7960000038146973,2.134999990463257,-0.013759629800915718,-0.046617377549409866,0.03627575125757321,0.25455158948898315,887.5298541755075,887.9402430981929,10.002169359916538,0.09808534926935408,-0.07702913206207995,False
149,1787908844.0198178,6503.89945825,14.901254177093506,24000,24000,4271,670,1.9509701486843736,0.13728810103804281,1.8018999874591828,2.223349964618682,-0.018172303214669228,-0.044521182775497437,0.03555935324814933,0.24409787356853485,893.4476053361262,893.830528772047,10.008759131300751,0.0035708505728280215,0.18985237104209318,False
150,1787908844.1194272,6503.99928961,15.000863552093506,24000,24000,4209,686,1.935935861862783,0.11249229317875441,1.8032499849796295,2.119749903678894,-0.016863731667399406,-0.04523548483848572,0.034102671804422204,0.31357282400131226,899.8436735825812,899.7840059695965,10.019179369906547,0.42282301608793205,0.2673409144086918,False
151,1787908844.2219393,6504.09992487,15.103375673294067,24000,24000,4233,744,1.9350900534660584,0.1191491085756526,1.8101499497890472,2.133400070667267,-0.013270535506308079,-0.04831279069185257,0.03292913846818737,0.24584192037582397,905.0855404496921,905.8448567702887,10.03053549946236,-0.4862983594518937,-0.5588258137291859,False
152,1787908844.319807,6504.19975895,15.20124340057373,24000,24000,4411,793,1.932370745218717,0.10826410021568983,1.8085999965667725,2.11220006942749,-0.014463730156421661,-0.045539721846580505,0.031810897358132764,0.20434582233428955,911.5676825076873,911.8269882573508,10.018737949028084,0.12353091462978227,0.3764346033937045,False
153,1787908844.4194098,6504.29960353,15.300846099853516,24000,24000,4245,737,1.9291994581390755,0.10912456048507418,1.8079999685287476,2.1107999324798583,-0.011892750859260559,-0.04516731575131416,0.02902804602320905,0.25883254408836365,916.935173367693,917.8174184990667,10.039777475870787,-0.4853937460968609,-0.6667081374378085,False
154,1787908844.5195942,6504.39943693,15.401030540466309,24000,24000,4138,696,1.9228864954463367,0.09388626496659384,1.809000015258789,2.066249966621399,-0.016314446926116943,-0.0452217236161232,0.0279260398384838,0.09874092787504196,923.0008462153478,923.8914906679463,10.057491620826942,-0.4310423801250636,-0.7123107516026721,False
155,1787908844.6185222,6504.49967293,15.499958515167236,24000,24000,4194,762,1.9292414715596697,0.10826419188705598,1.8140000104904175,2.106900107860565,-0.01705126464366913,-0.05016361549496651,0.02726475343450442,0.07461520284414291,929.0017402055363,929.9711509298581,10.057491620826942,-0.366078718254812,-0.5025735479740661,False
156,1787908844.719662,6504.59952305,15.60109829902649,24000,24000,4286,732,1.930150272579141,0.113050780615349,1.809999942779541,2.1111500263214107,-0.020003682002425194,-0.04857918992638588,0.02672932921852199,0.18572387099266052,935.2331008250042,936.0511002077955,10.066263731175217,-0.20336260732619849,0.007246259393014043,False
157,1787908844.8188827,6504.69936219,15.700319051742554,24000,24000,4321,767,1.9283820084518373,0.11378345523378122,1.7971999883651733,2.1147000551223747,-0.014983458444476128,-0.05007954314351082,0.026109038226955,0.17141564190387726,941.5582878381795,942.0537319279973,10.035906942595329,0.16832665128197277,0.13343791539057293,False
158,1787908844.9196842,6504.79999037,15.801120519638062,24000,24000,4217,709,1.935906911098066,0.11656431556627546,1.8074000120162963,2.1194000720977786,-0.011559511534869671,-0.049911025911569595,0.026155167877663435,0.20609033107757568,947.4816670150605,948.067162046173,10.024536687072539,0.04336113871750058,-0.0039128463146198555,False
159,1787908845.0194178,6504.89984033,15.900854110717773,24000,24000,4383,732,1.9464740447007893,0.11984354907582441,1.8155500173568726,2.160600018501281,-0.00780770368874073,-0.04917994141578674,0.02696311171642874,0.21120481193065643,954.0276065160025,954.1000902827765,10.016297497286859,0.6050312777133513,0.7593652059425722,False
160,1787908845.119639,6504.99968049,16.001075267791748,24000,24000,4445,715,1.9463664346641594,0.11375049054964816,1.809999942779541,2.1495999574661253,-0.006212207954376936,-0.050383154302835464,0.02723070859945557,0.2114400714635849,960.3439843143111,960.0912518045994,10.025217195233049,0.9078845131970184,1.0702785961151449,False
161,1787908845.2199,6505.09951953,16.101336240768433,24000,24000,4550,725,1.9481627572815994,0.12247846156129341,1.808199977874756,2.204600000381469,-0.005610840395092964,-0.04870273917913437,0.0281593242591906,0.16007712483406067,965.192942249224,966.1136056419164,10.042418281486574,-0.25907117023916726,-0.33378399593800623,False
162,1787908845.3198268,6505.19935561,16.201263189315796,24000,24000,4294,686,1.9433498525063428,0.11323233640810981,1.7945000231266022,2.171000063419342,-0.010540910996496677,-0.05043606832623482,0.02958525823673163,0.1421094536781311,971.6543037998308,972.1814655293641,10.019038483014814,0.2064190781219395,0.11153509093855973,False
163,1787908845.420058,6505.29999655,16.301494359970093,24000,24000,4312,666,1.9525495500893921,0.1208964563044803,1.8055000007152557,2.1855000853538513,-0.00963562447577715,-0.04839153215289116,0.03061649502297564,0.20449525117874146,977.7551847710889,978.2077948107028,10.010201571483353,0.2931746462436422,0.44188869429410715,False
164,1787908845.519492,6505.39984607,16.400928258895874,24000,24000,4332,694,1.949302592779099,0.11359119352465005,1.8170000314712524,2.144049894809723,-0.008363932371139526,-0.053514812141656876,0.03176630976813085,0.2692185938358307,983.3450017329711,984.1553170222776,10.022936611441631,-0.08329546164213752,-0.08782182412687689,False
165,1787908845.6196954,6505.49968187,16.501131772994995,24000,24000,4486,751,1.9611930767800931,0.12346287279501879,1.8259999752044678,2.203499913215637,-0.0039870962500572205,-0.054572656750679016,0.032163679922835954,0.20439867675304413,989.6567822542949,990.1480601648199,9.998408125617985,0.21601912026255832,0.6216750473702177,False
166,1787908845.7194571,6505.59951909,16.60089349746704,24000,24000,4295,704,1.950843750753186,0.10886186652542068,1.827150011062622,2.137400019168854,-0.0011850402224808931,-0.05315643921494484,0.03345470301830031,0.28093114495277405,995.5478059341089,996.1413689722995,9.98760791525749,0.12108536296955208,0.18338177964722036,False
167,1787908845.8194706,6505.69935441,16.700906991958618,24000,24000,4284,680,1.9555367631070755,0.11724303261410841,1.8389999866485596,2.1711000084877012,-0.0009066490456461906,-0.0478801503777504,0.0340313130975372,0.2644803524017334,1001.1609836717781,1002.0498103992102,9.97429606204125,-0.26680117858450103,-0.25556145348389236,False
168,1787908845.9198263,6505.79999085,16.801262617111206,24000,24000,4326,696,1.953972698799495,0.11285411859310256,1.8339999914169312,2.18625009059906,-0.0009336673538200557,-0.04666886478662491,0.03374242296255455,0.18673741817474365,1007.2760778353156,1007.9947159057378,9.991155218126147,-0.1733000049113116,-0.05684983263608956,False
169,1787908846.020034,6505.89983623,16.90147042274475,24000,24000,4440,717,1.9520892619754147,0.12055991806108297,1.8320000171661377,2.206599950790405,-0.005690957885235548,-0.04543431103229523,0.0340724446766174,0.2175804227590561,1013.2856837968317,1013.9880797432085,10.007615311983304,-0.17641748580490457,-0.4390197104606841,False
170,1787908846.11987,6505.99967799,17.001306295394897,24000,24000,4342,695,1.9453582719075595,0.11098026228328851,1.8229999542236328,2.1279999971389767,-0.0032251649536192417,-0.04418338090181351,0.033264843389818353,0.19908861815929413,1019.8510548246271,1020.0363584415176,10.027368033220217,0.39854702543448184,0.48247318405014994,False
171,1787908846.2197843,6506.09953069,17.10122060775757,24000,24000,4295,699,1.9499756827715982,0.1193089764621251,1.8309999704360962,2.191699981689453,-0.006286070682108402,-0.04178095981478691,0.03353618629349683,0.21596066653728485,1026.1563508640031,1026.135415462884,10.027368033220217,0.7087299658148822,0.7249463186108187,False
172,1787908846.3194537,6506.19936887,17.200890064239502,24000,24000,4260,725,1.9434993105921252,0.12382784690843456,1.818000030517578,2.099199914932251,-0.003107980126515031,-0.04125368967652321,0.0322410346678197,0.2713744640350342,1030.7550456299552,1032.2102546860085,10.016496212011793,-0.672996391041579,-0.8424609671276357,False
173,1787908846.4186938,6506.29960695,17.300130128860474,24000,24000,4310,760,1.9497210523015573,0.12657586847955601,1.8179499626159668,2.15415004491806,-0.004445742350071669,-0.04061872512102127,0.03181232456641255,0.22344687581062317,1037.6059334005313,1038.229399853102,9.993463892174931,0.2232348615095816,0.1927602371345074,False
174,1787908846.5194407,6506.39944603,17.400876998901367,24000,24000,4325,757,1.9414887691268519,0.1173010218837943,1.8209999799728394,2.0798000335693354,-0.004692199639976025,-0.03852266073226929,0.030346086492381432,0.23441989719867706,1044.1408597368795,1044.2235232886158,9.996734995480232,0.7130925186818331,0.9326866442604569,False
175,1787908846.6188884,6506.49967895,17.500324726104736,24000,24000,4147,742,1.9405754737134249,0.121204763767164,1.8040500164031983,2.0899499177932737,-0.007423217874020338,-0.03886357694864273,0.029743495683881967,0.18625323474407196,1049.4535259345091,1050.27162072948,9.987541291107652,0.058641914684812946,0.11341456181071408,False
176,1787908846.7193441,6506.59951909,17.600780487060547,24000,24000,4168,716,1.9487653616087397,0.1447122355405709,1.8070000410079956,2.2202500104904175,-0.015031533315777779,-0.03481153026223183,0.02842962995911485,0.1163686215877533,1055.0522757385013,1056.271126083463,9.989392385164633,-0.3702096743018046,-0.7056332921863486,False
177,1787908846.8195217,6506.69935293,17.700958013534546,24000,24000,4151,714,1.9473165288692762,0.12688047354607862,1.7999999523162842,2.2243499517440797,-0.015767225995659828,-0.034984249621629715,0.02721735748624998,0.24712814390659332,1062.3025209749187,1062.2877922773907,9.98036105596733,0.8691289463620251,0.9161606557199775,False
178,1787908846.9299662,6506.79999563,17.811402559280396,24000,24000,4377,767,1.9452881365431645,0.14477459976164636,1.7916000008583068,2.2127000093460083,-0.014794286340475082,-0.036396387964487076,0.028313055428094806,0.24303218722343445,1068.380939084576,1068.2441215589952,9.963262476964184,0.320593146651845,0.4741196438267252,False
179,1787908847.0232615,6506.89983015,17.90469789505005,24000,24000,4106,728,1.937017859174655,0.12967843495550782,1.7893500089645387,2.146249961853027,-0.016565632075071335,-0.0354708693921566,0.028457556058263302,0.34699323773384094,1073.795980865631,1074.1865938991446,9.955618270911364,0.13767727457684487,0.3363008864337189,False
180,1787908847.1197586,6506.99966571,18.001194953918457,24000,24000,4164,697,1.9379440481043615,0.13196870917995798,1.8029999732971191,2.1554000377655016,-0.019397512078285217,-0.03605302423238754,0.029800123333104726,0.3557703495025635,1079.6757430359755,1080.141718314101,9.950446214711164,0.22737025506717146,0.338881490658423,False
181,1787908847.2197864,6507.09951565,18.10122275352478,24000,24000,4140,663,1.9413212679809755,0.14449188276135147,1.8049999475479126,2.185400032997131,-0.01814999431371689,-0.036859381943941116,0.03025618015292465,0.33154362440109253,1085.540955202989,1086.090024402211,9.97235107659292,0.0906597995553966,0.15870807731948844,False
182,1787908847.3195667,6507.19935909,18.201003074645996,24000,24000,4374,681,1.9417092500804278,0.11581914565046604,1.8170000314712524,2.1630001068115234,-0.018759483471512794,-0.039478182792663574,0.03156497985822253,0.2428382933139801,1090.537760880127,1092.0379637613594,9.948091073804267,-0.8996078067061717,-0.9468125148625859,False
183,1787908847.4192631,6507.29960193,18.300699472427368,24000,24000,4265,588,1.9422210898934578,0.13977053218792507,1.8066999852657317,2.196099996566772,-0.023984162136912346,-0.04145899415016174,0.03247182793193646,0.2572418451309204,1097.4156558172735,1097.9190132670585,9.968867013552424,-0.003750538920485269,0.3493844438248743,False
184,1787908847.5198343,6507.39944127,18.401270627975464,24000,24000,4273,558,1.9449301073628087,0.13605575448488794,1.8156999886035918,2.2377500057220456,-0.02690788358449936,-0.046442728489637375,0.03343564373573285,0.16723768413066864,1103.9993351441606,1103.929067766763,10.00513291667823,0.5454034256842988,0.9228274835786578,False
185,1787908847.6186578,6507.49967717,18.500094175338745,24000,24000,4361,558,1.9443010764737283,0.12114315367535385,1.819000005722046,2.1881499528884887,-0.024528076872229576,-0.04956168308854103,0.03553855616655863,0.2589605748653412,1108.7510595103204,1109.9448763564899,9.994500069840337,-0.6325366303690316,-0.8016600260734776,False
186,1787908847.7196033,6507.59952319,18.60103964805603,24000,24000,4484,589,1.9652275041327614,0.15904218497979783,1.8244000196456909,2.3030000209808352,-0.02457878738641739,-0.04968426376581192,0.035513215365823636,0.2462891936302185,1115.5192334683813,1115.9043838546518,9.986466337089198,0.07865198233912452,-0.05405014446159839,False
187,1787908847.8196902,6507.69935603,18.70112657546997,24000,24000,4672,659,1.9531562966895213,0.13125734493919547,1.8229999542236328,2.2093000888824466,-0.02112836018204689,-0.05239591374993324,0.036461804065226804,0.23503947257995605,1121.1032180508648,1121.8523784937317,10.02350806136135,-0.3428338766846082,-0.3203502328731247,False
188,1787908847.9195998,6507.79998437,18.80103611946106,24000,24000,4579,682,1.9500615862457633,0.13223685637129423,1.8179999589920044,2.1930500030517566,-0.021901525557041168,-0.04700014740228653,0.03556374671239797,0.26401591300964355,1127.3287341569094,1127.9021098818648,10.02350806136135,-0.11214475520182532,-0.07010187599530582,False
189,1787908848.019369,6507.89982125,18.900805234909058,24000,24000,4537,748,1.9498609613607274,0.12869995799600176,1.8293500125408173,2.186150002479553,-0.02032400295138359,-0.047037523239851,0.03553080254128426,0.24246923625469208,1133.4240283412776,1134.0032059207049,10.031299609537427,-0.0032514853132852295,0.011935886313949595,False
190,1787908848.119739,6507.99967351,19.00117540359497,24000,24000,4650,729,1.9522373125222812,0.13193839249496214,1.820400023460388,2.196999931335449,-0.021616436541080475,-0.04157862439751625,0.0352101614097082,0.2212384045124054,1138.99537777107,1140.0646342030236,10.028776735945357,-0.454367694408802,-0.511242471286323,False
191,1787908848.219699,6508.09950107,19.10113525390625,24000,24000,4666,732,1.954296450145909,0.1345139911420356,1.819000005722046,2.2164500474929807,-0.014738439582288265,-0.043767839670181274,0.03384177386623543,0.1460941880941391,1145.5717242376686,1146.1229852404115,10.033875603649312,0.12413328034904225,0.0536569412870449,False
192,1787908848.3244078,6508.19932931,19.205844163894653,24000,24000,4268,643,1.9490311053084735,0.11073399662282221,1.8310999751091004,2.1472999334335325,-0.01755962334573269,-0.046303920447826385,0.032813326617972385,0.15372565388679504,1152.3302783536792,1152.1829277579368,10.014795278615496,0.5998862339552034,0.22854500555877166,False
193,1787908848.4201944,6508.29996519,19.30163073539734,24000,24000,4576,672,1.944971725344658,0.10805003966356973,1.8350000381469727,2.17634996175766,-0.015339953824877739,-0.04702392593026161,0.031017876679944528,0.20636418461799622,1158.1674130413905,1158.1463649807504,10.01564091552275,0.6895827824819207,0.7017750517816239,False
194,1787908848.519924,6508.39980727,19.401360273361206,24000,24000,4669,656,1.9482393282942656,0.1158089630303097,1.8287499845027924,2.1802499890327454,-0.011603660881519318,-0.048171211034059525,0.0292548749395207,0.2135065793991089,1163.092274918769,1164.1029744677846,10.053217418764401,-0.36958150481700613,-0.373737821642635,False
195,1787908848.6195295,6508.49964473,19.50096583366394,24000,24000,4746,663,1.949797887607937,0.11456620396641116,1.8201000452041627,2.1717999458312987,-0.011502264067530632,-0.04715602472424507,0.02770174919298439,0.19843252003192902,1169.6043266048573,1170.2100580313518,10.041062273163316,0.16588299187856137,0.2567017203048181,False
196,1787908848.7196198,6508.59949649,19.60105609893799,24000,24000,4575,609,1.951683087497705,0.11742682455430653,1.8339999914169312,2.1870000362396245,-0.004296570550650358,-0.050808344036340714,0.028417325984803996,0.20992715656757355,1175.9279632375285,1176.253333919629,10.008816700827465,0.4838489029386892,0.4997353381445464,False
197,1787908848.819286,6508.69933969,19.700722455978394,24000,24000,4588,595,1.9595260525951865,0.11931301965944147,1.8294000148773193,2.1969000339508056,-0.004024683032184839,-0.04680773243308067,0.029453934527924112,0.14764787256717682,1181.6610694394535,1182.2420452476983,10.016363838428918,0.23671995643712762,0.18573256593572296,False
198,1787908848.9208162,6508.79997821,19.802252531051636,24000,24000,4603,619,1.9607819087670963,0.11770055659190756,1.8289999961853027,2.173300099372864,-0.0006809107726439834,-0.04986965283751488,0.03195507573818634,0.13734667003154755,1187.587971733049,1188.2107653622484,10.0046440345776,0.07155927506869375,0.10908512046694341,False
199,1787908849.0201883,6508.89981657,19.90162467956543,24000,24000,4672,593,1.972809444390501,0.13787774590501706,1.8301999807357787,2.299200105667114,-0.004190743435174227,-0.05083930492401123,0.03206602279219389,0.11911247670650482,1193.2892011899485,1194.1766615695226,10.010056445523686,-0.1897931558792152,-0.29194021955277094,False
200,1787908849.1202254,6508.99965385,20.001661777496338,24000,24000,4534,565,1.9690654879122709,0.1375451500242781,1.8240000009536743,2.242599916458129,-0.007126128766685724,-0.05059879273176193,0.032864610730816146,0.13660313189029694,1199.4767267898367,1200.1839683257108,9.98912287552746,-0.0047481016626989,0.05518170516029386,False
201,1787908849.220236,6509.09948515,20.101672410964966,24000,24000,4590,576,1.9733923619820013,0.15451260400300987,1.8317500054836273,2.268999934196472,-0.005912624299526215,-0.04871353879570961,0.03491929720997753,0.19338098168373108,1205.5343960636883,1206.140540638558,9.982002285201986,0.052028561626002556,0.19760824542458977,False
202,1787908849.3189158,6509.19932421,20.20035219192505,24000,24000,4555,553,1.9714864386787898,0.14094556777035327,1.8372000217437745,2.2913999557495117,-0.007825905457139015,-0.050678860396146774,0.03630828664096903,0.14332160353660583,1211.4549094337851,1212.1191866105933,9.982002285201986,0.05150385969545823,0.19525017114870025,False
203,1787908849.4205592,6509.29997601,20.301995515823364,24000,24000,4742,526,1.9553346024266667,0.13057669555507367,1.8194999992847443,2.212750017642975,-0.0034899814054369926,-0.04952127858996391,0.03725119990914243,0.1238955408334732,1217.6020864421769,1218.1698355269148,9.991379461988508,0.09982267531540856,0.12814280704424164,False
204,1787908849.5198307,6509.39981445,20.401267051696777,24000,24000,4541,536,1.9575876882716792,0.1311915486941212,1.8177499771118164,2.197250008583069,-0.0041501629166305065,-0.04635212942957878,0.03811110579035846,0.1325422078371048,1224.5933097040618,1224.181546405349,9.991379461988508,1.1345010639106476,1.6339055803255178,False
205,1787908849.6198437,6509.49964629,20.501280069351196,24000,24000,4466,545,1.9522954120548492,0.12430475575737487,1.8022000312805175,2.2009999752044678,-0.005948245991021395,-0.044085659086704254,0.037795756542421434,0.15382975339889526,1229.3745395141038,1230.0983461471449,9.99939324204453,-0.08530479382716294,0.2536309284789695,False
206,1787908849.7194366,6509.59948219,20.60087299346924,24000,24000,4425,590,1.9410203388181784,0.11938545238459182,1.7899999618530273,2.1441999316215514,-0.011522054672241211,-0.04589967802166939,0.03776072490581908,0.19261591136455536,1234.6787618700248,1236.1376565455482,9.985044324281702,-0.756911424048667,-0.7779429578504278,False
207,1787908849.8190312,6509.69932319,20.700467586517334,24000,24000,4421,646,1.9306021694428412,0.11671657224872714,1.7665000259876251,2.114750027656555,-0.016418520361185074,-0.044974930584430695,0.037664907022775945,0.23810213804244995,1241.8827665683389,1242.128941173415,10.002065597147807,0.471164148070784,0.622512779326371,False
208,1787908849.9206872,6509.79996121,20.802123546600342,24000,24000,4439,698,1.9410558742575112,0.12379704579643983,1.8108499825000763,2.12590000629425,-0.01915273256599903,-0.04504356533288956,0.036259022742185766,0.29333120584487915,1247.746696955189,1248.1563802520536,9.998587383230651,0.2354781388989977,0.651362007245325,False
209,1787908850.0198772,6509.89979917,20.901313543319702,24000,24000,4359,728,1.942440933251119,0.12800684474396753,1.7920000553131104,2.1139500021934508,-0.016729047521948814,-0.04527492821216583,0.03564765814555891,0.22453488409519196,1253.9623477715204,1254.134289579192,9.998021564247383,0.49947663876264414,0.6804313324821578,False
210,1787908850.1199026,6509.99962897,21.001338958740234,24000,24000,4252,711,1.939672292536321,0.11826014950128763,1.8170000314712524,2.1545000076293945,-0.015958858653903008,-0.04535756632685661,0.03384493750733333,0.31799736618995667,1259.4103491073633,1260.1154508858756,9.978199418289245,-0.0543015907028348,0.05037436274915308,False
211,1787908850.2197134,6510.09947449,21.101149797439575,24000,24000,4216,729,1.9440205777460002,0.1384390116592809,1.8109999895095825,2.1848000049591065,-0.011643849313259125,-0.04678785428404808,0.03317740509186358,0.19199861586093903,1265.3814241332987,1266.1386873328513,9.960696969887818,-0.0721309805448982,-0.030648543761572,False
212,1787908850.3191214,6510.19930909,21.200557708740234,24000,24000,4331,798,1.9391466150606484,0.12932761957041028,1.8108499825000763,2.199049949645996,-0.014511686749756336,-0.0488591305911541,0.03104962958987993,0.27724605798721313,1271.3686003332166,1272.1023231763613,9.939460609111544,-0.04968252672961171,-0.07956970622467452,False
213,1787908850.4201016,6510.29994731,21.30153799057007,24000,24000,4197,714,1.9316680680136054,0.11414064509499657,1.8020000457763672,2.1053499937057496,-0.01306024007499218,-0.04621510952711105,0.02998366585831944,0.14135520160198212,1277.114587919983,1278.068479595128,9.960545623035399,-0.3627689206844025,-0.2824173262047225,False
214,1787908850.5209389,6510.39977447,21.40237522125244,24000,24000,4122,727,1.935206328658323,0.1348406162753147,1.8020000457763672,2.1486999511718747,-0.017359253019094467,-0.04506465047597885,0.02816942336635729,0.08669739216566086,1283.738882438844,1284.0513741651516,9.984150230432931,0.2110350504760845,0.38209461285123325,False
215,1787908850.6198218,6510.49961615,21.50125813484192,24000,24000,4130,738,1.9252168032211987,0.10091779138799957,1.8178499698638917,2.078300046920776,-0.02177223190665245,-0.049999359995126724,0.026915919398657003,0.15283168852329254,1290.2004271690655,1290.1050314409379,9.992649455164223,0.7393532337807756,0.7005602054136943,False
216,1787908850.7192488,6510.59944061,21.600685119628906,24000,24000,4337,756,1.9304219582093456,0.11015312931889928,1.812000036239624,2.145500063896179,-0.01668643206357956,-0.047539692372083664,0.026807774529764867,0.14761875569820404,1294.8927455423147,1296.1193791323833,9.989892339260235,-0.5342005968084322,-0.9498857269186374,False
217,1787908850.819009,6510.69967117,21.700445413589478,24000,24000,4173,705,1.9319971612159241,0.10654497620356791,1.819000005722046,2.114999961853027,-0.013820433057844639,-0.048699405044317245,0.02578113283046221,0.25466179847717285,1301.8847308322268,1302.076473550034,9.957986283968467,0.47191309032677964,0.5849623978951968,False
218,1787908850.919338,6510.79950565,21.800774335861206,24000,24000,4253,718,1.9452103049310137,0.13498263229026003,1.8108499825000763,2.1943500518798826,-0.00788099691271782,-0.05083271116018295,0.025546684533036712,0.17480188608169556,1307.2280548943866,1308.0399132788036,9.964346783074083,-0.20475359654733438,-0.30104878036399896,False
219,1787908851.034119,6510.89934883,21.915555238723755,24000,24000,4330,667,1.9412848563387297,0.1176055162948515,1.8042999982833863,2.1516000032424922,-0.007944630458950996,-0.04832533001899719,0.025821201893949427,0.24274158477783203,1313.8751860865552,1314.000796963948,10.008931302307778,-0.4447687800454787,-0.6244918253512424,False
220,1787908851.1310003,6511.000400032,22.012436628341675,24000,24000,4134,678,1.9433731566839865,0.12189565505406334,1.805699998140335,2.1690499782562256,-0.007959235459566116,-0.047118619084358215,0.027443298278467133,0.16382883489131927,1319.549547420674,1320.0407437127271,10.008837531717452,-0.5835374591629261,-0.9369072465067347,False
221,1787908851.2197676,6511.10023269,22.10120391845703,24000,24000,4367,685,1.9444189802573546,0.11968551970701326,1.7951999664306642,2.1528000831604004,-0.006590778939425945,-0.04785750433802605,0.028209931107251045,0.17644596099853516,1324.9156704945024,1326.0308454576518,10.01442174773277,-0.5436777719176007,-0.5565422335685071,False
222,1787908851.3193874,6511.20006553,22.20082378387451,24000,24000,4363,718,1.94876184071671,0.1224745835905986,1.7979999780654907,2.1730000972747803,-0.008113151416182518,-0.05037255212664604,0.03003174630404323,0.15863868594169617,1331.649801918402,1332.0463523180974,10.010798805483946,0.21300811928745134,0.22415985489146806,False
223,1787908851.4197104,6511.29991181,22.301146745681763,24000,24000,4339,685,1.9472759140668994,0.1132619922214487,1.8161999940872193,2.1302000522613525,-0.010349650867283344,-0.051047030836343765,0.03071092414103575,0.26492488384246826,1337.530724567847,1338.0445457454443,10.007159103959967,0.07429766274094618,0.016011135801363707,False
224,1787908851.5194283,6511.39975057,22.400864601135254,24000,24000,4377,741,1.9528609992038866,0.10952545626852778,1.8250000476837158,2.1530001163482666,-0.006100873928517103,-0.055792517960071564,0.03128607089062333,0.20901845395565033,1343.396794760553,1344.0115738526836,9.997669499150762,-0.04295732886703263,-0.027613511762865528,False
225,1787908851.6192257,6511.49958733,22.500662088394165,24000,24000,4385,704,1.9492002861066298,0.10684967208443064,1.8151500463485717,2.144849991798401,-0.005360145587474108,-0.05404123291373253,0.03232957910716267,0.27747198939323425,1349.6788855770048,1350.0190883865037,10.003527062791804,0.2510301922227427,0.27779510916639083,False
226,1787908851.7195039,6511.59944285,22.600940227508545,24000,24000,4246,661,1.9591240540214458,0.11297819157099705,1.8309999704360962,2.1619999408721924,-0.002787946490570903,-0.05175912380218506,0.03356555305355575,0.28802818059921265,1355.1983750029074,1356.1153372072613,10.006703545630517,-0.2464240121862531,-0.1707397114446394,False
227,1787908851.818912,6511.69928109,22.700348377227783,24000,24000,4302,669,1.9515829565635532,0.09743992598981555,1.8380000591278076,2.130200004577637,-0.0010521922959014773,-0.04818674176931381,0.03361143924797608,0.2322043627500534,1360.8498694205398,1361.993581947508,9.98098782761634,-0.5596716463780922,-0.710335808067839,False
228,1787908851.9202046,6511.79991501,22.80164098739624,24000,24000,4372,662,1.9495574030631257,0.11421525655967496,1.8330499470233916,2.121949982643127,-0.002136452589184046,-0.045545727014541626,0.03401156026219128,0.21189403533935547,1367.77873834676,1368.0128641651097,10.004519649755538,0.2913828036926134,0.23396949331026917,False
229,1787908852.0196598,6511.89975495,22.90109610557556,24000,24000,4451,752,1.9497726071388164,0.11640649583399328,1.8325499773025513,2.1232499957084654,0.000765927426982671,-0.048112113028764725,0.033637136315095795,0.2096346914768219,1374.0196584249763,1374.017710137318,10.004519649755538,0.5647426029095186,0.765122228862765,False
230,1787908852.1196337,6511.99958833,23.001070022583008,24000,24000,4286,672,1.9460892865345591,0.12073269349511145,1.8256500124931336,2.1274499893188463,-0.003318936098366976,-0.04383594170212746,0.03342140815264696,0.2857658565044403,1379.4166116819108,1380.012705927139,9.975828417776123,-0.036993669576986576,0.02413905052208065,False
231,1787908852.219597,6512.09942461,23.101033449172974,24000,24000,4272,718,1.952554318234117,0.12460005240902186,1.8259999752044678,2.198850071430206,-0.0032946071587502956,-0.0440417043864727,0.033495624495340576,0.2365104705095291,1385.674613537826,1385.968135909599,9.957112229641154,0.22294810867219894,0.3582280622233611,False
232,1787908852.3186069,6512.19965311,23.200043201446533,24000,24000,4200,715,1.9504979036904715,0.12761178933868986,1.826700007915497,2.1572999954223624,-0.00305041391402483,-0.042149562388658524,0.03292108513967678,0.248795285820961,1391.2347552424205,1391.8754715633163,9.94620429541718,-0.15774737759488744,-0.07715184918833984,False
233,1787908852.4194326,6512.29949571,23.30086898803711,24000,24000,4392,776,1.9428015478800253,0.12172746554819049,1.8117500245571136,2.1232499480247498,-0.004975132178515196,-0.03842174634337425,0.031759603422278494,0.2191295623779297,1397.3057999286666,1397.833901359778,9.960065803358807,-0.13650656440790954,-0.17044608894593694,False
234,1787908852.518626,6512.39933655,23.400062322616577,24000,24000,4279,754,1.9445862063362365,0.11981693026761721,1.8133000195026399,2.108699989318848,-0.005511607509106398,-0.03879397734999657,0.03029306204589579,0.17512336373329163,1403.2747748033505,1403.8205056282902,9.972560724333258,-0.11938428629537157,-0.22487738255426848,False
235,1787908852.6209743,6512.49996785,23.502410650253296,24000,24000,4204,722,1.9464307480241454,0.13082892290057713,1.809999942779541,2.1508500218391418,-0.010511897504329681,-0.03650951758027077,0.02918910582083119,0.14162610471248627,1409.1952070450293,1409.805555188601,9.980823159565128,-0.340112256458724,-0.48319983621740903,False
236,1787908852.7197807,6512.59982045,23.601217031478882,24000,24000,4196,725,1.950903448565253,0.12855600800145053,1.809000015258789,2.174400091171264,-0.013471159152686596,-0.035115521401166916,0.028313265330163102,0.13377752900123596,1414.356130031154,1415.7933847688187,9.97515796500686,-1.1078236805847155,-1.1652365707216177,False
237,1787908852.8208513,6512.69965233,23.702287673950195,24000,24000,4264,764,1.951412301725118,0.14440819118074047,1.8001499593257904,2.2233499169349673,-0.01903461292386055,-0.03796254098415375,0.028288704428222185,0.24006201326847076,1422.0247037371312,1421.7422560020184,9.987483981983681,0.4962541761465218,0.13716925628750687,False
238,1787908852.9196644,6512.79949877,23.801100730895996,24000,24000,4341,751,1.940243676404026,0.13119870963433305,1.796500027179718,2.1649999618530273,-0.0171053484082222,-0.03831133991479874,0.02850306082399237,0.29243677854537964,1427.1375700153778,1427.6683142298953,9.987483981983681,-0.3199145160651824,-0.5569349698703263,False
239,1787908853.0196888,6512.89935127,23.901125192642212,24000,24000,4159,707,1.93432390285179,0.14415849690799418,1.761300015449524,2.2065999507904035,-0.016224144026637077,-0.03438755124807358,0.028154204347586427,0.36186376214027405,1432.4787675325347,1433.7010048711143,10.032477475569875,-0.980439341329884,-1.1637451197980226,False
240,1787908853.121213,6512.99998495,24.002649307250977,24000,24000,4163,711,1.9339704637621358,0.13419299765977155,1.7925000190734863,2.1195000410079956,-0.01786705292761326,-0.03687974810600281,0.029804486352591857,0.30177974700927734,1439.0783840005295,1439.768171477558,10.040065199202877,-0.4725282052563671,-0.23133628171035525,False
241,1787908853.2223866,6513.09982705,24.103822946548462,24000,24000,4213,690,1.9459507263225058,0.12544215212244209,1.8139000058174133,2.1570000648498535,-0.01642610877752304,-0.03780755773186684,0.030159615895186724,0.3173770010471344,1445.4516387208578,1445.803391995629,10.057117886972152,-0.16994940594895525,0.009197360330517768,False
242,1787908853.3193223,6513.19965763,24.200758695602417,24000,24000,4347,649,1.94264406819924,0.12937513209099852,1.8133999824523925,2.1736000537872315,-0.01817995309829712,-0.037584852427244186,0.03191931367227733,0.2672570049762726,1451.514915428218,1451.9241509123265,10.065048952981131,0.0769355836273462,0.2387601317723238,False
243,1787908853.4198277,6513.29952501,24.30126404762268,24000,24000,4230,607,1.9485831975544108,0.1449531054073841,1.8170000314712524,2.203199911117553,-0.02309264987707138,-0.04406585171818733,0.03339569006708198,0.24799571931362152,1457.626421948611,1457.973332105011,10.052370112618362,0.15786512092790872,0.008106074330726187,False
244,1787908853.519591,6513.39936409,24.40102744102478,24000,24000,4265,545,1.9340513771827068,0.11570489197609811,1.8220000267028809,2.1575999736785887,-0.02494962140917778,-0.046022847294807434,0.033695677258735755,0.26146388053894043,1463.2914456312944,1464.0228932901214,10.052430130606734,-0.16316877354779535,-0.18570276637888128,False
245,1787908853.6200936,6513.49960163,24.501529932022095,24000,24000,4400,575,1.9519600038943083,0.14723492534401453,1.813800036907196,2.2236999750137323,-0.025995565578341484,-0.049380648881196976,0.0352098843071114,0.22301945090293884,1469.1995069664317,1470.0951106772966,10.039825126123668,-0.28551275284257827,-0.36814899968271675,False
246,1787908853.72028,6513.59944161,24.60171627998352,24000,24000,4661,633,1.9438641423486043,0.12181308461562007,1.8175999879837037,2.140199995040893,-0.02651689387857914,-0.04685142636299133,0.035010831734413085,0.26940104365348816,1475.5743428467995,1476.132806769061,10.014791655203243,0.0778872000685169,0.2384690791218418,False
247,1787908853.8193007,6513.69967503,24.70073699951172,24000,24000,4546,660,1.9559939402522464,0.13730343905098127,1.8259999752044678,2.226150071620941,-0.021673912182450294,-0.04971560835838318,0.03594917224163497,0.23977424204349518,1481.874455985066,1482.0977609553322,10.014791655203243,0.436505084275268,0.42065248591211457,False
248,1787908853.9204774,6513.79951013,24.801913738250732,24000,24000,4555,679,1.9536642097759669,0.14264450339868479,1.8238999962806701,2.1888999700546266,-0.020643824711441994,-0.04639611020684242,0.03570157365644316,0.26055818796157837,1487.9485003331997,1488.1563600426068,10.022547309465118,0.4396875370059661,0.6739629296962448,False
249,1787908854.019151,6513.89934581,24.90058732032776,24000,24000,4558,725,1.9469668962215556,0.11822393863262386,1.8140000104904175,2.1647999763488768,-0.020975997671484947,-0.04357645660638809,0.035849937659479435,0.18817821145057678,1493.5358609968591,1494.156014795061,10.022547309465118,0.10638207740203143,0.033632611360417286,False
250,1787908854.1216512,6513.99997091,25.003087520599365,24000,24000,4691,735,1.9576285727170049,0.12889443750032606,1.8320000171661377,2.1866000652313233,-0.0194451455026865,-0.04320886358618736,0.03556210732037439,0.2049846053123474,1499.6348331995584,1500.097477370774,9.99088711093196,0.05508132353588735,0.15191967506984838,False
251,1787908854.2200751,6514.09979227,25.101511478424072,24000,24000,4512,682,1.9486935493533561,0.1044891330601895,1.8321000158786773,2.1418999671936034,-0.022746657952666283,-0.04205886647105217,0.03378117453077024,0.1301574558019638,1505.791040262104,1506.071406269734,9.989801992243516,0.30560035343910386,0.32469858379567995,False
252,1787908854.3200772,6514.19964557,25.201513528823853,24000,24000,4559,669,1.9418624835520404,0.10664540113656286,1.8244000196456909,2.104199981689453,-0.01606256142258644,-0.04554608464241028,0.032854087860965414,0.16461113095283508,1510.939071390904,1512.017467296544,9.995684281721488,-0.5467461223424834,-0.846196840523362,False
253,1787908854.419855,6514.29949619,25.301291465759277,24000,24000,4603,691,1.9427727926657272,0.10835619511284052,1.831499993801117,2.1419999599456787,-0.014241690747439861,-0.04569794610142708,0.03140136990624925,0.2108761966228485,1517.4496621820088,1518.0073142226368,10.003611236257019,-0.023085557420245095,-0.028510734866813436,False
254,1787908854.5192192,6514.39932787,25.400655508041382,24000,24000,4724,674,1.9439643932733055,0.10614695451450774,1.8350000381469727,2.1563499569892883,-0.010636596009135246,-0.047536443918943405,0.02882930479230222,0.24574601650238037,1523.5284892947664,1524.0379225791842,9.998285135227073,0.09364606202780124,0.03374184348149356,False
255,1787908854.6200624,6514.49996909,25.501498699188232,24000,24000,4587,635,1.9542440936321348,0.11848952962008326,1.8359999656677246,2.187000036239624,-0.006250172853469849,-0.04909541830420494,0.02805820412808028,0.19064249098300934,1529.1230792844688,1530.0538195714378,9.979560146539695,-0.36261213901298106,-0.5255031251190303,False
256,1787908854.7199204,6514.59981339,25.601356744766235,24000,24000,4577,634,1.9544132485374668,0.12000277435488856,1.8259999752044678,2.215750026702881,-0.00470205582678318,-0.04947489872574806,0.028368931966255843,0.19912494719028473,1535.403046256732,1536.029808255427,9.96082711271824,-0.07438211542375939,-0.26740872835239315,False
257,1787908854.8196888,6514.69965505,25.701125144958496,24000,24000,4564,592,1.9509425682796013,0.10055205181924885,1.820550012588501,2.127499902248382,-0.004394715651869774,-0.04687292501330376,0.02963370942107259,0.15406835079193115,1541.2517606971621,1541.957933249172,9.963838716156486,-0.21202567230830027,-0.39186718565360934,False
258,1787908854.9200385,6514.79949009,25.801474809646606,24000,24000,4641,622,1.9610980705049643,0.12969508930783682,1.824099999666214,2.1999500393867493,-0.00412105955183506,-0.048832982778549194,0.031580275069575475,0.1379106193780899,1547.510942861174,1547.9641570888314,9.976902522853829,0.02592114488174957,-0.13516888990534426,False
259,1787908855.0196173,6514.89933757,25.90105366706848,24000,24000,4712,613,1.9659771619768749,0.1302665062054202,1.8285999774932862,2.238400077819824,-0.004357564728707075,-0.046445176005363464,0.03182989245528276,0.14284750819206238,1553.5885296885892,1553.9538910014983,9.999471828434336,0.12852302373471503,0.28828194741595325,False
260,1787908855.121897,6514.99998813,26.00333333015442,24000,24000,4550,568,1.9697376737292385,0.14331775878421635,1.8203500270843507,2.284800004959106,-0.0076166498474776745,-0.05006880685687065,0.03424219060470553,0.15575405955314636,1559.497733765932,1559.9352722648555,10.008222951403832,-0.099313062914689,0.023099595236317327,False
261,1787908855.2209396,6515.09982113,26.102375984191895,24000,24000,4557,580,1.978677584590583,0.15294277755693825,1.828849995136261,2.3051000595092774,-0.005802644416689873,-0.05215983837842941,0.034675236321023754,0.14897623658180237,1565.2964219605476,1565.9695342942407,10.011821407207643,-0.24343624875541536,-0.21901021433609458,False
262,1787908855.3196437,6515.19964331,26.201080083847046,24000,24000,4546,504,1.9674781747753658,0.14317950372726945,1.8254500329494476,2.2593499302864073,-0.006968315690755844,-0.05100299417972565,0.03617603197182167,0.1407458782196045,1572.0408883501198,1572.0033322857848,10.012414879097353,0.5785328851757185,0.5768824824560852,False
263,1787908855.419514,6515.29948123,26.300950288772583,24000,24000,4716,553,1.9620777620760486,0.1345599471885582,1.8182000160217284,2.2381999492645264,-0.008122975006699562,-0.051231686025857925,0.03725838255703517,0.1565893292427063,1577.655093931843,1577.986976619935,10.002049523823551,0.20027192641805414,0.02645814968718696,False
264,1787908855.5185869,6515.39931207,26.400023221969604,24000,24000,4469,488,1.9473750007445696,0.12096964613037263,1.8083499848842621,2.141249930858612,-0.0027783717960119247,-0.046377066522836685,0.038419744572485315,0.13362929224967957,1583.1950137466447,1584.0042609385039,9.99952068957995,-0.20443646589274067,-0.2753528801501943,False
265,1787908855.6199224,6515.49995573,26.5013587474823,24000,24000,4493,566,1.943372790678651,0.12132933459924487,1.7807500064373016,2.1604999899864197,-0.004631012678146362,-0.048006001859903336,0.03738840502046702,0.10017132014036179,1588.8178333459116,1590.010247807607,9.998098380850083,-0.6620063726818444,-0.7604782245568913,False
266,1787908855.7194526,6515.59980871,26.600888967514038,24000,24000,4479,594,1.9425925911476316,0.12474506629892662,1.7730000019073486,2.165749990940094,-0.014594126492738724,-0.041388899087905884,0.03698624585275298,0.1768564134836197,1594.874076986947,1595.9381722315486,9.988180507525225,-0.5778293129815211,-0.5294385587219494,False
267,1787908855.8197181,6515.69964965,26.701154470443726,24000,24000,4584,680,1.9349161784438527,0.13167328561502142,1.7717499554157257,2.124000072479248,-0.015199159272015095,-0.0464104488492012,0.03730307664187503,0.2815915048122406,1601.8231370622182,1601.9419713035531,10.000696518713676,0.3550453352281693,0.603925654041177,False
268,1787908855.9195616,6515.79948691,26.800997972488403,24000,24000,4411,703,1.9484864851489005,0.1327452607908906,1.8032999753952026,2.1629000902175903,-0.01698772981762886,-0.046614546328783035,0.03701445032541323,0.2989606559276581,1607.1966313963023,1607.9321842974234,9.99901558091334,-0.2623246303380711,-0.20095703981223778,False
269,1787908856.0191987,6515.89932983,26.90063500404358,24000,24000,4357,712,1.9413132012894985,0.11324150315202969,1.8220000267028809,2.1252499580383297,-0.017038490623235703,-0.046446140855550766,0.03580940033672072,0.2731679379940033,1613.7365532200336,1613.905667922169,9.978112022326451,0.2991216487359907,0.32699986080297094,False
270,1787908856.121194,6515.99995815,27.00263023376465,24000,24000,4211,708,1.94098870161563,0.12432226293378795,1.8053499639034272,2.164249932765961,-0.014270314946770668,-0.04615822434425354,0.03411636679379642,0.2685984671115875,1619.734774984297,1619.9460465948998,9.989879097044849,0.17736997499673635,0.1804637305772303,False
271,1787908856.2202318,6516.09980025,27.101668119430542,24000,24000,4384,765,1.9421947734807832,0.13418390122550689,1.8098000049591065,2.2067999362945554,-0.01487581618130207,-0.04433439299464226,0.03310565070298975,0.19762934744358063,1625.1972586334523,1625.9700065868535,9.980418991026642,-0.3026716418705746,-0.3019867816583428,False
272,1787908856.319381,6516.19964469,27.200817346572876,24000,24000,4228,727,1.9362283353136527,0.12512334316609133,1.8063000082969665,2.1198000669479367,-0.014001583680510521,-0.04559072107076645,0.030976708611077156,0.22764994204044342,1631.462708285276,1631.9242474462305,9.962819525658977,0.01357197189645376,-0.16243329868984802,False
273,1787908856.419723,6516.29947397,27.301159381866455,24000,24000,4108,696,1.9212945387966331,0.1098056928218218,1.8027499914169312,2.0672499537467957,-0.015155330300331116,-0.045958369970321655,0.029769847036037394,0.1472140997648239,1637.267931406563,1637.9896760176941,10.000949067823685,-0.20198247054395324,-0.29773421884397067,False
274,1787908856.518805,6516.39930861,27.400241374969482,24000,24000,4184,768,1.9299361996042232,0.11068292281382344,1.809999942779541,2.1136500239372253,-0.014817818999290466,-0.0509011410176754,0.02822152034107515,0.1545296013355255,1643.1114282856875,1644.0208236129868,9.999669741812747,-0.30365741595664986,-0.34241406537262264,False
275,1787908856.62016,6516.49993783,27.501596450805664,24000,24000,4240,758,1.9252717664814247,0.09494931994296202,1.8137000143527984,2.055150055885315,-0.025580456480383873,-0.04885207116603851,0.026956877083863132,0.12416089326143265,1649.2991262137573,1650.0534809887642,9.998365374843099,-0.19752206312227827,-0.3865888063357943,False
276,1787908856.7195044,6516.59978313,27.600940704345703,24000,24000,4307,737,1.9347394832600733,0.12038867269662806,1.817799973487854,2.160400056838989,-0.016445979475975037,-0.04768922179937363,0.026794430371377805,0.2162850797176361,1656.0766687965854,1656.0088351250631,9.984127017083736,0.6191124012975706,0.6656483456383739,False
277,1787908856.8199232,6516.69963739,27.701359510421753,24000,24000,4241,732,1.9380027337478158,0.12111330510989128,1.8185499846935271,2.1480000019073486,-0.011289174668490887,-0.048018649220466614,0.025978831044004197,0.1912892460823059,1661.3794073092972,1662.016177908987,10.001531091805166,-0.10353309210586303,-0.27464421284958007,False
278,1787908856.9336793,6516.79947681,27.815115690231323,24000,24000,3772,655,1.9369129761484742,0.11798610959712684,1.7987000107765199,2.1286999225616445,-0.007475992199033499,-0.05548085272312164,0.0259672779977785,0.1376313418149948,1667.3315910152696,1668.0234197397763,10.010261785859287,-0.9770097699288272,-1.257031066627178,False
279,1787908857.023678,6516.89931581,27.90511441230774,24000,24000,4344,708,1.953408192948433,0.12933269258715177,1.8133499801158905,2.190599930286407,-0.007618021219968796,-0.04729055240750313,0.026319840672714565,0.18194013833999634,1673.8755900489589,1674.0153042779095,10.025920150020646,0.16683682459120064,0.3887225028965986,False
280,1787908857.1214185,6516.99995753,28.002854824066162,24000,24000,4463,742,1.9397857155439988,0.12354616887877845,1.8020500421524048,2.126700091361999,-0.0068800984881818295,-0.048174794763326645,0.028036215212044253,0.1619451493024826,1679.1023969717692,1680.0432722782482,10.038197012735365,-0.47102978112366145,-0.6948404916270192,False
281,1787908857.225904,6517.09979423,28.107340335845947,24000,24000,4142,712,1.9553216302327896,0.1326099122257308,1.809999942779541,2.231350028514862,-0.01094141136854887,-0.04778007045388222,0.028965738421122378,0.20345304906368256,1685.14912043381,1686.1237124193303,10.023832028190828,-0.6937030202534515,-0.9443566186362204,False
282,1787908857.3239653,6517.19963569,28.20540165901184,24000,24000,4331,688,1.9388982549656268,0.10834594953086392,1.8023500204086305,2.1185999035835263,-0.012973319739103317,-0.051669374108314514,0.02945682325169849,0.23953692615032196,1691.9642779506758,1692.1252903650577,10.028938787154662,0.23752546667742536,0.19262334217455646,False
283,1787908857.4196754,6517.29946839,28.301111698150635,24000,24000,4340,724,1.9479074583527791,0.11834838742509622,1.8032999694347382,2.1743999600410464,-0.009289643727242947,-0.053141772747039795,0.030666258501696107,0.2607305645942688,1697.4075991154373,1698.1398962302994,10.028938787154662,-0.06199937107976439,-0.008444765430112966,False
284,1787908857.5188527,6517.39932697,28.400289058685303,24000,24000,4400,717,1.9520990269952239,0.11178177757333722,1.8157999992370606,2.1791999816894525,-0.003972084727138281,-0.0529058463871479,0.03143895873787173,0.22526097297668457,1703.7812554846694,1704.1742544622186,10.018644677630379,0.3607628849347293,0.2976979741474679,False
285,1787908857.620069,6517.49995517,28.501505374908447,24000,24000,4266,694,1.9509798305522468,0.1012972001340492,1.8339999914169312,2.138700044155121,-0.0015400105621665716,-0.053379300981760025,0.03305704185298841,0.252790242433548,1709.379924093911,1710.1387415841398,10.002713736869937,-0.11380515102882782,-0.13781151389434854,False
286,1787908857.720054,6517.59980491,28.601490259170532,24000,24000,4285,665,1.9524691760988164,0.10614626720139936,1.8434000492095948,2.131399917602539,-0.0036583903711289167,-0.050252825021743774,0.033254551905105005,0.24023233354091644,1715.9825228179632,1716.087013897604,10.01678312664423,0.4894459804040707,0.5816219658513546,False
287,1787908857.8196363,6517.69965017,28.701072692871094,24000,24000,4279,665,1.9431789496787508,0.09517582095019964,1.832200002670288,2.0684000015258786,-0.001788316760212183,-0.05052576959133148,0.03392299667629311,0.2221699208021164,1721.0420992151476,1722.0952975055095,10.02274371766359,-0.42617715679921275,-0.4197957297085395,False
288,1787908857.9192936,6517.79947975,28.800729990005493,24000,24000,4393,706,1.9601798898437544,0.12146435129331684,1.8389999866485596,2.1822500228881836,-0.008291030302643776,-0.046981293708086014,0.03411143490608951,0.20008140802383423,1727.921794362647,1728.0938913525895,10.03484941058608,0.4738264596983299,0.5181319630125927,False
289,1787908858.018982,6517.89932669,28.900418281555176,24000,24000,4405,673,1.9509673123905245,0.11535678076976884,1.837600040435791,2.1222000122070312,-0.003472146112471819,-0.044988710433244705,0.033821831459543546,0.2748798429965973,1733.6485405242806,1734.1235713073527,10.015320826391589,0.21902134650895277,0.24639829552938863,False
290,1787908858.1210685,6517.99995807,29.00250482559204,24000,24000,4289,706,1.9494999996663491,0.1159306263317742,1.8252500295639038,2.1682499051094055,-0.0031431487295776606,-0.04506097733974457,0.033965359162647146,0.278758704662323,1739.7588122928685,1740.157715160319,10.005741909974978,0.20384058568265573,0.27452620614417356,False
291,1787908858.2198362,6518.09979799,29.101272583007812,24000,24000,4264,724,1.9428853586892396,0.11212766394875325,1.8201500415802,2.133400070667267,-0.0008307708776555955,-0.043787188827991486,0.03349110512745225,0.28439927101135254,1745.0995258883845,1746.1182125082294,9.988333022452261,-0.3817627021364842,-0.6048991851077972,False
292,1787908858.3197937,6518.19963109,29.2012300491333,24000,24000,4349,761,1.946319315185998,0.11803368686305638,1.8220000267028809,2.128000020980835,-0.0024927540216594934,-0.04103482887148857,0.03284521801872007,0.2337953895330429,1751.5561968996433,1752.0299023108432,9.96250541373552,0.07720587449875893,0.40707939740900656,False
293,1787908858.4244797,6518.29946893,29.30591607093811,24000,24000,4138,700,1.946845714364733,0.12636701509814857,1.8138500094413756,2.1701500773429867,-0.003861513454467058,-0.04076995328068733,0.030960106893477665,0.20039305090904236,1757.5944387415066,1758.0197044576403,9.99646383892677,-0.16598009675908543,-0.5680892105256135,False
294,1787908858.5208998,6518.39932309,29.40233612060547,24000,24000,4185,714,1.942082635661801,0.11768282008261287,1.810649973154068,2.0903999686241153,-0.006642145104706287,-0.03723970055580139,0.030722193510280042,0.14322441816329956,1762.9483396241485,1764.0600675817673,10.005225941743712,-0.5975276558617679,-0.5475307412591519,False
295,1787908858.6221924,6518.49996511,29.503628730773926,24000,24000,4229,725,1.9461365512321736,0.13127029791023703,1.8122000217437744,2.116400003433227,-0.013552774675190449,-0.03623597323894501,0.029195605701302633,0.0989035815000534,1769.4696423228777,1770.0934012512637,9.984885781319734,-0.15403943328215064,-0.24362479775641077,False
296,1787908858.7208443,6518.59979137,29.602280616760254,24000,24000,4240,743,1.9534145357791701,0.13528081231489805,1.8092000126838683,2.2055000782012937,-0.013599613681435585,-0.03650929778814316,0.027713007521415044,0.2364700436592102,1775.7896975268652,1776.0950552846682,9.982534651091031,0.2466514681168519,0.5431210279148218,False
297,1787908858.8207402,6518.69963829,29.702176570892334,24000,24000,4405,801,1.9448938825157251,0.1301435077951082,1.7999999523162842,2.183000087738037,-0.014516694471240044,-0.03610606491565704,0.028204720581962616,0.23936331272125244,1781.9812722728368,1782.0920685455733,9.983251140210792,0.44421465566392726,0.39861925406421506,False
298,1787908858.9201937,6518.79947395,29.8016300201416,24000,24000,4170,713,1.9382047688308972,0.12912172970260608,1.7960000038146973,2.116000032424927,-0.015447672456502914,-0.03703102096915245,0.027957494597638022,0.3146035373210907,1787.639986723331,1787.988458071544,9.995098577672165,0.135468967210727,0.1311151305551448,False
299,1787908859.0209658,6518.89932107,29.90240216255188,24000,24000,4153,704,1.932562499053099,0.13765346453733265,1.784600031375885,2.1415499567985536,-0.0156631488353014,-0.0362880676984787,0.02934819687930913,0.31261858344078064,1792.964550639126,1794.106304197022,10.035061500955532,-0.5865522026706458,-0.7031249681595,False
300,1787908859.1215856,6518.99997605,30.003021955490112,24000,24000,4137,686,1.9378965020874845,0.13203071554211082,1.800499975681305,2.1670000553131104,-0.015671882778406143,-0.03761168569326401,0.028601231805205657,0.3263847827911377,1799.297929018645,1800.1644738849611,9.991083789365424,-0.29061755266070577,0.16969440633261001,False
301,1787908859.2261128,6519.09981083,30.10754919052124,24000,24000,4407,730,1.9413438374049043,0.13031608085847146,1.8094499826431274,2.150099980831146,-0.021502003073692322,-0.036138057708740234,0.030716271375411858,0.2716481685638428,1805.4751433025879,1806.1350533270145,10.000582957299498,-0.3853034711860346,-0.6189313250904434,False
302,1787908859.3208792,6519.19966193,30.20231556892395,24000,24000,4253,632,1.945683543629284,0.13269906197053746,1.812999963760376,2.1831500530242915,-0.02088163048028946,-0.03843799978494644,0.031244714121598998,0.26854902505874634,1812.1436403369728,1812.0999151454098,10.009535579128089,0.5969696071729231,0.769689690203677,False
303,1787908859.420823,6519.29950779,30.30225944519043,24000,24000,4242,559,1.936933815585906,0.11865737127045184,1.8140000104904175,2.17140007019043,-0.027178652584552765,-0.04013099893927574,0.03353968173689998,0.17135505378246307,1818.1629725193432,1818.0981519294978,10.012108209851572,0.6194147810567756,0.6509389291513799,False
304,1787908859.5211785,6519.39934217,30.40261483192444,24000,24000,4350,584,1.940301369110199,0.1345663921338104,1.8102999567985534,2.1830499410629276,-0.02558623068034649,-0.04818794131278992,0.03474177611448138,0.26813316345214844,1822.961762425436,1824.133728374837,9.98972961730177,-0.6033739969930139,-0.6653277580792292,False
305,1787908859.6228416,6519.49997507,30.50427794456482,24000,24000,4527,615,1.9510048763538763,0.14126774203473533,1.812000036239624,2.2115999937057493,-0.021741511300206184,-0.051547903567552567,0.03434808122959809,0.2887504994869232,1829.2390416715405,1830.0493956650091,9.999427199572864,-0.42614031856169277,-0.42777195332087103,False
306,1787908859.720139,6519.59981585,30.60157537460327,24000,24000,4469,596,1.944629196152591,0.1312464553238125,1.815750002861023,2.2032500505447388,-0.024770813062787056,-0.051131848245859146,0.0349216129260007,0.2659362554550171,1835.1378335554857,1836.033717758396,9.999427199572864,-0.36544193222084687,-0.5375758594022955,False
307,1787908859.8204155,6519.69965843,30.701851844787598,24000,24000,4482,642,1.9572647995666552,0.1371927894827476,1.8279999494552612,2.242000031471251,-0.02404916100203991,-0.049208156764507294,0.03447061284850338,0.25079452991485596,1841.8788890951819,1842.0200926678178,10.015057415092674,0.3587701172157267,0.40210625865802285,False
308,1787908859.9203901,6519.79949357,30.80182647705078,24000,24000,4555,699,1.9511244629585691,0.13041074890922244,1.8216000199317932,2.2219998836517334,-0.02224922925233841,-0.045885853469371796,0.03624172796762428,0.22246931493282318,1848.6775923236992,1848.0370916277748,10.03831428122708,1.1587408991470056,1.3153427395400286,False
309,1787908860.0217826,6519.89933395,30.903218984603882,24000,24000,4552,679,1.9597864542513077,0.12764048855807147,1.8288999915122985,2.19139997959137,-0.022640211507678032,-0.0415879487991333,0.035942689487193515,0.20222191512584686,1852.4697076086243,1854.0658418627604,10.039346695447623,-1.132952389470347,-1.4758280896667202,False
310,1787908860.1212041,6519.99998547,31.00264048576355,24000,24000,4559,679,1.9497923389274698,0.12045579264815888,1.819700050354004,2.146899914741516,-0.019898297265172005,-0.0425402857363224,0.0348446252454966,0.16513924300670624,1858.6994427951256,1860.0501171630442,10.039397008054353,-0.8687603752084669,-1.219885424219683,False
311,1787908860.2200356,6520.09981819,31.10147190093994,24000,24000,4532,674,1.9473427321861334,0.11022630741204378,1.8363000214099885,2.1450999021530155,-0.018901726230978966,-0.0445936881005764,0.03392453154373797,0.18700015544891357,1866.0763295962397,1866.0342191119257,10.036300927762897,0.5779899148762979,0.8269069429986757,False
312,1787908860.3199644,6520.19966527,31.201400756835938,24000,24000,4575,695,1.957811509791038,0.12906231786820394,1.8339999914169312,2.2406000137329096,-0.01754053682088852,-0.046645283699035645,0.03252794382815453,0.19176337122917175,1871.6411115413396,1872.0289325584722,10.040450940426169,0.1467861119567715,0.2052272165778959,False
313,1787908860.4199297,6520.29950563,31.301366090774536,24000,24000,4587,721,1.9471165070752,0.11611949954877529,1.8339999914169312,2.186000108718872,-0.012356346473097801,-0.047996725887060165,0.03191139227658763,0.20494940876960754,1877.6040291072484,1878.1253559352288,10.058655833170059,0.11152915442585254,0.22067519492816245,False
314,1787908860.5186658,6520.39936553,31.400102138519287,24000,24000,4835,707,1.9418741125703027,0.10422351401765276,1.8289999961853027,2.144700002670288,-0.011874053627252579,-0.046815212815999985,0.029129632514938095,0.23546749353408813,1883.0755082173557,1884.286881253194,10.07090914780434,-0.3414059578155957,-0.3183476678987063,False
315,1787908860.6198354,6520.49960835,31.501271724700928,24000,24000,4587,651,1.9559001534398983,0.1253881885600938,1.8300000429153442,2.212999939918518,-0.007849008776247501,-0.05051546171307564,0.02839310405563557,0.20870299637317657,1889.9847418881432,1890.3177540910312,10.035554368381282,0.49739498921985614,0.7583324517008805,False
316,1787908860.7205331,6520.59945467,31.601969480514526,24000,24000,4570,607,1.9616457979997262,0.12543059149891403,1.833299958705902,2.2021000623703,-0.004749026149511337,-0.04881851375102997,0.028245659116127603,0.15512274205684662,1895.505968880698,1896.3194406672508,9.996871295761371,-0.02349971873081813,0.1189450165843482,False
317,1787908860.8195229,6520.69929557,31.70095920562744,24000,24000,4571,592,1.9605523668028213,0.11222006745226254,1.829199993610382,2.184800064563751,-0.004747758153825998,-0.04671168327331543,0.029544281757899707,0.07391709834337234,1901.9178012664695,1902.2767551632744,9.996871295761371,0.4486971568019271,0.46622580397138336,False
318,1787908860.9205048,6520.79992463,31.80194115638733,24000,24000,4746,627,1.9613827729339235,0.12835644738916913,1.811799955368042,2.2143999576568603,-0.005820656660944223,-0.049908172339200974,0.03138308508176487,0.18322335183620453,1908.0530672591394,1908.2936067040248,10.03888439348825,0.5247890286987058,0.7790904236740062,False
319,1787908861.0199182,6520.89975759,31.901354551315308,24000,24000,4558,590,1.9734118649515056,0.14539444095973236,1.8328000009059906,2.2949499964714044,-0.007013951428234577,-0.04923941567540169,0.0319639746735459,0.1687363237142563,1913.8623841665294,1914.3779728955817,10.03120117309467,0.36904915838704255,0.35808406801697856,False
320,1787908861.1200676,6520.99960027,32.00150394439697,24000,24000,4540,553,1.9664412314378763,0.13499969229500186,1.8282000064849853,2.208600044250488,-0.008363529108464718,-0.04990098625421524,0.03282734297078193,0.18741215765476227,1919.7985416945924,1920.3383572026366,10.011641093982444,0.295988145857109,0.3999253541073813,False
321,1787908861.2230923,6521.09944535,32.1045286655426,24000,24000,4511,510,1.97191765238257,0.14133918069915488,1.833150029182434,2.2388500094413755,-0.006888085510581732,-0.050411149859428406,0.03493164479207196,0.17437919974327087,1926.0677406830348,1926.298479311586,9.98391236867549,0.3834415899916621,0.44410496738032634,False
322,1787908861.3197923,6521.19928487,32.201228618621826,24000,24000,4575,521,1.9657792672085899,0.13315718886628491,1.8259999752044678,2.2149999141693115,-0.0007901644567027688,-0.05090005323290825,0.03602439288584689,0.11393136531114578,1932.2169417961256,1932.3213855691774,9.984977600335787,0.7303993440607428,0.756630347951841,False
323,1787908861.42162,6521.29991951,32.30305624008179,24000,24000,4525,515,1.968514562116086,0.13969704823920762,1.8180999994277953,2.2424999713897704,-0.005507201887667179,-0.050094734877347946,0.03740666962510776,0.10053613781929016,1937.6864912467674,1938.3141335722296,9.978699052696232,0.0900322790557766,0.0877045079923846,False
324,1787908861.519835,6521.39976233,32.4012713432312,24000,24000,4511,536,1.9558134368106501,0.12185087893219812,1.8292500376701355,2.182749927043915,-0.0023339653853327036,-0.04984896257519722,0.036498957033135764,0.10226631164550781,1942.874641346704,1944.2939645888257,9.957629909782685,-0.6149738414396779,-0.31459595149158304,False
325,1787908861.6203609,6521.49959717,32.50179719924927,24000,24000,4473,572,1.9402097922105055,0.11691253726287389,1.7945499897003174,2.1464499831199646,-0.00866073090583086,-0.044935084879398346,0.03773867344995538,0.14590878784656525,1949.1833297974174,1950.2315940246617,9.964408715525215,-0.3380926658851422,-0.4092275419041016,False
326,1787908861.720015,6521.59945219,32.60145139694214,24000,24000,4501,613,1.946394781887434,0.1356417838099705,1.7625999689102172,2.1968000411987303,-0.014192409813404083,-0.04445798322558403,0.03748641815059828,0.21257688105106354,1955.5022372491085,1956.1962357826683,9.960904206670596,0.0013092291860630212,-0.012911531000781906,False
327,1787908861.8207207,6521.69928555,32.70215702056885,24000,24000,4674,690,1.9429913052614185,0.1304733931278508,1.7885999739170075,2.1348500251770015,-0.01683347299695015,-0.043566230684518814,0.03733726300152335,0.3269098401069641,1961.832598236281,1962.1610307160329,9.957862666958915,0.28907642703711645,-0.06234545104825884,False
328,1787908861.924878,6521.79993241,32.80631422996521,24000,24000,4230,664,1.9340692776513386,0.12391688773409851,1.7905999720096588,2.0844999670982363,-0.020419994369149208,-0.04736193269491196,0.036492064577801846,0.22225956618785858,1967.7636619164734,1968.1500986308085,9.956529016302962,-0.029557615158637418,-0.18058308216427577,False
329,1787908862.0202982,6521.89976493,32.901734590530396,24000,24000,4325,693,1.942715724825343,0.12975000843926837,1.798799991607666,2.140800046920776,-0.01492347288876772,-0.04682973027229309,0.03545145293652947,0.3137252628803253,1974.0645036960461,1974.1399371689602,9.958806995516836,0.5458196137622053,0.25543304505458764,False
330,1787908862.12073,6521.99961439,33.00216627120972,24000,24000,4174,650,1.9445753832963797,0.12367342662058255,1.809000015258789,2.185550034046173,-0.014282943680882454,-0.043135251849889755,0.03465525455205361,0.2612200975418091,1979.6492796346965,1980.0623526938093,9.977593068028995,0.10443903732561921,-0.043210715187115056,False
331,1787908862.2205646,6522.09946837,33.10200095176697,24000,24000,4342,766,1.939787203275815,0.11644924388107798,1.8142500221729279,2.1397500038146973,-0.01428582426160574,-0.0480978861451149,0.032635129817507186,0.2531817555427551,1985.2755902538395,1986.0187668359365,9.977593068028995,-0.259585331479002,-0.34360212294654957,False
332,1787908862.3184977,6522.19931083,33.199934005737305,24000,24000,4169,695,1.9340633085305743,0.11781604132835734,1.8096999645233154,2.1322999477386473,-0.016793066635727882,-0.04531343653798103,0.031913116371418374,0.13933543860912323,1991.5035289778755,1992.0138704208082,9.996319117538606,0.09212084089745076,0.2650835434724286,False
333,1787908862.4216576,6522.29993735,33.303093910217285,24000,24000,4139,715,1.928930065515158,0.11425319403907575,1.795699989795685,2.1232999563217163,-0.0174235999584198,-0.044718243181705475,0.02913412481609374,0.16461597383022308,1997.488219499546,1998.0487014114576,10.03788832417246,-0.11304552594469897,-0.10788206682400414,False
334,1787908862.5199878,6522.39977927,33.401424169540405,24000,24000,4132,716,1.9168324030977388,0.1012810525463441,1.805999994277954,2.055500030517578,-0.01948905736207962,-0.04872792959213257,0.028077094297192226,0.20140552520751953,2003.539389095526,2004.0982613278024,10.029560225229327,0.03805818602177169,0.18195772773583485,False
335,1787908862.6210217,6522.49962905,33.50245809555054,24000,24000,4295,782,1.937702044501634,0.12796588335428655,1.815000057220459,2.1528501152992248,-0.013954469002783298,-0.05003543198108673,0.027287260140676155,0.09614410996437073,2009.3336587633735,2010.053498845952,10.02239274945971,-0.2299649142346425,-0.5753700357809066,False
336,1787908862.7209,6522.59946129,33.602336406707764,24000,24000,4293,752,1.928142288422331,0.09901306820052826,1.8135499894618987,2.0813499331474303,-0.0144167710095644,-0.047703817486763,0.027059872262979852,0.20576032996177673,2015.7444023839025,2016.075101087156,10.032769285192265,0.18782577127558397,0.4562830825811943,False
337,1787908862.8199158,6522.69930101,33.7013521194458,24000,24000,4267,757,1.9358639372229733,0.11596202808947913,1.8227999687194825,2.1091999530792234,-0.00986505951732397,-0.050581011921167374,0.02630771112270492,0.1705043911933899,2021.219902130393,2022.099734710259,10.025837220824679,-0.27786931613832166,-0.2251785413984635,False
338,1787908862.9207778,6522.79993251,33.8022141456604,24000,24000,4273,717,1.9357531383280309,0.12196397389797284,1.7979999780654907,2.141200017929077,-0.009460554458200932,-0.04931650310754776,0.025308281764857672,0.18588024377822876,2027.1020777652425,2028.1850765942788,10.016020443539015,-0.4476720240461418,-0.4484345183361711,False
339,1787908863.0208564,6522.89976491,33.90229272842407,24000,24000,4450,737,1.9382917209752055,0.11725314266444059,1.8077999830245972,2.1244000434875487,-0.011049131862819195,-0.04779671132564545,0.026931299813504582,0.12228649109601974,2033.1865309785537,2034.2060878961522,10.03095654039352,-0.36818855198271194,-0.5154334498070057,False
340,1787908863.1205788,6522.99959989,34.002015113830566,24000,24000,4521,717,1.9379428159575416,0.10259156306988304,1.7995999574661254,2.1172000885009763,-0.00810325052589178,-0.04674258828163147,0.027431504233329497,0.1910475194454193,2040.1503892590672,2040.3017401594168,10.034881412551142,0.6120727355043982,0.8965078266539876,False
341,1787908863.220905,6523.09942981,34.102341413497925,24000,24000,4394,740,1.9438405373611967,0.12196651722333474,1.8079999685287476,2.1611000180244444,-0.010465511120855808,-0.05194593220949173,0.028869289303028824,0.1994958221912384,2045.962566762782,2046.397505284718,10.023470243738897,0.4044168531240757,0.5240891746293528,False
342,1787908863.3260536,6523.19966817,34.20748996734619,24000,24000,4100,666,1.9429114081480123,0.12822301153150717,1.7899999618530273,2.207249939441681,-0.009366513229906559,-0.05438964441418648,0.029976896399063604,0.23681004345417023,2052.06424798355,2052.4383273830395,9.974578940139484,0.1969171606706368,0.3731316813423291,False
343,1787908863.4200482,6523.29951629,34.30148458480835,24000,24000,4379,733,1.9524679413271147,0.11863490648813325,1.8125999927520753,2.201800012588501,-0.007372415624558926,-0.05447181686758995,0.030433559670725703,0.23788034915924072,2058.1816181308986,2058.382376530464,9.974578940139484,0.6743709731395029,0.8736640808101583,False
344,1787908863.5188549,6523.39936417,34.400291204452515,24000,24000,4467,711,1.9474416308932834,0.10083691545404641,1.8125,2.1239999532699585,-0.006443212274461985,-0.051533326506614685,0.031582836687293295,0.21223366260528564,2063.8149514989245,2064.3712293353665,9.98703883262193,0.37905562519335945,0.48100008581104703,False
345,1787908863.6248267,6523.49999569,34.50626301765442,24000,24000,4258,664,1.9605587354625564,0.11883331280584727,1.8361499726772308,2.2203498959541323,-0.0034663265105336905,-0.05044114589691162,0.03227660301543912,0.229396253824234,2070.386529734932,2070.349304204779,9.986095906547977,0.5920552909456092,0.7631648003148257,False
346,1787908863.7220378,6523.59983019,34.603474140167236,24000,24000,4308,664,1.9530903609043144,0.0979214607962342,1.8353000342845918,2.1015499949455263,-0.0006371958879753947,-0.050486329942941666,0.03335107729979505,0.1933501958847046,2075.6562323703765,2076.3024420374536,9.996870951726404,0.028843100041285652,0.102787121440997,False
347,1787908863.8235755,6523.69969119,34.70501184463501,24000,24000,4260,632,1.9545458866448342,0.11579515207827533,1.8320000171661377,2.148149967193603,-0.0035305649507790804,-0.04749811068177223,0.03442288388698647,0.21106252074241638,2081.7888541472316,2082.2732922542095,9.986318194195285,0.06894411883786233,0.1848158764441905,False
348,1787908863.9195795,6523.79953035,34.801015853881836,24000,24000,4496,761,1.9455571617936023,0.09868952999688253,1.8389999866485596,2.111999988555908,-0.000877401209436357,-0.051672469824552536,0.03353561446432942,0.24546460807323456,2087.1686806193643,2088.288254895518,9.993017544486937,-0.3117143664053401,-0.4706672886582055,False
349,1787908864.0212548,6523.89936875,34.90269112586975,24000,24000,4323,694,1.9547118164963957,0.12915763434719735,1.8266500055789947,2.2149999141693115,-0.0029097362421453,-0.04311182722449303,0.034590655370247296,0.2833491861820221,2094.001703720759,2094.2730922401815,9.927630797242388,0.42053357550958026,0.46990837644261774,False
350,1787908864.1214669,6523.99999839,35.00290322303772,24000,24000,4289,756,1.9486613782940718,0.1215181879380629,1.8289999961853027,2.1910001039505005,-0.0026571869384497404,-0.046700652688741684,0.03392820288108666,0.2679455578327179,2099.4007706687294,2100.1627119653285,9.93173020499301,-0.19338042192066496,-0.4614343127805114,False
351,1787908864.222883,6524.09982813,35.10431933403015,24000,24000,4248,750,1.9463173367182414,0.12068725645630642,1.8248999893665314,2.1450500249862667,-0.0012841151328757405,-0.04388933256268501,0.0338488533739108,0.23908811807632446,2104.831855338941,2106.0430101785946,9.973740237779511,-0.8475205916997766,-1.219901759633558,False
352,1787908864.323894,6524.19966201,35.20533037185669,24000,24000,4430,786,1.9454656475372898,0.12047069721173684,1.8212499916553497,2.118750035762787,-0.0036637545563280582,-0.04025646671652794,0.03245147002549783,0.20086975395679474,2110.7583735951266,2112.0377061581394,9.973168096447028,-0.9819217543345076,-1.400941513439193,False
353,1787908864.4203398,6524.29949031,35.30177617073059,24000,24000,4334,706,1.942729464333726,0.11024928221442615,1.8202500343322754,2.0887500643730164,-0.003915027715265751,-0.03646865114569664,0.03074797228715301,0.20541472733020782,2118.159899411018,2118.05726033626,9.978763093269153,0.6326106018686914,0.7080442766864508,False
354,1787908864.5197906,6524.39933451,35.40122699737549,24000,24000,4232,704,1.952981535345316,0.13615022910250416,1.8161499917507171,2.256699979305268,-0.00666401581838727,-0.03812803328037262,0.02965072432799693,0.12301621586084366,2123.5983300426487,2124.1041459656158,9.973233510607797,0.10373845749063548,-0.28873025393204443,False
355,1787908864.6212015,6524.49997707,35.50263786315918,24000,24000,4249,747,1.9369759047366528,0.11330309954650199,1.805999994277954,2.069999933242798,-0.013343029655516148,-0.03826924413442612,0.028974204845007432,0.16982676088809967,2129.777690107388,2130.026673378161,9.994422329797473,0.19818840811649352,0.12376658630091697,False
356,1787908864.7209582,6524.59981051,35.602394580841064,24000,24000,4292,717,1.942623432876342,0.12032074683475719,1.8055999994277954,2.1309999465942377,-0.013677000999450684,-0.0357903428375721,0.028576482855429505,0.2756569981575012,2135.9233128318397,2136.059413840804,10.017694985527177,0.35815411561679866,0.2359452519781371,False
357,1787908864.8274446,6524.69964263,35.70888090133667,24000,24000,3932,724,1.9474046977844028,0.14005920758611612,1.7960000038146973,2.1600000858306885,-0.017555801197886467,-0.03944152221083641,0.02812236659405705,0.23770403861999512,2142.2296045221437,2142.0532801481895,10.039484212965887,0.2749954882347083,-0.06975922138235546,False
358,1787908864.9199278,6524.79947901,35.8013641834259,24000,24000,4156,728,1.944638734990424,0.1416102427892951,1.7890000343322754,2.2260500431060786,-0.014173771254718304,-0.03545500710606575,0.02799724155338546,0.30109256505966187,2146.966022839462,2148.109947794099,10.033096036427585,-0.5378185594631759,-0.854751109964127,False
359,1787908865.0205777,6524.89930921,35.9020140171051,24000,24000,4142,722,1.9461468151071395,0.1383739158095811,1.7940000295639038,2.188999891281128,-0.013355557806789875,-0.03747783228754997,0.028642652927384795,0.28966042399406433,2152.6037623493985,2154.1497006700315,10.016343858060395,-0.9393252999702781,-1.3480714606680522,False
360,1787908865.1228116,6524.99994651,36.00424790382385,24000,24000,4240,706,1.9452294609364302,0.13800622169118137,1.805249959230423,2.215250015258789,-0.015245480462908745,-0.03764576092362404,0.029426361414613876,0.2843434512615204,2159.46676660602,2160.213914132003,10.020909362362572,-0.21061450877414245,-0.5936567058902256,False
361,1787908865.2215548,6525.09979433,36.10299110412598,24000,24000,4318,655,1.9437755712116038,0.13590148592922158,1.815999984741211,2.195199990272522,-0.019347596913576126,-0.034663692116737366,0.029803588154513113,0.2898063361644745,2166.7779596541977,2166.206402292366,10.02344999546995,1.1757351454034506,1.6250617345826868,False
362,1787908865.3201392,6525.19963333,36.20157551765442,24000,24000,4257,651,1.9494639021643478,0.1351457345421417,1.8174999952316284,2.2024999856948853,-0.02413778193295002,-0.036945898085832596,0.031994369205263065,0.19897425174713135,2171.3773604174426,2172.150396694754,10.009004627072432,-0.14017987469833315,-0.4642944721681488,False
363,1787908865.4202704,6525.29946413,36.30170679092407,24000,24000,4253,587,1.9370017045604309,0.13041704764298748,1.8102999567985534,2.1504999876022337,-0.024166839197278023,-0.041753314435482025,0.03320683433151714,0.281376451253891,2177.1046696309386,2178.0855500803054,9.98192549436378,-0.4210019669462781,-0.5507015220905487,False
364,1787908865.5190597,6525.39931529,36.40049600601196,24000,24000,4356,613,1.9464355635215174,0.1488911813269597,1.8125999927520753,2.2173999786376952,-0.025369344279170036,-0.05199584737420082,0.033877172267942395,0.2626754343509674,2182.764167399856,2184.1228926062395,9.988202025182082,-0.6891085963170553,-0.5719708413216722,False
365,1787908865.6209428,6525.49995195,36.502379179000854,24000,24000,4551,633,1.9433870447378776,0.12284074590455026,1.815999984741211,2.1904000282287597,-0.02385825663805008,-0.047308001667261124,0.03483881572448497,0.29700154066085815,2190.3018533674444,2190.1256065007087,9.989295057692354,0.7353276224685033,0.8749848904071769,False
366,1787908865.719695,6525.59979931,36.601131439208984,24000,24000,4415,619,1.953491114453083,0.14359301268078972,1.8128999710083007,2.229799938201905,-0.02499154768884182,-0.050213441252708435,0.03483007300915794,0.2680397927761078,2195.8482533095917,2196.0716570549357,9.993657436568563,0.35634055319087565,0.5123581515358637,False
367,1787908865.8201582,6525.69964533,36.70159459114075,24000,24000,4482,603,1.9572537326891821,0.13532453334805214,1.829100000858307,2.2458000421524047,-0.023080740123987198,-0.0482482835650444,0.035018563402227094,0.2676217257976532,2202.0643056984327,2202.0808949417633,10.002961875790168,0.5443480716803606,0.42715876007514453,False
368,1787908865.9196298,6525.79948141,36.801066160202026,24000,24000,4526,661,1.9556868391931508,0.13173833048857517,1.815000057220459,2.1679999828338623,-0.022925687953829765,-0.0452374629676342,0.03608830451223737,0.1511528491973877,2207.5146498522995,2208.098985236113,10.023212997715381,0.02614485175035952,-0.25473838258812975,False
369,1787908866.0199842,6525.89932419,36.90142059326172,24000,24000,4654,673,1.9573536416928092,0.12450195983321025,1.8320000171661377,2.179799938201904,-0.019502803683280945,-0.043842338025569916,0.036183167513225506,0.1964530348777771,2212.9359503656833,2214.1117059704156,10.01376162209302,-0.5740760961216438,-0.6777527375011232,False
370,1787908866.1208413,6525.99995651,37.00227761268616,24000,24000,4492,680,1.952017648079816,0.12426976559515729,1.8259499788284301,2.180049979686735,-0.020971927791833878,-0.043132372200489044,0.035206943529500295,0.20205964148044586,2219.2400619412833,2220.041336092401,9.970697775904656,-0.32164244312343726,-0.35325699290888224,False
371,1787908866.2199743,6526.09978817,37.10141062736511,24000,24000,4547,696,1.9472270119806816,0.1238624714970963,1.8142500519752502,2.1642500162124634,-0.01711101457476616,-0.04607118293642998,0.034113436452644474,0.19773629307746887,2225.693157673893,2225.956949869258,9.960992967013501,0.18322004050514806,0.13226907755006323,False
372,1787908866.320079,6526.19963649,37.201515436172485,24000,24000,4588,716,1.9431396644541672,0.11441337035468221,1.8317500054836273,2.131999969482422,-0.014953621663153172,-0.044467080384492874,0.032343708763454444,0.2522967457771301,2231.6744686741813,2232.0525949058033,9.997906559001072,0.15798767015894555,0.05739297261425236,False
373,1787908866.420042,6526.29946939,37.30147838592529,24000,24000,4626,724,1.9456187858765954,0.11123232191386823,1.8331499516963958,2.1401000261306766,-0.012367069721221924,-0.04783656820654869,0.0315025827627173,0.192845419049263,2237.3359980758487,2238.0462071708894,9.99524596582184,-0.17851439439664318,-0.5334588534042268,False
374,1787908866.5187762,6526.39931445,37.40021252632141,24000,24000,4747,674,1.9482403572659819,0.10453691211086909,1.838299995660782,2.1687000155448914,-0.010520515963435173,-0.04816772788763046,0.029102615565049523,0.2257739156484604,2243.105302885771,2244.0409536055267,9.975502433173562,-0.33350936104943685,-0.47452937747857504,False
375,1787908866.6213672,6526.49994891,37.502803564071655,24000,24000,4570,655,1.954833586889369,0.12138074235784677,1.8240000009536743,2.2037999153137204,-0.007420359179377556,-0.04869712144136429,0.02790201807936701,0.17890912294387817,2248.9342245038256,2249.9610772895376,9.964773725996581,-0.6603111795284349,-0.9046391225310799,False
376,1787908866.7195241,6526.59978727,37.60096049308777,24000,24000,4584,609,1.9637963893182564,0.13180585964274644,1.8350000381469727,2.212599992752075,-0.006698272656649351,-0.04807209596037865,0.028310607475441386,0.11938545107841492,2255.942173837037,2255.9349276750445,9.964773725996581,0.45797252934562493,0.4769240982836891,False
377,1787908866.8208113,6526.69962985,37.702247619628906,24000,24000,4674,633,1.9571137448999365,0.12108675692766892,1.8235999822616578,2.172999906539917,-0.004132474772632122,-0.04669519141316414,0.02964605149564078,0.15571385622024536,2261.4711052482744,2261.899247052495,10.024050987996004,-0.09058150396731435,-0.004179139867574122,False
378,1787908866.9196005,6526.79948081,37.8010368347168,24000,24000,4789,637,1.9594254308443055,0.1293882684978422,1.8229999542236328,2.201999998092651,-0.004476547706872225,-0.04460439458489418,0.031225608752806857,0.1894073188304901,2268.0579631535156,2267.9176327991804,10.024050987996004,0.5686720029857497,0.3848467452617115,False
379,1787908867.0200176,6526.89933079,37.90145397186279,24000,24000,4543,592,1.9655489847064018,0.13717219297934655,1.8241999983787536,2.252450060844421,-0.006162748206406832,-0.05041559785604477,0.032381529524477246,0.18187476694583893,2272.9238682462847,2274.0097811115525,10.021433088990031,-0.5907067703083158,-0.7284391691646306,False
380,1787908867.1207228,6526.99997127,38.002159118652344,24000,24000,4546,547,1.9676215718389647,0.14898907688466356,1.8285999774932862,2.2630999803543075,-0.005619741044938564,-0.05181653052568436,0.033380546301159345,0.16994206607341766,2279.16508826333,2279.9796078292625,10.027839224096162,-0.39205193114139547,-0.5043928354125455,False
381,1787908867.2208142,6527.09980669,38.10225057601929,24000,24000,4537,502,1.9709382479884234,0.1423061043901029,1.825200045108795,2.288800036907196,-0.0014184718020260334,-0.04873603954911232,0.035305431213295456,0.09564920514822006,2286.0411175081003,2285.9899543829015,10.033504416365654,0.47823506340955646,0.29576422592708695,False
382,1787908867.3197153,6527.19963613,38.201151609420776,24000,24000,4731,596,1.9821778497839935,0.1470451916577542,1.8352499604225159,2.315000057220459,-0.0057741254568099976,-0.05067075043916702,0.036858683346209155,0.12460555881261826,2291.2034829632116,2292.0594060208914,10.02913706377325,-0.2937132632450812,-0.5698866256689143,False
383,1787908867.4198253,6527.29947409,38.30126166343689,24000,24000,4511,500,1.968703999519348,0.13401604049687274,1.8359999656677246,2.205149924755096,-0.0022955378517508507,-0.04691343754529953,0.03704713761702612,0.07775568217039108,2297.4175888299583,2298.1198241194156,10.02515500462746,-0.08646549301101913,-0.1466932960961458,False
384,1787908867.5187154,6527.39929831,38.40015172958374,24000,24000,4537,544,1.9482628694351982,0.11056689234262906,1.8201500415802,2.132849907875061,-0.004280836787074804,-0.04964669421315193,0.03698906776855134,0.11786627769470215,2302.875735467139,2304.122124323488,10.013902879239541,-0.5619745743979365,-0.750842718741751,False
385,1787908867.6206641,6527.49993335,38.502100467681885,24000,24000,4493,587,1.9530562170522583,0.13846848174508733,1.7843000173568726,2.1973999977111816,-0.008699528872966766,-0.04433196038007736,0.03695859829833636,0.1724429577589035,2309.0928684556525,2310.094052363539,10.011296434254897,-0.4620254081555686,-0.4797807233508138,False
386,1787908867.719624,6527.59976445,38.60106039047241,24000,24000,4595,650,1.9404123110037583,0.13302383524716427,1.7874499619007111,2.135099983215332,-0.01312279887497425,-0.04521246626973152,0.03799345344882139,0.2280019074678421,2315.950458682535,2316.0763107805856,10.013333889397696,0.45771752370092145,0.4545971265974913,False
387,1787908867.820462,6527.69960571,38.70189833641052,24000,24000,4535,676,1.9419378719386264,0.1314176691798556,1.7935000360012054,2.149250030517578,-0.017119580879807472,-0.04453791677951813,0.037436433369969394,0.27725279331207275,2322.216986557209,2322.075234880826,10.00621651211649,0.6737119335093666,0.779958841271764,False
388,1787908867.919887,6527.79945545,38.80132341384888,24000,24000,4449,721,1.934990293771318,0.11882015477488493,1.7970000505447388,2.11899995803833,-0.01638169027864933,-0.04913170263171196,0.03729388927275034,0.27001917362213135,2328.2902383291894,2328.105189695352,10.03089074494952,0.7812059474244961,0.6942171912128288,False
389,1787908868.0192494,6527.89930363,38.90068578720093,24000,24000,4285,667,1.937142428787037,0.11835822578543674,1.7963000178337096,2.1201000690460194,-0.014183137565851212,-0.04244263097643852,0.03531862964521343,0.3243640959262848,2332.9396975443406,2334.1880441748967,10.015877607258078,-0.5313301906817287,-0.7356444649167315,False
390,1787908868.1201591,6527.99993795,39.00159549713135,24000,24000,4348,710,1.9454014096461552,0.12087956163246319,1.8129000246524811,2.131300044059753,-0.014554410241544247,-0.04012341424822807,0.03438006694673117,0.18503469228744507,2339.9168425989974,2340.155341761704,10.006356632699244,0.39097537687712247,0.4651072786700752,False
391,1787908868.221206,6528.09978677,39.10264229774475,24000,24000,4232,693,1.930670995044846,0.09799291500953179,1.8140000104904175,2.080399990081787,-0.014100010506808758,-0.046652261167764664,0.03261052623552423,0.199276402592659,2345.5931208660118,2346.102066911231,10.022749652415524,0.0041883668159243825,-0.5788200056199457,False
392,1787908868.3198674,6528.19963467,39.20130372047424,24000,24000,4118,704,1.9343593780967323,0.12275457976246844,1.8031499803066253,2.1759999036788944,-0.0175691619515419,-0.04820661619305611,0.03171242174913293,0.2143706977367401,2351.1447073004606,2352.1786581570764,10.017082942570928,-0.36416173019188136,-0.739783462844116,False
393,1787908868.420398,6528.29947155,39.30183434486389,24000,24000,4164,735,1.9305537394114902,0.11446483527483832,1.8029999732971191,2.103599953651428,-0.015333946794271469,-0.050400376319885254,0.029544864594416135,0.20043766498565674,2357.1886890297296,2358.1608341309866,10.011512571363925,-0.3522733905156201,-0.7176087827738229,False
394,1787908868.5192866,6528.39931567,39.40072298049927,24000,24000,4118,697,1.927569583977654,0.10916275228645374,1.809999942779541,2.0931999683380127,-0.016209501773118973,-0.04775942489504814,0.027751296285546293,0.20333684980869293,2363.6385354006834,2364.1567788001407,9.995444943495396,0.16400309620030384,0.05723930461635973,False
395,1787908868.6210287,6528.49995697,39.50246500968933,24000,24000,4364,839,1.9255685330289765,0.09671705573557215,1.819000005722046,2.0829999446868896,-0.017891421914100647,-0.04941830784082413,0.026961156995316697,0.1371694952249527,2369.816691164458,2370.113230933638,9.989964721944203,0.23737809841895796,0.1258998173807413,False
396,1787908868.719853,6528.59979099,39.60128927230835,24000,24000,4226,750,1.9365946666399638,0.11110611880547858,1.8224499940872192,2.108949995040893,-0.012551595456898212,-0.04666093364357948,0.0269478067417449,0.1739685833454132,2375.289084609636,2376.081387939098,9.995694393467419,-0.21993579578111166,-0.35512149832948126,False
397,1787908868.823924,6528.69962711,39.705360412597656,24000,24000,4273,771,1.935040210471543,0.11848819321530715,1.8109999895095825,2.1440000534057617,-0.00781559944152832,-0.04958830401301384,0.026174738007669472,0.11721773445606232,2382.101369448435,2382.112874188241,10.000593792436772,0.34781568616381264,0.16152050909113314,False
398,1787908868.9202657,6528.79947265,39.80170202255249,24000,24000,4249,693,1.9428080803732164,0.12616605824868243,1.8132000207901,2.170600080490112,-0.011525796726346016,-0.048793330788612366,0.025522725943123357,0.16679231822490692,2387.3778709853054,2388.1481086395743,10.019929519702574,-0.15642463627091274,-0.2856336229133376,False
399,1787908869.0190718,6528.89931117,39.9005081653595,24000,24000,4418,724,1.9414171271890566,0.1260188679890876,1.8071500301361083,2.1598000288009644,-0.009141775779426098,-0.049167267978191376,0.02616997725334411,0.13730017840862274,2393.2426379855224,2394.2110590496886,10.019929519702574,-0.22027774058278737,-0.5152795711314866,False
400,1787908869.1201537,6528.99995355,40.00159001350403,24000,24000,4374,736,1.9422948404174785,0.12676499597207627,1.7902500331401825,2.162499964237213,-0.010897491127252579,-0.049484241753816605,0.028116862631312484,0.2094133496284485,2399.6682207792405,2400.1790258223714,9.999930757136873,0.14013683496932572,-0.08063808688302743,False
401,1787908869.2202544,6529.09980619,40.10169076919556,24000,24000,4400,751,1.9492370169584983,0.1316348489071422,1.8125,2.1579999923706055,-0.013054726645350456,-0.05153447762131691,0.028925312004917565,0.24078334867954254,2406.1358630619015,2406.1830764389697,10.017824573506084,0.601478944264727,0.5341612741231074,False
402,1787908869.3200736,6529.19966451,40.201509952545166,24000,24000,4369,699,1.9474520722513375,0.12723294144526995,1.7978999853134154,2.1651000261306765,-0.00939815305173397,-0.052600275725126266,0.02961405256389738,0.2677754759788513,2411.3154273682644,2412.2254885446873,10.010967563338788,-0.20836186540964263,-0.3450488879821023,False
403,1787908869.420287,6529.29949843,40.30172324180603,24000,24000,4473,680,1.9483676454600165,0.10901997519028271,1.8199500501155854,2.139199936389923,-0.0077018472366034985,-0.04867406189441681,0.03074831751872545,0.2631286382675171,2417.817797077035,2418.1882509547613,10.00119894382421,0.2809553693518865,0.3263648411793838,False
404,1787908869.5193954,6529.39933585,40.40083169937134,24000,24000,4357,688,1.9544622125320656,0.11084113637201323,1.8233499705791474,2.1709000825881954,-0.0005430845776572824,-0.05314076319336891,0.031231757958825226,0.21257638931274414,2423.8406325699193,2424.0713446140985,9.99222846845639,0.35703110259055393,0.09757583037617223,False
405,1787908869.6203084,6529.49996651,40.501744747161865,24000,24000,4316,675,1.9539733310982033,0.11499689775701678,1.8309999704360962,2.140499973297119,-0.0024918997660279274,-0.0517084039747715,0.03193207853743892,0.1974641978740692,2429.7168584915753,2430.1698552547628,10.007654497572352,0.17821725704516211,-0.08297591318887498,False
406,1787908869.7186625,6529.59980767,40.600098848342896,24000,24000,4278,666,1.9528018003469474,0.11034954551274057,1.8312499821186066,2.136500060558319,-0.003033005865290761,-0.05028857663273811,0.03345360001160052,0.20280200242996216,2435.444343193925,2436.2338479908562,10.012518269220903,0.00420550321086921,-0.27902715645404896,False
407,1787908869.820393,6529.69965331,40.70182943344116,24000,24000,4400,673,1.9570014857608178,0.11123475551463936,1.8247999668121337,2.165200042724609,-0.004889693111181259,-0.04865143448114395,0.034076316420644674,0.2361370325088501,2441.227484942192,2442.1926633116914,9.993802079919234,-0.31674683543633364,-0.5869008220697651,False
408,1787908869.9195275,6529.79950301,40.80096387863159,24000,24000,4398,739,1.947588636684805,0.10172724663684247,1.8339999914169312,2.1155000686645513,-0.0037209989968687296,-0.04821430519223213,0.03436673141415574,0.2603291869163513,2447.558181026798,2448.281596206512,9.992813894800396,0.06563016585823789,0.28711910895663095,False
409,1787908870.0240085,6529.89934753,40.905444860458374,24000,24000,4030,681,1.9442143904130014,0.1063780065773493,1.8320000171661377,2.0929999351501465,0.0007864040089771152,-0.04586943984031677,0.03429036930635905,0.22431106865406036,2453.5534092708863,2454.277869110613,9.975457459435663,-0.2082664825120446,-0.032234099881861766,False
410,1787908870.1204388,6529.99998659,41.001875162124634,24000,24000,4298,747,1.952267739188719,0.11976140588042843,1.8253000259399415,2.1824999809265133,-0.00044674231321550906,-0.04488331452012062,0.033427647926085054,0.2490076869726181,2459.530684365273,2460.267960340265,9.973092440997606,-0.01705497590273808,-0.1609031785433217,False
411,1787908870.2200506,6530.09983071,41.101486921310425,24000,24000,4336,767,1.9421421137129624,0.1068936265397311,1.8226000189781189,2.124900031089782,-0.0016984164249151945,-0.04570998623967171,0.03328756629969375,0.2375185787677765,2466.0424805155326,2466.2518698955046,9.973092440997606,0.5177820361996055,1.0227343558995017,False
412,1787908870.32734,6530.19966819,41.208776235580444,24000,24000,4182,701,1.9475563492482466,0.12590336939945296,1.8200000524520874,2.171999931335449,-0.002193179912865162,-0.03840310871601105,0.032009271122628115,0.1789555847644806,2471.320802380897,2472.2295977763324,9.974247610148153,-0.6415280868109221,-0.9124505368513383,False
413,1787908870.419728,6530.30030515,41.301164388656616,24000,24000,4245,679,1.9452724625330435,0.12867168295231654,1.8098999500274657,2.0823000192642214,-0.0049429540522396564,-0.036067619919776917,0.0312924357646524,0.1425008475780487,2477.8829690834164,2478.2011439827484,9.974247610148153,0.37711423365090013,0.15780750815883948,False
414,1787908870.5217671,6530.40015261,41.40320348739624,24000,24000,4015,654,1.9442889889081318,0.11574235708868749,1.8193000197410583,2.116050040721894,-0.008205446414649487,-0.038475457578897476,0.029953845893001086,0.12605927884578705,2485.266895156996,2484.166508514752,9.99152158756901,1.6384346164345516,1.8418854685883161,False
415,1787908870.620155,6530.49999169,41.5015914440155,24000,24000,4309,734,1.9433610335357832,0.1224394329069124,1.813649994134903,2.081049931049347,-0.015087364241480827,-0.0398515947163105,0.02983277627178371,0.23134762048721313,2488.7823981004635,2490.1256913723437,9.99152158756901,-0.7495903087628903,-0.7681951173690322,False
416,1787908870.719435,6530.59983049,41.600871324539185,24000,24000,4345,779,1.9539460851231039,0.1405028992977548,1.8089000105857849,2.2382999897003164,-0.010220510885119438,-0.034432001411914825,0.027866480403704614,0.24241548776626587,2495.131159870783,2496.078692555523,9.998617712089759,-0.35787411199271446,-0.3704190671178367,False
417,1787908870.820922,6530.69967233,41.70235824584961,24000,24000,4149,730,1.9376767130747234,0.13141217421078483,1.7879999876022339,2.154550004005432,-0.013674555346369743,-0.038298364728689194,0.028082321806450074,0.2672879695892334,2501.9684520345727,2502.025512064291,9.96820288880655,0.38994441246086353,0.15660833005858876,False
418,1787908870.919374,6530.79950755,41.80081033706665,24000,24000,4145,720,1.9404430536760224,0.13162112585099964,1.7909500062465669,2.1972500205039975,-0.014242993667721748,-0.03871048986911774,0.028886081973158197,0.23629635572433472,2506.909638743557,2507.9661498986466,9.96820288880655,-0.5762449863573238,-0.7002129926345333,False
