scan_index,bag_stamp_s,header_stamp_s,time_s,input_point_count,finite_point_count,central_point_count,target_point_count,target_depth_mean_m,target_depth_std_m,target_depth_p05_m,target_depth_p95_m,target_u_centroid,target_v_centroid,target_radial_std,h5_magnitude,relative_angle_deg,offline_relative_angle_deg,local_rpm,raw_motion_residual_deg,heldout_motion_residual_deg,rejected_branch_boundary
0,1787908923.4217992,6583.29999659,0.0,24000,24000,4526,894,1.9183557057540688,0.11204996537145068,1.7976500034332275,2.0773499608039856,-0.01658792234957218,0.010350542142987251,0.02432716369016136,0.2603437900543213,0.0,0.0,-15.060320295566354,-0.12419645405802571,-0.06720662479334408,False
1,1787908923.5210161,6583.39982351,0.09921693801879883,24000,24000,4653,936,1.9278183756475775,0.12481154531284401,1.7944999635219574,2.0837499499320984,-0.015298078767955303,0.009221815504133701,0.02347447170573985,0.24126076698303223,-8.432130970805897,-9.014194726343986,-15.085578632866918,0.372680337007699,0.286806178439889,False
2,1787908923.620733,6583.49965781,0.19893383979797363,24000,24000,4585,946,1.9400507432209766,0.13791693425822282,1.8070000410079956,2.146500051021576,-0.014252514578402042,0.01209557056427002,0.023119453044436036,0.24782979488372803,-17.77805383990961,-18.028844864602224,-15.085578632866918,0.0007593647105714751,0.20766531511915431,False
3,1787908923.7198484,6583.59948445,0.2980492115020752,24000,24000,4722,1010,1.9405267336581014,0.10727560221914009,1.8174499988555908,2.0829999446868896,-0.011883657425642014,0.01680653728544712,0.021974687236606325,0.27218368649482727,-26.25078497837908,-27.043950414774713,-15.049182434691046,0.44789554868387427,0.6348872355398925,False
4,1787908923.8196752,6583.69932205,0.3978760242462158,24000,24000,4853,1091,1.9478991745154208,0.1006497265774103,1.8259999752044678,2.0744999647140503,-0.00991673581302166,0.021761534735560417,0.021540987285521014,0.3162699341773987,-35.61910968084222,-36.05951137686146,-15.05672017452816,0.06346415752661727,0.21861819854854048,False
5,1787908923.91962,6583.79994329,0.4978208541870117,24000,24000,4895,1071,1.945064427805882,0.1087236752715955,1.8320000171661377,2.072499990463257,-0.0069126891903579235,0.02364412695169449,0.020270879897149624,0.31844931840896606,-44.36729116428224,-45.075527750862456,-15.041309456387731,0.3097969185316245,0.047091547697093006,False
6,1787908924.0214117,6583.89977897,0.5996124744415283,24000,24000,4839,1046,1.9455353745310986,0.10384883313827883,1.8332499563694,2.1010000109672546,-0.006728508975356817,0.0216349046677351,0.021160563775987802,0.2936790883541107,-53.50892347951886,-54.091999536777706,-15.050686091785382,0.32888035904485946,0.2186307620812613,False
7,1787908924.1207087,6583.99962353,0.6989095211029053,24000,24000,4850,1014,1.9585216975306148,0.12170188196942197,1.8386500120162963,2.1551499724388115,-0.0071184756234288216,0.018821125850081444,0.021225830162632568,0.2603103816509247,-62.35246769883626,-63.108926734607195,-15.050686091785382,0.42155326227535994,0.3263408828731613,False
8,1787908924.2202392,6584.09946929,0.7984399795532227,24000,24000,4866,902,1.9635953449885755,0.1381654852178245,1.8289999961853027,2.235900056362152,-0.008342304266989231,0.013313316740095615,0.021270912719372342,0.2019873857498169,-71.45021709247567,-72.12630934435094,-15.031015781142287,0.28102683672572937,0.3050405677925454,False
9,1787908924.3197865,6584.19930823,0.8979873657226562,24000,24000,5044,859,1.947647266115937,0.12676667608902584,1.8228999614715575,2.15279996395111,-0.011895445175468922,0.00646823039278388,0.02246630761390244,0.17291897535324097,-80.73877535233238,-81.14414736600895,-15.031015781142287,-0.04878504846972476,-0.6284514520411761,False
10,1787908924.4195852,6584.29993505,0.9977860450744629,24000,24000,4892,864,1.9405196761643444,0.11572006268670326,1.8201500415802,2.119099915027618,-0.009906942024827003,0.0046304804272949696,0.021787010424764372,0.1410219371318817,-90.4759573492816,-90.16244079957984,-15.028874864087085,-0.8046055929220017,-1.5526781885382235,False
11,1787908924.520716,6584.39977397,1.09891676902771,24000,24000,4895,867,1.9429388684247466,0.12988569368874003,1.8200000524520874,2.16340000629425,-0.011942031793296337,0.004157815594226122,0.022452713695409514,0.16553755104541779,-99.27263477192909,-99.20860658214394,-15.041260290880778,-0.5000444853989023,-1.330283782474936,False
12,1787908924.6207843,6584.49961391,1.1989850997924805,24000,24000,4879,877,1.930139108693722,0.10967080994827166,1.817799973487854,2.1121999740600583,-0.016849538311362267,0.006428170949220657,0.022545677999541516,0.23664554953575134,-107.39186430377944,-108.24085423189125,-15.047801074414048,0.3863546582383748,0.3370063477129577,False
13,1787908924.7202423,6584.59945125,1.298443078994751,24000,24000,4994,896,1.930996652293418,0.12150708674218536,1.813749998807907,2.105250060558319,-0.016303325071930885,0.00989434216171503,0.022691501632168744,0.25178763270378113,-117.00995636701334,-117.28169948002058,-15.036244219455142,-0.2810371918033354,-0.3119918794338332,False
14,1787908924.8198447,6584.69928851,1.398045539855957,24000,24000,5052,1024,1.9296542977681383,0.11222126484785458,1.809999942779541,2.0702500820159906,-0.019409073516726494,0.01303778775036335,0.021854631752920503,0.30923590064048767,-125.52084403738831,-126.25612441245019,-15.042850927587118,0.1717779479478878,0.2329594991552426,False
15,1787908924.921449,6584.79992413,1.4996497631072998,24000,24000,4815,1060,1.9407858484196212,0.11871627413865528,1.8179999589920044,2.081100082397461,-0.016093697398900986,0.02070731110870838,0.021105759613400263,0.3457297086715698,-135.06370421862,-135.301511006079,-15.06083452399981,-0.2272312319730645,-0.22122967837086094,False
16,1787908925.02121,6584.89977751,1.5994107723236084,24000,24000,4886,1174,1.9479948889457794,0.12267203921926985,1.8176499843597411,2.0963499307632447,-0.01357850432395935,0.02617563121020794,0.02140683849889101,0.3934292197227478,-144.17937668047205,-144.32953906515752,-15.06083452399981,-0.36493235736045904,-0.3343762494692726,False
17,1787908925.1213052,6584.99960967,1.6995060443878174,24000,24000,4925,1095,1.961294063258933,0.1430630440913993,1.8179999589920044,2.1845000267028802,-0.013438645750284195,0.022720785811543465,0.020639111383014157,0.34407344460487366,-152.3288715446436,-153.3576070932572,-15.047166676335769,0.49362603061160826,0.6052408857052569,False
18,1787908925.219916,6585.09945655,1.79811692237854,24000,24000,4822,1038,1.9516204216576725,0.11326259104602121,1.8240000009536743,2.114150071144104,-0.012619851157069206,0.02335922233760357,0.02101704358209887,0.3462390899658203,-161.89755434619175,-162.39928231270108,-15.049344816944332,-0.2005912556098508,-0.263049538515304,False
19,1787908925.3203242,6585.19929873,1.8985249996185303,24000,24000,4621,957,1.957678163936021,0.14599926245750466,1.8229999542236328,2.190599918365478,-0.013344801031053066,0.016959672793745995,0.021293909288838727,0.2837126553058624,-170.79627164440635,-171.44342183727863,-15.034406744688331,-0.0631044647543888,-0.49400234113375063,False
20,1787908925.4200296,6585.29992973,1.9982304573059082,24000,24000,4637,982,1.9440050905687989,0.12910282209604926,1.813049966096878,2.1267500877380368,-0.014922408387064934,0.016573255881667137,0.021585609128620134,0.29270726442337036,-180.02004320134355,-180.44694435903617,-15.038965518673296,-0.31390403355305807,-0.5960800902757057,False
21,1787908925.5211957,6585.39977915,2.0993964672088623,24000,24000,4545,917,1.9424798271518238,0.1265596393672952,1.8209999799728394,2.1565999984741206,-0.016422955319285393,0.018199283629655838,0.022020297629280934,0.31886112689971924,-189.17027767193022,-189.57193962431305,-15.053875134397702,-0.3597244222426923,-0.8415912148430778,False
22,1787908925.6214635,6585.49961503,2.199664354324341,24000,24000,4702,919,1.9386441811384132,0.12284927485176853,1.812999963760376,2.1938000679016105,-0.015616774559020996,0.021049320697784424,0.022053156150412437,0.3383943438529968,-197.92157455987055,-198.6434758698005,-14.999925948695845,-0.08743360229644281,-0.6772559067107977,False
23,1787908925.7211466,6585.59946723,2.299347400665283,24000,24000,4477,868,1.933124424949769,0.12213799348309087,1.8097000062465667,2.062999963760376,-0.01622624509036541,0.01901591196656227,0.021360881716706588,0.320417195558548,-207.2149558423772,-207.6161106863338,-15.00144000443688,-0.4098598011394756,-0.9557091304134531,False
24,1787908925.8202918,6585.69930807,2.3984925746917725,24000,24000,4486,908,1.9421464757509694,0.13322440694872045,1.8109999895095825,2.174649977684021,-0.016830570995807648,0.016839638352394104,0.022416373066671543,0.30776917934417725,-216.80796751912607,-216.60628627134764,-14.998331316635122,-1.080322101622528,-1.3991867620818539,False
25,1787908925.9204817,6585.79993277,2.4986824989318848,24000,24000,4496,936,1.9387393148026915,0.1353024116049779,1.809749960899353,2.082499921321869,-0.013971254229545593,0.01735452562570572,0.021867909525985645,0.2885406017303467,-225.3381928012477,-225.55254618179197,-14.998331316635122,-0.5939759286586082,-1.2317505268063371,False
26,1787908926.0215597,6585.89976133,2.5997605323791504,24000,24000,4695,953,1.940705141265645,0.11858895126322753,1.815999984741211,2.074399948120117,-0.014633165672421455,0.022685647010803223,0.02139351325765364,0.34859126806259155,-234.34308982328082,-234.57782449920606,-14.998873718195712,-0.5023762916802639,-0.6694264319116598,False
27,1787908926.1216242,6585.99960009,2.6998250484466553,24000,24000,4645,918,1.9471612218158696,0.11850050255809831,1.8200000524520874,2.0829999446868896,-0.00992990005761385,0.02537965029478073,0.021623925899902453,0.3451099693775177,-243.46310768528613,-243.6030332709261,-14.973093623331577,-0.6171087810872962,-0.5259402380003735,False
28,1787908926.2200966,6586.09944791,2.79829740524292,24000,24000,4581,947,1.9487930308425565,0.11897328412565618,1.8153000354766846,2.134199976921081,-0.008415005169808865,0.02449702098965645,0.021877825599281274,0.3334468901157379,-251.96416051216366,-252.5789184042271,-14.967027388122398,-0.2561622788074942,0.1406339749316885,False
29,1787908926.320407,6586.19929453,2.8986077308654785,24000,24000,4623,986,1.9476206937377882,0.11666937469765774,1.8182499706745148,2.090500056743622,-0.007020201068371534,0.021710436791181564,0.022060387705889944,0.2948487102985382,-260.63663134341397,-261.5190491080933,-14.939899132172497,0.09877384247272403,0.2687584495948272,False
30,1787908926.4200404,6586.29991625,2.9982411861419678,24000,24000,4789,1033,1.9455256526721758,0.11243927525214388,1.812000036239624,2.083400011062622,-0.006516482215374708,0.0197590384632349,0.022101016012091766,0.26636070013046265,-270.2357568484108,-270.43750916638606,-14.939298930593319,-0.5338595164220123,-0.6519676184013861,False
31,1787908926.5214229,6586.39974433,3.099623680114746,24000,24000,4607,994,1.9483279682980696,0.11384364371422942,1.8209999799728394,2.1103999495506285,-0.00791911780834198,0.018412798643112183,0.023276025127496946,0.25652235746383667,-278.1753770769988,-279.39083898916175,-14.943195854677528,0.6504167758574226,0.9309867426470646,False
32,1787908926.6209538,6586.49958833,3.1991546154022217,24000,24000,4631,973,1.9543504641455467,0.13100596922367724,1.8116000175476075,2.1534000873565673,-0.007816538214683533,0.01840527169406414,0.023202695645263255,0.25408145785331726,-287.6039273515423,-288.33533917070116,-14.943195854677528,0.17913238226486783,0.2820685724608438,False
33,1787908926.7203038,6586.59942769,3.298504590988159,24000,24000,4632,900,1.9462066688802506,0.11931918522399458,1.8170000314712524,2.1093999743461604,-0.008258143439888954,0.016014350578188896,0.023137913325437427,0.22917945683002472,-296.9293705745312,-297.25247470659605,-14.948407821206688,-0.20533039058642544,-0.2407300629155884,False
34,1787908926.8202012,6586.69928481,3.398401975631714,24000,24000,4710,856,1.9305876171756013,0.11473004821876186,1.7970000505447388,2.1387500166893005,-0.009704186581075191,0.008014276623725891,0.02319832299299353,0.15996894240379333,-306.21858545400784,-306.18698456431645,-14.945914430294415,-0.5043008553042796,-0.835048935448981,False
35,1787908926.9219122,6586.79995005,3.500113010406494,24000,24000,4782,894,1.94068568478228,0.127614994803572,1.8056499779224395,2.2017000079154965,-0.007790949195623398,0.010361420921981335,0.023928725679422485,0.16839084029197693,-315.36503884211453,-315.1739991613534,-14.982762301691535,-0.497290761198542,-0.8931530401596888,False
36,1787908927.0210292,6586.89979053,3.5992300510406494,24000,24000,4574,848,1.93598820775185,0.12414349881718265,1.8070000410079956,2.14385005235672,-0.008314050734043121,0.009344864636659622,0.023721103129100113,0.16322259604930878,-323.7182052165444,-324.16052333832795,-15.0085086790763,0.06956038182846669,0.1921431002675149,False
37,1787908927.1210911,6586.99963465,3.699291944503784,24000,24000,4552,858,1.9288484870970666,0.11942491862707157,1.7998499631881715,2.121150040626526,-0.008610080927610397,0.009578036144375801,0.023390537468809144,0.1687103807926178,-332.7530324974949,-333.208581212897,-15.018187389956688,0.039782452739757446,0.3208461837227219,False
38,1787908927.2208831,6587.09947451,3.799083948135376,24000,24000,4506,872,1.9228497706695433,0.11166754511773788,1.8075500011444092,2.0716000318527215,-0.009454838000237942,0.008688175119459629,0.022694185237042794,0.17407172918319702,-341.2268607580352,-342.301767471902,-15.033079579334176,0.5467148646400801,0.7991990008749781,False
39,1787908927.3211162,6587.19931311,3.8993170261383057,24000,24000,4766,998,1.919235470060834,0.1088471229574344,1.805849987268448,2.066999912261963,-0.014112786389887333,0.009174163453280926,0.023068461816125305,0.22808054089546204,-350.90920771093926,-351.34225512894454,-15.031110595490844,-0.11517701924270796,-0.04566703209695788,False
40,1787908927.4211824,6587.29995333,3.9993832111358643,24000,24000,4504,891,1.9327474760286736,0.13005196917889064,1.8025000095367432,2.13700008392334,-0.012210104614496231,0.008195173926651478,0.02296469114466423,0.19932354986667633,-360.02575827096507,-360.38403515221984,-15.04745154621846,-0.22629201165614177,-0.41827511865733413,False
41,1787908927.521055,6587.39979995,4.099255800247192,24000,24000,4492,878,1.9344293848528678,0.13846039418159134,1.8028499841690064,2.133949947357177,-0.016104917973279953,0.013021483086049557,0.023158290728903977,0.2799750566482544,-368.6514674268662,-369.4909634991164,-15.030644684624354,0.13601177842076595,0.10573512147260544,False
42,1787908927.6210568,6587.49964633,4.1992576122283936,24000,24000,4558,924,1.944634197465269,0.13850100983461394,1.809000015258789,2.138849949836731,-0.015654828399419785,0.015966186299920082,0.023206801136422203,0.29658249020576477,-377.8693489737334,-378.4840631542684,-14.981615628973339,-0.08222743709183078,-0.167523657861409,False
43,1787908927.7202494,6587.59949669,4.298450231552124,24000,24000,4839,1099,1.9399208384714308,0.10335510102493395,1.8209999799728394,2.078100061416626,-0.013353273272514343,0.01698298379778862,0.02244639633813325,0.2841951549053192,-387.0185362193658,-387.4592875789351,-14.963324671921056,-0.3045954767721355,-0.7068585710321713,False
44,1787908927.821053,6587.69933497,4.399253845214844,24000,24000,4867,1089,1.9437988971328386,0.10227326315218052,1.8254000186920165,2.062999963760376,-0.01091986894607544,0.018539560958743095,0.0217137942729755,0.28272080421447754,-396.17555977400383,-396.44806968277396,-14.960590181647744,-0.3898187240010884,-0.7360575303014798,False
45,1787908927.9228506,6587.79996871,4.501051425933838,24000,24000,4812,1059,1.9428583568171356,0.11254020988727118,1.819000005722046,2.073099946975708,-0.00863360334187746,0.02077929489314556,0.020949589857230545,0.2878386080265045,-405.4666214005115,-405.4084805880819,-14.967970596813002,-0.5196281839942571,-0.8652483920125178,False
46,1787908928.020965,6587.89981321,4.599165916442871,24000,24000,4808,1032,1.9481812040935191,0.10511079888199963,1.8370000123977661,2.123449981212616,-0.006891865283250809,0.02031201496720314,0.020499948630101503,0.2737337052822113,-414.5531468027539,-414.3626242945309,-14.984514483794198,-0.7763603593861035,-1.2254505923609145,False
47,1787908928.1209207,6587.99964787,4.699121475219727,24000,24000,4964,1033,1.958484027646518,0.12388978149736105,1.8296000242233277,2.184800052642822,-0.00660344772040844,0.01900300197303295,0.021786398199592594,0.2614336907863617,-423.04836756258027,-423.3166504903244,-14.979937244153062,-0.2761013353912176,-0.3882233990196937,False
48,1787908928.220103,6588.09950487,4.798303842544556,24000,24000,4897,917,1.9558593253142962,0.13070017726601638,1.820799994468689,2.193399906158447,-0.006084125954657793,0.009585131891071796,0.02208657942527193,0.14662876725196838,-431.73316021998875,-432.32535563112714,-14.990786533090665,-0.034997413362759744,-0.41048034797296395,False
49,1787908928.3209782,6588.19934233,4.899178981781006,24000,24000,4866,796,1.9482575365945922,0.12207501390769947,1.8250000476837158,2.1689999103546143,-0.010062037967145443,0.004436036571860313,0.022347761236624977,0.14277340471744537,-441.0917714790834,-441.3063840536743,-14.95896675209645,-0.3153714358730326,-0.5033661173437167,False
50,1787908928.4228454,6588.29998469,5.001046180725098,24000,24000,4696,773,1.9480853825614801,0.13677523724710347,1.8220000267028809,2.171000003814697,-0.005793497432023287,0.0022554518654942513,0.020958753703451592,0.08229010552167892,-449.6675851759344,-450.2595594977261,-14.958253135297978,0.2763323115210028,0.8308022813610023,False
51,1787908928.521382,6588.39981705,5.09958291053772,24000,24000,5021,899,1.9451501691699427,0.1382257783157079,1.8179999589920044,2.194200015068054,-0.010289404541254044,0.002261304296553135,0.02181423496726643,0.13774433732032776,-458.1333500624194,-459.2117870195846,-14.958470877875635,0.6783599904510424,1.3003053590905438,False
52,1787908928.6211739,6588.49964879,5.199374675750732,24000,24000,5068,961,1.9376742976265073,0.12508862733710222,1.815999984741211,2.1389999389648438,-0.01817629486322403,0.006075034849345684,0.022575467076421097,0.2509309947490692,-467.2266283563947,-468.17703063413876,-14.949491932984586,0.5658209124857194,0.9599609771192945,False
53,1787908928.7202203,6588.59947881,5.298421144485474,24000,24000,4916,928,1.9363965514148105,0.11720752159651504,1.8220000267028809,2.1458499908447264,-0.016699293628335,0.011012000031769276,0.022296420284286175,0.26784101128578186,-476.4097597893614,-477.1685305866762,-14.949491932984586,0.29635589352301395,0.7884385451384901,False
54,1787908928.819886,6588.69931055,5.398086786270142,24000,24000,4915,959,1.9329968733136174,0.1089338799978559,1.815999984741211,2.0831999540328976,-0.01831955835223198,0.016510939225554466,0.022241078406571194,0.32778114080429077,-485.2511218541308,-486.13053330952624,-14.937400413320178,0.42438259298455705,0.6753832766162304,False
55,1787908928.9278963,6588.79995029,5.506097078323364,24000,24000,4728,1074,1.939792366889158,0.11555498778718541,1.8140000104904175,2.09069994688034,-0.01810786873102188,0.01754401996731758,0.021286694544086004,0.328693151473999,-494.9261591031314,-495.0330540064035,-14.95994761875732,0.46970917866025275,0.5776517719565959,False
56,1787908929.0209305,6588.89977969,5.599131345748901,24000,24000,4967,1201,1.944620316967579,0.10858189388481973,1.8220000267028809,2.0920000076293945,-0.015876756981015205,0.025064567103981972,0.02090556367006806,0.38658854365348816,-504.58454389823424,-504.0634492026625,-14.95994761875732,-0.8160760124791864,-1.3910435158288692,False
57,1787908929.1211624,6588.99962501,5.6993632316589355,24000,24000,4818,1141,1.9565547768428178,0.13777522700943504,1.812999963760376,2.197000026702881,-0.014580548740923405,0.024047497659921646,0.021240227221369756,0.36724209785461426,-513.3338868610998,-513.0529203684027,-14.990483696055087,-0.5450711884762995,-0.8559671688283288,False
58,1787908929.2201889,6589.09947071,5.798389673233032,24000,24000,4673,1014,1.9552889545053185,0.12114811884990771,1.8300000429153442,2.1440999746322627,-0.014897619374096394,0.022537656128406525,0.0213115184804525,0.3490314781665802,-521.6161112057861,-522.0661400162942,-14.995391787274807,0.08456854067230779,0.027695182429738452,False
59,1787908929.3207386,6589.19932799,5.898939371109009,24000,24000,4623,955,1.9548963354520148,0.13093153845456912,1.823699986934662,2.138299965858459,-0.013167248107492924,0.01980740949511528,0.02210777602168943,0.3105531632900238,-530.0547675849928,-531.0688661219365,-14.999254287400342,0.6948613703026467,1.0597657334994892,False
60,1787908929.4215279,6589.29995925,5.999728679656982,24000,24000,4781,950,1.947093683794925,0.13687693026281259,1.8164500057697297,2.1619999408721924,-0.013004729524254799,0.018771102651953697,0.021459665096559916,0.29902878403663635,-539.7894599763023,-540.0789900879179,-15.014860497435693,0.030681900567287812,0.08753718357581874,False
61,1787908929.521361,6589.39978595,6.099561929702759,24000,24000,4531,882,1.935471656371136,0.1234273416295011,1.806049996614456,2.1527501106262203,-0.014607238583266735,0.014579465612769127,0.0216962888694993,0.27287256717681885,-549.0067502437912,-549.1208841377018,-15.026783222761054,-0.20213573198998347,-0.059366564833794655,False
62,1787908929.6210713,6589.49962205,6.199272155761719,24000,24000,4481,824,1.9356917475612418,0.11818481089405548,1.8079999685287476,2.1098499059677125,-0.012784376740455627,0.0160467941313982,0.021363455427421008,0.2710861265659332,-557.3881061140657,-558.1234952122063,-15.003464380116343,0.3899095144856801,0.5246741766025025,False
63,1787908929.7203212,6589.59945611,6.298521995544434,24000,24000,4461,836,1.9350263182626386,0.11017456789402227,1.812000036239624,2.1035000681877136,-0.015150502324104309,0.018400661647319794,0.02104822416891934,0.30970582365989685,-565.8941000571433,-567.0943793920125,-14.988366757949295,0.8158843207003201,1.0437002784107108,False
64,1787908929.8203037,6589.69930055,6.3985044956207275,24000,24000,4570,927,1.9469212510953573,0.1309071804729035,1.8073000192642212,2.178900003433227,-0.016834862530231476,0.020519841462373734,0.021422514481400687,0.3413940966129303,-575.1740703275487,-576.035660259767,-14.992884111684385,0.5338184107722554,0.7993735092723,False
65,1787908929.9248857,6589.79993669,6.503086566925049,24000,24000,4409,908,1.9394988972972669,0.1296281109096715,1.8083499848842621,2.101650023460388,-0.01954127661883831,0.017794037237763405,0.02106445273228928,0.3378504812717438,-585.3159851080422,-585.0229218035421,-14.980301839938775,-0.19625455041455098,-0.04481848992918458,False
66,1787908930.0228498,6589.89978343,6.601050615310669,24000,24000,4544,975,1.938948718584501,0.12413588606786619,1.8126999855041503,2.071000099182129,-0.013682820834219456,0.01905697211623192,0.02240312189570146,0.30380645394325256,-593.1120236816623,-593.9678976118049,-15.00611761808919,0.8239610951172835,0.655651106774144,False
67,1787908930.121143,6589.99960599,6.699343919754028,24000,24000,4623,985,1.9452406091738472,0.12074492524802104,1.8202000379562377,2.092799949645996,-0.009402910247445107,0.024766921997070312,0.022405914469241117,0.3401968777179718,-603.1162154907821,-603.0250332426907,-15.0062881379025,-0.33434516421380067,-0.8943400426445578,False
68,1787908930.2208827,6590.09945439,6.799083471298218,24000,24000,4713,1004,1.948748012106732,0.12289740839225981,1.826149982213974,2.0929999351501465,-0.011737776920199394,0.0212959386408329,0.022272799644907363,0.3109004497528076,-611.7043916434616,-612.0827463370422,-15.03205123665583,0.05351894081877617,-0.36071026230069947,False
69,1787908930.3208506,6590.19928765,6.8990514278411865,24000,24000,4741,1004,1.9545049787280093,0.12411323856999613,1.8223000228405,2.0929999351501465,-0.01016228087246418,0.024052880704402924,0.022888675127352705,0.333266019821167,-620.6683843539056,-621.0937748401609,-15.020346175796604,0.08612174858649269,-0.028614343600338543,False
70,1787908930.421545,6590.29992471,6.999745845794678,24000,24000,4611,925,1.9465059464686625,0.1135071611420027,1.8192000150680543,2.0804000854492184,-0.009136996231973171,0.021609393879771233,0.022615657263303737,0.29556313157081604,-630.1880165721442,-630.0448906341634,-15.045147590743179,-0.37153720745050123,-0.6519359750775493,False
71,1787908930.521536,6590.39975751,7.099736928939819,24000,24000,4583,950,1.947516843017779,0.11409824920335408,1.8154500246047973,2.0940001010894775,-0.00826037023216486,0.019249327480793,0.023688198039402256,0.26819074153900146,-638.5418380034579,-639.0771757782575,-15.063730468302111,0.2733181532140634,0.09920473466092972,False
72,1787908930.6210692,6590.49959161,7.199270009994507,24000,24000,4619,924,1.9511731597252222,0.12252076301756501,1.8140000104904175,2.129999899864195,-0.007923988625407219,0.017608869820833206,0.023199550686032404,0.24656128883361816,-647.3392091204586,-648.1459528582906,-15.063730468302111,0.43340602503963055,0.59769801201071,False
73,1787908930.720872,6590.59943059,7.299072742462158,24000,24000,4794,897,1.9451705659910987,0.12614521195708514,1.805999994277954,2.13059992790222,-0.0035855358000844717,0.01565476879477501,0.022969719560856305,0.20710040628910065,-656.5497401190713,-657.1757508004,-15.051523105079182,0.20460123824375387,0.3914285794043053,False
74,1787908930.8199902,6590.69967793,7.398190975189209,24000,24000,4718,818,1.9393105126534813,0.12909182115111056,1.8040000200271606,2.1180500984191895,-0.0056597511284053326,0.009927323088049889,0.02324960468320245,0.14836005866527557,-666.0349628436469,-666.2028311966122,-15.050678037717914,-0.36049668672205826,-0.6787357758557846,False
75,1787908930.9204335,6590.79951585,7.498634338378906,24000,24000,4714,861,1.9350592309174222,0.12876078294417573,1.8009999990463257,2.1619999408721924,-0.005471109878271818,0.008717277087271214,0.023501979071856322,0.13387538492679596,-673.9902755732815,-675.2118223639633,-15.026970675173915,0.7235702244398681,1.0066370075769555,False
76,1787908931.0204597,6590.89933975,7.598660469055176,24000,24000,4585,889,1.93971766301832,0.13275111470667914,1.8053999662399292,2.1664000034332274,-0.007098211906850338,0.008895982056856155,0.02347562378459518,0.14985741674900055,-684.1465276008472,-684.2968349400124,-15.019285436694725,-0.430850915851579,-0.8035755681951287,False
77,1787908931.1203818,6590.99998273,7.698582649230957,24000,24000,4785,959,1.9349019836956816,0.11938846308876432,1.805999994277954,2.1560999155044556,-0.012023084796965122,0.014503386802971363,0.023707780093603747,0.24442973732948303,-692.6246313795942,-693.2828170583505,-14.984218429059503,0.0835211889408356,0.09333969702220202,False
78,1787908931.2214622,6591.09981339,7.799663066864014,24000,24000,4515,910,1.9290384612240634,0.11749153868198783,1.8174499988555908,2.115749979019165,-0.013645440340042114,0.010086539201438427,0.02322837236857785,0.22333183884620667,-701.7715381782506,-702.2725614486798,-14.970541913873811,0.03332561360184627,0.20601616955150348,False
79,1787908931.3214095,6591.19965841,7.899610280990601,24000,24000,4524,952,1.9233497899620473,0.11261025070903517,1.8115500152111053,2.078450036048889,-0.011387632228434086,0.007320115342736244,0.023310123203296597,0.1801683008670807,-710.9791443833016,-711.2432862000061,-14.98358711381035,-0.17955178269824046,-0.5117631039425987,False
80,1787908931.4204059,6591.29950087,7.9986066818237305,24000,24000,4504,943,1.9299628818022485,0.13238068072410925,1.8009999990463257,2.11589994430542,-0.012786620296537876,0.0067538367584347725,0.023376359922524563,0.1921790987253189,-720.3413817584151,-720.2360253583423,-14.98358711381035,-0.6326285942304821,-0.7210912694359877,False
81,1787908931.5203352,6591.39934075,8.098536014556885,24000,24000,4661,974,1.935566733994768,0.13690283253699642,1.803650003671646,2.1510999441146845,-0.01630297303199768,0.010142290964722633,0.023253768952863872,0.257407009601593,-729.0741666346568,-729.2464197640082,-14.99272338435128,-0.37229389401511526,-0.5860665307989166,False
82,1787908931.621357,6591.49997869,8.199557781219482,24000,24000,4521,932,1.9383905555557284,0.1271859826157446,1.8095499753952027,2.086649978160857,-0.014159458689391613,0.016519194468855858,0.023160941501081448,0.2823847830295563,-738.0414735590144,-738.203294093172,-14.984841772229162,-0.24816787697909604,-0.314969042691132,False
83,1787908931.7219734,6591.59980929,8.300174236297607,24000,24000,4683,1021,1.94556121401175,0.11339754457068028,1.8229999542236328,2.0889999866485596,-0.013426636345684528,0.018190983682870865,0.022513857464070676,0.2950872778892517,-747.1209652395481,-747.1773007036473,-14.998781109104504,-0.27270254811219274,-0.22692896596106493,False
84,1787908931.8210838,6591.69964881,8.399284601211548,24000,24000,4776,1032,1.9529864343330843,0.11647931631045047,1.8325499773025513,2.0878999352455136,-0.008239541202783585,0.020401718094944954,0.021915011787379667,0.2900691330432892,-755.3790317719199,-756.2080298604911,-15.008462566356593,0.3886476569164188,0.5524473864360289,False
85,1787908931.922333,6591.79948833,8.500533819198608,24000,24000,4855,1057,1.9439460760935816,0.09626040694197247,1.8300000429153442,2.0503999710083005,-0.006570963654667139,0.023684155195951462,0.021122421753593308,0.32402998208999634,-764.3740367680601,-765.2124737079099,-14.984208006172983,0.5055450369471828,0.8559831466671994,False
86,1787908932.0219011,6591.89933959,8.600101947784424,24000,24000,4997,1066,1.9488705457039666,0.11625191211318325,1.8259999752044678,2.075999915599823,-0.005082829389721155,0.022083178162574768,0.019596480230802554,0.29510360956192017,-773.2338662266138,-774.1352326104744,-15.00418953059989,0.6063286625155797,0.8459855568959256,False
87,1787908932.1228242,6591.99996441,8.701025009155273,24000,24000,4854,1025,1.955946341956534,0.12670322332062298,1.8342000007629395,2.161800098419189,-0.0059203216806054115,0.017772089689970016,0.02138202927919093,0.244430810213089,-782.1172404814394,-783.1954376769451,-15.00151909200134,0.8055043868217808,0.9277414260310479,False
88,1787908932.2217298,6592.09978263,8.799930572509766,24000,24000,4849,917,1.963459106672031,0.14461815584750218,1.8264000177383424,2.253800010681151,-0.007433629594743252,0.008446721360087395,0.02163406246698235,0.14604279398918152,-791.9146118814544,-792.1747888702779,-14.970731380777844,-0.09088134966452799,-0.19036657490084963,False
89,1787908932.3210568,6592.19962063,8.89925765991211,24000,24000,4923,862,1.948506961012661,0.1374315884994048,1.8180499613285064,2.188749897480011,-0.012163788080215454,0.003940528258681297,0.022092237336274825,0.1635744720697403,-800.9520401095803,-801.1423376949823,-14.970731380777844,-0.18938894498887748,-0.2425549677534491,False
90,1787908932.4208074,6592.29946293,8.999008178710938,24000,24000,5145,899,1.945122357735512,0.12154174051309177,1.8158999919891357,2.1593999385833738,-0.011951103806495667,0.008389635011553764,0.022231360561942727,0.18844227492809296,-809.6176215453811,-810.148199463526,-14.993567994672118,0.1220568727292175,-0.0015830170209483185,False
91,1787908932.5204918,6592.39930419,9.098692655563354,24000,24000,4968,872,1.9505424308120658,0.1352832892180303,1.8209999799728394,2.2388999581336972,-0.012639678083360195,0.005805345717817545,0.022218575046789237,0.18122801184654236,-819.0335192797419,-819.18254618058,-15.00689015801018,-0.322757039384328,-0.4149360363262531,False
92,1787908932.6232407,6592.49993999,9.201441526412964,24000,24000,4866,903,1.938095237197538,0.11826608127932686,1.8151000499725343,2.1635000228881833,-0.015165199525654316,0.005716116167604923,0.02271321765618518,0.21350370347499847,-828.4244881039162,-828.2415438812981,-15.002564367714482,-0.46686253901350483,-0.5961848763967055,False
93,1787908932.7216105,6592.59979891,9.299811363220215,24000,24000,4945,944,1.9334978831268974,0.11337255316523205,1.819150012731552,2.130700027942657,-0.016982587054371834,0.00821590330451727,0.022401931586403752,0.2491198033094406,-837.059144802465,-837.2163439945132,-15.002564367714482,-0.24874617355612827,-0.6566210317386094,False
94,1787908932.8211858,6592.69964219,9.399386644363403,24000,24000,5062,1030,1.9427504851980117,0.1295442732816137,1.8140000104904175,2.161849975585937,-0.021810567006468773,0.013879307545721531,0.022593970803090935,0.3444455564022064,-845.2615738421233,-846.2337932281597,-15.029834468463648,0.5100815638251106,0.5232178382946131,False
95,1787908932.920684,6592.79947879,9.498884916305542,24000,24000,4831,1042,1.9421026880590107,0.12086498378475546,1.8200000524520874,2.1139500737190247,-0.017757505178451538,0.021005047485232353,0.02170907616070299,0.3554208278656006,-855.0486719696488,-855.2531297396623,-15.046736821868578,-0.3226902137394063,-0.14123382281468366,False
96,1787908933.0203822,6592.89933553,9.598582983016968,24000,24000,4838,1120,1.956245538166591,0.1342699694422795,1.819000005722046,2.164150035381317,-0.014909107238054276,0.02468637377023697,0.02089026207553417,0.37786465883255005,-864.1379275497179,-864.2798815222752,-15.041654991118277,-0.43963895501815387,-0.41222274518474933,False
97,1787908933.12743,6592.99997745,9.705630779266357,24000,24000,4512,1038,1.959182081654352,0.13563357069924936,1.8188499987125397,2.168149971961975,-0.01296823751181364,0.02508719637989998,0.021509997811981214,0.3804059326648712,-872.2057815934419,-873.2770235565844,-15.00368231989779,1.1262512256658965,1.3548575138712522,False
98,1787908933.2211134,6593.09980759,9.799314260482788,24000,24000,4822,1012,1.9605247015538423,0.13392822327359402,1.8300000429153442,2.218149900436401,-0.014098495244979858,0.023096978664398193,0.02045760296143024,0.3580295741558075,-881.6628139658442,-882.2086871848704,-15.00368231989779,0.1002443177077339,0.6847432559011395,False
99,1787908933.322471,6593.19964275,9.90067172050476,24000,24000,4715,957,1.9445276924310682,0.10979381031606777,1.8277999639511109,2.1212000370025623,-0.009499823674559593,0.018064944073557854,0.021537367166533202,0.27017003297805786,-890.9220016084696,-891.228136515577,-15.018836653701399,-0.03729972926157643,-0.07422837401884408,False
100,1787908933.4203491,6593.29947071,9.998549938201904,24000,24000,4588,927,1.9535361370222468,0.13234281370324597,1.8229999542236328,2.185899972915649,-0.014560895040631294,0.017855573445558548,0.02157441584163143,0.30055341124534607,-899.6232101713231,-900.25331550606,-15.018836653701399,0.07002161202660773,0.11327309293574217,False
101,1787908933.5203824,6593.39932437,10.098583221435547,24000,24000,4520,921,1.938066231829077,0.12079899394380983,1.812000036239624,2.131999969482422,-0.01735791750252247,0.015474939718842506,0.021455781808596978,0.3024839460849762,-908.7146347189624,-909.255271850861,-15.01555566751157,-0.01892835542105331,-0.2758501155844897,False
102,1787908933.6215038,6593.49996163,10.199704647064209,24000,24000,4686,923,1.9396793077723047,0.1300644780576856,1.809999942779541,2.1476000070571897,-0.01424543745815754,0.018504098057746887,0.021379574717866487,0.30458810925483704,-917.1739024306869,-918.3027625611106,-15.006862664171607,0.622205662232318,0.3313400158847344,False
103,1787908933.721667,6593.59980533,10.299867868423462,24000,24000,4633,921,1.9409196511412548,0.13350622926001843,1.8079999685287476,2.134999990463257,-0.018180018290877342,0.021066362038254738,0.021751843950668103,0.35899606347084045,-927.5154159216947,-927.3728908712377,-15.015214304588861,-0.7051394939154534,-1.2919945238849095,False
104,1787908933.8217063,6593.69964745,10.399907112121582,24000,24000,4471,898,1.9492706015274626,0.1461320154629648,1.812999963760376,2.243600022792816,-0.016830500215291977,0.018337728455662727,0.022273966854264835,0.3214062452316284,-936.5447986122343,-936.3887300334871,-15.002418119582495,-0.7315111934985907,-1.4743223872779936,False
105,1787908933.920362,6593.79949615,10.498562812805176,24000,24000,4550,945,1.9514296279382453,0.15572846567110038,1.812000036239624,2.258000040054321,-0.016585614532232285,0.018579816445708275,0.021942932923775617,0.32021957635879517,-945.0196234710803,-945.3375398020249,-15.003961871595068,-0.3278367280680641,-0.9854097721409971,False
106,1787908934.0205445,6593.89933665,10.598745346069336,24000,24000,4537,946,1.9430909083711168,0.1314791299687419,1.8109999895095825,2.1160000562667847,-0.014677857048809528,0.019931962713599205,0.02223221486012578,0.31939980387687683,-953.769492562215,-954.3742793734439,-15.034801496169427,-0.06179951346530288,-0.5885958534300926,False
107,1787908934.1218288,6593.99998337,10.700029611587524,24000,24000,4667,969,1.9466914350649398,0.11844266339741248,1.8170000314712524,2.100799989700317,-0.01320319902151823,0.022078413516283035,0.022752733160255115,0.32988080382347107,-962.7837377190596,-963.3922889249111,-15.025815032568644,0.03901180115690295,-0.6837074152409741,False
108,1787908934.2212865,6594.09982375,10.799487352371216,24000,24000,4590,906,1.943850992662754,0.11136780356206354,1.8240000009536743,2.083750069141388,-0.009889987297356129,0.023414956405758858,0.022613812944234823,0.3258025348186493,-972.3681566035514,-972.3728602054124,-14.994432012799498,-0.5947283265733176,-0.9893380096781357,False
109,1787908934.321878,6594.19965111,10.900078773498535,24000,24000,4572,884,1.94429977379773,0.11352693358589708,1.8171500205993651,2.081850028038025,-0.0073838247917592525,0.02355707623064518,0.022337740084100662,0.31944891810417175,-980.90016275558,-981.3552889883113,-14.98800684400796,-0.0740303944127163,-0.19497840043845827,False
110,1787908934.420416,6594.29949627,10.998616933822632,24000,24000,4613,934,1.9470974301372912,0.11110585961324575,1.8186499893665313,2.0829999446868896,-0.005732548888772726,0.02209334820508957,0.021344046544209322,0.29115939140319824,-989.8765797452205,-990.3643750462744,-14.971130467696783,-0.18252608005468574,-0.1839907419004021,False
111,1787908934.5208695,6594.39932853,11.099070310592651,24000,24000,4658,994,1.9453893359038432,0.11217966200829833,1.8170000314712524,2.0833500027656555,-0.005928711034357548,0.019739681854844093,0.022530206607372,0.26408037543296814,-998.7836618765281,-999.3314865908693,-14.965228830546858,-0.04932740048116102,-0.11722731011832366,False
112,1787908934.621465,6594.49998479,11.199665784835815,24000,24000,4644,961,1.9492965642669073,0.12426005930345228,1.812000036239624,2.121999979019165,-0.006957565899938345,0.01569063402712345,0.023121176615600435,0.22113217413425446,-1007.3996847831977,-1008.3121221677261,-14.965228830546858,0.38771853635830666,0.6640684681123048,False
113,1787908934.721165,6594.59983201,11.299365758895874,24000,24000,4638,879,1.9488612062152606,0.13189507735261333,1.8078999757766723,2.197100019454956,-0.009850575588643551,0.015488894656300545,0.023213832506056013,0.23373541235923767,-1016.4417359877993,-1017.1883788874827,-14.931042534318975,0.31814582199183405,0.6625199955851713,False
114,1787908934.8219686,6594.69966445,11.400169372558594,24000,24000,4687,845,1.9513017751761441,0.1486757734804102,1.8122000217437744,2.2295999526977535,-0.011074522510170937,0.010767443105578423,0.02407307804414971,0.19612154364585876,-1025.9625673028784,-1026.1414073576314,-14.971438143901524,-0.130885185678153,-0.08658286602235421,False
115,1787908934.9204054,6594.79950233,11.498606204986572,24000,24000,4856,901,1.9377092123031616,0.1266250016839839,1.805999994277954,2.1659998893737793,-0.005913297180086374,0.010679909959435463,0.02334908994246201,0.15599045157432556,-1035.1147997558485,-1035.149540381002,-14.97597363215896,-0.4243153176478245,-0.6741029664503912,False
116,1787908935.0208955,6594.89934595,11.599096298217773,24000,24000,4733,938,1.9407132189156913,0.14166343765485478,1.809000015258789,2.2185999274253843,-0.009460029192268848,0.009729254990816116,0.023995841030305068,0.17826807498931885,-1043.6065391296554,-1044.1538149195967,-14.97778331440245,0.12753040973620955,0.2127311042547717,False
117,1787908935.1223598,6594.99998103,11.700560569763184,24000,24000,4513,910,1.9236747283201951,0.10717736594094146,1.803449994325638,2.0849499583244318,-0.011365566402673721,0.009781037457287312,0.023353534033016727,0.1981467753648758,-1053.0770335969569,-1053.0983420558093,-14.988693899460777,-0.21170798100752108,-0.609302908406562,False
118,1787908935.221356,6595.09983005,11.799556732177734,24000,24000,4477,873,1.924082474064035,0.11975473569190392,1.8009999990463257,2.0711999416351317,-0.014839406125247478,0.008352347649633884,0.022953217680175667,0.22528141736984253,-1061.5808871889512,-1062.089620134463,-14.999538918448556,0.19357753414874423,0.04288190869215214,False
119,1787908935.321978,6595.19965051,11.900178909301758,24000,24000,4601,952,1.9257447474143083,0.11792090846246295,1.805999994277954,2.0914500474929807,-0.01633003167808056,0.007261303253471851,0.023690963285469553,0.23649144172668457,-1070.7250079961027,-1071.0543045627235,-15.02999742984106,0.10492869073186739,0.20469097307523043,False
120,1787908935.4202883,6595.29949313,11.998489141464233,24000,24000,4624,946,1.9312283279527822,0.13470059967733672,1.8032499849796295,2.095249891281128,-0.012523490935564041,0.008580413646996021,0.023545522505716447,0.2053973227739334,-1079.471652157314,-1080.1178305819165,-15.02999742984106,0.20569348588060166,0.9094326776639718,False
121,1787908935.5203707,6595.39934327,12.098571538925171,24000,24000,4526,876,1.9398424660778482,0.1370404994880058,1.8067500293254852,2.166499972343445,-0.013749740086495876,0.008981299586594105,0.023087374355082475,0.2226639688014984,-1088.5753621004708,-1089.158159712109,-15.02751041230857,0.10887814761599657,-0.05149115639392221,False
122,1787908935.6216786,6595.49997519,12.19987940788269,24000,24000,4597,913,1.9334895986847391,0.11777166307990995,1.8079999685287476,2.0657999992370604,-0.012305904179811478,0.015521436929702759,0.02236150640784243,0.26528871059417725,-1097.1990982691157,-1098.1675745167504,-15.027259618073364,0.602322637065754,0.6768077062613429,False
123,1787908935.7216177,6595.59982845,12.299818515777588,24000,24000,4717,1028,1.9486595340044117,0.11732699311058825,1.815000057220459,2.096950042247772,-0.012221130542457104,0.019655320793390274,0.0223669439967301,0.30754223465919495,-1106.7669098269641,-1107.1933769294048,-15.021307589265687,0.02851036932838724,-0.04056829936007489,False
124,1787908935.821207,6595.69965943,12.399407863616943,24000,24000,4940,1146,1.9518115222974182,0.12479354467737884,1.8302500247955322,2.0924999713897705,-0.0074552264995872974,0.021360348910093307,0.021299270873741026,0.29420772194862366,-1116.114097853269,-1116.212878169396,-15.007073685602903,-0.35615495053230006,-0.835791351670423,False
125,1787908935.9209344,6595.79950059,12.499135255813599,24000,24000,4939,1084,1.942446493244699,0.09738598143144228,1.8281499564647674,2.0438499212265016,-0.008632946759462357,0.022518333047628403,0.021403458966680926,0.3127298355102539,-1124.791453687855,-1125.208053673087,-15.006597291737085,-0.05856480536613162,-0.42339941914224255,False
126,1787908936.0203605,6595.89934707,12.59856128692627,24000,24000,4873,1079,1.9526255808018003,0.1174801566213197,1.8350000381469727,2.1190999507904054,-0.007846934720873833,0.019560841843485832,0.02086488775496839,0.27090930938720703,-1133.4924993824984,-1134.236785452869,-15.008318098002471,0.1882145514844069,-0.20559690021923416,False
127,1787908936.1204019,6595.99997769,12.698602676391602,24000,24000,4930,1011,1.9514431260106118,0.11231018433585123,1.8334999680519104,2.1334999799728394,-0.006961766630411148,0.017704980447888374,0.02065827225300504,0.24382050335407257,-1143.1620483290228,-1143.2274909182918,-15.005091378843266,-0.4781302962085192,-0.8610694321714618,False
128,1787908936.2212384,6596.09982045,12.799439191818237,24000,24000,5062,965,1.9566062193460414,0.13421579115004725,1.8283999681472778,2.197599983215332,-0.004750815220177174,0.011474842205643654,0.021895662566474242,0.15989646315574646,-1151.5877533785165,-1152.242176316779,-15.012882587794309,0.1709259491276498,-0.034075441695677,False
129,1787908936.3213239,6596.19966187,12.899524688720703,24000,24000,4835,806,1.9490248142341822,0.13559294780781647,1.8200000524520874,2.199750006198883,-0.01186432596296072,0.0036700996570289135,0.02254417497442073,0.16057361662387848,-1161.9133629507078,-1161.2670672734796,-15.01802872830927,-1.1475100845739235,-1.5585140468481313,False
130,1787908936.4203863,6596.29949861,12.998587131500244,24000,24000,4860,831,1.9526269560686518,0.13797769362054776,1.8230000138282776,2.212000012397766,-0.010640504769980907,0.004078512080013752,0.022590019682081255,0.1493731290102005,-1169.4373854299488,-1170.2890980875563,-15.008326650441838,0.2435714310381627,-0.025208068713936882,False
131,1787908936.5203874,6596.39934167,13.098588228225708,24000,24000,4864,848,1.945132076459111,0.12961718543927742,1.8200000524520874,2.1700000762939453,-0.011408865451812744,0.0027469319757074118,0.02233604913588608,0.15201523900032043,-1178.6952317737237,-1179.3047960707,-15.006970857186532,-0.014696950673851461,-0.09382353843716373,False
132,1787908936.6211843,6596.49999259,13.199385166168213,24000,24000,5089,940,1.9438946816515414,0.12688812709214253,1.8209999799728394,2.1910499811172484,-0.01769232004880905,0.0066254353150725365,0.02289172119779702,0.24692264199256897,-1188.133676639328,-1188.2985482273011,-15.000492398399594,-0.3819422889255293,-0.4336338749258175,False
133,1787908936.722247,6596.59984413,13.300447702407837,24000,24000,4895,890,1.9327640454420882,0.10567630493868294,1.8170000314712524,2.113200032711029,-0.013808691874146461,0.00811981875449419,0.021093534437001692,0.21713398396968842,-1196.447859670274,-1197.2353726636975,-14.98807436787778,0.3989766711520133,0.6850102722680731,False
134,1787908936.8212578,6596.69969449,13.399458646774292,24000,24000,4862,951,1.9365520512393346,0.12093612975905445,1.8109999895095825,2.152999997138977,-0.01677798666059971,0.012890778481960297,0.02205754449904149,0.28513389825820923,-1205.195836063197,-1206.2211817908706,-14.996941538904743,0.5614696840759734,0.5099762736945195,False
135,1787908936.9219878,6596.79953167,13.50018858909607,24000,24000,4868,1067,1.94762230343984,0.13010790152375945,1.812000036239624,2.156700015068054,-0.016843125224113464,0.022842274978756905,0.021948580381278383,0.3774523138999939,-1214.9244694598774,-1215.1932873841083,-14.99600767282917,-0.1019934422456572,-0.43133139923338604,False
136,1787908937.0218108,6596.89936459,13.600011587142944,24000,24000,4851,1141,1.9486529371594254,0.11487826752147928,1.8240000009536743,2.1059999465942383,-0.015909768640995026,0.025605028495192528,0.020615699022579544,0.3889758884906769,-1223.7921695894147,-1224.2632250164938,-14.978903119008764,0.013856436633432168,0.12964424801248242,False
137,1787908937.1219614,6596.99999365,13.700162172317505,24000,24000,4915,1147,1.948231037741863,0.11590678222959212,1.8193000197410583,2.0974000215530397,-0.013287769630551338,0.020012550055980682,0.021099037306323298,0.3157033920288086,-1232.9054502871702,-1233.2971989855246,-14.957833714410086,-0.08639311708293462,-0.5585780989836167,False
138,1787908937.2219746,6597.09983959,13.800175428390503,24000,24000,4695,1050,1.953111427738553,0.13183761026736893,1.819000005722046,2.132650053501129,-0.015488152392208576,0.022122355177998543,0.02161042741207495,0.3570878207683563,-1242.229241457882,-1242.33000864883,-14.930000381990434,-0.409512047771841,-0.7156374209798742,False
139,1787908937.3215601,6597.19969315,13.899760961532593,24000,24000,4583,937,1.9459039458851932,0.11517630995055687,1.8253999710083009,2.092400026321411,-0.015540103428065777,0.022728076204657555,0.021571290715151695,0.3582492470741272,-1250.7180668067574,-1251.2665412136062,-14.953661324564882,0.06384200690740727,-0.10548563459542493,False
140,1787908937.4207149,6597.29953619,13.998915672302246,24000,24000,4597,918,1.9510718971036358,0.12893495977560937,1.8240000009536743,2.1370000600814816,-0.014761547558009624,0.021646874025464058,0.02219512092721577,0.3427228033542633,-1259.8474841021691,-1260.2828956389214,-14.936795911993093,-0.14216765501510054,-0.1311761927970565,False
141,1787908937.5210605,6597.39938231,14.099261283874512,24000,24000,4756,909,1.941766777710028,0.1182998810518558,1.8164000034332275,2.149600028991699,-0.014111488126218319,0.020710932090878487,0.021012665221169173,0.32672208547592163,-1268.5582823272125,-1269.1970217392545,-14.936164257231809,0.1776166241984356,-0.08092902114367462,False
142,1787908937.6213722,6597.49960771,14.199573040008545,24000,24000,4510,888,1.938377252435899,0.13563797168966582,1.8083499848842621,2.146549916267394,-0.014113929122686386,0.015278148464858532,0.021525283315146887,0.2731063961982727,-1277.7864808928591,-1278.1210033731454,-14.951818732108661,-0.023046250334118668,-0.20739412179591454,False
143,1787908937.7205172,6597.59945923,14.298717975616455,24000,24000,4496,896,1.943741072634501,0.14580527438438656,1.8067500293254852,2.1927499175071716,-0.01690136268734932,0.01537718903273344,0.022100855272396327,0.2981356382369995,-1287.0572294962215,-1287.118415529417,-14.964033797002509,-0.3712669338613068,-0.7005098469899167,False
144,1787908937.8204403,6597.69930333,14.398641109466553,24000,24000,4420,878,1.9359350811376115,0.11959407209505225,1.8070000410079956,2.096350038051605,-0.017411353066563606,0.019048476591706276,0.02194749748487289,0.3339993953704834,-1295.842120386239,-1296.0602525532106,-14.954770789715495,-0.16359611461689383,-0.003509825430228375,False
145,1787908937.9244585,6597.79994401,14.502659320831299,24000,24000,4591,977,1.9497666310141495,0.1429382472717075,1.8127999782562256,2.2010000228881834,-0.017085151746869087,0.02124195173382759,0.02076394242951921,0.35123103857040405,-1305.6045132418628,-1304.9463710996902,-14.953105674875,-0.5648916092654872,0.33283291310863206,False
146,1787908938.0211658,6597.89978817,14.599366664886475,24000,24000,4541,945,1.9392814810313876,0.1137687433297649,1.8172000169754028,2.09340009689331,-0.012633279897272587,0.0214059017598629,0.020949064560488895,0.32068324089050293,-1312.943168294815,-1313.9002471081642,-14.962166490416005,0.7996107113251583,1.4583396208108752,False
147,1787908938.1218677,6597.99963243,14.700068473815918,24000,24000,4591,1011,1.9407487654898217,0.1138782336834269,1.8109999895095825,2.0855000019073486,-0.01016902830451727,0.02053372748196125,0.02215062575478114,0.2971946895122528,-1321.544884473218,-1322.8587523022927,-14.96612632400406,1.2605329444718336,1.9495104252016517,False
148,1787908938.2209818,6598.09948117,14.799182653427124,24000,24000,4629,985,1.9470558362563855,0.117143342477507,1.8222000122070312,2.113800048828125,-0.010294591076672077,0.022364437580108643,0.022168298253306924,0.31651100516319275,-1330.7145644428158,-1331.852588029554,-14.966164055224441,1.0106130151639263,1.289544022463133,False
149,1787908938.3218195,6598.19932019,14.900020360946655,24000,24000,4655,983,1.953084436219682,0.1259715087124834,1.823099958896637,2.1328999042510985,-0.009610816836357117,0.02355996146798134,0.022789798844480076,0.3243805468082428,-1340.178063082939,-1340.8715657266903,-14.976669734557992,0.6219829520234725,0.6571280221696725,False
150,1787908938.4223604,6598.29995839,15.000561237335205,24000,24000,4731,971,1.9485653974000752,0.11049903119981018,1.82150000333786,2.087499976158142,-0.007876441814005375,0.023379504680633545,0.0228175327870564,0.3136179745197296,-1349.5137852484527,-1349.8555605183271,-14.983793622516602,0.33441610741510885,1.0180641865929374,False
151,1787908938.522378,6598.39979955,15.100578784942627,24000,24000,4625,976,1.947971313214693,0.1134213997836273,1.819000005722046,2.096999943256378,-0.007307898253202438,0.018715277314186096,0.02306490595928778,0.2550705373287201,-1358.6862857141787,-1358.842547544213,-14.982563119684288,0.16297409746221092,0.15641872921924005,False
152,1787908938.6217754,6598.49963155,15.199976205825806,24000,24000,4610,955,1.944376965343016,0.1183726924661448,1.8034000277519227,2.1252999782562254,-0.0068662953563034534,0.014406947419047356,0.023443685190438285,0.20329247415065765,-1367.8372468215239,-1367.822790831482,-14.996401584220346,-0.04273673005900491,0.19002083770055833,False
153,1787908938.7207518,6598.59946567,15.298952579498291,24000,24000,4729,891,1.9489786764052848,0.12977603572925409,1.8084999918937683,2.1575000286102295,-0.006610609125345945,0.014377402141690254,0.022830864315087712,0.20230215787887573,-1376.3851315142765,-1376.8202711764438,-15.014574394087255,0.3167368006004381,0.44215397762491193,False
154,1787908938.8209434,6598.69930597,15.399144172668457,24000,24000,4826,858,1.939919583308391,0.12613842337319803,1.8108499825000763,2.1504500985145567,-0.005861235316842794,0.01232104655355215,0.02372240543144202,0.17534612119197845,-1385.4615664218013,-1385.8726822173094,-15.037658029682568,0.25702354317536447,0.34274719116911,False
155,1787908938.9225037,6598.79994871,15.500704526901245,24000,24000,4694,837,1.9474253296994537,0.1373799056468528,1.812000036239624,2.2287999629974364,-0.00674476521089673,0.011254152283072472,0.0233906133862141,0.16823698580265045,-1394.865739784191,-1394.9429361085781,-15.029986840462486,-0.0072468011310320435,0.10936335098563177,False
156,1787908939.0210762,6598.89978279,15.599277019500732,24000,24000,4606,861,1.9365737510198222,0.1291398847316727,1.8070000410079956,2.1480000019073486,-0.006757695227861404,0.007826276123523712,0.023998821581661882,0.1362144500017166,-1403.69813023308,-1404.05596911134,-15.057474797209837,0.03137377998245938,0.158970308859125,False
157,1787908939.1213508,6598.99961257,15.699551582336426,24000,24000,4578,894,1.9301979865803816,0.12672256975099158,1.8116500198841095,2.1050000190734863,-0.007668761536478996,0.009865854866802692,0.02291434340506487,0.16658779978752136,-1412.627963440132,-1413.0940467420974,-15.056923751125154,0.125729060873482,0.13151938342321046,False
158,1787908939.2209673,6599.09945873,15.799168109893799,24000,24000,4736,959,1.9219468193084033,0.1162800702687355,1.8020000457763672,2.082400012016296,-0.015250913798809052,0.01141093298792839,0.023308329854204342,0.2542542815208435,-1421.2902403707217,-1422.0433171584164,-15.034100265054763,0.4284208698143175,0.5509652253238073,False
159,1787908939.3213024,6599.19929393,15.899503231048584,24000,24000,4509,886,1.927755077321158,0.1306614544037698,1.8070000410079956,2.1047500371932983,-0.016193460673093796,0.011054997332394123,0.023146885175100947,0.26007989048957825,-1430.3727123637834,-1431.0203019883595,-15.032105625794811,0.37558729806391966,0.4848673566452817,False
160,1787908939.4225225,6599.29993797,16.000723361968994,24000,24000,4509,938,1.9377313441813373,0.14340465285062512,1.7999999523162842,2.22330002784729,-0.012490097433328629,0.010911364108324051,0.023325677890920733,0.2208782136440277,-1439.482636696508,-1440.063387557027,-15.001102077554881,0.3749476569789749,0.45196846843577987,False
161,1787908939.5241873,6599.39978695,16.10238814353943,24000,24000,4502,953,1.9292854139462097,0.12009547161591397,1.8040000200271606,2.1137999534606933,-0.014643415808677673,0.008144994266331196,0.023232890491595597,0.22037582099437714,-1448.7145519205924,-1449.0606248528427,-14.997737245505355,0.2923333675737467,0.2226539693815539,False
162,1787908939.621168,6599.49963145,16.199368715286255,24000,24000,4705,998,1.9435901804295237,0.12895980459288778,1.8170000314712524,2.1070001125335693,-0.012677831575274467,0.012222366407513618,0.022991354906562376,0.2347629964351654,-1457.674611670627,-1458.0526979067,-14.997737245505355,0.06002006053131481,-0.3407784271721539,False
163,1787908939.7219899,6599.59948853,16.300190687179565,24000,24000,4848,1082,1.9388900196486172,0.10396476066138481,1.8179999589920044,2.0829999446868896,-0.014680253341794014,0.015080057084560394,0.022321383933954986,0.27648797631263733,-1466.8318762864205,-1467.0584815435163,-15.015103622159428,-0.023792102698052986,0.3014362858543791,False
164,1787908939.820293,6599.69932149,16.398493766784668,24000,24000,4746,1003,1.940271187636812,0.10492194714029066,1.8270000219345093,2.060900092124939,-0.01037138607352972,0.022213039919734,0.02160383671716094,0.3153327405452728,-1475.6175540673557,-1476.0388430121889,-15.015103622159428,0.037295379809393125,0.13092300127800627,False
165,1787908939.921324,6599.79994955,16.49952483177185,24000,24000,4826,1030,1.9456932043566286,0.10726085340831672,1.8329999446868896,2.068000078201294,-0.006373751908540726,0.020689358934760094,0.02151460496130968,0.28112030029296875,-1484.3428605918077,-1485.0601723481682,-15.023795832669444,0.4042585975437305,0.6184011966365688,False
166,1787908940.0217574,6599.89978837,16.599958181381226,24000,24000,4985,1103,1.9480679971136403,0.1015090386531336,1.8359999656677246,2.107500028610229,-0.003961483482271433,0.021451612934470177,0.02133573652382012,0.2849273383617401,-1493.9282480887657,-1494.064923256331,-15.04024361312657,-0.14265042870215439,0.5257503512543735,False
167,1787908940.1214688,6599.99962101,16.69966959953308,24000,24000,4929,1005,1.957436816609321,0.12278518283955127,1.8329999446868896,2.152000093460083,-0.006026067771017551,0.017971031367778778,0.02056012083948723,0.24644456803798676,-1502.5749089192334,-1503.1172097681206,-15.046035939649487,0.1841971397332145,0.33184086386154377,False
168,1787908940.2212312,6600.09946211,16.799432039260864,24000,24000,4821,897,1.9517569688118688,0.1314382213188566,1.8248000383377074,2.184199953079223,-0.00728601636365056,0.008983122184872627,0.021866609828690372,0.14942997694015503,-1512.2339581599304,-1512.175192475363,-15.02448323351314,-0.49675202591561174,-0.7733006678795391,False
169,1787908940.320977,6600.19930835,16.89917778968811,24000,24000,4863,851,1.9484806123827656,0.13348576695240547,1.8264999985694885,2.16949999332428,-0.008256668224930763,0.0027784882113337517,0.02168407886268141,0.1125698909163475,-1520.7866213085929,-1521.1848914086925,-14.998793289348377,-0.07281704967090263,-0.04993222432744915,False
170,1787908940.4219372,6600.29995731,17.0001380443573,24000,24000,5041,904,1.939171462855508,0.11736585808052427,1.8181499660015106,2.1392999768257126,-0.012813721783459187,0.004413374233990908,0.02217179930127096,0.17518647015094757,-1528.893644944641,-1530.1798677159588,-14.983864082631376,0.9060564965839148,1.0958239774479352,False
171,1787908940.5224447,6600.39978809,17.100645542144775,24000,24000,5031,882,1.9442165539918843,0.13190915307676132,1.8190500080585479,2.1747999548912045,-0.01081019639968872,0.005652126390486956,0.022224962544171646,0.15967608988285065,-1538.5499945444417,-1539.1867421575307,-14.973409808371676,0.29485831740680624,0.536681205011746,False
172,1787908940.621281,6600.49962709,17.19948172569275,24000,24000,4924,902,1.9450665183712268,0.1310852087566703,1.8180499613285064,2.196150028705596,-0.015622147358953953,0.00783049501478672,0.022753785539677975,0.22908218204975128,-1547.8221558562502,-1548.198628590597,-14.962533603842743,-0.08256115217295701,0.18133012384964786,False
173,1787908940.721159,6600.59946799,17.299359798431396,24000,24000,4906,961,1.9379875158792232,0.12041613372407545,1.8240000009536743,2.11299991607666,-0.01603447087109089,0.010334918275475502,0.022423779264332696,0.2512209117412567,-1556.9869945533464,-1557.2126798393747,-14.959883983335809,-0.2588934053876528,-0.34913711879335096,False
174,1787908940.8208234,6600.69929513,17.39902424812317,24000,24000,4845,967,1.9394912124296502,0.11921197181333165,1.8193000197410583,2.1453999519348144,-0.016238996759057045,0.015348745509982109,0.021753595780101068,0.2932785749435425,-1566.0636431764349,-1566.1690833841767,-14.944773788269593,-0.3662605463980526,-0.6332212894769782,False
175,1787908940.9220133,6600.79994747,17.500214099884033,24000,24000,4964,1139,1.9409727821023555,0.12710430727560562,1.80589998960495,2.1478000640869133,-0.019678328186273575,0.017038648948073387,0.02260101738748331,0.34328117966651917,-1574.5355176613639,-1575.1658506448177,-14.953652167543131,0.2684246936285035,0.5326627353836102,False
176,1787908941.0215485,6600.89979447,17.599749326705933,24000,24000,4859,1103,1.951366275954225,0.12391361477684638,1.8250000476837158,2.136100077629088,-0.015383657068014145,0.02553389221429825,0.02074621165048186,0.38537970185279846,-1584.2841342757602,-1584.1085186915905,-14.953652167543131,-0.5225398240663708,-0.9697051507657761,False
177,1787908941.1260908,6600.99964827,17.704291582107544,24000,24000,4695,1086,1.9510948462600426,0.10698139793093453,1.8270000219345093,2.115000069141388,-0.012934417463839054,0.024244016036391258,0.020988360400697,0.3605327308177948,-1592.6463304008766,-1593.0958284713313,-14.965809000188585,0.5235226462164064,0.6937725835919082,False
178,1787908941.229055,6601.09948493,17.807255744934082,24000,24000,4706,1004,1.9542798815495463,0.11609260169924487,1.8270000219345093,2.1238500475883484,-0.014213165268301964,0.024867525324225426,0.02170324869687552,0.37902167439460754,-1601.4227402069937,-1602.026163002494,-14.999867363947681,1.0133513214620962,1.3009392053418196,False
179,1787908941.3264418,6601.200400032,17.904642581939697,24000,24000,4586,937,1.9511173954641043,0.13113769072479758,1.8209999799728394,2.149600076675414,-0.014545239508152008,0.019777625799179077,0.021664112086112516,0.3263404667377472,-1610.5645707306528,-1611.0437991973863,-15.016189527289056,0.635828998510533,0.9115090624563891,False
180,1787908941.4216585,6601.30034991,17.99985933303833,24000,24000,4528,887,1.945248027127383,0.1178173928664835,1.8229999542236328,2.1253999710083007,-0.013764213770627975,0.020613403990864754,0.021668073863554873,0.3267543911933899,-1619.6479115763466,-1620.0396351593872,-15.016189527289056,0.12149992234753881,0.5464013265834637,False
181,1787908941.5216935,6601.40019515,18.099894285202026,24000,24000,4521,844,1.9419845986705255,0.124824797288716,1.8211499869823455,2.176299917697905,-0.01524217426776886,0.02037539705634117,0.02106190356145708,0.33223050832748413,-1628.3850670169036,-1628.996561085377,-15.006067018784835,0.3869692569962808,0.6853474848669521,False
182,1787908941.6223795,6601.50003129,18.20058035850525,24000,24000,4488,877,1.9363614587174853,0.12228783610470122,1.8107999801635741,2.133399963378906,-0.016057483851909637,0.01812807470560074,0.021162691214663062,0.3136609196662903,-1637.3541129245057,-1637.9891587148581,-15.005655517352343,0.47914563652534525,0.5445248712223929,False
183,1787908941.723595,6601.59988043,18.301795721054077,24000,24000,4655,968,1.9430537178250384,0.1443842935389266,1.811350005865097,2.19254994392395,-0.016822345554828644,0.018608616665005684,0.02124576980294481,0.3272915184497833,-1646.0797828594364,-1646.9850073085245,-15.017673829325174,0.8623312646227532,0.6290948168418709,False
184,1787908941.8216496,6601.69972171,18.399850368499756,24000,24000,4585,943,1.9387380701360368,0.1335792610547411,1.8029999732971191,2.135999917984009,-0.017157630994915962,0.017669031396508217,0.021428386352213006,0.31763845682144165,-1656.0355401961301,-1655.9886072413226,-15.038721864274832,-0.26901840929713217,-0.44665612198900817,False
185,1787908941.9209907,6601.79957253,18.499191522598267,24000,24000,4523,937,1.9503831379950491,0.1486517102142386,1.8148000478744506,2.251199960708618,-0.018107328563928604,0.01965939626097679,0.022545045964050537,0.3450443744659424,-1664.3097523064037,-1665.0029030819653,-15.04501879500396,0.39695604263533824,-0.1580516573778823,False
186,1787908942.0218031,6601.89941829,18.600003957748413,24000,24000,4544,908,1.9426211473175083,0.12491893463042633,1.8170000314712524,2.120649993419647,-0.014090145006775856,0.024175407364964485,0.02225503704517769,0.35440218448638916,-1673.617099453942,-1674.0299067439432,-15.06498133540449,0.1622030904377425,0.1382066270168707,False
187,1787908942.1206386,6601.99966359,18.69883942604065,24000,24000,4651,960,1.9517593747625748,0.11922590699727872,1.8249500453472138,2.141100025177002,-0.012988013215363026,0.024555625393986702,0.02229285700768331,0.3554105758666992,-1682.5502947826258,-1683.070437404624,-15.06498133540449,0.12368523469081083,-0.03274541541054532,False
188,1787908942.2206712,6602.09951603,18.798871994018555,24000,24000,4750,1022,1.9438864984157733,0.12121158139465871,1.8120500326156617,2.082949948310852,-0.012078717350959778,0.020103227347135544,0.022160799187997907,0.3021438419818878,-1692.1266978092774,-1692.1047110937425,-15.070201307724725,-0.45030758106076973,-0.6192895103590672,False
189,1787908942.3208685,6602.19935951,18.89906930923462,24000,24000,4621,920,1.9496815218873647,0.12212538288395491,1.818950003385544,2.0929999351501465,-0.00809984840452671,0.021938875317573547,0.022786628372839336,0.30163463950157166,-1700.860878277877,-1701.1330836414395,-15.058234598906848,-0.1672514452266114,-0.5645517571392702,False
190,1787908942.4220748,6602.29999961,19.00027561187744,24000,24000,4627,931,1.9530708908906684,0.1142196775947843,1.8240000009536743,2.1115000247955322,-0.009130836464464664,0.022825120016932487,0.022597068777244468,0.310223788022995,-1710.0242988555688,-1710.1746954092582,-15.045824632576524,-0.22263180425261453,-0.3420327821399951,False
191,1787908942.5215957,6602.39984329,19.099796533584595,24000,24000,4744,961,1.9513485946466722,0.11818134897280753,1.8200000524520874,2.122999906539917,-0.004505586810410023,0.020587492734193802,0.022021411706054334,0.26581650972366333,-1718.5862831646166,-1719.230911560071,-15.045824632576524,0.1717485975659656,0.0670859270874189,False
192,1787908942.621454,6602.49967907,19.199654817581177,24000,24000,4739,990,1.9479717161920336,0.11490897267748337,1.8134499847888947,2.095600032806396,-0.001802333863452077,0.01451428048312664,0.023460576392893336,0.19278694689273834,-1727.4569685081212,-1728.2485433690745,-15.02533864428491,0.2877888142043048,0.23786275122097322,False
193,1787908942.7213469,6602.59952629,19.29954767227173,24000,24000,4618,884,1.9453190066156345,0.1299707419205224,1.8009999990463257,2.1492500782012933,-0.007329235319048166,0.013288792222738266,0.022544466213008343,0.19461150467395782,-1736.6165895443878,-1737.2804766255288,-15.018164053232118,0.11800452051534194,0.20005774887340522,False
194,1787908942.8209596,6602.69936523,19.399160385131836,24000,24000,4690,849,1.9403769159766333,0.13070993124896393,1.7970000505447388,2.1725999355316157,-0.00901671964675188,0.012094398960471153,0.02344164819686472,0.19209179282188416,-1745.7996323411453,-1746.217263111379,-14.978520129366679,-0.10041283960072178,-0.15113530244752837,False
195,1787908942.9205732,6602.79961835,19.49877405166626,24000,24000,4698,836,1.9453205750034186,0.13614141054881593,1.805999994277954,2.2014999985694885,-0.007968162186443806,0.013036204501986504,0.02344366186946117,0.19524995982646942,-1755.0122264996446,-1755.2139622901427,-14.984338798012589,-0.34829573573642847,-0.2468635022316903,False
196,1787908943.0206103,6602.89945309,19.598811149597168,24000,24000,4730,886,1.934683975328441,0.12244578679915992,1.8029999732971191,2.1674999594688416,-0.009038256481289864,0.010589729994535446,0.023697563080808202,0.18133293092250824,-1763.393315122099,-1764.1638428017293,-14.976078908116465,0.2734335248901516,0.30229685364497527,False
197,1787908943.1208286,6602.99967671,19.699029445648193,24000,24000,4574,959,1.9300396242280946,0.12272576934969517,1.8158999919891357,2.088500046730041,-0.010493680834770203,0.009897815994918346,0.0235658086997309,0.1910097748041153,-1773.1244512055491,-1773.1412661719132,-14.96372122689582,-0.43857778823485205,-0.7158080698013691,False
198,1787908943.2204645,6603.09952709,19.798665285110474,24000,24000,4514,938,1.920105544234644,0.10525781970268658,1.8078499794006349,2.085300016403198,-0.01381634920835495,0.008936760015785694,0.022676173993487824,0.2188200056552887,-1781.8897274877095,-1782.092160747039,-14.962047030786664,-0.23714735998714787,-0.2658463431448581,False
199,1787908943.3212438,6603.19937581,19.899444580078125,24000,24000,4447,883,1.9169093977959484,0.12016375581292539,1.8011000037193299,2.0506000995635985,-0.016061529517173767,0.008494604378938675,0.023563742692947823,0.24103417992591858,-1790.7671974742439,-1791.0457801034622,-14.972053337317327,-0.04500559503208024,-0.1362020599283369,False
200,1787908943.4209096,6603.29962847,19.999110460281372,24000,24000,4519,881,1.928795686644945,0.12297094679105437,1.8040000200271606,2.1419999599456787,-0.013171374797821045,0.008496886119246483,0.0235244296552062,0.2082599550485611,-1799.659395868027,-1800.014188737141,-14.991132696108949,0.03220623184620308,-0.23734338264807775,False
201,1787908943.5217702,6603.39946361,20.099971055984497,24000,24000,4680,951,1.932232387935827,0.12456169870884432,1.809499979019165,2.0980000495910645,-0.014776689000427723,0.010362843982875347,0.023008020222351284,0.24387127161026,-1808.448118241993,-1809.0361386632926,-15.016702035855397,0.3204122521992758,0.5609142732923829,False
202,1787908943.6204827,6603.49932027,20.198683500289917,24000,24000,4640,960,1.9405770822117725,0.1295802212154305,1.812999963760376,2.141050028800964,-0.014514788053929806,0.011272129602730274,0.02304313508291479,0.24321730434894562,-1817.5626985619392,-1818.071798730257,-15.016702035855397,0.0894378870084438,0.5436870221251411,False
203,1787908943.7218578,6603.59996313,20.300058603286743,24000,24000,4712,1008,1.9494156748765992,0.12850064551080653,1.8163500010967255,2.1017500758171077,-0.01320212334394455,0.016917575150728226,0.022596517502520348,0.2857896089553833,-1826.0040629693822,-1827.0452836588292,-15.001596871223482,0.7713048510847784,1.0489041204916703,False
204,1787908943.8218184,6603.69979715,20.40001916885376,24000,24000,4906,1107,1.9441093057797854,0.10115898670717423,1.8250000476837158,2.0711000204086307,-0.007961887866258621,0.01817505806684494,0.021323848877192086,0.26178213953971863,-1835.6689590329897,-1836.0880145895057,-15.005043577960315,0.10233915634080404,0.11454912934368622,False
205,1787908943.9215589,6603.79964119,20.499759674072266,24000,24000,4947,1082,1.9477726468978218,0.11128000078751682,1.8280499517917632,2.0718500256538395,-0.0068224952556192875,0.025471467524766922,0.020946128346496264,0.339666485786438,-1844.7507842901384,-1845.0901753079552,-15.015716662725138,-0.0033600173733248084,-0.1821910242586,False
206,1787908944.0215168,6603.89947615,20.599717617034912,24000,24000,4857,1053,1.9498850899657405,0.10370775317025993,1.8426000356674195,2.0971999645233153,-0.005977853666990995,0.021843478083610535,0.02122286947467107,0.29492396116256714,-1853.6816065030696,-1854.1424314037224,-15.017841010099309,0.061512117822530854,0.11048068480477014,False
207,1787908944.121421,6603.99932159,20.69962191581726,24000,24000,4857,1006,1.9630954286924176,0.13677912711239362,1.8372500240802765,2.210499942302704,-0.0074001215398311615,0.01844213530421257,0.02076866232729046,0.25665849447250366,-1862.4398171657806,-1863.1626057531903,-15.022193047803333,0.2941681063573469,0.23571304705365037,False
208,1787908944.2223618,6604.09996415,20.800562620162964,24000,24000,4915,960,1.9565562512725592,0.13018909530451458,1.8309499740600585,2.2015999794006342,-0.008285894989967346,0.01316367369145155,0.021818214378004123,0.19863352179527283,-1871.6120376500294,-1872.206673224691,-15.034471549532048,0.20608537710359087,0.3668477500084464,False
209,1787908944.3220744,6604.19980565,20.900275230407715,24000,24000,5091,879,1.9493754261318463,0.12943240595373892,1.8279999494552612,2.1710999965667725,-0.008210694417357445,0.005498047918081284,0.0220212237232196,0.12635843455791473,-1881.3602222644247,-1881.244457656182,-15.043163409629628,-0.5684835562356056,-1.0306558484116977,False
210,1787908944.421928,6604.29965007,21.000128746032715,24000,24000,4863,855,1.9386187132339032,0.11164140803018602,1.8186999917030335,2.11659996509552,-0.011550298891961575,0.00438173720613122,0.022219630115954903,0.16019682586193085,-1890.3328965782227,-1890.29004558266,-15.04894550836214,-0.5548614385024848,-1.5473917330291442,False
211,1787908944.5217326,6604.39948337,21.099933385849,24000,24000,4911,865,1.93894219577657,0.11906714710338187,1.8204000473022461,2.1559998989105225,-0.013284945860505104,0.003760262858122587,0.023018850923660284,0.18194089829921722,-1899.0975441359344,-1899.3423180212526,-15.04554392133529,-0.3376111329525884,-0.904611739621032,False
212,1787908944.6215825,6604.49932091,21.199783325195312,24000,24000,4892,871,1.9302663601909247,0.11553528531618468,1.8140000104904175,2.0954999923706055,-0.01536035630851984,0.006198549177497625,0.022296327398649507,0.21609896421432495,-1907.5555354608719,-1908.3736494190325,-15.042047878457737,0.19037212718262708,0.3580722287445042,False
213,1787908944.7221715,6604.59995937,21.30037236213684,24000,24000,5110,996,1.938535141657634,0.12326964993169319,1.8207499980926514,2.153999984264374,-0.016911769285798073,0.008673524484038353,0.02197215724377045,0.2535071074962616,-1917.2693131788087,-1917.4104608942341,-15.024322497646294,-0.47091607087077136,-0.376373291406253,False
214,1787908944.8214905,6604.69979759,21.399691343307495,24000,24000,4924,953,1.9380209858745243,0.12666717620234427,1.8125999927520753,2.117999982833862,-0.01607331447303295,0.011813279241323471,0.021915451190780973,0.2649564743041992,-1925.409840353875,-1926.426102760206,-15.017003273564484,0.3267478682244018,0.376492614919016,False
215,1787908944.9216638,6604.79963907,21.49986457824707,24000,24000,4844,1074,1.9398193681262281,0.12024584579855106,1.815999984741211,2.1124000430107115,-0.01631115935742855,0.019248317927122116,0.021503383343020835,0.3356355130672455,-1935.1350181700611,-1935.4285502018172,-14.989056798638076,-0.3833604430169544,-0.3175561424939133,False
216,1787908945.0221922,6604.89948017,21.600393056869507,24000,24000,4845,1130,1.9546584096630062,0.138049548526039,1.8214500010013581,2.1411999106407165,-0.013720155693590641,0.026816707104444504,0.021021192107859955,0.39835360646247864,-1943.8240523809302,-1944.3954075787392,-14.977380842579558,-0.025355067371037876,0.16010454346564984,False
217,1787908945.1211302,6604.99931975,21.699331045150757,24000,24000,4938,1138,1.9535307582526718,0.11433995287642998,1.8248500406742096,2.1173000812530516,-0.01322572398930788,0.021010706201195717,0.020363596456906653,0.32336199283599854,-1952.5916656161746,-1953.3785376900166,-14.971463341446077,0.11093543547258378,0.2172775752387679,False
218,1787908945.2215152,6605.09995733,21.799715995788574,24000,24000,4711,1013,1.956948666793808,0.13126057785371334,1.8201999902725219,2.161399984359741,-0.01358903106302023,0.01937713287770748,0.021547573943515624,0.3101990222930908,-1962.0026482498088,-1962.3151940672806,-14.957784840967015,-0.2659243828579747,-0.517966392852486,False
219,1787908945.3219118,6605.19979931,21.900112628936768,24000,24000,4630,981,1.9560805307615787,0.13089888584317208,1.8289999961853027,2.174999952316284,-0.013589806854724884,0.01763513870537281,0.02175563794565398,0.2963634431362152,-1971.102941230709,-1971.2612878259029,-14.94145702804839,-0.33104318335631433,-0.6292766928804667,False
220,1787908945.4212685,6605.29964135,21.99946928024292,24000,24000,4588,922,1.9437516270904376,0.12712095814557092,1.8170000314712524,2.1397001028060907,-0.016069183126091957,0.0207495279610157,0.022366665751927372,0.3435819149017334,-1980.037312498415,-1980.198806277001,-14.922026447001413,-0.3238332208684369,-0.5918992249944495,False
221,1787908945.5209932,6605.39948615,22.099194049835205,24000,24000,4544,886,1.9429209940051386,0.13094739621192655,1.8209999799728394,2.1547499895095825,-0.015780305489897728,0.021782102063298225,0.02189222371580462,0.34702977538108826,-1988.8841410202845,-1989.161669172368,-14.94252951278771,-0.19595178372196642,-0.5317431527214467,False
222,1787908945.6211011,6605.49932313,22.199301958084106,24000,24000,4677,882,1.9375034027359113,0.12659882648557572,1.815999984741211,2.1198998928070067,-0.014916305430233479,0.02139103226363659,0.0213084470953705,0.3345697522163391,-1997.884756440132,-1998.1438191611326,-14.95944460932583,-0.18737676060482045,-0.5806530001939336,False
223,1787908945.7224207,6605.59995891,22.300621509552002,24000,24000,4460,910,1.941173625909365,0.13503678708826147,1.815000057220459,2.1652999639511106,-0.016493091359734535,0.017781060189008713,0.022007797090610636,0.3126455545425415,-2006.7837851861905,-2007.0831536192547,-14.963806621212925,0.03182651652991808,-0.3951304504810196,False
224,1787908945.8215263,6605.69980475,22.39972710609436,24000,24000,4499,918,1.9378039252524282,0.13326836185475815,1.8079999685287476,2.118450033664703,-0.01635919325053692,0.01595376990735531,0.02186536565737421,0.2971550226211548,-2015.0683805129713,-2016.0815524213672,-14.956939879436556,0.6662187985377841,0.1442729280470303,False
225,1787908945.9222074,6605.79964613,22.500408172607422,24000,24000,4450,899,1.9370600660067379,0.12088793002341622,1.809000015258789,2.1060999631881714,-0.015184559859335423,0.01831934228539467,0.022013126941522868,0.3113909661769867,-2024.3990649815296,-2025.0108817062026,-14.98799200776597,0.3963060320684235,0.12833221934647554,False
226,1787908946.020782,6605.89949745,22.59898281097412,24000,24000,4698,941,1.9498661033152014,0.13821461005865707,1.8179999589920044,2.1429998874664307,-0.01346619799733162,0.023532165214419365,0.02058225835398002,0.34811463952064514,-2033.816390488538,-2034.0678893966922,-14.98799200776597,-0.14981533706213668,-0.27207803604278524,False
227,1787908946.1211216,6605.99933567,22.69932246208191,24000,24000,4678,961,1.9424349632769295,0.11591666364915361,1.812999963760376,2.0840001106262207,-0.012623622082173824,0.024397358298301697,0.022517945302486044,0.3466123342514038,-2042.364883397717,-2043.070412392081,-14.974489728786354,0.331737847251361,0.8059221297394288,False
228,1787908946.2217515,6606.09996573,22.799952268600464,24000,24000,4617,990,1.9570727270058912,0.13071093959489402,1.8220000267028809,2.184650099277496,-0.0073553211987018585,0.023828748613595963,0.022083190220426863,0.32350316643714905,-2051.4560428434684,-2052.044111937685,-14.970458453190021,0.29673697101316066,0.5688762238751224,False
229,1787908946.329071,6606.19979999,22.90727186203003,24000,24000,4640,997,1.9491203622808428,0.12769107036206934,1.8148000478744506,2.1168000221252434,-0.007616833783686161,0.020102741196751595,0.021941416177243645,0.274482399225235,-2060.1218000285985,-2060.987097953375,-14.999375178108624,1.2891843411566697,1.7366841927696441,False
230,1787908946.421873,6606.29964059,23.00007390975952,24000,24000,4762,1002,1.9529660679623038,0.11867661426498292,1.8220000267028809,2.142349898815154,-0.006920922081917524,0.021355848759412766,0.022982766160511363,0.286895751953125,-2069.9685919898225,-2069.997433378937,-15.017822184502231,-0.20590657949242086,0.020126058264395397,False
231,1787908946.5211859,6606.39949109,23.09938669204712,24000,24000,4657,954,1.9514926623248454,0.11696975484350651,1.815000057220459,2.0990500569343564,-0.00821125041693449,0.019368311390280724,0.022796396267360193,0.2677294611930847,-2078.9591703807882,-2079.0437946134807,-15.025782796099733,-0.258851723492171,0.0894644290137876,False
232,1787908946.6215732,6606.49933161,23.199774026870728,24000,24000,4615,939,1.9460255583000385,0.11502549600457143,1.8158999919891357,2.1156000137329096,-0.008120895363390446,0.017725642770528793,0.02329160905116322,0.24817708134651184,-2087.721636769472,-2088.079577109945,-15.037309276932866,0.013019267433719506,0.12521483685259227,False
233,1787908946.7229302,6606.59995085,23.301131010055542,24000,24000,4659,937,1.9399754536698952,0.1143783960028704,1.8009999990463257,2.0889998912811274,-0.00812099501490593,0.014032519422471523,0.022609510371306794,0.20744235813617706,-2096.831710437274,-2097.1064015612615,-15.05129325873934,0.024546282426399557,0.005109704704409523,False
234,1787908946.8218176,6606.69978941,23.400018453598022,24000,24000,4789,858,1.9343123567965759,0.12178295753227855,1.8029999732971191,2.121150040626526,-0.01012288499623537,0.009278935380280018,0.02322284556986241,0.1760743260383606,-2105.8647758152506,-2106.138249596618,-15.04879566429661,-0.10916412074584514,-0.27097353730096074,False
235,1787908946.9215703,6606.79964263,23.499771118164062,24000,24000,4808,908,1.933636564909099,0.11073520283788457,1.8070000410079956,2.1276500463485717,-0.005203147418797016,0.011174768209457397,0.023827146174028563,0.1609005630016327,-2115.1329770440484,-2115.1036472775386,-15.04879566429661,-0.40014498814934996,-0.6727367976941423,False
236,1787908947.02126,6606.89948671,23.59946084022522,24000,24000,4600,800,1.9346525005996227,0.12360065222216814,1.7990000247955322,2.121700048446655,-0.006476918235421181,0.010689032264053822,0.023057522771719425,0.16142258048057556,-2123.0339080752265,-2124.117024182274,-15.073335714844825,0.6704798443925029,0.9576301199763293,False
237,1787908947.121288,6606.99932911,23.699488878250122,24000,24000,4546,864,1.9291400484464787,0.11536024327049502,1.8151500463485717,2.091850018501282,-0.006857943721115589,0.009880703873932362,0.02341780323845553,0.1594034880399704,-2132.3559725570653,-2133.1837443791796,-15.072183271810305,0.3504179012725217,0.9334880363994671,False
238,1787908947.2211168,6607.09996559,23.799317598342896,24000,24000,4657,882,1.9212687091221885,0.1188341571540438,1.7999999523162842,2.0819500207901,-0.008790647611021996,0.007312894333153963,0.022753987604466747,0.15456247329711914,-2141.3800032510653,-2142.234963177636,-15.072183271810305,0.310452170022927,0.5357760873848747,False
239,1787908947.3217325,6607.19980075,23.899933338165283,24000,24000,4695,1013,1.9264313902812555,0.1230224765050785,1.8009999990463257,2.1217999935150145,-0.01848204992711544,0.011391702108085155,0.023862439802826676,0.2883024513721466,-2151.360706139769,-2151.241008008689,-15.062351879151793,-0.6153580785717168,-0.6314031547767627,False
240,1787908947.421306,6607.29964453,23.99950671195984,24000,24000,4450,854,1.9250398133063484,0.12245448127076426,1.804299956560135,2.083450078964233,-0.014639142900705338,0.011520817875862122,0.023007054503852365,0.24998921155929565,-2159.9193126774903,-2160.27590283814,-15.036120784915974,-0.2128794906980147,-0.3523231375861542,False
241,1787908947.5209107,6607.39948181,24.099111557006836,24000,24000,4490,880,1.9324545432220805,0.13470992662216338,1.8069500386714936,2.1149000763893118,-0.01497727446258068,0.013674542307853699,0.023182303393187255,0.27247992157936096,-2168.571751012125,-2169.37751980258,-14.993907814768503,0.09859954909916269,0.31928869920011493,False
242,1787908947.6208112,6607.49931477,24.19901204109192,24000,24000,4570,960,1.9360197925319274,0.11076614682590175,1.811950033903122,2.0941500902175902,-0.012674147263169289,0.014582158997654915,0.02281821771459848,0.25680145621299744,-2177.6901082632244,-2178.431596823515,-14.9980409874441,-0.0292343536439148,-0.2749887581921939,False
243,1787908947.7207935,6607.59995511,24.298994302749634,24000,24000,4833,1113,1.9450431275988953,0.12230818908693888,1.8156000137329102,2.0799999237060547,-0.013290215283632278,0.016916191205382347,0.02229525640460663,0.28301745653152466,-2187.0176603558357,-2187.398155779556,-14.975454203377474,-0.3589035422082816,-0.7801819437372615,False
244,1787908947.8214257,6607.69979395,24.39962649345398,24000,24000,4812,1106,1.9462034350924637,0.10762279197599585,1.8182499706745148,2.0919999480247498,-0.011939319781959057,0.019821370020508766,0.021518737841174564,0.30128276348114014,-2196.124866389961,-2196.360129763832,-14.976923603832644,-0.4097364425147134,-0.7603329100825249,False
245,1787908947.9217281,6607.79964147,24.499928951263428,24000,24000,4825,1018,1.9417416514254273,0.10891617223385282,1.8170000314712524,2.0647499084472654,-0.007564169820398092,0.02184581570327282,0.020983148271870443,0.29666653275489807,-2205.5028267747316,-2205.3331900401995,-14.98880458994293,-0.7609979369640314,-1.1046479301057843,False
246,1787908948.0216334,6607.89947963,24.599834203720093,24000,24000,4805,996,1.9462951826283252,0.10312301936760694,1.8320000171661377,2.118250012397766,-0.007377143017947674,0.020612170919775963,0.02106609489807298,0.27891358733177185,-2214.2311053487083,-2214.3070903219136,-14.987513640150615,-0.49832403397249436,-0.9103065308368059,False
247,1787908948.1210291,6607.99931687,24.699229955673218,24000,24000,4922,1000,1.9560169986486435,0.12418013837759198,1.840999960899353,2.148199999332428,-0.0071300361305475235,0.018838103860616684,0.021702381211191907,0.2611044645309448,-2222.990816421576,-2223.226556322222,-14.987513640150615,-0.3129350220301603,-0.39979341284924885,False
248,1787908948.2217116,6608.09996075,24.799912452697754,24000,24000,4835,884,1.961876701310749,0.1403542172160961,1.830150032043457,2.212700045108795,-0.008069864474236965,0.01031398307532072,0.022255861895083474,0.17034514248371124,-2231.678262542142,-2232.188337747268,-14.970627330579722,0.06051929807608758,-0.2566594250856724,False
249,1787908948.3216128,6608.19980315,24.899813652038574,24000,24000,4858,810,1.947071605111346,0.12801153909265886,1.8229999542236328,2.145399975776672,-0.008334560319781303,0.0040059625171124935,0.021571541034014936,0.11999569088220596,-2241.284914272114,-2241.1405627030317,-14.97087549403547,-0.5555447142478442,-0.7285158068498276,False
250,1787908948.421836,6608.29963283,25.00003671646118,24000,24000,4900,863,1.9473244480849141,0.13686444885227786,1.8170000314712524,2.171999931335449,-0.008349989540874958,0.0021800226531922817,0.021163914163394002,0.11290678381919861,-2249.2607538608136,-2250.151703025168,-14.978066492434104,0.4881695959893477,0.7739353135266356,False
251,1787908948.5207121,6608.39947637,25.098912954330444,24000,24000,4994,887,1.9406516327530046,0.12831203510941994,1.8170000314712524,2.1582999944686883,-0.01032250002026558,0.0023673013783991337,0.022191853921051306,0.14082947373390198,-2257.6231013752677,-2259.152888021832,-14.978066492434104,1.0241686041022149,1.6434206353019363,False
252,1787908948.6208599,6608.49931523,25.199060678482056,24000,24000,5121,956,1.9395376591004088,0.12804149167804077,1.819000005722046,2.1762501001358032,-0.018148833885788918,0.00873471237719059,0.022774507001124565,0.26182690262794495,-2266.854614409087,-2268.0929528910374,-14.959288217675278,0.8054292371548399,1.149109872340432,False
253,1787908948.7219548,6608.59995493,25.300155639648438,24000,24000,4926,936,1.9359786302870154,0.11083709245452428,1.8229999542236328,2.1324999928474426,-0.016731122508645058,0.012352432124316692,0.022699251294825137,0.27677279710769653,-2276.634076682782,-2277.0836638288815,-14.959561072633939,0.1239870290428371,0.5545825093213352,False
254,1787908948.8214002,6608.69979111,25.399600982666016,24000,24000,4911,1005,1.937475622945757,0.11590832478095443,1.8161999940872193,2.1195999145507813,-0.015744831413030624,0.01527580339461565,0.021955555658207598,0.2910846173763275,-2285.8288921001654,-2286.0535808419054,-14.962264328802751,-0.12126536596952064,0.06080976406292393,False
255,1787908948.9209101,6608.79963651,25.49911093711853,24000,24000,4954,1120,1.9437723217265948,0.1230304120329176,1.818950003385544,2.150150096416473,-0.01681871898472309,0.01598232239484787,0.021475753161589572,0.3057643175125122,-2294.806449349058,-2295.0601758636626,-14.966538139033256,-0.1434448998024891,0.03285087147878585,False
256,1787908949.0208876,6608.89946777,25.599088430404663,24000,24000,4989,1238,1.950571891082893,0.13209640032563927,1.812999963760376,2.1670000553131104,-0.014728258363902569,0.024300383403897285,0.021339058160149048,0.374184250831604,-2304.3567523667434,-2304.0382062191734,-14.97402858177722,-0.6962941420529205,-1.0167351128461632,False
257,1787908949.1216807,6608.99931117,25.699881553649902,24000,24000,4775,1112,1.9553965832904088,0.1143461142540052,1.8300000429153442,2.1404000282287603,-0.014792627654969692,0.02348531410098076,0.02069475243734199,0.360522985458374,-2313.178532935782,-2313.070142035075,-15.017626706069109,-0.4472184866281168,-0.49687053728166575,False
258,1787908949.2217605,6609.09995507,25.79996132850647,24000,24000,4723,1019,1.9581393520544275,0.12136869363997613,1.8288999915122985,2.1631000995635987,-0.01321379654109478,0.02298576571047306,0.021706766293655692,0.34573641419410706,-2321.7120909943756,-2322.1007588653038,-15.023983457465926,0.025882038934014417,0.27078597490935863,False
259,1787908949.3216891,6609.19980011,25.899889945983887,24000,24000,4637,986,1.9548184593599176,0.132081382822306,1.8259999752044678,2.182499945163727,-0.011981026269495487,0.019015906378626823,0.021668205312188972,0.2964274287223816,-2330.583064144961,-2331.115808073411,-15.04545502548766,0.14796409551399847,0.3530112679754893,False
260,1787908949.4214478,6609.29965029,25.999648571014404,24000,24000,4750,932,1.946261801688968,0.11774168304898293,1.817549991607666,2.1500000953674316,-0.012716078199446201,0.017881961539387703,0.02144246185447956,0.29125550389289856,-2339.6969084956295,-2340.1698761918374,-15.055879806876748,0.011876517004566267,0.23229024714737534,False
261,1787908949.5212705,6609.39949693,26.0994713306427,24000,24000,4562,851,1.945038777400688,0.13342176104848555,1.8174999952316284,2.1959999799728394,-0.013671892695128918,0.016427820548415184,0.02177334776784808,0.28197920322418213,-2348.458368577627,-2349.180061963447,-15.03198857547087,0.2339449869928103,0.48121201945969005,False
262,1787908949.6210902,6609.49934503,26.199290990829468,24000,24000,4452,801,1.9477627967924958,0.14551531145729804,1.8250000476837158,2.24399995803833,-0.014350591227412224,0.018309950828552246,0.02114260596061828,0.30437222123146057,-2357.896010772457,-2358.1989064955137,-15.020585948541767,-0.2204475894486677,-0.06186099812930479,False
263,1787908949.7216508,6609.59998571,26.299851655960083,24000,24000,4429,860,1.9434209312117376,0.13857736143171515,1.80794997215271,2.1662998914718625,-0.015696337446570396,0.01917472667992115,0.021645625297272097,0.3190004527568817,-2366.122639429689,-2367.1617230116813,-14.995813093082694,0.6028599579631191,0.6241998287050592,False
264,1787908949.8212419,6609.69982569,26.399442672729492,24000,24000,4664,994,1.9426971838267997,0.1369328322507478,1.8076499938964843,2.1552000522613515,-0.017358796671032906,0.019411174580454826,0.0210022446486597,0.33721259236335754,-2375.595881683199,-2376.1231498681473,-14.990119737369097,0.0922906059113302,0.17913856724226207,False
265,1787908949.9215283,6609.79967213,26.49972915649414,24000,24000,4602,976,1.9347776637458411,0.1208201063123547,1.8087500035762787,2.0825000405311584,-0.017272155731916428,0.017111793160438538,0.0219337280367477,0.31150293350219727,-2384.2017498792843,-2385.1539181496623,-14.999801807738626,0.511683719298162,0.44113657541811335,False
266,1787908950.0212376,6609.89952313,26.599438428878784,24000,24000,4579,958,1.9470448857309426,0.1366756500616782,1.815000057220459,2.175599944591522,-0.013723558746278286,0.02100367471575737,0.022399240174321846,0.32262369990348816,-2394.2895449924677,-2394.115276806229,-15.013329709721878,-0.6027961028576101,-1.1376549712913402,False
267,1787908950.1209664,6609.99936387,26.699167251586914,24000,24000,4629,962,1.9575000005055863,0.14107430469642657,1.8280499517917632,2.2129999876022324,-0.011694729328155518,0.025074757635593414,0.02202298243677189,0.35259345173835754,-2402.7659298596923,-2403.138993401897,-15.02226267331195,-0.10410625174608867,-0.6625015563145098,False
268,1787908950.220465,6610.09960105,26.798665761947632,24000,24000,4690,1035,1.9593874426855558,0.14365257316259167,1.8176999807357788,2.207900023460388,-0.012233666144311428,0.020484160631895065,0.022644187352842994,0.3072957694530487,-2411.819790553965,-2412.2068131441756,-15.035590695310026,-0.20361913962779,-0.8915839161113581,False
269,1787908950.3216462,6610.19943873,26.89984703063965,24000,24000,4661,939,1.9524185312187836,0.12445706618389936,1.8238999962806701,2.104099941253661,-0.00972671341150999,0.024433273822069168,0.02206930409289771,0.33094894886016846,-2420.907433390256,-2421.2323466999164,-15.030908958519447,-0.1854746824637914,-0.4854222624467184,False
270,1787908950.420791,6610.29928431,26.99899172782898,24000,24000,4604,937,1.9443543206665788,0.1085194942012253,1.8170000314712524,2.0846000671386715,-0.009224620647728443,0.020133323967456818,0.023244848735386462,0.2830144166946411,-2430.350708843193,-2430.2664372595186,-15.02592826730104,-0.7062436719966172,-0.7512227810011609,False
271,1787908950.5217075,6610.39991651,27.099908351898193,24000,24000,4557,910,1.950018680226672,0.11561700816583396,1.8220000267028809,2.0888500213623042,-0.008100094273686409,0.019433794543147087,0.02307388215692601,0.26564115285873413,-2439.28565215042,-2439.2728684187664,-15.032122063190023,-0.5592163237174645,-0.747835803248563,False
272,1787908950.6214569,6610.49975933,27.199657678604126,24000,24000,4667,900,1.9514333328935836,0.12064303349798719,1.8170000314712524,2.122549974918365,-0.008055816404521465,0.019511209800839424,0.02280046158678856,0.26780441403388977,-2447.175777688832,-2448.308540240088,-15.030969381319132,0.5275781092364014,0.8585547453858453,False
273,1787908950.721519,6610.59959987,27.29971981048584,24000,24000,4794,878,1.9414430518628254,0.11374370640834339,1.8148500502109528,2.1114998936653135,-0.00346176465973258,0.013937506824731827,0.022784993078986487,0.18755732476711273,-2456.520578312842,-2457.346765393711,-15.030969381319132,0.18784829351898225,0.26516591202653217,False
274,1787908950.8213785,6610.69943161,27.399579286575317,24000,24000,4722,832,1.939387019437093,0.12599778285225166,1.8011000037193299,2.1701500415801998,-0.005658082198351622,0.009492798708379269,0.022932659260787355,0.1432846337556839,-2466.087300303093,-2466.3418723751424,-15.008474630823011,-0.39204085443589065,-0.5313436367919167,False
275,1787908950.9217465,6610.79967251,27.49994730949402,24000,24000,4712,859,1.9337986016578808,0.11915796440150292,1.8070000410079956,2.137899994850156,-0.00676820008084178,0.01042165420949459,0.0235705705404449,0.1622997373342514,-2474.245181304587,-2475.3695206490506,-14.965380547782182,0.48267755280221536,0.8338911857385938,False
276,1787908951.0209582,6610.89950415,27.599159002304077,24000,24000,4608,847,1.9353636375143508,0.12065737893562453,1.798299992084503,2.13580002784729,-0.00864605326205492,0.010743207298219204,0.023163258611058654,0.17842264473438263,-2484.1711701386575,-2484.3061419780406,-14.965380547782182,-0.5147755608700209,-0.7811925490968861,False
277,1787908951.1207836,6610.99934619,27.698984384536743,24000,24000,4706,936,1.9344935912607062,0.11839548640178522,1.8209999799728394,2.112749993801117,-0.011151447892189026,0.013703371398150921,0.023714475087492717,0.23101556301116943,-2493.1978957246424,-2493.3309866900736,-14.972134992515839,-0.5577365741323774,-0.5646598522112072,False
278,1787908951.222317,6611.09996901,27.800517797470093,24000,24000,4531,938,1.9213784663661966,0.10746185294101021,1.8138500034809113,2.056149983406067,-0.012224060483276844,0.007973678410053253,0.023288554974120156,0.1946837455034256,-2501.738924142256,-2502.2673634458183,-14.9663263463655,0.038713449680926715,0.021276369800034445,False
279,1787908951.3221245,6611.19980441,27.900325298309326,24000,24000,4521,954,1.9208794546077337,0.11234471717964643,1.8020000457763672,2.0840001106262207,-0.011160364374518394,0.007220787461847067,0.023341969444276904,0.1773299127817154,-2510.994610973625,-2511.2115089926606,-14.963562033393204,-0.2348180412595866,-0.5783439244050896,False
280,1787908951.4207616,6611.29963501,27.99896240234375,24000,24000,4430,894,1.9226163305692225,0.12242586285218243,1.8026499986648559,2.0873499512672424,-0.015061890706419945,0.009293627925217152,0.023480963863441708,0.23444515466690063,-2519.7394367500947,-2520.2073459137787,-14.96926535659034,-0.10281809503794648,-0.16945190960814216,False
281,1787908951.5209825,6611.39946293,28.099183320999146,24000,24000,4632,941,1.9342359195480185,0.1345938689520594,1.8049999475479126,2.0920000076293945,-0.016606278717517853,0.01082675065845251,0.023796446189545645,0.2653838098049164,-2529.2790788599414,-2529.1912809449445,-14.975651736548459,-0.6230994138231836,-0.7306447894525263,False
282,1787908951.620611,6611.49931107,28.198811769485474,24000,24000,4605,950,1.9417052640412984,0.12922448046626392,1.8140000104904175,2.142099952697754,-0.015320640988647938,0.013177948072552681,0.02296658206039737,0.26421141624450684,-2537.5993000668054,-2538.2018857561616,-14.997777292979583,0.022720940372437326,0.32918790529447506,False
283,1787908951.7220008,6611.59994829,28.300201654434204,24000,24000,4692,1015,1.9403527103621385,0.10309512784282104,1.8250000476837158,2.074299931526184,-0.012097209692001343,0.017131401225924492,0.0224764728165962,0.27818045020103455,-2546.916188088607,-2547.148997095118,-14.977059295877131,-0.16960541121352435,-0.052671264500531834,False
284,1787908951.8217986,6611.69980331,28.399999380111694,24000,24000,4803,1048,1.9449847341721294,0.09686710282366427,1.8250000476837158,2.0743000149726867,-0.010251372121274471,0.020321272313594818,0.021743851531455673,0.3019096255302429,-2555.5575983060417,-2556.1641549347282,-14.98279781844847,0.17025999812676673,0.5346448589648389,False
285,1787908951.921171,6611.79963949,28.499371767044067,24000,24000,4873,1029,1.9438211866903352,0.10643303751430844,1.8258000373840333,2.0576000213623047,-0.0065719555132091045,0.02449163980782032,0.020286091218579896,0.33187469840049744,-2564.137122811362,-2565.134990566979,-14.970199634470262,0.5337328474183778,1.0019418340211814,False
286,1787908952.0209873,6611.89948879,28.599188089370728,24000,24000,4989,1100,1.9490509112314744,0.11058524823800173,1.8279999494552612,2.1073001027107234,-0.002669075271114707,0.02072758413851261,0.020450369471606653,0.27029141783714294,-2573.5864022683536,-2574.0705213441415,-14.971010001853204,0.06740261878712772,0.34151865789135627,False
287,1787908952.1213381,6611.99932317,28.699538946151733,24000,24000,4851,1027,1.9590506356321964,0.12756358271530138,1.8250000476837158,2.194800043106079,-0.005853336304426193,0.01797550357878208,0.02100779590074879,0.2472144365310669,-2582.2323428690224,-2583.1197880094683,-14.971758387587785,0.4525165638483486,0.708496089413984,False
288,1787908952.2209697,6612.09995793,28.79917049407959,24000,24000,4874,895,1.9569296097622237,0.13318658736574948,1.8259999752044678,2.2130999565124507,-0.008895455859601498,0.009733469225466251,0.021603585142001402,0.1701401174068451,-2591.95058668794,-2592.133576658955,-14.971758387587785,-0.2994067604117845,-0.26642871587728223,False
289,1787908952.3234575,6612.19979581,28.901658296585083,24000,24000,4979,830,1.9506674699036473,0.12208059828260996,1.8270000219345093,2.1629000544548025,-0.013147813268005848,0.0064485506154596806,0.022601605548199524,0.18744638562202454,-2600.9880384704397,-2601.1077379306967,-14.973850159545377,-0.11349000985592284,-0.17757327917979637,False
290,1787908952.421131,6612.29962299,28.99933171272278,24000,24000,5127,917,1.9370872403699153,0.10857598177001791,1.8179999589920044,2.1040000915527344,-0.012255869805812836,0.007001722231507301,0.022437242815393353,0.1821722388267517,-2609.3405196105487,-2610.126516919719,-14.979489885881028,0.3241276803050823,0.18057608260278357,False
291,1787908952.5215588,6612.39945347,29.099759578704834,24000,24000,4910,902,1.942413526072999,0.1305256861161965,1.819000005722046,2.175750112533569,-0.012191461399197578,0.004838083405047655,0.022063402586571326,0.17009012401103973,-2619.093986439453,-2619.1280211664066,-14.998758450864093,-0.39135417579109344,-0.4116189751375714,False
292,1787908952.6274807,6612.49929471,29.205681562423706,24000,24000,4607,867,1.930724338126705,0.10546515799640489,1.8193000197410583,2.059000015258789,-0.015100850723683834,0.010035838931798935,0.022451616428054166,0.23408333957195282,-2628.086837788135,-2628.1575505745977,-15.008267486510496,0.1482214347165609,-0.07366258888578159,False
293,1787908952.7219944,6612.59994047,29.30019521713257,24000,24000,4948,926,1.93353455769578,0.1122888973185045,1.8142500221729279,2.130000114440918,-0.0184924378991127,0.010382396169006824,0.022568419822260318,0.2792898416519165,-2636.9735269562084,-2637.1554638669218,-15.013632815944229,-0.23273097761830286,-0.6406115430445425,False
294,1787908952.829115,6612.69978027,29.407315731048584,24000,24000,4599,865,1.9333676323036237,0.1068671113255817,1.8161999940872193,2.097799968719482,-0.02201935462653637,0.014732182025909424,0.022552755438535476,0.35469114780426025,-2645.0572781008377,-2646.161698250314,-15.02312410855137,1.3238063134881486,1.9933722539321934,False
295,1787908952.9211657,6612.79961393,29.499366521835327,24000,24000,4792,1050,1.9415819051152183,0.12185999419621371,1.8250000476837158,2.103100049495697,-0.017638832330703735,0.018623126670718193,0.021993793304084016,0.33421844244003296,-2655.1855737642786,-2655.174663003198,-15.018104647844053,-0.520397522148869,-0.38925814638787415,False
296,1787908953.020897,6612.89945639,29.599097728729248,24000,24000,4858,1120,1.9495107135602405,0.1307841180033631,1.8169500291347505,2.1060999512672423,-0.014410979114472866,0.02680586464703083,0.02159114540976824,0.4048028886318207,-2663.913693553663,-2664.128834980465,-15.014388694928085,-0.2732280288914808,-0.15913394716926632,False
297,1787908953.120962,6612.99930809,29.69916272163391,24000,24000,4786,1057,1.9509385064061002,0.11542943880033442,1.8179999589920044,2.134200048446655,-0.013792084529995918,0.025253599509596825,0.020483462698029663,0.3821394145488739,-2672.106299242065,-2673.095917586302,-15.032805953525697,0.5394945681664467,0.6722995026543686,False
298,1787908953.2218184,6613.09992567,29.80001926422119,24000,24000,4838,1030,1.95555631188513,0.11968425518397423,1.8264499962329865,2.139550030231476,-0.011230881325900555,0.022866126149892807,0.021218928024247317,0.3364222049713135,-2681.6518277942173,-2682.1177862782515,-15.063512626496395,0.07052965101274822,0.5464981686391184,False
299,1787908953.3235054,6613.19976263,29.901706218719482,24000,24000,4730,974,1.9449435325618643,0.11856642051129572,1.8209999799728394,2.104749965667724,-0.01118007767945528,0.015119955874979496,0.021338623557036696,0.24779893457889557,-2690.8709694657064,-2691.1670808606586,-15.077953047433816,0.002684362246782257,-0.05224439404310033,False
300,1787908953.4211512,6613.29960339,29.999351978302002,24000,24000,4628,957,1.9440679221317685,0.12419570820414316,1.815999984741211,2.1198000431060784,-0.014867323450744152,0.017087696120142937,0.02135968731886954,0.2978443205356598,-2699.581557819271,-2700.273136980714,-15.077835151877068,0.0797058930043022,0.22933058119951966,False
301,1787908953.521215,6613.39943987,30.09941577911377,24000,24000,4566,904,1.9423639373441712,0.13442048617225114,1.819000005722046,2.1640999555587763,-0.01718091405928135,0.016981787979602814,0.021696282048308715,0.31368979811668396,-2708.5782327738434,-2709.332777383242,-15.044013897804453,0.08825194173823547,-0.0959548860760151,False
302,1787908953.6212065,6613.49966963,30.19940733909607,24000,24000,4646,904,1.9411758864875388,0.13187529564805722,1.812000036239624,2.1760001182556152,-0.014275711961090565,0.02012505568563938,0.021700377821244225,0.32011011242866516,-2717.8981037441595,-2718.4159769067765,-15.043677170612797,-0.2328993237379109,-0.6456607379009256,False
303,1787908953.7209268,6613.59951037,30.29912757873535,24000,24000,4631,918,1.940589325750056,0.1262193492865577,1.809699946641922,2.160300064086914,-0.01581239514052868,0.021216731518507004,0.02153927665592528,0.33982500433921814,-2726.8667532105574,-2727.497248422763,-15.044253192576996,-0.22724650330110308,-1.3744156391630895,False
304,1787908953.8295217,6613.69935217,30.40772247314453,24000,24000,4080,853,1.9418417348112618,0.144672961236427,1.8075999975204469,2.2009999752044673,-0.02088186889886856,0.016354786232113838,0.023038493993890526,0.3468620777130127,-2736.2773267363705,-2736.52736481858,-15.003074547666131,0.1351549733540196,-0.5590027264702258,False
305,1787908953.9224203,6613.79999129,30.50062108039856,24000,24000,4551,943,1.9360424158808283,0.12130395619241338,1.812000036239624,2.0845000267028806,-0.014412549324333668,0.01755458116531372,0.02151250677313091,0.2955086827278137,-2745.051679322538,-2745.4606372189446,-15.025034184708298,-0.2788067178521487,-1.0313650374023382,False
306,1787908954.0219688,6613.89983665,30.60016965866089,24000,24000,4657,980,1.9433816339288439,0.13028711710284663,1.812999963760376,2.086149966716766,-0.016449345275759697,0.01910487562417984,0.023261024070361912,0.32355359196662903,-2754.510646695598,-2754.5114438432415,-15.02734111702861,-0.7789204340983815,-1.2497186073910598,False
307,1787908954.1219304,6613.99969005,30.70013117790222,24000,24000,4648,946,1.952117333578509,0.1255740924134644,1.815999984741211,2.0897499322891235,-0.01042887382209301,0.026101574301719666,0.02198308579716841,0.3581692576408386,-2764.0340471776567,-2763.520088560199,-15.019220947138917,-1.3063047215709958,-2.102234153833706,False
308,1787908954.2210705,6614.09953477,30.79927134513855,24000,24000,4569,940,1.9557585104982904,0.13677000831964176,1.8140000104904175,2.1713000059127805,-0.007772561628371477,0.025973910465836525,0.02239471300245086,0.34709829092025757,-2772.0243271658,-2772.50708271306,-15.00931956090271,-0.37448591849079094,-0.7380698241449863,False
309,1787908954.321168,6614.19937723,30.89936876296997,24000,24000,4582,905,1.9529303881344875,0.12529290709023522,1.8192000150680543,2.1152000904083246,-0.006567236967384815,0.024185437709093094,0.02049190945054841,0.31893444061279297,-2781.3510623913876,-2781.5109936014774,-15.003876602931571,-0.6929747840595155,-0.8718615402440264,False
310,1787908954.421817,6614.29963083,31.000017881393433,24000,24000,4600,977,1.9413367479338006,0.1058944552118592,1.815999984741211,2.0820000171661377,-0.0069223674945533276,0.019902128726243973,0.02191161155769178,0.2707696557044983,-2789.6724274171474,-2790.512512908467,-14.962374581401697,0.043556730571253865,0.34820809748589454,False
311,1787908954.5210357,6614.39947601,31.099236488342285,24000,24000,4698,1009,1.946366700001349,0.1109176538880762,1.821399998664856,2.0829999446868896,-0.005781243555247784,0.019778767600655556,0.02281370996274929,0.2654206156730652,-2798.3587000550924,-2799.436352294982,-14.962374581401697,0.2864420495120612,0.35837475232574434,False
312,1787908954.6211185,6614.49930921,31.19931936264038,24000,24000,4762,968,1.949482438978085,0.12404022123558257,1.8083499848842621,2.164300012588501,-0.006209563463926315,0.01542293094098568,0.023355609946980434,0.2140260636806488,-2807.4631385484913,-2808.3556812270363,-14.95387050435915,0.1889410738663173,0.5839497009474144,False
313,1787908954.7218618,6614.59993799,31.300062656402588,24000,24000,4643,890,1.9497337086816853,0.122787468605351,1.8154500246047973,2.155549931526184,-0.011238953098654747,0.01772923767566681,0.023245410014705994,0.2647855579853058,-2816.3595290387275,-2817.260865159069,-14.941376606033636,0.3589224141019258,0.3546807866241579,False
314,1787908954.8218796,6614.69979691,31.40008044242859,24000,24000,4714,863,1.940371958847532,0.12754819799800485,1.8079999685287476,2.1548999786376952,-0.01005922444164753,0.01149077620357275,0.023336885024874764,0.19365577399730682,-2825.9397116707196,-2826.160246954736,-14.935858511644305,-0.22018030568642644,-0.19088693656476607,False
315,1787908954.9211745,6614.79963485,31.499375343322754,24000,24000,4865,935,1.9379860941739007,0.12515141399217283,1.8087000012397767,2.1619000196456906,-0.005132465157657862,0.00992714986205101,0.023723972825293902,0.14444202184677124,-2835.3299005417853,-2835.131934050331,-14.930845979158557,-0.6743451620795895,-0.9172509962995719,False
316,1787908955.0211165,6614.89946985,31.5993173122406,24000,24000,4708,882,1.9330215428421558,0.12423830850229925,1.806049996614456,2.1087999701499935,-0.009303045459091663,0.009051993489265442,0.023959439921778482,0.16939254105091095,-2843.7876262042705,-2844.075545923859,-14.923568285420147,-0.13781405728695972,-0.014047631407720473,False
317,1787908955.1210086,6614.99931481,31.699209451675415,24000,24000,4527,869,1.9298975824349494,0.12304628569576283,1.8070000410079956,2.134600019454956,-0.011821111664175987,0.009650995023548603,0.022599675832920798,0.20001555979251862,-2853.2253146687717,-2853.0628641565195,-14.9378576259368,-0.5857301485020798,-0.6437057149955763,False
318,1787908955.2209442,6615.09994047,31.799144983291626,24000,24000,4518,905,1.9219900571180313,0.11141735067033343,1.805199956893921,2.0751999855041503,-0.012764953076839447,0.006863996386528015,0.023119325954402054,0.19241610169410706,-2861.515328072771,-2862.1376333254234,-14.970396368399086,0.11793389115109676,0.2061864914353464,False
319,1787908955.32212,6615.19979465,31.900320768356323,24000,24000,4666,994,1.9246267597200406,0.11251840988063315,1.809999942779541,2.1070499539375303,-0.014259804971516132,0.006993380840867758,0.02412781598054324,0.21308350563049316,-2870.3434353782386,-2871.0812637381064,-14.98603794078543,0.39512038123439197,0.7806265031758812,False
320,1787908955.4211118,6615.29963857,31.99931263923645,24000,24000,4580,885,1.9289118622655923,0.12930156408575955,1.807200026512146,2.1452000141143786,-0.01228286698460579,0.00982650462538004,0.02308784273340718,0.21200092136859894,-2879.2376073141318,-2880.1618728097656,-15.011485771561707,0.4097013367413638,1.0451719820775907,False
321,1787908955.5212104,6615.39946363,32.09941124916077,24000,24000,4500,846,1.9334669046931796,0.14278263214527093,1.8020000457763672,2.097499907016754,-0.012779480777680874,0.01196213997900486,0.02294770101359716,0.2361195683479309,-2888.7643983359135,-2889.2139306472704,-15.000737137701568,-0.10873604286871341,-0.02553659657633034,False
322,1787908955.6215777,6615.49930689,32.19977855682373,24000,24000,4550,938,1.9419157797339628,0.1264687898520234,1.8088500082492829,2.1451499700546264,-0.01265441719442606,0.014851114712655544,0.022556318077308186,0.2600419819355011,-2897.5790895599725,-2898.2113338870845,-14.983707919467088,0.10910777251228865,0.24956184754273636,False
323,1787908955.7293494,6615.59994811,32.30755019187927,24000,24000,4641,998,1.9488326659900153,0.12766588957205255,1.819700038433075,2.095150017738342,-0.010876047424972057,0.0209327582269907,0.02129699885159875,0.3136427700519562,-2906.9719039191596,-2907.2142233890045,-14.959703374650443,0.4151793609867127,0.25333609680455993,False
324,1787908955.8235962,6615.69978471,32.40179705619812,24000,24000,4974,1182,1.9409957694523226,0.10488102001445075,1.8220500230789185,2.059999942779541,-0.008891003206372261,0.01875920034945011,0.021572433363552364,0.27169370651245117,-2916.0818878856353,-2916.1664716910077,-14.9603214145778,-0.21307759557430472,-0.6131515268689327,False
325,1787908955.9232638,6615.79963267,32.50146460533142,24000,24000,4881,1087,1.9431885952453825,0.095612414713858,1.8282999634742736,2.0557000160217287,-0.008261770941317081,0.021882541477680206,0.021351944241131803,0.3037962019443512,-2924.543600252546,-2925.1161553866455,-14.98809640481027,0.2947704531902673,0.04021659460477167,False
326,1787908956.0221493,6615.89947141,32.60035014152527,24000,24000,4849,1019,1.941679097602365,0.09411983885396273,1.82990003824234,2.062200021743774,-0.007777840830385685,0.021120214834809303,0.020717137102355634,0.2864554226398468,-2933.738612742366,-2934.1284210092804,-14.99628476654451,-0.0010587132696855406,-0.41306606257421663,False
327,1787908956.1211693,6615.99930155,32.69937014579773,24000,24000,4821,999,1.9540130146988877,0.11292773714822155,1.8328999519348144,2.144200038909912,-0.006714570801705122,0.018267352133989334,0.021677424316646775,0.2522068917751312,-2942.7540218583313,-2943.1240121051965,-15.015743493620205,-0.10518307902611923,-0.44705444203691513,False
328,1787908956.2227921,6616.09993601,32.80099296569824,24000,24000,4980,940,1.9543563841505254,0.12539036322277322,1.8250000476837158,2.1740000247955322,-0.004667887929826975,0.01160088274627924,0.021719700584033403,0.16284772753715515,-2951.426417269178,-2952.159614651122,-15.017746564720868,0.3679461130236632,0.17271989789969666,False
329,1787908956.3229344,6616.19977421,32.901135206222534,24000,24000,4864,805,1.9505875762204947,0.13398048094469325,1.8211999893188477,2.197599983215332,-0.011039625853300095,0.0035296883434057236,0.02208927402148711,0.15080593526363373,-2961.748868123094,-2961.162759773824,-14.997957680084179,-0.9422245719233615,-1.3991609970953505,False
330,1787908956.4217286,6616.29959831,32.999929428100586,24000,24000,4893,834,1.941165467389196,0.11841390181694215,1.8240000009536743,2.1507000446319577,-0.012064030393958092,0.0027947353664785624,0.02268887818966052,0.16139012575149536,-2969.5817388676005,-2970.136182564745,-14.991734576080253,0.11587019401576981,0.18240294040288063,False
331,1787908956.52172,6616.39942947,33.09992074966431,24000,24000,4878,854,1.9389648743200638,0.11508137214024704,1.8216500103473663,2.1467500209808343,-0.012868613004684448,0.003860940458253026,0.021880261060997327,0.17436489462852478,-2978.2820109573263,-2979.0569523029685,-14.995886094444344,0.4142963526987842,0.3464058641543488,False
332,1787908956.6216538,6616.49967581,33.199854612350464,24000,24000,5035,934,1.9359293365631676,0.12403483290673821,1.8126499891281127,2.136800026893615,-0.017862053588032722,0.006682595703750849,0.022922474560728233,0.25081029534339905,-2987.460299139105,-2988.033179484084,-15.009911515600331,0.22953541955848777,0.3527276533832264,False
333,1787908956.721214,6616.59951831,33.29941487312317,24000,24000,4965,891,1.9344545454288573,0.12055436144379002,1.815999984741211,2.1510000228881836,-0.014482541009783745,0.00831652246415615,0.021757652898494257,0.22355693578720093,-2996.148562649668,-2997.0289427862604,-15.009911515600331,0.5011769309085139,0.7144217953587031,False
334,1787908956.821262,6616.69936861,33.39946269989014,24000,24000,4871,961,1.9409594190976622,0.12047170039850774,1.812999963760376,2.124000072479248,-0.017766429111361504,0.015542696230113506,0.0222828330721301,0.317524254322052,-3005.396195323165,-3006.079063702848,-15.00245482960883,0.2573276798684674,0.3069204092566906,False
335,1787908956.9211473,6616.79960551,33.499348163604736,24000,24000,4845,1071,1.9468935565565593,0.12174235627000082,1.815999984741211,2.134999990463257,-0.016581851989030838,0.021051112562417984,0.0213083616716657,0.3523518443107605,-3014.9737467147474,-3015.1048018275096,-14.999172224912256,-0.33105211848442195,-0.4968718771424392,False
336,1787908957.0220504,6616.89945499,33.60025119781494,24000,24000,4900,1188,1.9481102709818368,0.1109752391992493,1.8203500270843507,2.10630007982254,-0.014224152080714703,0.024975256994366646,0.020575293941672113,0.37352505326271057,-3023.7881413722043,-3024.11675959984,-14.988641306659275,-0.064699136978561,-0.0028535391543300648,False
337,1787908957.1211152,6616.99929445,33.69931602478027,24000,24000,4953,1211,1.9575119747001213,0.13662325085707638,1.8234999775886536,2.162500023841858,-0.014562052674591541,0.02165951021015644,0.02108034094961739,0.3465532958507538,-3032.672620874937,-3033.149295288956,-14.988693344340037,-0.03386008055213097,-0.08540100168193021,False
338,1787908957.225954,6617.09991923,33.80415487289429,24000,24000,4399,934,1.9530449681925315,0.11460376667391309,1.8296500265598297,2.1366999506950375,-0.020446550101041794,0.02368992380797863,0.02164972140897183,0.4055044651031494,-3041.7275619343054,-3042.1742762948857,-14.959471447736076,0.3461492551250558,0.3665676544605958,False
339,1787908957.3229039,6617.19975057,33.90110468864441,24000,24000,4597,930,1.9535279579060052,0.13100244890428928,1.8250000476837158,2.1346499085426327,-0.015373964793980122,0.021578524261713028,0.022294810956916676,0.3467535972595215,-3050.5581029578225,-3051.132949718984,-14.95920074335743,0.24058679505515101,-0.04512830385101552,False
340,1787908957.4215186,6617.29960133,33.9997193813324,24000,24000,4652,955,1.9523026183013517,0.13506179220880962,1.8279999494552612,2.150499963760376,-0.014295600354671478,0.0189212653785944,0.02172681857438206,0.30965808033943176,-3059.665706777384,-3060.1714768523107,-14.981124510871199,0.007791793709657213,0.027205151592625043,False
341,1787908957.528327,6617.39941869,34.10652780532837,24000,24000,4486,892,1.9358878913481674,0.11933731749394524,1.812000036239624,2.1149000525474535,-0.015578420832753181,0.017704715952277184,0.021333649865337447,0.30736684799194336,-3069.2318244415032,-3069.140577361656,-14.987139563664513,0.05387609769195478,-0.20916244822683439,False
342,1787908957.6209896,6617.49965611,34.19919037818909,24000,24000,4511,879,1.9329215006074265,0.11511217606895449,1.8040000200271606,2.105400013923645,-0.015362123027443886,0.015269751660525799,0.022208841167947253,0.2854185998439789,-3078.1095274765116,-3078.0997089402304,-14.987139563664513,-0.4846779086337847,-0.5650789370938583,False
343,1787908957.7215798,6617.59948955,34.29978060722351,24000,24000,4489,882,1.942362811289677,0.12660344017689068,1.809000015258789,2.1754001140594474,-0.016208041459321976,0.015755875036120415,0.02186022295635152,0.29358911514282227,-3086.7086595399965,-3087.081664232853,-14.977452624686869,-0.031213170082082797,-0.27850329443299415,False
344,1787908957.8217185,6617.69934257,34.399919271469116,24000,24000,4416,884,1.9434841647407048,0.1363850317641722,1.8079999685287476,2.200699961185455,-0.015628594905138016,0.01726623810827732,0.02145380332013472,0.30140846967697144,-3095.2504745422207,-3096.0155764523583,-14.970097170908998,0.4389301502037597,1.0103420948926214,False
345,1787908957.923233,6617.79997161,34.50143384933472,24000,24000,4638,976,1.947935449539638,0.14187979170758905,1.815750002861023,2.150749921798706,-0.015097356401383877,0.01861855760216713,0.02027830307369091,0.3099415898323059,-3104.7464187334353,-3104.9635851921103,-14.98578959482579,0.07876934239993716,0.8387067899880094,False
346,1787908958.0216384,6617.89980499,34.599839210510254,24000,24000,4527,979,1.9345822275841686,0.11239182841288993,1.8098999500274657,2.0713000774383543,-0.012802821584045887,0.018326319754123688,0.021901906194600633,0.28962695598602295,-3113.3980431812515,-3113.9254902461635,-14.98578959482579,0.28311496674677983,1.370865890629375,False
347,1787908958.1214476,6617.99964103,34.69964838027954,24000,24000,4632,1002,1.9427305404059663,0.12237588240677712,1.8150500535964966,2.0869998931884766,-0.010633142665028572,0.022729938849806786,0.022319601488668878,0.3244052529335022,-3122.082678301306,-3122.9306160227666,-15.007526298103466,0.5807853821352182,0.914382617976571,False
348,1787908958.221388,6618.09948101,34.79958891868591,24000,24000,4622,987,1.9510932117247655,0.12808374451841356,1.8243000149726867,2.1032000064849847,-0.009415457025170326,0.025041034445166588,0.022342828406822966,0.3420940637588501,-3130.945146377974,-3131.9226147591626,-15.002926780515589,0.7124453341616572,0.9105193411623986,False
349,1787908958.3214,6618.19931603,34.89960074424744,24000,24000,4640,981,1.9524668686008355,0.12473522594079181,1.8250000476837158,2.109999895095825,-0.00870489701628685,0.024507245048880577,0.02271112953315244,0.3298870027065277,-3140.277317345683,-3140.9125216253133,-14.998360201259146,0.3808178678918921,0.6832539039542098,False
350,1787908958.4221768,6618.29996593,35.0003776550293,24000,24000,4727,970,1.940525771662132,0.1031870253465831,1.8220000267028809,2.072999954223633,-0.009274986572563648,0.020283173769712448,0.02266655939269477,0.28154832124710083,-3149.6695958100217,-3149.8810365626537,-15.005176644063523,0.05793659073697199,0.5410719044934922,False
351,1787908958.521933,6618.39981585,35.10013389587402,24000,24000,4598,986,1.9492991878584964,0.1295428437178913,1.812999963760376,2.099749982357025,-0.009631886146962643,0.017114177346229553,0.02311470571545412,0.25182220339775085,-3158.83008322544,-3158.8495459604587,-15.005176644063523,-0.1250086168283815,-0.2668456717733534,False
352,1787908958.6226146,6618.49965831,35.20081543922424,24000,24000,4600,901,1.9504384020721741,0.11971590651665108,1.809999942779541,2.13700008392334,-0.007501106709241867,0.01696784608066082,0.02266491468598104,0.23541368544101715,-3167.694318307325,-3167.878480759596,-15.043025020180297,0.07157091623685119,0.1634262574020795,False
353,1787908958.7209346,6618.59950809,35.29913544654846,24000,24000,4761,886,1.9486478563086982,0.12105193506790558,1.8109999895095825,2.1637500524520874,-0.006694290321320295,0.016115671023726463,0.022636258246449766,0.22011540830135345,-3176.45194473671,-3176.9264288792574,-15.043025020180297,0.16223315686556816,0.3460293263387939,False
354,1787908958.821956,6618.69935167,35.4001567363739,24000,24000,4836,854,1.9422318501271465,0.12157073582268053,1.8096499681472777,2.1253499746322633,-0.007538044825196266,0.011881285347044468,0.023499929712591176,0.18149711191654205,-3185.6475201186277,-3186.0243378010405,-15.065284523492119,0.0580478034803491,0.03551519499615097,False
355,1787908958.9222796,6618.79999351,35.50048041343689,24000,24000,4688,838,1.9347458225730496,0.12066204845476022,1.805849987268448,2.1153999209403986,-0.006540536414831877,0.009034788236021996,0.023588349359267836,0.144427090883255,-3194.533822879986,-3195.0738452299997,-15.046444430689007,0.2003535547651154,0.30870621733720327,False
356,1787908959.0222127,6618.89983613,35.60041356086731,24000,24000,4592,840,1.9308083341235207,0.11727592699807442,1.8098499476909637,2.156499898433685,-0.006407339125871658,0.008799195289611816,0.023875009456080384,0.14486299455165863,-3204.0304001517397,-3204.187965788867,-15.037711349379213,-0.30276083764192663,-0.04233349192281821,False
357,1787908959.1218815,6618.99967373,35.700082302093506,24000,24000,4608,879,1.9330898772870042,0.13248090136976473,1.8038000226020814,2.1589999198913574,-0.008937007747590542,0.011504015885293484,0.022904942782434604,0.1923457831144333,-3212.426874217776,-3213.248137652735,-15.020744326085941,0.27043279415011057,0.2957189981907504,False
358,1787908959.221052,6619.09952223,35.79925274848938,24000,24000,4685,919,1.9207660516276064,0.10643603126433553,1.8109999895095825,2.063999891281128,-0.016522523015737534,0.012454266659915447,0.023556436210550327,0.2714422047138214,-3221.481038991918,-3222.2198291742707,-15.020744326085941,0.14109177791578986,0.3495108654356045,False
359,1787908959.3214567,6619.19935349,35.89965748786926,24000,24000,4518,923,1.9284279533739597,0.12349817767725199,1.809000015258789,2.155899906158447,-0.013363911770284176,0.008280974812805653,0.02312578101928957,0.2091696411371231,-3230.5864568223014,-3231.1928873501715,-15.006550571912205,0.07157764657449661,0.3004712315055258,False
360,1787908959.422157,6619.29999267,36.00035786628723,24000,24000,4521,941,1.9366333691143964,0.1391173046858813,1.8109999895095825,2.1600000858306885,-0.011607584543526173,0.008797476068139076,0.023279631856479296,0.1952827125787735,-3239.781659470236,-3240.215528686541,-14.994245452022035,-0.06111532839395295,-0.22196067430741095,False
361,1787908959.5242279,6619.39982917,36.102428674697876,24000,24000,4515,942,1.9378184693887228,0.13831467672801664,1.7990000247955322,2.1647499680519102,-0.014175842516124249,0.00909789465367794,0.02287500975938984,0.22170278429985046,-3249.0442064883,-3249.235169081438,-14.985904964997431,-0.13782111049386003,-0.3513936174999799,False
362,1787908959.6220822,6619.49967395,36.20028305053711,24000,24000,4712,998,1.9325280570553873,0.11277700392508412,1.8046999514102935,2.0671499371528625,-0.01346687413752079,0.014149966649711132,0.023423828274973805,0.2610008120536804,-3258.1709196690967,-3258.2155048368536,-14.994290976688681,-0.4581500302074346,-0.688412159417112,False
363,1787908959.722363,6619.59952183,36.30056381225586,24000,24000,4774,1048,1.949256679711451,0.12877752956297092,1.8209999799728394,2.0936500430107117,-0.014385472051799297,0.018285291269421577,0.021892183541586663,0.301527738571167,-3267.356307727069,-3267.175345113657,-15.00528924423957,-0.6187917330416894,-0.5273946119009452,False
364,1787908959.8236284,6619.69936909,36.4018292427063,24000,24000,4768,1046,1.9461070752736487,0.11351892260712027,1.8240000009536743,2.0829999446868896,-0.00835863035172224,0.021804524585604668,0.02154594170839388,0.302287757396698,-3275.5627649541057,-3276.1802291628524,-14.9981219690165,0.2881124533723778,0.18995625223760726,False
365,1787908959.921565,6619.79960703,36.49976587295532,24000,24000,4827,1042,1.9455527829117143,0.1022030117368289,1.8309999704360962,2.068000078201294,-0.007624128367751837,0.020889993757009506,0.02173949417965081,0.29168444871902466,-3284.711424360648,-3285.175599843051,-15.000188873103099,-0.046760223535329715,0.3311087393476555,False
366,1787908960.021823,6619.89946561,36.60002374649048,24000,24000,4924,1055,1.946666351200845,0.10285771667423221,1.8300000429153442,2.076299953460693,-0.005452125333249569,0.019811851903796196,0.020940358682310745,0.2654068171977997,-3293.1613600242504,-3294.1353119356104,-15.00491982951889,0.5259906506644256,1.0516650275640131,False
367,1787908960.1211748,6619.99928575,36.69937562942505,24000,24000,4945,1042,1.956012475170238,0.12437734637270562,1.8350000381469727,2.167499983310699,-0.005307232029736042,0.017983393743634224,0.02095643933663248,0.24326524138450623,-3302.3704556005227,-3303.148302421014,-15.012872623005181,0.2580471759742977,0.3325543161413407,False
368,1787908960.2229795,6620.09993385,36.801180362701416,24000,24000,4851,916,1.9524825327261046,0.13258053471398173,1.823749989271164,2.1867499351501465,-0.006800421979278326,0.007365085184574127,0.021830117192758697,0.13051746785640717,-3312.1666548789076,-3312.155119262979,-15.010800453830015,-0.3762562429787977,-0.6055253132522012,False
369,1787908960.322969,6620.19975615,36.901169776916504,24000,24000,4867,827,1.9508331335153084,0.12800288131054968,1.8240000009536743,2.1751001119613647,-0.011147101409733295,0.003910021390765905,0.02116375097029706,0.1521366387605667,-3320.8744785969907,-3321.1114875779153,-15.00354319265013,-0.08555336409744996,-0.04340698749092553,False
370,1787908960.422146,6620.29959503,37.00034689903259,24000,24000,4985,850,1.9451917688986835,0.1193281060926269,1.8220000267028809,2.1695500016212463,-0.012938783504068851,0.0070953997783362865,0.022327919851939635,0.19239546358585358,-3329.1596767128367,-3330.105057188214,-15.003917515711434,0.5546730580203985,0.930352594382839,False
371,1787908960.5221188,6620.39943629,37.100319623947144,24000,24000,5103,920,1.9460358702618143,0.12989680148044125,1.8179499626159668,2.1989998817443848,-0.012824568897485733,0.007519186474382877,0.022412829195507838,0.19322994351387024,-3338.2544923550513,-3339.122595254574,-14.998776735057016,0.4568820626291199,0.6792160826566942,False
372,1787908960.6219115,6620.49967837,37.20011234283447,24000,24000,4899,906,1.9373068438460495,0.11606914938922747,1.8202500343322754,2.146750032901764,-0.01637720875442028,0.00729680061340332,0.022750504780829288,0.2348262369632721,-3347.9479898595146,-3348.165961439588,-14.99220360464429,-0.25579040010143217,0.005844554470058938,False
373,1787908960.72197,6620.59951627,37.3001708984375,24000,24000,4909,957,1.9382100293379716,0.12328279391435383,1.817199969291687,2.1134000301361078,-0.01650325395166874,0.009539731778204441,0.02246343916681006,0.25193676352500916,-3357.3443322943476,-3357.1854589338586,-15.002261126675421,-0.6473838731008073,-0.8676375620129875,False
374,1787908960.822428,6620.69936749,37.40062880516052,24000,24000,4853,989,1.9345520738403044,0.11325755623131738,1.8064000129699707,2.120799970626831,-0.01674182340502739,0.014788012951612473,0.022279389111284506,0.2938261330127716,-3365.5181714687847,-3366.2652790555553,-15.009433765677144,0.2194654355239436,-0.018439555716213363,False
375,1787908960.9211872,6620.79961049,37.499387979507446,24000,24000,5027,1136,1.9395475367635069,0.11519783210177062,1.8179999589920044,2.0942500829696655,-0.019625743851065636,0.017396045848727226,0.022160220958928434,0.3445327579975128,-3374.714851739644,-3375.271614815834,-15.004289032287923,-0.08940342018513547,0.02824600009853384,False
376,1787908961.0216722,6620.89945607,37.599873065948486,24000,24000,4918,1127,1.9513380661831563,0.11927909583937343,1.8259999752044678,2.1190999507904054,-0.01370540913194418,0.026215126737952232,0.02060750868899733,0.3856302797794342,-3384.1169852729918,-3384.2866886581724,-15.005313720619647,-0.44840243738417485,-0.6575013167280304,False
377,1787908961.1215954,6620.99930409,37.699796199798584,24000,24000,4809,1093,1.9507831652450212,0.11386205438420231,1.8200000524520874,2.0929999351501465,-0.012978245504200459,0.025537151843309402,0.021367057256308778,0.3819039762020111,-3393.0561464588804,-3393.2313414624073,-14.978959683505444,-0.39500191401111806,-0.3088666649341576,False
378,1787908961.2254946,6621.09992963,37.80369544029236,24000,24000,4463,962,1.952623701640821,0.12977846180143285,1.819000005722046,2.1500000953674316,-0.016212748363614082,0.021330423653125763,0.02199011749381276,0.3510643541812897,-3401.5492864119674,-3402.1706096205094,-14.994718208824187,0.46224873501569164,0.7792292891335819,False
379,1787908961.3225973,6621.19975339,37.900798082351685,24000,24000,4798,1008,1.9457896809492792,0.1092091336430076,1.8279999494552612,2.0980000495910645,-0.0101935351267457,0.017853710800409317,0.021626243033769678,0.27242496609687805,-3411.2070161568686,-3411.2068200093145,-14.994047978071096,-0.4567488744341972,-0.4336300486165783,False
380,1787908961.4216392,6621.29958373,37.99984002113342,24000,24000,4540,884,1.9455927623882552,0.1185052678850713,1.819000005722046,2.1470999956130976,-0.013481467962265015,0.020698828622698784,0.021334505303928462,0.32905906438827515,-3419.774185607562,-3420.170045805707,-14.995631734094554,-0.11065958330436843,0.2873722824547258,False
381,1787908961.5217562,6621.39942821,38.09995698928833,24000,24000,4508,866,1.9449491924832103,0.12746522727092116,1.8140000104904175,2.1710000038146973,-0.016564229503273964,0.017831288278102875,0.021299917545756192,0.3152182102203369,-3428.510970506876,-3429.1557985919526,-14.993183098343314,0.16256130470810604,0.5574918143711329,False
382,1787908961.6213093,6621.49967177,38.19951009750366,24000,24000,4528,888,1.9454313083006456,0.14475173046403397,1.805999994277954,2.237600016593933,-0.016721518710255623,0.015896443277597427,0.021781908102330123,0.3009854853153229,-3437.2972520166627,-3438.1141904839646,-14.97852053776124,0.33554112391675517,0.6234122158557511,False
383,1787908961.723504,6621.59950987,38.30170488357544,24000,24000,4625,939,1.9363280068825102,0.11923609583059486,1.8079999685287476,2.120099902153015,-0.017198335379362106,0.019855516031384468,0.021198657284632313,0.34127750992774963,-3446.8269776258085,-3447.1258051923564,-14.997379453442468,0.002814094638779352,-0.23066601955542865,False
384,1787908961.821574,6621.69936351,38.39977478981018,24000,24000,4620,939,1.9458775315929653,0.14182792739190028,1.8128999710083007,2.1579000473022454,-0.014821123331785202,0.019155772402882576,0.022080437815298812,0.31372642517089844,-3455.3685074291393,-3456.1746596187336,-14.997379453442468,0.2870651656389782,-0.11339519825696698,False
385,1787908961.9216259,6621.79961053,38.49982666969299,24000,24000,4527,932,1.941178110663983,0.13623442357463333,1.809999942779541,2.12780007123947,-0.0168745256960392,0.021332090720534325,0.022315597442007225,0.3481447100639343,-3464.613750963155,-3465.154529809504,-14.986351360806092,0.04596981340091588,-0.20701014138012397,False
386,1787908962.0226762,6621.89944329,38.60087704658508,24000,24000,4587,942,1.9402983027911742,0.1277338704496966,1.8109999895095825,2.0937000989913934,-0.0141679048538208,0.021581536158919334,0.022277810458191858,0.32905441522598267,-3473.5692171098426,-3474.160233287845,-15.001321405339645,0.1845113797767226,0.22737247816621675,False
387,1787908962.1219435,6621.99928099,38.70014429092407,24000,24000,4544,993,1.9517633429946977,0.13148414351470508,1.8179999589920044,2.13100004196167,-0.01222183182835579,0.021941404789686203,0.023034402353640387,0.32236289978027344,-3482.885240280655,-3483.1372555952853,-15.00541466159022,-0.1979767223106137,-0.26893359330006206,False
388,1787908962.2260535,6622.09990751,38.80425429344177,24000,24000,4743,1021,1.9475592553440435,0.12266873931329973,1.8179999589920044,2.109999895095825,-0.011808458715677261,0.02028055302798748,0.021898030618997647,0.3018680512905121,-3492.0771037316144,-3492.1830176726244,-15.009372577101397,-0.020482086520132725,-0.19651334690843214,False
389,1787908962.3220532,6622.19974651,38.900254011154175,24000,24000,4610,949,1.9553740778260789,0.1248548703889311,1.8270000219345093,2.1264000415802,-0.007931098341941833,0.025057271122932434,0.022824822160238203,0.3371150493621826,-3500.590937487233,-3501.216965979766,-15.001275220932117,0.10515884543065113,0.17990704857584205,False
390,1787908962.4268205,6622.29959877,39.00502133369446,24000,24000,4373,874,1.9499210524340789,0.1215015632735645,1.8170000314712524,2.085400092601776,-0.010883218608796597,0.022031428292393684,0.021823512211497965,0.306514710187912,-3510.6119358027754,-3510.280094874571,-15.0080067485708,-0.4873260042413676,-0.8950534529108154,False
391,1787908962.5217655,6622.39944237,39.099966287612915,24000,24000,4642,968,1.9459555766060332,0.10744489623380865,1.8140000104904175,2.0846500635147094,-0.005794167518615723,0.01993507891893387,0.022821307196954764,0.26414385437965393,-3518.6466016335903,-3519.308220395064,-15.005709876532054,0.022559603608897305,0.08630079822933112,False
392,1787908962.621585,6622.49928233,39.1997857093811,24000,24000,4763,1017,1.9467099335341327,0.12393220789192852,1.8021999835968017,2.1089999675750732,-0.0031794020906090736,0.012542934156954288,0.023037513435359633,0.17012634873390198,-3527.8203197444373,-3528.314042254684,-14.994195110816248,-0.167930345280638,-0.06745244795047256,False
393,1787908962.7228203,6622.59991213,39.301021099090576,24000,24000,4620,855,1.9420292415116962,0.12062313220393847,1.8026999950408935,2.1125000238418576,-0.007214518263936043,0.01634850725531578,0.022559426239626642,0.22695916891098022,-3536.650578167547,-3537.2921847778393,-14.987864929990769,0.11246913480681542,0.09465975039302066,False
394,1787908962.8231623,6622.69975853,39.401363134384155,24000,24000,4661,810,1.9351654320587346,0.11455732776154887,1.80589998960495,2.126550018787384,-0.009372471831738949,0.01333345752209425,0.02342340826338591,0.20807434618473053,-3545.6261347665636,-3546.2864339090206,-14.9772197282648,0.16717319358849636,0.20870072838897613,False
395,1787908962.9219568,6622.79960069,39.500157594680786,24000,24000,4734,870,1.9455471273126272,0.13472951277200504,1.8124500036239624,2.2225499749183655,-0.006679881829768419,0.010979913175106049,0.023635078524631332,0.16593347489833832,-3554.799115622908,-3555.2229556655543,-14.98351876116603,-0.11482069587964361,0.12031983863107598,False
396,1787908963.023094,6622.89943319,39.60129475593567,24000,24000,4740,908,1.9340616721938886,0.11679767137503715,1.8153500318527223,2.1324999213218687,-0.009336210787296295,0.008950825780630112,0.02422585008552607,0.17107011377811432,-3563.509312858817,-3564.2043878173654,-14.970364006818514,0.2767999220081947,0.39261734046795027,False
397,1787908963.122826,6622.99967595,39.701026916503906,24000,24000,4552,926,1.9341598259964978,0.1250651137722776,1.8142500221729279,2.1237500309944153,-0.010519101284444332,0.009579496458172798,0.023218454714521216,0.1893719732761383,-3573.481161298988,-3573.1544173077996,-14.972027914153506,-0.7196734097988156,-0.8649045895253948,False
398,1787908963.2233877,6623.09953009,39.80158853530884,24000,24000,4477,907,1.917869901578245,0.10409727904931519,1.8029999732971191,2.0620999574661254,-0.016983527690172195,0.0096145523712039,0.02302629497068496,0.25527673959732056,-3581.7853800383,-3582.1349911847356,-14.96866630783753,0.026129881255201326,0.16558169065501716,False
399,1787908963.3215427,6623.19936233,39.89974355697632,24000,24000,4455,891,1.922756453288257,0.11509314476256219,1.800499975681305,2.0945000648498535,-0.015058841556310654,0.007824830710887909,0.023564638128272693,0.22141435742378235,-3590.361961206004,-3591.0580666451892,-14.96594823632011,0.2829895336012669,0.3528502607769042,False
400,1787908963.4242604,6623.29960269,40.002461194992065,24000,24000,4576,912,1.928657893941068,0.12158020730949683,1.8040000200271606,2.0924499750137326,-0.011274101212620735,0.006866141688078642,0.023402634654659055,0.17825709283351898,-3599.5246184648577,-3599.992341565546,-14.996224770502772,0.364384806885937,0.7278998701967794,False
401,1787908963.5226047,6623.39943577,40.10080552101135,24000,24000,4714,968,1.9364731375836144,0.13639927497892335,1.8029999732971191,2.1299500346183775,-0.014950620010495186,0.008726566098630428,0.022966622215475043,0.23251713812351227,-3608.6189056114194,-3609.047509419975,-15.013085618735744,0.12057488625760016,0.6682570819193643,False
402,1787908963.6235974,6623.49928403,40.2017982006073,24000,24000,4587,929,1.9366706150340316,0.12592486740068642,1.8049999475479126,2.106799936294555,-0.013542894273996353,0.010991936549544334,0.022965253633174174,0.23232200741767883,-3617.5609774543286,-3618.0630263005423,-15.019671914507521,0.26731830021117275,0.9185850314352138,False
403,1787908963.721278,6623.59992237,40.29947876930237,24000,24000,4693,1001,1.939343656693305,0.0987672189874789,1.8179999589920044,2.0739998817443848,-0.01321404054760933,0.019269796088337898,0.022378716480775766,0.3101482689380646,-3626.4789858153163,-3627.0659555779166,-15.019671914507521,0.14005246241049463,0.5991825730761775,False
404,1787908963.8231025,6623.69976309,40.4013032913208,24000,24000,4917,1107,1.9554959360069268,0.1311954423769492,1.8259999752044678,2.1186000108718877,-0.007657377514988184,0.018206577748060226,0.021123106533534042,0.25864651799201965,-3635.6214530398747,-3636.1106963555035,-15.015911039047579,0.1612619810225624,0.15214331119705093,False
405,1787908963.9217255,6623.79960109,40.49992632865906,24000,24000,4928,1109,1.9491100095219178,0.11881493711346575,1.8270000219345093,2.094600057601929,-0.006992681883275509,0.024832047522068024,0.02141080513867815,0.33248764276504517,-3644.914514439802,-3645.108962401539,-15.0186823644027,-0.25623962561803637,-0.18909255356493304,False
406,1787908964.022748,6623.89943347,40.60094881057739,24000,24000,4851,1066,1.9481791767796701,0.09656437334759445,1.8372500240802765,2.1110000610351562,-0.006475226487964392,0.02179805375635624,0.020724307197447736,0.2937736213207245,-3653.3738217912214,-3654.1304541698814,-15.023381191161162,0.3759503336477792,0.5761182242958967,False
407,1787908964.1229196,6623.99966127,40.701120376586914,24000,24000,4841,980,1.9527377564079909,0.12171848137833102,1.8300000429153442,2.1375500798225398,-0.006839629728347063,0.017727773636579514,0.02084515676540642,0.24256475269794464,-3662.56318888588,-3663.1078081395804,-15.050441361964715,0.2015025489195068,0.342818392429308,False
408,1787908964.2219865,6624.09950421,40.80018734931946,24000,24000,4903,972,1.9598220152619443,0.1387298818375424,1.8329999446868896,2.2134500265121457,-0.00796880479902029,0.012631705030798912,0.022084492925344028,0.1916215717792511,-3671.3156290318857,-3672.1894695053857,-15.050098340026935,0.36457406994850317,0.448056739898675,False
409,1787908964.324511,6624.19935947,40.90271186828613,24000,24000,5045,877,1.948647662198666,0.12264007107484352,1.819000005722046,2.1837999343872063,-0.008522463031113148,0.005865136161446571,0.021822442002323195,0.1333603709936142,-3681.518008431677,-3681.247080946568,-15.050170850175414,-0.6111325064775883,-1.0535925068415963,False
410,1787908964.4217722,6624.29960037,40.99997305870056,24000,24000,4867,853,1.9345779582456295,0.10999241342138824,1.812000036239624,2.1133999824523926,-0.011831706389784813,0.003433549078181386,0.022667264282208468,0.15895727276802063,-3690.227425565722,-3690.2698107975484,-15.050170850175414,-0.5675489787327024,-1.4458753265812447,False
411,1787908964.5224679,6624.39945931,41.10066866874695,24000,24000,4919,862,1.9385742484278579,0.11418536941841091,1.8229999542236328,2.137800014019012,-0.013057339936494827,0.005809960886836052,0.022960109071459702,0.18793126940727234,-3698.8929920780024,-3699.28569858397,-15.039532408924053,-0.17103494665843755,-0.5062639259385833,False
412,1787908964.6213896,6624.49929985,41.19959044456482,24000,24000,4893,876,1.9386084443085814,0.1198230972011612,1.8217500150203705,2.175499975681305,-0.013879943639039993,0.0054933917708694935,0.02237855684145314,0.19521097838878632,-3707.688118781866,-3708.324391907471,-15.040309401399625,-0.0637169497135801,0.17617923722445994,False
413,1787908964.7226574,6624.59993869,41.30085825920105,24000,24000,5117,980,1.9342214286327362,0.11644166147690471,1.8129499673843383,2.1163499355316158,-0.017793990671634674,0.008907861076295376,0.021810872459294712,0.26515254378318787,-3717.116605854554,-3717.3298064729993,-15.02205224360488,-0.37862804464521105,-0.18254549956145638,False
414,1787908964.8220766,6624.69977909,41.40027737617493,24000,24000,4948,1002,1.941755491102527,0.13617714557438287,1.8079999685287476,2.1557999014854428,-0.018062474206089973,0.01135655865073204,0.022362767996579103,0.28519877791404724,-3725.370045863116,-3726.3558365092304,-15.007538950682573,0.3151347617999818,0.39184445945375046,False
415,1787908964.9211054,6624.79962223,41.499306201934814,24000,24000,4847,1058,1.9424187129747215,0.11940517181529924,1.8148500502109528,2.11899995803833,-0.015740644186735153,0.02217569760978222,0.02172937143977106,0.36022570729255676,-3734.891108900289,-3735.350851016019,-15.001851264766563,-0.29384963723259716,-0.2616916388365098,False
416,1787908965.021755,6624.89946693,41.599955797195435,24000,24000,4859,1121,1.9529634253666084,0.1199344959704426,1.8209999799728394,2.1530001163482666,-0.013952931389212608,0.026708247140049934,0.02040218314101944,0.3955889046192169,-3743.7734042598563,-3744.33863028746,-15.006338418402565,-0.11820554354790147,0.13813570052934665,False
417,1787908965.1210382,6624.99931135,41.699239015579224,24000,24000,4939,1161,1.9504832041664024,0.11347092949477716,1.8229999542236328,2.119999885559082,-0.012169262394309044,0.019641149789094925,0.020663387241233743,0.30409255623817444,-3753.1492542840056,-3753.3191743236102,-14.991676293544968,-0.5590829181232948,-0.3928810006054846,False
418,1787908965.2210906,6625.09994633,41.799291372299194,24000,24000,4707,1021,1.9583996070820717,0.1339326606232115,1.8300000429153442,2.1700000762939453,-0.013991461135447025,0.020344555377960205,0.021769933780235468,0.32585448026657104,-3761.921346587089,-3762.2924831244695,-14.977781600962752,-0.3269841265678224,-0.4023046235820402,False
419,1787908965.321861,6625.19977703,41.90006184577942,24000,24000,4610,955,1.9443664912778045,0.12260603057168676,1.8147000432014466,2.1152999639511103,-0.0157238207757473,0.020729247480630875,0.021911032042955008,0.34136325120925903,-3770.7875393102454,-3771.2585566900384,-14.951684686733872,-0.12435898616649865,-0.3035810004043924,False
420,1787908965.4223979,6625.29962805,42.000598669052124,24000,24000,4565,905,1.9504320464740141,0.11972284627576148,1.8272000074386596,2.128000020980835,-0.013884595595300198,0.0218356940895319,0.02160650804827183,0.33552253246307373,-3779.777578267792,-3780.217395020317,-14.975078724354018,-0.06660738212758588,-0.1419537521210259,False
421,1787908965.5209029,6625.39947559,42.099103689193726,24000,24000,4563,888,1.9373997751925442,0.11511662336618644,1.814350026845932,2.1051999926567078,-0.01526692509651184,0.021275602281093597,0.022053768781793104,0.3399488925933838,-3788.921553101049,-3789.1689981153045,-14.975078724354018,-0.345643355237371,-0.6625931939211114,False
422,1787908965.621615,6625.49932715,42.19981575012207,24000,24000,4703,913,1.9394709738818081,0.12887235070000402,1.8146000385284424,2.1533999443054195,-0.014478468336164951,0.019326744601130486,0.021853753223882985,0.31343045830726624,-3797.589883834367,-3798.113365975001,-14.958753165607474,0.0495869495093757,-0.2880421163408755,False
423,1787908965.7220917,6625.59996775,42.30029249191284,24000,24000,4507,943,1.9406468720350134,0.14137778108061225,1.8030999779701233,2.196700024604797,-0.01733069308102131,0.014298603869974613,0.022382789688196257,0.2921523153781891,-3806.8717556782844,-3807.0504985994075,-14.958753165607474,-0.18990135332978753,-0.32464386157789704,False
424,1787908965.8219116,6625.69981737,42.40011239051819,24000,24000,4500,902,1.9397305999521142,0.13432876507983024,1.8009999990463257,2.113700079917907,-0.015168828889727592,0.016246259212493896,0.022253683171297403,0.2916237413883209,-3815.270015465773,-3815.980395988523,-14.968607129726733,0.39510993400062944,0.3018505824265958,False
