frame,bag_stamp_s,header_stamp_s,angle_deg,angle_unwrapped_deg,relative_angle_deg,smoothed_angle_unwrapped_deg,batch_angle_unwrapped_deg,raw_residual_deg,heldout_residual_deg,photometric_proxy_sigma_deg,photometric_residual,status
0,1787909273.9746873,1787909273.9720478,145.05318233852267,145.05318233852267,0.0,145.19975296361204,146.679462652138,-1.6262803136153423,-1.6811140261658688,0.15913353582715045,0.010226364118747472,registered
1,1787909273.9809215,1787909273.9800632,147.6884563550795,147.6884563550795,2.6352740165568234,147.52089571291296,147.40082027389346,0.28763608118604067,0.2227235916952306,0.09567860329626973,0.006998180252754355,registered
2,1787909274.0091875,1787909274.0085783,149.98192114643368,149.98192114643368,4.928738807911014,149.89780785729968,149.96708021379567,0.014840932638021886,0.0014186518003231896,0.1176000992924707,0.009007884244608418,registered
3,1787909274.0376282,1787909274.036945,152.2821868695054,152.2821868695054,7.229004530982726,152.3304893967722,152.51999399703848,-0.23780712753308908,-0.21080565863538947,0.14894563840288813,0.010929912527420288,registered
4,1787909274.0666554,1787909274.0660057,154.8329761937342,154.8329761937342,9.779793855211514,154.81894033133057,155.13534719487748,-0.3023710011432872,-0.27690945035361736,0.16117926939785068,0.011310625062412013,registered
5,1787909274.0948007,1787909274.0941255,157.32546058744418,157.32546058744418,12.272278248921522,157.36316066097515,157.6660316882503,-0.3405711008061303,-0.3678910850173409,0.1551469958547749,0.01236548700401229,registered
6,1787909274.1234486,1787909274.1226661,159.9266031131795,159.9266031131795,14.873420774656832,159.96968010133173,160.23458751040744,-0.3079843972279388,-0.3030193739183229,0.15282327060834583,0.014519575524139029,registered
7,1787909274.1527286,1787909274.1519825,162.4648822221653,162.4648822221653,17.41169988364263,162.6472443899013,162.87296390132605,-0.4080816791607411,-0.4202360969906227,0.19138764168205108,0.01928446642031099,registered
8,1787909274.1804006,1787909274.1797266,165.40094229275908,165.40094229275908,20.34775995423642,165.37580273838793,165.36983240933685,0.031109883422242746,0.004309835462834144,0.21168464483579144,0.021891395791106875,registered
9,1787909274.2093108,1787909274.2086813,168.29215536832035,168.29215536832035,23.238973029797677,168.11426989508215,167.97565876866014,0.31649659966021915,0.3290302094008517,0.1685896237373427,0.017862125547085453,registered
10,1787909274.2381048,1787909274.237256,170.81331751329668,170.81331751329668,25.760135174774003,170.7954721105313,170.5472829194383,0.26603459385837525,0.2574900793329853,0.1370532825540076,0.012638741805777905,registered
11,1787909274.2673104,1787909274.2659678,173.35132952211518,173.35132952211518,28.29814718359251,173.38190919786342,173.13124475523117,0.2200847668840069,0.22416760129254953,0.14370305013730886,0.011215363147591343,registered
12,1787909274.2948754,1787909274.2942717,176.07292774761677,176.07292774761677,31.019745409094114,175.93405627788292,175.67849393178898,0.3944338158278029,0.3982208434537782,0.11902245190511278,0.009135845594745513,registered
13,1787909274.3235738,1787909274.3228292,178.46898175293282,178.46898175293282,33.415799414410145,178.36985104889976,178.24857318983487,0.2204085630979371,0.22599770845035394,0.10496177085301267,0.008565151059162718,registered
14,1787909274.3522851,1787909274.3515344,180.62329646718146,180.62329646718146,35.5701141286588,180.7771604149096,180.83193423400965,-0.20863776682817559,-0.22505873097362183,0.0976663856722062,0.008254406079146194,registered
15,1787909274.3808286,1787909274.3798883,183.14444491188314,183.14444491188314,38.091262573360474,183.2311103182267,183.38368934770327,-0.2392444358201189,-0.2139091509958959,0.11388561154520518,0.008903070569023463,registered
16,1787909274.4091454,1787909274.408444,185.84958562326747,185.84958562326747,40.796403284744805,185.7077993771922,185.95359695100112,-0.10401132773364452,-0.10513693733967955,0.1583186712336279,0.010804088281735678,registered
17,1787909274.4377398,1787909274.4370866,188.12617615718344,188.12617615718344,43.07299381866078,188.27366390986174,188.5313363021779,-0.40516014499444,-0.4056035848128303,0.1917610103213778,0.01403973869490942,registered
18,1787909274.4661162,1787909274.4654791,190.84064847836743,190.84064847836743,45.78746613984475,190.94446470895082,191.0865674245191,-0.24591894615169707,-0.2765329770600147,0.21000841372915427,0.018318325762966988,registered
19,1787909274.4946618,1787909274.4940667,193.6564216825916,193.6564216825916,48.60323934406893,193.70034164746,193.6593502448465,-0.0029285622548940182,-0.03337816001513261,0.2566635726954035,0.022456292761297986,registered
20,1787909274.5232522,1787909274.5227616,196.40235962059165,196.40235962059165,51.349177282068986,196.42178557178534,196.2417886447506,0.16057097584105406,0.11910628288865865,0.2272201348513663,0.021351035885338446,registered
21,1787909274.5518174,1787909274.551171,199.30163981613498,199.30163981613498,54.248457477612305,199.1201893829205,198.7985432029806,0.5030966131543693,0.49996584947959377,0.180593324327563,0.016275765136708517,registered
22,1787909274.5809133,1787909274.5800326,201.81962175789968,201.81962175789968,56.76643941937701,201.76124222902462,201.3959799364939,0.42364182140578777,0.41537292686883376,0.19038488899955364,0.014620407675396557,registered
23,1787909274.6095445,1787909274.6088374,204.4304289932051,204.4304289932051,59.37724665468245,204.28205560138264,203.98830994125325,0.4421190519518632,0.45623914914607866,0.15899517658270335,0.012326309072740339,registered
24,1787909274.6378732,1787909274.6370652,206.72464618224214,206.72464618224214,61.67146384371948,206.73918120699074,206.52871438473335,0.1959317975087984,0.1980464383084808,0.13360242232282044,0.010143055397129121,registered
25,1787909274.6661475,1787909274.665556,209.1488473380934,209.1488473380934,64.09566499957072,209.17382866305246,209.09278572659815,0.05606161149521682,0.008289925033245993,0.12900070337634253,0.008988630227392987,registered
26,1787909274.6947963,1787909274.6940944,211.43574791314768,211.43574791314768,66.38256557462499,211.61894732711107,211.66114843716375,-0.2254005240160808,-0.2197761102267748,0.1692530985981734,0.009608391765318322,registered
27,1787909274.723595,1787909274.7229242,214.08354620436222,214.08354620436222,69.03036386583953,214.1479136502648,214.25573141049102,-0.17218520612881605,-0.26375924481087054,0.21712438105821275,0.009453930397248997,registered
28,1787909274.7520034,1787909274.7512941,216.73282070172016,216.73282070172016,71.67963836319748,216.75653272107047,216.8089241326994,-0.07610343097923078,-0.11579997423950772,0.22794580160822328,0.011538245978933189,registered
29,1787909274.7986095,1787909274.797738,219.39439218837555,219.39439218837555,74.34120984985287,219.40554009654446,220.9887172472465,-1.5943250588709645,-1.6795986153635454,0.25743620938275685,0.01428743438187276,registered
30,1787909274.8090105,1787909274.8084,222.10275331134815,222.10275331134815,77.04957097282548,222.04712372394172,221.94824583189452,0.15450747945362764,0.07654144434559385,0.25502571911935745,0.013274970740968395,registered
31,1787909274.8496757,1787909274.8453016,224.77983077031593,224.77983077031593,79.72664843179324,224.6623287858552,225.26927169888765,-0.4894409285717387,-0.5728570625533109,0.3044229974583185,0.01199667097254145,registered
32,1787909274.8662653,1787909274.8655267,227.37265220848468,227.37265220848468,82.31946986996202,227.214471802771,227.089455733318,0.2831964751666902,0.22929942123211333,0.26999327470710266,0.009466898254562026,registered
33,1787909274.8949447,1787909274.8941476,229.64483314237475,229.64483314237475,84.59165080385209,229.7549773984103,229.66524251173593,-0.0204093693611469,-0.0018343425715556805,0.18132542775457822,0.007267111349110024,registered
34,1787909274.9236515,1787909274.922936,232.20863607816625,232.20863607816625,87.15545373964359,232.28238622142732,232.2560919942935,-0.04745591612724809,-0.06302282475301979,0.12023848465903807,0.005356629057893281,registered
35,1787909274.952098,1787909274.951519,234.73141581889962,234.73141581889962,89.67823348037695,234.84580203695822,234.82846713459432,-0.09705131569469927,-0.1227633824019847,0.11169126468306895,0.00516312848474148,registered
36,1787909274.9809706,1787909274.9801338,237.3882870157027,237.3882870157027,92.33510467718004,237.41103993518826,237.40369603508114,-0.015409019378424205,-0.018520668792078254,0.08658132380759036,0.003824233843664816,registered
37,1787909275.0090075,1787909275.0084171,240.0536982813627,240.0536982813627,95.00051594284004,239.96842565454244,239.9490999230976,0.10459835826509334,0.12716830029839343,0.13429312642615757,0.005607605265733776,registered
38,1787909275.0382512,1787909275.037707,242.6351699956707,242.6351699956707,97.58198765714805,242.5866619957783,242.58509460438728,0.050075391283428417,0.046852203954131255,0.10919541350095228,0.0047678570090390745,registered
39,1787909275.066189,1787909275.065609,245.29591973434069,245.29591973434069,100.24273739581801,245.15507032590392,245.09616754279762,0.19975219154305535,0.20428576519488217,0.08952994784593425,0.004143360797020726,registered
40,1787909275.0949657,1787909275.0942864,247.58094317962195,247.58094317962195,102.52776084109927,247.69905158391768,247.67703959312595,-0.09609641350401432,-0.08177375970159062,0.12427213127220813,0.006035930563583297,registered
41,1787909275.1233642,1787909275.12284,250.1193109182205,250.1193109182205,105.0661285796978,250.24015286572683,250.24675408483228,-0.12744316661181188,-0.1241093929562993,0.06934285366775834,0.0034059487147466076,registered
42,1787909275.1525285,1787909275.1518521,252.92734410428918,252.92734410428918,107.8741617657665,252.79357246905022,252.85775154343997,0.06959256084918763,0.033733325839946815,0.12104463877442051,0.005812455311417747,registered
43,1787909275.1806762,1787909275.1799788,255.26496486590275,255.26496486590275,110.2117825273801,255.33114590219438,255.38905828527444,-0.1240934193716754,-0.12997688400227503,0.08261320538179873,0.004102147855663466,registered
44,1787909275.2091393,1787909275.2084477,257.8957534630157,257.8957534630157,112.84257112449302,257.90596843613747,257.9511555975369,-0.05540213452121634,-0.06379975167317298,0.10228220622751072,0.005488184514160749,registered
45,1787909275.2377768,1787909275.2371628,260.60417318072547,260.60417318072547,115.55099084220278,260.56194846344204,260.53541782913885,0.06875535158660284,0.09760145234969286,0.09126629699777007,0.004989542288996314,registered
46,1787909275.2664595,1787909275.2658195,263.11926123239346,263.11926123239346,118.06607889387078,263.1557320048045,263.11442313408236,0.004838098311125805,0.018238355533071626,0.10160289916013626,0.005140738682121829,registered
47,1787909275.2952232,1787909275.2945867,265.6034194848419,265.6034194848419,120.55023714631922,265.68451944662,265.70336295756806,-0.09994347272619564,-0.10760987775577746,0.09210190677059252,0.004717894830694443,registered
48,1787909275.329804,1787909275.3288715,268.46160574339814,268.46160574339814,123.40842340487545,268.3005827263281,268.7888785102631,-0.3272727668649935,-0.3516869014959667,0.08314917916360384,0.004705574758538359,registered
49,1787909275.3523774,1787909275.3517325,271.0226369683138,271.0226369683138,125.96945462979114,270.9071082635019,270.8462894064719,0.17634756184195055,0.18112349570010622,0.0971937037564087,0.005503011910804454,registered
50,1787909275.3807082,1787909275.3800259,273.23201796374184,273.23201796374184,128.17883562521916,273.44929989879955,273.3925944819155,-0.16057651817369845,-0.16439964508009552,0.08385147676368512,0.004546496526156034,registered
51,1787909275.4096167,1787909275.4089549,275.88039819539694,275.88039819539694,130.82721585687426,276.0210440287746,275.9961035021404,-0.11570530674342194,-0.09463812449681086,0.06297260862782249,0.0035134830402455634,registered
52,1787909275.4379883,1787909275.4372206,278.87872334378164,278.87872334378164,133.82554100525894,278.6386273814585,278.53991958373757,0.3388037600440441,0.36752431658109685,0.08848663100757669,0.005296691881705239,registered
53,1787909275.46646,1787909275.465838,281.21423957790245,281.21423957790245,136.16105723937977,281.1980206135318,281.1153845095029,0.09885506839952996,0.13717621413104553,0.08047095333113977,0.004741619871565592,registered
54,1787909275.494925,1787909275.4942396,283.51508244402726,283.51508244402726,138.46190010550458,283.6849482348827,283.6714309918973,-0.1563485478700386,-0.21028312262802729,0.12218108255367494,0.006978348407291673,registered
55,1787909275.5233548,1787909275.5227714,286.4492627860525,286.4492627860525,141.3960804475298,286.28513861444145,286.2391929108448,0.2100698752076937,0.16813005895909328,0.07602421316345072,0.004430368782979291,registered
56,1787909275.5525563,1787909275.5518546,289.03136996905243,289.03136996905243,143.97818763052973,288.8819976553858,288.85658450881664,0.1747854602357677,0.14380627001258972,0.12007833260802223,0.007131418086633659,registered
57,1787909275.5809236,1787909275.5801034,291.11700003317526,291.11700003317526,146.06381769465256,291.3854646737108,291.39887715452505,-0.28187712134982235,-0.2952273227689375,0.110174763342847,0.006502370586926597,registered
58,1787909275.6095874,1787909275.6089354,293.61585467829184,293.61585467829184,148.5626723397692,293.957958916646,293.99365323944386,-0.37779856115199095,-0.4071027046518054,0.11763257393184441,0.006648676077101573,registered
59,1787909275.6383047,1787909275.6375537,297.06198963577936,297.06198963577936,152.00880729725665,296.5652442166303,296.5692039925832,0.4927856431961004,0.49334154067696545,0.1041310478176748,0.005822883071832758,registered
60,1787909275.6663733,1787909275.6657386,299.2307704162175,299.2307704162175,154.17758807769488,299.09587172725895,299.1057462042327,0.12502421198490765,0.13419850559327529,0.08787798963398577,0.005286219902001004,registered
61,1787909275.6948972,1787909275.694271,301.29057959856584,301.29057959856584,156.23739726004317,301.6150238630827,301.6735724937106,-0.3829928951447812,-0.3782000823834437,0.138868710105603,0.008722255786815052,registered
62,1787909275.7238746,1787909275.7228954,304.2616334299222,304.2616334299222,159.20845109139952,304.1770413888924,304.2496596679376,0.011973761984620523,0.019427492883664854,0.11464687033424266,0.007185084354926936,registered
63,1787909275.7520912,1787909275.7513583,306.88334424686934,306.88334424686934,161.83016190834667,306.699263664092,306.8112205591125,0.0721236877568856,0.06542681469358058,0.18071191544612616,0.010988101977253487,registered
64,1787909275.7810428,1787909275.780294,309.044707112374,309.044707112374,163.99152477385135,309.15711032496426,309.4153303709554,-0.37062325858141776,-0.33083201306288856,0.14150455405338455,0.009070953864529217,registered
65,1787909275.8092217,1787909275.8086636,311.5860686932873,311.5860686932873,166.53288635476463,311.8112900582244,311.9685016363203,-0.38243294303299535,-0.3598122466321172,0.14893890735687057,0.010835756893529277,registered
66,1787909275.8379347,1787909275.8373408,314.5519257341758,314.5519257341758,169.49874339565318,314.5137622542553,314.5493522298051,0.0025735043707300065,0.016621491370841568,0.20096639318112697,0.01628530826299586,registered
67,1787909275.8665435,1787909275.8658416,317.18791002541184,317.18791002541184,172.13472768688916,317.15951038223784,317.1143247590971,0.07358526631475115,0.09024901744555791,0.18235207802604644,0.015124511909210757,registered
68,1787909275.8954315,1787909275.8948526,319.70477285879423,319.70477285879423,174.65159052027155,319.732919695426,319.7252149334873,-0.020442074693050927,-0.023555577994216037,0.16692037356955833,0.014348786505041984,registered
69,1787909275.9234645,1787909275.9228892,322.6496299702777,322.6496299702777,177.59644763175504,322.41748172587734,322.2484109884773,0.4012189818004117,0.37488887248491665,0.14740799370617494,0.012930437061876836,registered
70,1787909275.9521253,1787909275.951463,325.13406695726565,325.13406695726565,180.080884618743,325.0384312562019,324.8199493118815,0.31411764538421494,0.3163034245689289,0.1295983924847815,0.010786601882556271,registered
71,1787909275.980549,1787909275.9799874,327.4165838094071,327.4165838094071,182.3634014708844,327.56103372150176,327.3870460686803,0.029537740726766515,0.05510888980208506,0.137654463795706,0.010962879844223906,registered
72,1787909276.0093799,1787909276.0086353,329.6462926658596,329.6462926658596,184.59311032733694,330.0684933324537,329.96525747041414,-0.31896480455452547,-0.33609070047970135,0.12335630189112488,0.008766261220494512,registered
73,1787909276.0382164,1787909276.0374491,333.042344602169,333.042344602169,187.9891622636463,332.54050082084984,332.5584028352267,0.4839417669423085,0.49998846093455995,0.15529011492459474,0.010378435040625938,registered
74,1787909276.0663717,1787909276.065852,335.1016083144577,335.1016083144577,190.048425975935,335.01527948713,335.11455660183856,-0.012948287380908141,0.006442037527051525,0.1124605373658511,0.008383625133613883,registered
75,1787909276.0949783,1787909276.0941925,337.3929157242786,337.3929157242786,192.33973338575595,337.5342030932977,337.665110132296,-0.2721944080173557,-0.26983631195003,0.1370823752454745,0.011403557643271063,registered
76,1787909276.1234617,1787909276.1227868,339.98688398040827,339.98688398040827,194.93370164188562,340.12132724229855,340.23849374424145,-0.2516097638331587,-0.24404964754677394,0.09647856453180588,0.00919104626084091,registered
77,1787909276.1520398,1787909276.1513119,342.61889303219635,342.61889303219635,197.56571069367368,342.74307904774776,342.8056548715708,-0.18676183937446922,-0.17867964700178618,0.14646669705770402,0.015175851077309146,registered
78,1787909276.180929,1787909276.1801615,345.41499147175546,345.41499147175546,200.36180913323278,345.31585901180244,345.40201876290894,0.01297270884654722,0.04144366733640936,0.12869590288149926,0.013518670323101365,registered
79,1787909276.2096214,1787909276.2090201,347.9126423328954,347.9126423328954,202.8594599943727,347.98825886920474,347.9991980143002,-0.08655568140477499,-0.0726334688925192,0.13419545199245372,0.014130130869481422,registered
80,1787909276.237973,1787909276.2373185,350.8246735791853,350.8246735791853,205.7714912406626,350.68565018885295,350.54595368345736,0.2787198957279031,0.24581339131981395,0.12594983713745836,0.013058694592489916,registered
81,1787909276.2665305,1787909276.2658622,353.40782534202503,353.40782534202503,208.35464300350236,353.28361053982525,353.1147884445801,0.29303689744497774,0.31220849221705294,0.11793542578578388,0.01165085423135951,registered
82,1787909276.2955716,1787909276.2945697,355.7689724765552,355.7689724765552,210.71579013803253,355.81786989143785,355.69836405718985,0.07060841936535667,0.09070358279132051,0.1353871047654682,0.012763071269335473,registered
83,1787909276.3238397,1787909276.3230095,358.21168321004086,358.21168321004086,213.1585008715182,358.32658099701484,358.2578436345449,-0.046160424503966624,0.005943004609093805,0.09532267183376986,0.0077058689459560585,registered
84,1787909276.3521478,1787909276.3515944,1.0355200009548753,361.0355200009549,215.9823376624322,360.79823972689746,360.83039042959365,0.2051295713611978,0.16305061824007794,0.1469401588564809,0.009940234558830743,registered
85,1787909276.381012,1787909276.380316,3.096301085373625,363.0963010853736,218.04311874685095,363.2684360043703,363.4152319959702,-0.31893091059657763,-0.31961134357848664,0.12319408221536308,0.008730919079262016,registered
86,1787909276.4094427,1787909276.4088259,5.744547043420539,365.74454704342054,220.69136470489786,365.76759718530985,365.98101988531533,-0.23647284189479478,-0.29572682487020074,0.1499458329260727,0.010666323015857014,registered
87,1787909276.438032,1787909276.4374297,8.403156951988535,368.40315695198854,223.34997461346586,368.3721093134652,368.55526177100097,-0.1521048190124361,-0.08668195224132091,0.14203825820247232,0.010486028986490276,registered
88,1787909276.4668634,1787909276.4659338,10.834634931985875,370.8346349319859,225.7814525934632,371.01260438644533,371.120534696102,-0.28589976411612383,-0.2889936245364879,0.1592516802413987,0.0126346228690366,registered
89,1787909276.4959888,1787909276.495068,13.716162180346373,373.7161621803464,228.66297984182367,373.64227805084386,373.74251805858364,-0.026355878237325214,-0.032116343073766984,0.14412003443119004,0.011332946420126298,registered
90,1787909276.5235143,1787909276.5228875,16.231881068274674,376.2318810682747,231.17869872975197,376.3358988085927,376.24616692914174,-0.014285860867062183,-0.044143721050829754,0.17423436710964013,0.013961718484429208,registered
91,1787909276.5521553,1787909276.551554,19.225328517941875,379.2253285179419,234.17214617941917,378.9767245688928,378.82605196466886,0.3992765532730118,0.3639983069593029,0.1435577099114637,0.011291333987374877,registered
92,1787909276.5812063,1787909276.580354,21.610362998935216,381.6103629989352,236.55718066041254,381.5601547249713,381.41795283255817,0.19241016637707276,0.20276562660157538,0.12458101971262965,0.009210444531539878,registered
93,1787909276.6099815,1787909276.6090822,24.017100776908478,384.0171007769085,238.96391843838578,384.10691688501527,384.00339519055274,0.013705586355683863,-0.01656190081050113,0.11269061097958508,0.007972544488252102,registered
94,1787909276.6383536,1787909276.6374443,26.625331396560682,386.6253313965607,241.572149058038,386.5627252367741,386.55587983692556,0.06945155963515504,0.10682966442482211,0.105362565157201,0.0060624884138432865,registered
95,1787909276.6667058,1787909276.665927,29.13000858439716,389.13000858439716,244.0768262458745,389.0791173017684,389.1192216461112,0.010786938285974657,0.027157885295963524,0.12358469383471671,0.005877805938838775,registered
96,1787909276.6952946,1787909276.6945796,31.433787734968973,391.433787734969,246.38060539644633,391.5839873179734,391.6978621847151,-0.2640744497461185,-0.26660356127118234,0.15563150389897165,0.008195119958732485,registered
97,1787909276.7237813,1787909276.7230115,34.073925503161604,394.0739255031616,249.02074316463893,394.1543712311997,394.2566336862345,-0.18270818307289005,-0.18885461686028293,0.0960453700341393,0.005346833463957258,registered
98,1787909276.7525966,1787909276.7516263,36.70346038054532,396.7034603805453,251.65027804202265,396.819201264199,396.8318625867213,-0.1284022061759913,-0.1110189554350427,0.13543089212081333,0.007912403792656357,registered
99,1787909276.7812693,1787909276.7801862,39.623676838411825,399.6236768384118,254.57049449988915,399.4223300565285,399.40215641320225,0.22152042520957593,0.22089634808739333,0.16278137442986904,0.010176748831980503,registered
100,1787909276.8099132,1787909276.8090563,42.054939454804185,402.0549394548042,257.0017571162815,402.044071177737,402.00036559308165,0.05457386172250267,0.04709486088214021,0.1710147184992389,0.011114847166535234,registered
101,1787909276.8380618,1787909276.8373518,44.66565987470068,404.6656598747007,259.612477536178,404.7019520978067,404.54686378011684,0.11879609458384266,0.12763952051403749,0.16019014278844032,0.008888519893083948,registered
102,1787909276.8665009,1787909276.8658612,47.499748412141685,407.4997484121417,262.446566073619,407.2737741500862,407.11260875577494,0.38713965636674175,0.38322418786600565,0.1495048478629113,0.006403835947679569,registered
103,1787909276.8950818,1787909276.8943455,49.50030296733644,409.50030296733644,264.44712062881376,409.77038478499117,409.6761007628652,-0.17579779552875152,-0.1736205555170045,0.15717230601269236,0.007700588862065206,registered
104,1787909276.9238343,1787909276.923058,52.36947460479479,412.3694746047948,267.3162922662721,412.2722358108469,412.26012696918855,0.10934763560624106,0.0834072352394628,0.08940322351852177,0.0050282304396909675,registered
105,1787909276.9522893,1787909276.9516282,54.975663098535165,414.97566309853516,269.9224807600125,414.8716233353923,414.83134343994016,0.14431965859500906,0.13974778724508496,0.10726012786031816,0.00566821777595831,registered
106,1787909276.9811099,1787909276.9804304,57.20260401725591,417.2026040172559,272.14942167873323,417.3874067477909,417.42343741942096,-0.22083340216505576,-0.21972024375145338,0.08410127806464025,0.004524043971349985,registered
107,1787909277.0094247,1787909277.0088613,59.80883793971287,419.8088379397129,274.7556556011902,419.9305253433867,419.9821230935663,-0.1732851538534419,-0.15932106842444682,0.07092957364625403,0.004404210798297479,registered
108,1787909277.038003,1787909277.0372663,62.755496721732186,422.7554967217322,277.7023143832095,422.5771674040832,422.53846997176976,0.21702674996242877,0.2183080905236352,0.08837923504745972,0.005197520682102835,registered
109,1787909277.066438,1787909277.0658762,65.2849168715498,425.2849168715498,280.2317345330271,425.10999363527026,425.1132697353865,0.17164713616330118,0.16555458801167333,0.09443876647004606,0.0050429893090390265,registered
110,1787909277.0949855,1787909277.0944295,67.39169688775729,427.3916968877573,282.3385145492346,427.65607147636194,427.68296277024933,-0.29126588249204133,-0.2991851425315417,0.08733723804155086,0.005253675320574681,registered
111,1787909277.1239054,1787909277.1232593,70.38789712772427,430.3878971277243,285.3347147892016,430.2738769156598,430.2775457435766,0.11035138414769108,0.0628527751973138,0.09407625647374109,0.006507406223414922,registered
112,1787909277.1520941,1787909277.1515326,72.93739133399163,432.9373913339916,287.88420899546895,432.85055533855063,432.82204844416594,0.11534288982568341,0.07840937227172162,0.09586043287163203,0.006159580311375473,registered
113,1787909277.1808414,1787909277.1802087,75.1740026404272,435.1740026404272,290.12082030190453,435.3913667299439,435.40279175343323,-0.22878911300603022,-0.2709416356403267,0.11379187340328176,0.0070213171594657765,registered
114,1787909277.2094026,1787909277.2088456,77.95319489502089,437.9531948950209,292.9000125564982,437.9782616436884,437.9800161403659,-0.02682124534499053,-0.00885322827929258,0.08908319031637854,0.00611127538495521,registered
115,1787909277.238137,1787909277.2373745,80.81264765625053,440.81264765625053,295.75946531772786,440.61560778205376,440.54752057719134,0.26512707905919797,0.22945533383807515,0.11127764043832172,0.00722571409201641,registered
116,1787909277.2669113,1787909277.2661698,83.16168226063513,443.16168226063513,298.10849992211246,443.1629523796146,443.13899230821056,0.022689952424570947,-0.048057119710392726,0.08286821948863732,0.004764402236640264,registered
117,1787909277.2953162,1787909277.2946992,85.63794406274639,445.6379440627464,300.5847617242237,445.7066084669617,445.706539658723,-0.06859559597660336,-0.08859424539906513,0.12168012293244326,0.007417348628639612,registered
118,1787909277.3237717,1787909277.3230696,88.2970358372092,448.2970358372092,303.2438534986865,448.3063937957622,448.25977529461835,0.037260542590843215,0.04839278147403547,0.08902273053483635,0.005908896520424102,registered
119,1787909277.352291,1787909277.3517182,90.97092786096891,450.9709278609689,305.91774552244624,450.87852716896623,450.8380510668827,0.1328767940862008,0.14610360644616094,0.1217150009779355,0.0074908576078778375,registered
120,1787909277.3811672,1787909277.3803868,93.28741774921463,453.2874177492146,308.23423541069195,453.391130938504,453.4181292140014,-0.13071146478677065,-0.095395904987015,0.09597251139010828,0.005677819345884763,registered
121,1787909277.4096708,1787909277.408962,95.83429729095235,455.83429729095235,310.7811149524297,455.9384459468233,455.9897962784666,-0.15549898751424962,-0.14216153658748,0.13898192334911413,0.008790361055501895,registered
122,1787909277.4383733,1787909277.4376628,98.80990521862759,458.8099052186276,313.7567228801049,458.5583458766131,458.5727710994583,0.23713411916929772,0.2479702722847037,0.13427012195862606,0.008278192102216565,registered
123,1787909277.4667072,1787909277.4661608,101.17210491795362,461.1721049179536,316.11892257943094,461.15902704613677,461.1374861466282,0.03461877132542668,0.0028322290806954697,0.11947629690856433,0.00670089252562981,registered
124,1787909277.495465,1787909277.494855,103.40279957888254,463.40279957888254,318.34961724035986,463.7212300618245,463.7198601760018,-0.3170605971192799,-0.27239448965184465,0.13251589300824368,0.007233716796063164,registered
125,1787909277.5238163,1787909277.5231678,106.3686119099458,466.3686119099458,321.3154295714231,466.3426708846824,466.26792471261274,0.10068719733305898,0.03402321716879442,0.10087978963296697,0.005509490354989262,registered
126,1787909277.552228,1787909277.5516462,109.29818720644266,469.29818720644266,324.24500486792,468.9858731846326,468.8308802986154,0.4673069078272647,0.5053996434226633,0.13513730433643859,0.0069013741978880576,registered
127,1787909277.5868804,1787909277.5860674,111.41790932312432,471.4179093231243,326.36472698460165,471.52613814287855,471.9286691657946,-0.510759842670268,-0.5440823366504333,0.11894043256838364,0.0060413454443748495,registered
128,1787909277.6100433,1787909277.6092122,113.93154264791207,473.93154264791207,328.8783603093894,474.119890300731,474.0116137057729,-0.08007105786083457,-0.09691238944782299,0.11500645401684614,0.0057803581017616,registered
129,1787909277.638353,1787909277.6377656,116.90095523529101,476.900955235291,331.84777289676833,476.7565879437359,476.58132819747925,0.31962703781175605,0.3079632825153453,0.1403058623555295,0.0063338639565440865,registered
130,1787909277.6665604,1787909277.666003,119.39690174863665,479.39690174863665,334.343719410114,479.24337401300045,479.12259091469946,0.2743108339371929,0.2813995352202028,0.15388042971603522,0.006864796687567864,registered
131,1787909277.6958497,1787909277.6949935,121.43826859353226,481.43826859353226,336.3850862550096,481.72782053037196,481.73163580054836,-0.29336720701610375,-0.23713767946816233,0.17452644354223698,0.008170021802577794,registered
132,1787909277.7237208,1787909277.723086,124.38615942762601,484.386159427626,339.33297708910334,484.2575110071052,484.25987421376175,0.12628521386426428,0.12631171877359293,0.200963567640909,0.009151360919349788,registered
133,1787909277.7521484,1787909277.7515128,127.01743648955085,487.01743648955085,341.9642541510282,486.7314282219994,486.81817366472404,0.19926282482680335,0.24802320659870247,0.24160045093393503,0.010501252834529398,registered
134,1787909277.7810085,1787909277.7803798,128.9544248970269,488.9544248970269,343.90124255850424,489.19205615162605,489.4161039056379,-0.4616790086109859,-0.4285842681984491,0.2795947038320425,0.012576492462063566,registered
135,1787909277.809557,1787909277.8088589,131.7081040226737,491.7081040226737,346.654921684151,491.78030259271475,491.97912386217104,-0.27101983949734176,-0.2712390699406342,0.24285062097184745,0.0135346156096071,registered
136,1787909277.8379657,1787909277.8373716,134.31386160480923,494.31386160480923,349.26067926628656,494.41022416816156,494.5451692336382,-0.23130762882897216,-0.22084551995675383,0.24418788525826024,0.01626654505882576,registered
137,1787909277.8666437,1787909277.8660226,137.01053451481738,497.0105345148174,351.9573521762947,497.044738993775,497.1236595743376,-0.11312505952020047,-0.10997481524850627,0.2909628957201454,0.021018933020670733,registered
138,1787909277.8956497,1787909277.8947456,139.76164983610312,499.7616498361031,354.70846749758044,499.74541258905117,499.70862988177515,0.053019954327965024,0.07174093077935595,0.23472185915991603,0.01726811374938964,registered
139,1787909277.9238627,1787909277.9231908,142.57051371146935,502.57051371146935,357.51733137294667,502.45701996502936,502.26860296653075,0.3019107449385956,0.3028416294731642,0.2325439033788236,0.015112830716473428,registered
140,1787909277.95254,1787909277.951786,145.02865823882712,505.0286582388271,359.97547590030445,505.0303796474491,504.8420724058502,0.18658583297690257,0.22122447986663474,0.1585967263996592,0.01018201221561822,registered
141,1787909277.9811387,1787909277.9803138,147.792994636066,507.792994636066,362.7398122975433,507.55549105142904,507.40946955845817,0.3835250776078283,0.3805677392557527,0.10409775436605226,0.007645394049411527,registered
142,1787909278.0095294,1787909278.008821,149.99888685822248,509.9988868582225,364.9457045196998,510.0152535964577,509.9750214225247,0.023865435697757675,0.05145639107468014,0.11566403051327548,0.008859434043876986,registered
143,1787909278.0479445,1787909278.0469875,152.31797744688424,512.3179774468842,367.2647951083616,512.413214729777,513.4098758443057,-1.091898397421403,-1.127908561600293,0.17119695648803004,0.01254883675696459,registered
144,1787909278.0664833,1787909278.0659392,154.78277539820454,514.7827753982045,369.72959305968186,514.8362103642869,515.1154588775821,-0.33268347937752196,-0.33111671784968166,0.14156552453136967,0.00992804008524978,registered
145,1787909278.0955195,1787909278.094859,157.34338783688236,517.3433878368824,372.2902054983597,517.3722087109653,517.7181310809103,-0.37474324402791126,-0.3765284528897155,0.15035666254063138,0.01199998690344508,registered
146,1787909278.123848,1787909278.123119,159.88143148132679,519.8814314813268,374.8282491428041,519.9692725039813,520.2614536551068,-0.3800221737801053,-0.3634732030935197,0.15133774965455024,0.014347166528797063,registered
147,1787909278.152215,1787909278.1516578,162.50799641322328,522.5079964132233,377.45481407470066,522.6740532679996,522.829837822516,-0.32184140929263094,-0.3146688024681339,0.17826392172026037,0.017965457120246428,registered
148,1787909278.1809037,1787909278.180144,165.48422329393452,525.4842232939345,380.4310409554118,525.4153649249845,525.3935014843541,0.0907218095802591,0.08266482202014913,0.2235677246529596,0.023159747122237815,registered
149,1787909278.2098968,1787909278.2090225,168.32084610493803,528.320846104938,383.2676637664154,528.1639855992054,527.9924616537562,0.3283844511818188,0.3397599489879326,0.1720856933780494,0.018221223842076723,registered
150,1787909278.2383928,1787909278.2377808,170.8588686520361,530.8588686520361,385.8056863135134,530.837159271581,530.5806075740325,0.2782610780036521,0.26143234059685483,0.13897162561503887,0.012769394416639386,registered
151,1787909278.2666833,1787909278.2660658,173.4402475936496,533.4402475936496,388.3870652551269,533.4140844753352,533.1261616599534,0.31408593369616256,0.2957964238597697,0.14305067950023684,0.011129779584127237,registered
152,1787909278.2953598,1787909278.2948253,176.04684468312803,536.046844683128,390.9936623446053,535.9482425577072,535.714414864447,0.3324298186809074,0.3317167038042612,0.11373456936811922,0.00872648209918133,registered
153,1787909278.324048,1787909278.3232777,178.44742090715658,538.4474209071566,393.39423856863397,538.3730751151849,538.2750316545078,0.17238925264888394,0.17496601553500568,0.10331093383466185,0.008425114024964852,registered
154,1787909278.352725,1787909278.351874,180.61765435593964,540.6176543559396,395.56447201741696,540.7799621959366,540.8486083780448,-0.23095402210515203,-0.24681831071728766,0.09505540166351042,0.008033885211415388,registered
155,1787909278.3810928,1787909278.3804297,183.14004767018469,543.1400476701847,398.08686533166207,543.2349719949482,543.4185159813426,-0.2784683111578943,-0.27033826533551064,0.0940129978193816,0.007351260435135375,registered
156,1787909278.4104846,1787909278.4098449,185.89482277562195,545.894822775622,400.8416404370993,545.7214606194076,546.0657755054718,-0.17095272984988696,-0.17052993580904285,0.15076508629324675,0.010279062029167445,registered
157,1787909278.4381337,1787909278.437592,188.14500641711481,548.1450064171148,403.09182407859214,548.2976974858566,548.5629229524482,-0.4179165353333474,-0.3940184179554649,0.18159778380345343,0.013314240086897088,registered
158,1787909278.4668188,1787909278.4660885,190.87646071509357,550.8764607150936,405.82327837657084,550.9789035555982,551.1275092585571,-0.2510485434635825,-0.2516251883116638,0.20361148238603738,0.017779490809985914,registered
159,1787909278.4955173,1787909278.4948545,193.70857088258367,553.7085708825837,408.65538854406094,553.7354902407867,553.7163417978254,-0.007770915241735565,-0.021434400100019957,0.24965715642934044,0.021842700003171633,registered
160,1787909278.5239878,1787909278.5233347,196.43423204374494,556.4342320437449,411.3810497052222,556.4575718883032,556.279469038576,0.1547630051688884,0.12985107544437824,0.21346763894380433,0.0200791672179557,registered
161,1787909278.5523245,1787909278.551768,199.2920977905203,559.2920977905203,414.2389154519977,559.1588362772179,558.8383692811564,0.453728509363998,0.4484899836365912,0.17843611354372896,0.016091247480820584,registered
162,1787909278.5816088,1787909278.5808513,201.91078067569867,561.9107806756987,416.857598337176,561.8107675861731,561.4557608791282,0.4550197965704683,0.44747460395655025,0.19130509656464617,0.014652865463240686,registered
163,1787909278.6104498,1787909278.609767,204.4478838028199,564.4478838028199,419.39470146429727,564.3332202198756,564.0580683161169,0.3898154867030712,0.40156688198965185,0.14868818375498333,0.011529066720761151,registered
164,1787909278.6385522,1787909278.6378555,206.7860626562142,566.7860626562142,421.7328803176915,566.7824990272637,566.5859419629908,0.20012069322348225,0.205996841897786,0.13527424862994117,0.010254533508923505,registered
165,1787909278.6670094,1787909278.6662464,209.21937663206666,569.2193766320667,424.166194293544,569.2105862089733,569.1410228874274,0.07835374463923017,0.05049846479784037,0.1364453312830303,0.009471021467420746,registered
166,1787909278.6952238,1787909278.6946676,211.4680343892901,571.4680343892901,426.41485205076737,571.637189239231,571.6988288309892,-0.23079444169911767,-0.21778448306309883,0.16965833556008364,0.009591916733442937,registered
167,1787909278.7240646,1787909278.7233424,214.06413581598122,574.0641358159812,429.0109534774585,574.1489548375455,574.2794648560389,-0.21532904005778164,-0.229470314585285,0.20834990544572374,0.009073678060574889,registered
168,1787909278.7522564,1787909278.7517157,216.68995157670872,576.6899515767087,431.63676923818605,576.7440990642026,576.8329579740564,-0.14300639734761944,-0.14934970787459179,0.22256688266126098,0.011234654956893785,registered
169,1787909278.7811537,1787909278.78043,219.3816385894313,579.3816385894313,434.32845625090863,579.3961761270177,579.4171558351277,-0.03551724569643966,-3.334954840283899e-06,0.2607055847992936,0.014467344605891292,registered
170,1787909278.8095741,1787909278.8089237,222.0755565298732,582.0755565298732,437.0223741913506,582.0403449341457,581.9814846591146,0.09407187075862566,0.1193981296040647,0.25976091027353304,0.013545099420850828,registered
171,1787909278.8385072,1787909278.8376548,224.82837234376746,584.8283723437675,439.7751900052448,584.6690417337738,584.5671844992313,0.2611878445361526,0.27408620798246375,0.3165738619164345,0.012404708760826583,registered
172,1787909278.8668785,1787909278.8662257,227.36546608125718,587.3654660812572,442.31228374273445,587.2444363207585,587.1384653405134,0.22700074074373333,0.21152106377917335,0.23200915206476225,0.0081327664256315,registered
173,1787909278.8954191,1787909278.8947902,229.76335866483976,589.7633586648398,444.7101763263171,589.7957880720774,589.7091668470209,0.05419181781883253,0.09109835603300098,0.18174812060841447,0.007332469793039025,registered
174,1787909278.9240515,1787909278.9233687,232.19756674159999,592.1975667416,447.14438440307725,592.3320140353,592.2811343072951,-0.08356756569520485,-0.09144821873059072,0.10103419452228521,0.004499694492460008,registered
175,1787909278.9523437,1787909278.9518042,234.7884416605291,594.7884416605291,449.7352593220064,594.9026311030352,594.840227661467,-0.05178600093796604,-0.09682294845953265,0.11015170836124438,0.005091761787174182,registered
176,1787909278.9811091,1787909278.9804292,237.46199194351323,597.4619919435132,452.40880960499055,597.4542020504896,597.4163792062245,0.045612737288649896,0.0448033167245967,0.11538347648551352,0.0050851732106861275,registered
177,1787909279.0099146,1787909279.0091114,240.07656509407775,600.0765650940778,455.0233827555551,600.0157410306754,599.997680393423,0.07888470065478259,0.0785910131004357,0.1317368501536702,0.0055007974115687695,registered
178,1787909279.0382519,1787909279.0376475,242.70384641349528,602.7038464134953,457.65066407497267,602.6247825498865,602.5658285355535,0.1380178779418202,0.04606281869308759,0.11712990662712557,0.005123077786175522,registered
179,1787909279.0753057,1787909279.0745666,245.32467040098823,605.3246704009882,460.27148806246555,605.2034512155783,605.8884207521223,-0.5637503511341606,-0.668553381724621,0.09701926129912042,0.004492653597226401,registered
180,1787909279.095268,1787909279.094742,247.58353702491684,607.5835370249168,462.53035468639416,607.7377968474228,607.704141763104,-0.1206047381871258,-0.15632596402059562,0.12270761065249594,0.0059602149424943214,registered
181,1787909279.1242428,1787909279.123484,250.21432169106492,610.2143216910649,465.1611393525422,610.2889544172305,610.2908071611782,-0.07648547011342544,-0.08536557964936264,0.10328813060172176,0.005068845138643287,registered
182,1787909279.1529765,1787909279.1521907,252.96687376255568,612.9668737625557,467.91369142403295,612.8666716423281,612.8743184032576,0.09255535929804637,0.03259178174187127,0.12608962072635768,0.00605525225177894,registered
183,1787909279.1811435,1787909279.1805246,255.32157048280715,615.3215704828071,470.2683881442845,615.4016879683207,615.4242711420968,-0.10270065928972372,-0.0904037374981499,0.0887685488577908,0.004414041608235692,registered
184,1787909279.2095037,1787909279.208985,257.96039691296005,617.96039691296,472.9072145744373,617.9551172623912,617.9856174648367,-0.025220551876714126,-0.007351008594071118,0.10976011774373988,0.005899715029277646,registered
185,1787909279.2380974,1787909279.2375531,260.71973724628083,620.7197372462808,475.6665549077581,620.6010679462726,620.5566408239968,0.1630964222839566,0.18190109172041957,0.0753066045456904,0.004107593178929052,registered
186,1787909279.26679,1787909279.2662282,263.1583341695583,623.1583341695583,478.10515183103564,623.1797959986126,623.13729830589,0.021035863668259935,0.014901970455923674,0.0954317494041043,0.004823620180096692,registered
187,1787909279.295215,1787909279.2946756,265.4931453602435,625.4931453602435,480.43996302172087,625.680973097388,625.6974645022372,-0.20431914199366474,-0.2376383759965961,0.11636846998118053,0.005939167635827856,registered
188,1787909279.3239534,1787909279.3231926,268.36946226398334,628.3694622639833,483.31627992546066,628.2556383640482,628.2638960968875,0.10556616709590116,0.1111221194894938,0.09461944306141681,0.0053440366363059644,registered
189,1787909279.3524797,1787909279.3518097,271.07935071304837,631.0793507130484,486.02616837452575,630.8245904835834,630.8393395658093,0.24001114723915862,0.25111233826009993,0.0906358735141838,0.005126504948481528,registered
190,1787909279.381255,1787909279.3803937,273.1617159438506,633.1617159438506,488.10853360532786,633.3510744919322,633.4118005334841,-0.25008458963355906,-0.2783495457931622,0.10566551770098781,0.005734414871818547,registered
191,1787909279.4096875,1787909279.409049,275.68566497057805,635.685664970578,490.63248263205537,635.7532788590609,635.9906770973666,-0.30501212678854017,-0.346942130091918,0.09024344617366184,0.005006814645748579,registered
192,1787909279.4381726,1787909279.437596,278.77375214506674,638.7737521450667,493.7205698065441,638.4066524660811,638.5598122542983,0.21393989076852904,0.18913748960079602,0.08134198101343083,0.00486503937213977,registered
193,1787909279.4668508,1787909279.4662201,281.17374758287065,641.1737475828706,496.1205652443479,641.143884292664,641.1358779716818,0.037869611188853014,0.055495997440857536,0.09264131953139229,0.0054623146026376605,registered
194,1787909279.4955013,1787909279.4948905,283.5485736313575,643.5485736313575,498.4953912928348,644.1581246888945,643.716106316705,-0.16753268534745303,-0.16667714158620583,0.14754150423458967,0.008425342496899958,registered
195,1787909279.5239136,1787909279.5232613,286.4644386792463,646.4644386792463,501.41125634072364,647.3532923556485,646.2693848662873,0.1950538129589745,0.19791741725543943,0.08607779500640564,0.005017189157496263,registered
196,1787909279.5814097,1787909279.5807216,291.22840164941454,651.2284016494145,506.1752193108918,650.4273554969047,651.4406128917726,-0.21221124235819389,-0.22188325727603342,0.10100288365157684,0.005955264031228349,registered
197,1787909279.6098769,1787909279.6091716,293.7268039904109,653.7268039904109,508.67362165188825,653.4101677509234,654.0010151133984,-0.274211122987424,-0.29154780299330696,0.10584974730894296,0.00596687655826036,registered
198,1787909279.6390274,1787909279.638316,297.00804486978836,657.0080448697884,511.95486253126575,656.4459977784807,656.6238996633072,0.38414520648126427,0.383580335164595,0.10754718934200883,0.006004885155527769,registered
199,1787909279.6673636,1787909279.666799,299.1823243174838,659.1823243174838,514.1291419789611,659.2873217821269,659.1872843861798,-0.004960068696050257,-0.01634423691837128,0.08625356855403021,0.005180755820211397,registered
200,1787909279.6955123,1787909279.69486,301.2379389524833,661.2379389524833,516.1847566139606,661.8347426782115,661.7126690392073,-0.4747300867239801,-0.47229555981391513,0.13966803353948032,0.008767060003332857,registered
201,1787909279.724252,1787909279.723686,304.20977066693206,664.2097706669321,519.1565883284094,664.1680565556328,664.3069087030385,-0.09713803610645755,-0.06765026762673187,0.11660770167994257,0.007312707568755054,registered
202,1787909279.7527215,1787909279.7520618,307.03930236398617,667.0393023639862,521.9861200254635,666.7041597987568,666.8606378463345,0.17866451765166858,0.15928403455393436,0.168364697820507,0.010242825142487522,registered
203,1787909279.7913735,1787909279.7904732,309.04523355679305,669.045233556793,523.9920512182704,669.1837481587047,670.3175284463939,-1.2722948896008575,-1.3014144240300993,0.13957768829649717,0.008947642230760377,registered
204,1787909279.8096526,1787909279.8091197,311.6352635593637,671.6352635593637,526.582081220841,671.8344513764473,671.9956467199853,-0.360383160621609,-0.3890338398016411,0.1618795331504746,0.011805109369765003,registered
205,1787909279.8381164,1787909279.8375564,314.50827061510154,674.5082706151015,529.4550882765789,674.5380018046196,674.5548473583748,-0.04657674327324912,-0.0738242168628176,0.17197145416525172,0.013922957032779472,registered
206,1787909279.8668528,1787909279.866243,317.21560760703426,677.2156076070343,532.1624252685116,677.1686184220714,677.1365347687563,0.07907283827796618,0.06907318974037935,0.18076910218464604,0.014995196444170782,registered
207,1787909279.8953354,1787909279.8947637,319.67552195860344,679.6755219586034,534.6223396200808,679.7219451078837,679.7033096729025,-0.027787714299051913,-0.03871820760969058,0.15204051168200858,0.013061473889921476,registered
208,1787909279.9240086,1787909279.9233892,322.6331461745548,682.6331461745548,537.5799638360321,682.4021898338344,682.279504131347,0.35364204320774206,0.3338674216487334,0.11725311867992874,0.010287750071099912,registered
209,1787909279.9527602,1787909279.952072,325.1630811379283,685.1630811379283,540.1098987994056,685.0004234234348,684.8608482322325,0.3022329056958597,0.2924142554405762,0.12371463698845492,0.010291302524779368,registered
210,1787909279.981422,1787909279.9808779,327.3615616320284,687.3615616320284,542.3083792935057,687.5196141172579,687.4532855212093,-0.09172388918091201,-0.05779867700766772,0.15001561860517984,0.011966547169966998,registered
211,1787909280.0104022,1787909280.0095124,329.6120138975597,689.6120138975597,544.558831559037,690.0273297707605,690.030295339707,-0.418281442147304,-0.42128565986752164,0.10219301179124457,0.007278805139535856,registered
212,1787909280.0395877,1787909280.0383368,332.92739561260885,692.9273956126088,547.8742132740862,692.5181326502607,692.6243848056337,0.30301080697518046,0.322121830695437,0.15756989990000908,0.010476764045668335,registered
213,1787909280.067041,1787909280.0663025,335.0779430968212,695.0779430968212,550.0247607582985,695.0112989137796,695.141208178103,-0.0632650812818838,-0.04079962259129388,0.11484441763965768,0.00855112727253394,registered
214,1787909280.0953932,1787909280.0947936,337.4562938718253,697.4562938718253,552.4031115333026,697.548244892128,697.7053009768114,-0.24900710498604894,-0.24970008165951185,0.13963447232840148,0.011653067636814948,registered
215,1787909280.1241357,1787909280.1233823,340.0819924679954,700.0819924679954,555.0288101294727,700.1675902571737,700.2781910813562,-0.19619861336082067,-0.19026809938043243,0.09451995623758658,0.009044773820773195,registered
216,1787909280.1529622,1787909280.1521857,342.68441566671004,702.68441566671,557.6312333281874,702.8028032616969,702.8703923450546,-0.18597667834455933,-0.19051754118083863,0.14118291249916248,0.014643109894519972,registered
217,1787909280.1811442,1787909280.1804738,345.4713951271516,705.4713951271516,560.4182127886289,705.3862327910977,705.4162253699411,0.055169757210478565,0.08159666428537093,0.12361738047646742,0.012984776524336973,registered
218,1787909280.2099097,1787909280.2092185,347.94850229912686,707.9485022991269,562.8953199606042,708.0317164986762,708.0031482501375,-0.05464595101068426,-0.04412203943536497,0.14394613634170442,0.015157943347656045,registered
219,1787909280.2387996,1787909280.2378356,350.8792309191764,710.8792309191764,565.8260485806537,710.7269135322655,710.5785917190594,0.30063920011696155,0.2695030313150255,0.1301698060792422,0.013484419929078294,registered
220,1787909280.2670877,1787909280.266398,353.4185983536106,713.4185983536106,568.3654160150879,713.3339678599052,713.1491001139754,0.2694982396352543,0.2812832098788931,0.1142358530480508,0.011283368468132002,registered
221,1787909280.2953126,1787909280.2948017,355.8089719707185,715.8089719707185,570.7557896321958,715.8772405272481,715.7053397079612,0.10363226275728721,0.12463049589848652,0.13796086220902615,0.012988282478334789,registered
222,1787909280.3246958,1787909280.3239923,358.2455853681879,718.2455853681879,573.1924030296652,718.3946405715652,718.3323868855099,-0.08680151732198738,-0.03068883664752775,0.10735016427607255,0.008651784374220898,registered
223,1787909280.3526804,1787909280.3519354,1.2245633045201885,721.2245633045202,576.1713809659975,720.8687471139701,720.8471718578463,0.3773914466738688,0.34870690746197397,0.17002768326806322,0.011505555687377036,registered
224,1787909280.381169,1787909280.3804862,3.16221942086554,723.1622194208655,578.1090370823429,723.3378111309183,723.4166503242741,-0.25443090340854724,-0.23404283329080044,0.1446253840022309,0.010265964005246897,registered
225,1787909280.4098895,1787909280.4092898,5.763174758408809,725.7631747584088,580.7099924198861,725.8266335898105,726.008873044816,-0.2456982864072188,-0.28123839102590864,0.1532873605488884,0.010902061857580005,registered
226,1787909280.438433,1787909280.437709,8.443318719992249,728.4433187199922,583.3901363814696,728.4022243487668,728.5665073336296,-0.12318861363735323,-0.06553957685662226,0.146333686792587,0.010819223875968498,registered
227,1787909280.4669735,1787909280.4664128,10.840880459317418,730.8408804593174,585.7876981207947,731.0253719420227,731.1497396367434,-0.3088591774260294,-0.3156265034072021,0.16081667056639717,0.012759735327203259,registered
228,1787909280.4953878,1787909280.4948704,13.730183879909873,733.7301838799099,588.6770015413872,733.6537788999171,733.7108284773611,0.01935540254874013,0.014968826534072832,0.12977907823358467,0.010204726255703714,registered
229,1787909280.5241675,1787909280.5233316,16.20281018326125,736.2028101832612,591.1496278447386,736.3643748688014,736.2722391706316,-0.06942898737031555,-0.09918047563201071,0.177436163067701,0.014213315701585157,registered
230,1787909280.5527565,1787909280.5520897,19.240219793878623,739.2402197938786,594.187037455356,739.0057033578141,738.8603636340641,0.3798561598144943,0.3539153034166702,0.14733810190776891,0.011584098509209847,registered
231,1787909280.5823414,1787909280.5814621,21.729757652137096,741.7297576521371,596.6765753136144,741.6027964337359,741.5037823832062,0.225975268930938,0.24219395497016194,0.1282927150815332,0.009465894224847473,registered
232,1787909280.610326,1787909280.6096423,24.1287810534277,744.1287810534277,599.075598714905,744.1562873701671,744.0398954579855,0.08888559544220698,0.08543605516922526,0.13142743624735173,0.009259671775510358,registered
233,1787909280.6385825,1787909280.6379921,26.599253890335717,746.5992538903357,601.546071551813,746.6225948226211,746.5912858053396,0.007968084996150537,0.04376850067080795,0.1008977876191626,0.005823195228060705,registered
234,1787909280.6670322,1787909280.6663976,29.14487707227795,749.144877072278,604.0916947337553,749.140790801245,749.14767559723,-0.002798524952027037,-0.01646301851531007,0.13972162589841994,0.006645864270512343,registered
235,1787909280.6957865,1787909280.6950417,31.547846720558596,751.5478467205586,606.4946643820359,751.6280622477057,751.7255436894677,-0.17769696890911746,-0.1797553089692201,0.10595405628062923,0.005607039839438235,registered
236,1787909280.7241206,1787909280.7234342,34.075805717107414,754.0758057171074,609.0226233785847,754.1763475642224,754.280774811809,-0.20496909470159608,-0.18140749006965962,0.10178533843244336,0.005666487854884342,registered
237,1787909280.7530363,1787909280.752369,36.76761108035123,756.7676110803512,611.7144287418286,756.8272206526667,756.8847987962779,-0.11718771592666144,-0.08779962754658754,0.15909245676007447,0.009308630325300543,registered
238,1787909280.7813277,1787909280.7807026,39.603741549746815,759.6037415497468,614.5505592112241,759.440187635973,759.4347300782738,0.1690114714730271,0.16251073337400612,0.1532969515338192,0.009578884103043502,registered
239,1787909280.8100116,1787909280.809246,42.03184594184245,762.0318459418424,616.9786636033198,762.058201397185,762.003543382553,0.028302559289500095,0.029654298571358595,0.16829882819951877,0.010940337341158008,registered
240,1787909280.8387117,1787909280.8380456,44.65578348490453,764.6557834849045,619.6026011463819,764.696827652765,764.5954013367552,0.06038214814930143,0.06481880663454831,0.1438989722940484,0.007993497167058746,registered
241,1787909280.8670847,1787909280.8663597,47.49458172089453,767.4945817208945,622.4413993823719,767.2643893964519,767.1435731575837,0.35100856331087016,0.3792551463234304,0.16417037593102496,0.007031844391342152,registered
242,1787909280.895502,1787909280.8949451,49.58216548259338,769.5821654825934,624.5289831440707,769.7684201253167,769.7161628663195,-0.13399738372606862,-0.11159816529846012,0.16187441332452776,0.007988801543506134,registered
243,1787909280.9240015,1787909280.9233613,52.371212257355864,772.3712122573559,627.3180299188332,772.3053110329708,772.2735182161676,0.09769404118821967,0.09182921606497985,0.0895453693141344,0.005036228860964284,registered
244,1787909280.9531138,1787909280.9525044,54.9101106837586,774.9101106837586,629.8569283452359,774.9113456063636,774.8962954818589,0.013815201899660678,0.003084956875568423,0.10111183750733198,0.005353069489437117,registered
245,1787909280.981285,1787909280.9805903,57.24256023748592,777.2425602374859,632.1893778989632,777.4212435317909,777.4239331034543,-0.181372865968342,-0.17686577731444686,0.09037822088801625,0.004871189386104137,registered
246,1787909281.010029,1787909281.0094512,59.954596817115885,779.9545968171159,634.9014144785932,779.9387393724451,780.021305466437,-0.06670864932107179,-0.03993485383023199,0.060341309237749476,0.0037636496097889663,registered
247,1787909281.0384674,1787909281.0378683,62.816633452815495,782.8166334528155,637.7634511142928,782.5818384956202,782.5787466436591,0.23788680915640725,0.23915654222219018,0.11755022753404176,0.006887705118724136,registered
248,1787909281.0672429,1787909281.0666192,65.19532785869228,785.1953278586923,640.1421455201696,785.1439048970353,785.1662274017866,0.02910045690566676,0.029651350831159107,0.09725795497665439,0.005187798624767637,registered
249,1787909281.095566,1787909281.0949228,67.3564747167062,787.3564747167062,642.3032923781835,787.7033260379064,787.7134551215009,-0.35698040479474,-0.33777693389140495,0.09419035460523177,0.005650694522161119,registered
250,1787909281.1241498,1787909281.1235328,70.38144943257248,790.3814494325725,645.3282670940498,790.3113911313211,790.2882548851177,0.09319454745480016,0.10382410755084948,0.061142193664170244,0.004229221685117895,registered
251,1787909281.1528842,1787909281.1521542,73.12147984730098,793.121479847301,648.0682975087783,792.876141075126,792.8640845772226,0.2573952700784048,0.2799539173646508,0.0972723889761371,0.006199945944288568,registered
252,1787909281.181478,1787909281.1807456,75.28621288818795,795.286212888188,650.2330305496653,795.4234091889255,795.437210707046,-0.15099781885805896,-0.1966240617373387,0.12040226423225506,0.007447929506361193,registered
253,1787909281.210002,1787909281.2093556,77.93884140772627,797.9388414077263,652.8856590692036,798.0374918453778,798.0120104706627,-0.07316906293647207,-0.0415636502319785,0.08003401110217236,0.005488540897288122,registered
254,1787909281.2384195,1787909281.237882,80.79563185903419,800.7956318590342,655.7424495205115,800.6586942167116,800.5792788822097,0.21635297682450982,0.2146679282043351,0.10309673609230023,0.006700978015583108,registered
255,1787909281.267055,1787909281.2664928,83.1388189576179,803.1388189576179,658.0856366190952,803.1860204390113,803.1541644732005,-0.015345515582566804,-0.0024627332778663913,0.09697595157227,0.00557845877909263,registered
256,1787909281.2957013,1787909281.2950983,85.6734290713656,805.6734290713656,660.6202467328429,805.6976807182743,805.7285565567906,-0.05512748542503232,-0.04415694355952837,0.10696139136282001,0.006531976290542919,registered
257,1787909281.3242104,1787909281.3236277,88.39802581342406,808.398025813424,663.3448434749014,808.3095689976836,808.2961039073031,0.10192190612099239,0.1359973054263719,0.08417887524042665,0.0055865283461356595,registered
258,1787909281.3530939,1787909281.3522105,90.90227266553325,810.9022726655332,665.8490903270106,810.8990112502174,810.8684575907603,0.033815074772974185,0.020253516103935,0.11738055248283212,0.0072442218704907475,registered
259,1787909281.3817313,1787909281.3811853,93.2930233482598,813.2930233482598,668.2398410097371,813.3897477336004,813.4760863249379,-0.18306297667811577,-0.18035393379545894,0.11169058507165433,0.006608214226747617,registered
260,1787909281.4101603,1787909281.4094236,95.81913302381474,815.8191330238147,670.7659506852921,815.94535224001,816.0174348695322,-0.19830184571742393,-0.21010608005826725,0.10768807297055837,0.006808926642691963,registered
261,1787909281.438633,1787909281.438018,98.85159500400391,818.8515950040039,673.7984126654812,818.5433818287099,818.5908399383212,0.26075506568270157,0.26869801367877244,0.0963298330560525,0.005930069539389364,registered
262,1787909281.4671166,1787909281.4664881,101.12875502696397,821.128755026964,676.0755726884413,821.1191155767931,821.1530445348011,-0.024289507837124802,0.00656748693472764,0.0994352115945329,0.005584754743121478,registered
263,1787909281.4955506,1787909281.4949405,103.29891001795363,823.2989100179536,678.245727679431,823.6810420235213,823.7136613248618,-0.41475130690821516,-0.38053830233332064,0.14270552022927274,0.007786373223979182,registered
264,1787909281.524349,1787909281.5236971,106.4525591325222,826.4525591325222,681.3993767939995,826.3009231646756,826.3016570472334,0.15090208528874882,0.14308160054974906,0.1200229292379579,0.006545986545298103,registered
265,1787909281.5529242,1787909281.5522463,109.12325467972471,829.1232546797247,684.070072341202,828.9227983853989,828.8709853157567,0.2522693639680256,0.3396443419259185,0.13442091064631673,0.0068849153122235865,registered
266,1787909281.5819404,1787909281.5810704,111.33910628773936,831.3391062877394,686.2859239492167,831.4815312036384,831.4650533248399,-0.1259470371005591,-0.125324364238395,0.12538454588372827,0.006365876075434331,registered
267,1787909281.610798,1787909281.6100223,113.94187528099417,833.9418752809942,688.8886929424715,834.0867629321275,834.0706222020411,-0.12874692104696805,-0.12594434261905008,0.10849546525982169,0.005451896476060447,registered
268,1787909281.6388326,1787909281.6380763,116.92016062485982,836.9201606248598,691.8669782863371,836.7212680743039,836.5953846066069,0.32477601825291913,0.33504902670244974,0.1450987755539952,0.006546012917864809,registered
269,1787909281.6674888,1787909281.6668088,119.2762079252741,839.2762079252741,694.2230255867514,839.1992252573506,839.1812131877846,0.09499473748951459,0.07476687385155856,0.16201664255996498,0.007208828861822974,registered
270,1787909281.6956232,1787909281.6950345,121.55602684100688,841.5560268410069,696.5028445024842,841.711636164706,841.7214245196732,-0.16539767866629518,-0.1274239282358849,0.16757619202638108,0.00785695197286906,registered
271,1787909281.7242079,1787909281.7235663,124.23897109384404,844.238971093844,699.1857887553214,844.2294562402874,844.2891864386206,-0.050215344776574966,-0.023790810206833157,0.19777234104274619,0.009038625528016164,registered
272,1787909281.7530093,1787909281.7523031,126.95917984446885,846.9591798444688,701.9059975059462,846.6851256070663,846.8754012429814,0.08377860148743821,0.07084873163989869,0.22098239443025336,0.00960729306148621,registered
273,1787909281.78137,1787909281.7808383,128.95656364252307,848.9565636425231,703.9033813040004,849.1527893354481,849.4434635577379,-0.486899915214849,-0.47075751859074444,0.2712220183210457,0.012201042360493223,registered
274,1787909281.8099954,1787909281.809363,131.69844008028645,851.6984400802864,706.6452577417638,851.7503853219969,852.0105817713803,-0.3121416910938706,-0.40148336429774645,0.23075501174663113,0.0128492596098859,registered
275,1787909281.838493,1787909281.8379602,134.26600182384254,854.2660018238425,709.2128194853199,854.3835555395951,854.5842443222914,-0.31824249844885344,-0.3665832064583583,0.2588853107349588,0.017209638073414475,registered
276,1787909281.8670506,1787909281.8664155,136.97366107331106,856.9736610733111,711.9204787347884,857.0484881425187,857.1451185944741,-0.17145752116300628,-0.1930582393330269,0.26105724349596465,0.01884249713791019,registered
277,1787909281.9019475,1787909281.9011505,139.8173713966769,859.8173713966769,714.7641890581542,859.7525017225048,860.2711446677043,-0.453773271027444,-0.4660910790531716,0.23725510679534917,0.017434436038361516,registered
278,1787909281.9242985,1787909281.9236538,142.57481788641144,862.5748178864114,717.5216355478888,862.477689007547,862.2963702986574,0.27844758775404443,0.2583423549580175,0.19598662304675465,0.012734443218698497,registered
279,1787909281.9533412,1787909281.9524608,145.1116825925352,865.1116825925352,720.0585002540125,865.0812047596357,864.8888934150083,0.22278917752691996,0.24144161006665854,0.15660634262989648,0.010087826034070439,registered
280,1787909281.9814234,1787909281.9808395,147.79504631954558,867.7950463195456,722.7418639810229,867.6297099026162,867.4428800404263,0.3521662791192739,0.38185559211478903,0.11946365297029991,0.0087746266565684,registered
281,1787909282.0100589,1787909282.0093818,150.10834675142553,870.1083467514255,725.0551644129029,870.1072625125446,870.011586060488,0.09676069093757178,0.1337629965337328,0.12415126858919344,0.009507283752034256,registered
282,1787909282.0387344,1787909282.0381217,152.43951092874397,872.439510928744,727.3863285902213,872.5036398518271,872.5980798038142,-0.15856887507027295,-0.12578040882294772,0.12327625597197403,0.009002063033088379,registered
283,1787909282.0670345,1787909282.0664773,154.90522661436626,874.9052266143663,729.8520442758436,874.9283536488332,875.1499851154124,-0.24475850104613528,-0.20357022641360345,0.16161525250591505,0.011353165661011504,registered
284,1787909282.09559,1787909282.0949953,157.40618987545702,877.406189875457,732.3530075369343,877.4555668864508,877.7165025374367,-0.31031266197965124,-0.30847143286428036,0.1565000915208019,0.012550073516040856,registered
285,1787909282.124508,1787909282.1239002,159.96448979786783,879.9644897978678,734.9113074593452,880.0391253069565,880.3178444164677,-0.3533546185998375,-0.3386377138779153,0.15415301334665063,0.014672204671144712,registered
286,1787909282.15297,1787909282.1521683,162.51794668785726,882.5179466878573,737.4647643493346,882.7238340047711,882.8618750664999,-0.34392837864265857,-0.34614433266460765,0.18847352957519192,0.018995167658123636,registered
287,1787909282.1814764,1787909282.180886,165.52337590202671,885.5233759020267,740.470193563504,885.4519786248998,885.4463733233804,0.07700257864632931,0.07827522087973193,0.20999958753734563,0.021771867422868855,registered
288,1787909282.2104595,1787909282.2098951,168.365550490288,888.365550490288,743.3123681517653,888.1958043543268,888.0570918430225,0.30845864726552463,0.3267636740620219,0.1703302070419153,0.018017049042786653,registered
289,1787909282.238766,1787909282.238054,170.86261259754679,890.8626125975468,745.8094302590241,890.8647835832819,890.5912952587299,0.27131733881685705,0.2684187224906509,0.13575620923685447,0.012470233335871123,registered
290,1787909282.2671056,1787909282.266486,173.52209859308357,893.5220985930836,748.4689162545609,893.4559134960627,893.1500667602494,0.37203183283418184,0.3758493877244291,0.14442574289132332,0.011206858194192723,registered
291,1787909282.2959902,1787909282.2953396,176.06506108806911,896.0650610880691,751.0118787495464,895.9920275424022,895.746795417927,0.3182656701420683,0.3349855452056545,0.1267967672917376,0.00973140295314565,registered
292,1787909282.3244417,1787909282.3238492,178.4922317208394,898.4922317208394,753.4390493823167,898.421040803476,898.3125618504287,0.17966987041074844,0.18482028376865856,0.10004730321382121,0.00816966271812604,registered
293,1787909282.3529704,1787909282.3522315,180.65327664473227,900.6532766447323,755.6000943062096,900.8312966374193,900.8668703284992,-0.21359368376693055,-0.2159888794986955,0.10530929272734776,0.008899366668122627,registered
294,1787909282.3816416,1787909282.3809392,183.25916532567385,903.2591653256738,758.2059829871512,903.283755043921,903.4504673979525,-0.19130207227863139,-0.159145362453728,0.11920432008399638,0.009260691640492485,registered
295,1787909282.4108455,1787909282.4100053,185.86212596083783,905.8621259608378,760.8089436223152,905.7552723674152,906.0663141031921,-0.20418814235426908,-0.18387063295858752,0.1551808273867417,0.010587136288440315,registered
296,1787909282.4383492,1787909282.4377992,188.23115714279936,908.2311571427994,763.1779748042767,908.3311357420546,908.5676670914952,-0.3365099486958343,-0.3256927507272849,0.18969985525513702,0.013998616661363095,registered
297,1787909282.4671805,1787909282.4666507,190.88463975577804,910.884639755778,765.8314574172554,911.0124262036799,911.1642026375813,-0.2795628818032583,-0.2805017702650048,0.20884419908256208,0.018240795297596247,registered
298,1787909282.495546,1787909282.4950264,193.7032591144316,913.7032591144316,768.6500767759089,913.7608237309609,913.7179103240338,-0.01465120960222066,-0.03100106727652019,0.2505112135315397,0.021917423937595746,registered
299,1787909282.524824,1787909282.5241518,196.45287371078314,916.4528737107831,771.3996913722605,916.4729430511082,916.3390997833058,0.11377392747738213,0.09968259414722525,0.21934457338404065,0.020644049304058516,registered
300,1787909282.553482,1787909282.5528386,199.34689290200515,919.3468929020052,774.2937105634825,919.180217546867,918.9208086505308,0.4260842514743217,0.42708708344866864,0.18438415391209292,0.0165684790586078,registered
301,1787909282.582035,1787909282.581419,201.95921936138006,921.9592193613801,776.9060370228574,921.8283814474886,921.492947765553,0.46627159582703825,0.44627333504070066,0.19053118703469804,0.014575500441386294,registered
302,1787909282.6115263,1787909282.6106386,204.41907566552004,924.41907566552,779.3658933269974,924.3558197629729,924.1226126780091,0.29646298751094946,0.2527225246622038,0.14601327523050206,0.011318680936867442,registered
303,1787909282.6392217,1787909282.6383457,206.80996302150015,926.8099630215002,781.7567806829775,926.8171715241821,926.6161553752768,0.19380764622337665,0.16040851811942503,0.14426509358400166,0.010929593628982713,registered
304,1787909282.667213,1787909282.6665983,209.25503701341256,929.2550370134126,784.2018546748899,929.2500715389065,929.1587913304813,0.09624568293122593,0.06107682361709976,0.1309840229201196,0.009073915380246676,registered
305,1787909282.6960967,1787909282.6952896,211.5421887102259,931.5421887102259,786.4890063717032,931.6830023142229,931.7409078777329,-0.19871916750696528,-0.18896222383978056,0.16419897178202067,0.009195270740610745,registered
306,1787909282.7243745,1787909282.723799,214.08768902970826,934.0876890297083,789.0345066911856,934.1934240234423,934.3066528533909,-0.21896382368265677,-0.2116259334247843,0.2160328153282846,0.009406047254779427,registered
307,1787909282.7530136,1787909282.7523794,216.8013830237919,936.8013830237919,791.7482006852692,936.7943072326527,936.8787919684132,-0.0774089446213111,-0.06949536654019539,0.2353530128311621,0.011965332910296316,registered
308,1787909282.781603,1787909282.7809985,219.41209262496648,939.4120926249665,794.3589102864438,939.448479039389,939.4544070920831,-0.042314467116625565,-0.013106360538017725,0.25449184938833835,0.014126038469460837,registered
309,1787909282.8101683,1787909282.8095345,222.10997318172076,942.1099731817208,797.0567908431981,942.1013991228234,942.0225552342137,0.08741794750710596,0.12850397333556884,0.26587336709268294,0.01383314850104056,registered
310,1787909282.838961,1787909282.8381524,224.8312405653919,944.8312405653919,799.7780582268692,944.7291095745513,944.598063073666,0.23317749172588265,0.24090820625917786,0.31624095320087764,0.012387519644954478,registered
311,1787909282.8674264,1787909282.8667252,227.46987584178964,947.4698758417896,802.416693503267,947.3132571485468,947.1695155696962,0.30036027209348504,0.2927079584983403,0.2545346245400285,0.008960741837851588,registered
312,1787909282.8958898,1787909282.8951988,229.88261542016448,949.8826154201645,804.8294330816418,949.8697884110427,949.7320420188287,0.1505734013358051,0.18257184738104115,0.1509215611780776,0.006128434190169877,registered
313,1787909282.9248285,1787909282.924054,232.27360673519922,952.2736067351992,807.2204243966765,952.4002137363996,952.3288994175673,-0.055292682368076385,-0.04857100842082218,0.1240252881423502,0.0055351755480171705,registered
314,1787909282.9531345,1787909282.9524467,234.81384615329785,954.8138461532978,809.7606638147752,954.9576904304099,954.884151996752,-0.0703058434542072,-0.08463259938537249,0.1054157371850741,0.004872688564530008,registered
315,1787909282.986999,1787909282.986264,237.531365233389,957.531365233389,812.4781828948663,957.4887950337279,957.927590679336,-0.3962254459470387,-0.400611245788582,0.0945029311840479,0.0041562305583426155,registered
316,1787909283.0102658,1787909283.0096586,240.10116071491495,960.101160714915,815.0479783763923,960.024410367535,960.0330219913064,0.06813872360851292,0.07115296398069404,0.13212396803115403,0.005516953972279975,registered
317,1787909283.0393302,1787909283.0387588,242.62126237728955,962.6212623772896,817.5680800387669,962.6356525394988,962.6519370251671,-0.030674647877503958,-0.042662110832566214,0.10252125473256651,0.004474882353908194,registered
318,1787909283.0677094,1787909283.066952,245.36164318729266,965.3616431872927,820.30846084877,965.2352164445567,965.1892302263391,0.17241296095357939,0.18508014172437015,0.09648358716907815,0.004471305288423204,registered
319,1787909283.095954,1787909283.0953264,247.6074531264578,967.6074531264578,822.5542707879351,967.7876353785368,967.742830628574,-0.13537750211617094,-0.09714548915826526,0.09364421372506197,0.004550447645767033,registered
320,1787909283.1243696,1787909283.1238062,250.29787947453963,970.2978794745396,825.244697136017,970.3227776057968,970.3059149556377,-0.008035481098090713,0.03503385287240235,0.07869877324870812,0.0038589872250757874,registered
321,1787909283.1530325,1787909283.1523178,253.08156381707374,973.0815638170737,828.0283814785511,972.90098579452,972.8718530428873,0.20971077418641926,0.1723851819558604,0.12293632781990949,0.005905943223893963,registered
322,1787909283.181601,1787909283.180926,255.37193650609208,975.3719365060921,830.3187541675694,975.4267207386924,975.4465026085995,-0.07456610250744689,-0.08604352775500956,0.08326031007601194,0.0041454444197242145,registered
323,1787909283.2104547,1787909283.2098584,257.9115373341756,977.9115373341756,832.8583549956529,977.9616302252614,978.0503120246335,-0.13877469045792168,-0.1522002994441891,0.10360047768723188,0.005561306952478706,registered
324,1787909283.2387514,1787909283.2381732,260.5990722550656,980.5990722550656,835.5458899165429,980.5983628131025,980.5985482159924,0.0005240390731842126,-0.006519562799212508,0.09783843959140158,0.005349352930593859,registered
325,1787909283.267605,1787909283.266805,263.1986177244705,983.1986177244705,838.1454353859478,983.1629509651991,983.1753005523681,0.023317172102451877,0.015132735223687632,0.09247602746526426,0.004669495597565684,registered
326,1787909283.2961848,1787909283.2955024,265.4949936853101,985.4949936853101,840.4418113467874,985.6831772934588,985.7579749775507,-0.2629812922406245,-0.26686010274545424,0.10578279667336668,0.005399222978409813,registered
327,1787909283.325301,1787909283.3243186,268.44890894177786,988.4489089417779,843.3957266032552,988.2873829515956,988.3513349107982,0.09757403097967199,0.11030559610003365,0.07059792427775417,0.003994209800892434,registered
328,1787909283.3531184,1787909283.3524747,271.1072011476248,991.1072011476248,846.0540188091021,990.8972448283721,990.8852808443837,0.22192030324106327,0.24915339728829622,0.08862533417895026,0.005010233584082536,registered
329,1787909283.3815846,1787909283.3809195,273.21692240140715,993.2169224014071,848.1637400628845,993.4345252101634,993.4452110154523,-0.228288614045141,-0.25265947914124354,0.09536768200972985,0.005171879582787258,registered
330,1787909283.4101648,1787909283.4094644,275.8218921413202,995.8218921413202,850.7687098027975,995.967409750682,996.0141530607924,-0.19226091947223267,-0.1880419490960321,0.08304995875583107,0.0046257271830186545,registered
331,1787909283.4389174,1787909283.4382122,278.79324646189457,998.7932464618946,853.7400641233719,998.5901892601348,998.6013548799543,0.19189158194024003,0.2037343039521602,0.09976315932460125,0.00596778133656833,registered
332,1787909283.4724748,1787909283.4718003,281.20550048953896,1001.205500489539,856.1523181510163,1001.1396852092191,1001.6241735359312,-0.4186730463922004,-0.4527380216422898,0.07462560917800148,0.00439781602409948,registered
333,1787909283.4961152,1787909283.4953055,283.43015723623614,1003.4301572362361,858.3769748977135,1003.655028804227,1003.7395608232873,-0.3094035870511789,-0.33509070029310806,0.1246114262871473,0.0071206602628356,registered
334,1787909283.5244493,1787909283.5238945,286.32115152356914,1006.3211515235691,861.2679691850465,1006.2857796276321,1006.3124723846757,0.008679138893398886,0.024362930758911716,0.09371915337004989,0.005452845907092774,registered
335,1787909283.5531647,1787909283.5524392,289.17872765692755,1009.1787276569275,864.1255453184049,1008.9211430385889,1008.8813929731724,0.29733468375513894,0.3310617793960091,0.10202821379805885,0.00606046954806934,registered
336,1787909283.5818245,1787909283.5811744,291.223158131982,1011.223158131982,866.1699757934593,1011.4373561103438,1011.4674575796287,-0.2442994476466538,-0.22696570130619875,0.09872559915183675,0.005821269692565682,registered
337,1787909283.6107957,1787909283.609938,293.7561562920781,1013.7561562920781,868.7029739535554,1014.0008414744339,1014.0560755504619,-0.29991925838373845,-0.3245220419883026,0.12396957603947474,0.006983428594042375,registered
338,1787909283.6392665,1787909283.6384358,297.0128416462486,1017.0128416462486,871.9596593077259,1016.6267639636549,1016.6207905976318,0.3920510486168496,0.3839046296689048,0.10513672978505624,0.005871071310933637,registered
339,1787909283.6678479,1787909283.666926,299.2939977796585,1019.2939977796585,874.2408154411359,1019.1423849949653,1019.1847975689661,0.10920021069239283,0.11199630316127696,0.10429787584482922,0.006286006139951977,registered
340,1787909283.696165,1787909283.695404,301.22550493039694,1021.2255049303969,876.1723225918743,1021.630953108806,1021.7477316981252,-0.5222267677282844,-0.48963436412293504,0.12164100056862409,0.007634353668572212,registered
341,1787909283.7247436,1787909283.7240171,304.2776688804083,1024.2776688804083,879.2244865418858,1024.190342725063,1024.3228104007076,-0.04514152029901197,-0.03859393424716018,0.10312758972900478,0.006461837341752639,registered
342,1787909283.753252,1787909283.7525072,307.0112293155796,1027.0112293155796,881.9580469770569,1026.7213243187205,1026.8868173720418,0.12441194353777973,0.13333940612722017,0.1823770753467808,0.01109382316042741,registered
343,1787909283.7817593,1787909283.781163,309.0283076147268,1029.0283076147268,883.9751252762042,1029.209130340304,1029.4657368496114,-0.43742923488446195,-0.44208883680823874,0.1478158299828802,0.009468705009615896,registered
344,1787909283.8104188,1787909283.8097854,311.66812775499375,1031.6681277549937,886.6149454164711,1031.8675027790807,1032.0416523690901,-0.37352461409648186,-0.3500160205708198,0.15501934987791263,0.01132262010733064,registered
345,1787909283.83895,1787909283.8382204,314.58821500481736,1034.5882150048174,889.5350326662946,1034.5967371026957,1034.600702809575,-0.012487804757938648,-0.004756378916226822,0.19187777798254038,0.015560369026900197,registered
346,1787909283.8673031,1787909283.8666894,317.2835709098804,1037.2835709098804,892.2303885713576,1037.225974179233,1037.1628215786811,0.12074933119913567,0.13512359947071673,0.1696503855838401,0.014077650469366251,registered
347,1787909283.8961875,1787909283.8953052,319.78270572909423,1039.7827057290942,894.7295233905716,1039.7915908694072,1039.738136306542,0.04456942255228569,0.05448596726830601,0.1641829840147541,0.014137079632657994,registered
348,1787909283.9245057,1787909283.923931,322.70116147267754,1042.7011614726775,897.6479791341549,1042.4550016476246,1042.31435222183,0.3868092508475911,0.38585211248755513,0.13553772047952703,0.011880035173489479,registered
349,1787909283.9529345,1787909283.9523432,325.1901764985191,1045.1901764985191,900.1369941599964,1045.0568522391527,1044.871364262182,0.31881223633718037,0.33893424303266784,0.11849056388099997,0.00985177934649698,registered
350,1787909283.9860356,1787909283.985079,327.35253201516934,1047.3525320151693,902.2993496766467,1047.5645162532442,1047.8174747026326,-0.4649426874632354,-0.4802826456814273,0.1344669564091154,0.010729025764901173,registered
351,1787909284.010807,1787909284.0098677,329.6617849920135,1049.6617849920135,904.6086026534907,1050.068714575571,1050.04836417857,-0.3865791865564461,-0.4375057607416011,0.11220859048160023,0.007965875671323203,registered
352,1787909284.0386965,1787909284.0381296,332.95029079908704,1052.950290799087,907.8971084605644,1052.5534940063978,1052.591836950671,0.35845384841604755,0.3959061986578263,0.15254437851005379,0.01015276216643804,registered
353,1787909284.0675073,1787909284.0668757,335.2324323862158,1055.2324323862158,910.179250047693,1055.053386594944,1055.1788885719284,0.05354381428730903,0.04578920794301666,0.09946207616155174,0.007463234088777269,registered
354,1787909284.0960093,1787909284.0953276,337.4260931400754,1057.4260931400754,912.3729108015526,1057.5943897292818,1057.7394624483022,-0.31336930822681097,-0.31798130505012523,0.15058832054848484,0.012548043703926664,registered
355,1787909284.1248562,1787909284.124158,340.12750450044564,1060.1275045004456,915.074322161923,1060.2104586097153,1060.3340883353162,-0.20658383487068477,-0.2075238338759391,0.09437053572409715,0.009049519811635497,registered
356,1787909284.1538787,1787909284.1531532,342.7111106412808,1062.7111106412808,917.6579283027581,1062.842427648966,1062.9435623580353,-0.23245171675455367,-0.2538693767072573,0.14111815687435084,0.014642197135531094,registered
357,1787909284.1815588,1787909284.1810079,345.5132598497564,1065.5132598497564,920.4600775112337,1065.421645042652,1065.4503868414317,0.06287300832457277,0.0807231019223309,0.1306446988092218,0.013722591373436387,registered
358,1787909284.210246,1787909284.2095351,347.96528472263344,1067.9652847226334,922.9121023841107,1068.0612276893169,1068.0177410803528,-0.05245635771950674,-0.049491038398286946,0.13254051056585706,0.013957369371039327,registered
359,1787909284.2388113,1787909284.238217,350.9032350889597,1070.9032350889597,925.850052750437,1070.7314549326854,1070.5990208107078,0.3042142782520614,0.2644463264306296,0.12405408590448272,0.012845859154378247,registered
360,1787909284.2673655,1787909284.2667348,353.4643997229882,1073.4643997229882,928.4112173844655,1073.3133182055071,1073.1655167758886,0.2988829470997416,0.3193932789961309,0.11591606903586758,0.011440730182767042,registered
361,1787909284.2962406,1787909284.2954447,355.76649965296383,1075.7664996529638,930.7133173144412,1075.8511879575617,1075.7493069569332,0.017192696030519983,0.041880913159616284,0.14267434293962755,0.013451146055810652,registered
362,1787909284.3246017,1787909284.32396,358.1859514202765,1078.1859514202765,933.132769081754,1078.3603615985326,1078.315588353679,-0.1296369334023666,-0.06543499217218596,0.10413634422043877,0.008437772008116674,registered
363,1787909284.3531342,1787909284.3524752,1.0337908187482299,1081.0337908187482,935.9806084802256,1080.8386911830964,1080.8818482935812,0.15194252516698725,0.11294730451902524,0.15973783154119528,0.010806025337907947,registered
364,1787909284.3816721,1787909284.3810534,3.2659358737575985,1083.2659358737576,938.2127535352349,1083.3071829333944,1083.4537942970119,-0.18785842325439717,-0.13867652271392217,0.12077226546486938,0.008592785606071214,registered
365,1787909284.4102433,1787909284.409597,5.802348983351294,1085.8023489833513,940.7491666448285,1085.8235659441646,1086.0226076012912,-0.22025861793997592,-0.2954283465176104,0.1420690601618366,0.010100472350823361,registered
366,1787909284.4396193,1787909284.4387047,8.437703378899187,1088.4377033788992,943.3845210403765,1088.4371896680336,1088.6422092541438,-0.20450587524464936,-0.1684148351116619,0.14172058755357878,0.010475967388588641,registered
367,1787909284.467515,1787909284.4670105,10.88242622053258,1090.8824262205326,945.82924388201,1091.0789706606743,1091.1896300854496,-0.3072038649170281,-0.33804223217396157,0.15683336244047996,0.012449631522703676,registered
368,1787909284.496186,1787909284.495552,13.761977560554442,1093.7619775605544,948.7087952220317,1093.7105865986823,1093.7582717349808,0.003705825573547372,-0.025496411013364195,0.139569979815804,0.01097342572935327,registered
369,1787909284.524425,1787909284.5238457,16.339678045619166,1096.3396780456192,951.2864957070964,1096.3950537503908,1096.304598267268,0.03507977835113252,-0.0071861706697973204,0.17876125684924604,0.014342483822020014,registered
370,1787909284.553456,1787909284.5528483,19.260278522855742,1099.2602785228557,954.2070961843331,1099.0505005425982,1098.9147374521356,0.3455410707201736,0.2983343949314303,0.14463263563398304,0.01136530509287399,registered
371,1787909284.5821981,1787909284.5813866,21.71397470123202,1101.713974701232,956.6607923627092,1101.655884858806,1101.4830787058577,0.2308959953743397,0.2607125766731997,0.12067345054548831,0.008906008053428258,registered
372,1787909284.6102252,1787909284.6095922,24.150546003152613,1104.1505460031526,959.09736366463,1104.2139232918616,1104.0214876628918,0.12905834026093999,0.12986017259129312,0.12830432197255537,0.009031950468250905,registered
373,1787909284.6396897,1787909284.638892,26.69561031035505,1106.695610310355,961.6424279718324,1106.6722286779082,1106.6583620747651,0.03724823558991375,0.08421018669491787,0.11447992083511281,0.0065333575267986525,registered
374,1787909284.6677728,1787909284.667137,29.237927131955985,1109.237927131956,964.1847447934333,1109.185059816038,1109.2003114109775,0.037615720978465106,0.025288521480661075,0.12729728670175244,0.006060271113216432,registered
375,1787909284.6972015,1787909284.696432,31.60002030412079,1111.6000203041208,966.5468379655982,1111.6864778477247,1111.8367781428242,-0.23675783870339728,-0.24550388075726914,0.13433786241647105,0.00712460097421148,registered
376,1787909284.7249448,1787909284.724182,34.13038345228142,1114.1303834522814,969.0772011137587,1114.2383402564296,1114.3341616150792,-0.20377816279778926,-0.20154773466958886,0.11030916917274014,0.006144549836935864,registered
377,1787909284.753401,1787909284.7527673,36.750485160931476,1116.7504851609315,971.6973028224089,1116.8814137079632,1116.9067513238151,-0.1562661628834121,-0.13810770937141115,0.1468097626081242,0.008586554338027729,registered
378,1787909284.7817807,1787909284.7812166,39.67750047511049,1119.6775004751105,974.6243181365878,1119.47401560158,1119.4670891749101,0.2104113002003487,0.20515519316347763,0.1379639544389254,0.00863719919121343,registered
379,1787909284.8104675,1787909284.8097632,42.07360536057831,1122.0736053605783,977.0204230220555,1122.0685262023574,1122.036181418155,0.03742394242328828,0.03731191395354472,0.17987446539004948,0.011688792627583622,registered
380,1787909284.839146,1787909284.838374,44.68815904905523,1124.6881590490552,979.6349767105327,1124.7125787675584,1124.6110455523021,0.07711349675321344,0.08044402279563201,0.15396163401887947,0.008521094078846032,registered
381,1787909284.8673484,1787909284.866704,47.49038519290866,1127.4903851929087,982.437202854386,1127.2785034413137,1127.1606549816454,0.32973021126326785,0.3406676846532264,0.16285667001965964,0.006975451843578287,registered
382,1787909284.8968906,1787909284.89587,49.5280892987123,1129.5280892987123,984.4749069601896,1129.78553216925,1129.785492104313,-0.25740280560080464,-0.2407857828438864,0.15035229594904478,0.007384711576236743,registered
383,1787909284.92466,1787909284.9240112,52.34660844944574,1132.3466084494457,987.293426110923,1132.285724207527,1132.3181077136014,0.028500735844318115,0.04083041565786516,0.10901009378862887,0.006130849612627496,registered
384,1787909284.9534566,1787909284.9528575,55.01154649449677,1135.0115464944968,989.9583641559741,1134.878875274194,1134.9141712091302,0.09737528536652462,0.10956585009660103,0.10727068078064579,0.005663295444866352,registered
385,1787909284.9820387,1787909284.981278,57.19609784446425,1137.1960978444642,992.1429155059416,1137.3895800727078,1137.4719127821613,-0.27581493769719145,-0.29025180018891206,0.09623609134963385,0.005175188630284161,registered
386,1787909285.010202,1787909285.0095322,59.90192859389208,1139.901928593892,994.8487462553695,1139.9350295361855,1140.0146989352706,-0.11277034137833652,-0.07325656213401999,0.07078209148501288,0.004408065398815912,registered
387,1787909285.0391073,1787909285.0384123,62.68494811919027,1142.6849481191903,997.6317657806675,1142.5665070564637,1142.613809302577,0.07113881661302912,0.06632834047150027,0.08391772167264336,0.004955846780959449,registered
388,1787909285.0674794,1787909285.066927,65.26027843569454,1145.2602784356945,1000.207096097172,1145.1426133722966,1145.1800263287923,0.08025210690243512,0.07680109163038651,0.10101873636692178,0.005392480020629683,registered
389,1787909285.0962322,1787909285.095556,67.44026441041228,1147.4402644104123,1002.3870820718896,1147.7203807449703,1147.7565426398892,-0.3162782294770068,-0.2740923700358735,0.08858061106746613,0.005348241779617486,registered
390,1787909285.124763,1787909285.1239982,70.45895746126371,1150.4589574612637,1005.4057751227409,1150.3596120670015,1150.3162367856794,0.14272067558420076,0.15471950636560905,0.09631615067901504,0.006663185325192288,registered
391,1787909285.1533763,1787909285.1525633,73.02110318592236,1153.0211031859224,1007.9679208473997,1152.9251555996623,1152.8870026627174,0.13410052320500654,0.14810454172754817,0.09774909092749372,0.006257652746666775,registered
392,1787909285.181854,1787909285.1812398,75.48510015211946,1155.4851001521195,1010.4319178135968,1155.4779394328273,1155.4677888856718,0.01731126644779124,-0.01718048486850421,0.1124943333000313,0.006996904819639047,registered
393,1787909285.2105317,1787909285.2098763,77.97087209255369,1157.9708720925537,1012.917689754031,1158.0617066760647,1158.0449703589175,-0.07409826636364869,-0.041708640075626136,0.06687453220160802,0.0045896846684315585,registered
394,1787909285.23901,1787909285.2383406,80.76082968858236,1160.7608296885824,1015.7076473500597,1160.6861529444088,1160.6066599911533,0.15416969742909714,0.16911017884171997,0.09726963957654042,0.006334675683290377,registered
395,1787909285.267966,1787909285.2672346,83.12558415055241,1163.1255841505524,1018.0724018120297,1163.210785299562,1163.207014855383,-0.0814307048306091,-0.10362772888197469,0.0878294724942507,0.005053913278727934,registered
396,1787909285.2963378,1787909285.2957404,85.76138355661169,1165.7613835566117,1020.7082012180889,1165.7445579363382,1165.7724379783886,-0.011054421776975687,-0.027208252052901116,0.11971483934460085,0.007343799022763528,registered
397,1787909285.3247242,1787909285.3239706,88.41842488641532,1168.4184248864153,1023.3652425478926,1168.3529162266225,1168.3130569903037,0.10536789611160202,0.10265046685390189,0.08052859388629209,0.005343927752719376,registered
398,1787909285.3537967,1787909285.3531938,91.02133805043718,1171.0213380504372,1025.9681557119145,1170.990293044126,1170.9430437554124,0.0782942950247616,0.08374036206146229,0.11634658986497533,0.007146007269649119,registered
399,1787909285.3819053,1787909285.3812318,93.34100848529465,1173.3410084852947,1028.287826146772,1173.5122769976035,1173.4663685514633,-0.125360066168696,-0.1006987956645844,0.09688123430427639,0.005735903544976668,registered
400,1787909285.4103703,1787909285.4097562,96.01381437171267,1176.0138143717127,1030.96063203319,1176.062582197314,1176.0334653082623,-0.01965093654962402,0.01792509199117376,0.10505880012021442,0.006667775772187015,registered
401,1787909285.4390318,1787909285.438373,98.98520489986367,1178.9852048998637,1033.932022561341,1178.6476802831016,1178.6088873203405,0.3763175795231746,0.3981084099573309,0.13623765882388764,0.008345045705392809,registered
402,1787909285.4674509,1787909285.4669032,101.25021351792861,1181.2502135179286,1036.197031179406,1181.2260287878682,1181.1764990413835,0.07371447654509211,0.07380207915116443,0.12155260876865358,0.006800547387373941,registered
403,1787909285.4963522,1787909285.4956253,103.34353173842646,1183.3435317384265,1038.2903493999038,1183.7542175256626,1183.761383521447,-0.4178517830205237,-0.36913861258562974,0.12834399580026729,0.007004067078900884,registered
404,1787909285.5249233,1787909285.524133,106.43690631739764,1186.4369063173976,1041.383723978875,1186.3500425435604,1186.3269782992006,0.10992801819702436,0.09809298100117303,0.11593029966388226,0.006324438844819094,registered
405,1787909285.5536873,1787909285.5530124,109.20306583183287,1189.2030658318329,1044.1498834933102,1188.9668436368167,1188.9260242959767,0.2770415358561422,0.36783669496321636,0.10908988723046993,0.0055797482928369065,registered
406,1787909285.5820336,1787909285.5813909,111.40517703934529,1191.4051770393453,1046.3519947008226,1191.5066982346293,1191.4799894645512,-0.07481242520589149,-0.08739478608003992,0.11280948917507111,0.005729528840093916,registered
407,1787909285.6105905,1787909285.609828,113.90919078103889,1193.909190781039,1048.8560084425162,1194.1386663891785,1194.0392330166276,-0.13004223558868944,-0.10964454314785144,0.10277454652945843,0.005168021055048499,registered
408,1787909285.639335,1787909285.6385493,117.01786107040266,1197.0178610704027,1051.96467873188,1196.7964031216825,1196.6240531261608,0.39380794424187116,0.4362306278012511,0.16351824654199673,0.007353581837711726,registered
409,1787909285.6681647,1787909285.6674225,119.45040941345337,1199.4504094134534,1054.3972270749307,1199.2948090928035,1199.2225412450057,0.2278681684476851,0.2568288580175704,0.12038880414257584,0.005377274869704906,registered
410,1787909285.696255,1787909285.6955638,121.51911911040338,1201.5191191104034,1056.4659367718807,1201.819732816445,1201.7551568542938,-0.23603774389039245,-0.17071165246306919,0.1624095293502328,0.007611166344729863,registered
411,1787909285.724899,1787909285.7241201,124.52460408414913,1204.5246040841491,1059.4714217456265,1204.3582770135058,1204.3251288281222,0.1994752560269717,0.21705843151744375,0.20696157313030364,0.009392236413091169,registered
412,1787909285.753563,1787909285.7529457,127.025715174472,1207.025715174472,1061.9725328359493,1206.8328177467151,1206.9193255782664,0.10638959620564492,0.15739049819626416,0.2383264018279938,0.010358651616316644,registered
413,1787909285.7820802,1787909285.7813053,129.10359649672796,1209.103596496728,1064.0504141582053,1209.2955154979663,1209.471595656204,-0.36799915947608497,-0.2820935534464297,0.283872843011918,0.012858643945309412,registered
414,1787909285.810638,1787909285.8100505,131.85116968918146,1211.8511696891815,1066.7979873506588,1211.8951339660864,1212.0585614500876,-0.2073917609061482,-0.17307075397957306,0.2285358869295641,0.012901477031599856,registered
415,1787909285.8392255,1787909285.8384905,134.38898633611348,1214.3889863361135,1069.3358039975908,1214.5068555096896,1214.6180624842862,-0.2290761481726804,-0.21423413504930977,0.2509127362617164,0.01676811230914472,registered
416,1787909285.8676662,1787909285.8671567,137.0921107357933,1217.0921107357933,1072.0389283972706,1217.128222344238,1217.1979260629696,-0.10581532717628761,-0.1303307569990011,0.26857717334580655,0.01943799304809627,registered
417,1787909285.8963425,1787909285.8957443,139.90335845203003,1219.90335845203,1074.8501761135074,1219.82253959418,1219.7707088832972,0.13264956873285882,0.12944572328524373,0.22305614477886454,0.016359564666883975,registered
418,1787909285.9247694,1787909285.9241626,142.5993064615384,1222.5993064615384,1077.5461241230157,1222.5206275072826,1222.3282573447368,0.27104911680157784,0.24155879924251167,0.20534730366451207,0.01332750464490905,registered
419,1787909285.953506,1787909285.9528832,145.02583387526897,1225.025833875269,1079.9726515367463,1225.1148235276105,1224.9130130837393,0.11282079152965707,0.1136574272291,0.16815252485025553,0.010794308673583641,registered
420,1787909285.9821332,1787909285.9815104,147.90724508515768,1227.9072450851577,1082.854062746635,1227.6566894923226,1227.4893577400883,0.4178873450694027,0.4385248640401187,0.11210966763034522,0.008269305722615198,registered
421,1787909286.0104196,1787909286.0097613,150.112114391329,1230.112114391329,1085.0589320528063,1230.1304637538465,1230.0318434973883,0.08027089394067843,0.09766527554734239,0.11068117208451375,0.008475666373550905,registered
422,1787909286.0391424,1787909286.038546,152.51713770202036,1232.5171377020204,1087.4639553634977,1232.5367270155539,1232.6223711272933,-0.1052334252728997,-0.09006782015990211,0.1485739660442537,0.010823069954801043,registered
423,1787909286.0676641,1787909286.0670898,154.96195850664094,1234.961958506641,1089.9087761681183,1234.9761430741162,1235.1912058884159,-0.22924738177493964,-0.2002912531338552,0.15269728993082007,0.010736937409203857,registered
424,1787909286.0965466,1787909286.0959046,157.41614454744217,1237.4161445474422,1092.3629622089195,1237.515570109585,1237.7844370806024,-0.36829253316022914,-0.380799424909128,0.1549602504541463,0.012436020259713692,registered
425,1787909286.1252618,1787909286.1243224,160.00811271346242,1240.0081127134624,1094.9549303749397,1240.090065937176,1240.3419426283551,-0.3338299148927035,-0.321412424168102,0.1586903596677874,0.015134731181997535,registered
426,1787909286.1542783,1787909286.1536074,162.59394881390153,1242.5939488139015,1097.5407664753789,1242.7780402751598,1242.9774867159313,-0.3835379020297296,-0.37820121713957633,0.18591693399799744,0.018743045928364257,registered
427,1787909286.1822383,1787909286.181623,165.5838171388259,1245.583817138826,1100.5306348003032,1245.4999385051153,1245.4987945686928,0.08502257013310555,0.060187725966443395,0.21072798261391923,0.021875005611725794,registered
428,1787909286.2106452,1787909286.2099745,168.43068515423192,1248.430685154232,1103.3775028157092,1248.2506806481101,1248.0503351139514,0.38035004028051844,0.37907163993190807,0.16955059809041473,0.017906199694260286,registered
429,1787909286.2394252,1787909286.2388396,170.90946054919277,1250.9094605491928,1105.85627821067,1250.925083106211,1250.6480937001172,0.2613668490755572,0.24587967170623415,0.1283272986186592,0.01174393445005946,registered
430,1787909286.267781,1787909286.267065,173.5229906504287,1253.5229906504287,1108.469808311906,1253.4928841448689,1253.1882835751624,0.33470707526635124,0.3149384817977534,0.13353919856941965,0.01036181581032688,registered
431,1787909286.2965796,1787909286.2960386,176.13619441510968,1256.1361944151097,1111.083012076587,1256.02081105258,1255.7958050251225,0.3403893899871946,0.3403945522477443,0.10898705569119398,0.008373924051145704,registered
432,1787909286.3251436,1787909286.324321,178.54045230106726,1258.5404523010673,1113.4872699625446,1258.4435201298136,1258.3411230857648,0.1993292153024413,0.19855231411020213,0.11262124396830764,0.009209308100391275,registered
433,1787909286.3582015,1787909286.357352,180.6561530160027,1260.6561530160027,1115.60297067748,1260.8549309825198,1261.3137970984733,-0.6576440824705969,-0.6803087340572347,0.09733450010309753,0.008225344732332848,registered
434,1787909286.3821232,1787909286.3814054,183.21615939011417,1263.2161593901142,1118.1629770515915,1263.315634223532,1263.4785136690448,-0.2623542789306157,-0.242052647224682,0.11924899017484708,0.00928609287922717,registered
435,1787909286.4107955,1787909286.410182,185.95833261449934,1265.9583326144993,1120.9051502759767,1265.8037456571685,1266.0683117662707,-0.1099791517713129,-0.10387956106887941,0.14760592703727934,0.010052045643214762,registered
436,1787909286.439227,1787909286.438651,188.2641182151208,1268.2641182151208,1123.2109358765981,1268.3775602923429,1268.6304305353765,-0.3663123202557017,-0.3276223920386201,0.18002325970006597,0.013317920230340211,registered
437,1787909286.4678118,1787909286.4672065,190.96687135128832,1270.9668713512883,1125.9136890127656,1271.0560342468125,1271.2003166818308,-0.2334453305425086,-0.2240296448248955,0.20581002214064725,0.018017039392239934,registered
438,1787909286.4965713,1787909286.495945,193.77014126842346,1273.7701412684235,1128.7169589299008,1273.8098352931202,1273.7866816840963,-0.016540415672807285,-0.02666688695535413,0.2405981681665487,0.021051042257525947,registered
439,1787909286.5247955,1787909286.52418,196.5109934340553,1276.5109934340553,1131.4578110955326,1276.5220744185362,1276.3277298328815,0.18326360117384866,0.15001689887003522,0.21318084783038888,0.02009971381721139,registered
440,1787909286.5535698,1787909286.5530064,199.3188850065069,1279.318885006507,1134.2657026679842,1279.213837881873,1278.9220124103997,0.39687259610718684,0.39169633044616603,0.17727496297585663,0.015958852133166862,registered
441,1787909286.5827656,1787909286.5821342,201.95806985901004,1281.95806985901,1136.9048875204874,1281.8608015922227,1281.5434164381068,0.41465342090327795,0.42257592678583933,0.1889192805733288,0.014452599511112295,registered
442,1787909286.6106915,1787909286.6099267,204.49688413443846,1284.4968841344385,1139.4437017959158,1284.378911864966,1284.044640685349,0.4522434490895648,0.47676280476139254,0.15604471521194277,0.012104560688153864,registered
443,1787909286.6395311,1787909286.6387544,206.8502413439801,1286.85024134398,1141.7970590054574,1286.8365139252828,1286.6390305470845,0.211210796895557,0.21365341199020804,0.13618232775625067,0.010306807413029527,registered
444,1787909286.6692116,1787909286.6681068,209.27186587911365,1289.2718658791136,1144.218683540591,1289.275422119829,1289.2806469213722,-0.008781042258533489,-0.037593437600889956,0.14106780717462764,0.009763211358013543,registered
445,1787909286.696424,1787909286.695702,211.54853402750427,1291.5485340275043,1146.4953516889816,1291.7074281484083,1291.7641263590367,-0.2155923315324344,-0.19927062300075704,0.16841913712280135,0.009423868289275347,registered
446,1787909286.7249844,1787909286.724313,214.09480136306183,1294.0948013630618,1149.0416190245392,1294.2057546677725,1294.3390119500275,-0.24421058696566433,-0.28026234987646603,0.20934034488794695,0.009114102640896382,registered
447,1787909286.75403,1787909286.753195,216.80349370557929,1296.8034937055793,1151.7503113670566,1296.7909801572896,1296.938293972082,-0.13480026650267973,-0.12941531935871353,0.23110880053008384,0.011751117589804193,registered
448,1787909286.7824864,1787909286.7816439,219.4345881619979,1299.434588161998,1154.3814058234752,1299.4310449564935,1299.49858890949,-0.0640007474921731,-0.03745883537226291,0.2482929277655886,0.013784338796396269,registered
449,1787909286.8114138,1787909286.8106377,222.06271378057636,1302.0627137805764,1157.0095314420537,1302.08795956777,1302.1079341911482,-0.04522041057180104,-0.01399276353163259,0.2543237047053831,0.013272402182707189,registered
450,1787909286.8393357,1787909286.838648,224.83146091971912,1304.8314609197191,1159.7782785811964,1304.7245884143779,1304.6287699933525,0.2026909263665857,0.21898626424354006,0.29424279929173214,0.011525530716179256,registered
451,1787909286.8679976,1787909286.8672457,227.44774564719614,1307.4477456471961,1162.3945633086735,1307.3200008934273,1307.202454001107,0.24529164608907195,0.28128743698221115,0.2693083140691057,0.009471848882691657,registered
452,1787909286.897025,1787909286.8962598,229.8657140114733,1309.8657140114733,1164.8125316729506,1309.8931726474862,1309.8136231144629,0.052090897010430126,0.10402526810753443,0.18996158195133783,0.007706717210456503,registered
453,1787909286.9252148,1787909286.924521,232.38609507643378,1312.3860950764338,1167.332912737911,1312.4407504965889,1312.3570315160337,0.02906356040011815,0.03388623187993289,0.11901827226548066,0.005327610128107715,registered
454,1787909286.95367,1787909286.9530988,234.87271324645235,1314.8727132464523,1169.8195309079297,1315.0050309923586,1314.9289346057772,-0.05622135932480887,-0.062070076782219985,0.12155473323152119,0.00561809321988018,registered
455,1787909286.9827175,1787909286.9820347,237.58481519152951,1317.5848151915295,1172.5316328530068,1317.541027783348,1317.5330658744638,0.05174931706574171,0.07130595770854598,0.09646367741500975,0.004235608226745828,registered
456,1787909287.010612,1787909287.0099995,240.1584077125351,1320.158407712535,1175.1052253740124,1320.083863094757,1320.049803419559,0.10860429297599694,0.13984683671492348,0.10528083863667421,0.0043962849728200965,registered
457,1787909287.039547,1787909287.0386798,242.65029399290574,1322.6502939929057,1177.597111654383,1322.6914627159244,1322.6309329520095,0.019361040896228587,0.019667458014509975,0.09651155981259991,0.004215628722790985,registered
458,1787909287.0677314,1787909287.0670953,245.35781117372517,1325.3578111737252,1180.3046288352025,1325.2622063244567,1325.188223931327,0.16958724239816547,0.17749168499972257,0.11518442342278298,0.005337523178232285,registered
459,1787909287.0964222,1787909287.0959036,247.7081539328983,1327.7081539328983,1182.6549715943756,1327.82212694817,1327.780875788739,-0.07272185584065483,-0.02865368439120175,0.0966448426050994,0.004704353974094165,registered
460,1787909287.124991,1787909287.1242743,250.34384029418266,1330.3438402941827,1185.29065795566,1330.385872071947,1330.334132881478,0.00970741270475628,0.03700271762477314,0.07803599576003489,0.0038247094810324894,registered
461,1787909287.1534412,1787909287.152925,253.10251325316426,1333.1025132531643,1188.0493309146416,1332.9605286943852,1332.9126017653339,0.18991148783038625,0.17694888061714664,0.12036519339984143,0.005782897112696184,registered
462,1787909287.182194,1787909287.1815207,255.37711229476145,1335.3771122947614,1190.3239299562388,1335.4706672346704,1335.4861141183403,-0.10900182357886479,-0.09572068473494255,0.102208702348581,0.00508953948907269,registered
463,1787909287.210731,1787909287.2101014,258.0754132830068,1338.0754132830068,1193.0222309444841,1338.0108680562157,1338.058274690206,0.01713859280084762,0.0413742457801618,0.08586883410339183,0.004629450830993169,registered
464,1787909287.2394445,1787909287.2388387,260.7028589518725,1340.7028589518725,1195.6496766133498,1340.6350835836874,1340.6445324082538,0.05832654361870482,0.08940676053157404,0.08445931544212507,0.0046084413854443375,registered
465,1787909287.2678428,1787909287.2672179,263.06937787495235,1343.0693778749524,1198.0161955364297,1343.191907191481,1343.198561947359,-0.1291840724065878,-0.13474692857471382,0.09357950430053032,0.0047410967140126435,registered
466,1787909287.2964256,1787909287.2957695,265.5035244360158,1345.5035244360158,1200.4503420974931,1345.7099732589566,1345.768104784317,-0.26458034830125143,-0.2824561099944276,0.09713876342604055,0.004959397436244411,registered
467,1787909287.3254375,1787909287.324444,268.5935462185155,1348.5935462185155,1203.5403638799928,1348.338913681025,1348.3487193525234,0.24482686599208137,0.27900014802139594,0.09936130844583178,0.005637774960411087,registered
468,1787909287.354351,1787909287.3535879,271.104044607431,1351.104044607431,1206.0508622689083,1350.9413819937386,1350.9715609887453,0.1324836186856828,0.14838564753972605,0.08890119680716642,0.005026120656773835,registered
469,1787909287.3824344,1787909287.3817186,273.2553894525747,1353.2553894525747,1208.202207114052,1353.5010882106012,1353.5032324969193,-0.24784304434456317,-0.24814347794176683,0.08022640536889698,0.00434871490251945,registered
470,1787909287.4105172,1787909287.4099672,275.9820731492307,1355.9820731492307,1210.928890810708,1356.0922554559497,1356.0455036857843,-0.06343053655359654,-0.07067879037776947,0.06566902169781097,0.003675052408286526,registered
471,1787909287.4396143,1787909287.4388475,278.9915174557125,1358.9915174557125,1213.9383351171898,1358.7149094925758,1358.6446355099342,0.34688194577825016,0.3485436956163994,0.09940341472832465,0.005954365626888057,registered
472,1787909287.46909,1787909287.4679809,281.19554822290115,1361.1955482229012,1216.1423658843785,1361.2625515567042,1361.266533045042,-0.07098482214087198,-0.0711190134327353,0.07295402923128957,0.004299999906505314,registered
473,1787909287.4965565,1787909287.4958117,283.5909473732461,1363.590947373246,1218.5377650347234,1363.7811193791224,1363.7712118440882,-0.18026447084207575,-0.1449378498587066,0.10437554271869248,0.005959147363134944,registered
474,1787909287.5259366,1787909287.5252035,286.54903627702924,1366.5490362770292,1221.4958539385066,1366.390773341488,1366.4163685975539,0.13266767947538938,0.11153900867338962,0.07199307545074696,0.0042005912773395255,registered
475,1787909287.5536814,1787909287.5528717,289.1758935062926,1369.1758935062926,1224.12271116777,1368.9858938682214,1368.9064138293306,0.2694796769619643,0.2593245668990676,0.11350516773887687,0.006742183241464124,registered
476,1787909287.582166,1787909287.5815558,291.2611098396883,1371.2611098396883,1226.2079275011656,1371.4847963179627,1371.487886671277,-0.22677683158872242,-0.21530945792505918,0.09903512641378467,0.005837482251108768,registered
477,1787909287.6107078,1787909287.6100178,293.75660962238635,1373.7566096223863,1228.7034272838637,1374.0406220125656,1374.0493617350778,-0.29275211269145984,-0.3000762347780892,0.08743476954771179,0.004925304265675106,registered
478,1787909287.6401634,1787909287.639499,297.04591650747807,1377.045916507478,1231.9927341689554,1376.6326807456592,1376.7025648048575,0.34335170262056636,0.35915443965518534,0.12409549824546066,0.0069361365497512505,registered
479,1787909287.667986,1787909287.6671798,299.28116620591527,1379.2811662059153,1234.2279838673926,1379.1508399404195,1379.1937472493398,0.08741895657544774,0.08182206024389416,0.10972033178177776,0.006610257022705955,registered
480,1787909287.6965845,1787909287.6959026,301.2906590782445,1381.2906590782445,1236.2374767397218,1381.6731082959654,1381.778696099934,-0.48803702168947893,-0.494017412994026,0.1258582634213094,0.007905085075299315,registered
481,1787909287.7256224,1787909287.7248693,304.2971498626616,1384.2971498626616,1239.243967524139,1384.2456399273983,1384.3855953014324,-0.08844543877080469,-0.08790864502338991,0.12617698450729087,0.007904106970622719,registered
482,1787909287.7538526,1787909287.7529771,307.08718002885075,1387.0871800288508,1242.033997690328,1386.7899366136435,1386.9152069526301,0.17197307622063818,0.18010478380938366,0.17021918017498847,0.010358385002899036,registered
483,1787909287.7822344,1787909287.7816656,309.1438195484527,1389.1438195484527,1244.09063720993,1389.2793528009804,1389.4970660177596,-0.35324646930689596,-0.3426660514082869,0.12070093654810292,0.0077716634264247825,registered
484,1787909287.8110807,1787909287.8101094,311.7425577025731,1391.742557702573,1246.6893753640504,1391.9339072593093,1392.0569103614541,-0.3143526588810346,-0.29636478434258606,0.1570643167943381,0.011512663294033542,registered
485,1787909287.8392055,1787909287.8385737,314.6440870815052,1394.6440870815052,1249.5909047429825,1394.6405827431608,1394.61859999369,0.02548708781523601,0.0443491868302317,0.18343921956923442,0.014892600593449202,registered
486,1787909287.8680549,1787909287.8673213,317.30634700890914,1397.3063470089091,1252.2531646703865,1397.2743437191589,1397.2057803560085,0.10056665290062483,0.11407517106954401,0.1783361099808603,0.014800156065567881,registered
487,1787909287.8965905,1787909287.8959446,319.80147704485057,1399.8014770448506,1254.748294706328,1399.8416849055525,1399.7817817028615,0.01969534198906331,0.020336361119916546,0.1517418962812797,0.013071076279190125,registered
488,1787909287.9260023,1787909287.9253325,322.721110266752,1402.721110266752,1257.6679279282293,1402.5194934989104,1402.4265951468312,0.2945151199207885,0.2732346437110209,0.12358148723882542,0.01082872748337724,registered
489,1787909287.9537501,1787909287.9531481,325.2528463453216,1405.2528463453216,1260.199664006799,1405.119104135647,1404.929900707893,0.32294563742857463,0.3366392867171726,0.11557136704451675,0.009598044891775773,registered
490,1787909287.982609,1787909287.981842,327.5249507278843,1407.5249507278843,1262.4717683893616,1407.6341782883703,1407.5122532804232,0.012697447461050615,0.02763343078709113,0.1284501523673172,0.010195869910232622,registered
491,1787909288.0107715,1787909288.0101674,329.7571384959367,1409.7571384959367,1264.703956157414,1410.1443661981484,1410.0614335728962,-0.3042950769595336,-0.3457287283686128,0.12827038275105124,0.009048833219974833,registered
492,1787909288.0486472,1787909288.0478942,333.00511006719626,1413.0051100671963,1267.9519277286736,1412.623947587153,1413.4567215752563,-0.45161150806006845,-0.48349914069763145,0.14376702395980243,0.009591996754904885,registered
493,1787909288.0678487,1787909288.0672336,335.1790067476236,1415.1790067476236,1270.125824409101,1415.1108459795892,1415.19719343607,-0.018186688446348853,-0.043419572602942935,0.1080983846539489,0.008089752969351804,registered
494,1787909288.096407,1787909288.095818,337.5278090256895,1417.5278090256895,1272.4746266871668,1417.633728380749,1417.7696973174316,-0.2418882917420433,-0.2417082099111667,0.14526712352606844,0.012167247661710377,registered
495,1787909288.1252909,1787909288.1244457,340.16854486185844,1420.1685448618584,1275.1153625233358,1420.237552047236,1420.3460848874677,-0.17754002560923254,-0.15325069899449772,0.10696232160820959,0.010276311399535143,registered
496,1787909288.1540298,1787909288.1532836,342.73414864004326,1422.7341486400433,1277.6809663015206,1422.8767844647377,1422.941397393474,-0.20724875343080384,-0.20624614277653563,0.15333528183913567,0.015915171605062648,registered
497,1787909288.1824617,1787909288.1818013,345.55120206143965,1425.5512020614397,1280.498019722917,1425.4581810194163,1425.5078933586549,0.0433087027847705,0.07194869125510195,0.13292867473586564,0.013962189104661906,registered
498,1787909288.2108355,1787909288.2102554,348.0192463620383,1428.0192463620383,1282.9660640235156,1428.1088426429114,1428.0686603466202,-0.04941398458186086,-0.046302751353550775,0.13253275677515394,0.01395802887025501,registered
499,1787909288.239506,1787909288.238916,350.96308344014324,1430.9630834401432,1285.9099011016206,1430.7950774186745,1430.6480089610595,0.31507447908370523,0.2844817617415174,0.12437472029604837,0.012866298688473233,registered
500,1787909288.2680073,1787909288.2673035,353.50374917491877,1433.5037491749188,1288.450566836396,1433.3879928153012,1433.2027894896873,0.3009596852314189,0.3159507194741309,0.10732875235323135,0.010586394597431888,registered
501,1787909288.2965624,1787909288.2959878,355.832749235846,1435.832749235846,1290.7795668973233,1435.9324133619173,1435.7842837884773,0.04846544736869873,0.06317973185741721,0.13206554608713877,0.0124231716524044,registered
502,1787909288.325632,1787909288.324815,358.338201705895,1438.338201705895,1293.2850193673723,1438.4518621724114,1438.378630736526,-0.040429030631003116,-0.02601846231914351,0.09857385250878989,0.007878202598220198,registered
503,1787909288.3536825,1787909288.3531015,1.1955877152306584,1441.1955877152307,1296.142405376708,1440.9319224793003,1440.924313563508,0.27127415172276415,0.2248969456568375,0.15303227649276616,0.010353953875755344,registered
504,1787909288.382306,1787909288.381743,3.236387824182202,1443.2363878241822,1298.1832054856595,1443.401195939256,1443.5019456304672,-0.26555780628495995,-0.25192874318918257,0.13326333389703415,0.009475405806012192,registered
505,1787909288.410725,1787909288.4100544,5.900682877792178,1445.9006828777922,1300.8475005392695,1445.9046249674889,1446.0498814260172,-0.1491985482250584,-0.1612767017616079,0.12539281971784622,0.008907173094761897,registered
506,1787909288.439299,1787909288.4386966,8.546306973444644,1448.5463069734446,1303.493124634922,1448.50109829627,1448.627577863507,-0.081270890062342,-0.016459635780165627,0.14729344067958983,0.010932261255602633,registered
507,1787909288.467886,1787909288.4672163,10.915368346864625,1450.9153683468646,1305.862186008342,1451.1200753534827,1451.1942454834357,-0.2788771365710545,-0.2907026707239311,0.16514918940501827,0.013114433135305695,registered
508,1787909288.4963489,1787909288.4957461,13.802793527300082,1453.8027935273,1308.7496111887774,1453.74966495455,1453.7618357476351,0.04095777966495007,0.0371180917163656,0.14646036358390882,0.011513751332359792,registered
509,1787909288.5252097,1787909288.5244625,16.334676144879722,1456.3346761448797,1311.281493806357,1456.437772680717,1456.3462052634545,-0.011529118574799213,-0.04162998718925337,0.17692427593219873,0.014194291201892542,registered
510,1787909288.5536895,1787909288.5531034,19.30707346521831,1459.3070734652183,1314.2538911266956,1459.0628166629679,1458.9237944167269,0.38327904849143124,0.3651228850112602,0.14866534901331874,0.01166747681838375,registered
511,1787909288.5823214,1787909288.5817173,21.72394670990502,1461.723946709905,1316.6707643713823,1461.6593225666215,1461.4989374898396,0.22500922006543078,0.23319789073048014,0.12513486098718243,0.009233768518981786,registered
512,1787909288.6107469,1787909288.6101804,24.181458777870603,1464.1814587778706,1319.128276439348,1464.2153638509512,1464.060519837858,0.12093894001259287,0.13068838648905512,0.12005574740096017,0.008440885904478957,registered
513,1787909288.6395786,1787909288.6388774,26.66479193146165,1466.6647919314617,1321.611609592939,1466.6842963507238,1466.6431513493537,0.021640582107920636,0.060949779111979296,0.11002827248868063,0.006301929563712822,registered
514,1787909288.667966,1787909288.6673334,29.220118550773805,1469.2201185507738,1324.1669362122511,1469.2066754532984,1469.2040899920669,0.016028558706921103,0.016438895603641868,0.12398635171272301,0.005901374626913054,registered
515,1787909288.696854,1787909288.6960282,31.644978255988008,1471.644978255988,1326.5917959174653,1471.7076851797972,1471.786528391971,-0.14155013598292499,-0.15608983501442708,0.10892469089957674,0.005787386666129114,registered
516,1787909288.7253587,1787909288.7245996,34.165724489075274,1474.1657244890753,1329.1125421505526,1474.2627974422812,1474.35785214694,-0.19212765786483033,-0.20728212047038141,0.10550405751809863,0.005879118221665936,registered
517,1787909288.753857,1787909288.7532697,36.85158970697216,1476.8515897069722,1331.7984073684495,1476.911033140418,1476.9380590351197,-0.08646932814758657,-0.06539515337954072,0.1590340125693386,0.009323289833459819,registered
518,1787909288.7851276,1787909288.784396,39.6769611490829,1479.676961149083,1334.6237788105602,1479.5133006067738,1479.739314325076,-0.06235317599316659,-0.07227180137419964,0.14631683783039742,0.009160001819200644,registered
519,1787909288.81099,1787909288.8102307,42.08429709378788,1482.0842970937879,1337.0311147552652,1482.1090443007104,1482.0643564303082,0.01994066347970147,-0.011005207996277022,0.1720731350586721,0.011180750361410773,registered
520,1787909288.8399682,1787909288.8392415,44.71770270339971,1484.7177027033997,1339.664520364877,1484.7556743521836,1484.6752251478547,0.04247755554501964,0.028477644331587726,0.16320871671438075,0.00900238345434209,registered
521,1787909288.8680964,1787909288.8674576,47.572496495988844,1487.5724964959888,1342.5193141574662,1487.3454979586081,1487.2145782060031,0.35791828998571873,0.34035391731072195,0.1470650115887599,0.006303199308149968,registered
522,1787909288.8967783,1787909288.8959327,49.609196512508106,1489.609196512508,1344.5560141739854,1489.8804073341012,1489.7772333961968,-0.16803688368872827,-0.16195777477696538,0.1459383646299611,0.00721947244953266,registered
523,1787909288.9253316,1787909288.9246044,52.46429901758006,1492.46429901758,1347.4111166790574,1492.418027144124,1492.357590482281,0.10670853529904889,0.11444197244304632,0.0986149736486073,0.005545817765097105,registered
524,1787909288.9544072,1787909288.9538283,55.17477499058623,1495.1747749905862,1350.1215926520636,1495.0274847920216,1494.9876416179202,0.18713337266603958,0.1729052146081358,0.07860426684411403,0.004132983736830305,registered
525,1787909288.982532,1787909288.9817386,57.39864349140021,1497.3986434914002,1352.3454611528775,1497.5418177898664,1497.4994655458531,-0.10082205445291947,-0.08683566500212692,0.08652639835477086,0.0047012180817551505,registered
526,1787909289.0107663,1787909289.0101469,60.050239917963836,1500.0502399179638,1354.9970575794412,1500.0729309038977,1500.0561128198656,-0.005872901901739169,0.015241092217820551,0.05549592439368187,0.0034702840646227045,registered
527,1787909289.0393598,1787909289.0388434,62.78701370031126,1502.7870137003113,1357.7338313617886,1502.7034155533577,1502.6387014176742,0.14831228263710727,0.135120887041694,0.09447143632320855,0.005545316502763637,registered
528,1787909289.0681713,1787909289.0674775,65.33644178464078,1505.3364417846408,1360.283259446118,1505.2244494951922,1505.2156683224848,0.12077346215596663,0.08207829221646534,0.06862274615032102,0.0036674878517028277,registered
529,1787909289.09656,1787909289.095958,67.50064823602679,1507.5006482360268,1362.4474658975041,1507.7692654869961,1507.778817020079,-0.2781687840522409,-0.2771135531747859,0.08186173020950989,0.004965322082943587,registered
530,1787909289.1255956,1787909289.1248841,70.49195441880192,1510.491954418802,1365.4387720802793,1510.3782041343375,1510.3820685581818,0.10988586062012473,0.09199110896156526,0.07489444105146603,0.005181243929661111,registered
531,1787909289.1537328,1787909289.153194,73.0780922279962,1513.0780922279962,1368.0249098894735,1512.9568955857094,1512.9298541558271,0.1482380721690788,0.17950991462771526,0.08729718981487575,0.005574614388905748,registered
532,1787909289.1823518,1787909289.1815648,75.33605222009442,1515.3360522200944,1370.2828698815717,1515.5117220907,1515.4831327054096,-0.14708048531520035,-0.19115602358897377,0.10688817934097686,0.006620257602708838,registered
533,1787909289.2108536,1787909289.2102754,78.11357081120627,1518.1135708112063,1373.0603884726836,1518.0933248572726,1518.066987256985,0.04658355422134264,0.07101089346861045,0.08404057843694596,0.005785927009669316,registered
534,1787909289.2393947,1787909289.2388086,80.80931312128814,1520.8093131212881,1375.7561307827655,1520.7188259747172,1520.6348779169934,0.17443520429469572,0.1923600519298816,0.11640334936813343,0.007559984044661048,registered
535,1787909289.2682922,1787909289.2676685,83.26558847552315,1523.2655884755231,1378.2124061370005,1523.2520347396712,1523.232164452602,0.03342402292105362,0.024571964476308494,0.07657119692105589,0.00439301276974634,registered
536,1787909289.2968056,1787909289.2960417,85.70704645409046,1525.7070464540905,1380.6538641155678,1525.7856608133584,1525.7856575706196,-0.07861111652914587,-0.11095094554980278,0.11921156720305703,0.0072926161906851404,registered
537,1787909289.3279462,1787909289.3250587,88.4177872912453,1528.4177872912453,1383.3646049527226,1528.4018782263574,1528.3970841660973,0.020703125147974788,0.02539332451806331,0.08600778890231384,0.005707543228107749,registered
538,1787909289.3540976,1787909289.3534868,91.05294859872265,1531.0529485987227,1385.9997662602,1530.9654573945477,1530.9555123581208,0.0974362406018372,0.07733845338589163,0.12103069130218773,0.007424370771609752,registered
539,1787909289.38276,1787909289.3821669,93.36597785428671,1533.3659778542867,1388.312795515764,1533.4854663782248,1533.5366204337276,-0.17064257944093697,-0.19537275147285982,0.10006626031610624,0.005926695426835473,registered
540,1787909289.4110548,1787909289.4104214,95.97096366936421,1535.9709636693642,1390.9177813308415,1536.030788629855,1536.07942804368,-0.10846437431587219,-0.12841417452227688,0.11738720573559282,0.007444454050119429,registered
541,1787909289.4399016,1787909289.4391446,98.93972868482138,1538.9397286848214,1393.8865463462987,1538.6550145732572,1538.6644198079612,0.27530887686020833,0.2553832797530049,0.10537821729271676,0.006465918647304594,registered
542,1787909289.4681602,1787909289.4675095,101.10858237050434,1541.1085823705043,1396.0554000319817,1541.248110064501,1541.217161936456,-0.10857956595168616,-0.11829762173556446,0.09150182579685114,0.005142606451173129,registered
543,1787909289.4966018,1787909289.4960346,103.53768441800821,1543.5376844180082,1398.4845020794855,1543.7837460139244,1543.7843230637852,-0.24663864577701133,-0.2543267716794162,0.12319792248637043,0.00672996791605797,registered
544,1787909289.5255287,1787909289.5246964,106.49905660001309,1546.499056600013,1401.4458742614904,1546.3824121641792,1546.3637789624424,0.1352776375706526,0.12155371132712389,0.13027877182409486,0.0070996606148178674,registered
545,1787909289.5540342,1787909289.5533984,109.3157480029065,1549.3157480029065,1404.2625656643838,1549.0062291229356,1548.9468610676515,0.3688869352549773,0.3916556457822935,0.11500065124007357,0.005871414190165953,registered
546,1787909289.5906823,1787909289.589992,111.391820533491,1551.391820533491,1406.3386381949683,1551.554593115186,1552.2401646928377,-0.8483441593466523,-0.8945508255201275,0.13613285797445743,0.006913594551458535,registered
547,1787909289.6110632,1787909289.610306,113.85325638756626,1553.8532563875663,1408.8000740490436,1554.1743665824338,1554.068352129895,-0.21509574232868545,-0.27281899024524137,0.12834235344212858,0.006461136906814163,registered
548,1787909289.6410825,1787909289.6399465,116.98127504878016,1556.9812750487802,1411.9280927102575,1556.7649451445336,1556.7358883711354,0.24538667764477395,0.21651122819821467,0.13271723219776646,0.005975418580182153,registered
549,1787909289.6683745,1787909289.667703,119.4684342110229,1559.468434211023,1414.4152518725002,1559.23799992974,1559.2338726350083,0.23456157601458472,0.24834814798282423,0.14786418271946522,0.006607264197350057,registered
550,1787909289.6968749,1787909289.6961746,121.52528815928554,1561.5252881592855,1416.4721058207629,1561.7320151915778,1561.796227429393,-0.27093927010741936,-0.2142583954728252,0.16738789166773257,0.007845095348908883,registered
551,1787909289.7253234,1787909289.7247005,124.37318487295101,1564.373184872951,1419.3200025344283,1564.2693296286234,1564.3634529272529,0.009731945698149502,-0.017308177608128972,0.20531404471627088,0.009352464431243846,registered
552,1787909289.7542136,1787909289.7534592,126.83181066646557,1566.8318106664656,1421.778628327943,1566.7412911006174,1566.9516417612158,-0.11983109475022502,-0.115055441001914,0.23381335035461842,0.0101721014192575,registered
553,1787909289.7824092,1787909289.7817166,129.01135375859303,1569.011353758593,1423.9581714200704,1569.190611148254,1569.4947068532904,-0.48335309469734966,-0.46289126722081164,0.2539867753082352,0.011454216620379529,registered
554,1787909289.8114593,1787909289.8104987,131.79394673413776,1571.7939467341378,1426.740764395615,1571.8029525641684,1572.084998457917,-0.2910517237792192,-0.32521268251548463,0.24255245582290944,0.013622908118641523,registered
555,1787909289.8395104,1787909289.838884,134.38507972589468,1574.3850797258947,1429.331897387372,1574.4841330122117,1574.6395858749531,-0.25450614905844304,-0.2677058841386497,0.2555893952079425,0.01707784174518618,registered
556,1787909289.8684382,1787909289.8678346,137.08116551516082,1577.0811655151608,1432.0279831766381,1577.1628330368487,1577.2450260110934,-0.16386049593256757,-0.17385889748561567,0.24201018535688587,0.017510890136048278,registered
557,1787909289.8967512,1787909289.896072,139.90958522766596,1579.909585227666,1434.8564028891433,1579.8889559994918,1579.7862887283136,0.12329649935236375,0.14057062577626311,0.21960934521883116,0.01610441187137477,registered
558,1787909289.9261024,1787909289.925403,142.77451154873802,1582.774511548738,1437.7213292102153,1582.5828287973254,1582.4259954435295,0.3485161052085459,0.31865107812609494,0.20962646795411782,0.01350032833938132,registered
559,1787909289.9538105,1787909289.9531121,145.2157452428828,1585.2157452428828,1440.1625629043601,1585.167982686295,1584.919709795545,0.296035447337772,0.2365172311706374,0.1610535791117516,0.010420185356455438,registered
560,1787909289.9827788,1787909289.9821246,147.82503964271882,1587.8250396427188,1442.7718573041961,1587.6986290408836,1587.5307287109963,0.29431093172252076,0.29337946152963923,0.11599831843550892,0.00852988668687579,registered
561,1787909290.0112736,1787909290.0106256,150.1059219189474,1590.1059219189474,1445.0527395804247,1590.1635128011992,1590.0957226971318,0.01019922181558286,0.03606939210521887,0.11577316714760709,0.008865770619219112,registered
562,1787909290.0395048,1787909290.0389192,152.4797348717309,1592.479734871731,1447.4265525332082,1592.555259639626,1592.642049229419,-0.16231435768804658,-0.1668809060502099,0.1442085514262247,0.010517370845254184,registered
563,1787909290.0683136,1787909290.0676205,154.98923224231544,1594.9892322423154,1449.9360499037928,1594.9786230390614,1595.2250669640976,-0.23583472178211196,-0.22400496819500404,0.14887594486005665,0.010473463401278383,registered
564,1787909290.0967686,1787909290.096043,157.47320526958333,1597.4732052695833,1452.4200229310607,1597.5229858342989,1597.7830016487203,-0.30979637913696934,-0.31544227080917153,0.15716950527788362,0.012668381417892643,registered
565,1787909290.1259003,1787909290.1252308,160.0542819411296,1600.0542819411296,1455.001099602607,1600.1271538157678,1600.409791344147,-0.35550940301732226,-0.35617499507429784,0.15075589573573828,0.014408272189123088,registered
566,1787909290.1543553,1787909290.1537273,162.62991529849683,1602.6299152984968,1457.5767329599742,1602.8059743795939,1602.9743776502557,-0.3444623517589207,-0.3503106548719188,0.18632507777924745,0.018786609603357422,registered
567,1787909290.1828196,1787909290.182061,165.60660656131267,1605.6066065613127,1460.55342422279,1605.5313360561274,1605.5243089322516,0.08229762906103133,0.05022746913823539,0.2137609917863992,0.0222004883263424,registered
568,1787909290.2111664,1787909290.2105079,168.41250533119774,1608.4125053311977,1463.359322992675,1608.2718441512984,1608.0844322149117,0.3280731162860775,0.3357101909425637,0.17022571447471266,0.017985674229826016,registered
569,1787909290.2395566,1787909290.2389543,170.93604801079755,1610.9360480107975,1465.8828656722749,1610.9329759121115,1610.6445125838848,0.29153542691278744,0.2644628527441455,0.1361608561870413,0.012434416207460984,registered
570,1787909290.2682066,1787909290.2675424,173.52755505905543,1613.5275550590554,1468.4743727205328,1613.5058496477805,1613.2173383178992,0.31021674115618225,0.2863613678423462,0.14730677817639132,0.011428460854111354,registered
571,1787909290.29686,1787909290.2961302,176.19146860592855,1616.1914686059285,1471.1382862674059,1616.042153712885,1615.7901425950702,0.4013260108583836,0.40268842395221327,0.11612000158914557,0.008930111518910117,registered
572,1787909290.3257067,1787909290.32496,178.53695061582107,1618.536950615821,1473.4837682772984,1618.4698406039713,1618.3847255683975,0.15222504742359888,0.1614611992179107,0.11384036027283649,0.009308055607965384,registered
573,1787909290.3543894,1787909290.3533611,180.6620094059988,1620.6620094059988,1475.608827067476,1620.8858671605012,1620.9407291371047,-0.27871973110586623,-0.27190552807928725,0.08544462956664002,0.007220403108717677,registered
574,1787909290.38259,1787909290.3819287,183.30131107325747,1623.3013110732575,1478.2481287347348,1623.345114040483,1623.5117095825779,-0.21039850932038462,-0.17755725454890126,0.11049842503008848,0.008564323094817996,registered
575,1787909290.4114103,1787909290.4105887,185.9836874315656,1625.9836874315656,1480.930505093043,1625.8280789294324,1626.0910152833303,-0.10732785176469406,-0.09921647920805299,0.16847313376285636,0.01146838351673989,registered
576,1787909290.4394593,1787909290.4388843,188.26902273712994,1628.26902273713,1483.2158403986073,1628.4034205310284,1628.6375134703655,-0.36849073323560333,-0.3586252981713187,0.17859369648062967,0.013217114275629466,registered
577,1787909290.469186,1787909290.468374,190.99653271415673,1630.9965327141567,1485.943350375634,1631.0958080077212,1631.2914889865115,-0.29495627235473876,-0.2986998860349104,0.2008612582146014,0.01759740406340071,registered
578,1787909290.4970508,1787909290.4964056,193.80483420511837,1633.8048342051184,1488.7516518665957,1633.8542892850114,1633.8142344477878,-0.009400242669471481,-0.02580633683214728,0.24604147872907725,0.021528631964924407,registered
579,1787909290.5254507,1787909290.5247774,196.5327580815674,1636.5327580815674,1491.4795757430447,1636.558941084393,1636.3675988247442,0.1651592568232445,0.1570648255112701,0.20841530740750175,0.01966315610859851,registered
580,1787909290.5538995,1787909290.5533063,199.4226210341933,1639.4226210341933,1494.3694386956706,1639.267908644588,1638.9351032615696,0.4875177726237325,0.4920244474806168,0.17882874126723883,0.015988443264317826,registered
581,1787909290.5826478,1787909290.5821028,202.02364379816026,1642.0236437981603,1496.9704614596376,1641.9155759084415,1641.5266822768065,0.49696152135379634,0.495949334506804,0.20164889794140134,0.015402929339551693,registered
582,1787909290.61143,1787909290.610817,204.5311713666772,1644.5311713666772,1499.4779890281545,1644.4401788787186,1644.1108586810344,0.42031268564278434,0.4210629510052968,0.15153950537062283,0.011758289367007266,registered
583,1787909290.6397984,1787909290.6390924,206.8696268194808,1646.8696268194808,1501.8164444809581,1646.8878431444468,1646.6555544932153,0.21407232626552286,0.24784538850849458,0.1583540553996701,0.011978961280559258,registered
584,1787909290.6689847,1787909290.6683278,209.3658148249665,1649.3658148249665,1504.3126324864438,1649.3144275755376,1649.2866355573424,0.07917926762411298,0.06639762620875445,0.12943099575867234,0.008909335086039994,registered
585,1787909290.6968648,1787909290.6962078,211.55595599640674,1651.5559559964067,1506.502773657884,1651.736319971778,1651.7957344661504,-0.23977846974366912,-0.1924551817014617,0.16468140915460355,0.009205875750377238,registered
586,1787909290.7259002,1787909290.725296,214.16670806512616,1654.1667080651262,1509.1135257266035,1654.238586816626,1654.4135766578358,-0.24686859270968853,-0.2561316996475398,0.1966651194693654,0.008559296942409469,registered
587,1787909290.7541869,1787909290.753416,216.76795669398348,1656.7679566939835,1511.7147743554608,1656.848092410005,1656.9442826080522,-0.17632591406868414,-0.16568994608041976,0.22256844603202763,0.011291446170810177,registered
588,1787909290.7828228,1787909290.7820885,219.4865051626996,1659.4865051626996,1514.433322824177,1659.4802786495743,1659.524704064667,-0.03819890196746201,-0.012253572785084543,0.24541107054253652,0.013629304306009149,registered
589,1787909290.8112636,1787909290.8105736,222.15011092603982,1662.1501109260398,1517.0969285875171,1662.1279260216047,1662.0882604422877,0.0618504837520959,0.08689869714862652,0.2534900864991849,0.013154112255432674,registered
590,1787909290.8398674,1787909290.8391254,224.9014223212739,1664.901422321274,1519.8482399827512,1664.7720068304416,1664.6578247360894,0.2435975851844887,0.24900984462010456,0.30435030362221394,0.011825372215261393,registered
591,1787909290.8683429,1787909290.867623,227.53924016300834,1667.5392401630083,1522.4860578244857,1667.3548090219886,1667.2225183264159,0.3167218365924782,0.2969408548908632,0.20450770845179528,0.007221945758143111,registered
592,1787909290.8968081,1787909290.8961048,229.76169718715073,1669.7616971871507,1524.708514848628,1669.9063726361915,1669.7857743082277,-0.024077121076970798,-0.03168029592075072,0.19083007809450883,0.007698167788667104,registered
593,1787909290.9254956,1787909290.924606,232.4196602550162,1672.4196602550162,1527.3664779164935,1672.2388320568957,1672.3507897512065,0.06887050380964865,0.061278237383021406,0.1456092393166265,0.00652356333922093,registered
594,1787909290.954245,1787909290.953539,234.88119846115774,1674.8811984611577,1529.828016122635,1674.8163708046918,1674.9546420809274,-0.07344361976970504,-0.07396277175848809,0.11709338675582716,0.005411792103612231,registered
595,1787909290.982885,1787909290.9821432,237.52052773827063,1677.5205277382706,1532.467345399748,1677.578312828604,1677.5289268803,-0.008399142029475115,-0.006594171092046963,0.10859254438979905,0.0047774537669972895,registered
596,1787909291.0113835,1787909291.0108416,240.09914953535485,1680.0991495353549,1535.0459671968322,1680.5746226377541,1680.1116871328568,-0.012537597501932396,0.014698323048150996,0.12719687661199247,0.005311217104489326,registered
597,1787909291.0396817,1787909291.0391097,242.73995028786203,1682.739950287862,1537.6867679493394,1683.6909048976427,1682.655717782889,0.08423250497298795,0.09380046889395999,0.1138752239675141,0.004985196413332638,registered
598,1787909291.096799,1787909291.0961442,247.6816543526686,1687.6816543526686,1542.628472014146,1686.7894935964123,1687.7886238858766,-0.10696953320803004,-0.10065536822958165,0.09563429180461126,0.004653090653725869,registered
599,1787909291.1255386,1787909291.124999,250.3251633246582,1690.3251633246582,1545.2719809861355,1689.867579214881,1690.3854598277717,-0.06029650311347723,-0.03755678778861693,0.07921013900720217,0.0038829957610471036,registered
600,1787909291.1545372,1787909291.153727,253.1785838882745,1693.1785838882745,1548.1254015497518,1692.8644011716824,1692.9708807289228,0.20770315935169492,0.18709851912376507,0.12177882622732045,0.005852797367110569,registered
601,1787909291.1827722,1787909291.182168,255.46806435326675,1695.4680643532668,1550.414882014744,1695.6853623829581,1695.5304675904954,-0.0624032372286365,-0.04355654141841114,0.09371707521924104,0.0046777094944665774,registered
602,1787909291.211285,1787909291.210647,258.04434529392347,1698.0443452939235,1552.9911629554008,1698.3200675354049,1698.0934875470284,-0.049142253104946576,-0.04497892665767722,0.10449938055812064,0.005629371130921517,registered
603,1787909291.2395775,1787909291.2390208,260.70355030149153,1700.7035503014915,1555.6503679629689,1700.7511154470085,1700.6470235787328,0.056526722758690084,0.06874510861302952,0.08266954040280058,0.004510719761013847,registered
604,1787909291.268252,1787909291.2676222,263.3602334842867,1703.3602334842867,1558.307051145764,1703.324342794493,1703.2210508959836,0.1391825883031288,0.10363153527760005,0.10269949420490965,0.005166447588449772,registered
605,1787909291.2968764,1787909291.296152,265.76945662494495,1705.769456624945,1560.7162742864223,1705.839563784371,1705.788641160183,-0.01918453523808239,-0.06863789666499542,0.10462313841374758,0.005390652629416323,registered
606,1787909291.3265297,1787909291.3258495,268.61674723420356,1708.6167472342036,1563.5635648956809,1708.453280329892,1708.4613055870207,0.1554416471828972,0.15089887577551053,0.10032597567784239,0.005694960723171117,registered
607,1787909291.3540576,1787909291.3533957,271.17895749668037,1711.1789574966804,1566.1257751581577,1711.0609530208335,1710.9403649149233,0.2385925817570751,0.2533004551337399,0.08051759824374918,0.004545774353017237,registered
608,1787909291.3831482,1787909291.382426,273.3264754172128,1713.3264754172128,1568.2732930786901,1713.5707574207036,1713.5529930936373,-0.2265176764244643,-0.22572215227933157,0.08533021391459734,0.004621637847590348,registered
609,1787909291.4116278,1787909291.4109967,275.98817508297066,1715.9881750829707,1570.934992744448,1716.0987260068796,1716.124252478076,-0.13607739510530337,-0.15039196423253998,0.09155144805086757,0.005124458624408013,registered
610,1787909291.439768,1787909291.4391437,278.9794844664573,1718.9794844664573,1573.9263021279346,1718.7051603999557,1718.6573830516081,0.32210141484915766,0.32646385675843703,0.11128581686559573,0.006665687124584641,registered
611,1787909291.4687252,1787909291.4680243,281.2856391884652,1721.2856391884652,1576.2324568499425,1721.2717575391264,1721.2565363326019,0.029102855863357036,0.02834119944213853,0.07980663484763746,0.004696990040154475,registered
612,1787909291.4968402,1787909291.4961822,283.4872090693161,1723.4872090693161,1578.4340267307934,1723.8025551169976,1723.7906539209353,-0.30344485161913326,-0.32238491155135307,0.12107625994957988,0.006916306660387842,registered
613,1787909291.5256665,1787909291.5249307,286.5862191835374,1726.5862191835374,1581.5330368450147,1726.444570969652,1726.3779201106277,0.20829907290976735,0.2278883746835163,0.07488567730499598,0.004371337973640464,registered
614,1787909291.5541701,1787909291.55343,289.2544078093201,1729.2544078093201,1584.2012254707975,1729.0579480890615,1728.9427638988586,0.3116439104614983,0.3193178452502252,0.11126696192081176,0.006609606965188332,registered
615,1787909291.582993,1787909291.5821652,291.40590736473064,1731.4059073647306,1586.352725026208,1731.549667562012,1731.528828505315,-0.1229211405843671,-0.1291577766073715,0.09255043130846484,0.005447485216900092,registered
616,1787909291.6112056,1787909291.6105847,293.89703083814675,1733.8970308381467,1588.843848499624,1734.1112705594905,1734.086484250972,-0.18945341282528716,-0.22117270791318333,0.11801482607191749,0.006625859952706474,registered
617,1787909291.6410143,1787909291.6399148,297.1208012881334,1737.1208012881334,1592.0676189496107,1736.725411589069,1736.7260836819705,0.3947176061628852,0.36391602461299044,0.13701730824990846,0.007674755496034175,registered
618,1787909291.6692064,1787909291.6683755,299.22942880708865,1739.2294288070887,1594.176246468566,1739.2127366071718,1739.2874514615537,-0.05802265446504862,-0.08613660860100936,0.10110536872065429,0.006081650651497988,registered
619,1787909291.697202,1787909291.696458,301.30064016497704,1741.300640164977,1596.2474578264544,1741.7309457784818,1741.81478868734,-0.5141485223630298,-0.5341340424663485,0.13561648163603027,0.00851896521322494,registered
620,1787909291.7253954,1787909291.7248213,304.45474361786046,1744.4547436178605,1599.4015612793378,1744.2891217784231,1744.3673806179304,0.08736299993006469,0.04893735862106041,0.1145152804472385,0.0071584969939902645,registered
621,1787909291.7540913,1787909291.753438,307.13736951897477,1747.1373695189748,1602.084187180452,1746.8317015850105,1746.942781173165,0.19458834580973416,0.21584918200073844,0.1632350126779146,0.009936642520026209,registered
622,1787909291.782783,1787909291.7821333,309.1416546474545,1749.1416546474545,1604.0884723089318,1749.3341556038295,1749.5252624867562,-0.3836078393017033,-0.3852912594936697,0.15095574120693905,0.009718751909091768,registered
623,1787909291.8111634,1787909291.8105118,311.86648703524884,1751.8664870352488,1606.8133046967262,1751.9870416955278,1752.0792276553307,-0.21274062008183137,-0.19698850984127603,0.14220588500801323,0.0104844353172161,registered
624,1787909291.840074,1787909291.8393319,314.62390374815413,1754.6239037481541,1609.5707214096315,1754.6890163155213,1754.6729308980744,-0.049027149920220836,-0.04301001652902414,0.18276121476595292,0.014831660051225052,registered
625,1787909291.869023,1787909291.8680952,317.34313731219254,1757.3431373121925,1612.2899549736699,1757.295886449136,1757.261527412064,0.08160990012856928,0.08703379608891737,0.16801243691855264,0.01394615564199364,registered
626,1787909291.8971028,1787909291.896479,319.84678077732974,1759.8467807773297,1614.793598438807,1759.8608808689196,1759.8159646311956,0.030816146134156952,0.02851227979772375,0.1489821567469663,0.012845752170083135,registered
627,1787909291.9255488,1787909291.9249425,322.7130104798616,1762.7130104798616,1617.659828141339,1762.5360844312854,1762.3775898929011,0.33542058696048116,0.319352851073063,0.1246599693078323,0.010924599149526813,registered
628,1787909291.9544852,1787909291.9537137,325.34080076323175,1765.3408007632318,1620.287618424709,1765.1480814074903,1764.9668944827263,0.37390628050548,0.3730473713817446,0.10080850588763575,0.00835882634529421,registered
629,1787909291.9828174,1787909291.9822123,327.4584304767816,1767.4584304767816,1622.405248138259,1767.688286143581,1767.5316739004268,-0.07324342364518088,-0.05306278561010913,0.14026360335177543,0.011156619801778293,registered
630,1787909292.0113888,1787909292.0107193,329.81517307167724,1769.8151730716772,1624.7619907331546,1770.196790835068,1770.09720430765,-0.2820312359726813,-0.3057898206836853,0.10769671197667655,0.00756841319222435,registered
631,1787909292.0399082,1787909292.039256,333.11914276540824,1773.1191427654082,1628.0659604268856,1772.6785954997213,1772.665416820311,0.453725945097176,0.481316332117558,0.15559998101781092,0.010436653062378934,registered
632,1787909292.0691774,1787909292.0681987,335.323144986251,1775.323144986251,1630.2699626477283,1775.1628319529138,1775.2701488806156,0.05299610563542956,0.0693236202882872,0.10365757833432353,0.00781290706723376,registered
633,1787909292.0971537,1787909292.0964289,337.5152896892025,1777.5152896892025,1632.4621073506798,1777.6764705678406,1777.8107678925307,-0.29547820332822994,-0.31089346272278817,0.13495020491530452,0.011295921018565455,registered
634,1787909292.1258361,1787909292.1252677,340.1607770714495,1780.1607770714495,1635.1075947329268,1780.2820658163123,1780.4061662259112,-0.24538915446169085,-0.2496105226077816,0.10052490286222356,0.009654415126640834,registered
635,1787909292.1544755,1787909292.1537514,342.7559952509605,1782.7559952509605,1637.7028129124378,1782.897732965268,1782.969593862471,-0.21359861151040604,-0.27756054250676243,0.14544032928539,0.015100457626854375,registered
636,1787909292.1829462,1787909292.1821053,345.55827814949043,1785.5582781494904,1640.5050958109678,1785.4752761837685,1785.5213489761645,0.036929173325916054,-0.004026031348075776,0.12420894377447982,0.013046257805508594,registered
637,1787909292.2156572,1787909292.2148976,348.0665540833818,1788.0665540833818,1643.0133717448591,1788.1279025117321,1788.4725446885254,-0.4059906051436428,-0.43998536399817567,0.1398053439820799,0.014725266949311734,registered
638,1787909292.2397308,1787909292.2390175,350.9882436669584,1790.9882436669584,1645.9350613284357,1790.827129184213,1790.6432477184344,0.3449959485240015,0.29545246972702444,0.1305015127658729,0.013494387602676593,registered
639,1787909292.26843,1787909292.2677748,353.5501936203741,1793.550193620374,1648.4970112818514,1793.4275606559486,1793.2313078113366,0.3188858090375106,0.32430715717600833,0.11325488417748326,0.01116254310330968,registered
640,1787909292.2972126,1787909292.2964664,355.89119143716584,1795.8911914371658,1650.8380090986432,1795.9660636955848,1795.8134458154316,0.07774562173426602,0.10352734195271296,0.13414688529514154,0.012593139946856093,registered
641,1787909292.3258216,1787909292.3250616,358.3247500384048,1798.3247500384048,1653.271567699882,1798.4715854102913,1798.386915254751,-0.062165216346329544,-0.020049603557026785,0.11556565496129975,0.009247504433173806,registered
642,1787909292.354303,1787909292.3536584,1.202826472681636,1801.2028264726816,1656.149644134159,1800.9330729395504,1800.9605348919752,0.24229158070647827,0.20896202385574725,0.1687292181863861,0.011416374480885278,registered
643,1787909292.3830156,1787909292.3823202,3.283618631862737,1803.2836186318627,1658.23043629334,1803.4015332280674,1803.5399907906321,-0.256372158769409,-0.2658837229596429,0.12098130932085162,0.008610909501296189,registered
644,1787909292.4115207,1787909292.4107864,5.846483269782084,1805.846483269782,1660.7933009312594,1805.9007728749548,1806.101852077616,-0.25536880783397464,-0.2936166599986336,0.14528250875888138,0.010324812037115053,registered
645,1787909292.4396935,1787909292.4391217,8.510790074622491,1808.5107900746225,1663.4576077360998,1808.5001126857276,1808.6519335575165,-0.1411434828939946,-0.0740370475787131,0.14087365969561041,0.01044182070729733,registered
646,1787909292.4685812,1787909292.4680243,10.94025643038708,1810.940256430387,1665.8870740918644,1811.134938556496,1811.2530608681125,-0.31280443772539,-0.33017372475273987,0.15239007882092967,0.012104347569644179,registered
647,1787909292.4975371,1787909292.4967728,13.87248957055499,1813.872489570555,1668.8193072320323,1813.767612793154,1813.8403270578049,0.032162512750119276,0.030404514244537495,0.13898972185007855,0.010924575654039065,registered
648,1787909292.5281906,1787909292.5252695,16.34971312342327,1816.3497131234233,1671.2965307849006,1816.464243710138,1816.4049348207573,-0.05522169733399096,-0.09681012245164311,0.16291227725104415,0.01307236317658699,registered
649,1787909292.5543401,1787909292.5537462,19.348561467221543,1819.3485614672215,1674.2953791286989,1819.1127915714865,1818.9677402088553,0.380821258366268,0.3600662587298302,0.15324785254251805,0.012013511360975131,registered
650,1787909292.5825958,1787909292.5820246,21.77939525802708,1821.779395258027,1676.7262129195044,1821.7134494261413,1821.5126935031583,0.2667017548687909,0.2754599833397151,0.11998974868936675,0.008846236105863721,registered
651,1787909292.6121085,1787909292.6112902,24.208115040267785,1824.2081150402678,1679.154932701745,1824.2680834493985,1824.1464995864105,0.06161545385725731,0.05172487651384472,0.1297652214315667,0.009113636705207663,registered
652,1787909292.6404653,1787909292.6396217,26.740580213391468,1826.7405802133915,1681.6873978748688,1826.735144485112,1826.6962377568148,0.04434245657671454,0.09211147825021726,0.12798487145171897,0.007265767579277866,registered
653,1787909292.6685681,1787909292.667887,29.302591546341773,1829.3025915463418,1684.249409207819,1829.2750028451999,1829.2400109247249,0.06258062161691669,0.04900968287120122,0.1424205242637001,0.006786752827273216,registered
654,1787909292.697525,1787909292.6967955,31.69014049469115,1831.6901404946911,1686.6369581561685,1831.7664621521503,1831.8416746564085,-0.15153416171733625,-0.14246419604978655,0.12182688214889648,0.006484507903747543,registered
655,1787909292.7259388,1787909292.7252343,34.2298927723391,1834.229892772339,1689.1767104338164,1834.3303180121231,1834.4010684063894,-0.17117563405031433,-0.15096775383085514,0.1086191909325829,0.0060569618713565195,registered
656,1787909292.7544878,1787909292.7538207,36.915214031069354,1836.9152140310694,1691.8620316925467,1836.9907040872627,1836.9737439424994,-0.05852991143001418,-0.026957223376484762,0.15415819027679903,0.009050707251209014,registered
657,1787909292.7827754,1787909292.7821486,39.78496337458273,1839.7849633745827,1694.73178103606,1839.5933841882716,1839.523160260251,0.2618031143317694,0.26357942679669577,0.14369463237974112,0.009020998845335857,registered
658,1787909292.8115838,1787909292.8109155,42.09812126216934,1842.0981212621693,1697.0449389236467,1842.196162604906,1842.1120786268932,-0.013957364723864885,-0.034072447414700946,0.16666546413373626,0.010827954577227067,registered
659,1787909292.8401449,1787909292.839499,44.87871145860049,1844.8787114586005,1699.8255291200778,1844.8353047956912,1844.684496680881,0.19421477771948048,0.19134475540590756,0.16163253585409115,0.008748858991430547,registered
660,1787909292.8691635,1787909292.8684494,47.64642148257872,1847.6464214825787,1702.593239144056,1847.405267707355,1847.2899368170213,0.3564846655574456,0.3491676676756015,0.16715669965868615,0.007172513491155626,registered
661,1787909292.8992312,1787909292.8984277,49.64022719244895,1849.640227192449,1704.5870448539263,1849.9211933453234,1849.9878774055067,-0.3476502130577046,-0.35811566998677336,0.1496754074432542,0.007424469725203814,registered
662,1787909292.9261177,1787909292.9252985,52.48741633626605,1852.487416336266,1707.4342339977434,1852.4340626301232,1852.4061494957627,0.08126684050330368,0.06374878605902268,0.09386190571430211,0.00527819008113241,registered
663,1787909292.9544442,1787909292.9538114,55.11307126446741,1855.1130712644674,1710.0598889259447,1855.0253659310881,1854.9722163240735,0.14085494039386504,0.10205649442900722,0.09315954232385569,0.004905526593858124,registered
664,1787909292.9827945,1787909292.982106,57.38046268987341,1857.3804626898734,1712.3272803513507,1857.507730330487,1857.5186286837347,-0.1381659938613211,-0.16992737729788132,0.09703809056097598,0.005267243032012908,registered
665,1787909293.0115676,1787909293.011026,60.04341892442085,1860.0434189244208,1714.9902365858982,1860.046407337074,1860.1213223439063,-0.07790341948543755,-0.07782096880737299,0.07508694619333289,0.0046945489529005135,registered
666,1787909293.0401363,1787909293.0393794,62.750808031210454,1862.7508080312105,1717.6976256926878,1862.6727769278332,1862.673034543913,0.07777348729746336,0.05196319838387353,0.09071195961873378,0.005336200715815135,registered
667,1787909293.0685046,1787909293.0679114,65.3126300804372,1865.3126300804372,1720.2594477419145,1865.210840086666,1865.2408179197039,0.07181216073331598,0.016124196408782154,0.10597143472143593,0.005661269973130939,registered
668,1787909293.0972967,1787909293.096599,67.49784959396766,1867.4978495939677,1722.444667255445,1867.7630055704549,1867.822612614303,-0.32476302033524007,-0.3203232761231902,0.08555496426295744,0.005188232975796447,registered
669,1787909293.125645,1787909293.1250052,70.53383533419287,1870.5338353341929,1725.4806529956702,1870.3945031892194,1870.379066776724,0.15476855746896945,0.11630797382667879,0.062022713170122694,0.004290577149919907,registered
670,1787909293.1542928,1787909293.1536527,73.05563223160652,1873.0556322316065,1728.0024498930838,1873.0002121702473,1872.9572352647708,0.09839696683570764,0.09417230623284922,0.09772347194758185,0.006246535426708962,registered
671,1787909293.1829119,1787909293.182274,75.44487292379495,1875.444872923795,1730.3916905852723,1875.5651299864217,1875.5330649568757,-0.08819203308075885,-0.12349110859372558,0.09761812110452887,0.006064332180515019,registered
672,1787909293.2115066,1787909293.2109182,78.13205973541085,1878.1320597354108,1733.0788773968882,1878.15548887474,1878.1109330491136,0.021126686297293418,0.016325668038462027,0.09177022543564964,0.00632038581741304,registered
673,1787909293.2398496,1787909293.2392862,80.99315763144409,1880.993157631444,1735.9399752929214,1880.8061776878149,1880.663954116574,0.32920351487018706,0.34208893968002485,0.11979744283083607,0.007697556639934005,registered
674,1787909293.2686014,1787909293.268053,83.31967697525943,1883.3196769752594,1738.2664946367368,1883.3494484762264,1883.2528724832162,0.06680449204327488,0.07305331403267701,0.07477193097473232,0.004285825083280236,registered
675,1787909293.298017,1787909293.297393,85.72392855775365,1885.7239285577537,1740.670746219231,1885.8901109752974,1885.8933731016416,-0.16944454388794838,-0.20459283756736113,0.13076712330036253,0.008006429436569325,registered
676,1787909293.3278394,1787909293.32568,88.57090759915991,1888.57090759916,1743.5177252606372,1888.5026560742967,1888.4390988423106,0.1318087568492956,0.13598837281460874,0.10332772541768913,0.0068510471194667315,registered
677,1787909293.3542953,1787909293.353617,91.23458983867704,1891.234589838677,1746.1814075001544,1891.0804589766576,1890.953325936716,0.2812639019609833,0.276634683113798,0.11898540361956997,0.007247827257697564,registered
678,1787909293.3833792,1787909293.382621,93.4081939105049,1893.408193910505,1748.3550115719822,1893.5743590735715,1893.5635938626447,-0.15539995213976,-0.16353776317214397,0.10236525566800031,0.006066903581923704,registered
679,1787909293.4114854,1787909293.410807,96.05918236872935,1896.0591823687294,1751.0060000302067,1896.1465215452645,1896.100221901668,-0.041039532938611956,-0.05150160841981233,0.09530158330419598,0.006053263651031132,registered
680,1787909293.4402394,1787909293.4395268,99.0666836290186,1899.0666836290186,1754.013501290496,1898.755246600263,1898.68491327014,0.38177035887861166,0.39620435304527746,0.11093569048117174,0.006773895838981228,registered
681,1787909293.468851,1787909293.4681396,101.1940606084238,1901.1940606084238,1756.1408782699011,1901.318236286359,1901.2599705158786,-0.06590990745485215,-0.11181223783751193,0.12203328638796782,0.006839489737271091,registered
682,1787909293.4974582,1787909293.4967856,103.54365154638913,1903.5436515463891,1758.4904692078665,1903.8380570051095,1903.8380102628646,-0.29435871647547174,-0.29735295813452467,0.13693043309292735,0.0074804010069959475,registered
683,1787909293.5260532,1787909293.52521,106.66688002545402,1906.666880025454,1761.6136976869313,1906.451535461003,1906.3960951453919,0.27078488006213774,0.30727978797608557,0.12504159278926189,0.006793153716031477,registered
684,1787909293.5544326,1787909293.553838,109.24793307262644,1909.2479330726264,1764.1947507341038,1909.0469090498318,1908.972525629115,0.2754074435115399,0.24876597605589268,0.10336726246161045,0.005283122708488736,registered
685,1787909293.5833788,1787909293.5825295,111.44046139076431,1911.4404613907643,1766.3872790522416,1911.5777473274902,1911.5546636332099,-0.11420224244557176,-0.12455678023115979,0.10688350227020418,0.005429622415821946,registered
686,1787909293.61142,1787909293.6108327,113.90296838861218,1913.9029683886122,1768.8497860500895,1914.1847704084166,1914.1018484392373,-0.19888005062512093,-0.20377406630973383,0.08821804086843406,0.004436626535013089,registered
687,1787909293.6411178,1787909293.640184,117.06182361154697,1917.061823611547,1772.0086412730243,1916.7880269611248,1916.7433575293073,0.3184660822396381,0.3151760309456222,0.15513510122595325,0.006967005653969453,registered
688,1787909293.6691778,1787909293.6684988,119.38826381275067,1919.3882638127507,1774.335081474228,1919.2928698078463,1919.2915937206662,0.09667009208442323,0.13021200107891673,0.14060687713852477,0.006271428284222694,registered
689,1787909293.69783,1787909293.6971476,121.6110661929456,1921.6110661929456,1776.557883854423,1921.8407749190283,1921.8698909497741,-0.2588247568285169,-0.21470190076684048,0.16810036301205475,0.007886654519840117,registered
690,1787909293.7258422,1787909293.725206,124.47648723205702,1924.476487232057,1779.4233048935344,1924.4012632186566,1924.395039577523,0.08144765453403124,0.021888935113338448,0.20969764269542432,0.009527767452750618,registered
691,1787909293.7549624,1787909293.7542362,127.10033076043533,1927.1003307604353,1782.0471484219127,1926.8851991978445,1927.007667756237,0.09266300419835716,0.11248439246310227,0.23944945386552702,0.01040533107499447,registered
692,1787909293.7835677,1787909293.7827845,129.26848828075344,1929.2684882807534,1784.2153059422308,1929.3629494824381,1929.5769101973863,-0.3084219166328239,-0.2621539472668246,0.24983126045170456,0.011414099973940668,registered
693,1787909293.8114657,1787909293.8107824,131.89040219698995,1931.89040219699,1786.8372198584673,1931.9813350649288,1932.0966302437287,-0.20622804673871542,-0.18018363093483458,0.24651480742810866,0.013965032446296067,registered
694,1787909293.8402145,1787909293.8395712,134.50323515192895,1934.503235151929,1789.4500528134063,1934.6239454224728,1934.6875226399734,-0.18428748804444695,-0.16902594891553235,0.2593518857370301,0.01741366654706696,registered
695,1787909293.869083,1787909293.8684006,137.13988441001766,1937.1398844100177,1792.086702071495,1937.255115595334,1937.2820626996136,-0.14217828959590406,-0.13980762109281386,0.262655245117353,0.019029856226311138,registered
696,1787909293.8974605,1787909293.896774,140.08035301215364,1940.0803530121536,1795.027170673631,1939.964120169685,1939.8355772744744,0.24477573767921967,0.2790121917275883,0.21814043023499602,0.01592681451305227,registered
697,1787909293.9260104,1787909293.9253416,142.75128527447737,1942.7512852744774,1797.6981029359547,1942.6488357273151,1942.4065577199476,0.34472755452975434,0.35554946106958596,0.218619284433893,0.014093340025288295,registered
698,1787909293.9546,1787909293.9539547,145.26214734665814,1945.2621473466581,1800.2089650081355,1945.2417105886793,1944.9816364225298,0.2805109241282935,0.31544009241429194,0.14331389755610668,0.009291407730929608,registered
699,1787909293.983103,1787909293.9824066,147.88471945225365,1947.8847194522536,1802.831537113731,1947.7677635600774,1947.5422102989035,0.3425091533501927,0.2732698509355487,0.11033928790761396,0.008131960739994141,registered
700,1787909294.0115921,1787909294.0108278,150.3156345160055,1950.3156345160055,1805.2624521774828,1950.2196124297047,1950.1000162424652,0.2156182735402581,0.23964813516522554,0.1093765138798184,0.008367209958678557,registered
701,1787909294.0399663,1787909294.039405,152.44344615420118,1952.4434461542012,1807.3902638156785,1952.5943050970218,1952.671876418522,-0.22843026432087754,-0.18805866968614282,0.13405695406586704,0.009788102929765726,registered
702,1787909294.0691314,1787909294.0683956,155.0375244859024,1955.0375244859024,1809.9843421473797,1955.0282903288664,1955.2809213043708,-0.2433968184684545,-0.22909486385947275,0.15223783240277716,0.01072012714258352,registered
703,1787909294.0973544,1787909294.0965657,157.4962141742892,1957.4962141742892,1812.4430318357665,1957.5585889077297,1957.8161331917229,-0.31991901743367634,-0.33702692490260233,0.1482931091929905,0.01197396692900155,registered
704,1787909294.1259289,1787909294.125322,160.03151779795212,1960.0315177979521,1814.9783354594294,1960.1516462711224,1960.404107457251,-0.3725896592989102,-0.35228855117156854,0.15571498506938133,0.014866887376361772,registered
705,1787909294.154349,1787909294.1537385,162.6939439235723,1962.6939439235723,1817.6407615850496,1962.8430653300047,1962.9614842639426,-0.2675403403702603,-0.2681001007199484,0.18566128554023945,0.018723676375522545,registered
706,1787909294.1829739,1787909294.182381,165.68042272787716,1965.6804227278772,1820.6272403893545,1965.593479706632,1965.5392021582759,0.14122056960127338,0.12902408379454755,0.205118961838805,0.021336219439174915,registered
707,1787909294.2115822,1787909294.2109919,168.4718376318442,1968.4718376318442,1823.4186552933215,1968.3341893642219,1968.1140877492667,0.3577498825775365,0.38598122293001325,0.17389539372721183,0.018345499134505915,registered
708,1787909294.2402177,1787909294.2395408,171.01128098101117,1971.0112809810112,1825.9580986424885,1970.9942494726956,1970.6833945609465,0.3278864200647149,0.3328519982560465,0.1422063989508957,0.012908605768549745,registered
709,1787909294.268942,1787909294.268098,173.65625826272094,1973.656258262721,1828.6030759241983,1973.572121463008,1973.253452362149,0.4028059005720479,0.4127305553847691,0.14279088970999163,0.011036154529914832,registered
710,1787909294.2973497,1787909294.2966383,176.14906942059815,1976.1490694205982,1831.0958870820755,1976.0875613762892,1975.8219652706189,0.3271041499792773,0.3404378432755948,0.11239934578708709,0.008637910634985788,registered
711,1787909294.325875,1787909294.3252325,178.59049071882464,1978.5904907188246,1833.537308380302,1978.508021059536,1978.3953488825643,0.1951418362602908,0.21422608322700398,0.10786201280774793,0.008832841231027046,registered
712,1787909294.3545604,1787909294.35406,180.6741298485574,1980.6741298485574,1835.6209475100347,1980.9161470418899,1980.9897172874566,-0.3155874388992288,-0.31868600309053363,0.10847976818036868,0.009166474699143605,registered
713,1787909294.383307,1787909294.3826308,183.3741177701104,1983.3741177701104,1838.3209354315877,1983.3668708715636,1983.5609981287387,-0.18688035862828656,-0.16484900221075804,0.1201889409627719,0.009277504457254789,registered
714,1787909294.4117196,1787909294.4110436,185.96708876571142,1985.9670887657114,1840.9139064271887,1985.8536775318812,1986.1180530827778,-0.15096431706638214,-0.10616935243251646,0.15996382395697953,0.010892039085916884,registered
715,1787909294.4470458,1787909294.4460495,188.3275352660428,1988.3275352660428,1843.27435292752,1988.4411173278172,1989.2684541302285,-0.9409188641857327,-0.919177875142168,0.17608212786699023,0.013089955061862729,registered
716,1787909294.4687564,1787909294.4680178,191.0167980845713,1991.0167980845713,1845.9636157460486,1991.1301373277822,1991.245530604359,-0.2287325197876271,-0.2603523679085811,0.20277728573869694,0.017774353748364474,registered
717,1787909294.4980254,1787909294.4973652,193.84905487746755,1993.8490548774676,1848.7958725389449,1993.8998261253278,1993.886696384933,-0.037641507465423274,-0.059322201359918836,0.24549928730158807,0.0214837403604336,registered
718,1787909294.5260563,1787909294.5252855,196.5987474269125,1996.5987474269125,1851.5455650883898,1996.6106953393942,1996.399421500293,0.19932592661939452,0.16908240457632928,0.21969296347692246,0.020766682090031453,registered
719,1787909294.554464,1787909294.553883,199.44169949453203,1999.441699494532,1854.3885171560094,1999.320017371339,1998.9731055080476,0.4685939864843931,0.47458865877729295,0.18482779583334763,0.016503479752304758,registered
720,1787909294.583513,1787909294.5826743,202.1079590570214,2002.1079590570214,1857.0547767184987,2001.9603556738564,2001.5642124727274,0.5437465842940128,0.5609848576568766,0.1957177726347327,0.014924515011073254,registered
721,1787909294.6116338,1787909294.6109183,204.58942997704048,2004.5894299770405,1859.5362476385178,2004.4722067342564,2004.1060759815657,0.4833539954747721,0.5092139326598044,0.16198982178327223,0.012574452635881828,registered
722,1787909294.64091,1787909294.6401575,206.8896904764565,2006.8896904764565,1861.8365081379338,2006.9158539913383,2006.737500355189,0.15219012126749476,0.17363510574114116,0.1478760156535264,0.01118060922603847,registered
723,1787909294.6688566,1787909294.6681192,209.33114096018608,2009.331140960186,1864.2779586216634,2009.337470998827,2009.2539589613189,0.07718199886721777,0.06810688963196299,0.11899309754358982,0.00820750068892984,registered
724,1787909294.697943,1787909294.697201,211.60113859663102,2011.601138596631,1866.5479562581083,2011.7604230853244,2011.8712218182295,-0.2700832215984974,-0.262642680858562,0.16240806629535356,0.00902563581273915,registered
725,1787909294.7260406,1787909294.725377,214.15643445410365,2014.1564344541036,1869.103252115581,2014.2720059952833,2014.4069701266694,-0.2505356725657748,-0.3250304259688619,0.20550904302858253,0.00894437871733272,registered
726,1787909294.7544837,1787909294.7538064,216.8680774757347,2016.8680774757347,1871.814895137212,2016.8884431295246,2016.9655056029103,-0.09742812717558991,-0.11867876309611347,0.2483745064982534,0.012679810142083277,registered
727,1787909294.7831225,1787909294.782401,219.51361470075176,2019.5136147007518,1874.460432362229,2019.5200012103346,2019.5389321285427,-0.02531742779092383,-0.09992919246542442,0.2582036914934023,0.014342204720514897,registered
728,1787909294.8118112,1787909294.8111145,222.20498063001355,2022.2049806300136,1877.1517982914909,2022.1609619611113,2022.1230441622401,0.08193646777340291,-0.00145216605483256,0.2412219121301585,0.012471254713820882,registered
729,1787909294.8402145,1787909294.8396266,224.97142767230707,2024.971427672307,1879.9182453337844,2024.7867227035517,2024.6890251631767,0.28240250913040654,0.21071489435985313,0.31146847293017826,0.012006062358816114,registered
730,1787909294.8687909,1787909294.8679893,227.47947518335627,2027.4794751833563,1882.4262928448336,2027.3719984539123,2027.24157418008,0.23790100327619257,0.2014078953434364,0.23488519722919268,0.008272451606766174,registered
731,1787909294.8982437,1787909294.8973138,229.73442166715904,2029.734421667159,1884.6812393286364,2029.9124665843387,2029.8806801036778,-0.14625843651879222,-0.09852442684268681,0.169315949046765,0.006819974422297724,registered
732,1787909294.9260826,1787909294.925398,232.43607693206422,2032.4360769320642,1887.3828945935416,2032.4641263698045,2032.4081675273685,0.027909404695719786,0.001309569223849394,0.12264405923922171,0.005496993819702978,registered
733,1787909294.9543412,1787909294.953685,234.93130061384568,2034.9313006138457,1889.878118275323,2035.0077487699991,2034.9538932680375,-0.022592654191839756,-0.06489397907989769,0.10685393585268069,0.004937890226925976,registered
734,1787909294.9837425,1787909294.983173,237.6137011333076,2037.6137011333076,1892.560518794785,2037.554301543159,2037.6076971294353,0.006004003872249086,0.006650273058994571,0.11822851599016058,0.005186732244064615,registered
735,1787909295.0120087,1787909295.0112953,240.13585866298217,2040.1358586629822,1895.0826763244595,2040.1383388734407,2040.138617648087,-0.0027589851047196134,0.01727264623832525,0.11535448769437807,0.004816818090570897,registered
736,1787909295.0405378,1787909295.0399497,242.82573505199002,2042.82573505199,1897.7725527134673,2042.7560173212219,2042.7174083845953,0.10832666739474917,0.0831284460725783,0.1097332351059126,0.004814076307585071,registered
737,1787909295.0692399,1787909295.068511,245.29326062300447,2045.2932606230045,1900.2400782844818,2045.3192910491694,2045.2878309521373,0.005429670867215464,-0.0031292352662148915,0.10873541186563367,0.005031892516170484,registered
738,1787909295.0976713,1787909295.0970018,247.83956596968778,2047.8395659696878,1902.786383631165,2047.8671070354685,2047.851902294002,-0.012336324314219382,-0.013270050391838595,0.11071151992032512,0.005400514607480258,registered
739,1787909295.1261282,1787909295.1254737,250.43467888740543,2050.4346788874054,1905.3814965488825,2050.420469367995,2050.41427854523,0.020400342175207697,0.018679013236123865,0.08570019644973143,0.004196352579673989,registered
740,1787909295.1544216,1787909295.1537979,253.0427915354694,2053.0427915354694,1907.9896091969465,2052.9858167180573,2052.9633515534856,0.07943998198356894,0.05653798661023757,0.13183743989359376,0.006332683254030742,registered
741,1787909295.1830401,1787909295.182442,255.45706036667116,2055.457060366671,1910.4038780281485,2055.5105103073324,2055.5412196457237,-0.08415927905230092,-0.10134509359363619,0.07548666917778167,0.0037666878901856282,registered
742,1787909295.2123723,1787909295.211534,258.0294130236275,2058.0294130236275,1912.9762306851048,2058.096108275774,2058.1594051469046,-0.12999212327736132,-0.14929874911581464,0.11429450539677835,0.006154643807412847,registered
743,1787909295.240725,1787909295.2397325,260.78214858657657,2060.7821485865766,1915.728966248054,2060.709101786207,2060.697170398634,0.0849781879423972,0.08895892381906378,0.09942803403329552,0.00541603046426028,registered
744,1787909295.26881,1787909295.2680643,263.22196057241763,2063.2219605724176,1918.1687782338952,2063.2734665835164,2063.2469300258817,-0.02496945346388202,-0.040403271060540646,0.07981139752629333,0.004027703597722086,registered
745,1787909295.2975988,1787909295.2968323,265.7393076796634,2065.7393076796634,1920.686125341141,2065.792206435954,2065.835955676742,-0.09664799707798011,-0.11995364711947332,0.12281036922664185,0.00632087415650901,registered
746,1787909295.3262367,1787909295.3255327,268.6102652823547,2068.6102652823547,1923.557082943832,2068.388268138302,2068.4188875840464,0.1913776983083153,0.17917987738701413,0.07995831286006105,0.004538257486580694,registered
747,1787909295.3545363,1787909295.3539455,271.02486844740906,2071.024868447409,1925.9716861088864,2070.981944012368,2070.9759425380853,0.04892590932377061,0.043894943713439716,0.08534372332281337,0.0048318872845079745,registered
748,1787909295.3831427,1787909295.3824098,273.2421496188581,2073.242149618858,1928.1889672803352,2073.5164713414315,2073.5376321703216,-0.2954825514634649,-0.3108145787036847,0.0804151135843477,0.004359636376544937,registered
749,1787909295.4121597,1787909295.4114718,275.9582876210616,2075.9582876210616,1930.9051052825391,2076.081141122605,2076.153114109221,-0.19482648815937864,-0.1946661472939013,0.08783676154717998,0.004912121241142805,registered
750,1787909295.4402308,1787909295.439584,278.9910934026748,2078.991093402675,1933.9379110641519,2078.6796043937434,2078.683111983602,0.3079814190725756,0.32717971137708446,0.09275753527682337,0.005556257765101509,registered
751,1787909295.4691126,1787909295.468452,281.257515401262,2081.257515401262,1936.2043330627396,2081.2321168016188,2081.28112805189,-0.02361265062768325,-0.037163764711067415,0.11104621671350991,0.006538601514831872,registered
752,1787909295.5082269,1787909295.507332,283.5935755531177,2083.5935755531177,1938.540393214595,2083.758333004121,2084.780202806278,-1.186627253160168,-1.24159441036727,0.13180592382651518,0.0075251493095095465,registered
753,1787909295.5261643,1787909295.525377,286.4474072555363,2086.4474072555363,1941.3942249170136,2086.376847387114,2086.404185463709,0.04322179182713626,-0.005123842169950876,0.08077752791785837,0.004707263812825898,registered
754,1787909295.5545945,1787909295.5540075,289.08927240603316,2089.089272406033,1944.0360900675105,2088.98399827884,2088.980830515867,0.10844189016597738,0.044598924789625016,0.1068396835217366,0.006345675233978723,registered
755,1787909295.5832996,1787909295.5826557,291.27528923120735,2091.2752892312074,1946.222106892685,2091.4933492481236,2091.5590633744446,-0.2837741432369967,-0.3127584686180853,0.09584916844905378,0.005648939252925817,registered
756,1787909295.611702,1787909295.611084,293.8822316564019,2093.882231656402,1948.8290493178793,2094.0832223596935,2094.1175130233114,-0.23528136690947576,-0.2332220090552255,0.12269034255709481,0.0068907610427708784,registered
757,1787909295.640589,1787909295.6397653,297.1601016195691,2097.160101619569,1952.1069192810462,2096.711040738706,2096.698728383136,0.46137323643324635,0.44855869880029786,0.12257947650806326,0.006873956886778138,registered
758,1787909295.6695871,1787909295.6687782,299.3346912324678,2099.334691232468,1954.2815088939449,2099.253035388548,2099.309790212274,0.024901020193510703,-0.002869422189633042,0.0983505897919497,0.005934789599256689,registered
759,1787909295.6978698,1787909295.6971533,301.3932233648711,2101.393223364871,1956.3400410263484,2101.7835987566204,2101.8634549850394,-0.4702316201683061,-0.47861878508479094,0.13350760761130873,0.008395039165238701,registered
760,1787909295.7264779,1787909295.7257428,304.455538686851,2104.455538686851,1959.4023563483283,2104.3402123080955,2104.436409460115,0.01912922673614048,0.0346070151706499,0.11207479893442979,0.007005862431555175,registered
761,1787909295.7547677,1787909295.7540984,307.10560468466883,2107.105604684669,1962.052422346146,2106.8681106023078,2106.988314771713,0.11728991295558444,0.11867324525815093,0.14995201843190417,0.00912610810896441,registered
762,1787909295.7830749,1787909295.7824163,309.19837596307116,2109.198375963071,1964.1451936245485,2109.346637410883,2109.5368299020374,-0.33845393896626774,-0.32548505119166293,0.12366578348803345,0.007982352365917605,registered
763,1787909295.8119252,1787909295.8112435,311.8406193556584,2111.8406193556584,1966.787437017136,2111.989733941132,2112.1311768500864,-0.2905574944275031,-0.26574736778661645,0.14621440494038304,0.010766956148270284,registered
764,1787909295.8404617,1787909295.8397462,314.6645046395197,2114.6645046395197,1969.6113223009968,2114.6856251400186,2114.6963210341264,-0.03181639460672159,-0.014654380506044618,0.18406169769877828,0.014949070994035264,registered
765,1787909295.869153,1787909295.8684075,317.3421386906348,2117.342138690635,1972.2889563521123,2117.290687429263,2117.2757340190965,0.06640467153874852,0.07070817502676618,0.1798756961687645,0.014930803665107755,registered
766,1787909295.8980637,1787909295.8973982,319.7991052329726,2119.7991052329726,1974.74592289445,2119.847519115612,2119.8848003617886,-0.08569512881604169,-0.1006544369133735,0.14022868877373712,0.012078714283680993,registered
767,1787909295.9260728,1787909295.9253843,322.73639613002797,2122.736396130028,1977.6832137915053,2122.5255411026483,2122.4034475659555,0.3329485640722396,0.29673255523243824,0.11224897215160684,0.009833374221792628,registered
768,1787909295.9546514,1787909295.953892,325.2754874717134,2125.2754874717134,1980.2223051331907,2125.1287445616654,2124.9690423437096,0.306445128004043,0.306645934940434,0.11401049754453309,0.009464540713239775,registered
769,1787909295.983378,1787909295.9826226,327.4349121223877,2127.4349121223877,1982.3817297838648,2127.658300787858,2127.5546992701393,-0.1197871477515946,-0.09666082689955147,0.14889731953541774,0.01185177739565737,registered
770,1787909296.0118177,1787909296.011143,329.8282773273477,2129.8282773273477,1984.775094988825,2129.942930760764,2130.1214312605985,-0.2931539332507782,-0.3018049367981348,0.11573580679699931,0.008126344994335065,registered
771,1787909296.04059,1787909296.0397131,333.15423727083817,2133.154237270838,1988.1010549323153,2132.5231783789977,2132.69264773135,0.4615895394879317,0.435004221116742,0.1280273745437202,0.008601737865688863,registered
772,1787909296.0690968,1787909296.0683744,335.20719437059415,2135.207194370594,1990.1540120320717,2135.255395571366,2135.27206071632,-0.06486634572570438,-0.07248639818044467,0.10556282587131981,0.007911094390509578,registered
773,1787909296.0980008,1787909296.0971406,337.5663831802185,2137.5663831802185,1992.5132008416958,2138.2478532509026,2137.8609147124316,-0.29453153221334105,-0.3065655794707709,0.13694174782000093,0.011492543238366034,registered
774,1787909296.126086,1787909296.1253817,340.22216114047114,2140.222161140471,1995.1689788019485,2141.413424430451,2140.402520739148,-0.1803595986768869,-0.1743025171303998,0.09007296039110065,0.008674758605790226,registered
775,1787909296.1833751,1787909296.1827385,345.5886021130077,2145.5886021130077,2000.535419774485,2144.5645866827917,2145.564436494553,0.024165618454844662,0.047407985167410516,0.14173895968576314,0.014887264311956803,registered
776,1787909296.2116,1787909296.2110443,348.0668423822408,2148.066842382241,2003.0136600437181,2147.6101530532023,2148.1118573258586,-0.04501494361784353,-0.03875507521001964,0.14545073301347508,0.015319886511294878,registered
777,1787909296.2420125,1787909296.2403018,351.04148070554993,2151.04148070555,2005.9882983670273,2150.730395488073,2150.744933876432,0.29654682911814234,0.26638897486736823,0.12117439152725448,0.012518549430631328,registered
778,1787909296.2693467,1787909296.2686372,353.5598914586517,2153.5598914586517,2008.5067091201292,2153.606825453018,2153.295015356332,0.2648761023199313,0.2671109652387713,0.1070640714341784,0.010550723885480595,registered
779,1787909296.2974446,1787909296.2968562,355.8830231957454,2155.8830231957454,2010.8298408572227,2156.193394670436,2155.8346258966026,0.04839729914283453,0.052868371092017696,0.14033102526950755,0.013177510715835524,registered
780,1787909296.326166,1787909296.3254807,358.4073872797303,2158.4073872797303,2013.3542049412076,2158.4912099860207,2158.410734527673,-0.003347247942656395,0.032606214453380744,0.11902980688390603,0.009453320249121896,registered
781,1787909296.3546505,1787909296.354061,1.1620686650508105,2161.162068665051,2016.1088863265281,2160.9686747049645,2160.9828521858517,0.17921647919911265,0.12583848030362788,0.1558070547010589,0.010540348214885281,registered
782,1787909296.3848379,1787909296.384025,3.2871418640906995,2163.2871418640907,2018.233959525568,2163.4346329894934,2163.6795268205706,-0.39238495647964555,-0.4120114342972556,0.1274035201891996,0.00906868969872214,registered
783,1787909296.4131293,1787909296.4124243,5.947384490296827,2165.947384490297,2020.8942021517744,2165.947436365516,2166.2353587345297,-0.28797424423260054,-0.35200084981556756,0.1446197230237389,0.010269091277414412,registered
784,1787909296.4407392,1787909296.4401278,8.592234905939677,2168.5922349059397,2023.539052567417,2168.557242347446,2168.728579579145,-0.13634467320503063,-0.06297791627162042,0.13797129517962828,0.01025814491765355,registered
785,1787909296.4691684,1787909296.468464,11.000374655960059,2171.00037465596,2025.9471923174374,2171.1827268137417,2171.2787254295754,-0.27835077361555705,-0.3045100075294158,0.15557584855792647,0.012364514053115103,registered
786,1787909296.4975357,1787909296.4969063,13.865699269868855,2173.865699269869,2028.8125169313462,2173.8277451369627,2173.838441032209,0.027258237659680162,0.02822390098958749,0.13771795546250504,0.01082477355708542,registered
787,1787909296.5284264,1787909296.525925,16.42979405296228,2176.4297940529623,2031.3766117144394,2176.509265801298,2176.450017825591,-0.0202237726293788,-0.05820294436739459,0.17092410826303525,0.013727356139892868,registered
788,1787909296.5548635,1787909296.5541978,19.378286877067694,2179.3782868770677,2034.3251045385452,2179.133679892746,2178.994477612494,0.38380926457421083,0.3541978726595971,0.14546756893838056,0.011394261223538309,registered
789,1787909296.584232,1787909296.5835435,21.75372050174019,2181.75372050174,2036.7005381632175,2181.713937687718,2181.6354931951632,0.11822730657695502,0.11282589831557743,0.13317363519007824,0.009822229911842525,registered
790,1787909296.6118755,1787909296.6112106,24.249732127294465,2184.2497321272945,2039.1965497887718,2184.2581960587713,2184.1254311427224,0.1243009845720735,0.11662186644116446,0.13903441799124505,0.009747656353748383,registered
791,1787909296.641014,1787909296.6402252,26.69140998531475,2186.6914099853147,2041.638227646792,2186.7105169094843,2186.736643169765,-0.04523318445035329,-0.013863716683090388,0.12230534090666957,0.006983378958191982,registered
792,1787909296.6693225,1787909296.668407,29.24340657830453,2189.2434065783045,2044.1902242397819,2189.226796226949,2189.2729064424493,-0.029499864144554522,-0.02185402686859561,0.12467601173682871,0.005935898493940594,registered
793,1787909296.6981385,1787909296.6974616,31.62645286102088,2191.626452861021,2046.5732705224982,2191.7348669831285,2191.8877232192003,-0.2612703581794449,-0.2629040595973038,0.14228022825545505,0.00755398133569513,registered
794,1787909296.7266073,1787909296.7258527,34.223338333130414,2194.2233383331304,2049.1701559946077,2194.29641821454,2194.4428256004803,-0.21948726735013224,-0.22489797276966783,0.1218175162566944,0.006792449757695462,registered
795,1787909296.7552085,1787909296.7545505,36.86140484666521,2196.861404846665,2051.8082225081425,2196.9648380378444,2197.025521482507,-0.16411663584176495,-0.15356581268542868,0.1588705000884624,0.00931581330100176,registered
796,1787909296.7834663,1787909296.7827833,39.78629092938763,2199.7862909293876,2054.733108590865,2199.581226334777,2199.5663765197005,0.21991440968713505,0.2421104684462989,0.14642453047684398,0.009192694804798809,registered
797,1787909296.8117795,1787909296.811173,42.160668740379606,2202.1606687403796,2057.107486401857,2202.1789577970844,2202.12135015992,0.039318580459621444,0.02861256617052277,0.1540254160145686,0.010000006794140365,registered
798,1787909296.8404791,1787909296.8399084,44.77898208159286,2204.778982081593,2059.72579974307,2204.8111883407987,2204.7074362232197,0.07154585837315608,0.0758832878841531,0.1523957000097172,0.008346517524662124,registered
799,1787909296.8690605,1787909296.8683739,47.676634078831285,2207.6766340788313,2062.6234517403086,2207.3772578120906,2207.269233139673,0.4074009391583786,0.39754192704140223,0.17462879270588857,0.007497732789135208,registered
800,1787909296.897751,1787909296.8971207,49.560469519422895,2209.560469519423,2064.5072871809,2209.8814589549447,2209.856349131461,-0.29587961203787927,-0.286654480544712,0.16014892202202288,0.007888513108188801,registered
801,1787909296.9272964,1787909296.9258378,52.42577877189615,2212.425778771896,2067.3725964333735,2212.4107278497204,2212.440783017811,-0.015004245914951753,-0.016052550175572833,0.11261263372240475,0.006333442092322348,registered
802,1787909296.9549265,1787909296.9542518,55.12025653107321,2215.120256531073,2070.0670741925505,2215.025358254737,2214.9979452560674,0.12231127500581351,0.12143069618559821,0.07833422702641342,0.004124139741580611,registered
803,1787909296.9837048,1787909296.9830208,57.41015680115106,2217.410156801151,2072.3569744626284,2217.533517091183,2217.5870567343013,-0.17689993315025276,-0.19084181417292712,0.12100064689745674,0.0065783603634999846,registered
804,1787909297.0124853,1787909297.0118942,60.04576687673352,2220.0457668767335,2074.992584538211,2220.0863356733744,2220.1855663099896,-0.13979943325603017,-0.12643807908261806,0.06691322989634599,0.004183763737663006,registered
805,1787909297.0404222,1787909297.0398297,62.94389746938259,2222.9438974693826,2077.89071513086,2222.735498208969,2222.6996646633343,0.24423280604833053,0.23271131285900992,0.0875739432258017,0.005091686931841653,registered
806,1787909297.0692797,1787909297.0685182,65.32736663133983,2225.32736663134,2080.274184292817,2225.2576134871038,2225.2815237284635,0.045842902876302105,0.025619165026455448,0.07850299539661469,0.004194868285211331,registered
807,1787909297.098224,1787909297.0972636,67.48193031503115,2227.481930315031,2082.4287479765085,2227.794138089279,2227.8685109791904,-0.3865806641592826,-0.3939290045937014,0.08416529866346258,0.005097793544453342,registered
808,1787909297.1266613,1787909297.12578,70.5979795925773,2230.5979795925773,2085.5447972540546,2230.41214949621,2230.434899660154,0.1630799324234431,0.13543011221509005,0.06447228169718634,0.004459246395806991,registered
809,1787909297.1552875,1787909297.1546352,73.01856166890775,2233.0185616689078,2087.965379330385,2233.004603707129,2233.0317570588923,-0.013195389984502981,-0.0332856205218377,0.0994372124406041,0.0063664350177697355,registered
810,1787909297.183315,1787909297.1826088,75.38333109815085,2235.383331098151,2090.330148759628,2235.5577928995613,2235.5492885071976,-0.1659574090467686,-0.22792488218283324,0.111758306543474,0.00693064074331364,registered
811,1787909297.2119546,1787909297.211333,78.19098194598064,2238.1909819459806,2093.137799607458,2238.1824946933466,2238.1343660988528,0.05661584712788681,0.07810335823933201,0.08882008929607695,0.006123884864053002,registered
812,1787909297.2558918,1787909297.2549236,81.00851793310221,2241.008517933102,2095.9553355945795,2240.8038952848233,2242.0573637103457,-1.048845777243514,-1.1013225456476903,0.10395176229913086,0.006673296572642712,registered
813,1787909297.2693012,1787909297.268558,83.33736479380559,2243.3373647938056,2098.284182455283,2243.3227189630197,2243.2844162197994,0.05294857400622277,0.004955154387062066,0.08900433613478566,0.005100206496223122,registered
814,1787909297.2978778,1787909297.2973309,85.75557544028197,2245.755575440282,2100.7023931017593,2245.8825767296735,2245.8738710075295,-0.11829556724751455,-0.12517397040528522,0.11545218442986649,0.007080206069776305,registered
815,1787909297.3265686,1787909297.325866,88.53023503568375,2248.5302350356837,2103.477052697161,2248.476082726941,2248.441933322286,0.0883017133978683,0.11030961316146204,0.05624175698385439,0.003730137530578029,registered
816,1787909297.35484,1787909297.3542852,91.00172569932965,2251.0017256993297,2105.948543360807,2251.047779177585,2250.9995676111,0.0021580882298621873,0.024064383464974526,0.10330105394621251,0.006349725551561511,registered
817,1787909297.3834038,1787909297.3827355,93.47354465115995,2253.47354465116,2108.4203623126373,2253.543235225393,2253.5599912895686,-0.08644663840868816,-0.07469344095807173,0.09565339877382042,0.005675418527244143,registered
818,1787909297.4118736,1787909297.4112492,96.14919547923046,2256.1491954792305,2111.096013140708,2256.126169435461,2256.12612248841,0.023072990820310224,0.016908288383547188,0.0975499130533079,0.00620504615393485,registered
819,1787909297.440667,1787909297.439985,98.96026896841522,2258.960268968415,2113.9070866298925,2258.7399340140496,2258.7122514653965,0.24801750301867287,0.2314002823463852,0.12921050232548123,0.007922106516820697,registered
820,1787909297.4692962,1787909297.4685724,101.2782834608297,2261.2782834608297,2116.225101122307,2261.3251858832227,2261.2850128288806,-0.006729368050855555,0.0031680657866672846,0.10695665409039562,0.0059787873433154205,registered
821,1787909297.4976542,1787909297.4970114,103.50568764523086,2263.505687645231,2118.452505306708,2263.88483538213,2263.8444280357053,-0.3387403904744133,-0.3661040017518644,0.11845451291298098,0.0064696532817703975,registered
822,1787909297.5263479,1787909297.5256927,106.70528709869313,2266.705287098693,2121.6521047601705,2266.4701704666973,2266.4256433955293,0.2796437031638561,0.3178236243452375,0.10850743351164252,0.0058904453574420285,registered
823,1787909297.555536,1787909297.5549397,109.23599761585774,2269.2359976158577,2124.182815277335,2269.0779145985307,2269.0577758449886,0.178221770869186,0.14001955418825673,0.10208350052016675,0.005218526388414242,registered
824,1787909297.5838661,1787909297.5831976,111.53642907520634,2271.5364290752063,2126.4832467366837,2271.625500250235,2271.60088385075,-0.06445477554370882,-0.11254083657104275,0.1346257049092102,0.0068425871393530124,registered
825,1787909297.6121478,1787909297.611467,114.00935913811827,2274.0093591381183,2128.9561767995956,2274.197777362755,2274.1450217849997,-0.13566264688142837,-0.14133319550910528,0.13719021934694942,0.006883511461269648,registered
826,1787909297.641002,1787909297.6401188,116.9729342258961,2276.972934225896,2131.9197518873734,2276.813104489863,2276.7235979530733,0.24933627282280213,0.2384112288527831,0.17251102644417154,0.007769180734679414,registered
827,1787909297.6694887,1787909297.6685596,119.4249818078647,2279.4249818078647,2134.371799469342,2279.2738174226406,2279.283163357802,0.1418184500626012,0.1262439316583368,0.15975654480215287,0.007131487691371828,registered
828,1787909297.6978636,1787909297.6973066,121.54362804593029,2281.5436280459303,2136.4904457074076,2281.791891220905,2281.8703008064335,-0.3266727605032429,-0.28084451968197754,0.16503771191707092,0.00773674390197268,registered
829,1787909297.7266607,1787909297.7259607,124.37741099195091,2284.377410991951,2139.3242286534282,2284.3215737428372,2284.449070086099,-0.07165909414788985,-0.08946871697207825,0.17671436922140513,0.008048852913163394,registered
830,1787909297.754839,1787909297.7542584,127.11840338087177,2287.1184033808718,2142.065221042349,2286.819917780127,2286.9957613847255,0.12264199614628524,0.13429034970886278,0.2618853425970411,0.011379880490776184,registered
831,1787909297.78392,1787909297.7833316,129.05489829469025,2289.0548982946902,2144.0017159561676,2289.3258097156836,2289.61225179527,-0.5573535005796657,-0.506726125305704,0.27944751477377316,0.012628293035875218,registered
832,1787909297.812389,1787909297.8116999,131.9020675585466,2291.9020675585466,2146.848885220024,2291.944856310665,2292.165294319574,-0.2632267610274539,-0.22970626864162114,0.241520661281767,0.013696258059856881,registered
833,1787909297.8408623,1787909297.840169,134.5456315264032,2294.545631526403,2149.4924491878805,2294.622875772556,2294.72741308868,-0.18178156227668296,-0.18324125397657554,0.2453536829770419,0.016501676541578247,registered
834,1787909297.8692963,1787909297.8685544,137.23723214794563,2297.2372321479456,2152.184049809423,2297.28783166917,2297.282000505716,-0.04476835777040833,-0.04943474467336273,0.2595851199555422,0.018847948499312518,registered
835,1787909297.8982434,1787909297.8975718,140.0589362531332,2300.058936253133,2155.0057539146105,2299.9801316606654,2299.8934700148807,0.16546623825252027,0.1763328933216144,0.20663212585132998,0.015095444533147899,registered
836,1787909297.927243,1787909297.9264061,142.75584866186,2302.75584866186,2157.7026663233373,2302.6943508095274,2302.4884606682344,0.26738799362556165,0.27233686539966584,0.19937611932431537,0.012850327260853299,registered
837,1787909297.9548495,1787909297.9543116,145.34775655470366,2305.3477565547037,2160.294574216181,2305.261468373217,2304.9998554592976,0.3479010954060868,0.3696216717717107,0.16489863103644248,0.010732438786531023,registered
838,1787909297.983801,1787909297.9831257,147.89795129772074,2307.8979512977207,2162.844768959198,2307.783838009883,2307.5930222809534,0.3049290167673462,0.324292469210377,0.12288774241849373,0.009061207801720352,registered
839,1787909298.0124218,1787909298.0116806,150.19697215432507,2310.196972154325,2165.1437898158024,2310.243530065177,2310.162865513721,0.03410664060402269,0.06378596866852604,0.115422566620021,0.008835776411134163,registered
840,1787909298.0409067,1787909298.0401933,152.61212643699628,2312.6121264369963,2167.5589440984736,2312.6336923203617,2312.728910885188,-0.1167844481915381,-0.14698234767047325,0.12987254102989196,0.009432675836957963,registered
841,1787909298.0695324,1787909298.0689094,155.0336071259353,2315.0336071259353,2169.9804247874126,2315.067590630229,2315.313258944164,-0.2796518182285581,-0.3102208834252451,0.13545081619051585,0.009537273950801544,registered
842,1787909298.0980175,1787909298.097361,157.56854920781961,2317.5685492078196,2172.515366869297,2317.5979176925425,2317.873811363694,-0.3052621558745159,-0.3021286006523951,0.14979318510503126,0.012162302424513848,registered
843,1787909298.1265717,1787909298.125817,160.09666273806124,2320.0966627380612,2175.0434803995386,2320.205349216023,2320.4347500064073,-0.33808726834604386,-0.32096362701122416,0.1513955518994041,0.014496799143336531,registered
844,1787909298.1547964,1787909298.1541853,162.70417464772208,2322.704174647722,2177.6509923091994,2322.891227867619,2322.9877925307114,-0.283617882989347,-0.2798218842044662,0.17861463496974173,0.018013615495558626,registered
845,1787909298.183575,1787909298.1828542,165.71542765110507,2325.715427651105,2180.6622453125824,2325.6191441091905,2325.5678921346735,0.147535516431617,0.1370415739938835,0.20469674475467495,0.02130812918516802,registered
846,1787909298.2120683,1787909298.211451,168.50788508908317,2328.507885089083,2183.4547027505605,2328.358632647185,2328.1415117718975,0.366373317185662,0.3803938951668897,0.1634689024906597,0.017228737560427903,registered
847,1787909298.2420382,1787909298.2413628,171.03168099361756,2331.0316809936176,2185.978498655095,2331.0127812697283,2330.833465901045,0.19821509257235448,0.17820555519574555,0.14079666570287352,0.012759774542978403,registered
848,1787909298.2694995,1787909298.2688823,173.64201422941096,2333.642014229411,2188.5888318908883,2333.5970576918626,2333.3101220624753,0.3318921669356314,0.31239477839380925,0.1321825125053832,0.010220306844048479,registered
849,1787909298.2978678,1787909298.2972271,176.21925814778797,2336.219258147788,2191.1660758092653,2336.1161490588543,2335.861061816116,0.3581963316719339,0.36389468214838416,0.1276316859013722,0.009820034895487098,registered
850,1787909298.3266125,1787909298.325904,178.56202779043952,2338.5620277904395,2193.508845451917,2338.536146742945,2338.4418694959136,0.12015829452593607,0.12082292017248619,0.11027190373566807,0.009022811341163135,registered
851,1787909298.3548033,1787909298.3541949,180.77384392765998,2340.77384392766,2195.7206615891373,2340.9482598396967,2340.987960002922,-0.21411607526215448,-0.2267476541319411,0.09499831525025444,0.008022773735426718,registered
852,1787909298.3867073,1787909298.3861449,183.4028056218831,2343.402805621883,2198.3496232833604,2343.4059477189285,2343.863348687184,-0.46054306530095346,-0.44958838554612157,0.12064787054017305,0.009297859270964581,registered
853,1787909298.4123814,1787909298.4117396,185.9698696249634,2345.9698696249634,2200.9166872864407,2345.8886521057925,2346.166783751008,-0.19691412604470315,-0.22848490971637148,0.16128398047503964,0.010981429260291624,registered
854,1787909298.4405458,1787909298.4399765,188.36929326645304,2348.369293266453,2203.3161109279304,2348.467632971528,2348.7080035545414,-0.33871028808835035,-0.3250982770809969,0.19544071643416935,0.014576138770967603,registered
855,1787909298.469319,1787909298.4686027,191.04816949119868,2351.0481694911987,2205.994987152676,2351.150831164254,2351.2842623835163,-0.23609289231762887,-0.24162823309870873,0.21461024395438755,0.018825969940910642,registered
856,1787909298.4978652,1787909298.497286,193.8637995073418,2353.863799507342,2208.810617168819,2353.9029618676723,2353.865670854932,-0.0018713475901677157,-0.018579457370833552,0.24740040521552942,0.02165118472470042,registered
857,1787909298.5265653,1787909298.5258675,196.57249567367035,2356.5724956736703,2211.5193133351477,2356.6077985573834,2356.4378957973286,0.13459987634178106,0.11140798972837729,0.2127504168082286,0.020095429760084795,registered
858,1787909298.5552473,1787909298.554628,199.4558763610571,2359.455876361057,2214.4026940225344,2359.3216304216967,2359.026234829196,0.42964153186130716,0.42761860617838465,0.1786990099974091,0.015940854243038927,registered
859,1787909298.5835645,1787909298.5829525,202.0741772807687,2362.0741772807687,2217.020994942246,2361.951480472512,2361.5753507511386,0.4988265296301506,0.5036204648745297,0.18454023935624853,0.01408125233890261,registered
860,1787909298.6123383,1787909298.611643,204.60457532023975,2364.6045753202397,2219.551392981717,2364.474260241343,2364.1574029278595,0.44717239238025286,0.45846431498603124,0.1473019079899443,0.011435457788405747,registered
861,1787909298.6409118,1787909298.6400802,206.8812834446653,2366.8812834446653,2221.8281011061426,2366.9277370548234,2366.716646479936,0.16463696472919764,0.16983436955979414,0.1542013579406415,0.01166136033366778,registered
862,1787909298.6715357,1787909298.6706355,209.40307853074728,2369.4030785307473,2224.3498961922246,2369.3652560758665,2369.466512629701,-0.06343409895362129,-0.08484812929691543,0.1365350986071858,0.009377505137509748,registered
863,1787909298.6979423,1787909298.6972313,211.58788625997977,2371.5878862599798,2226.534703921457,2371.7975711853755,2371.860044979397,-0.27215871941734804,-0.24263704477925785,0.1632284908166121,0.009086905250934396,registered
864,1787909298.726753,1787909298.7260423,214.24938704228362,2374.2493870422836,2229.196204703761,2374.3195908318567,2374.4529328620874,-0.20354581980382136,-0.21769962240978202,0.18507166288971116,0.008056328118803755,registered
865,1787909298.7555008,1787909298.7546678,216.89493141064577,2376.8949314106458,2231.841749072123,2376.926603133782,2377.029127320532,-0.1341959098863299,-0.11927759775289815,0.2076804312906288,0.010619736723826228,registered
866,1787909298.7837262,1787909298.7829633,219.58061080819834,2379.5806108081983,2234.5274284696757,2379.5732857099856,2379.575625507567,0.004985300631233258,0.034657128337585164,0.2591836233157023,0.014401853590849275,registered
867,1787909298.8124728,1787909298.8118272,222.2464475997399,2382.24644759974,2237.193265261217,2382.2176163970726,2382.1732768095153,0.07317079022459438,0.08348059256013585,0.24840855613677834,0.01280600978350265,registered
868,1787909298.8409197,1787909298.8400772,225.00422323177781,2385.004223231778,2239.951040893255,2384.8551840498912,2384.7156767394413,0.2885464923365362,0.2790334645014809,0.31035390952678554,0.011919245789672402,registered
869,1787909298.8708045,1787909298.8701513,227.52642220649932,2387.5264222064993,2242.4732398679766,2387.4268183916993,2387.422242979015,0.10417922748411002,0.08292523476484348,0.23926855190877785,0.00844452022375328,registered
870,1787909298.897807,1787909298.8971803,229.8958589945023,2389.8958589945023,2244.8426766559796,2389.981847729485,2389.854762413358,0.041096581144302036,0.032010351987082686,0.18692090039726528,0.007595636793983997,registered
871,1787909298.926305,1787909298.9256542,232.47509845488776,2392.4750984548878,2247.421916116365,2392.5282470690645,2392.417310319334,0.05778813555389206,0.03971559106139466,0.10825772604402237,0.004856994914118845,registered
872,1787909298.9550498,1787909298.954341,234.97840894228693,2394.978408942287,2249.9252266037643,2395.096943890121,2394.999019186559,-0.020610244272120326,-0.054836004392200266,0.11067274939492716,0.005113564191181926,registered
873,1787909298.9835596,1787909298.9829416,237.65186008121418,2397.651860081214,2252.5986777426915,2397.6395292917423,2397.5729821332793,0.07887794793487046,0.09281288538022636,0.08822796370534908,0.003866114899901008,registered
874,1787909299.0123043,1787909299.0115824,240.2688925012535,2400.2688925012535,2255.215710162731,2400.200123733154,2400.150549829708,0.1183426715456335,0.11135487018827916,0.11755766727278094,0.004910241400184113,registered
875,1787909299.0558968,1787909299.0549119,242.87226853043012,2402.87226853043,2257.8190861919074,2402.7991524400386,2404.050052197564,-1.1777836671340083,-1.2408476283749224,0.11450013070704217,0.005028954867180201,registered
876,1787909299.0697641,1787909299.0691047,245.4330361869952,2405.433036186995,2260.3798538484725,2405.3646790860535,2405.327356634504,0.10567955249098304,0.006775249396923755,0.09394300983529463,0.004360103191533516,registered
877,1787909299.0980203,1787909299.0973666,247.75354030131984,2407.75354030132,2262.700357962797,2407.906212112848,2407.8708294066055,-0.11728910528563574,-0.15467842752877914,0.10307851949164946,0.005021285263639549,registered
878,1787909299.1268928,1787909299.1262002,250.42328162584272,2410.4232816258427,2265.37009928732,2410.454707521917,2410.4657556894285,-0.04247406358581429,-0.060455407262452354,0.08567943367962441,0.004195846300005152,registered
879,1787909299.1555598,1787909299.1547976,253.12433443922782,2413.124334439228,2268.071152100705,2413.0232999423324,2413.0394182403397,0.0849161988880951,0.03679058915668065,0.11708196462147527,0.005625664696261862,registered
880,1787909299.183537,1787909299.1828153,255.51523599681013,2415.51523599681,2270.4620536582875,2415.5650030575453,2415.5609192046927,-0.045683207882575516,-0.05580323191270509,0.07007493917602697,0.0035020117895728565,registered
881,1787909299.212115,1787909299.2114642,258.1086852316889,2418.108685231689,2273.0555028931662,2418.1417437987184,2418.139216433801,-0.03053120211188798,-0.033433290113407566,0.11975347092455331,0.006461744502959821,registered
882,1787909299.2424715,1787909299.2416708,260.8644508722796,2420.8644508722796,2275.811268533757,2420.793563744734,2420.8577126783625,0.006738193917044555,0.0618435618712283,0.09267795589579861,0.005038892957144147,registered
883,1787909299.2696726,1787909299.268881,263.32416360168236,2423.3241636016824,2278.2709812631597,2423.357927669569,2423.3065393137686,0.017624287913804437,0.00400219752555131,0.08449611978771202,0.0042540278327503865,registered
884,1787909299.2982879,1787909299.297608,265.7660089351725,2425.7660089351725,2280.71282659665,2425.872013394476,2425.891852930702,-0.12584399552952164,-0.13198177277354262,0.10707683219025392,0.005516389992884795,registered
885,1787909299.327767,1787909299.3269854,268.63071104155233,2428.6307110415523,2283.5775287030297,2428.4574398966033,2428.5357222735574,0.09498876799489153,0.10934135204661288,0.08630515985194157,0.004900323307138719,registered
886,1787909299.355774,1787909299.3550043,271.2195194955084,2431.2195194955084,2286.1663371569857,2431.044318728404,2431.0573305221283,0.1621889733801254,0.17167792428426765,0.08426673446261611,0.004753742557701577,registered
887,1787909299.3837013,1787909299.3830504,273.2817289959462,2433.281728995946,2288.2285466574235,2433.5698316629405,2433.5813848508583,-0.2996558549120891,-0.2917245528383319,0.09691137583076587,0.005251514229641682,registered
888,1787909299.4121964,1787909299.4114914,276.00061752876536,2436.0006175287654,2290.9474351902427,2436.1446348557706,2436.140971712431,-0.1403541836657496,-0.16301197800794398,0.10444364669474311,0.005848274186627187,registered
889,1787909299.4410675,1787909299.440077,279.0119261762834,2439.0119261762834,2293.9587438377607,2438.793842086537,2438.71358287801,0.29834329827326656,0.2998369573879245,0.11439377840114379,0.00685305052556075,registered
890,1787909299.4695215,1787909299.4688709,281.3911822473501,2441.39118224735,2296.3379999088274,2441.3624447585935,2441.3049258679684,0.08625637938166619,0.12256742944555299,0.06998402090359401,0.004111682230067158,registered
891,1787909299.498181,1787909299.497539,283.72896304850156,2443.7289630485016,2298.675780709979,2443.901921757444,2443.8849611014,-0.15599805289866708,-0.12633219606823332,0.11016855129979472,0.006286567545769543,registered
892,1787909299.527114,1787909299.5261343,286.7145526608624,2446.7145526608624,2301.6613703223397,2446.5578697509195,2446.4584305407197,0.25612212014266333,0.2653146524417025,0.0813087933877097,0.004753551676150085,registered
893,1787909299.5553648,1787909299.5545657,289.3692468424533,2449.3692468424533,2304.3160645039306,2449.164864544081,2449.017159128552,0.3520877139012555,0.3743021577511172,0.10583689534678901,0.006287281304912643,registered
894,1787909299.5838108,1787909299.5830154,291.3242939166312,2451.324293916631,2306.2711115781085,2451.6656718338254,2451.5775398933342,-0.25324597670305593,-0.2580390201924274,0.09456234628207096,0.005570478376103132,registered
895,1787909299.612301,1787909299.6116476,294.0483199069463,2454.0483199069463,2308.9951375684236,2454.2221530451607,2454.154335143397,-0.1060152364507303,-0.06615764614434738,0.09549672771566883,0.005342796939170211,registered
896,1787909299.6411033,1787909299.6402853,297.2638830512251,2457.263883051225,2312.2107007127024,2456.8332411394745,2456.73162390086,0.5322591503650074,0.5286152597054752,0.12551977451486648,0.007060930131662129,registered
897,1787909299.6703339,1787909299.669467,299.3826566349562,2459.382656634956,2314.3294742964335,2459.3433630899963,2459.357877175199,0.024779459757155564,-0.0012055142178724054,0.08478289599436666,0.005123326809665094,registered
898,1787909299.6983032,1787909299.6975973,301.5106556502524,2461.5106556502524,2316.4574733117297,2461.864201332698,2461.889505769686,-0.37885011943353675,-0.3558026180771776,0.1278774487784793,0.008050577904363903,registered
899,1787909299.726968,1787909299.7262454,304.5409743822306,2464.5409743822306,2319.487792043708,2464.428666750314,2464.4677386282633,0.0732357539673103,0.07811313217825955,0.10787279115143054,0.006735109431195554,registered
900,1787909299.7563388,1787909299.7554631,307.23725172915556,2467.2372517291556,2322.184069390633,2466.9439892453283,2467.0972318859713,0.14001984318429095,0.15897795843284257,0.17951511284366398,0.010936564594906713,registered
901,1787909299.7837272,1787909299.783187,309.22811100034914,2469.228111000349,2324.1749286618265,2469.431209958121,2469.5922765622845,-0.36416556193535143,-0.3888268241407786,0.12381280207686872,0.008002768843953194,registered
902,1787909299.8122935,1787909299.8116481,311.9121268053291,2471.912126805329,2326.8589444668064,2472.0796382130943,2472.153687255555,-0.2415604502257338,-0.2586156516617848,0.16220000514488284,0.011983945293074172,registered
903,1787909299.845388,1787909299.8445609,314.74630962579613,2474.746309625796,2329.6931272872735,2474.7588560230156,2475.115718673885,-0.36940904808898267,-0.4066135143834799,0.18402365225341644,0.01496901581391848,registered
904,1787909299.8695674,1787909299.8688672,317.4565941479941,2477.456594147994,2332.4034118094714,2477.372495891012,2477.303200955414,0.1533931925800971,0.1515793379335264,0.18306825940481095,0.015205944188930199,registered
905,1787909299.8986688,1787909299.8978755,319.89829091222464,2479.8982909122246,2334.845108573702,2479.94971343156,2479.9138551045257,-0.015564192301098956,-0.021261664735447994,0.1699009690956088,0.01466545418600797,registered
906,1787909299.9266794,1787909299.925875,322.81308137928863,2482.8130813792886,2337.759899040766,2482.632575138917,2482.4337038919293,0.37937748735930654,0.3523226729707858,0.1322351154480126,0.011569836387836575,registered
907,1787909299.9552424,1787909299.9545155,325.3390793817507,2485.3390793817507,2340.285897043228,2485.2362856212776,2485.0112501315143,0.3278292502363911,0.32323083974506517,0.125186640846655,0.010380525588044196,registered
908,1787909299.983929,1787909299.983287,327.6199486697333,2487.6199486697333,2342.5667663312106,2487.76009306284,2487.6005976350266,0.019351034706687642,0.03609965132045545,0.13266435753804226,0.010497795890981152,registered
909,1787909300.0124645,1787909300.0117593,329.9505015140285,2489.9505015140285,2344.897319175506,2490.2541205870143,2490.1629953430984,-0.21249382906989922,-0.2476136930836219,0.10346954528115164,0.007207173647714329,registered
910,1787909300.041062,1787909300.0402524,333.1261996151934,2493.1261996151934,2348.0730172766707,2492.7310071934126,2492.727281253398,0.398918361795495,0.41617534636634446,0.16094136092404374,0.010798555634847416,registered
911,1787909300.0703077,1787909300.0695965,335.3056305334944,2495.3056305334944,2350.2524481949717,2495.2116931919472,2495.368146638163,-0.06251610466870261,-0.052146678546705516,0.108809803970611,0.008194193861491702,registered
912,1787909300.0981967,1787909300.0975099,337.55629325006475,2497.5562932500648,2352.503110911542,2497.713020788524,2497.880249505062,-0.32395625499702874,-0.3276434857107233,0.149543965177275,0.012543685545536032,registered
913,1787909300.1270242,1787909300.126241,340.1792243105906,2500.1792243105906,2355.126041972068,2500.304564223249,2500.465949345178,-0.2867250345875618,-0.2956893818827666,0.09753142594895478,0.009374810008992592,registered
914,1787909300.1556075,1787909300.15499,342.840307621595,2502.840307621595,2357.7871252830723,2502.936254716851,2503.0532584485577,-0.21295082696269674,-0.2279351977153965,0.1515170053293823,0.01574964828897314,registered
915,1787909300.1838658,1787909300.1832535,345.62924596862376,2505.6292459686238,2360.576063630101,2505.5335465700605,2505.5968814185635,0.032364550060265174,0.052120372006356774,0.13300787491515342,0.013969900680102306,registered
916,1787909300.2124605,1787909300.2118053,348.06556933435104,2508.065569334351,2363.0123869958284,2508.1983415011027,2508.166445712365,-0.10087637801416349,-0.09885548695137913,0.1274384267413327,0.013422673342115016,registered
917,1787909300.241072,1787909300.2402878,351.12535224316935,2511.1253522431693,2366.0721699046467,2510.909154112952,2510.7297660647073,0.3955861784620538,0.3609649896252449,0.1277685058612211,0.013180481236572042,registered
918,1787909300.269953,1787909300.2692158,353.6365619228304,2513.6365619228304,2368.5833795843077,2513.5252871851408,2513.3331892575584,0.3033726652720361,0.3175701448139989,0.11558253614204243,0.01137624829120848,registered
919,1787909300.2984056,1787909300.2977657,355.9601157801476,2515.9601157801476,2370.906933441625,2516.0702742983503,2515.902581896612,0.05753388353559785,0.07055149286361484,0.12694912660941543,0.011887556298289595,registered
920,1787909300.3276262,1787909300.3262255,358.45986159574977,2518.4598615957498,2373.406679257227,2518.580460249781,2518.4638638488213,-0.0040022530715759785,0.019585834716508543,0.10563147264333043,0.008349066532914734,registered
921,1787909300.3553119,1787909300.354467,1.3419742650680746,2521.341974265068,2376.2887919265454,2521.0451363483307,2521.005491332381,0.3364829326869767,0.32355027688709015,0.17577732006219,0.011906033703005683,registered
922,1787909300.3842423,1787909300.3834877,3.3790526999741815,2523.379052699974,2378.3258703614515,2523.4886654753377,2523.6172612373553,-0.23820853738106962,-0.22478713634063752,0.13193873441099477,0.009409000718447314,registered
923,1787909300.412741,1787909300.412122,5.916547634466497,2525.9165476344665,2380.863365295944,2525.9759204763236,2526.1942495990093,-0.2777019645427572,-0.32545266590295796,0.1427244077222737,0.010136989636702889,registered
924,1787909300.441114,1787909300.4404247,8.5520047953828,2528.552004795383,2383.49882245686,2528.5694695080524,2528.7413914913495,-0.18938669596673208,-0.12637914183324028,0.13897458951129557,0.010317044063813693,registered
925,1787909300.4697282,1787909300.4690804,11.003114293159342,2531.0031142931593,2385.9499319546367,2531.1904600079533,2531.320310968919,-0.3171966757595328,-0.3285001529184228,0.16111799462912263,0.012805297482679397,registered
926,1787909300.4981036,1787909300.497509,13.892317527813702,2533.8923175278137,2388.839135189291,2533.82857646394,2533.8787820746293,0.01353545318443139,-0.006759289259662182,0.16620981457885953,0.01306354786029354,registered
927,1787909300.5267987,1787909300.526113,16.42394942936835,2536.4239494293683,2391.3707670908457,2536.5296045018995,2536.4530454171586,-0.02909598779024236,-0.06979686513886918,0.1684069413320443,0.013524345000285067,registered
928,1787909300.5553954,1787909300.5547087,19.471084287669328,2539.4710842876693,2394.4179019491467,2539.1849831776226,2539.026557770165,0.4445265175045279,0.4169084242275858,0.14227953845418684,0.011115680418383544,registered
929,1787909300.5837898,1787909300.5831447,21.842142858236457,2541.8421428582365,2396.788960519714,2541.7860174002344,2541.585694038024,0.25644882021242665,0.2607034804200339,0.1300363595507738,0.009577569446923154,registered
930,1787909300.6125298,1787909300.6118925,24.302646259852736,2544.3026462598527,2399.24946392133,2544.344690925283,2544.1728958571857,0.129750402667014,0.12281934277962137,0.12068357613098324,0.008441726125187784,registered
931,1787909300.6413994,1787909300.6404886,26.767501531840026,2546.76750153184,2401.7143191933174,2546.8068778377883,2546.7464511238795,0.021050407960501616,0.042418901768996875,0.11114277929148945,0.006289767266597373,registered
932,1787909300.6696587,1787909300.6689153,29.37485709935754,2549.3748570993575,2404.321674760835,2549.3333898778183,2549.304750574842,0.07010652451572241,0.07748247102290406,0.12103800900993095,0.005775824945882061,registered
933,1787909300.6983438,1787909300.697649,31.739614178481588,2551.7396141784816,2406.686431839959,2551.816731286854,2551.890686440237,-0.15107226175541655,-0.15695488891378773,0.10870797348060483,0.005797278718276311,registered
934,1787909300.7271328,1787909300.7262635,34.32002220020922,2554.320022200209,2409.2668398616865,2554.392679624928,2554.46589388388,-0.14587168367097547,-0.12703122578795956,0.09800978105007209,0.005470941553484856,registered
935,1787909300.7553635,1787909300.7546723,36.9344148999694,2556.9344148999694,2411.8812325614467,2557.0619711276227,2557.02258407158,-0.08816917161038873,-0.06819334341753347,0.15833264620728194,0.00929989784095117,registered
936,1787909300.7839568,1787909300.783158,39.86441930729188,2559.864419307292,2414.811236968769,2559.6706151785625,2559.586204819731,0.2782144875609447,0.2716262534290763,0.1484239314764824,0.009337075376862248,registered
937,1787909300.8124042,1787909300.8117793,42.189604498106746,2562.1896044981067,2417.136422159584,2562.270413286171,2562.1620130549923,0.027591443114488357,0.021758992736977234,0.16550734731564826,0.010741629748930585,registered
938,1787909300.8409727,1787909300.840318,44.99798921087813,2564.997989210878,2419.9448068723555,2564.9076543854403,2564.7303972224013,0.26759198847685184,0.27069385423965286,0.15157803298924818,0.008087429025535957,registered
939,1787909300.869652,1787909300.869012,47.71256036206023,2567.7125603620602,2422.6593780235376,2567.4713033588696,2567.312771251775,0.3997891102853828,0.41883560467658754,0.17614105936521177,0.007569007025871399,registered
940,1787909300.8983686,1787909300.8976216,49.66713936127417,2569.667139361274,2424.6139570227515,2569.985781678346,2569.887528101705,-0.2203887404307352,-0.1986608235552012,0.15042048910054023,0.007478917121475225,registered
941,1787909300.9267511,1787909300.926113,52.56231712043564,2572.5623171204356,2427.509134781913,2572.5225139405275,2572.4516423572563,0.11067476317930414,0.12407213303185927,0.10952826988196417,0.006157266791413931,registered
942,1787909300.9553108,1787909300.95468,55.18357622201256,2575.1835762220126,2430.13039388349,2575.122359684105,2575.0225798890424,0.16099633297017135,0.14473887420854226,0.09193442113126367,0.0048328950433278875,registered
943,1787909300.9837847,1787909300.9831858,57.4905330298684,2577.4905330298684,2432.4373506913457,2577.621761920674,2577.588003012048,-0.09746998217951841,-0.09645078106177607,0.0814114865219959,0.004445549607730154,registered
944,1787909301.0123837,1787909301.0116844,60.20549051284297,2580.205490512843,2435.1523081743203,2580.1939552932486,2580.1527824297486,0.052708083094330505,0.09130275109782815,0.07940423511862764,0.004982507942079617,registered
945,1787909301.0411227,1787909301.0403335,63.028030271077114,2583.028030271077,2437.9748479325544,2582.830365965634,2582.7311011157,0.2969291553772564,0.3034238590212226,0.09349111328700223,0.005407679309510683,registered
946,1787909301.06961,1787909301.0690198,65.36538949941178,2585.365389499412,2440.312207160889,2585.3862364036872,2585.312767069238,0.05262243017386936,0.026387556334611872,0.11048494712569573,0.005907928097187452,registered
947,1787909301.0982685,1787909301.097674,67.68131909832937,2587.6813190983294,2442.6281367598067,2587.932446689103,2587.8915363489027,-0.2102172505733506,-0.19875156369971592,0.07291445979623282,0.00448317314018373,registered
948,1787909301.1267757,1787909301.1261718,70.70515902379975,2590.7051590237998,2445.651976685277,2590.5255955891143,2590.4562513960727,0.24890762772702146,0.26802471283963314,0.08094254424778209,0.005595161494456341,registered
949,1787909301.155626,1787909301.1547918,73.1371748043789,2593.137174804379,2448.083992465856,2593.092787430448,2593.0319523471167,0.10522245726224355,0.08876293523917411,0.10139125116047257,0.006458113918058686,registered
950,1787909301.1840172,1787909301.1832824,75.62394927446076,2595.6239492744608,2450.570766935938,2595.670075054476,2595.596002232138,0.027947042322921334,0.003756582744699699,0.08810409518041762,0.005504630758221692,registered
951,1787909301.2127202,1787909301.2119234,78.10799642130951,2598.1079964213095,2453.054814082787,2598.267317667617,2598.1735913854104,-0.06559496410091015,-0.050488368878177425,0.07560761340958355,0.005204763494329513,registered
952,1787909301.241187,1787909301.2404022,81.00601022209321,2601.006010222093,2455.9528278835705,2600.890317244115,2600.7365898851,0.2694203369933348,0.2837332565509314,0.11942150127305506,0.007667538240031813,registered
953,1787909301.2699533,1787909301.2692244,83.48683335056558,2603.4868333505656,2458.433651012043,2603.42393405564,2603.330486239435,0.15634711113079902,0.1727997047619283,0.0910909559908339,0.005210525558975269,registered
954,1787909301.298166,1787909301.2975724,85.97467554773357,2605.9746755477336,2460.921493209211,2605.956042301553,2605.881704932041,0.09297061569259313,0.10702933893117006,0.11389472756878415,0.007062938565993539,registered
955,1787909301.3272703,1787909301.3265305,88.47734865004168,2608.4773486500417,2463.424166311519,2608.5420141772174,2608.487831687173,-0.010483037131507444,0.0059503487177607894,0.097531469173572,0.006470606912494385,registered
956,1787909301.355463,1787909301.3547266,91.252563094381,2611.252563094381,2466.1993807558583,2611.1163092079787,2611.0253823704675,0.22718072391353417,0.1996543554487289,0.13119916623517536,0.007986428187684306,registered
957,1787909301.3841362,1787909301.383262,93.4441852536529,2613.444185253653,2468.3910029151302,2613.6299286732346,2613.5934661420674,-0.14928088841452336,-0.17067553198239693,0.09798149013626721,0.0058105791358817865,registered
958,1787909301.4124823,1787909301.4118106,96.07333146714655,2616.0733314671465,2471.020149128624,2616.2078055625207,2616.1627514969036,-0.08942002975709329,-0.10559263882305459,0.09401040629290418,0.005972669203517517,registered
959,1787909301.4411385,1787909301.440476,99.11305696356203,2619.113056963562,2474.0598746250394,2618.832018824901,2618.7425292482135,0.370527715348544,0.3497700105253898,0.13408308920614703,0.008172436014894742,registered
960,1787909301.4705088,1787909301.4697032,101.36962828803507,2621.369628288035,2476.3164459495124,2621.4448519908556,2621.3728807796615,-0.0032524916264264903,-0.0023237414393406652,0.09084151976798141,0.00506421480780912,registered
961,1787909301.498294,1787909301.4976428,103.8664123989779,2623.866412398978,2478.813230060455,2623.9755029920716,2623.8873438993455,-0.020931500367623812,-0.04844504026505092,0.1340559394876445,0.00733930419128821,registered
962,1787909301.5267348,1787909301.5260444,106.70884527200315,2626.708845272003,2481.6556629334805,2626.606106548346,2626.44339038174,0.2654548902632996,0.2538047123330216,0.13651646216120794,0.007410421071682967,registered
963,1787909301.5553355,1787909301.554692,109.30190663347094,2629.301906633471,2484.2487242949483,2629.18324831557,2629.02158032663,0.28032630684083415,0.3074012659003529,0.12137606681641781,0.006198238175255122,registered
964,1787909301.5840979,1787909301.5834074,111.58313325830022,2631.5831332583,2486.5299509197775,2631.679831970592,2631.6058640150754,-0.022730756775217742,-0.04922526214113532,0.1341597170747947,0.006820673345898682,registered
965,1787909301.6126857,1787909301.6119967,114.0407164950634,2634.0407164950634,2488.9875341565407,2634.2769741608313,2634.1787970333075,-0.13808053824413946,-0.1278298439806349,0.11308320138351202,0.00566985982495364,registered
966,1787909301.641696,1787909301.6408253,117.13890220590383,2637.138902205904,2492.085719867381,2636.8724229774602,2636.7732727224175,0.3656294834863729,0.3899801869451949,0.1615321307760485,0.007237487772738231,registered
967,1787909301.6702302,1787909301.6694884,119.35089809721012,2639.35089809721,2494.2977157586874,2639.379005141072,2639.352857362135,-0.001959264925062598,0.013856745646535273,0.11858599180961844,0.005284855854589574,registered
968,1787909301.699373,1787909301.698518,121.73014604722857,2641.7301460472286,2496.676963708706,2641.88805130719,2641.9654211703187,-0.2352751230901049,-0.17508791757973086,0.15944528102588146,0.007489756205576224,registered
969,1787909301.7271006,1787909301.72641,124.66431787616466,2644.6643178761647,2499.611135537642,2644.4214626161183,2644.475592921302,0.18872495486266416,0.17727691485015384,0.19411211408009907,0.008778642090536411,registered
970,1787909301.7636244,1787909301.7628098,127.0356091841877,2647.0356091841877,2501.982426845665,2646.90659098176,2647.7514521327194,-0.7158429485316447,-0.7349894948856672,0.26220109641286,0.011395975305503337,registered
971,1787909301.7872376,1787909301.7861621,129.15632941659442,2649.1563294165944,2504.1031470780717,2649.3838733293164,2649.8530855833897,-0.6967561667952396,-0.7075810629230546,0.22770226816626585,0.010341609964717014,registered
972,1787909301.827551,1787909301.8266947,131.89206978169614,2651.892069781696,2506.8388874431735,2652.004588393464,2653.500877720103,-1.6088079384066987,-1.685893843246049,0.24861412818272605,0.014086040315033955,registered
973,1787909301.8410096,1787909301.8403294,134.6224062158385,2654.6224062158385,2509.569223877316,2654.6340935298076,2654.7279516864,-0.10554547056153751,-0.16902716764798242,0.24053758795814664,0.016226306817942675,registered
974,1787909301.8696358,1787909301.86899,137.22158447534912,2657.221584475349,2512.1684021368264,2657.2938146548086,2657.30730030084,-0.08571582549075174,-0.11670781593602442,0.23971611363274387,0.017399343353944177,registered
975,1787909301.8983147,1787909301.8976352,140.0753590858826,2660.0753590858826,2515.02217674736,2660.0314728643925,2659.885275677295,0.190083408587725,0.17217654289652273,0.21621295273205504,0.01578826570348658,registered
976,1787909301.9268112,1787909301.9261496,142.8236842643014,2662.8236842643014,2517.7705019257787,2662.71823324202,2662.4514712466666,0.3722130176347491,0.3404258599462082,0.2168859103595402,0.013939431270461666,registered
977,1787909301.9556954,1787909301.955056,145.34677425125074,2665.3467742512507,2520.293591912728,2665.295765296418,2665.052941866759,0.29383238449190685,0.30686314569811657,0.15833456146045377,0.010304748028677547,registered
978,1787909301.9839444,1787909301.9832237,147.9868048991234,2667.9868048991234,2522.9336225606007,2667.8152467252803,2667.5879391856756,0.3988657134477762,0.4120684425415675,0.10462784107106356,0.007739604084954146,registered
979,1787909302.0125587,1787909302.0119681,150.25268584744572,2670.2526858474457,2525.199503508923,2670.2744712262365,2670.1748406090287,0.0778452384170123,0.1274401174018749,0.11736413047827407,0.008981795972118465,registered
980,1787909302.0412385,1787909302.0404794,152.52641163566295,2672.526411635663,2527.4732292971403,2672.66377698784,2672.740757239435,-0.21434560377201706,-0.19227228430554533,0.15500816734576128,0.011288500658644368,registered
981,1787909302.0696793,1787909302.0690272,155.1296230666885,2675.1296230666885,2530.076440728166,2675.0975677359065,2675.309956766897,-0.18033370020839357,-0.1641917799101975,0.14782271665933822,0.010430432479799231,registered
982,1787909302.098088,1787909302.0975294,157.5905935170881,2677.590593517088,2532.5374111785654,2677.632103229048,2677.8750580372503,-0.2844645201621461,-0.31081364209330786,0.1461796254248652,0.011888989792368014,registered
983,1787909302.1273253,1787909302.126581,160.09772914286214,2680.097729142862,2535.0445468043395,2680.218185171323,2680.489595875036,-0.3918667321736393,-0.37877912329940955,0.16069066457680245,0.015387572440581736,registered
984,1787909302.1557357,1787909302.1551015,162.79254065438226,2682.7925406543823,2537.7393583158596,2682.9191058111137,2683.0563493223385,-0.2638086679562548,-0.2698894001187,0.18212993993797813,0.01837298134752247,registered
985,1787909302.1839025,1787909302.1832938,165.73433316159435,2685.7343331615943,2540.6811508230717,2685.655235086143,2685.5935566961366,0.1407764654577477,0.12017727644933984,0.21070690407751597,0.021942580372985937,registered
986,1787909302.2127414,1787909302.2119777,168.5015416375627,2688.5015416375627,2543.44835929904,2688.392731564062,2688.1750080812394,0.32653355632328385,0.33026837680108656,0.16983132946568477,0.01790242217056398,registered
987,1787909302.241397,1787909302.240603,171.0232198211379,2691.023219821138,2545.970037482615,2691.0652831086736,2690.7511810828405,0.2720387382973968,0.25066972937520404,0.14610525277480835,0.013249845185410216,registered
988,1787909302.2698748,1787909302.2691808,173.78002289017968,2693.7800228901797,2548.726840551657,2693.6418963215237,2693.3230841725845,0.45693871759522153,0.44471663583044574,0.13909265261818965,0.010715706332624437,registered
989,1787909302.2984004,1787909302.2977374,176.24657199472222,2696.246571994722,2551.1933896561995,2696.1605464675395,2695.893077603256,0.3534943914660289,0.37603937543508437,0.10467331870419597,0.008057408536658782,registered
990,1787909302.3273435,1787909302.3265514,178.6680624738342,2698.668062473834,2553.6148801353115,2698.584152053143,2698.4862444249125,0.18181804892174114,0.15857267819956178,0.11318140442756362,0.009288881627473078,registered
991,1787909302.3556378,1787909302.3548107,180.78076176275817,2700.780761762758,2555.7275794242355,2700.9920795197804,2701.029481171735,-0.24871940897673994,-0.2628988369583567,0.09643109274400707,0.008143387025887558,registered
992,1787909302.384191,1787909302.3834941,183.36959932658237,2703.3695993265824,2558.3164169880597,2703.4372856804403,2703.6108896431506,-0.24129031656821098,-0.2202821172190852,0.11742380405325024,0.009066367102535274,registered
993,1787909302.413177,1787909302.4123414,186.05608052420757,2706.0560805242076,2561.002898185685,2705.911951969775,2706.207038966054,-0.15095844184634188,-0.13929794348132418,0.1636198136659346,0.011126652730837324,registered
994,1787909302.4415283,1787909302.440737,188.36380096839866,2708.3638009683987,2563.310618629876,2708.5032367733843,2708.7625490273604,-0.39874805896170074,-0.38441640760902374,0.18914046483803595,0.014100245450010988,registered
995,1787909302.4696102,1787909302.4690235,191.09215563313546,2711.0921556331355,2566.038973294613,2711.194158613989,2711.3082318543425,-0.21607622120700398,-0.23046504006515534,0.2048612962365495,0.017989110600097797,registered
996,1787909302.498338,1787909302.497637,193.92342855160905,2713.923428551609,2568.8702462130864,2713.957941210396,2713.883353470612,0.04007508099721235,0.01749219775911115,0.24508830555923047,0.021454291500009652,registered
997,1787909302.5266867,1787909302.526113,196.6719799394582,2716.671979939458,2571.6187976009355,2716.668109138266,2716.4460944881794,0.22588545127882753,0.19283047398721465,0.2098622598295847,0.019877076111964036,registered
998,1787909302.5560257,1787909302.5553439,199.49479014445478,2719.494790144455,2574.441607805932,2719.373979954272,2719.07676787228,0.41802227217476684,0.4155782728785198,0.17268053032440872,0.015362923737047734,registered
999,1787909302.58424,1787909302.5835612,202.1297274409253,2722.1297274409253,2577.0765451024026,2721.9998515006664,2721.616228214646,0.5134992262792366,0.485657721037569,0.19606188130533,0.01494490785019184,registered
1000,1787909302.6240492,1787909302.62323,204.59579300349014,2724.59579300349,2579.5426106649675,2724.4885159916803,2725.186282207345,-0.5904892038547587,-0.6542683886791565,0.14778289948769244,0.011472132315422174,registered
1001,1787909302.6416266,1787909302.6406982,206.92819985274446,2726.9281998527445,2581.875017514222,2726.94168480157,2726.75836076034,0.16983909240434514,0.12699411115363546,0.14480335005465664,0.010937448131158422,registered
1002,1787909302.6713824,1787909302.6704082,209.40007720214635,2729.4000772021463,2584.3468948636237,2729.374277230172,2729.4321623998835,-0.03208519773716034,-0.07486887463801395,0.14078906446487732,0.00967141874717332,registered
1003,1787909302.699918,1787909302.6992755,211.54222988260244,2731.5422298826024,2586.4890475440798,2731.8011944555788,2732.030114097641,-0.48788421503877544,-0.4751467064429562,0.17770927772469577,0.009951805478880084,registered
1004,1787909302.7277184,1787909302.7268076,214.23549240261173,2734.2354924026117,2589.182310064089,2734.3365025806356,2734.507907471777,-0.272415069165163,-0.2696624891468673,0.2170569940797815,0.009447946184158838,registered
1005,1787909302.7556186,1787909302.7549675,217.04449651202185,2737.044496512022,2591.991314173499,2736.943593737889,2737.0421967148586,0.0022997971632321423,-0.011715717270362802,0.21660369242167216,0.01117421289418008,registered
1006,1787909302.7844393,1787909302.783712,219.55506810826182,2739.555068108262,2594.501885769739,2739.60386190237,2739.6290981382112,-0.07403002994942653,-0.046037064302254294,0.2703792882155577,0.015022026795506058,registered
1007,1787909302.8129532,1787909302.8121898,222.2455564006882,2742.245556400688,2597.1923740621655,2742.265852810201,2742.192010810527,0.05354559016132043,0.0701989857816443,0.2622401617790446,0.013519902192976736,registered
1008,1787909302.8416562,1787909302.8409622,225.11813701032497,2745.118137010325,2600.0649546718023,2744.9045010640375,2744.78142268457,0.3367143257551106,0.3529952009248518,0.3129546358636096,0.01187033401584096,registered
1009,1787909302.8711421,1787909302.8705556,227.50526993644326,2747.5052699364433,2602.4520875979206,2747.253864536443,2747.44473192764,0.060538008803177945,0.06849658911642109,0.24280990823198653,0.008561319629212215,registered
1010,1787909302.8985288,1787909302.8977969,230.03269216125727,2750.0326921612573,2604.9795098227346,2749.86324330346,2749.896347952701,0.1363442085562383,0.1622857707525327,0.18233840377637925,0.007462949028507067,registered
1011,1787909302.9269383,1787909302.9262252,232.491080591446,2752.491080591446,2607.4378982529233,2752.710427686815,2752.454797601568,0.0362829898781456,0.014763824638521328,0.11843431586403555,0.005315701887736528,registered
1012,1787909302.9555683,1787909302.9549024,234.99955318869934,2754.9995531886993,2609.9463708501767,2755.670178442523,2755.0356481950525,-0.03609500635320728,-0.02633617353740192,0.10289064914549245,0.004753616873338949,registered
1013,1787909302.9842808,1787909302.983591,237.7574620963037,2757.7574620963037,2612.704279757781,2758.705785073737,2757.617528717026,0.13993337927786342,0.11804192340468944,0.07457960577172136,0.003257578614494266,registered
1014,1787909303.041357,1787909303.0405612,242.96394386473548,2762.9639438647355,2617.910761526213,2761.8490914767262,2762.744641472267,0.21930239246830752,0.20911452771315453,0.12575617737388903,0.00553570765206938,registered
1015,1787909303.069753,1787909303.0691822,245.51650945661504,2765.516509456615,2620.4633271180924,2764.9434663850934,2765.320428250685,0.19608120593011336,0.20838739847340548,0.13004568062748675,0.0060463690872707716,registered
1016,1787909303.0987787,1787909303.0982547,247.95159761043078,2767.951597610431,2622.898415271908,2767.924576997559,2767.936854290699,0.014743319731678639,0.06001295925852901,0.0971651247462793,0.004747715272945043,registered
1017,1787909303.1269639,1787909303.126312,250.5512507771282,2770.551250777128,2625.4980684386055,2770.7557081102777,2770.461917091074,0.08933368605403302,0.1092372804318984,0.07431271530310307,0.003634116203904193,registered
1018,1787909303.1562126,1787909303.1554747,253.24039721530107,2773.240397215301,2628.1872148767784,2773.3651625310804,2773.0864538179326,0.1539433973684936,0.15630017478815716,0.11967985445097322,0.005753781027013184,registered
1019,1787909303.1854472,1787909303.184263,255.61956785913526,2775.6195678591353,2630.5663855206126,2775.6628378836494,2775.67730330049,-0.05773544135490738,-0.027477417334921483,0.07547768756602864,0.0037825993762523264,registered
1020,1787909303.2135768,1787909303.212881,258.1890464067774,2778.1890464067774,2633.1358640682547,2778.2313228626153,2778.252832596786,-0.06378619000861363,-0.08507274433804923,0.09580663699384945,0.005179941333937177,registered
1021,1787909303.2412891,1787909303.2405698,260.9291072956253,2780.9291072956253,2635.8759249571026,2780.86058187265,2780.744723117104,0.18438417852121347,0.1763442605038108,0.11166169428281077,0.006061613246670249,registered
1022,1787909303.2700953,1787909303.2692778,263.39739504688305,2783.397395046883,2638.3442127083604,2783.435429162698,2783.328341643401,0.06905340348203026,0.07940850756358486,0.08939913534942195,0.004493866320999092,registered
1023,1787909303.2985227,1787909303.2978044,265.7884550222652,2785.788455022265,2640.7352726837426,2785.9719845661916,2785.895631511791,-0.10717648952595482,-0.08989023477488445,0.0890515444801721,0.004591499699032912,registered
1024,1787909303.3279796,1787909303.3267617,268.8166787987989,2788.816678798799,2643.763496460276,2788.5718872573816,2788.501693896393,0.3149849024057403,0.3239095271901533,0.09784938753153098,0.005572949164244615,registered
1025,1787909303.3562067,1787909303.3554697,271.30420010148646,2791.3042001014865,2646.251017762964,2791.1563034258966,2791.08531242269,0.21888767879636362,0.23690683552058545,0.10518397953917809,0.005923891674475232,registered
1026,1787909303.3844962,1787909303.3838243,273.4685687617757,2793.4685687617757,2648.415386423253,2793.689740053698,2793.637131906914,-0.16856314513825055,-0.17861387778202698,0.08495750369754536,0.004595139969105699,registered
1027,1787909303.4128544,1787909303.41219,276.1505771764064,2796.1505771764064,2651.0973948378837,2796.267665664717,2796.1899384059393,-0.039361229532914876,-0.035651179657179455,0.07079991860938721,0.003982573948843536,registered
1028,1787909303.4414294,1787909303.4407105,279.0412112364511,2799.041211236451,2653.9880288979284,2798.89112695091,2798.756691853242,0.28451938320904446,0.2716759997447298,0.09190889393837806,0.005506841737304203,registered
1029,1787909303.4698083,1787909303.4691122,281.4209251528396,2801.4209251528396,2656.367742814317,2801.433482110625,2801.3127383356364,0.10818681720320455,0.1066312815278252,0.07018295399679016,0.004121319557397967,registered
1030,1787909303.4984574,1787909303.497757,283.8726931661595,2803.8726931661595,2658.819510827637,2803.973225271755,2803.8906707984047,-0.017977632245219866,-0.046537823399376066,0.0924961662558646,0.00527635768162824,registered
1031,1787909303.5272796,1787909303.5266168,286.76098609777137,2806.7609860977714,2661.7078037592487,2806.6154827947844,2806.4879573340136,0.27302876375779306,0.293267273472793,0.08343198463641216,0.004880329644219322,registered
1032,1787909303.555713,1787909303.555048,289.34441877195786,2809.344418771958,2664.291236433435,2809.221368960343,2809.0466644650023,0.2977543069555395,0.3274265145114441,0.1300607313035053,0.007726279090905821,registered
1033,1787909303.5840232,1787909303.5833495,291.4683693581742,2811.468369358174,2666.4151870196515,2811.7449568827574,2811.593699073125,-0.12532971495102174,-0.13837131385389512,0.12110772003008181,0.007123646831154507,registered
1034,1787909303.61301,1787909303.6122317,294.1246802430669,2814.124680243067,2669.0714979045442,2814.2895101240974,2814.1930025520232,-0.06832230895633984,-0.07758984843258077,0.08789825162638545,0.004909165237938302,registered
1035,1787909303.6416569,1787909303.6408916,297.296298632004,2817.296298632004,2672.2431162934813,2816.85904042248,2816.7722867959324,0.5240118360716224,0.5232491676815698,0.12358473394052329,0.006959065709503382,registered
1036,1787909303.6705341,1787909303.6696887,299.40936110430675,2819.4093611043068,2674.356178765784,2819.3685697536093,2819.3639301816997,0.04543092260701087,0.041507966132940055,0.09057860480261637,0.005477826035691161,registered
1037,1787909303.6986244,1787909303.697997,301.582300819613,2821.582300819613,2676.5291184810903,2821.873447193752,2821.911587038284,-0.32928621867085894,-0.31317972260831084,0.11788920727474764,0.0074267343795261075,registered
1038,1787909303.7297873,1787909303.7266984,304.42808752597875,2824.4280875259788,2679.374905187456,2824.4177162053484,2824.4946047729627,-0.06651724698394901,-0.05365895607337734,0.125714342763152,0.007861442771715457,registered
1039,1787909303.7559226,1787909303.755361,307.1610546146662,2827.161054614666,2682.1078722761436,2826.9426147728936,2827.0741464989937,0.08690811567248602,0.08057957339997301,0.18560530765710606,0.011300357393892077,registered
1040,1787909303.7840652,1787909303.783502,309.3352678331703,2829.3352678331703,2684.2820854946476,2829.428192664552,2829.6067406514385,-0.2714728182681938,-0.2585479670156019,0.12988335529536826,0.008437204960007159,registered
1041,1787909303.813178,1787909303.812525,311.9076771866585,2831.9076771866585,2686.854494848136,2832.0832710166937,2832.218703668004,-0.3110264813453796,-0.30141156825129656,0.15547152041015985,0.011484450040985984,registered
1042,1787909303.8418524,1787909303.8412828,314.81227900726026,2834.8122790072603,2689.7590966687376,2834.792776527444,2834.806806674593,0.005472332667068258,0.01738967819028403,0.19971871370818997,0.01626492781623643,registered
1043,1787909303.8700638,1787909303.8694644,317.4796406462897,2837.4796406462897,2692.426458307767,2837.4334268153416,2837.3430484904334,0.1365921558563059,0.1490576588425938,0.1663052942297716,0.013815578976186463,registered
1044,1787909303.8986833,1787909303.8980017,319.8924884833891,2839.892488483389,2694.8393061448664,2840.009823301607,2839.9113039167814,-0.01881543339231939,-0.019084725953234738,0.1388026363053768,0.011979649008334335,registered
1045,1787909303.9272637,1787909303.9266026,322.92439628345755,2842.9243962834576,2697.871213944935,2842.675694834802,2842.485288320345,0.4391079631127468,0.43939820585319467,0.12404496178935903,0.010832342922890745,registered
1046,1787909303.955697,1787909303.9549832,325.4608480455977,2845.4608480455977,2700.407665707075,2845.285182581704,2845.039446600511,0.42140144508675803,0.4380640293106808,0.12463952249602803,0.010313260694315783,registered
1047,1787909303.984073,1787909303.9834664,327.58997264839263,2847.5899726483926,2702.53679030987,2847.8033872147207,2847.6028313233837,-0.012858674991093721,-0.023164978347267606,0.13021173484715695,0.010313993263140416,registered
1048,1787909304.0139985,1787909304.013215,329.9927401525724,2849.9927401525724,2704.9395578140497,2850.3010983681784,2850.280108971575,-0.287368819002495,-0.35320099318505527,0.11586591584327098,0.008048575121918554,registered
1049,1787909304.0419576,1787909304.0411093,333.14035682966414,2853.140356829664,2708.0871744911415,2852.7708528734133,2852.790495290993,0.3498615386711208,0.3743585667548359,0.1731624201169029,0.011626430598602954,registered
1050,1787909304.0709262,1787909304.0701482,335.35181327929195,2855.351813279292,2710.2986309407693,2855.2318096244962,2855.403895916073,-0.052082636781051406,-0.02712158247777552,0.11178896559080995,0.008437623548725412,registered
1051,1787909304.0985804,1787909304.0979655,337.61222931858174,2857.6122293185817,2712.559046980059,2857.7466579894262,2857.9073516750395,-0.29512235645779583,-0.298339670376663,0.15021452231607735,0.01263608987760818,registered
1052,1787909304.1274743,1787909304.1265726,340.2154968618747,2860.2154968618747,2715.162314523352,2860.355375849938,2860.4818939565343,-0.2663970946596237,-0.2615124278286203,0.10196453988024072,0.009817061371384586,registered
1053,1787909304.1555986,1787909304.1550453,342.85889757052473,2862.8588975705247,2717.805715232002,2862.981767203936,2863.044334578293,-0.18543700776808691,-0.19698870630327292,0.15439807172115813,0.016053071757288345,registered
1054,1787909304.18425,1787909304.1835105,345.67693150999776,2865.6769315099978,2720.623749171475,2865.5802953885786,2865.606110037903,0.07082147209484901,0.09778734136443745,0.13224398958565028,0.013889321324021287,registered
1055,1787909304.2136343,1787909304.212502,348.1711856341585,2868.1711856341585,2723.118003295636,2868.2422783213565,2868.2152407511257,-0.04405511696722897,-0.040393363147359196,0.13756910085982152,0.014492348827874075,registered
1056,1787909304.2414272,1787909304.2408009,351.12500515053625,2871.1250051505363,2726.0718228120136,2870.9447587916093,2870.76203933397,0.36296581656642957,0.33670644339508726,0.12388774918712765,0.01278022439015978,registered
1057,1787909304.2699964,1787909304.2694166,353.66137752852956,2873.6613775285296,2728.608195190007,2873.5544002253464,2873.337354061831,0.32402346669869075,0.3535613254830423,0.0977835172251561,0.009620589744751759,registered
1058,1787909304.298485,1787909304.297916,355.99278730310607,2875.992787303106,2730.9396049645834,2876.092972260408,2875.902197850062,0.09058945304423105,0.10462219255941818,0.12969938027353867,0.012130194250383489,registered
1059,1787909304.3281755,1787909304.3266306,358.4835853163777,2878.4835853163777,2733.430402977855,2878.602591988903,2878.4864171679765,-0.0028318515987848514,0.056119523243069125,0.11454282570964654,0.009033758435585501,registered
1060,1787909304.355679,1787909304.3551419,1.3311483283523557,2881.3311483283524,2736.2779659898297,2881.0664870813425,2881.0523337983827,0.2788145299696225,0.2536056107969671,0.18029047804472972,0.012210366637575661,registered
1061,1787909304.3847265,1787909304.383837,3.414406634389252,2883.4144066343893,2738.3612242958666,2883.5274755625896,2883.63479365513,-0.22038702074087269,-0.18160198747773393,0.11744637024917053,0.008381129522312118,registered
1062,1787909304.4131317,1787909304.4124644,5.976556354617969,2885.976556354618,2740.9233740160953,2886.022905026535,2886.211159768323,-0.23460341370491733,-0.29373449318973144,0.13419977609351716,0.009527088400586388,registered
1063,1787909304.441674,1787909304.4410918,8.634766037209829,2888.63476603721,2743.581583698687,2888.6213789989624,2888.787525881515,-0.15275984430536482,-0.09530113640175841,0.14785055302796546,0.011010409406386087,registered
1064,1787909304.470237,1787909304.4695928,11.036654642088251,2891.0366546420883,2745.9834723035656,2891.2396649963694,2891.3525198676507,-0.31586522556244745,-0.3427434834197811,0.1648792346316066,0.013108066452886197,registered
1065,1787909304.49869,1787909304.4980493,13.960773660413906,2893.960773660414,2748.9075913218912,2893.890417525201,2893.913501424051,0.047272236362914555,0.05107870074243692,0.13322035347163744,0.010469560333296931,registered
1066,1787909304.5270283,1787909304.526366,16.472311993059066,2896.472311993059,2751.4191296545364,2896.594489857208,2896.4619092701582,0.010402722900835215,-0.037234609524148254,0.17139253321254908,0.013771174778962978,registered
1067,1787909304.5557652,1787909304.5551727,19.486785171477095,2899.486785171477,2754.4336028329544,2899.2208840080875,2899.0544109296657,0.4323742418114307,0.3880549793443606,0.1582965743899441,0.01236153188139237,registered
1068,1787909304.5841994,1787909304.5836182,21.8684721235054,2901.8684721235054,2756.8152897849827,2901.80043634574,2901.6144054712645,0.2540666522409083,0.27433047164095115,0.1286541834040025,0.009471974980381626,registered
1069,1787909304.6129756,1787909304.6121278,24.402310623122958,2904.402310623123,2759.3491282846003,2904.342146974207,2904.180171903766,0.22213871935673524,0.23947505748583353,0.12353666146281404,0.008601985242883973,registered
1070,1787909304.642704,1787909304.6416368,26.72973157654087,2906.729731576541,2761.676549238018,2906.794253421399,2906.835885424236,-0.10615384769516822,-0.054547063542486285,0.1319065146758149,0.007497916630449586,registered
1071,1787909304.670395,1787909304.669661,29.22548980405236,2909.2254898040524,2764.1723074655297,2909.3141254071406,2909.3579657233636,-0.1324759193112186,-0.1435768632577492,0.10816155730821415,0.005148485460532703,registered
1072,1787909304.6985385,1787909304.6978245,31.765294154885396,2911.7652941548854,2766.7121118163627,2911.8208695161065,2911.892576819098,-0.12728266421254375,-0.13398775166933774,0.10683025168081973,0.00570266311942695,registered
1073,1787909304.7302983,1787909304.7266486,34.335928721996424,2914.3359287219964,2769.2827463834738,2914.399563187932,2914.486644828181,-0.15071610618451814,-0.15159946347239384,0.11565741210408165,0.006457235336482278,registered
1074,1787909304.7564325,1787909304.7557282,37.00628062439955,2917.0062806243996,2771.953098285877,2917.076520621911,2917.1037145735004,-0.09743394910083225,-0.06591538858174317,0.1548163250260114,0.009108370085593676,registered
1075,1787909304.7843163,1787909304.7836835,39.905427631184466,2919.9054276311845,2774.852245292662,2919.7198043225626,2919.6195938448554,0.2858337863290217,0.29389830403670203,0.14517325981926527,0.009142267021435889,registered
1076,1787909304.81294,1787909304.8121288,42.32903537599532,2922.3290353759953,2777.2758530374726,2922.3492533451995,2922.179566929611,0.14946844638416223,0.1411178627731715,0.16236512511082413,0.010515273743009479,registered
1077,1787909304.8417003,1787909304.840942,44.96377610955051,2924.9637761095505,2779.910593771028,2924.99183448462,2924.772647923893,0.19112818565736234,0.2135309234399756,0.15775984575570637,0.008452337418240077,registered
1078,1787909304.8705394,1787909304.8697176,47.804060088593815,2927.804060088594,2782.750877750071,2927.5716743351363,2927.362360193745,0.44169989484862526,0.45463013894823234,0.12428550469675133,0.005354913506249569,registered
1079,1787909304.8985531,1787909304.897971,49.81008174515773,2929.8100817451577,2784.756899406635,2930.087201458679,2929.90506051948,-0.09497877432204405,-0.06650323488156573,0.13901768543514878,0.00699683451957561,registered
1080,1787909304.9272096,1787909304.9264486,52.71484933639613,2932.714849336396,2787.6616669978735,2932.6252090330227,2932.4679517349523,0.246897601443834,0.2633049111409491,0.10595237070580638,0.005949595839627094,registered
1081,1787909304.9558408,1787909304.955228,55.30581127292908,2935.305811272929,2790.2526289344064,2935.2359100344456,2935.0580073143,0.2478039586289924,0.2624330151911636,0.09161262573140372,0.004803317277859864,registered
1082,1787909304.9844794,1787909304.983702,57.577334291621355,2937.5773342916214,2792.5241519530987,2937.752250884865,2937.620555220276,-0.04322092865459126,-0.04195613280580801,0.09983772317834005,0.005478546147639947,registered
1083,1787909305.012908,1787909305.0122335,60.27218819719337,2940.2721881971934,2795.2190058586707,2940.3036825322133,2940.18829568238,0.0838925148132148,0.11003502758831019,0.05415761909217611,0.00340245065847618,registered
1084,1787909305.0417063,1787909305.041041,63.14251322199743,2943.1425132219974,2798.0893308834748,2942.9475939880876,2942.780861712418,0.3616515095795876,0.37654442399389154,0.09017865154512876,0.005179367621260794,registered
1085,1787909305.0703797,1787909305.0697467,65.54136426906598,2945.541364269066,2800.4881819305433,2945.477043453405,2945.364287127123,0.17707714194284563,0.17020246014180884,0.07371956797939544,0.003958612406529243,registered
1086,1787909305.0986302,1787909305.0979953,67.73839068974075,2947.7383906897408,2802.685208351218,2948.0226848067846,2947.906558315988,-0.16816762624739567,-0.16167530463280855,0.08035242694821638,0.004961468396576758,registered
1087,1787909305.1273105,1787909305.126611,70.77852322381659,2950.7785232238166,2805.725340885294,2950.606913462333,2950.481873043849,0.2966501799674006,0.31293449411350593,0.08082832804943499,0.005583898790232581,registered
1088,1787909305.1559994,1787909305.1554759,73.25447470715653,2953.2544747071565,2808.201292368634,2953.1654158808224,2953.079610173171,0.1748645339853283,0.16937775385622444,0.09696542785853604,0.006145730625655355,registered
1089,1787909305.1858938,1787909305.1851723,75.51558272707962,2955.5155827270796,2810.462400388557,2955.683098900744,2955.7521887726352,-0.23660604555561804,-0.2703540137958953,0.0794145082290263,0.0049440733884762635,registered
1090,1787909305.2128568,1787909305.2122014,78.23006558088218,2958.230065580882,2813.1768832423595,2958.2562740234684,2958.184708206978,0.045357373904153064,0.07294716719343342,0.0768142797313446,0.005299653499318041,registered
1091,1787909305.2425551,1787909305.2418234,80.97686165247069,2960.9768616524707,2815.923679313948,2960.8644312833085,2960.8505922712684,0.1262693812022917,0.10075598622961479,0.12188506156778482,0.007839268033919827,registered
1092,1787909305.2702544,1787909305.2696824,83.44732247587172,2963.4473224758717,2818.394140137349,2963.3958974096295,2963.357802977848,0.0895194980234919,0.07517958005564651,0.10289816076425479,0.005888111842664565,registered
1093,1787909305.2988849,1787909305.2981558,85.7923584818277,2965.7923584818277,2820.739176143305,2965.9496014165015,2965.920307970137,-0.12794948830924113,-0.14261009761003152,0.10978017129523723,0.006745040418790629,registered
1094,1787909305.3309686,1787909305.3301997,88.60291063907744,2968.6029106390774,2823.5497283005548,2968.56218825087,2968.8041506507398,-0.2012400116623212,-0.20837029367794457,0.09119526327165114,0.0060450456789945635,registered
1095,1787909305.356214,1787909305.3552766,91.25069465185652,2971.2506946518565,2826.197512313334,2971.1491862772727,2971.060981450473,0.18971320138371084,0.16965074832114624,0.1232046375177491,0.0075003046882269105,registered
1096,1787909305.3844695,1787909305.3838477,93.57372383336087,2973.573723833361,2828.520541494838,2973.6564220072037,2973.6322837485986,-0.05855991523776538,-0.04379336772080933,0.1066400142919031,0.006339224921310033,registered
1097,1787909305.412992,1787909305.4123242,96.14457548789005,2976.14457548789,2831.0913931493674,2976.211150279606,2976.1950676798533,-0.05049219196325794,-0.04280718400286787,0.07488915961148426,0.004763283088357635,registered
1098,1787909305.441756,1787909305.4410574,99.06135923792681,2979.061359237927,2834.008176899404,2978.847361465667,2978.7809606315614,0.280398606365452,0.2485144018187384,0.13383781878727447,0.008174028498329577,registered
1099,1787909305.4702168,1787909305.4694867,101.3598340332037,2981.3598340332037,2836.306651694681,2981.403576027573,2981.339496107802,0.02033792540169088,0.003442636444560776,0.10327105505084913,0.005758768169062939,registered
1100,1787909305.4988303,1787909305.498114,103.6090707314097,2983.6090707314097,2838.555888392887,2983.9307057572732,2983.9158622209948,-0.3067914895850663,-0.31524958420231997,0.1210077515468075,0.006613205631813038,registered
1101,1787909305.5276694,1787909305.5266805,106.73696342701714,2986.736963427017,2841.6837810884945,2986.5497932922804,2986.48673538225,0.2502280447670273,0.25635657446173354,0.1173367504550163,0.006365705557509316,registered
1102,1787909305.5565073,1787909305.5559123,109.43735205783423,2989.4373520578342,2844.3841697193116,2989.176881738629,2989.117494593725,0.3198574641091909,0.3610510895882726,0.12182836528144386,0.006209041800065103,registered
1103,1787909305.5845027,1787909305.5837443,111.45057062628257,2991.4505706262826,2846.39738828776,2991.7143535963087,2991.622280676989,-0.17171005070622414,-0.1749213350599348,0.11802799356576556,0.005996095915159711,registered
1104,1787909305.6133194,1787909305.6125681,114.14242664978565,2994.1424266497856,2849.089244311263,2994.3172365124215,2994.216327229228,-0.07390057944257933,-0.08798840204508451,0.1218800104035035,0.006095996579251365,registered
1105,1787909305.6427536,1787909305.6419854,117.2245379777828,2997.224537977783,2852.17135563926,2996.9152623603336,2996.8637798649493,0.36075811283353687,0.38350465754501784,0.14710176204462186,0.006574893760252352,registered
1106,1787909305.6709101,1787909305.6700146,119.50501112974007,2999.50501112974,2854.4518287912174,2999.405279897641,2999.3863107577904,0.11870037194967153,0.10999519654342294,0.13492356463714536,0.006034230561765333,registered
1107,1787909305.6993647,1787909305.6985412,121.64592309131058,3001.6459230913106,2856.592740752788,3001.938833488358,3001.953600626181,-0.3076775348704359,-0.26236129423205057,0.15191962674814857,0.0071302541556166905,registered
1108,1787909305.7273874,1787909305.7266746,124.5986273539902,3004.59862735399,2859.5454450154675,3004.508484568448,3004.4855081596334,0.11311919435684104,0.10990917308163262,0.211405628744543,0.00957631024042936,registered
1109,1787909305.7558937,1787909305.7552845,127.11322097416223,3007.1132209741622,2862.0600386356396,3006.9753512801335,3007.06030792325,0.052913050912138715,0.09525132336784736,0.24759596462980898,0.01075905889905314,registered
1110,1787909305.7843542,1787909305.783723,129.40798263437955,3009.4079826343796,2864.354800295857,3009.4704316332113,3009.6196802163877,-0.21169758200812794,-0.1404042568310615,0.24241418018357472,0.01116343210465101,registered
1111,1787909305.8130243,1787909305.812417,132.03379249455793,3012.033792494558,2866.9806101560353,3012.07937773571,3012.2020327889177,-0.16824029435974808,-0.13112704948207465,0.23828642577267978,0.013669863314262497,registered
1112,1787909305.8438354,1787909305.8431544,134.62697754031524,3014.6269775403152,2869.5737952017926,3014.706110787185,3014.968291967119,-0.3413144268038195,-0.3316882664203149,0.2645605469130736,0.0178499964191584,registered
1113,1787909305.8716,1787909305.870707,137.22147949490045,3017.2214794949004,2872.168297156378,3017.32918326976,3017.4479306297962,-0.2264511348957967,-0.2368196559932585,0.2460841580472176,0.017861514775627203,registered
1114,1787909305.899377,1787909305.8984303,140.10558003664892,3020.105580036649,2875.0523976981262,3020.0049862587066,3019.9429323924223,0.16264764422658118,0.14938089421730183,0.22123172247491926,0.016141105140920188,registered
1115,1787909305.9286776,1787909305.9277275,142.6663561107307,3022.6663561107307,2877.613173772208,3022.6639921907827,3022.579570779017,0.08678533171359959,0.058090390757570276,0.2020600355501784,0.013074261806004694,registered
1116,1787909305.9562714,1787909305.9556594,145.29446410487526,3025.2944641048753,2880.2412817663526,3025.2400305028846,3025.093347279709,0.20111682516608198,0.18753792488405452,0.14815992484635,0.009619531060487773,registered
1117,1787909305.988791,1787909305.9880414,147.9678924550858,3027.967892455086,2882.914710116563,3027.7676915325706,3028.0076157644,-0.03972330931401302,-0.0294902485725288,0.11804976104957744,0.008726591815391033,registered
1118,1787909306.0131862,1787909306.0123093,150.206228755545,3030.206228755545,2885.1530464170223,3030.2346559083835,3030.191643494125,0.01458526142005212,0.017723733620186977,0.11537609090233981,0.008831825919498541,registered
1119,1787909306.0428174,1787909306.0420368,152.58170188598478,3032.581701885985,2887.528519547462,3032.6382941118877,3032.867011483244,-0.2853095972591291,-0.2799633766990155,0.15005097776925355,0.010908606093020023,registered
1120,1787909306.0723424,1787909306.071456,155.04546022375735,3035.0454602237573,2889.9922778852347,3035.095290232744,3035.5146357737126,-0.4691755499552528,-0.46591646505021345,0.16590214010240023,0.011684237439065204,registered
1121,1787909306.0988438,1787909306.098215,157.588924906162,3037.588924906162,2892.5357425676393,3037.624479138135,3037.9228660612093,-0.33394115504734145,-0.35093017760573275,0.15617128389737,0.012699999151428637,registered
1122,1787909306.1274972,1787909306.126721,160.1206995194034,3040.1206995194034,2895.0675171808807,3040.222579571143,3040.488289184215,-0.3675896648114758,-0.3539873561353488,0.14431134477227323,0.013833053901744195,registered
1123,1787909306.1564105,1787909306.1557615,162.79453602243711,3042.794536022437,2897.7413536839144,3042.9213725028394,3043.1018400071994,-0.30730398476225673,-0.30552049680818527,0.19005431062358102,0.01917248766196608,registered
1124,1787909306.1853805,1787909306.1845508,165.72555314976944,3045.7255531497694,2900.6723708112468,3045.656037407968,3045.6927753171312,0.03277783263820311,0.01341705641380031,0.22114630339694824,0.0230254186844679,registered
1125,1787909306.2131693,1787909306.2123477,168.52209277498378,3048.522092774984,2903.468910436461,3048.399570863109,3048.1944072444,0.327685530583949,0.3242391757985388,0.16713948858307934,0.017608647553155683,registered
1126,1787909306.2422433,1787909306.241635,171.0621712118873,3051.0621712118873,2906.0089888733646,3051.057564985556,3050.830165900411,0.2320053114763141,0.20604027537183356,0.13978201069004953,0.012636908778221129,registered
1127,1787909306.2718308,1787909306.2712517,173.71679717757252,3053.7167971775725,2908.66361483905,3053.655465736908,3053.4955564573006,0.22124072027190778,0.1916265687741543,0.13322422918360177,0.010280002061722112,registered
1128,1787909306.2999005,1787909306.2992117,176.2830107231389,3056.283010723139,2911.229828384616,3056.1892416496903,3056.011864865526,0.271145857612737,0.26965199896494596,0.1090109128144959,0.008396694167683502,registered
1129,1787909306.3284366,1787909306.3271632,178.661550668568,3058.661550668568,2913.6083683300453,3058.621221015068,3058.5274008273855,0.13414984118253415,0.12373672890953458,0.11012592216157406,0.009036458602896657,registered
1130,1787909306.3559463,1787909306.355263,180.85783768535248,3060.8578376853525,2915.80465534683,3061.0376842052683,3061.0562829459036,-0.1984452605511251,-0.2233370474291405,0.09834560519053892,0.00830004705366947,registered
1131,1787909306.38468,1787909306.3838944,183.532468748027,3063.532468748027,2918.4792864095043,3063.4925986268154,3063.6330138254357,-0.10054507740869667,-0.07531571960771544,0.1217566489496021,0.009314090145816443,registered
1132,1787909306.413143,1787909306.4125214,186.04260791118986,3066.04260791119,2920.989425572667,3065.9683071971644,3066.2093370249413,-0.16672911375144395,-0.1315789024802143,0.16312381119084016,0.011094830339927357,registered
1133,1787909306.4421065,1787909306.4412782,188.38822164957855,3068.3882216495786,2923.335039311056,3068.546103272189,3068.7973542041564,-0.40913255457780906,-0.36507118416921003,0.17793704722172934,0.013290253145620644,registered
1134,1787909306.470482,1787909306.4695387,191.141333529632,3071.141333529632,2926.0881511911093,3071.220933232501,3071.3406982351967,-0.19936470556467611,-0.20362280475410444,0.21459517390584723,0.01886396785065992,registered
1135,1787909306.4987948,1787909306.498083,193.93342716310553,3073.9334271631055,2928.880244824583,3073.969067157953,3073.9095973668495,0.02382979625599546,-0.00012197856631246395,0.2526461078981638,0.022117007124829283,registered
1136,1787909306.5306563,1787909306.5294418,196.6506008415654,3076.6506008415654,2931.5974185030427,3076.6831981504347,3076.7317730792224,-0.08117223765702875,-0.118279975961741,0.2103872834673582,0.019915454939743324,registered
1137,1787909306.556049,1787909306.5553632,199.54016538978794,3079.540165389788,2934.4869830512653,3079.407260677711,3079.064604018646,0.47556137114179364,0.46950594760255626,0.17904663043966706,0.015879199256635175,registered
1138,1787909306.5846906,1787909306.5839622,202.13526876725473,3082.1352687672547,2937.082086428732,3082.027554053531,3081.638416767462,0.49685199979285244,0.5050282209995203,0.20339378475360964,0.015502289307190028,registered
1139,1787909306.6137168,1787909306.613051,204.69350743535233,3084.6935074353523,2939.6403250968297,3084.5429293413476,3084.2563018728342,0.43720556251810194,0.4688728619789799,0.14457505840529275,0.011229582405993118,registered
1140,1787909306.6420007,1787909306.6411347,206.997350069023,3086.997350069023,2941.9441677305003,3086.9835076738045,3086.7837463828378,0.21360368618525172,0.20844335250740187,0.1352082344710066,0.01019425796187361,registered
1141,1787909306.6705124,1787909306.669821,209.40182299791104,3089.401822997911,2944.3486406593884,3089.419405049238,3089.365412336376,0.03641066153522843,0.015955712864524685,0.13675827708149776,0.00939354187002931,registered
1142,1787909306.6996422,1787909306.698833,211.59194496547525,3091.5919449654752,2946.5387626269526,3091.856215095013,3091.97638833814,-0.38444337266491857,-0.3605541357283073,0.1708681311827107,0.009507177788939423,registered
1143,1787909306.727876,1787909306.7268846,214.3591637673112,3094.359163767311,2949.3059814287885,3094.3712111357636,3094.500936174271,-0.14177240695971705,-0.1768916199907835,0.21673082470704655,0.009445973867553673,registered
1144,1787909306.7561505,1787909306.7555168,216.92111061465266,3096.9211106146527,2951.86792827613,3096.9972654977155,3097.0777314243337,-0.1566208096810442,-0.16861082869581878,0.24118841242998804,0.012352706100987116,registered
1145,1787909306.7852998,1787909306.7843118,219.72603822732844,3099.7260382273284,2954.6728558888058,3099.6706138646728,3099.6691816985094,0.0568565288190257,0.07092767297035607,0.2599731867880004,0.014452896539205123,registered
1146,1787909306.8131533,1787909306.8123975,222.3452075455125,3102.3452075455125,2957.29202520699,3102.337976939947,3102.196797863261,0.14840968225144024,0.1896175291608415,0.2540861342366802,0.013006215503241495,registered
1147,1787909306.8417628,1787909306.8411527,225.08338454343175,3105.0833845434317,2960.030202204909,3104.986636898623,3104.7846648445716,0.29871969886016814,0.2997869730875209,0.3085742860682054,0.011748141884503184,registered
1148,1787909306.870548,1787909306.869866,227.7730549597718,3107.773054959772,2962.719872621249,3107.5669100626837,3107.3687554214252,0.4042995383465495,0.37853848231770826,0.22388207574754265,0.007999348458743585,registered
1149,1787909306.9001317,1787909306.8994417,230.00802628893098,3110.008026288931,2964.9548439504083,3110.1197642057973,3110.0304768580763,-0.02245056914534871,-0.004444944934675732,0.16699312008552103,0.006826139003584914,registered
1150,1787909306.9278371,1787909306.927173,232.54651808317476,3112.5465180831748,2967.493335744652,3112.6394810877755,3112.526186696538,0.02033138663682621,0.022264273328346462,0.11059712361946888,0.0049707665644552765,registered
1151,1787909306.9560513,1787909306.9554207,235.12658899123198,3115.126588991232,2970.0734066527093,3115.19510739571,3115.0683935148722,0.058195476359742315,0.05126151535068857,0.09920952561318457,0.004580754667869754,registered
1152,1787909306.984863,1787909306.9841688,237.76044210278224,3117.7604421027822,2972.7072597642596,3117.7244648854803,3117.6556167908775,0.1048253119047331,0.11370142741543532,0.09616956738887035,0.0042002308950834745,registered
1153,1787909307.0132084,1787909307.012499,240.26457581335444,3120.2645758133544,2975.2113934748318,3120.2774447588426,3120.2052476770646,0.059328136289877875,0.09549379434565708,0.12540003001834568,0.005237729613821343,registered
1154,1787909307.0422103,1787909307.0415885,242.9464426026302,3122.94644260263,2977.8932602641075,3122.9079816764706,3122.823197152967,0.12324544966304529,0.13808736206783578,0.12276628100919124,0.005401795062775335,registered
1155,1787909307.0705566,1787909307.069887,245.56165095691404,3125.561650956914,2980.5084686183914,3125.4805245612733,3125.3699528221246,0.19169813478947617,0.20018755006049105,0.09299068550665751,0.004327676902137561,registered
1156,1787909307.0990982,1787909307.0985098,247.9220913542399,3127.92209135424,2982.8689090157172,3128.029023054192,3127.9459112552904,-0.023819901050501358,-0.01734629244720054,0.09715069707747089,0.004744957916374054,registered
1157,1787909307.1276217,1787909307.126823,250.61323095183525,3130.6132309518352,2985.5600486133126,3130.605467703998,3130.493997248745,0.11923370309023085,0.10026901425862889,0.09720886684770218,0.004750481049760642,registered
1158,1787909307.1562417,1787909307.155544,253.27140192742036,3133.2714019274204,2988.2182195888977,3133.177588724242,3133.0787959014347,0.19260602598569676,0.15770602217617125,0.12155053450955333,0.005844760747288614,registered
1159,1787909307.1854289,1787909307.184814,255.57865335716997,3135.57865335717,2990.5254710186473,3135.6938489953964,3135.71298820787,-0.13433485069981543,-0.12409474476680771,0.08606379218030706,0.004308355388106366,registered
1160,1787909307.2133667,1787909307.2126927,258.2622523619043,3138.2622523619043,2993.2090700233816,3138.234596134089,3138.2219798324604,0.04027252944388238,0.03178753647716803,0.10993754910239102,0.00595441140139489,registered
1161,1787909307.2426362,1787909307.2417169,260.974603422012,3140.974603422012,2995.9214210834893,3140.8565645529234,3140.834050133243,0.14055328876884232,0.16540167264474803,0.10048681907449496,0.005448791517999426,registered
1162,1787909307.270411,1787909307.2697177,263.2979338580899,3143.29793385809,2998.244751519567,3143.4130361749994,3143.3540276617077,-0.05609380361784133,-0.07616315248060346,0.08292726505227761,0.0041774937432673374,registered
1163,1787909307.2989416,1787909307.2983499,265.8076960764847,3145.8076960764847,3000.754513737962,3145.941980524144,3145.93082291177,-0.12312683528534762,-0.13246634283086678,0.12776356218164422,0.006592122389810341,registered
1164,1787909307.3303318,1787909307.327048,268.67110446706556,3148.6711044670656,3003.617922128543,3148.5407936910406,3148.5135617074834,0.15754275958215658,0.1740345491421067,0.061775935721506664,0.0035100995800958165,registered
1165,1787909307.3560348,1787909307.355469,271.33601595916025,3151.3360159591602,3006.2828336206376,3151.112217265248,3151.071346194202,0.26466976495839845,0.25562940921008703,0.10032923202173366,0.0056468740622162205,registered
1166,1787909307.384548,1787909307.3839025,273.4390410990077,3153.4390410990077,3008.385858760485,3153.6456352281675,3153.6302678936254,-0.1912267946177053,-0.20901934323364912,0.08905360374681921,0.004817930511358192,registered
1167,1787909307.4139736,1787909307.413287,276.1111526739546,3156.1111526739546,3011.057970335432,3156.2356906448813,3156.274759484943,-0.16360681098831265,-0.17119128237118275,0.07890220915569224,0.004432970776657868,registered
1168,1787909307.4424143,1787909307.4416692,279.02505443724203,3159.025054437242,3013.9718720987194,3158.8450118034407,3158.829067963013,0.1959864742289028,0.18752830779567375,0.10714322918389867,0.0064191182864228,registered
1169,1787909307.4709926,1787909307.4700294,281.36606654741854,3161.3660665474185,3016.312884208896,3161.409595299975,3161.381380954638,-0.015314407219648274,-0.013937917440671299,0.06792884497545915,0.003992608393343483,registered
1170,1787909307.4988372,1787909307.4982467,283.81259540553583,3163.812595405536,3018.759413067013,3163.9463683266495,3163.920841297004,-0.10824589146795915,-0.1231693009826813,0.10359845698426771,0.005910347035579584,registered
1171,1787909307.5296977,1787909307.5274332,286.75691305951614,3166.756913059516,3021.7037307209935,3166.6007254550123,3166.547523708213,0.20938935130334357,0.19754435170943907,0.08984962874937512,0.0052554788021019405,registered
1172,1787909307.5571465,1787909307.5564556,289.3291021405016,3169.3291021405016,3024.275919801979,3169.230932042072,3169.1594438110915,0.16965832941014014,0.18698069879792456,0.11715117838406859,0.006959360606125663,registered
1173,1787909307.5848467,1787909307.5840812,291.56063311633125,3171.5606331163312,3026.5074507778086,3171.74936712257,3171.645648267881,-0.0850151515496691,-0.12508803247010292,0.10342842168020867,0.006077480092725711,registered
1174,1787909307.6132472,1787909307.6125069,294.1341956900337,3174.1341956900337,3029.081013351511,3174.32461231674,3174.203861891469,-0.0696662014352114,-0.09368765514273036,0.11208033900362753,0.006258410265403149,registered
1175,1787909307.6438618,1787909307.642977,297.29770003208705,3177.297700032087,3032.2445176935644,3176.9007700438315,3176.9460679481026,0.3516320839844411,0.3417088923724805,0.14221347656948843,0.008008401594121065,registered
1176,1787909307.6710215,1787909307.6702678,299.48278092102373,3179.4827809210237,3034.429598582501,3179.3951039932026,3179.402146996613,0.080633924410904,0.06571936228920094,0.09514967807880047,0.005766429026472429,registered
1177,1787909307.6992679,1787909307.6985912,301.52770723016056,3181.5277072301606,3036.474524891638,3181.9066986912403,3181.9511556343377,-0.4234484041771793,-0.37172242011138223,0.14178628308646452,0.008927670888664519,registered
1178,1787909307.7295678,1787909307.7274842,304.59004820796827,3184.5900482079683,3039.5368658694456,3184.4411567555812,3184.5514246711937,0.03862353677459396,0.04838528836125988,0.11759639194726336,0.007337031694817953,registered
1179,1787909307.7571106,1787909307.7563536,307.10481493912175,3187.1048149391218,3042.051632600599,3186.971901392092,3187.1495694805426,-0.04475454142084345,-0.06650033586856807,0.16620996509118827,0.010115518667527015,registered
1180,1787909307.7867103,1787909307.7856762,309.3314223892794,3189.3314223892794,3044.2782400507567,3189.4642443905495,3189.788503749392,-0.4570813601126247,-0.4624950789407194,0.119663247021487,0.007771899388083024,registered
1181,1787909307.8138242,1787909307.8130538,312.02084702632055,3192.0208470263206,3046.967664687798,3192.113564816288,3192.2523930889374,-0.2315460626168715,-0.22536411891587704,0.1505540029448871,0.01117927940490985,registered
1182,1787909307.8418949,1787909307.8412008,314.7987840141873,3194.7987840141873,3049.7456016756646,3194.831609625274,3194.78552366247,0.013260351717235608,0.03235891989879747,0.18540094381105746,0.015095311124492587,registered
1183,1787909307.8707645,1787909307.8699229,317.5222230199879,3197.522223019988,3052.4690406814652,3197.458931923913,3197.3704081425335,0.1518148774543988,0.16540974916233608,0.16436910743323438,0.013658503340594387,registered
1184,1787909307.8991935,1787909307.8985527,319.9603812783589,3199.960381278359,3054.9071989398362,3200.0504482766814,3199.946988824161,0.013392454197855841,-0.003643841959274141,0.14853109579396553,0.012837614893484941,registered
1185,1787909307.9303913,1787909307.9273002,322.9219157548855,3202.9219157548855,3057.868733416363,3202.714260240691,3202.5341691864796,0.3877465684058734,0.3689582082452034,0.11196302917647426,0.009777711623014036,registered
1186,1787909307.9565244,1787909307.955624,325.5062340926638,3205.506234092664,3060.453051754141,3205.312461989459,3205.0832207378917,0.423013354772138,0.4131020387840181,0.11374577964865758,0.009404579948452431,registered
1187,1787909307.985551,1787909307.9847658,327.6146893315963,3207.6146893315963,3062.5615069930736,3207.833450681379,3207.705869262522,-0.09117993092559118,-0.0733145627527847,0.13031184347247698,0.010313456760082614,registered
1188,1787909308.0134137,1787909308.0127919,330.01409050156826,3210.0140905015683,3064.9609081630456,3210.3261123610264,3210.2281212163975,-0.2140307148292777,-0.2506976242802921,0.10245334317088536,0.007107080637049193,registered
1189,1787909308.0423255,1787909308.0413287,333.2079279861541,3213.207927986154,3068.1547456476314,3212.7984936749226,3212.796333729059,0.4115942570952029,0.38256574711840585,0.15802062411842388,0.010644755329319059,registered
1190,1787909308.071654,1787909308.0709329,335.3380486152505,3215.3380486152505,3070.284866276728,3215.26871583885,3215.4606085300866,-0.12255991483607431,-0.13412086717835336,0.10580967359203357,0.00798094154897869,registered
1191,1787909308.0991724,1787909308.09849,337.63693516223157,3217.6369351622316,3072.583752823709,3217.7831827433683,3217.94065487279,-0.3037197105586529,-0.2956953437183074,0.12891036375293988,0.010857762463409536,registered
1192,1787909308.1282842,1787909308.127338,340.2952946305504,3220.2952946305504,3075.2421122920277,3220.3989860826796,3220.536868566224,-0.2415739356733866,-0.23216070537910127,0.09343492722558645,0.009028015423072435,registered
1193,1787909308.156428,1787909308.1556275,342.9110474476224,3222.9110474476224,3077.8578651090997,3223.03071963687,3223.0828303321714,-0.17178288454897483,-0.17707520406111144,0.148374955223027,0.015437186130865387,registered
1194,1787909308.1849298,1787909308.1841784,345.7245496316641,3225.724549631664,3080.6713672931414,3225.643089334375,3225.6523087985993,0.07224083306482498,0.10026977050756614,0.13977024438848817,0.014679443817014163,registered
1195,1787909308.2132862,1787909308.2125416,348.22621708623046,3228.2262170862305,3083.173034747708,3228.314866494895,3228.2049007291894,0.02131635704108703,0.0192710408473431,0.13838954874341067,0.014580019527679863,registered
1196,1787909308.2425265,1787909308.2418401,351.1932185111773,3231.1932185111773,3086.1400361726546,3231.0047258704553,3230.841667856845,0.35155065433218624,0.3221113139297813,0.12342428038626341,0.012716911913449891,registered
1197,1787909308.270655,1787909308.2698088,353.73070442446306,3233.730704424463,3088.6775220859404,3233.589575156519,3233.358748711437,0.3719557130261819,0.3785936602016591,0.11481463786882622,0.011283894807082187,registered
1198,1787909308.2993097,1787909308.2984548,356.06791969436426,3236.0679196943643,3091.0147373558416,3236.122432450842,3235.9367884584226,0.1311312359416661,0.15860538825336334,0.13460077750139712,0.0125519596195824,registered
1199,1787909308.3292034,1787909308.3273377,358.44949081938694,3238.449490819387,3093.3963084808643,3238.622064782552,3238.5361563078513,-0.08666548846440492,-0.05270487629150011,0.10815542690310631,0.008556679266387245,registered
1200,1787909308.3564198,1787909308.3557255,1.3060697645314576,3241.3060697645315,3096.252887426009,3241.087220327974,3241.0909582933223,0.21511147120918395,0.19413784839343862,0.16921036309142204,0.011457199203099318,registered
1201,1787909308.3848727,1787909308.3842032,3.404920470327852,3243.404920470328,3098.351738131805,3243.5465533551687,3243.6538495087943,-0.2489290384664855,-0.25254452816807316,0.12534771817538576,0.008943389755151892,registered
1202,1787909308.4135454,1787909308.412868,6.0617990106125035,3246.0617990106125,3101.00861667209,3246.046323505648,3246.233584346417,-0.17178533580454314,-0.20307926548548494,0.13979890404587447,0.009918776752387802,registered
1203,1787909308.4420307,1787909308.4414022,8.671058473702033,3248.671058473702,3103.6178761351794,3248.652590517924,3248.8015608337996,-0.1305023600975801,-0.07934606137814626,0.13455322487577454,0.010033994286755823,registered
1204,1787909308.4706268,1787909308.4699588,11.114571882244036,3251.114571882244,3106.0613895437214,3251.28690296598,3251.3715542644713,-0.2569823822273065,-0.2743254648344191,0.16485845473032837,0.01311435016160248,registered
1205,1787909308.4992313,1787909308.498584,13.967991480045384,3253.9679914800454,3108.9148091415227,3253.927102911439,3253.9477272660724,0.02026421397295053,0.02083168489889431,0.13480405823633526,0.010593931258415483,registered
1206,1787909308.5285943,1787909308.5277708,16.50409547055733,3256.5040954705573,3111.4509131320347,3256.621041246669,3256.574431134125,-0.07033566356767551,-0.11166572803131203,0.16330740051269116,0.01312584308440164,registered
1207,1787909308.5561647,1787909308.5555673,19.506828648061855,3259.506828648062,3114.453646309539,3259.2549814370323,3259.0760201477065,0.430808500355397,0.41738048437537145,0.14463533613719312,0.011288290026463726,registered
1208,1787909308.584968,1787909308.5843632,21.892166336212995,3261.892166336213,3116.8389839976903,3261.842111164703,3261.6675562492564,0.22461008695654527,0.21234937082681427,0.12804912724482517,0.009424074294534469,registered
1209,1787909308.613488,1787909308.6127622,24.404496029218535,3264.4044960292185,3119.351313690696,3264.3781226140554,3264.223366706372,0.1811293228465729,0.17329019633780263,0.12346623392401833,0.008596190344207898,registered
1210,1787909308.6426215,1787909308.6418614,26.830752055306675,3266.8307520553067,3121.777569716784,3266.8426981999264,3266.8421959128586,-0.011443857551967085,0.02132175585074947,0.10460979689763417,0.00587630600809616,registered
1211,1787909308.6718757,1787909308.6709747,29.34910696353745,3269.3491069635375,3124.295924625015,3269.3669719167406,3269.4622910731123,-0.11318410957483138,-0.11769645655158456,0.12174827554964711,0.0058066293425412694,registered
1212,1787909308.6999924,1787909308.6991725,31.72942558078057,3271.7294255807806,3126.676243242258,3271.8590804097166,3271.9999919543106,-0.2705663735300732,-0.2656890709986328,0.11255745371407996,0.006000235840726779,registered
1213,1787909308.731812,1787909308.7274256,34.33841861326482,3274.338418613265,3129.285236274742,3274.428348097344,3274.542670823202,-0.20425220993729454,-0.20740281255712034,0.10025008702921852,0.005597196581120358,registered
1214,1787909308.7564328,1787909308.7557771,37.068841016690385,3277.0688410166904,3132.0156586781677,3277.076470525677,3277.094211368461,-0.025370351770561683,-0.025139208693872206,0.138923880332891,0.008185063262031386,registered
1215,1787909308.7853878,1787909308.7847087,39.89198648400361,3279.8919864840036,3134.838804145481,3279.706928793674,3279.697956413964,0.1940300700393891,0.1768425106124596,0.15325150533368548,0.009647642434325816,registered
1216,1787909308.8140461,1787909308.813134,42.24116172267668,3282.2411617226767,3137.187979384154,3282.3371018196003,3282.2561271238656,-0.014965401188874239,-0.033067450227918016,0.18311535374317384,0.011876003801004523,registered
1217,1787909308.8436327,1787909308.8428748,44.97768897571996,3284.97768897572,3139.9245066371973,3284.9795243378658,3284.932696696221,0.044992279499183496,0.046274705308860575,0.16256447593652798,0.008695064350969317,registered
1218,1787909308.870863,1787909308.8700857,47.7370457795605,3287.7370457795605,3142.683863441038,3287.526191115867,3287.381587702157,0.3554580774034548,0.34389543810402756,0.15254789478887662,0.006559364343957164,registered
1219,1787909308.8993773,1787909308.8986812,49.877024774240454,3289.8770247742405,3144.823842435718,3290.0348312566416,3289.95507859832,-0.07805382407968864,-0.07739777931783465,0.14977573116299728,0.007580368675560067,registered
1220,1787909308.930452,1787909308.929506,52.628301384593215,3292.628301384593,3147.5751190460705,3292.576811461436,3292.7292124380874,-0.10091105349420104,-0.09987245396405342,0.11670115745428702,0.006557850072885901,registered
1221,1787909308.9565341,1787909308.9557328,55.15657892565105,3295.156578925651,3150.1033965871284,3295.168854320149,3295.08952959404,0.06704933161108784,0.045218930322789674,0.11459930741772466,0.006028158759188416,registered
1222,1787909308.9855537,1787909308.9846838,57.46943076401067,3297.4694307640107,3152.416248425488,3297.6630095800815,3297.695012643867,-0.2255818798562359,-0.23639722413008712,0.08652219157222504,0.004719105741901862,registered
1223,1787909309.0139248,1787909309.013216,60.290229140277916,3300.290229140278,3155.2370468017552,3300.2028512184056,3300.2628174765014,0.027411663776547357,0.036937312700501934,0.0808732568419694,0.005082387769284958,registered
1224,1787909309.0429235,1787909309.0421376,63.013721561886086,3303.013721561886,3157.9605392233634,3302.8291798365863,3302.865661334578,0.14806022730817858,0.17296708019375728,0.08033976708936043,0.00465108176199384,registered
1225,1787909309.0710063,1787909309.070224,65.37519810597496,3305.375198105975,3160.3220157674523,3305.3850624279194,3305.3933418698603,-0.018143763885291264,-0.04213280825752008,0.10952634971900214,0.0058577877577086195,registered
1226,1787909309.099554,1787909309.0988002,67.68819351029106,3307.688193510291,3162.6350111717684,3307.953106329941,3307.965094761699,-0.27690125140816235,-0.26368095485759113,0.09135370723277317,0.0056197934398583985,registered
1227,1787909309.130064,1787909309.1274977,70.69188461676231,3310.6918846167623,3165.6387022782396,3310.5687682728712,3310.547769186882,0.14411542988045767,0.16788564487433177,0.06203072414842136,0.004288271989990298,registered
1228,1787909309.156557,1787909309.1558542,73.23880397722905,3313.238803977229,3168.1856216387064,3313.13326705387,3313.0997603258543,0.13904365137477726,0.17532075144254122,0.0890938242016775,0.005650496271048438,registered
1229,1787909309.1852837,1787909309.1844702,75.57884680496,3315.57884680496,3170.5256644664373,3315.700024315452,3315.6750965105584,-0.0962497055984386,-0.1439540265555479,0.09972729940199032,0.0062213636319046126,registered
1230,1787909309.2143612,1787909309.2136116,78.28027431949931,3318.2802743194993,3173.2270919809766,3318.2945111349377,3318.297723578345,-0.01744925884577242,0.02957632574452873,0.06686205467196107,0.004616661918431007,registered
1231,1787909309.2440553,1787909309.2431905,81.0493239945281,3321.049323994528,3175.9961416560054,3320.901889124616,3320.9597239539617,0.08960004056643811,0.11266996590666167,0.09846516159294752,0.006305677769259854,registered
1232,1787909309.271317,1787909309.2705057,83.37125886473905,3323.371258864739,3178.3180765262164,3323.4288866556835,3323.417991600509,-0.046732735770092404,-0.06794015170135026,0.09418689431753122,0.005394548416130303,registered
1233,1787909309.3015285,1787909309.3005483,85.89842374331693,3325.898423743317,3180.8452414047943,3325.9655508735596,3326.12172553674,-0.22330179342316114,-0.24615235452120032,0.13644523541320833,0.00842880400137264,registered
1234,1787909309.3319001,1787909309.327475,88.57048417605756,3328.5704841760576,3183.517301837535,3328.5548622434917,3328.54503998522,0.025444190837788483,0.040212457619418274,0.07451323919138153,0.0049405459139050785,registered
1235,1787909309.3563557,1787909309.3556235,91.2292876669353,3331.2292876669353,3186.1761053284126,3331.1321140454847,3331.0782992998134,0.15098836712195407,0.15716264927459633,0.10764800628463131,0.006558534555865683,registered
1236,1787909309.3855543,1787909309.3847818,93.53511442476884,3333.535114424769,3188.481932086246,3333.627208882388,3333.702449803489,-0.167335378720054,-0.1659329363337747,0.12608342095771655,0.0074894107042379685,registered
1237,1787909309.414268,1787909309.4134614,96.13828183411533,3336.1382818341153,3191.0850994955927,3336.1967905070246,3336.283514965409,-0.14523313129348026,-0.1601933085780729,0.07630822570539847,0.004853071638489016,registered
1238,1787909309.4433107,1787909309.4424021,99.02231466081867,3339.0223146608187,3193.969132322296,3338.8178734067033,3338.888075370965,0.1342392898536673,0.15250992181290712,0.1130902645284571,0.0069173406846639,registered
1239,1787909309.4729786,1787909309.4714918,101.36511602659402,3341.365116026594,3196.3119336880713,3341.4143221264794,3341.5060463037116,-0.14093027711760442,-0.15334685045718288,0.0842688845980746,0.004698418154337911,registered
1240,1787909309.5004854,1787909309.4997857,103.61361011037798,3343.613610110378,3198.5604277718553,3343.7760325253194,3344.052394292842,-0.43878418246413275,-0.45180295902855505,0.13491819099114236,0.007373638139679456,registered
1241,1787909309.5303316,1787909309.5286446,106.83376216516945,3346.8337621651694,3201.7805798266468,3346.478076483192,3346.649595001077,0.18416716409228684,0.13922069228965483,0.11701783767667427,0.006335655630840319,registered
1242,1787909309.5572364,1787909309.556233,109.473509900522,3349.473509900522,3204.4203275619993,3349.280674342226,3349.1324521902798,0.3410577102422394,0.324746826160208,0.11221608494372483,0.005716373335957592,registered
1243,1787909309.5864425,1787909309.5852623,111.62479475301916,3351.624794753019,3206.5716124144965,3352.2359120577794,3351.7449945416197,-0.12019978860053016,-0.17200860792308958,0.152304088347889,0.0077449077307057655,registered
1244,1787909309.6154797,1787909309.6146016,114.18801757213987,3354.18801757214,3209.134835233617,3355.351687805759,3354.385430789515,-0.19741321737501494,-0.23170915352875454,0.09348337744349285,0.0046703243696736806,registered
1245,1787909309.6751285,1787909309.6738856,119.54000586396978,3359.54000586397,3214.486823525447,3358.411440418583,3359.720782210961,-0.18077634699102418,-0.18703300941933776,0.11368729116701164,0.00508875003659567,registered
1246,1787909309.7011979,1787909309.700039,121.66186206569728,3361.6618620656973,3216.6086797271746,3361.355746962424,3362.074490659114,-0.41262859341668445,-0.32869453326384246,0.15958429006698227,0.007491253820914538,registered
1247,1787909309.730969,1787909309.7298913,124.59913853479611,3364.599138534796,3219.5459561962734,3364.2776207656807,3364.761102034229,-0.1619634994331136,-0.17695676845778507,0.19343058887099096,0.008761960857455422,registered
1248,1787909309.758187,1787909309.7572196,127.04873613778818,3367.048736137788,3221.9955537992655,3367.0782391185694,3367.2205498071694,-0.17181366938120846,-0.16144556062909032,0.2417108564937543,0.010504987564045531,registered
1249,1787909309.7860155,1787909309.7853522,129.24744396736196,3369.247443967362,3224.1942616288393,3369.663458487249,3369.7523929700915,-0.5049490027295178,-0.4769613277649114,0.23282833692542415,0.010625133343121996,registered
1250,1787909309.8201826,1787909309.8190496,132.02815515744078,3372.028155157441,3226.974972818918,3372.020790645638,3372.7850388603933,-0.7568837029525639,-0.7718052532500224,0.22012665385712565,0.012621900314552265,registered
1251,1787909309.8431463,1787909309.8423862,134.58867954792368,3374.5886795479237,3229.535497209401,3374.687618813886,3374.885256159392,-0.29657661146848113,-0.3168975254820907,0.23339291013469793,0.015723792881280885,registered
1252,1787909309.8709488,1787909309.870191,137.23985613805644,3377.2398561380564,3232.1866737995338,3377.358501164596,3377.3875961624963,-0.1477400244398268,-0.1565639356590509,0.24373597617313428,0.01769818768683917,registered
1253,1787909309.8994176,1787909309.898674,140.12548509403723,3380.1254850940372,3235.0723027555146,3380.071666338338,3379.9509594285255,0.17452566551173732,0.2002692666933399,0.21434498044702505,0.015629761167225614,registered
1254,1787909309.9296894,1787909309.92872,142.8253757101861,3382.825375710186,3237.7721933716634,3382.739568515455,3382.654993760566,0.1703819496201504,0.1448402265095865,0.19817172629580426,0.012735777949283537,registered
1255,1787909309.9571576,1787909309.9561353,145.4600620251117,3385.4600620251117,3240.406879686589,3385.298260264196,3385.122273281385,0.33778874372683276,0.285989222903936,0.1379943102262396,0.009029119912643824,registered
1256,1787909309.9859567,1787909309.9851394,147.9948820737718,3387.994882073772,3242.941699735249,3387.8142957120617,3387.7325412073133,0.26234086645854404,0.25426814311367707,0.13127571506169405,0.009713589824972866,registered
1257,1787909310.0145311,1787909310.0138297,150.14965268863853,3390.1496526886385,3245.096470350116,3390.269007117491,3390.314571927191,-0.16491923855255664,-0.15469051461604977,0.11910246160296795,0.009119333405908425,registered
1258,1787909310.0440707,1787909310.0433173,152.53052680931114,3392.530526809311,3247.4773444707885,3392.656279147467,3392.9683543317456,-0.4378275224344179,-0.4375727511578589,0.12561450041892291,0.009146722808857534,registered
1259,1787909310.0713046,1787909310.0705466,155.08814480526917,3395.088144805269,3250.0349624667465,3395.1035206826505,3395.418897514631,-0.33075270936205925,-0.2933872549770058,0.15190135006804717,0.010708007504382505,registered
1260,1787909310.1027122,1787909310.1005354,157.63479752642615,3397.634797526426,3252.5816151879035,3397.653241566887,3398.117782204231,-0.4829846778047795,-0.49404513411445805,0.149162885220229,0.012172850519931642,registered
1261,1787909310.1310685,1787909310.130023,160.22400246446114,3400.224002464461,3255.1708201259385,3400.2893950273155,3400.771564608785,-0.5475621443238197,-0.556569133584162,0.16000446854856426,0.01540495383859956,registered
1262,1787909310.1572652,1787909310.1559863,162.85094007867247,3402.8509400786725,3257.79775774015,3403.016555889283,3403.108171952666,-0.25723187399353264,-0.2726440447945606,0.1862153680439127,0.018788133460688278,registered
1263,1787909310.1865635,1787909310.1856024,165.85456194241988,3405.85456194242,3260.801379603897,3405.752363260798,3405.7735195958685,0.08104234655138498,0.05770935088639817,0.2147912702541061,0.02242522298942241,registered
1264,1787909310.216838,1787909310.2155893,168.62328415085358,3408.6232841508536,3263.570101812331,3408.4871873513493,3408.47223263072,0.15105152013347833,0.14414993423952183,0.17133930647408877,0.01799732526042394,registered
1265,1787909310.2426476,1787909310.2419226,171.1384622353985,3411.1384622353985,3266.085279896876,3411.1510277070524,3410.8421409957186,0.29632123967985535,0.2752683876665287,0.15611084799513714,0.014027056840368606,registered
1266,1787909310.2707696,1787909310.270091,173.78276219305008,3413.78276219305,3268.7295798545274,3413.7301351914434,3413.377202685166,0.405559507883936,0.3908761198481443,0.13994763434936616,0.010780854089866815,registered
1267,1787909310.3005247,1787909310.2997687,176.31780695649377,3416.3178069564938,3271.264624617971,3416.2537268833594,3416.048086193993,0.2697207625005831,0.2621649953443921,0.11682807670116868,0.009004466321825895,registered
1268,1787909310.3292487,1787909310.3280458,178.75178616515723,3418.7517861651572,3273.6986038266346,3418.6684237033933,3418.592932204079,0.15885396107842098,0.1723813970311312,0.10633937902108463,0.008747721300063915,registered
1269,1787909310.3570185,1787909310.3562264,180.9376127262144,3420.9376127262144,3275.8844303876917,3421.0741612310107,3421.129088192545,-0.19147546633075763,-0.20252897101227063,0.08589723555915903,0.007243868875984616,registered
1270,1787909310.3856647,1787909310.3847713,183.49042722320837,3423.4904272232084,3278.4372448846857,3423.527308654815,3423.698030237885,-0.2076030146768062,-0.1793788408144792,0.11593388736999724,0.008890105063035248,registered
1271,1787909310.4139724,1787909310.4131913,186.09745012212943,3426.0974501221294,3281.0442677836068,3426.012226235939,3426.2557288972293,-0.15827877509991595,-0.1602691645680352,0.15381465740579345,0.010454892678670178,registered
1272,1787909310.4424355,1787909310.4417264,188.431244078316,3428.431244078316,3283.3780617397933,3428.60313095326,3428.8237912119857,-0.3925471336697228,-0.37571375946663466,0.18779189222086065,0.01407352127081147,registered
1273,1787909310.4727526,1787909310.4718952,191.18242196898973,3431.1824219689897,3286.129239630467,3431.2890012362996,3431.538875818431,-0.35645384944109537,-0.36401714528301454,0.20278294798815727,0.017840463174933673,registered
1274,1787909310.4994586,1787909310.4986777,194.04158422029104,3434.041584220291,3288.9884018817684,3434.0317038918756,3433.9492088765905,0.09237534370049616,0.07108625814225888,0.2512642969252659,0.022011675159164745,registered
1275,1787909310.5283012,1787909310.5275445,196.76254238838374,3436.7625423883837,3291.709360049861,3436.744448082381,3436.5471176606607,0.2154247277230752,0.1966768378274537,0.21439648013741336,0.02035301108651103,registered
1276,1787909310.556705,1787909310.5559509,199.59952197409348,3439.5995219740935,3294.546339635571,3439.443236902861,3439.1035932799255,0.49592869416801477,0.5036439989617065,0.17843256563327692,0.01575874548235563,registered
1277,1787909310.5850437,1787909310.584418,202.14953158731714,3442.149531587317,3297.0963492487945,3442.0675243539945,3441.665540394283,0.483991193033944,0.48312255592236397,0.1866476010134441,0.014222474208376811,registered
1278,1787909310.615511,1787909310.6146674,204.6108012982686,3444.6108012982686,3299.557618959746,3444.5672367496254,3444.3878774138325,0.22292388443611344,0.23552165468936437,0.1568941509233424,0.01218062273453576,registered
1279,1787909310.6427522,1787909310.6417263,207.04511342767682,3447.045113427677,3301.991931089154,3447.0238213933058,3446.8230789536133,0.22203447406354826,0.24242760168681343,0.15757467593080646,0.01186554797100237,registered
1280,1787909310.6718016,1787909310.6710057,209.46481803958432,3449.4648180395843,3304.4116357010616,3449.4704608041257,3449.4581295337885,0.00668850579586433,0.011407115073325258,0.13200662739020452,0.009032425934873772,registered
1281,1787909310.7000656,1787909310.6991107,211.73348753413075,3451.7334875341307,3306.680305195608,3451.914517360627,3451.987483702864,-0.2539961687334653,-0.21906867021880316,0.1664344478734239,0.009089749680301285,registered
1282,1787909310.7290728,1787909310.7280753,214.3815518817205,3454.3815518817205,3309.328369543198,3454.471161629751,3454.5941897927714,-0.21263791105093333,-0.24094305060361876,0.20455154969963493,0.00891851915454276,registered
1283,1787909310.756512,1787909310.7558627,217.10757618859589,3457.107576188596,3312.054393850073,3457.0796606542103,3457.0949634462995,0.012612742296369106,0.015331802786931803,0.2207593720095618,0.011429233546118094,registered
1284,1787909310.7854156,1787909310.7845974,219.68270405603198,3459.682704056032,3314.6295217175093,3459.7058560157893,3459.680985139069,0.0017189169630000833,0.021167368447095214,0.25222322063140185,0.01402056314153531,registered
1285,1787909310.8141775,1787909310.8134506,222.3560339221699,3462.35603392217,3317.302851583647,3462.3250325799468,3462.2776708830597,0.0783630391101724,0.11836833421739357,0.25932296373162544,0.013263685843077737,registered
1286,1787909310.8423145,1787909310.8415015,225.1795731625689,3465.179573162569,3320.126390824046,3464.946314398884,3464.8021543486598,0.3774188139091166,0.36107619061749574,0.30339849680869563,0.011433245982093816,registered
1287,1787909310.870849,1787909310.8701336,227.5010797782861,3467.501079778286,3322.4478974397634,3467.5213622550327,3467.3789495987226,0.12213017956355543,0.07216987464562408,0.23009073744956157,0.008111331106836149,registered
1288,1787909310.8998017,1787909310.8991663,229.95151234444484,3469.951512344445,3324.898330005922,3470.0541398870578,3469.9917923458715,-0.04028000142670862,-0.04890578146341795,0.17346116799022954,0.00706956366739894,registered
1289,1787909310.9285624,1787909310.9277713,232.50147664956194,3472.501476649562,3327.4482943110393,3472.589773631185,3472.5661415157747,-0.0646648662127518,-0.07236444566524369,0.10853153559579042,0.004872499814521436,registered
1290,1787909310.956884,1787909310.956085,235.1864623482552,3475.186462348255,3330.1332800097325,3475.14955275949,3475.114270422916,0.0721919253392116,0.06985206840863611,0.10706330645106135,0.004941585484464709,registered
1291,1787909310.9857895,1787909310.9848716,237.7299032928595,3477.7299032928595,3332.676720954337,3477.6892911064374,3477.704969707569,0.024933585290455085,0.013531835229059652,0.09917246884959355,0.004335404723980784,registered
1292,1787909311.0138333,1787909311.0131402,240.19877428558993,3480.19877428559,3335.1455919470673,3480.2653442245783,3480.2490432712884,-0.05026898569849436,-0.06547535133404381,0.12733351004921023,0.005317522444737884,registered
1293,1787909311.0424607,1787909311.0417984,242.91032158458074,3482.9103215845807,3337.857139246058,3482.868917680574,3482.828177317293,0.08214426728773105,0.08718788585383663,0.10795676053018387,0.004745983899852094,registered
1294,1787909311.0708008,1787909311.070189,245.54481614987435,3485.5448161498744,3340.4916338113517,3485.427906150837,3485.3832367848863,0.16157936498802883,0.1717134451023412,0.10405582078117409,0.004840900917104915,registered
1295,1787909311.1001737,1787909311.0995243,247.83462917760562,3487.8346291776056,3342.781446839083,3487.9731260931667,3488.0233082664417,-0.18867908883612472,-0.19042109622978387,0.1145302637472296,0.005586363392737885,registered
1296,1787909311.1298707,1787909311.1284862,250.51179623074495,3490.511796230745,3345.4586138922223,3490.525019858348,3490.62977833107,-0.11798210032520728,-0.11553582513897709,0.07761731981070144,0.0037973856086397787,registered
1297,1787909311.1569715,1787909311.1560738,253.25041407521576,3493.2504140752158,3348.197231736693,3493.122508709274,3493.112571149742,0.1378429254737057,0.10632956952758832,0.11729423194409666,0.005639407575232132,registered
1298,1787909311.1851013,1787909311.1843874,255.5250895196068,3495.525089519607,3350.471907181084,3495.644816720482,3495.660700056884,-0.1356105372769889,-0.1195100520262713,0.10541470410316095,0.005269503851714008,registered
1299,1787909311.2143328,1787909311.2135797,258.2224138863003,3498.2224138863003,3353.1692315477776,3498.2043079801115,3498.2878974323366,-0.06548354603637563,-0.06584727919744182,0.1234607768802458,0.006680508752915067,registered
1300,1787909311.2422578,1787909311.2416165,260.8157033567941,3500.815703356794,3355.7625210182714,3500.8258655170275,3500.81111494417,0.004588412623888871,0.007790894976096752,0.10417915674651197,0.00567058178407709,registered
1301,1787909311.279054,1787909311.2781029,263.49937807494234,3503.4993780749423,3358.4461957364197,3503.3690269374547,3504.0947629897796,-0.5953849148372683,-0.6244543305797379,0.08011609688848143,0.004019328642243963,registered
1302,1787909311.3029342,1787909311.3018565,265.6988686613108,3505.698868661311,3360.645686322788,3505.881973051749,3506.232508308067,-0.5336396467560007,-0.5765881184915997,0.11335096311022676,0.00582562468540143,registered
1303,1787909311.331851,1787909311.3274755,268.62609777328,3508.62609777328,3363.5729154347573,3508.511329453227,3508.538131969928,0.08796580335183535,0.06605463782761944,0.06070708745626248,0.0034466007270324197,registered
1304,1787909311.3569918,1787909311.3560543,271.17531635580735,3511.1753163558074,3366.1221340172847,3511.1007288933515,3511.110120887046,0.06519546876143067,0.07809766652508188,0.06738279139117447,0.003804486849853858,registered
1305,1787909311.3853867,1787909311.3845787,273.41913376114644,3513.4191337611464,3368.3659514226238,3513.6414407454777,3513.6772176438444,-0.25808388269797433,-0.2693633147964647,0.10007487846074012,0.005415183665258688,registered
1306,1787909311.4141245,1787909311.413509,276.175626979913,3516.175626979913,3371.1224446413903,3516.2066630245185,3516.280833948287,-0.10520696837420473,-0.10983531968304305,0.08355005395775797,0.004703408163404758,registered
1307,1787909311.4427187,1787909311.441761,279.17424559324127,3519.1742455932413,3374.1210632547186,3518.8576339695055,3518.8234269898044,0.35081860343689186,0.33918587468087935,0.10919464055596477,0.0065459119306720695,registered
1308,1787909311.4710326,1787909311.4703193,281.2904575540365,3521.2904575540365,3376.237275215514,3521.409831616242,3521.393570618381,-0.10311306434459766,-0.11888567583127951,0.0772809728648255,0.004547982462578146,registered
1309,1787909311.4994633,1787909311.498763,283.7255027291835,3523.7255027291835,3378.672320390661,3523.913883317143,3523.9534149620754,-0.22791223289186746,-0.2423963305604957,0.10418580584803333,0.005945237137088393,registered
1310,1787909311.5306609,1787909311.527997,286.6949088137467,3526.6949088137467,3381.641726475224,3526.532098891671,3526.5843672851415,0.11054152860515387,0.11162289779304047,0.08934230439981763,0.005222004745164344,registered
1311,1787909311.5570862,1787909311.5562658,289.27753994255863,3529.2775399425586,3384.224357604036,3529.1166202507766,3529.1284623057045,0.14907763685414466,0.13850390223933573,0.10113057054083759,0.006007544747292686,registered
1312,1787909311.5853114,1787909311.5845566,291.36047996292746,3531.3604799629275,3386.307297624405,3531.620587648737,3531.6745313558695,-0.31405139294201945,-0.3420754630092233,0.11345529514485206,0.006681030357063693,registered
1313,1787909311.6138237,1787909311.6131704,293.96152993849273,3533.9615299384927,3388.90834759997,3534.197373705878,3534.2496744289824,-0.28814449048968527,-0.320797648063035,0.10120536410525971,0.005673539992121475,registered
1314,1787909311.64248,1787909311.6417646,297.28225185234214,3537.282251852342,3392.2290695138195,3536.776095604646,3536.8230580409277,0.45919381141447957,0.4382445178339367,0.13680897189993055,0.007700359004008115,registered
1315,1787909311.6719203,1787909311.6712105,299.2986930689817,3539.2986930689817,3394.245510730459,3539.274867163308,3539.473085497869,-0.17439242888713125,-0.23226277770800152,0.10626619459117821,0.006405541127141283,registered
1316,1787909311.7010503,1787909311.6998646,301.46838803286664,3541.4683880328666,3396.415205694344,3541.8038714130953,3542.051854777534,-0.5834667446674757,-0.5972486124146599,0.11808653104359598,0.007431103599590686,registered
1317,1787909311.730415,1787909311.7278001,304.4438320947247,3544.4438320947247,3399.390649756202,3544.373656596474,3544.5659531308784,-0.12212103615365777,-0.14289797935362003,0.12460323017410248,0.007790278919620499,registered
1318,1787909311.757721,1787909311.7569754,307.10847215857166,3547.1084721585717,3402.055289820049,3546.915667742349,3547.191627070443,-0.08315491187113366,-0.07097832622957867,0.16446007123461243,0.010009255773864594,registered
1319,1787909311.7853942,1787909311.784713,309.27996458190137,3549.2799645819014,3404.2267822433787,3549.423942391974,3549.687916243679,-0.407951661777588,-0.39119607105430987,0.12901921918567547,0.00835936530624517,registered
1320,1787909311.814745,1787909311.8139577,312.0090032640451,3552.009003264045,3406.9558209255224,3552.107943900638,3552.319834124703,-0.31083086065791576,-0.3065858646041306,0.1479086025124421,0.01097690329756101,registered
1321,1787909311.8425183,1787909311.8418276,314.80881775622765,3554.8088177562277,3409.755635417705,3554.829493348524,3554.828031846084,-0.019214089856177452,-0.02248306066121586,0.18670777938503758,0.015204404024723655,registered
1322,1787909311.871043,1787909311.870368,317.509919062436,3557.509919062436,3412.4567367239133,3557.4591601320963,3557.3965662113974,0.1133528510385986,0.11486895339294279,0.18402500641860967,0.015290601036249837,registered
1323,1787909311.9005837,1787909311.899784,319.9949004924947,3559.9949004924947,3414.941718153972,3560.03249794979,3560.0439115629006,-0.04901107040586794,-0.07829304542428872,0.14500907137493566,0.012542235790520707,registered
1324,1787909311.9309657,1787909311.9279003,322.88536456708016,3562.88536456708,3417.8321822285575,3562.6896425112236,3562.574274203621,0.31109036345924324,0.2740677596925707,0.11344815724819425,0.009913824184599839,registered
1325,1787909311.9572453,1787909311.9563892,325.45430901492,3565.45430901492,3420.4011266763973,3565.278302606757,3565.1381738907376,0.3161351241824377,0.31868397962171,0.12576006627913763,0.010407147459796845,registered
1326,1787909311.9861317,1787909311.9850967,327.54548378005256,3567.5454837800526,3422.49230144153,3567.8044275150005,3567.7217495033474,-0.1762657232948186,-0.17579490562502542,0.15498482705767547,0.012294032399914565,registered
1327,1787909312.0141559,1787909312.013501,329.9956249841671,3569.995624984167,3424.9424426456444,3570.3044129416676,3570.27803201102,-0.28240702685297947,-0.3190443154799141,0.10528021313369336,0.007311880966713371,registered
1328,1787909312.0426784,1787909312.0418634,333.1926898275442,3573.192689827544,3428.1395074890215,3572.7870483602637,3572.83055957108,0.3621302564642974,0.37035817556170514,0.15686183315573812,0.01055878114660613,registered
1329,1787909312.0718858,1787909312.0711646,335.3785888157645,3575.3785888157645,3430.325406477242,3575.2800224434664,3575.4675627240144,-0.08897390824995455,-0.10423488854394236,0.10760518166805413,0.008132461563600736,registered
1330,1787909312.1002622,1787909312.0991313,337.69045933010875,3577.6904593301088,3432.637276991586,3577.810213322138,3577.9844719238577,-0.2940125937489029,-0.3181347198114963,0.14277822522073325,0.012059074084357562,registered
1331,1787909312.1305945,1787909312.1277354,340.2985654866302,3580.29856548663,3435.2453831481075,3580.4341961251057,3580.558735266387,-0.26016977975677946,-0.27848392902660635,0.0884505627142432,0.00854764694810399,registered
1332,1787909312.1701384,1787909312.169269,342.94762122267184,3582.947621222672,3437.894438884149,3583.0616797923362,3584.2966246889728,-1.3490034663009283,-1.4304294457924698,0.14166012238674625,0.014745251590054867,registered
1333,1787909312.185453,1787909312.1848018,345.7507392873431,3585.750739287343,3440.6975569488204,3585.664046093154,3585.694516586404,0.0562227009390881,0.018738325446975068,0.14818377264541913,0.015562889689585475,registered
1334,1787909312.2163315,1787909312.2156878,348.2421494031619,3588.242149403162,3443.188967064639,3588.3287912275982,3588.4741433781082,-0.23199397494636287,-0.2714453522276017,0.1353352001571502,0.014258559410930662,registered
1335,1787909312.2424855,1787909312.2417607,351.19459419753684,3591.194594197537,3446.141411859014,3591.0118400768324,3590.8206208700008,0.3739733275360777,0.3178634711448467,0.12129281450286583,0.012496988124600135,registered
1336,1787909312.2708955,1787909312.2703018,353.72311330268894,3593.723113302689,3448.6699309641663,3593.5911235607236,3593.389219605845,0.3338936968439157,0.32997072383977866,0.11760962925961362,0.01155996155059561,registered
1337,1787909312.2995794,1787909312.2988992,356.05525119018785,3596.055251190188,3451.002068851665,3596.1088637456123,3595.9628821567558,0.09236903343207814,0.10807673112640259,0.1514527881388999,0.014130536726294282,registered
1338,1787909312.328902,1787909312.3279934,358.4742693193821,3598.474269319382,3453.4210869808594,3598.607913988567,3598.581260769529,-0.10699145014677924,-0.07341553943660983,0.09368999830480523,0.007395450343158375,registered
1339,1787909312.3571727,1787909312.3563607,1.266940263450124,3601.26694026345,3456.2137579249274,3601.079249292701,3601.1342174664587,0.132722796991402,0.08614761714125052,0.13515698697036885,0.009148476446256494,registered
1340,1787909312.3852322,1787909312.384516,3.381419460631605,3603.3814194606316,3458.328237122109,3603.550938219599,3603.6680990295135,-0.2866795688819366,-0.2835700226346489,0.1426544155679609,0.010173637861486756,registered
1341,1787909312.4142253,1787909312.4134605,6.060441380107932,3606.060441380108,3461.0072590415853,3606.0569065152795,3606.2730027445664,-0.21256136445845186,-0.2766596624774138,0.14562985373250967,0.010332572917630652,registered
1342,1787909312.442292,1787909312.441698,8.729558864542014,3608.729558864542,3463.6763765260193,3608.6712364732975,3608.81428691863,-0.08472805408791828,-0.025125281225427898,0.15327237790571913,0.011455432659992304,registered
1343,1787909312.4709582,1787909312.4702554,11.156445460846044,3611.156445460846,3466.1032631223234,3611.3065478935678,3611.3843447198324,-0.22789925898632646,-0.2739372761539016,0.15967808578668954,0.012705851353715828,registered
1344,1787909312.4995728,1787909312.498916,13.99944265344493,3613.999442653445,3468.9462603149223,3613.9600712048496,3613.9636933342717,0.03574931917319191,0.03661090467176109,0.14237181114696554,0.011188321881474665,registered
1345,1787909312.529139,1787909312.5276904,16.499175102270783,3616.499175102271,3471.445992763748,3616.653596461045,3616.5532983199064,-0.054123217635606125,-0.1019989784936115,0.16794384822755282,0.01349782044029411,registered
1346,1787909312.5571344,1787909312.5562885,19.53620185028467,3619.5362018502847,3474.483019511762,3619.2650219987277,3619.127025241348,0.40917660893683205,0.39263982337934067,0.1461472314348163,0.011396740468615342,registered
1347,1787909312.5852005,1787909312.5844579,21.896737394095453,3621.8967373940955,3476.843555055573,3621.8465223343246,3621.6621727581696,0.23456463592583532,0.22541932459989766,0.1289659919128837,0.0094909059609844,registered
1348,1787909312.6141765,1787909312.6133778,24.44552793264029,3624.4455279326403,3479.3923455941176,3624.400379812628,3624.264866418341,0.1806615142991177,0.1646856143242985,0.1332071133609044,0.009256084292568151,registered
1349,1787909312.6439319,1787909312.6431582,26.817722472942933,3626.817722472943,3481.7645401344203,3626.8710044767645,3626.9449978267185,-0.12727535377553068,-0.0997112649392875,0.12973088485267667,0.007298594760311024,registered
1350,1787909312.6715748,1787909312.6708474,29.32149029981474,3629.3214902998147,3484.268307961292,3629.402321946005,3629.436931260723,-0.11544096090847233,-0.12945084964530906,0.12163822046517145,0.005798336834872791,registered
1351,1787909312.6998568,1787909312.699061,31.864835812291858,3631.864835812292,3486.811653473769,3631.8967629956114,3631.976048293593,-0.11121248130120875,-0.11655224600599468,0.11065471662832317,0.005928190263132167,registered
1352,1787909312.7300715,1787909312.7274811,34.41753453854244,3634.4175345385424,3489.3643522000198,3634.471044621546,3634.533768409781,-0.11623387123836437,-0.11690754626624766,0.10635354637509198,0.005943585960801589,registered
1353,1787909312.7570517,1787909312.7562037,37.033935332181045,3637.033935332181,3491.9807529936584,3637.116386389116,3637.1186958035314,-0.08476047135036424,-0.0673570587496215,0.1631186922774588,0.009602902550454854,registered
1354,1787909312.785836,1787909312.7850802,39.913247828500516,3639.9132478285005,3494.860065489978,3639.7187365982136,3639.717484318185,0.19576351031537342,0.184956826249163,0.1555395971392913,0.009797064343402552,registered
1355,1787909312.8139906,1787909312.8134174,42.247974214076294,3642.2479742140763,3497.1947918755536,3642.2947308823004,3642.267737452834,-0.019763238757604995,-0.03845716537989574,0.18867886004861323,0.012235597556207766,registered
1356,1787909312.842678,1787909312.8419557,44.94130023640173,3644.9413002364017,3499.888117897879,3644.904935778677,3644.836078706556,0.10522152984594868,0.07107174196335109,0.15327163919989564,0.008234226608338786,registered
1357,1787909312.8711238,1787909312.870451,47.63515832900566,3647.6351583290057,3502.581975990483,3647.466781798492,3647.400557728447,0.2346006005586787,0.21581585157900918,0.14522415973038935,0.006230121268793412,registered
1358,1787909312.8998892,1787909312.8990893,49.67388332013843,3649.6738833201384,3504.6207009816158,3649.9844065477346,3649.9779108564408,-0.30402753630232837,-0.3209717230743081,0.1611347406201235,0.008016315801985125,registered
1359,1787909312.9289742,1787909312.927888,52.55280981208807,3652.552809812088,3507.4996274735654,3652.511885545475,3652.569682983269,-0.016873171181032376,-0.0382147630784857,0.10236415318562073,0.005754803713772231,registered
1360,1787909312.9572566,1787909312.9563763,55.27186672868129,3655.2718667286813,3510.2186843901586,3655.0997416869322,3655.133539756699,0.13832697198222377,0.10625776245979068,0.0788032416218188,0.004134579043564413,registered
1361,1787909312.985609,1787909312.9848042,57.47613231603509,3657.476132316035,3512.4229499775124,3657.59490014927,3657.6919464918788,-0.21581417584366136,-0.2223310969479826,0.10711030718665206,0.005844188202495148,registered
1362,1787909313.0143921,1787909313.0136578,60.13648950695915,3660.136489506959,3515.0833071684365,3660.1380153187165,3660.288675149556,-0.1521856425970327,-0.15715138504219794,0.06685971625639003,0.004189368110547699,registered
1363,1787909313.0426795,1787909313.0418408,62.86804728741208,3662.868047287412,3517.8148649488894,3662.7700175597993,3662.825045706458,0.043001580954296514,0.010774789215247438,0.09092568085408197,0.005311103073270384,registered
1364,1787909313.0713263,1787909313.0703897,65.28647925766336,3665.2864792576634,3520.2332969191407,3665.304026042495,3665.3943525181376,-0.1078732604742072,-0.13424257847054832,0.07989754055705407,0.00426659308567279,registered
1365,1787909313.099791,1787909313.0989146,67.61160582938373,3667.6116058293837,3522.558423490861,3667.852597379949,3667.961492188623,-0.34988635923946276,-0.34479625214817133,0.09137363274680751,0.005588912562280279,registered
1366,1787909313.130052,1787909313.1280847,70.6415193914595,3670.6415193914595,3525.588337052937,3670.4794705235754,3670.5866940776305,0.05482531382904199,0.0325100782915797,0.08159519869772999,0.005642468330762684,registered
1367,1787909313.1578264,1787909313.1570485,73.21064352574786,3673.210643525748,3528.157461187225,3673.063344546111,3673.193335797007,0.017307728740888706,-0.004148810774950107,0.06697699876231589,0.004252809417945928,registered
1368,1787909313.1856728,1787909313.184695,75.48061815262554,3675.4806181526255,3530.427435814103,3675.6247436171348,3675.6814284560246,-0.20081030339906647,-0.24638620220639496,0.10782355513887884,0.006705477363774725,registered
1369,1787909313.2155194,1787909313.2144668,78.17034181230338,3678.1703418123034,3533.1171594737807,3678.214272356215,3678.3607874180357,-0.1904456057322932,-0.14702273580496694,0.09097204399206062,0.006269931382194589,registered
1370,1787909313.242752,1787909313.2417288,80.9509443722236,3680.9509443722236,3535.897762033701,3680.850524506553,3680.8142701884817,0.13667418374188856,0.15374354586629124,0.12184234519707451,0.007848523969265398,registered
1371,1787909313.2712426,1787909313.2705638,83.32600834151663,3683.3260083415166,3538.272826002994,3683.3560501186903,3683.409325212366,-0.08331687084955774,-0.07602162781267907,0.08337174906952854,0.004778277787008935,registered
1372,1787909313.2998226,1787909313.2991762,85.83516451719925,3685.8351645171992,3540.7819821786766,3685.896083832037,3685.9843395444177,-0.14917502721846176,-0.16583184191995315,0.13110630909297932,0.008072969895061418,registered
1373,1787909313.3299553,1787909313.328218,88.57619130762714,3688.576191307627,3543.5230089691045,3688.5071366686666,3688.59799765162,-0.02180634399292103,-0.010252573194065917,0.07196700999713421,0.0047715090981826705,registered
1374,1787909313.357674,1787909313.3566036,91.24635623195172,3691.2463562319517,3546.193173893429,3691.0928244337647,3691.1526065255,0.0937497064519448,0.07775817812171226,0.08809224288237058,0.0053636450801347255,registered
1375,1787909313.386216,1787909313.3854287,93.2732015661586,3693.2732015661586,3548.220019227636,3693.5894869139456,3693.746760361957,-0.4735587957984535,-0.46121335990210355,0.15050467603535478,0.008902314413032136,registered
1376,1787909313.4149795,1787909313.4140697,96.19610983678967,3696.1961098367897,3551.142927498267,3696.1476364394434,3696.324349515229,-0.12823967843951323,-0.107506953999291,0.12921722093442692,0.008225085302180826,registered
1377,1787909313.443215,1787909313.4424176,99.00920788715985,3699.00920788716,3553.956025548637,3698.7333555386695,3698.875568207835,0.13363967932491505,0.09732785931646504,0.08993127636977268,0.005503558289281767,registered
1378,1787909313.4714854,1787909313.4706311,101.26935280780526,3701.2693528078053,3556.2161704692826,3701.3197664265163,3701.414685240705,-0.14533243289952225,-0.17744882763281566,0.09832241840004446,0.005497640141692167,registered
1379,1787909313.5010977,1787909313.5003643,103.50585660627212,3703.505856606272,3558.4526742677494,3703.862110406865,3704.090568194068,-0.5847115877959368,-0.6104350010755297,0.14806935330975093,0.008087140545665452,registered
1380,1787909313.5331693,1787909313.530501,106.66211935985802,3706.662119359858,3561.6089370213354,3706.509320590434,3706.80275612664,-0.1406367667818813,-0.18416647333788205,0.08467546111029631,0.004600602426525881,registered
1381,1787909313.5572264,1787909313.5564656,109.27148398862164,3709.2714839886216,3564.218301650099,3709.0917459246584,3709.139492211582,0.13199177703972964,0.1590926590943127,0.12985161463861303,0.0066342284953860185,registered
1382,1787909313.5856984,1787909313.5847292,111.62777591676422,3711.627775916764,3566.5745935782415,3711.6510855090414,3711.6831151815873,-0.05533926482303286,-0.10052258388168411,0.16591606793320815,0.008437236272377639,registered
1383,1787909313.617025,1787909313.6153977,114.01017504486299,3714.010175044863,3568.9569927063403,3714.2790553592863,3714.443173332016,-0.43299828715316835,-0.4444263847062757,0.1258460387846606,0.006314200852627909,registered
1384,1787909313.6435127,1787909313.6426973,117.15888370099265,3717.1588837009926,3572.10570136247,3716.912278380465,3716.9000462837357,0.25883741725692744,0.22873485576292296,0.111997702692006,0.005015165832020532,registered
1385,1787909313.6719406,1787909313.6710105,119.41225322693481,3719.412253226935,3574.359070888412,3719.393968530633,3719.4481322771903,-0.03587905025551663,-0.05977483703418329,0.14501555639485503,0.006471573503540005,registered
1386,1787909313.7032113,1787909313.701984,121.7593350768866,3721.7593350768866,3576.706152738364,3721.926735816818,3722.2356337304604,-0.47629865357384915,-0.4417761807048919,0.1570116025531457,0.007377366656342285,registered
1387,1787909313.7349064,1787909313.7311282,124.6441245254191,3724.644124525419,3579.5909421868964,3724.4766562349187,3724.8585182803695,-0.21439375495037893,-0.269149740066041,0.20108550576699544,0.009098559256031752,registered
1388,1787909313.7572267,1787909313.7564304,127.1290341652757,3727.1290341652757,3582.075851826753,3726.9921130934576,3727.135625797214,-0.0065916319381358335,0.029222331941582524,0.23263613604532676,0.010108708101543845,registered
1389,1787909313.7859015,1787909313.785236,129.2545604467923,3729.2545604467923,3584.2013781082696,3729.4879830103673,3729.728020172504,-0.4734597257115638,-0.43170977581212355,0.2621408815598565,0.011967418129200852,registered
1390,1787909313.814782,1787909313.8138604,132.11535643958814,3732.115356439588,3587.0621741010655,3732.1214838034402,3732.3041288035743,-0.18877236398611785,-0.14130359356749977,0.23345965063024324,0.013487573328545359,registered
1391,1787909313.8445716,1787909313.8433626,134.7271208236848,3734.727120823685,3589.673938485162,3734.796413515955,3734.9592200755824,-0.23209925189757996,-0.21752877807011828,0.22782728433891872,0.01542976472780182,registered
1392,1787909313.8711715,1787909313.8705907,137.3771392726362,3737.377139272636,3592.3239569341135,3737.472289136088,3737.409655974251,-0.03251670161489528,-0.0146354591479394,0.24538708386289948,0.017870443868577553,registered
1393,1787909313.8998597,1787909313.8991556,140.23058720273184,3740.230587202732,3595.177404864209,3740.1919874084574,3739.9804003944455,0.2501868082863439,0.2808034183822201,0.19208966763196356,0.013962767484907965,registered
1394,1787909313.9284365,1787909313.927744,142.98684806191432,3742.9868480619143,3597.9336657233916,3742.884375984618,3742.5532475853033,0.4336004766109909,0.44604137631677077,0.20274504134504204,0.012949068536473037,registered
1395,1787909313.957976,1787909313.9572773,145.60831148629768,3745.6083114862977,3600.555129147775,3745.442032836405,3745.2111497038104,0.39716178248727374,0.4400211281040356,0.13462397424841674,0.00887314135110517,registered
1396,1787909313.9857075,1787909313.9850109,148.02588505405447,3748.0258850540545,3602.972702715532,3747.9545533619694,3747.7070741107073,0.3188109433472164,0.279645363221789,0.12623789321203951,0.009350960208862065,registered
1397,1787909314.014498,1787909314.01355,150.35069710625385,3750.350697106254,3605.297514767731,3750.396101095814,3750.275501191803,0.07519591445088736,0.10789390198442561,0.12569087658003586,0.009612843964109233,registered
1398,1787909314.0427501,1787909314.0421166,152.71933727940268,3752.7193372794027,3607.66615494088,3752.7673069507214,3752.8463958099023,-0.127058530499653,-0.06464424887872156,0.13281725607020967,0.00961442834595521,registered
1399,1787909314.0727508,1787909314.0720792,155.15223346772018,3755.15223346772,3610.0990511291975,3755.1910124584892,3755.542920246716,-0.39068677899604154,-0.3605001869827902,0.14471315796936216,0.010216590413438281,registered
1400,1787909314.1004317,1787909314.099887,157.68589332267766,3757.6858933226777,3612.632710984155,3757.720528429302,3758.0455177319427,-0.35962440926505224,-0.34032171361423025,0.1414672506308811,0.011590208613352901,registered
1401,1787909314.1306887,1787909314.127646,160.2310816961408,3760.231081696141,3615.177899357618,3760.3581606417047,3760.543738021094,-0.3126563249534229,-0.2863545015802629,0.16092106154467023,0.015497745836970254,registered
1402,1787909314.1576908,1787909314.1570904,162.9038771497717,3762.9038771497717,3617.850694811249,3763.063513458499,3763.1936367369744,-0.2897595872027523,-0.29378423558637223,0.1963461274464103,0.0198130264045717,registered
1403,1787909314.1862423,1787909314.185584,165.9126083292881,3765.912608329288,3620.8594259907654,3765.808396139573,3765.757965560961,0.15464276832699397,0.1579261764823059,0.2052859770842991,0.021459252125882917,registered
1404,1787909314.2147381,1787909314.2141078,168.69049519332293,3768.690495193323,3623.6373128548003,3768.5623147391693,3768.3249979472293,0.36549724609358236,0.40002081552756863,0.16856645507523985,0.017668031696920543,registered
1405,1787909314.2435637,1787909314.2429943,171.28532574482233,3771.2853257448223,3626.2321434062997,3771.215737431374,3770.9246876493107,0.36063809551160375,0.3719085747106874,0.1543813906465553,0.013709570621063299,registered
1406,1787909314.2714498,1787909314.2706597,173.82653144063715,3773.826531440637,3628.7733491021145,3773.7902490464057,3773.4144753989654,0.41205604167180354,0.43742662846807434,0.14068995657523195,0.01082676589496007,registered
1407,1787909314.300027,1787909314.2994912,176.3827469551493,3776.3827469551493,3631.3295646166266,3776.3102313575864,3776.009208570197,0.37353838495209857,0.39631034498870576,0.11836100440609189,0.009133626928674725,registered
1408,1787909314.3308733,1787909314.3282683,178.76235997262393,3778.762359972624,3633.7091776341013,3778.7175466508525,3778.5990495811097,0.16331039151418736,0.18369955343632682,0.11208401009528425,0.00922296884047862,registered
1409,1787909314.35797,1787909314.3571177,180.91133443186527,3780.9113344318653,3635.8581520933426,3781.1251664248452,3781.1953920156043,-0.28405758373901335,-0.262556764222154,0.10730409477905051,0.009051589100569133,registered
1410,1787909314.385939,1787909314.3854353,183.59878900096282,3783.598789000963,3638.54560666244,3783.5763632527255,3783.7438856890853,-0.1450966881225213,-0.08972006045178205,0.11570801029023485,0.008817514740717243,registered
1411,1787909314.4147544,1787909314.4140623,186.20466962077626,3786.2046696207763,3641.1514872822536,3786.077919088455,3786.320208888591,-0.11553926781471091,-0.10668432655256765,0.1501066304691719,0.01019404480826867,registered
1412,1787909314.4435592,1787909314.4428802,188.4793357283661,3788.479335728366,3643.4261533898434,3788.673665837776,3788.913719019743,-0.43438329137688925,-0.4059370294062319,0.18610758331380375,0.014000037443941911,registered
1413,1787909314.471842,1787909314.4709494,191.28630127388078,3791.286301273881,3646.233118935358,3791.3619155516244,3791.4398546622933,-0.15355338841254706,-0.1635905521075074,0.2256935646842628,0.019893266139248494,registered
1414,1787909314.500118,1787909314.499452,194.08404437075933,3794.0840443707593,3649.0308620322367,3794.114756420401,3794.0049988463334,0.07904552442596469,0.07228640950734189,0.24263834763014971,0.021263660258652367,registered
1415,1787909314.532308,1787909314.5291371,196.82820297299668,3796.8282029729967,3651.775020634474,3796.8058365008765,3796.676547517309,0.1516554556878873,0.14304067190960268,0.20598889841036608,0.019584665037049434,registered
1416,1787909314.557622,1787909314.5570152,199.64924602406563,3799.6492460240656,3654.596063685543,3799.5038209258955,3799.1854747713687,0.4637712526969153,0.4828426253143334,0.17047635541374656,0.015002750310792219,registered
1417,1787909314.5863051,1787909314.5857265,202.20779173951087,3802.207791739511,3657.154609400988,3802.137708764598,3801.7693936934743,0.43839804603658195,0.4563390866255759,0.20230955939482573,0.015401930575912466,registered
1418,1787909314.614728,1787909314.614137,204.73199712942233,3804.7319971294223,3659.6788147908997,3804.621496005002,3804.3262340790784,0.40576305034392135,0.4475143012209628,0.14940422674987128,0.011606815239404008,registered
1419,1787909314.6450253,1787909314.6441786,207.0293688273573,3807.0293688273573,3661.9761864888346,3807.1420770659875,3807.029882187936,-0.000513360578679567,0.020175132988697442,0.14981002685584618,0.011285601702946377,registered
1420,1787909314.6751952,1787909314.674342,209.54287790433136,3809.5428779043314,3664.4896955658087,3809.621387575787,3809.74447328698,-0.20159538264852017,-0.20738167227955273,0.13731814395386868,0.009349795782306927,registered
1421,1787909314.7030544,1787909314.702273,211.7693177528222,3811.769317752822,3666.7161354142995,3812.059427534389,3812.2581639602977,-0.4888462074754898,-0.47071769190097257,0.17851061130002688,0.009702993845092395,registered
1422,1787909314.732151,1787909314.7290108,214.31784302914957,3814.3178430291496,3669.264660690627,3814.456196941793,3814.6644845887226,-0.3466415595730723,-0.4004888495992418,0.21060450666316127,0.00917361430027237,registered
1423,1787909314.7572932,1787909314.7565763,217.1195847147119,3817.119584714712,3672.066402376189,3816.811695798,3817.145281920949,-0.02569720623705507,-0.04710723251764648,0.23889363900017754,0.012376341729455053,registered
