scan_index,bag_stamp_s,header_stamp_s,time_s,input_point_count,finite_point_count,central_point_count,target_point_count,target_depth_mean_m,target_depth_std_m,target_depth_p05_m,target_depth_p95_m,target_u_centroid,target_v_centroid,target_radial_std,h5_magnitude,relative_angle_deg,offline_relative_angle_deg,local_rpm,raw_motion_residual_deg,heldout_motion_residual_deg,rejected_branch_boundary
0,1787909393.3295155,7053.19982131,0.0,24000,24000,3837,674,1.7508724034716892,0.10140436680002622,1.621000051498413,1.8826999604701997,0.0010511783184483647,-0.03841186314821243,0.0307707329465568,0.23896726965904236,0.0,0.0,-4.986334810116426,0.3503132570021334,0.36170346016295335,False
1,1787909393.4288607,7053.29965439,0.09934520721435547,24000,24000,3899,630,1.7456269828100053,0.11683421615362195,1.615450030565262,1.871000051498413,-0.0021986858919262886,-0.03953825309872627,0.030410397004708007,0.3014541268348694,-3.5778817491305754,-3.0103819223004114,-5.010345982144212,-0.24707700726822335,-0.29883855552643057,False
2,1787909393.5286977,7053.39949687,0.19918227195739746,24000,24000,3982,665,1.744621053315643,0.10655554461840423,1.6132000207901,1.8717999935150147,-0.0033784816041588783,-0.04504767805337906,0.02844966403479619,0.23891493678092957,-6.650468566676077,-6.0207063753427,-5.029787870093366,-0.3244159443797221,-0.5032515533139676,False
3,1787909393.6285858,7053.49932529,0.2990703582763672,24000,24000,4043,648,1.743004626881929,0.10447323586381069,1.6153500258922577,1.878000020980835,-0.004006426781415939,-0.047613222151994705,0.027505608565308114,0.27822601795196533,-9.818425957269838,-9.030973359126865,-5.029787870093366,-0.49559473779067176,-0.8821313758077594,False
4,1787909393.7284186,7053.59997389,0.39890313148498535,24000,24000,3860,634,1.7380504758576114,0.09486898252973185,1.6089999675750732,1.862699979543686,-0.0035630282945930958,-0.04460728168487549,0.02793327191783786,0.31744784116744995,-11.915910326339374,-12.04118287365291,-5.032321963935778,0.40204002169772757,0.12958415156800207,False
5,1787909393.8288743,7053.69982029,0.4993588924407959,24000,24000,3916,625,1.744040001487732,0.10911041714367449,1.6091999769210816,1.8885999679565422,-0.006472120061516762,-0.04672260209918022,0.02635450606939373,0.32868340611457825,-14.89537351668589,-15.05133491892083,-5.018998270496895,0.43638644058500553,0.0700127900907681,False
6,1787909393.928884,7053.79966455,0.5993685722351074,24000,24000,3984,628,1.7473471337442945,0.09995495528302742,1.6176999747753142,1.8673000395298003,-0.0024685875978320837,-0.043315380811691284,0.027436173961629073,0.24719761312007904,-18.769672485162385,-18.061429494930625,-5.005786262304526,-0.43748596088675384,-0.6595683749977361,False
7,1787909394.0282784,7053.89951497,0.6987628936767578,24000,24000,4018,626,1.7452555917703305,0.11202383269975147,1.6022500097751617,1.8805000185966492,-1.0550212209636811e-05,-0.044480808079242706,0.026605101297164667,0.21895058453083038,-21.342082455098577,-21.0714666016823,-5.016659378901426,-0.027930952269951348,0.13460497339816513,False
8,1787909394.1283557,7053.99934993,0.7988402843475342,24000,24000,3845,625,1.7496207990646362,0.1131738829043767,1.6100000143051147,1.8876000404357907,-0.0034915541764348745,-0.045112330466508865,0.026790065445028752,0.2074144333600998,-24.26135303396083,-24.08144623917585,-5.02210622486681,0.05525645436160076,-0.09229118486323529,False
9,1787909394.2284632,7054.09999197,0.8989477157592773,24000,24000,3795,641,1.749262088174567,0.10983242719260854,1.6139999628067017,1.8839999437332153,-0.003264396684244275,-0.04396815970540047,0.02537865555856249,0.18384723365306854,-27.11828932704591,-27.091368407411277,-5.018381533040458,0.20167940990280186,0.11511057033107619,False
10,1787909394.328538,7054.19983353,0.9990224838256836,24000,24000,3822,631,1.7423359758313597,0.117011696011262,1.6035000085830688,1.8680000305175781,-0.007023142650723457,-0.04571210965514183,0.026115961247678267,0.15972274541854858,-30.39516102381746,-30.101233106388133,-5.01995666131383,-0.07281298307698236,-0.17437952194813278,False
11,1787909394.4287992,7054.29967719,1.0992836952209473,24000,24000,3914,673,1.7392912355610024,0.11603774634355686,1.6019999980926514,1.8721999645233152,-0.011573665775358677,-0.04314413666725159,0.026322454238169615,0.14969104528427124,-33.66894563698137,-33.098423143219485,-5.00595433606545,-0.33862473872217436,-0.4205231595048815,False
12,1787909394.528613,7054.39952339,1.1990976333618164,24000,24000,3668,604,1.74029304768076,0.1075407363061113,1.6021500051021575,1.8674000203609467,-0.01217851135879755,-0.04245484247803688,0.026238444157588702,0.12594681978225708,-36.75945117060006,-36.105064701583316,-5.004022085861817,-0.4345762214612279,-0.5940577018211428,False
13,1787909394.6289918,7054.49936019,1.2994763851165771,24000,24000,3681,604,1.7364801302650907,0.11835581255273665,1.5950000286102295,1.8751000404357911,-0.011047170497477055,-0.042374387383461,0.02722223999262478,0.10156548768281937,-39.58550906917144,-39.11979356598888,-5.031727968325613,-0.2491348916860332,-0.4888310269740188,False
14,1787909394.7292643,7054.59999341,1.3997488021850586,24000,24000,3631,595,1.7478957991640107,0.1310488987672173,1.600000023841858,1.887599992752075,-0.014633103273808956,-0.04551262781023979,0.027820244326088636,0.11624091118574142,-42.254149728187954,-42.14468475981212,-5.022493346015079,0.09053349227034602,-0.04331325273929565,False
15,1787909394.829008,7054.69981801,1.4994926452636719,24000,24000,3781,622,1.745536975155306,0.12529306850950095,1.600000023841858,1.8739999532699585,-0.01703212410211563,-0.04217944294214249,0.026385910109249053,0.13693492114543915,-45.14077232803188,-45.1851530049979,-5.023910146224625,0.19636199599694493,0.03429712270920504,False
16,1787909394.9291382,7054.79965095,1.5996227264404297,24000,24000,3613,589,1.7412988127593476,0.11587661052056315,1.5997999668121339,1.8681999683380128,-0.020792054012417793,-0.044197291135787964,0.028784637449661487,0.12651777267456055,-48.75810709071772,-48.15043744096265,-5.015179251833978,-0.41693399427225586,-0.590984951229018,False
17,1787909395.0288649,7054.89949223,1.6993494033813477,24000,24000,3508,577,1.746344886164938,0.12835554841541386,1.5989999771118164,1.866200041770935,-0.022799599915742874,-0.041918110102415085,0.028590718893796833,0.1295141726732254,-51.685327271954485,-51.19161462293687,-5.018904703662403,-0.35221807944276406,-0.45582164292533633,False
18,1787909395.1288056,7054.99932657,1.7992901802062988,24000,24000,3532,553,1.7504900553774014,0.1305689904121674,1.6036000013351441,1.9003999948501586,-0.015093143098056316,-0.039191149175167084,0.029758696081246122,0.17410695552825928,-54.40708341511831,-54.210587020323246,-5.015180196826071,-0.07561483850093964,-0.16046866216873212,False
19,1787909395.2302067,7055.09996243,1.900691270828247,24000,24000,3695,581,1.7508846812732453,0.1471650574613073,1.6069999933242798,1.878999948501587,-0.014206563122570515,-0.03824898973107338,0.029432219638102285,0.12641514837741852,-57.640389727892696,-57.2116121144504,-5.008319576000528,-0.26675036489657344,-0.7046607641015896,False
20,1787909395.32874,7055.19980411,1.9992244243621826,24000,24000,3637,584,1.7529075366176972,0.13467960401024692,1.6039999723434448,1.8825500130653383,-0.01361759565770626,-0.03448545187711716,0.029629732495199936,0.20138977468013763,-60.33946767084253,-60.21282953726598,-5.005815322440805,-0.00969953909104504,0.012614057142776858,False
21,1787909395.4289308,7055.29964601,2.0994153022766113,24000,24000,3567,575,1.752926956259686,0.133526929875848,1.6027000308036805,1.8792999625205993,-0.015253931283950806,-0.03400533273816109,0.030671654257362926,0.16622446477413177,-63.23048827520951,-63.25662811518835,-5.006215091280193,0.10514261386958168,-0.2901081214770116,False
22,1787909395.5289223,7055.39949059,2.199406862258911,24000,24000,3593,611,1.756937809349472,0.12772392023616486,1.5985000133514404,1.921999990940094,-0.014154006727039814,-0.03499455004930496,0.032013459308419874,0.12790034711360931,-66.59681183678987,-66.30918375383709,-4.9717015708137255,-0.261297999738332,-0.9224417955437474,False
23,1787909395.628953,7055.49934151,2.2994375228881836,24000,24000,3618,601,1.7514442596181656,0.12412562580619106,1.6059999465942383,1.871000051498413,-0.015869753435254097,-0.03199413791298866,0.03163524804953032,0.16207221150398254,-69.75064411659685,-69.31287915764352,-4.968168433785261,-0.414074258924245,-1.099106115576177,False
24,1787909395.7298517,7055.59999879,2.400336265563965,24000,24000,3674,622,1.7423311889746564,0.11053325088239001,1.602099996805191,1.8737999558448788,-0.017641926184296608,-0.03277286887168884,0.032216237442272956,0.22627098858356476,-73.1544590360361,-72.30515726979145,-4.957228700103591,-0.7907895143666934,-1.0366255903232968,False
25,1787909395.83407,7055.69983207,2.504554510116577,24000,24000,3380,542,1.7516512912577809,0.11965739063427028,1.6130000352859497,1.866949987411499,-0.01734190620481968,-0.031491927802562714,0.03381080989988765,0.13046297430992126,-75.06506678235125,-75.24630221492613,-4.9420014704948825,0.4252919794534904,-0.06525379255118935,False
26,1787909395.9306324,7055.80047333,2.601116895675659,24000,24000,3654,598,1.7473979961114583,0.12573751144288128,1.6058499574661256,1.8799999952316284,-0.014119191095232964,-0.02799084782600403,0.03315517395178131,0.1919238567352295,-78.79100631084701,-78.2043549506608,-4.930939752610943,-0.40364450293009213,-1.2676717966487843,False
27,1787909396.0305529,7055.90031609,2.7010374069213867,24000,24000,3826,627,1.7620558198749354,0.14074025151271968,1.6059999465942383,1.9310000419616686,-0.015157361514866352,-0.02746107243001461,0.03277559798609954,0.22129464149475098,-81.63941630630524,-81.10642707853631,-4.953389770736378,-0.25430310925298727,-1.0919598255084964,False
28,1787909396.1300507,7056.00015597,2.800535202026367,24000,24000,3855,574,1.7490853658951948,0.12000695833985316,1.6076500236988067,1.9005999922752383,-0.011618406511843204,-0.020471831783652306,0.03339414406370772,0.24634473025798798,-84.59277358539946,-84.05032506917411,-4.960156968783699,-0.22259105900458565,-1.3296501442957833,False
29,1787909396.2301922,7056.09999533,2.900676727294922,24000,24000,3801,602,1.7469551503856318,0.09875590007539943,1.6161000549793243,1.8529500424861907,-0.01063971221446991,-0.021678529679775238,0.033900933492597006,0.2098819762468338,-87.7239585985553,-87.00976686933059,-4.960156968783699,-0.3493939614075998,-1.0628492230611073,False
30,1787909396.3293126,7056.19982769,2.9997971057891846,24000,24000,3848,623,1.7480593879571122,0.12385479663554949,1.6039999723434448,1.8568999886512756,-0.010028351098299026,-0.021513648331165314,0.03462213532734766,0.21932537853717804,-90.43396457377929,-89.98657754009751,-4.954997452474356,-0.0856536195009312,-0.6069941401873109,False
31,1787909396.429163,7056.29966017,3.0996475219726562,24000,24000,3905,574,1.7450627182003513,0.11536729322828826,1.6139999628067017,1.8557000100612642,-0.009266388602554798,-0.01985926926136017,0.03438783596592897,0.20119886100292206,-92.77909883618882,-92.91263423846524,-4.958378107309829,0.5648605599157435,0.026972030855574758,False
32,1787909396.5285294,7056.39949165,3.1990139484405518,24000,24000,4137,635,1.755514961152565,0.12509026990055133,1.6204999804496765,1.8680000305175781,-0.010203863494098186,-0.01874762959778309,0.03495646085226101,0.16968104243278503,-95.52825132798046,-95.8322410148585,-4.958378107309829,0.7968361594826661,0.6309897840544494,False
33,1787909396.628938,7056.49932363,3.2994225025177,24000,24000,4022,614,1.7407882731978201,0.11140213105533049,1.61899995803833,1.8496999680995942,-0.005187587346881628,-0.019596144556999207,0.03495832464362245,0.1671060174703598,-99.09308580983314,-98.83022316434194,-4.965315600210587,0.2443950162270312,0.05570923824986096,False
34,1787909396.730438,7056.59995827,3.4009225368499756,24000,24000,4003,600,1.744813332358996,0.09735715328850506,1.628999948501587,1.8560999512672423,-0.004942712839692831,-0.019205322489142418,0.03573681661471795,0.21470434963703156,-102.00265037800084,-101.8274296868773,-4.9851770748008795,0.3799696804696566,0.28041637688974674,False
35,1787909396.828758,7056.69978789,3.4992425441741943,24000,24000,4021,588,1.7493503391742706,0.11362379749619839,1.628000020980835,1.8682500064373015,-0.005232818890362978,-0.02021007239818573,0.03624495476697112,0.17317108809947968,-105.24035910121125,-104.82668771717303,-4.9851770748008795,0.09199504950323956,-0.27605581107914645,False
36,1787909396.9291775,7056.79962061,3.5996620655059814,24000,24000,4126,582,1.7417182141972571,0.10923306388614427,1.6240499556064605,1.8557999491691586,-0.0015753520419821143,-0.01721254736185074,0.036182247770565605,0.11970037966966629,-107.55602289888405,-107.79476926893565,-4.989427333404298,0.7890536229996599,0.3189399300984235,False
37,1787909397.0288463,7056.89946137,3.6993308067321777,24000,24000,4253,586,1.7395102408151986,0.09547187597895132,1.6277499794960022,1.8522500395774841,-0.0026587406173348427,-0.02275119163095951,0.0380189862367852,0.1417788416147232,-111.89934595890509,-110.81273622124671,-4.999945452710008,-0.5640714912820357,-0.8446192797184722,False
38,1787909397.129061,7056.99930319,3.7995455265045166,24000,24000,4072,522,1.7435593895071768,0.10961118524175038,1.6180500268936158,1.8629500329494477,0.0017362118232995272,-0.022404296323657036,0.03799207928359446,0.20262400805950165,-114.57480389957912,-113.8479868556482,-5.0118274349776195,-0.23295138642809832,-0.643705427942038,False
39,1787909397.2308617,7057.09993327,3.901346206665039,24000,24000,4067,525,1.7479866647720337,0.11127053330192699,1.6373999834060669,1.8990000009536734,0.0008175909169949591,-0.026005437597632408,0.03740886893623441,0.19077393412590027,-117.15128618462846,-116.90459357836332,-5.030142150219742,0.24472534513964206,-0.3181666143606776,False
40,1787909397.3289697,7057.19978081,3.9994542598724365,24000,24000,4159,521,1.7514318639623456,0.10266534389209837,1.6380000114440918,1.8730000257492065,-0.0014855958288535476,-0.02703556977212429,0.03841660134881152,0.18589653074741364,-120.10483275155005,-119.96606698155165,-5.030142150219742,0.23455395836069215,-0.3806380069023021,False
41,1787909397.4287484,7057.29962727,4.099232912063599,24000,24000,4246,536,1.746360075785153,0.10882076258600734,1.6339999437332153,1.8940000534057617,0.004079149104654789,-0.025319209322333336,0.03819614702468394,0.20118331909179688,-123.56081129991315,-123.02293264305138,-5.038693418459412,-0.22792916565933297,-0.6076880758989489,False
42,1787909397.5290248,7057.39945853,4.199509382247925,24000,24000,4040,474,1.7536687788078051,0.10846514479207514,1.6455999732017517,1.9074000000953673,0.008147233165800571,-0.025731397792696953,0.03814083037571992,0.12789173424243927,-126.61630785762735,-126.047009278648,-5.015468343889564,-0.2749950814065727,-0.4939148411914971,False
43,1787909397.628935,7057.49931963,4.299419641494751,24000,24000,4029,492,1.7681869893539242,0.136669883057681,1.643550032377243,2.0090500354766845,0.01022222638130188,-0.02674022503197193,0.03708381845749949,0.1629517823457718,-128.8661268994492,-129.01303039392067,-5.007949571696639,0.47262969198072824,0.294894167863589,False
44,1787909397.730113,7057.59996499,4.40059757232666,24000,24000,4099,481,1.751498961151266,0.08931300642700322,1.6490000486373901,1.875,0.010933022946119308,-0.030575638636946678,0.037580250448036645,0.20373427867889404,-131.99592920488666,-132.0085930643183,-5.004846202387841,0.3783030753664889,0.2761435525691809,False
45,1787909397.828938,7057.69979973,4.499422550201416,24000,24000,4190,460,1.7574847835561505,0.1173903653528896,1.6489500463008882,1.931449997425079,0.014353232458233833,-0.03061845526099205,0.036262202784223055,0.17145311832427979,-135.69693492572236,-134.99588834322972,-4.994392840234981,-0.3578187491412166,-0.38831023366205386,False
46,1787909397.92907,7057.79965669,4.599554538726807,24000,24000,4028,475,1.7680105246995625,0.1152888794727551,1.6557000041007996,1.9851000308990476,0.009382977150380611,-0.035010769963264465,0.03484451995932169,0.20374290645122528,-138.287418065397,-137.95017115521125,-5.005936639518631,0.05579410665680484,-0.10461157406959387,False
47,1787909398.0289419,7057.89950997,4.6994264125823975,24000,24000,4013,456,1.7741206115797947,0.13732452951730503,1.656999945640564,1.960500031709671,0.009168289601802826,-0.03899981826543808,0.03541922686140974,0.23571042716503143,-141.4244176610365,-140.8899903854404,-5.001951161585901,-0.08491328777614626,-0.33654124507970096,False
48,1787909398.1289825,7057.99933627,4.799467086791992,24000,24000,4001,420,1.7543476212592353,0.09563122184728527,1.6399999856948853,1.8652500092983244,0.0094491858035326,-0.038984425365924835,0.03332579710767776,0.2011997550725937,-144.27957515244748,-143.9447451713886,-5.002341029084499,0.06128566247809886,-0.13000512718602408,False
49,1787909398.2287867,7058.09997349,4.899271249771118,24000,24000,4271,495,1.7744161613059766,0.15131635913079922,1.6360999584197997,1.9930000305175781,0.009772295132279396,-0.03836433216929436,0.03209708472975172,0.21544437110424042,-147.07029379769816,-146.99337354138652,-5.000999501917549,0.2648277999449249,0.050754689745730275,False
50,1787909398.328996,7058.19982603,4.999480485916138,24000,24000,4051,452,1.759880529831996,0.11843564209098874,1.6366500020027162,1.8644499838352204,0.00995718128979206,-0.04302193596959114,0.03225389236264739,0.2324948012828827,-150.31641784130065,-149.9548024101853,-4.974864856547048,0.02511728558431514,0.10694807271119089,False
51,1787909398.428759,7058.29966779,5.099243640899658,24000,24000,4019,447,1.759570468992195,0.11435350575973208,1.6425999879837037,1.8842000246047972,0.003350157057866454,-0.04260591045022011,0.031401261137157875,0.21141010522842407,-153.30774481739368,-152.90868652414616,-4.98915426759738,0.02682079650412561,-0.11116772903386618,False
52,1787909398.529031,7058.39951723,5.1995155811309814,24000,24000,4012,444,1.7595112640578467,0.11939305673849068,1.628999948501587,1.9104000270366661,0.008226530626416206,-0.04530894383788109,0.030896158917662227,0.19045838713645935,-156.03827713341377,-155.88098956185289,-5.0081084225170285,0.3045832176929082,0.2595530981716081,False
53,1787909398.6290336,7058.49935327,5.29951810836792,24000,24000,4100,430,1.7591116278670555,0.11381625887931891,1.641449999809265,1.9005500018596648,0.004679777659475803,-0.04599996283650398,0.029100878061653873,0.16804273426532745,-159.29016877987712,-158.96855166467245,-4.999396430903311,0.05290355177419315,-0.1385999322385203,False
54,1787909398.7302945,7058.59997915,5.4007790088653564,24000,24000,4088,423,1.7486643035924745,0.10383249327581708,1.6385000109672547,1.8569999933242798,0.004425048362463713,-0.04808317869901657,0.027977167751405536,0.17266705632209778,-162.24766999041225,-161.96275256464241,-4.990103552290559,0.13336723299957498,0.030483642752244577,False
55,1787909398.829025,7058.69982099,5.499509572982788,24000,24000,3963,422,1.7534028418821181,0.11016795152707803,1.633050012588501,1.9226499795913696,0.0056413221172988415,-0.051353055983781815,0.027742086505668787,0.18809403479099274,-165.13559504540098,-164.93961908216488,-4.9879433106743525,0.20749353306536023,0.1948657111860257,False
56,1787909398.9290428,7058.79966155,5.599527359008789,24000,24000,4027,409,1.741149146574342,0.08582611644773921,1.633199977874756,1.8654000043869017,0.0010913161095231771,-0.050663795322179794,0.027374152606779948,0.19713585078716278,-168.86369516665448,-167.95057773505815,-4.989739556794203,-0.5199368231952803,-0.588812554750973,False
57,1787909399.0289743,7058.89949635,5.699458837509155,24000,24000,4007,418,1.7593995212938227,0.14316020671331614,1.6468499660491944,1.923899984359741,-0.002832602709531784,-0.05203234404325485,0.028372651952940278,0.19138789176940918,-171.32835159672706,-170.91554414462473,-4.992909772495244,0.013487168439638708,0.09704611291704168,False
58,1787909399.129323,7058.99932729,5.799807548522949,24000,24000,4144,425,1.74492235548356,0.10147897633201404,1.63100004196167,1.8880000114440918,-0.005908501800149679,-0.05703965947031975,0.029077978505738164,0.08690381050109863,-173.9568228327517,-173.91360469414317,-5.013235436331085,0.39561389762909016,0.4442913896498055,False
59,1787909399.2303522,7059.09996863,5.900836706161499,24000,24000,3992,435,1.7518459788684186,0.11476658836707651,1.63100004196167,1.934999942779541,-0.011052540503442287,-0.05076790228486061,0.031159723779080488,0.11648590117692947,-176.7107995117177,-176.91048881641606,-5.017622616146624,0.6726495091159563,0.6703425550373652,False
60,1787909399.3290055,7059.19979435,5.999490022659302,24000,24000,3972,463,1.7516263491649091,0.13170332811440696,1.628999948501587,1.8798000335693357,-0.014729542657732964,-0.04790571704506874,0.032746885959984075,0.09768743813037872,-180.45551283258325,-179.8889503444043,-5.021130448769422,-0.11232999046433179,-0.2567203009303398,False
61,1787909399.4288578,7059.29962325,6.099342346191406,24000,24000,3930,475,1.7402084200005783,0.08495049869318999,1.632700002193451,1.8711999893188476,-0.020514080300927162,-0.04542702063918114,0.034932387939246204,0.033558350056409836,-183.56332056759518,-182.93499043820282,-5.029225777893691,-0.22443206059401177,-0.3767363022953134,False
62,1787909399.5290933,7059.39947223,6.199577808380127,24000,24000,4133,512,1.7356425798498094,0.07760733674351891,1.6295499742031097,1.832449984550476,-0.020223384723067284,-0.03929079324007034,0.03509233365355978,0.07725410908460617,-187.02847132970032,-185.9561513277666,-5.025820596870147,-0.6823824764368567,-0.905187157791687,False
63,1787909399.6288447,7059.49931905,6.2993292808532715,24000,24000,4019,476,1.7465231123090792,0.11022502391242367,1.6405000388622284,1.8580000400543213,-0.021222900599241257,-0.040913645178079605,0.03622132636642783,0.05994980409741402,-188.65312475519886,-188.96598057645397,-5.028099906436033,0.6856440938592527,0.6291622565964303,False
64,1787909399.730433,7059.59994883,6.4009175300598145,24000,24000,3918,505,1.741950494228023,0.10181489990704791,1.6362000226974487,1.843000054359436,-0.02489735186100006,-0.03516918793320656,0.03635153742562035,0.07522761821746826,-191.95526347059632,-191.98124200438937,-5.034076718531078,0.4312911772135237,0.6428092200763444,False
65,1787909399.8289816,7059.69978077,6.499466180801392,24000,24000,3899,481,1.7418586295756382,0.11371994214148913,1.6260000467300415,1.8559999465942383,-0.023379700258374214,-0.03313891962170601,0.037445888456969764,0.11987779289484024,-195.0373643844986,-195.01999426942092,-5.034076718531078,0.30578396939685604,0.5803577392276225,False
66,1787909399.9290092,7059.79962603,6.599493741989136,24000,24000,4010,550,1.7437727286598899,0.10838493451942943,1.6299999952316284,1.879749971628189,-0.025339867919683456,-0.029304150491952896,0.03799267795255484,0.06468246132135391,-198.24913729184098,-198.01190924338408,-5.026460387672617,0.09497409520949418,0.47156206582980076,False
67,1787909400.0297484,7059.89946189,6.700232982635498,24000,24000,4025,491,1.7382505068711012,0.1101680173045752,1.6225000023841858,1.8575000166893005,-0.02047393098473549,-0.027327056974172592,0.03809025018166205,0.17854727804660797,-201.68777344089548,-201.12461102156223,-5.055481341604394,-0.32134766790872504,-0.15183520963199726,False
68,1787909400.1287103,7059.99928287,6.799194812774658,24000,24000,3970,518,1.7485656363163216,0.1309360404064553,1.6230000257492065,1.8977499544620513,-0.01984383352100849,-0.02376655302941799,0.037988948917008054,0.2102995216846466,-204.58820647274948,-204.21063056483433,-5.026460550164144,-0.2527910491645571,-0.011774251054589513,False
69,1787909400.2288976,7060.09991379,6.8993821144104,24000,24000,3996,506,1.7365434808222202,0.08219295951607888,1.6249999701976776,1.8589999675750732,-0.022128097712993622,-0.024328140541911125,0.03844752424282706,0.18661078810691833,-207.66020548155984,-207.21417290277256,-4.998690624207245,-0.3190345938774044,-0.2729070959352953,False
70,1787909400.3292964,7060.19975815,6.999780893325806,24000,24000,4178,554,1.7454007229219706,0.12419902522029308,1.6266499996185302,1.8806999862194063,-0.022136729210615158,-0.022138899192214012,0.03839307409975073,0.18922030925750732,-210.86972514922698,-210.18439339127937,-4.969573868304062,-0.5164541911096308,-0.5012279236187283,False
71,1787909400.4287677,7060.29960337,7.099252223968506,24000,24000,4077,531,1.7391374750999407,0.10263214514880196,1.6209999918937683,1.8765000104904175,-0.020809026435017586,-0.023238522931933403,0.03865334047975706,0.18809981644153595,-213.2292158727753,-213.1707885716573,-4.969573868304062,0.10833044478223997,0.21726336582841554,False
72,1787909400.5292828,7060.39944581,7.199767351150513,24000,24000,3971,501,1.7451097812957155,0.12978698543910275,1.6169999837875366,1.86899995803833,-0.02238459326326847,-0.021725889295339584,0.03807118558585889,0.2034912258386612,-216.59435512364047,-216.15185932783774,-4.995104300101322,-0.24121812923019093,-0.0791611738474387,False
73,1787909400.6292727,7060.49967191,7.299757242202759,24000,24000,3904,510,1.7314058804044536,0.08720953385586123,1.6189000189304352,1.8609999418258667,-0.022094110026955605,-0.02404906414449215,0.03846198177391359,0.18726471066474915,-219.4983337211445,-219.22476693481568,-4.9759304786481104,-0.14536384893577292,-0.04310168915893087,False
74,1787909400.7288854,7060.59951971,7.399369955062866,24000,24000,3975,540,1.7441222226178204,0.11395313629244978,1.6069999933242798,1.8792499482631682,-0.020599329844117165,-0.020423835143446922,0.03750269380355167,0.23418669402599335,-222.69259143843712,-222.12976707386295,-4.965320530885142,-0.35110454775994526,-0.309294687983936,False
75,1787909400.829112,7060.69935151,7.49959659576416,24000,24000,4102,552,1.7447934770497724,0.12834845257820685,1.6130000352859497,1.8733499884605405,-0.01635110192000866,-0.01941307634115219,0.037151044371712974,0.17335499823093414,-225.33906121383265,-225.03298789367696,-4.948577465617545,0.009361366472688815,0.1506817424151734,False
76,1787909400.9310083,7060.79999141,7.601492881774902,24000,24000,3844,531,1.7365367215007488,0.10528670443838754,1.6085000038146973,1.8730000257492065,-0.01641978695988655,-0.02246086485683918,0.0367226652464369,0.20002618432044983,-228.8828044770225,-227.97978299612956,-4.965853547058109,-0.4773545744165517,-0.5357816335626922,False
77,1787909401.044981,7060.89983089,7.715465545654297,24000,24000,3901,536,1.7464794767881506,0.11894600459041117,1.6134999692440033,1.879250019788742,-0.013089911080896854,-0.02440185472369194,0.03686411609101683,0.2503281235694885,-231.00537399699533,-230.9667658968446,-4.958751992093586,0.819411007166309,0.8742808298883062,False
78,1787909401.1310182,7060.99968793,7.801502704620361,24000,24000,3664,514,1.7405155651300335,0.10503286852328286,1.6299999952316284,1.8831500172615048,-0.01128037553280592,-0.020416483283042908,0.03472066272440814,0.14391648769378662,-233.68525846393098,-233.92285975288834,-4.971079859749776,0.7207584574042585,1.0217061352982455,False
79,1787909401.229304,7061.09952389,7.8997886180877686,24000,24000,4050,628,1.7359745223431071,0.11575825546363087,1.6100000143051147,1.8619999885559082,-0.012059114873409271,-0.02320675551891327,0.0347255360409179,0.239484041929245,-237.13998168230023,-236.8977218629089,-4.980553372332007,0.21474646915245899,0.5346358015965222,False
80,1787909401.3290582,7061.19937049,7.999542713165283,24000,24000,3937,572,1.741604897108945,0.10610290480870875,1.6251000046730042,1.8882500350475309,-0.008708483539521694,-0.024690808728337288,0.03302957027103818,0.19686265289783478,-239.95831365951378,-239.91932944538954,-4.980553372332007,0.3891731694356224,0.9222526839788827,False
81,1787909401.428776,7061.29962089,8.099260568618774,24000,24000,3821,575,1.7348678253007972,0.10700949182155375,1.6146999955177308,1.8692999720573424,-0.008001833222806454,-0.02321242354810238,0.03346466599039331,0.21037031710147858,-243.21319920830837,-242.91540731422404,-4.9783336261472675,0.12595906007314284,0.9863650870592267,False
82,1787909401.5288813,7061.39948529,8.199365854263306,24000,24000,3920,607,1.740044481082646,0.12207664896723008,1.6205999970436096,1.9143999695777891,-0.006527204532176256,-0.024598965421319008,0.03282235415909408,0.27397122979164124,-246.45265125953404,-245.90731245073803,-4.979537781343725,-0.11019811846429661,0.17866465363510997,False
83,1787909401.629739,7061.49932667,8.300223588943481,24000,24000,4017,634,1.7400252369676104,0.10176921313663141,1.6216000020503998,1.8693499743938446,-0.003564167767763138,-0.02978520654141903,0.03272431710364856,0.29496628046035767,-248.75046182481455,-248.97201844533467,-4.990450533468565,0.6178606845473666,1.0525894635940176,False
84,1787909401.7303262,7061.59997033,8.400810718536377,24000,24000,3818,606,1.738935644083684,0.11335068798833783,1.6069999933242798,1.8779999911785126,-0.005396672990173101,-0.026271410286426544,0.031143393057562356,0.2262876182794571,-252.65336970302164,-251.92868829091097,-4.974610651733696,-0.26729634644186717,-0.11271991247167534,False
85,1787909401.8304918,7061.69979361,8.500976324081421,24000,24000,3678,590,1.7434864415960796,0.12942489559255135,1.6069999933242798,1.8919999599456787,-0.0016633340856060386,-0.02673286572098732,0.029661320198576556,0.2836804986000061,-255.94336191197473,-254.88233220871933,-4.99375824404863,-0.552184003559745,-0.6204807944502306,False
86,1787909401.9294379,7061.79963303,8.59992241859436,24000,24000,3677,618,1.7544692542560665,0.1471048188534679,1.6169999837875366,1.9657500326633452,-0.0017916647484526038,-0.031566694378852844,0.02964881862420347,0.27543210983276367,-258.3726854735852,-257.8580578445337,-4.99375824404863,-0.012990004784285247,-0.14355428911198942,False
87,1787909402.0290082,7061.89947039,8.699492692947388,24000,24000,3718,599,1.7362303827362189,0.12285592679762383,1.6018999934196472,1.8687000274658205,-0.0014627720229327679,-0.026365380734205246,0.028490873317972627,0.23042400181293488,-260.75227268977994,-260.89303352614087,-5.015928502689584,0.5946665844927566,0.7467968691233295,False
88,1787909402.1289523,7061.99931361,8.799436807632446,24000,24000,3793,655,1.74460152560518,0.126234316991016,1.6033999800682068,1.8663000345230103,0.004069242626428604,-0.02954549714922905,0.027559908485707416,0.24975672364234924,-264.5476480711157,-263.8761675692279,-5.006085763276929,-0.20224927238933788,-0.6643534767535471,False
89,1787909402.2290757,7062.09994939,8.89956021308899,24000,24000,3597,619,1.751019385018911,0.1434481067860823,1.5907999634742738,1.9694000124931341,0.0029227526392787695,-0.029512392356991768,0.028730297724139993,0.2490745335817337,-267.35195168330955,-266.83970118991067,-4.9985734304381255,-0.002714392862628756,-0.22191715115786792,False
90,1787909402.329298,7062.19977557,8.99978256225586,24000,24000,3597,624,1.7347003202407787,0.11112370240021936,1.577150011062622,1.861249989271164,0.004552361089736223,-0.03071574680507183,0.028349118201093725,0.2606445550918579,-269.7652014581884,-269.8315241193836,-4.99508730275978,0.5908427700106245,0.20732872663347734,False
91,1787909402.4294927,7062.29962537,9.099977254867554,24000,24000,3628,618,1.7463624595052603,0.1330923022376128,1.576850014925003,1.8813000380992888,0.000564409710932523,-0.029306627810001373,0.02881500603764128,0.194601908326149,-273.42960128373664,-272.7925146186948,-5.00282809234153,-0.0675798520979356,0.3263397409414779,False
92,1787909402.5288262,7062.39945819,9.199310779571533,24000,24000,3727,696,1.7579525851312725,0.14310341849802308,1.5967499911785126,1.9312500059604645,0.00011120719136670232,-0.029354538768529892,0.02843407899397058,0.20701083540916443,-275.9023273723872,-275.7608351456655,-5.00282809234153,0.4398350528934998,1.244580047001648,False
93,1787909402.630523,7062.49929797,9.301007509231567,24000,24000,3556,676,1.7463520733562448,0.12993910624236463,1.5757499933242798,1.8724999725818634,0.00028072376153431833,-0.031844362616539,0.029104112738628903,0.177999347448349,-277.92328989835465,-278.87155017178475,-4.978560582355513,1.4699128869895048,2.2172052147030854,False
94,1787909402.728789,7062.59993999,9.39927363395691,24000,24000,3613,675,1.7653511109175506,0.15262042671176734,1.590000033378601,2.0577999591827383,-0.0010393171105533838,-0.03006933443248272,0.029164824800230412,0.13261045515537262,-282.1556641390608,-281.7664604412031,-4.978560582355513,0.1856561871945246,1.1000704290630665,False
95,1787909402.829282,7062.69977907,9.49976658821106,24000,24000,3661,645,1.7543193806049435,0.13335548275602613,1.5980000495910645,1.9047999858856202,0.00021559248853009194,-0.0263496246188879,0.029029924947261768,0.053342897444963455,-285.69584255569566,-284.7588187452846,-5.010423258994906,-0.33959677061397997,0.28321739316839967,False
96,1787909402.930375,7062.79961985,9.600859642028809,24000,24000,3839,722,1.7532797759589727,0.1309082272813564,1.5989999771118164,1.8768499732017514,0.001086169620975852,-0.0323004350066185,0.029116667282750752,0.19492560625076294,-288.3535035600698,-287.8696049623324,-5.0571907851209055,0.03567148784179608,0.7654191180232601,False
97,1787909403.029737,7062.89946255,9.700221538543701,24000,24000,3678,662,1.7561706961821935,0.1380133322251805,1.6020500004291534,1.904649972915649,0.00018225066014565527,-0.023807678371667862,0.028636743895943836,0.15140213072299957,-291.36636267172406,-290.9635431900252,-5.019118234892755,0.003804562787991017,0.8255546032396524,False
98,1787909403.1296635,7062.99930909,9.800148010253906,24000,24000,3647,700,1.7612414286817824,0.14790315972562718,1.5969000041484833,2.0070499658584593,0.0029754284769296646,-0.027584992349147797,0.030418091780548388,0.10818313807249069,-294.444678956462,-293.9375433006524,-5.038676641316469,-0.07658151076452668,0.3500836104678342,False
99,1787909403.2300246,7063.09993349,9.900509119033813,24000,24000,3674,657,1.7586560133203886,0.13689076010767035,1.5967999935150146,1.933399963378906,0.0015334157506003976,-0.023228328675031662,0.029743891282856743,0.18630637228488922,-297.32938708425814,-296.9976824844357,-5.045076528147853,0.04968027651761986,0.6067595445345546,False
100,1787909403.3291886,7063.19977503,9.999673128128052,24000,24000,3863,706,1.7576515585099672,0.13673638032601737,1.600000023841858,1.9497500360012054,0.004842840600758791,-0.02441049925982952,0.029525598713550254,0.17574524879455566,-300.3029942992812,-300.06708233926423,-5.037437395963395,0.05112835603193844,0.6142549160846897,False
101,1787909403.4294736,7063.29958833,10.099958181381226,24000,24000,3773,664,1.7525632541222744,0.12664151178034147,1.600000023841858,1.8884000480175018,0.0018048286437988281,-0.024631798267364502,0.03128844468605395,0.20773634314537048,-303.56054295424974,-303.1066596551195,-5.030663072020979,-0.19773215321754378,0.09507217212131991,False
102,1787909403.529681,7063.39943767,10.200165510177612,24000,24000,3714,664,1.7595903616712754,0.13684263724359622,1.611299955844879,1.9116999447345735,0.003635224886238575,-0.025534294545650482,0.03024135804395523,0.2282170206308365,-306.8513957069576,-306.13978736604554,-5.016684206464803,-0.48222859973952836,-0.7210175942324781,False
103,1787909403.6295621,7063.49967049,10.300046682357788,24000,24000,3706,634,1.75358990521085,0.13630659365536393,1.6036499977111816,1.8824000239372254,0.0032890678849071264,-0.025929104536771774,0.0317045233680456,0.2820962369441986,-307.9989659629234,-309.08978153858266,-5.016451782352145,1.366772307899339,1.6679166747325667,False
104,1787909403.7292988,7063.59951845,10.399783372879028,24000,24000,3832,691,1.7532662815709534,0.12158532362753108,1.6014999747276306,1.8930000066757202,0.001318726222962141,-0.026883602142333984,0.03196096210192689,0.2523258924484253,-313.12906644546285,-311.99872012633216,-4.99637032932489,-0.7710916575296665,-0.938398147047792,False
105,1787909403.8295083,7063.69936373,10.499992847442627,24000,24000,3855,696,1.7469597693489887,0.12246944639774211,1.6089999675750732,1.8594999611377716,0.00045521455467678607,-0.026673654094338417,0.033093031252189466,0.25660446286201477,-316.04227326367004,-314.9840337352745,-5.0114716034920095,-0.6778777936129927,-0.8765685367400238,False
106,1787909403.9308019,7063.79999167,10.6012864112854,24000,24000,3671,656,1.7494618892669678,0.11608353796936263,1.6100000143051147,1.8539999723434448,-0.001032518339343369,-0.029145091772079468,0.03418917971607748,0.2013019621372223,-318.0692861349416,-318.0328666476113,-5.0018233537257295,0.33405417171053386,0.6600906839741469,False
107,1787909404.029715,7063.89982561,10.700199604034424,24000,24000,3780,675,1.7489866643481784,0.10759390819702398,1.6080000400543213,1.8803000092506408,-0.0011583417654037476,-0.029566144570708275,0.03324423513501951,0.19558025896549225,-320.7588178935117,-321.05671832773226,-4.992777245264201,0.6120528758098089,0.9169858961122941,False
108,1787909404.1291306,7063.99966571,10.799615144729614,24000,24000,3843,664,1.7531972861433605,0.12138005354423782,1.6230000257492065,1.8625500321388246,0.0010334518738090992,-0.027441611513495445,0.03327771632812951,0.19883331656455994,-324.7070862237288,-324.0465184837784,-4.991728689036912,-0.35361386935596784,-0.6293226860870504,False
109,1787909404.229425,7064.09950101,10.899909496307373,24000,24000,3938,688,1.7534069789703501,0.11078813815759567,1.6113499581813813,1.8680000305175781,-0.0005249686073511839,-0.028634337708353996,0.03405925810564033,0.18079990148544312,-327.3994721312834,-327.0440709170003,-4.994196467731391,-0.03703266879330158,-0.03015387530820135,False
110,1787909404.329111,7064.19934891,10.999595642089844,24000,24000,3771,673,1.748190193792686,0.10544741400280294,1.6260000467300415,1.8574000120162963,0.0008519404218532145,-0.03039417788386345,0.033602433991507426,0.1717410683631897,-330.1756704277596,-330.0344398082283,-4.992569712301181,0.17748914085609613,0.03897782879528222,False
111,1787909404.429908,7064.29998483,11.100392580032349,24000,24000,3797,654,1.7499510691435693,0.09011240545707372,1.6236499786376952,1.876099967956543,-0.0005517645622603595,-0.02591533027589321,0.03365099415336899,0.21265138685703278,-332.77257160911023,-333.0451783763398,-4.985950531327301,0.6046333428866433,0.3788095442563417,False
112,1787909404.5298772,7064.39982967,11.200361728668213,24000,24000,3891,684,1.7474225139060215,0.07779139046637662,1.6341499507427215,1.8548500120639801,-0.0016835682326927781,-0.027706358581781387,0.03378165500901265,0.15735135972499847,-336.3625240047229,-336.03848870267916,-4.991742243373121,0.013891524338077943,-0.0915497811903947,False
113,1787909404.6295667,7064.49967751,11.300051212310791,24000,24000,4018,732,1.7511420772701014,0.10826830087977,1.6325499951839446,1.8609000027179716,0.0035674721002578735,-0.02961408719420433,0.03356219776936826,0.1580817848443985,-340.1750024651399,-339.0672955519389,-4.960037166731011,-0.8077666896052733,-0.9552299968945022,False
114,1787909404.7295787,7064.59952195,11.400063276290894,24000,24000,3888,680,1.753567647057421,0.09791844218589771,1.6319499731063842,1.852099996805191,3.443868627073243e-05,-0.02830805443227291,0.0322497852457363,0.1653173267841339,-342.6062910036739,-341.9247607038772,-4.976542732671638,-0.23855713231449727,-0.10236515640752941,False
115,1787909404.8292253,7064.69935949,11.499709844589233,24000,24000,3816,694,1.7432809820779807,0.08327572392925259,1.6243000090122224,1.8443499982357026,-0.0011032458860427141,-0.03192337602376938,0.03373296192399558,0.1587606966495514,-345.4573793099995,-344.95570388527653,-4.990842928224999,-0.1001127109270783,0.05760831643891606,False
116,1787909404.9300597,7064.79960361,11.600544214248657,24000,24000,3895,693,1.7467893231310714,0.082143827922347,1.6345999717712403,1.8562000274658201,-0.000747978629078716,-0.03187011554837227,0.03286198075275714,0.1874949187040329,-348.06885363405337,-348.0367169960962,-5.013857765085084,0.31358135087481287,0.39159791155873336,False
117,1787909405.0295074,7064.89943327,11.699991941452026,24000,24000,3986,682,1.7529428146801387,0.1153378006782947,1.629049950838089,1.8769999742507935,-0.0016801598249003291,-0.03243857994675636,0.03249133071940734,0.2547021210193634,-350.9688762600704,-351.03048900459294,-5.000290534939013,0.39712594897963527,0.32308939934989667,False
118,1787909405.129137,7064.99966583,11.79962158203125,24000,24000,3960,703,1.7422019936790847,0.1028570326438257,1.6181000232696534,1.855899953842163,-0.0014432239113375545,-0.03728880733251572,0.0322454939429506,0.25386467576026917,-354.35535359133655,-353.9702667038487,-4.995576696735927,-0.0003265091958155608,-0.06015443562540668,False
119,1787909405.2301567,7065.09951723,11.900641202926636,24000,24000,3829,717,1.745817294346904,0.09757236908404256,1.6208000421524047,1.8552000045776367,-0.0006044810288585722,-0.03941246122121811,0.030715540490062358,0.26212525367736816,-357.34550793462626,-356.9769303319439,-5.016012237294629,0.04024532268721259,0.24056064782962494,False
120,1787909405.3418412,7065.19935825,12.012325763702393,24000,24000,3858,648,1.7443024687193058,0.10017333493865184,1.6139999628067017,1.8576500236988067,-0.0019700522534549236,-0.03860027715563774,0.031220746201321727,0.34080615639686584,-360.33819997198,-359.99608790206423,-5.015114134897321,0.3982421782989718,0.4808668646330716,False
121,1787909405.431806,7065.29960567,12.102290630340576,24000,24000,3813,634,1.7444479499329528,0.10183957449737568,1.613950002193451,1.8783499956130982,-0.005083533935248852,-0.04473067820072174,0.03062039037231612,0.3224419057369232,-362.90568581045903,-362.99592997792297,-5.002877991605118,0.5298248351236907,0.8336854669668128,False
122,1787909405.5297477,7065.39944107,12.20023226737976,24000,24000,4049,692,1.7494046240183658,0.1146764787901615,1.61899995803833,1.8654500305652617,-0.0023979409597814083,-0.04377829656004906,0.028110246160710364,0.23681864142417908,-366.34907531033167,-365.96756098944707,-5.002877991605118,0.024817803755070145,-0.16169202604572774,False
123,1787909405.6292086,7065.49928503,12.29969310760498,24000,24000,3886,621,1.7431964555608286,0.10606005376580442,1.5980000495910645,1.8799999952316284,0.00044926966074854136,-0.0449085496366024,0.02812363724078307,0.2786121666431427,-369.34222070774643,-368.9544864382413,-5.000003885209261,0.015633038972339364,0.1807249835615039,False
124,1787909405.7301338,7065.59990427,12.400618314743042,24000,24000,3928,627,1.7400239240229605,0.09582664307609015,1.6100000143051147,1.855399954319,-0.0037124373484402895,-0.04431547969579697,0.027497446148664152,0.260916531085968,-372.7803000371691,-372.07286389005367,-5.012361738020648,-0.39455265655112726,-0.4892489391223762,False
125,1787909405.8298037,7065.69973823,12.500288248062134,24000,24000,3964,610,1.749336067184073,0.11698085175796415,1.6169999837875366,1.8732000231742858,-0.0013949862914159894,-0.04132962226867676,0.0270755198377754,0.25149065256118774,-375.5052487468854,-375.10791078850923,-5.014111925290012,-0.12926765611803148,0.2591185279486581,False
126,1787909405.930086,7065.79956575,12.600570440292358,24000,24000,4136,690,1.7481956480205922,0.11143732035582231,1.609449988603592,1.8775499999523162,-0.0005170445656403899,-0.04583083465695381,0.027508358898853932,0.23722364008426666,-378.0352329469051,-378.1117971159691,-5.009676680694154,0.34935045499730677,0.40454801074685065,False
127,1787909406.0295603,7065.89941459,12.700044870376587,24000,24000,3873,633,1.748352290894748,0.1212536586491631,1.6015999794006348,1.8951999902725216,-0.004709489177912474,-0.04624078422784805,0.026926379437478068,0.23182412981987,-381.3082018067424,-381.086314150146,-5.015421959881364,0.060749942066308904,0.06486303200534849,False
128,1787909406.1291823,7065.99966107,12.79966688156128,24000,24000,3867,647,1.7475455964367026,0.10251344898581218,1.6092999815940856,1.866700005531311,-0.008014210499823093,-0.043236881494522095,0.02550033622978065,0.18616707623004913,-384.6119437537493,-384.06557512063773,-5.020251465744428,-0.25419602407401953,-0.1750725556083239,False
129,1787909406.2292516,7066.09949971,12.899736166000366,24000,24000,3763,617,1.7473906011983293,0.13059933554324313,1.6080000400543213,1.8930000066757202,-0.009029079228639603,-0.043512605130672455,0.026286361119030262,0.13863976299762726,-387.7308969637391,-387.0848581888528,-5.020251465744428,-0.3709344465581239,-0.7813444477606595,False
130,1787909406.3291721,7066.19933309,12.999656677246094,24000,24000,3838,617,1.750831443061705,0.11913364876633444,1.6028000354766845,1.9011999845504757,-0.0078906724229455,-0.04215186461806297,0.026044171924370762,0.1543983519077301,-390.4497431171826,-390.07903924231437,-5.017247026016122,-0.09202921086631477,-0.5767942415488392,False
131,1787909406.4302943,7066.29997553,13.100778818130493,24000,24000,3686,609,1.7397027902415234,0.11542757386867258,1.5920000076293945,1.8742000102996828,-0.007186100352555513,-0.043165236711502075,0.02720931975223907,0.16249704360961914,-393.50843688167936,-393.0953852571335,-5.009264619485209,-0.1169210609287461,-0.35505059226466074,False
132,1787909406.5300162,7066.39980375,13.200500726699829,24000,24000,3601,601,1.7323577390137608,0.09096955606712477,1.6009999513626099,1.850000023841858,-0.009323063306510448,-0.04544631019234657,0.026981250369182936,0.17249184846878052,-396.3160285815073,-396.04828985600574,-5.000758224804099,0.06728027766951072,-0.43375231993024954,False
133,1787909406.63,7066.49965767,13.300484657287598,24000,24000,3620,612,1.7315784320722218,0.10838652685063836,1.5885500192642212,1.8600000143051147,-0.013325563631951809,-0.04489266127347946,0.0274331222081378,0.18819302320480347,-399.550731325354,-399.04530605596847,-4.998341445928333,-0.1677684104288346,-0.8695181756534112,False
134,1787909406.7296343,7066.59949551,13.400118827819824,24000,24000,3730,591,1.7393485622357596,0.13142342085529884,1.600000023841858,1.8544999957084656,-0.013395806774497032,-0.04296651482582092,0.027832322485495675,0.19512499868869781,-401.56203007329,-402.01141362728674,-4.998341445928333,0.8100936194839505,0.8514493402803964,False
135,1787909406.8290854,7066.69932801,13.4995698928833,24000,24000,3685,637,1.7348116155321969,0.10454245371658226,1.5998000144958495,1.8550000190734863,-0.0180581696331501,-0.04602033272385597,0.026935398494275953,0.12429168820381165,-405.1723800043089,-405.05097932657964,-5.018403601822508,0.1834110529349573,-0.49229975966130723,False
136,1787909406.930477,7066.79996113,13.600961446762085,24000,24000,3577,598,1.7443377939753708,0.11896072811161847,1.6009999513626099,1.8684500336647032,-0.018292222172021866,-0.04174055531620979,0.027520441083945964,0.16000999510288239,-408.5779808661135,-408.0877789246578,-5.00845408268958,-0.18030513777102897,-0.7323956494378763,False
137,1787909407.0289884,7066.89980961,13.699472904205322,24000,24000,3607,561,1.749000001931148,0.14489901664730326,1.6050000190734863,1.8819999694824219,-0.015405327081680298,-0.03924199938774109,0.02850363282630987,0.15552647411823273,-411.7153558183455,-411.09306428372497,-5.00845408268958,-0.36220223351000413,-1.2010000052208056,False
138,1787909407.129147,7066.99963965,13.799631595611572,24000,24000,3641,608,1.7500411181857711,0.13871136763657985,1.6039999723434448,1.886599987745285,-0.015724219381809235,-0.04107126593589783,0.029305852936484012,0.09016919881105423,-414.51618757857636,-414.07059774475636,-4.9979927978735414,-0.1581368754838195,-0.6705616563324952,False
139,1787909407.2293286,7067.09947773,13.899813175201416,24000,24000,3722,581,1.7526557669171778,0.13648129533176093,1.6089999675750732,1.8930000066757202,-0.016953274607658386,-0.03551965579390526,0.029701388382888088,0.1440487951040268,-417.2553947789976,-417.1011205740256,-5.013162818843933,0.10823971902442509,-0.18232136833097456,False
140,1787909407.3294768,7067.19932011,13.999961376190186,24000,24000,3578,612,1.7571650336380877,0.1407293282303555,1.606549972295761,1.897800004482269,-0.016399411484599113,-0.037057582288980484,0.030447844156021506,0.13914138078689575,-420.6029410398559,-420.1560910681273,-5.016520508099154,-0.2347241503849773,-0.3188162998457642,False
141,1787909407.4300718,7067.29995183,14.100556373596191,24000,24000,3591,609,1.7564778333814273,0.13260546909240642,1.6038000345230103,1.909999966621399,-0.018766149878501892,-0.034716568887233734,0.031150452290304366,0.08330671489238739,-423.30133499674685,-423.1521250951384,-5.005162297581687,0.08486878504805873,-0.01637628927625201,False
142,1787909407.5295548,7067.39979633,14.200039386749268,24000,24000,3624,598,1.7603645484184343,0.14770278088932337,1.6106999456882476,1.885149997472763,-0.015556525439023972,-0.03564612194895744,0.03172646243636679,0.19385115802288055,-426.65730600880056,-426.17250198685304,-5.011408277372666,-0.2864763763472524,-0.2995686720701656,False
143,1787909407.6299832,7067.49962979,14.300467729568481,24000,24000,3795,620,1.74949032222071,0.10398443966691495,1.6049500167369843,1.8870999693870543,-0.013843070715665817,-0.029116621240973473,0.03114181872986213,0.16094963252544403,-429.4120577152976,-429.20520228495195,-4.99961185153787,-0.028241055040894025,-0.4254301424717255,False
144,1787909407.7297328,7067.59947019,14.400217294692993,24000,24000,3557,552,1.758248187493587,0.14959433212217732,1.608550000190735,1.8984500229358672,-0.014084743335843086,-0.027134787291288376,0.0330076235868519,0.12611138820648193,-432.900110667995,-432.2389216852945,-4.97342558859,-0.5236712349997106,-0.7145076856263586,False
145,1787909407.829685,7067.69929925,14.500169515609741,24000,24000,3571,584,1.7617739712538785,0.1469794448819977,1.607449996471405,1.899999976158142,-0.011418217793107033,-0.030492527410387993,0.03217249052316901,0.15994031727313995,-435.50214481306364,-435.1556114681289,-4.967984268209263,-0.12700265762651952,-0.5985532704310117,False
146,1787909407.930449,7067.79993291,14.60093355178833,24000,24000,3625,558,1.7516756264966875,0.13440082175080095,1.6109999418258667,1.8954499840736387,-0.012882989831268787,-0.028868356719613075,0.03344232062082236,0.12444968521595001,-438.35762535060974,-438.11371308682516,-4.967984268209263,0.040575090492041,-0.43845791543293444,False
147,1787909408.0296123,7067.89977265,14.700096845626831,24000,24000,3870,628,1.7502531842061668,0.12798492077575607,1.6109999418258667,1.872650009393692,-0.014227920211851597,-0.02688467502593994,0.033358441917245185,0.1462506353855133,-441.16370035463586,-441.1207606747331,-4.954805810611208,0.20953392235725232,0.08137569786669019,False
148,1787909408.1292121,7067.99960993,14.799696683883667,24000,24000,3797,627,1.7490813367104416,0.10492123157160364,1.619599986076355,1.8730000257492065,-0.012262382544577122,-0.02400227077305317,0.03381891711129255,0.16301792860031128,-444.68647891079144,-444.107683880471,-4.952610293115982,-0.32511387095803457,-0.6485249388985039,False
149,1787909408.229105,7068.09944781,14.899589538574219,24000,24000,3814,589,1.7489134117783836,0.10465913487488657,1.6227999687194825,1.8661999940872194,-0.012756758369505405,-0.018039382994174957,0.032912753939181326,0.1352844387292862,-447.2810501345873,-447.0579803421982,-4.948880843472835,0.07723656006896817,-0.03497106352881474,False
150,1787909408.3296604,7068.19929423,15.000144958496094,24000,24000,3952,622,1.7486832778170178,0.09771601570083531,1.616200053691864,1.8680000305175781,-0.009309605695307255,-0.022960353642702103,0.03462794290348686,0.2200017124414444,-450.04485643689594,-449.96288063874675,-4.961113079373056,0.33022977167172485,0.17033010346546007,False
151,1787909408.4301476,7068.29994071,15.100632190704346,24000,24000,4128,680,1.7558161782867767,0.12362996285810092,1.6188999593257904,1.8739500224590293,-0.008818806149065495,-0.024142609909176826,0.035344794419355674,0.22857633233070374,-453.62265493807314,-452.93015230924823,-4.958704633119674,-0.23281493984723056,-0.4440866706588622,False
152,1787909408.529145,7068.39979903,15.199629545211792,24000,24000,3988,611,1.749545007797778,0.1101989405019318,1.6194999814033508,1.8694999814033508,-0.008889301680028439,-0.020033886656165123,0.03553218908904562,0.1945808231830597,-456.43124311888835,-455.8916112469524,-4.958087569496382,-0.0713476906457231,-0.06116582859669961,False
153,1787909408.6293118,7068.49964357,15.299796342849731,24000,24000,3979,621,1.7498776196665617,0.1016295977075737,1.621999979019165,1.8830000162124634,-0.008921060711145401,-0.021349741145968437,0.035606347537908915,0.24177314341068268,-458.9725792238911,-458.8426736828487,-4.960913518376799,0.39245652059679514,0.281171333935049,False
154,1787909408.7290227,7068.59948207,15.399507284164429,24000,24000,4039,613,1.7610668854067804,0.13816832007745733,1.6234000205993653,1.9629999876022333,-0.006182668264955282,-0.02179141342639923,0.036211429383669204,0.21124908328056335,-462.02581256631106,-461.79534028277243,-4.971509943200174,0.33068718403080766,0.5876342808849699,False
155,1787909408.829393,7068.69931181,15.499877452850342,24000,24000,4106,602,1.7441744206355656,0.09088108516573239,1.6319999694824219,1.8559999465942383,-0.003793870797380805,-0.02127951942384243,0.036511484227205564,0.17672567069530487,-465.4236892274336,-464.80968355833056,-5.000037716154348,-0.055947752497274905,0.0865515707233726,False
156,1787909408.9308903,7068.79994493,15.601374864578247,24000,24000,4140,554,1.7514386295411561,0.11773787854512079,1.6390000581741333,1.875800031423569,-0.001972765661776066,-0.01902894675731659,0.03653720007999695,0.1459076702594757,-468.15497259663493,-467.8047127579655,-5.016719715065889,0.2578294290096892,0.33955443823634823,False
157,1787909409.0291462,7068.89977935,15.699630737304688,24000,24000,4045,558,1.7437526874217508,0.09981978458910117,1.6327000200748443,1.88100004196167,0.0025716524105519056,-0.02037997916340828,0.03701814515555634,0.15672269463539124,-470.6317993201045,-470.82157981346495,-5.016719715065889,0.7288126725250663,0.8936165788077801,False
158,1787909409.12953,7068.99961313,15.80001449584961,24000,24000,4005,520,1.7445173082443384,0.10008951586332097,1.6319999694824219,1.8728499829769127,0.0017316140001639724,-0.02208053134381771,0.03757776703553583,0.13146135210990906,-473.8944305216368,-473.86126610878375,-5.026608572412583,0.4778309098614386,0.8394525890032583,False
159,1787909409.2293663,7069.09945413,15.899850845336914,24000,24000,4031,508,1.7598543282099597,0.13607424669039286,1.63434996008873,1.9276499986648559,0.003304587211459875,-0.02102557010948658,0.03685008526569985,0.1316603273153305,-477.20270326112063,-476.88689806288295,-5.014774092179865,0.1647845921655744,0.41114324672088287,False
160,1787909409.3292158,7069.19928977,15.99970030784607,24000,24000,4266,549,1.752051002558029,0.09859813798013582,1.6444000244140624,1.8805999994277955,0.004584330599755049,-0.024387428537011147,0.037531183983607434,0.1841745376586914,-480.6537134069829,-479.893079150021,-5.030227931754379,-0.2906057233984711,-0.3047964571625812,False
161,1787909409.4298196,7069.29992067,16.100304126739502,24000,24000,4041,503,1.7466660017521671,0.09830564095209952,1.6391000509262086,1.8738999605178832,0.006941413041204214,-0.02154744230210781,0.037515086855743035,0.03707597777247429,-483.25226924616055,-482.93558543665273,-5.018924441552865,0.12908998638198455,0.24267332596969027,False
162,1787909409.5291061,7069.39974767,16.1995906829834,24000,24000,4060,503,1.7467415520021503,0.09746837707178861,1.632099974155426,1.8919000029563902,0.0060866400599479675,-0.02410581335425377,0.037910669734836755,0.10896272212266922,-486.0102203198113,-485.99119176628176,-5.030025648849209,0.3498707886185457,0.5101141296302671,False
163,1787909409.629574,7069.49959285,16.300058603286743,24000,24000,4098,503,1.7570139145993333,0.12616370188170403,1.6511000156402589,1.9387000560760494,0.009985014796257019,-0.028787139803171158,0.037313883183458574,0.19534914195537567,-489.59472339114444,-489.0606727530353,-5.03514993948983,-0.2204578764985854,-0.4060636605310606,False
164,1787909409.7294927,7069.59942723,16.399977207183838,24000,24000,4148,489,1.7601247418877537,0.12654623373421717,1.6354000091552734,1.9831999778747558,0.009171025827527046,-0.032197799533605576,0.037519739448583514,0.166320338845253,-492.57530271866943,-492.05656502374165,-5.028983916088287,-0.20334303794430753,-0.2715007591365861,False
165,1787909409.829129,7069.69967273,16.499613523483276,24000,24000,4043,479,1.7645052183645005,0.13139053574195755,1.6468999624252318,1.972600030899047,0.009144699200987816,-0.03344099223613739,0.03585240600495269,0.1817871779203415,-495.492762978852,-495.08223400865705,-5.028983916088287,-0.13157814434003967,-0.28258566724025513,False
166,1787909409.930352,7069.79950721,16.600836515426636,24000,24000,3994,441,1.7507120173534299,0.10515298756790543,1.6390000581741333,1.875,0.011631710454821587,-0.03498205915093422,0.03531569900108184,0.2272668331861496,-498.70181319431435,-498.1548235129327,-5.01495052160321,-0.3038007762804682,-0.5972768585769472,False
167,1787909410.0356457,7069.89934173,16.706130266189575,24000,24000,4023,447,1.775395972350033,0.13567063660176942,1.6549999713897705,1.985300040245056,0.007182484958320856,-0.03913552686572075,0.033729984541246476,0.25542041659355164,-501.45609509999895,-501.1517655402125,-5.003549039454772,0.10087320888931117,-0.020372497469907103,False
168,1787909410.1315713,7069.99997225,16.802055835723877,24000,24000,4254,476,1.761451680119298,0.11704543398352095,1.6487500369548798,1.8867499828338623,0.012623323127627373,-0.037647075951099396,0.033397391198338594,0.28572577238082886,-503.86770085525296,-504.12629848195024,-4.988617235273188,0.5671651519153897,0.7743814878725743,False
169,1787909410.2295897,7070.09981201,16.900074243545532,24000,24000,4105,434,1.7620460814045322,0.12006675713019632,1.644299989938736,1.9120500206947326,0.011946815066039562,-0.03974632918834686,0.03271538265547221,0.25777316093444824,-507.6326571339224,-507.09728889479607,-4.981350409589115,-0.2571054302448488,-0.0536523040505017,False
170,1787909410.3291774,7070.19965795,16.999661922454834,24000,24000,3996,448,1.7580535701875175,0.1163163807324465,1.6399999856948853,1.8825999617576599,0.008153594098985195,-0.0428338423371315,0.031584454759440654,0.2319013625383377,-510.7898539034528,-510.07395520827504,-4.981350409589115,-0.4265362339172043,-0.13074365113862996,False
171,1787909410.4291933,7070.29949135,17.099677801132202,24000,24000,4034,442,1.7488325777636393,0.08446333072622364,1.639100056886673,1.8509499549865722,0.01006272155791521,-0.04381352290511131,0.030928534781884526,0.21160666644573212,-513.0402524039504,-513.0948506369263,-4.986174456912982,0.32367780752201725,0.5859150693290758,False
172,1787909410.5294175,7070.39932435,17.199902057647705,24000,24000,4028,423,1.7692316784644522,0.13084299268415764,1.6401999831199645,1.9889000535011288,0.012793464586138725,-0.04524918273091316,0.030625341518209226,0.17287586629390717,-516.4148915198492,-516.0233170259297,-4.961846733268145,-0.044097147568663786,-0.15342302364263105,False
173,1787909410.6310515,7070.49997117,17.301536083221436,24000,24000,4046,441,1.7497165559911403,0.10691166274429664,1.6380000114440918,1.8589999675750732,0.0038058797363191843,-0.046799611300230026,0.02930449915719783,0.20564177632331848,-519.1311212260431,-518.9528835241474,-4.996770319089109,0.2888322983338867,0.5807736288081742,False
174,1787909410.7293136,7070.59980583,17.399798154830933,24000,24000,4004,435,1.7523931053863175,0.09066787388862674,1.6476999878883363,1.8684999585151665,0.008313251659274101,-0.048621583729982376,0.028457546145512932,0.1326727271080017,-522.7063917665794,-521.9628803436925,-4.996770319089109,-0.33844230028535094,-0.051117821108960015,False
175,1787909410.833832,7070.69962389,17.504316568374634,24000,24000,3872,400,1.7685125029087068,0.1302333926491867,1.6528999984264374,1.9890499651432036,0.007596792187541723,-0.047804996371269226,0.02746056937927895,0.18551819026470184,-525.2874772704372,-524.9608936897388,-4.991823256771972,0.21616691443489344,0.469482662348355,False
176,1787909410.9296963,7070.79946537,17.600180864334106,24000,24000,3991,407,1.755115482379529,0.12965604068536019,1.637500035762787,1.8754999756813049,-0.0006655741599388421,-0.051678888499736786,0.02800995198546011,0.11223554611206055,-527.8783024691594,-527.9643973353593,-4.993096114525514,0.501401123317919,0.5631479228769649,False
177,1787909411.0293026,7070.89929845,17.699787139892578,24000,24000,4177,463,1.7529416851554525,0.11403705170077949,1.6369999647140503,1.9221000194549556,-0.005309914238750935,-0.05465496703982353,0.02835905388150675,0.10583581030368805,-531.610784481624,-530.9461896327755,-5.006146489478712,-0.24275699849238208,0.11458056534888783,False
178,1787909411.1306033,7070.99993669,17.801087856292725,24000,24000,3941,410,1.761378047524429,0.13390169202812272,1.6348999857902526,1.9647499620914448,-0.011018683202564716,-0.05246466025710106,0.029424689734809484,0.0680212676525116,-534.238301421258,-534.0057672475358,-5.029991329847519,0.16888548492875088,0.26599212010580686,False
179,1787909411.2294009,7071.09978993,17.899885416030884,24000,24000,3968,439,1.7521070632956295,0.11227587593813693,1.6348999857902526,1.8891000509262084,-0.014361172914505005,-0.04991481080651283,0.03060917816430835,0.0496518611907959,-537.2112002484162,-536.9945044325061,-5.013333004415141,0.16004797266816695,0.23136682671395192,False
180,1787909411.3294919,7071.19962695,17.99997639656067,24000,24000,3959,444,1.741495497054882,0.09470270788524263,1.63100004196167,1.8448500216007233,-0.019463183358311653,-0.049074478447437286,0.03345633903158285,0.026625754311680794,-540.218957814184,-540.0503311863406,-5.040763872964285,0.1551561066683007,0.19051301736442383,False
181,1787909411.429697,7071.29947445,18.100181579589844,24000,24000,4116,458,1.7433100439054998,0.09370539236363246,1.628000020980835,1.8669500112533566,-0.020282305777072906,-0.04242810234427452,0.03483978556277219,0.040746819227933884,-542.9605275285267,-543.1470002131238,-5.018467555279364,0.41987832257348146,0.03199252439230804,False
182,1787909411.5294864,7071.39931669,18.199970960617065,24000,24000,4065,515,1.737370874117879,0.09535298262151046,1.6339999437332153,1.8303000211715699,-0.013855145312845707,-0.04239322990179062,0.03443049689011805,0.14076755940914154,-546.9296566057662,-546.1867049414698,-5.0068000874522465,-0.5554334506327905,-0.9852649511044547,False
183,1787909411.6307611,7071.49996283,18.30124568939209,24000,24000,3888,443,1.7447629782200935,0.11739620476115795,1.629099953174591,1.8687999606132506,-0.022590378299355507,-0.038958121091127396,0.035769214279541425,0.09922344237565994,-549.7918877939615,-549.1905974220983,-5.0068000874522465,-0.37928487991121074,-1.0995450073280608,False
184,1787909411.7452476,7071.59980317,18.41573214530945,24000,24000,3939,471,1.7463736706225483,0.1263521038279716,1.6295000314712524,1.8589999675750732,-0.01934213563799858,-0.03861101344227791,0.036934860260392,0.123960480093956,-552.2901405918557,-552.172104914686,-5.014542470089176,0.5572118844684155,-0.09910491879338679,False
185,1787909411.8363557,7071.69963849,18.506840229034424,24000,24000,3778,454,1.7407797338678974,0.11782534718406534,1.6249500393867493,1.8706999957561492,-0.017001844942569733,-0.03537563979625702,0.03679411400971987,0.23964658379554749,-555.5354462514102,-555.1967410479629,-5.0145500681919355,0.045272789425666815,-0.8208132140736097,False
186,1787909411.9301236,7071.79946885,18.600608110427856,24000,24000,4029,553,1.7345840889980737,0.09136767299373501,1.6142000198364257,1.8539999961853026,-0.02654903754591942,-0.030162086710333824,0.03760044337669468,0.1186673641204834,-558.5073212320142,-558.2268915172552,-4.9940131188776515,-0.11343807503237713,-0.7866739948543682,False
187,1787909412.0293038,7071.89930785,18.699788331985474,24000,24000,3927,509,1.7373614929513987,0.10247353631486275,1.6204000234603881,1.8501999616622924,-0.023646771907806396,-0.02630743943154812,0.03809006519280029,0.1800040900707245,-562.3676364814046,-561.2145910226244,-4.999921441097305,-0.9982116339091363,-1.8851075320551445,False
188,1787909412.1307428,7071.99994921,18.8012273311615,24000,24000,3938,546,1.7382710639373724,0.11172145674993045,1.6212500035762787,1.8612500131130219,-0.02082933485507965,-0.025059238076210022,0.03810387434197952,0.19326958060264587,-564.3317458099049,-564.2113292375103,-4.983951196293527,0.08098713220795162,-0.5583369063158443,False
189,1787909412.2295253,7072.09978703,18.900009870529175,24000,24000,4093,549,1.7445664853129013,0.11706480635977178,1.6204000234603881,1.8821999788284305,-0.02071644738316536,-0.027245324105024338,0.03837838861308746,0.15331196784973145,-567.621832421759,-567.1292851324005,-4.977264686875756,-0.24548879631481668,-0.6264969078057447,False
190,1787909412.3298984,7072.19963747,19.000382900238037,24000,24000,4147,542,1.7407250914626455,0.10629547413822538,1.6201500058174134,1.8689499616622924,-0.021344833076000214,-0.021764494478702545,0.0389298051081406,0.22411593794822693,-570.4015872292972,-570.0916775787927,-5.002268608103274,-0.013916044674601835,0.32831073935392396,False
191,1787909412.4292862,7072.29948769,19.09977078437805,24000,24000,3974,537,1.734571694439794,0.09873191800670908,1.617799973487854,1.8559999465942383,-0.025516171008348465,-0.022904761135578156,0.03810678941375714,0.2111840844154358,-573.0179164039756,-573.0683229063309,-5.002268608103274,0.3515266313859229,0.22917214709252676,False
192,1787909412.5292537,7072.39931879,19.199738264083862,24000,24000,3926,509,1.7504106071468422,0.13161129650250525,1.615999960899353,1.9097999811172484,-0.021407680585980415,-0.021980462595820427,0.03824213137356492,0.22802278399467468,-575.8263717701934,-575.969049656075,-4.990768000009957,0.5422317720581304,0.894882269931486,False
193,1787909412.6328063,7072.49995251,19.303290843963623,24000,24000,4064,501,1.7455149712914717,0.1261796760312625,1.6150000095367432,1.8769999742507935,-0.022907588630914688,-0.02106441557407379,0.03786646245870318,0.19644272327423096,-579.5056151424988,-579.001197601229,-5.026020359927236,-0.030293206666328842,0.1273425140747122,False
194,1787909412.7295392,7072.59979735,19.400023698806763,24000,24000,4130,559,1.7450232544184157,0.10915452567070291,1.6248000025749207,1.8849999904632568,-0.017841193825006485,-0.020129112526774406,0.03686318142266534,0.08385489881038666,-582.523779220102,-581.991846843505,-5.041762351822082,-0.14633992752476388,0.13646788811206534,False
195,1787909412.8296566,7072.69962333,19.500141143798828,24000,24000,3930,535,1.7597177565654862,0.13823389228818372,1.6150000095367432,1.997200036048889,-0.0169303510338068,-0.02230571210384369,0.036840836482436586,0.20671892166137695,-585.5704453290044,-585.0651124060055,-5.008629150285413,-0.1893463667566948,0.33627384216936207,False
196,1787909412.9299476,7072.79947925,19.60043215751648,24000,24000,3859,512,1.7466367175802588,0.1185726393974801,1.6201000094413758,1.8778999626636506,-0.015424822457134724,-0.02059829607605934,0.036080296333930804,0.1674308031797409,-588.0751810311167,-588.1082283486364,-4.994325495267655,0.31478489890014316,1.0838596855160176,False
197,1787909413.029377,7072.89930605,19.699861526489258,24000,24000,3887,533,1.7472532822088274,0.1261720564869267,1.621000051498413,1.8982000112533566,-0.013876657001674175,-0.021091563627123833,0.03605550987731021,0.1401401311159134,-590.9047599923914,-591.1301758818897,-5.020216446016728,0.46822238983304487,1.1018155433001766,False
198,1787909413.129747,7072.99994989,19.800231456756592,24000,24000,4078,615,1.7350406516858232,0.11117210983709637,1.5991000175476073,1.881600034236908,-0.01511318888515234,-0.022648630663752556,0.03620875127796836,0.2511993646621704,-594.2984806560451,-594.1877825089376,-5.008363714411016,0.08573629789179904,0.7305043763236654,False
199,1787909413.2298858,7073.09979043,19.900370359420776,24000,24000,3954,611,1.7360867419921826,0.0981251334876902,1.618499994277954,1.8604999780654907,-0.008583394810557365,-0.025158636271953583,0.035095773935759494,0.21675126254558563,-598.1895609011336,-597.1979927160537,-5.0155255810325015,-0.8010405181460101,-0.0288460055945734,False
200,1787909413.3298051,7073.19961981,20.00028967857361,24000,24000,3845,561,1.7440089125471745,0.12698517029230602,1.6119999885559082,1.906000018119812,-0.0073740012012422085,-0.020317213609814644,0.03347972605625778,0.24203607439994812,-600.6966585885746,-600.2219937988328,-5.017564049600267,-0.31042258086165475,-0.9069292901613153,False
201,1787909413.4293132,7073.29946281,20.09979772567749,24000,24000,3889,581,1.7443356310849345,0.12929439328326994,1.6180000305175781,1.8669999837875366,-0.005704241339117289,-0.027332914993166924,0.03387682151819707,0.3058967888355255,-603.4522820661143,-603.2620494684433,-5.01254819297976,-0.08066915513256845,-1.0254970714863703,False
202,1787909413.5364563,7073.39929211,20.20694088935852,24000,24000,3669,589,1.7409949061826049,0.11475459377072718,1.6059999465942383,1.8676000118255616,-0.006129581481218338,-0.031135380268096924,0.034380750685697924,0.24305260181427002,-607.2323991865317,-606.2289727824644,-4.995578868664583,-0.6463454789923162,-1.778516329217723,False
203,1787909413.6313243,7073.49993967,20.301808834075928,24000,24000,3873,625,1.7436016021728515,0.12852414129565146,1.6175999879837035,1.8733999729156492,-0.00564589025452733,-0.028548453003168106,0.03252012837086085,0.2833908200263977,-609.5307175876409,-609.1580797024025,-5.006205463566129,-0.0984963663901226,-0.4882093154735685,False
204,1787909413.729382,7073.59977923,20.399866580963135,24000,24000,3722,619,1.7446171245590358,0.12163152473550383,1.6216999769210816,1.913099992275238,-0.0033144622575491667,-0.029760293662548065,0.031018488097858368,0.30289971828460693,-613.3233607074334,-612.1449324137749,-5.005564778075937,-0.9492735641427998,-1.4869281747326113,False
205,1787909413.829647,7073.69961097,20.500131607055664,24000,24000,3698,610,1.7432918015073557,0.13777920719538797,1.6080000400543213,1.8890000581741333,-0.005200507119297981,-0.026680540293455124,0.030810870739765617,0.2625869810581207,-614.6792855921948,-615.14595280798,-5.02216006115175,0.7028888547265524,0.2978916146884103,False
206,1787909413.9297485,7073.79945777,20.60023307800293,24000,24000,3677,577,1.7400675904606202,0.12517922535934517,1.6117999792098998,1.8664000511169432,0.0026885773986577988,-0.025973394513130188,0.02876448477628111,0.25172752141952515,-617.9763497005921,-618.1876446159536,-5.021425152801117,0.4090051729054949,-0.11243246361516412,False
207,1787909414.0297773,7073.89929515,20.70026183128357,24000,24000,3816,639,1.7499687033639828,0.13793963930522343,1.6038999795913695,1.9530000448226936,0.0029803942888975143,-0.029037464410066605,0.028573463249965278,0.19142374396324158,-621.0371529952963,-621.1561893989236,-5.006088893226794,0.34920067576626934,1.4983985534404383,False
208,1787909414.1304257,7073.99994249,20.800910234451294,24000,24000,3589,599,1.744991651560508,0.14229416781045318,1.6008999586105346,1.9293999791145329,0.0016724701272323728,-0.02877386100590229,0.0284977061460971,0.18721701204776764,-624.5629099932436,-624.0957040995685,-4.998949471679331,-0.15696718428819167,0.46226088850266933,False
209,1787909414.2296097,7074.09978361,20.900094270706177,24000,24000,3627,640,1.7575843742117285,0.15149487517610577,1.6078000366687775,1.9805000185966488,0.0015588108217343688,-0.030812006443738937,0.027661537311726863,0.2292109578847885,-627.412051980525,-627.1215734317851,-5.009088919221526,-0.03045303494388918,0.12925341012351055,False
210,1787909414.329263,7074.19962547,20.99974751472473,24000,24000,3588,623,1.7539325862596735,0.14594664451334663,1.5921000123023987,1.9553000211715694,0.0008795862086117268,-0.028553113341331482,0.02889639748619127,0.16570666432380676,-630.5733934966504,-630.1681933530123,-5.009009715968685,-0.20206154266020349,-0.24101685298160191,False
211,1787909414.4296424,7074.29947713,21.10012698173523,24000,24000,3762,700,1.7415228567804608,0.1200819853642814,1.5899000346660614,1.8730000257492065,-0.0001820945763029158,-0.029158322140574455,0.028374039722179976,0.21858982741832733,-633.1505716925037,-633.1772630511886,-5.0108277850133405,0.23228094847900138,0.43591315371497785,False
212,1787909414.5298257,7074.39931349,21.200310230255127,24000,24000,3667,698,1.749670487591052,0.13122390650775306,1.582849955558777,1.871600043773651,0.00045024289283901453,-0.031571317464113235,0.02924167019209973,0.22195015847682953,-636.6792440574765,-636.2392966768506,-5.008759884013481,-0.29075755139024295,0.612947325846676,False
213,1787909414.630434,7074.49995891,21.300918579101562,24000,24000,3618,655,1.7581251930644495,0.14937275391843136,1.5803999781608582,1.914300012588501,0.0017659253207966685,-0.02873842418193817,0.028691154866464525,0.15930598974227905,-639.9366134268091,-639.2784838858411,-4.9946856099462345,-0.5297394670066069,-0.3480210669810049,False
214,1787909414.729478,7074.59980045,21.399962425231934,24000,24000,3663,660,1.7525606048829627,0.14330759198476803,1.5838999927043915,1.8840999484062193,0.002401722129434347,-0.030691010877490044,0.028720799687140267,0.1361428201198578,-642.8654561578342,-642.2745295600745,-5.015072265256964,-0.4871319560242,-0.4230630446370469,False
215,1787909414.829458,7074.69964965,21.499942541122437,24000,24000,3712,657,1.7506012216187685,0.11402982334490046,1.5974000453948975,1.8819999694824219,0.0007722528534941375,-0.03015783242881298,0.029288555284052397,0.18180915713310242,-645.8592005237746,-645.4209176004491,-5.017891164352787,-0.48133671232835695,-0.3499694407523748,False
216,1787909414.9297192,7074.79948923,21.6002037525177,24000,24000,3666,656,1.757878048390877,0.1389606342227236,1.5989999771118164,1.9112499952316284,-0.0006221143994480371,-0.027342958375811577,0.02912731356492799,0.13206954300403595,-648.4125227917154,-648.3668828405988,-4.972531261941936,-0.02668612275056148,-0.01551337539058295,False
217,1787909415.0293982,7074.89932073,21.699882745742798,24000,24000,3666,720,1.7593027785420419,0.14018177078120939,1.6100000143051147,1.8950999796390533,-0.000655548123177141,-0.02884955145418644,0.02947453719161878,0.17676043510437012,-651.8908498366734,-651.2467167515268,-4.955885023230465,-0.5145076480430362,-0.2295714928019379,False
218,1787909415.1309474,7074.99996929,21.801431894302368,24000,24000,3653,657,1.7524885831902561,0.1299632920817794,1.595799970626831,1.8868000268936154,0.002050521783530712,-0.024541063234210014,0.02825731240715116,0.2727026641368866,-655.0461822165075,-654.222377724377,-4.954058217503376,-0.6232273017740226,-0.7206705793255423,False
219,1787909415.2296374,7075.09981635,21.900121927261353,24000,24000,3779,695,1.7567798575051397,0.14450066928150435,1.604700005054474,1.8760000467300415,0.0013666372979059815,-0.02625838667154312,0.03001975826582287,0.19590862095355988,-656.9719399683884,-657.174534910622,-4.955387273898543,0.41185031145892026,0.27220141776774653,False
220,1787909415.329422,7075.19966117,21.999906539916992,24000,24000,3757,707,1.7530693082188953,0.1400688307621389,1.593999981880188,1.8969000220298762,0.004375495482236147,-0.02608713135123253,0.030449351131838314,0.23109428584575653,-660.4752687797985,-660.1092623599328,-4.9521906909626745,-0.09780425355802436,-0.23313038521553153,False
221,1787909415.4351258,7075.29950603,22.105610370635986,24000,24000,3656,660,1.7637530328649462,0.15532588026006852,1.5979000449180603,2.0381499409675587,0.004031726624816656,-0.023968031629920006,0.03041171196573467,0.28222060203552246,-663.6857254878722,-663.0644313343877,-4.960214249010461,-0.13700211373088678,-0.3522908948909844,False
222,1787909415.5325558,7075.400400032,22.20304036140442,24000,24000,3594,656,1.7502179899957122,0.12407441474585455,1.6064999997615814,1.87049999833107,0.0005324449157342315,-0.026795247569680214,0.031478158340116504,0.23740102350711823,-665.5053218106458,-665.9781186265286,-4.973951432204291,0.966433947219457,1.1925593412912576,False
223,1787909415.6374369,7075.50036497,22.307921409606934,24000,24000,3858,695,1.7583798562880042,0.14036530925020319,1.600000023841858,1.9133999943733206,0.001460256171412766,-0.02478591538965702,0.0313008256112669,0.22249293327331543,-669.5151624012368,-668.9419206887964,-4.991522861300272,0.1031676087343385,0.16145031650353303,False
224,1787909415.7304316,7075.60019607,22.40091609954834,24000,24000,3793,665,1.755954887096147,0.13006077572736163,1.609399962425232,1.8769999742507935,0.0031187681015580893,-0.02288694679737091,0.031029174625144977,0.2007172405719757,-672.6374254901054,-672.0070555445163,-4.980692998261191,-0.22912816032658156,0.5621619446843624,False
225,1787909415.8306916,7075.70004391,22.501176118850708,24000,24000,3710,676,1.7535162717985684,0.12162134982917429,1.604750007390976,1.873500019311905,-0.0015524616464972496,-0.02657160721719265,0.03330504611882413,0.207785502076149,-674.3483455785666,-675.020708120962,-4.9911844607392295,1.067888844320919,1.5895351319053361,False
226,1787909415.9312284,7075.79988111,22.601712942123413,24000,24000,3764,671,1.753873323363803,0.11830590580288285,1.6165000200271606,1.8889999985694885,0.0005893257912248373,-0.028011759743094444,0.0328970959296673,0.1720176339149475,-678.2117843758067,-678.0266361599918,-4.9849556376466095,0.22069163619585197,0.09180959414925383,False
227,1787909416.0307639,7075.89971321,22.70124840736389,24000,24000,3779,614,1.7572263842296911,0.12062134898485267,1.6130000352859497,1.8933500051498418,0.0006087635993026197,-0.024899661540985107,0.032971588063678586,0.16646359860897064,-682.2954864168992,-681.0088457102136,-4.998505908203035,-0.8768109201973857,-1.0805653346455983,False
228,1787909416.1296914,7075.99954011,22.80017590522766,24000,24000,3929,713,1.7433464244572343,0.09493270324964827,1.619599986076355,1.8420000076293945,-0.0010087840491905808,-0.03160316124558449,0.03372781541204963,0.17530234158039093,-683.8712959167361,-684.0296572321785,-4.99163240632223,0.5153392155552865,0.6438942053325718,False
229,1787909416.2292879,7076.09936407,22.89977240562439,24000,24000,3818,650,1.7493184616015507,0.09408389845839699,1.625,1.8639999628067017,0.001147982431575656,-0.02629019506275654,0.03387712438779598,0.1323622167110443,-687.5047849601515,-687.0819600087099,-5.009620504046111,-0.13011920536780508,-0.347752692059089,False
230,1787909416.3302085,7076.19999353,23.00069308280945,24000,24000,3813,681,1.7491512482386853,0.09818256629737615,1.621999979019165,1.8619999885559082,0.0005033414345234632,-0.027293354272842407,0.03331838945299604,0.15912267565727234,-690.652752505247,-690.0449519174474,-5.008097345221125,-0.25032902132227264,-0.21832182780360654,False
231,1787909416.4295895,7076.29982675,23.10007405281067,24000,24000,3815,667,1.7469985022180263,0.10407361253767741,1.617299997806549,1.8659000039100642,0.00013652376946993172,-0.03244348615407944,0.03397418700445732,0.16667702794075012,-693.6112953422446,-693.0562254995709,-5.013131138354587,-0.22730744115904145,-0.6747755338649313,False
232,1787909416.5294166,7076.39966211,23.19990110397339,24000,24000,4012,693,1.7510880257660177,0.10284937390445126,1.6436000347137452,1.8453999996185302,0.000656787131447345,-0.026760932058095932,0.03350305155760467,0.2057158350944519,-696.8061121783152,-696.0770167358429,-5.022473687858318,-0.4271768178397224,-0.410580945889933,False
233,1787909416.6295283,7076.49950341,23.300012826919556,24000,24000,3896,712,1.7468132015024678,0.09778158254246813,1.61899995803833,1.8660000562667847,-0.0013349381042644382,-0.03129227086901665,0.03389656813799168,0.21013352274894714,-699.7197764772762,-699.0210925962477,-5.010420025129926,-0.3373531162984591,-0.3293729253823585,False
234,1787909416.7293925,7076.59933779,23.399877071380615,24000,24000,3815,716,1.7489790526848266,0.09763077879857812,1.6307500302791595,1.8662500083446503,-0.0023609010968357325,-0.03030850552022457,0.03401360362775805,0.19025856256484985,-701.5485546087891,-702.0805282887645,-5.015489526641654,0.829932061171121,0.5260591603276907,False
235,1787909416.83127,7076.69998373,23.50175452232361,24000,24000,3888,723,1.7472019350545205,0.09237508111186374,1.6339999437332153,1.8530000448226929,-0.0014462195103988051,-0.032786015421152115,0.03270013921206483,0.20122165977954865,-705.1008066061879,-705.1536191854015,-4.9630735729981685,0.3341423083945756,0.2587325053410723,False
236,1787909416.9300463,7076.79981155,23.600530862808228,24000,24000,4007,735,1.7500503398934188,0.09468796189813233,1.6207000374794007,1.870900011062622,-9.475224942434579e-05,-0.03070352040231228,0.032446201462700344,0.23757319152355194,-708.3151601292707,-708.0034598296587,-4.9630735729981685,0.08321349371101405,0.08112246555765523,False
237,1787909417.037574,7076.89965759,23.70805859565735,24000,24000,3961,710,1.7474774634334402,0.09844763283238019,1.6269999742507935,1.8609999418258667,-0.0016946778632700443,-0.034431472420692444,0.03301342184320241,0.2415412962436676,-711.2643655854164,-710.9741133285813,-4.993881238707501,0.35998643279503995,0.5680592188873561,False
238,1787909417.1298523,7076.99949337,23.800336837768555,24000,24000,3845,691,1.7450839370791025,0.08963985366081698,1.6234999895095825,1.852999985218048,-0.0015161624178290367,-0.03348137065768242,0.03130112561193677,0.25832855701446533,-714.2949161452042,-714.0219521086152,-4.9832302847831444,0.09790878239357426,-0.021777680361424245,False
239,1787909417.229462,7077.09932469,23.899946451187134,24000,24000,3856,663,1.742669681078708,0.09219386415300448,1.6170999884605408,1.858899974822998,-0.0005425363779067993,-0.03563865274190903,0.032093271140532,0.2837103605270386,-717.2786634399739,-716.9908760526438,-4.981284977341081,0.10258551862625609,-0.12298147011927085,False
240,1787909417.330739,7077.19996487,24.00122356414795,24000,24000,4013,720,1.7512402767936388,0.11018610936863796,1.6187999606132508,1.8730500221252442,-0.006159642711281776,-0.04105817526578903,0.030557156022174542,0.28519493341445923,-720.5691338258815,-719.9595062017615,-4.99645873046217,-0.14943357954450676,-0.03183622670360364,False
241,1787909417.429683,7077.29981857,24.100167512893677,24000,24000,4014,632,1.7509367100045652,0.10989753971715757,1.61899995803833,1.875,5.175418482394889e-05,-0.03798530623316765,0.029842900436101254,0.31549492478370667,-723.4282945325688,-722.9646813945334,-5.003993251909486,-0.04014110178388819,-0.20140410405099374,False
242,1787909417.529527,7077.39966293,24.200011491775513,24000,24000,3850,657,1.7497321158602177,0.11017915507275973,1.6197999954223632,1.8812000274658203,0.0024340362288057804,-0.04289472475647926,0.028003166493059575,0.2621782422065735,-726.7335229363249,-726.0178759728461,-5.022094191715056,-0.34991419152788694,-0.5165127102231963,False
243,1787909417.6299453,7077.49949531,24.300429821014404,24000,24000,3894,616,1.7497905868214447,0.11323784615489128,1.6087499856948853,1.8822499811649323,0.0006265785195864737,-0.04403059184551239,0.027601946900194702,0.2172524482011795,-729.6503205490501,-729.0834094147555,-5.004968938594532,-0.2540251974938883,-0.19483573162290213,False
244,1787909417.7294915,7077.59933423,24.399976015090942,24000,24000,3949,610,1.7537868855429477,0.12043731231576976,1.615450030565262,1.908649957180023,-0.00016534289170522243,-0.044315606355667114,0.0271429597087563,0.2098328024148941,-731.8233797556437,-732.1217858557251,-4.98614943689807,0.5594369603018094,0.43765373722658296,False
245,1787909417.8302767,7077.69997125,24.50076127052307,24000,24000,4054,656,1.743545731211581,0.10616578374151982,1.6080000400543213,1.8819999694824219,-0.003615000518038869,-0.04625765606760979,0.027894229156195514,0.20888011157512665,-734.5360025395057,-735.0484219444954,-4.983131142827076,0.8705090686028143,1.09797679109397,False
246,1787909417.9354312,7077.79980907,24.605915784835815,24000,24000,3696,608,1.7490082251790322,0.11034175681321702,1.6060500264167785,1.8745499849319456,-0.006516690365970135,-0.03842443972826004,0.02649116203081305,0.1618230640888214,-739.1716684196437,-737.9804772869901,-4.9881940169398025,-0.6103782037708925,-0.7769629224131904,False
247,1787909418.0296135,7077.89965139,24.700098037719727,24000,24000,3892,644,1.7472624197509719,0.10907089981952876,1.608150029182434,1.8778500139713288,-0.008332406170666218,-0.04446479305624962,0.026798374714864986,0.199698343873024,-741.2328572089234,-740.9510851234414,-4.9881940169398025,0.15402883201784334,0.26244457552820677,False
248,1787909418.129349,7077.99949099,24.79983353614807,24000,24000,3820,647,1.7449969086433303,0.11241158561427743,1.59830002784729,1.8717000007629394,-0.00970612745732069,-0.045394014567136765,0.02640657614587627,0.20322582125663757,-744.3824937821812,-743.9161976116068,-4.986485602055995,-0.0034069885396093014,0.1621146829331792,False
249,1787909418.22929,7078.09932501,24.8997745513916,24000,24000,3923,646,1.7390123834550935,0.10439746839600432,1.6022500097751617,1.8607499599456787,-0.004458246752619743,-0.045009348541498184,0.026216388745042597,0.2445783019065857,-747.0874660146562,-746.8994134095841,-4.993006538174914,0.28998731597300775,0.4190388144601229,False
250,1787909418.329588,7078.19995565,25.000072479248047,24000,24000,3707,594,1.736744108826223,0.1022114382689921,1.5996500074863433,1.8660500168800356,-0.009957832284271717,-0.04512912780046463,0.025723795979970068,0.21150195598602295,-750.6388602952742,-749.8882358203385,-4.995747887081618,-0.2523325632976139,-0.2070373466564206,False
251,1787909418.4298716,7078.29979461,25.100356101989746,24000,24000,3626,604,1.7467119186524525,0.1370721171058605,1.5981500387191772,1.885499966144562,-0.008583534508943558,-0.0463826023042202,0.027202767958685158,0.22107015550136566,-753.4673192248255,-752.8807786038354,-5.015591128068887,-0.07214626442180361,-0.1999534668709657,False
252,1787909418.5295393,7078.39962945,25.200023889541626,24000,24000,3668,608,1.7449983546608372,0.1363404417269226,1.6030500054359436,1.8619999885559082,-0.009890785440802574,-0.044179633259773254,0.027127634758517448,0.186118483543396,-755.781145881714,-755.9022590857843,-5.0300467253463825,0.604196412900933,0.640142739910857,False
253,1787909418.6297636,7078.49947431,25.30024814605713,24000,24000,3727,632,1.7309794286383857,0.10180457811233821,1.5980000495910645,1.8459999561309814,-0.013402221724390984,-0.04322054237127304,0.027948650538571065,0.20289364457130432,-758.7163680464042,-758.9284827817947,-5.036250066885269,0.6758384090188656,0.7426286775428252,False
254,1787909418.729526,7078.59930387,25.400010585784912,24000,24000,3770,615,1.7309187001329127,0.10004933688405897,1.5950000286102295,1.8453000068664551,-0.01350832637399435,-0.044184647500514984,0.02703291642350873,0.19919997453689575,-762.0479135197176,-762.0178782220256,-5.03294533395877,0.3373019640723669,0.4385999362571056,False
255,1787909418.8306727,7078.69992469,25.50115728378296,24000,24000,3581,581,1.7484750427600644,0.1257006094590214,1.6059999465942383,1.9279999732971191,-0.0127567108720541,-0.04304699972271919,0.02694123223408357,0.14202643930912018,-765.3313744605833,-765.0405052250429,-5.005142094032355,0.08837968448733591,-0.04663108190663934,False
256,1787909418.933346,7078.79976425,25.603830575942993,24000,24000,3543,558,1.7414498194571464,0.10747615519305732,1.6048500120639801,1.8645999729633331,-0.014312190935015678,-0.04050186648964882,0.02800317668427368,0.08775325119495392,-768.7098322233551,-767.9808323986139,-5.0104306717022284,-0.20973951353357734,-0.07443915980093152,False
257,1787909419.0298135,7078.89960105,25.700298070907593,24000,24000,3652,614,1.747675895496766,0.13429952723896016,1.5959999561309814,1.8904000401496888,-0.016996195539832115,-0.043428726494312286,0.028625163243185738,0.10079645365476608,-771.4860660555083,-771.0631896730955,-5.02920034130004,-0.09181714661212936,-0.16932775327461513,False
258,1787909419.130271,7078.99944471,25.800755500793457,24000,24000,3676,587,1.747231687557149,0.12170983314776421,1.6023000121116637,1.8821000099182126,-0.020019881427288055,-0.03972718119621277,0.029134245683194636,0.10513539612293243,-774.6065343670941,-774.1179919116402,-5.013236695418704,-0.19842577879012424,-0.26207196525945164,False
259,1787909419.2294219,7079.09930433,25.899906396865845,24000,24000,3587,619,1.751757675303396,0.13633612599528858,1.5988999843597411,1.8799999952316284,-0.016974372789263725,-0.038147296756505966,0.030063969750194687,0.08395575731992722,-777.4589150253372,-777.1409071624807,-5.008543431087949,-0.07614455100599571,-0.22315302954257277,False
260,1787909419.33068,7079.19995327,26.001164436340332,24000,24000,3533,590,1.7576406771853819,0.13767499547916962,1.613450002670288,1.8775499999523162,-0.019121266901493073,-0.034634292125701904,0.03081933192399129,0.10399878770112991,-780.3778306787688,-780.1198340502775,-5.015337387556141,0.04281885273894659,-0.18915480746022695,False
261,1787909419.42935,7079.29980951,26.099834442138672,24000,24000,3562,572,1.7502884579288376,0.11858979517530684,1.602550023794174,1.8652500331401822,-0.016281263902783394,-0.033574722707271576,0.03063217280005726,0.12442786991596222,-783.7599832830381,-783.1403379545652,-5.013261058097714,-0.379099228504856,-0.6716010653494777,False
262,1787909419.5295591,7079.39964769,26.20004367828369,24000,24000,3737,619,1.7552148641022418,0.1263026562711758,1.6029000401496887,1.899500048160553,-0.015828682109713554,-0.029389740899205208,0.031263007211937054,0.13386817276477814,-786.3967303234825,-786.2179854000648,-5.009743841292512,-0.0094327397074494,-0.06870015542313013,False
263,1787909419.6296577,7079.49947377,26.300142288208008,24000,24000,3540,556,1.7497859717273025,0.13176244943173868,1.6057499647140503,1.8717500269412994,-0.015642596408724785,-0.03242327272891998,0.03217184949952726,0.1060764268040657,-789.878574250953,-789.1670424964201,-4.993282881393387,-0.4881820751857049,-0.6620468340175876,False
264,1787909419.729464,7079.59930937,26.399948596954346,24000,24000,3552,577,1.7514835366756498,0.11337326043502899,1.603599977493286,1.8823999643325804,-0.0157058946788311,-0.03220592066645622,0.03146575264875082,0.10375270247459412,-792.1630632635239,-792.1031782594374,-4.983713163874769,0.22165407089880773,-0.10839002899592742,False
265,1787909419.8302321,7079.69994565,26.50071668624878,24000,24000,3590,561,1.750069518140293,0.13538087241258348,1.6030000448226929,1.88100004196167,-0.014040651731193066,-0.03159718960523605,0.03263515335332282,0.10490443557500839,-795.1096744013875,-795.0290675243833,-4.9944948435341585,0.298222817694068,0.03433400026312938,False
266,1787909419.929586,7079.79977919,26.600070476531982,24000,24000,3772,602,1.7561926924905111,0.1308494829617495,1.6090499699115752,1.8749000012874601,-0.014529542997479439,-0.02765403874218464,0.03244437094990853,0.13104058802127838,-798.6477037607578,-798.0142992298412,-4.990326915614216,-0.25905755306405354,-0.3291422913135875,False
267,1787909420.030131,7079.89961729,26.700615644454956,24000,24000,3730,582,1.7599192450136663,0.14069395884222682,1.6150500118732452,1.9069499492645263,-0.016220634803175926,-0.024025924503803253,0.033272819822176836,0.14901790022850037,-801.3654763975329,-801.0120006860519,-4.994395941072811,0.03966175014613782,0.11220355300122264,False
268,1787909420.1295261,7079.99947001,26.800010681152344,24000,24000,3740,601,1.7519467585098725,0.12036204851549619,1.6080000400543213,1.8630000352859497,-0.011847066693007946,-0.02288239635527134,0.033763006551280075,0.1736486703157425,-803.8398468181504,-804.0002077587397,-5.000887597625345,0.5472777667276887,0.5564657133935498,False
269,1787909420.2294815,7080.09931757,26.89996600151062,24000,24000,3892,631,1.7493898577622113,0.10682578755557401,1.6165000200271606,1.881500005722046,-0.009725889191031456,-0.02205977961421013,0.03337848925690041,0.2910204529762268,-807.2722689918717,-807.0258051012934,-5.016162971262037,0.1136513029142634,-0.040439325025317885,False
270,1787909420.3374472,7080.19996621,27.00793170928955,24000,24000,4108,655,1.7556259548391095,0.12543939846920268,1.6157000422477723,1.8819999814033503,-0.0106233861297369,-0.02202717959880829,0.034957153407124436,0.25563985109329224,-810.5673178640931,-810.0518506062565,-5.009994655894954,0.05772067016346227,0.2769241866236598,False
271,1787909420.4336154,7080.29980223,27.104099988937378,24000,24000,3896,661,1.7489712571953502,0.1077941808959513,1.61899995803833,1.8819999694824219,-0.008585460484027863,-0.024055248126387596,0.03557421809731224,0.23868174850940704,-813.6698035011715,-813.0463025887069,-5.021270916825785,-0.15958563475498977,-0.005623140025136308,False
272,1787909420.529665,7080.39964607,27.200149536132812,24000,24000,3969,638,1.7483495290750246,0.10242037429303741,1.616849994659424,1.8591499745845794,-0.008172823116183281,-0.022435210645198822,0.0356264568772349,0.2817489206790924,-815.7266739527682,-816.0861613887892,-5.020482887314499,0.6651611105703523,0.9741966093342853,False
273,1787909420.630508,7080.49948573,27.300992488861084,24000,24000,3946,592,1.7494442561590993,0.12318532219159593,1.6165500164031983,1.8639999628067017,-0.005452330224215984,-0.021019035950303078,0.03674700361767165,0.2422996163368225,-819.6343485042813,-819.1227296878695,-5.03332946662439,-0.21708755133477098,-0.17421736721587422,False
274,1787909420.7295432,7080.59932101,27.400027751922607,24000,24000,4045,598,1.749556857008599,0.11686413387997191,1.635550034046173,1.8839000225067137,-0.0036148671060800552,-0.02060841955244541,0.03638248089447535,0.19667014479637146,-822.5619016608096,-822.1805648317555,-5.031803817216985,-0.1734479696077642,0.06146076216214169,False
275,1787909420.829425,7080.69995065,27.49990963935852,24000,24000,4147,572,1.751832167585413,0.13525348988044297,1.6299999952316284,1.8530000448226929,-0.004516612272709608,-0.01696370355784893,0.03638135346725776,0.19202561676502228,-825.947577534796,-825.2026207708158,-5.034076448705082,-0.5625312213434199,-0.47831858278220807,False
276,1787909420.9299,7080.79980299,27.60038447380066,24000,24000,4037,582,1.7500945012184352,0.12310835051959297,1.6240499556064605,1.878000020980835,0.0008934019133448601,-0.01994992233812809,0.03621638545320722,0.16174852848052979,-828.3985616382093,-828.2197778502662,-5.037637778008958,0.0008665150372735297,-0.21318620721126535,False
277,1787909421.0301871,7080.89962655,27.700671672821045,24000,24000,4019,540,1.7422685181653057,0.10715693584758057,1.6239999532699585,1.849099975824356,0.0009927824139595032,-0.02212052419781685,0.0374610326078863,0.08419403433799744,-831.6743851491786,-831.2873192319422,-5.035258041133054,-0.26620447427490035,-0.3652522428371867,False
278,1787909421.1296287,7080.99946473,27.800113201141357,24000,24000,4051,528,1.7492575789942886,0.1062452977965509,1.63100004196167,1.878949987888336,0.0033519433345645666,-0.02252361923456192,0.03749541509395887,0.10997222363948822,-834.7749366507015,-834.3090214446672,-5.010284067260804,-0.3833747266080536,-0.5191796794121046,False
279,1787909421.2304347,7081.09930735,27.900919198989868,24000,24000,4225,564,1.7464503497942119,0.10887347617187251,1.6299999952316284,1.885700023174286,0.000808807963039726,-0.023202301934361458,0.037963623624462324,0.09676305949687958,-837.499829179654,-837.2745873963149,-5.008510865922139,-0.08395006266312066,0.1330257887512971,False
280,1787909421.3302906,7081.19994451,28.00077509880066,24000,24000,4024,502,1.7549701190564737,0.12028182398949919,1.6399999856948853,1.88260001540184,0.004205081146210432,-0.020524481311440468,0.03757260300058849,0.06691206246614456,-840.3641582847354,-840.261382226657,-5.008510865922139,0.047533790367765505,-0.03921322449230047,False
281,1787909421.4402614,7081.29977637,28.110745906829834,24000,24000,4043,519,1.755739882731943,0.12359520840236352,1.6379000067710876,1.9373000383377075,0.0054969144985079765,-0.023465922102332115,0.03752761618284207,0.13584107160568237,-843.7406585325239,-843.3035597877532,-4.992675577615805,-0.02969248029830851,-0.2899648221391544,False
282,1787909421.5299425,7081.39961513,28.200427055358887,24000,24000,4125,521,1.7563109402464356,0.11579353044846799,1.6380000114440918,1.968000054359436,0.005482995882630348,-0.025820838287472725,0.03775495812582271,0.1806788146495819,-846.647566669322,-846.330332552662,-4.962775994919425,-0.24604405137722551,-0.25641262257079234,False
283,1787909421.6300821,7081.49947309,28.30056667327881,24000,24000,4246,490,1.7532122466028952,0.11127888293235111,1.6349999904632568,1.944000005722046,0.007752569392323494,-0.026304995641112328,0.03771638959678039,0.20646674931049347,-849.4065725022207,-849.2509969869988,-4.962775994919425,-0.0007249965791515933,-0.3707741527240387,False
284,1787909421.7299361,7081.59931665,28.400420665740967,24000,24000,4115,492,1.757660568971944,0.12439817962225794,1.640550011396408,1.9758999943733213,0.008242453448474407,-0.03565938025712967,0.03754473266396199,0.2377787083387375,-852.7186862293195,-852.2334163154403,-4.956294238701017,-0.31708298862156425,-1.0255876412127236,False
285,1787909421.832006,7081.69994649,28.502490520477295,24000,24000,4022,479,1.7720438443544264,0.1425461276626408,1.6478000044822694,2.0831000804901114,0.010654238983988762,-0.03247135877609253,0.035734031086986646,0.2314934879541397,-855.615585589498,-855.173136215391,-4.964317770371567,-0.15174772840077821,-0.9519783475599297,False
286,1787909421.9306147,7081.79978009,28.601099252700806,24000,24000,4031,451,1.7709556516681173,0.13277582547126346,1.6514999866485596,1.9524999856948853,0.010024313814938068,-0.03704598918557167,0.03500213064944059,0.2867527902126312,-858.4996386715695,-858.1406663147853,-4.967995756531152,-0.07740457812178647,-0.7355127715778735,False
287,1787909422.0305989,7081.89961455,28.701083421707153,24000,24000,4071,437,1.7515560636804088,0.08836823728591775,1.6488000392913817,1.860199999809265,0.011937824077904224,-0.03537334129214287,0.03450336776324874,0.2834576666355133,-861.222524136521,-861.0665093037317,-4.984682916149744,0.1993711655570678,-0.38164543057303035,False
288,1787909422.1294508,7081.99945609,28.799935340881348,24000,24000,4195,436,1.7641582579240886,0.11128251543822311,1.657749980688095,1.9000000357627869,0.013385320082306862,-0.03998687118291855,0.03332719919408205,0.21399247646331787,-864.5278926171965,-864.0625462073953,-4.983182940500619,-0.1403051431240101,-0.34391891346467673,False
289,1787909422.2297359,7082.09931251,28.90022039413452,24000,24000,4019,449,1.756380846346407,0.08941933239676556,1.6448000431060792,1.8631999731063842,0.011401803232729435,-0.03952934592962265,0.032174185652342584,0.23038451373577118,-867.6293163510409,-867.059482271343,-4.98957150420105,-0.23304073124927527,-0.6901214044165727,False
290,1787909422.330614,7082.19996463,29.0010986328125,24000,24000,4037,441,1.7570997727971498,0.10810469859338738,1.6519999504089355,1.8600000143051147,0.009614532813429832,-0.042676981538534164,0.03223895595878364,0.20816457271575928,-870.5864477584752,-870.062263499334,-4.987537459869558,-0.16368762253910063,-0.7695858119506056,False
291,1787909422.4303262,7082.29980433,29.100810766220093,24000,24000,4074,437,1.7534256303337674,0.10031915388473693,1.62979998588562,1.8862000226974487,0.008187399245798588,-0.04165365546941757,0.03135851172617745,0.17831772565841675,-872.9317059126365,-873.0075893758435,-4.989045196229178,0.4825539935635561,0.2938858519526093,False
292,1787909422.5296786,7082.39963237,29.20016312599182,24000,24000,4225,488,1.7576434414406292,0.10303744252962767,1.6460000276565552,1.884899991750717,0.008391637355089188,-0.042194005101919174,0.03064185464141346,0.19495031237602234,-876.0487766358018,-876.0241151653095,-4.9834507189961625,0.3461893417186275,0.5511538163716523,False
293,1787909422.630175,7082.49946511,29.300659656524658,24000,24000,3997,433,1.755810624732707,0.10562473359240704,1.641599988937378,1.8916000127792358,0.007337938062846661,-0.04593108594417572,0.02926892588618342,0.15352967381477356,-879.2719058792509,-879.0607918951788,-4.985352356362912,0.13809285032596108,-0.2017737541398219,False
294,1787909422.7301471,7082.59928947,29.40063166618347,24000,24000,3984,405,1.7495358010868967,0.11409934478848109,1.6271999835968018,1.8702000379562376,0.0074125779792666435,-0.04894443228840828,0.028706709781843764,0.11296653747558594,-882.005420947296,-882.0189417067519,-4.980671653518649,0.40387419392902757,0.09652583041429352,False
295,1787909422.8303556,7082.69992657,29.500840187072754,24000,24000,4086,422,1.7458981055219027,0.08463528928807425,1.633100014925003,1.8659500539302827,0.003197168465703726,-0.05068540945649147,0.028196158870654315,0.1130838543176651,-885.456049778079,-884.9870702975794,-4.980671653518649,-0.040362566258068,-0.47859688227754305,False
296,1787909422.9302638,7082.79976779,29.600748300552368,24000,24000,4183,411,1.7489878330787603,0.09869846756046316,1.6480000019073486,1.8875000476837158,-0.002590363845229149,-0.055731069296598434,0.028669542399438926,0.13325846195220947,-888.623173027933,-887.9771209216058,-5.003822543291182,-0.21010637684105404,-0.3795744577265623,False
297,1787909423.0298514,7082.89962611,29.70033597946167,24000,24000,3987,413,1.754888618829464,0.11914909231996339,1.6410000324249268,1.946599984169006,-0.002491567051038146,-0.05163593590259552,0.027920577899343546,0.07876819372177124,-891.883309700898,-890.994999080537,-5.007414400479413,-0.48247708394796973,-0.8110779191216579,False
298,1787909423.1294036,7082.99946349,29.799888134002686,24000,24000,3991,439,1.7507220935712915,0.1135174175050322,1.633799946308136,1.9064000129699705,-0.00484627578407526,-0.05234391614794731,0.02935630880095878,0.10105936229228973,-894.2676090721028,-893.9871256331982,-5.0037010458142595,0.11992373128680356,-0.12010885942004279,False
299,1787909423.2301366,7083.09931269,29.90062117576599,24000,24000,3951,413,1.7483728795016937,0.1048620729652069,1.63100004196167,1.907400035858154,-0.011291638016700745,-0.0500510111451149,0.030776322928033756,0.07319194078445435,-897.423711031618,-897.0420731858524,-5.00385075198619,-0.014049817224304206,-0.2870294205309847,False
300,1787909423.331035,7083.19994811,30.001519441604614,24000,24000,4173,490,1.7536122438858965,0.12011034620661969,1.6424499809741975,1.871099990606308,-0.01499514002352953,-0.046000152826309204,0.032560127636160334,0.12086880207061768,-900.0631414570527,-900.059012095818,-5.011624883381859,0.3736051155739233,0.5562648936816004,False
301,1787909423.4297934,7083.29979675,30.1002779006958,24000,24000,4012,466,1.743684546118642,0.1135412863051198,1.6262500286102295,1.8509999513626099,-0.01867242157459259,-0.04370477795600891,0.034199943031626164,0.10619688779115677,-903.695212580956,-903.096532231669,-5.009574644589695,-0.2955777660804415,-0.1324600127350095,False
302,1787909423.529678,7083.39964605,30.200162649154663,24000,24000,3956,468,1.7444679528220086,0.11989494442528932,1.624349969625473,1.8696000277996063,-0.02031918428838253,-0.045595135539770126,0.03520024081892542,0.09980277717113495,-906.1378934273932,-906.0541857035664,-4.998844402463914,0.25841984431701803,0.25203268629343256,False
303,1787909423.630567,7083.49949175,30.3010516166687,24000,24000,3972,475,1.738077893508108,0.09504495808421154,1.6316999912261962,1.8551999926567075,-0.01925007440149784,-0.04149708151817322,0.035498701199525605,0.13344484567642212,-908.660065796352,-909.0329648581812,-4.999493162378027,0.7630538711929375,0.8221828008104239,False
304,1787909423.7297945,7083.59933475,30.40027904510498,24000,24000,3964,509,1.7410609028896789,0.10040923032125937,1.6296000003814697,1.845799994468689,-0.02282780222594738,-0.03744933381676674,0.03661422606784575,0.1413622945547104,-912.4159398946653,-912.0319609335929,-5.004134644605961,-0.015862265969985856,-0.004810827186361166,False
305,1787909423.8323457,7083.69997175,30.502830266952515,24000,24000,3975,498,1.7410381532098396,0.09796127269662085,1.6268499851226808,1.8591499745845794,-0.023788094520568848,-0.033183496445417404,0.03739961017372587,0.18484583497047424,-915.7968874949935,-915.0271664846416,-4.997387631393088,-0.32013357713333335,-0.4978304544627008,False
306,1787909423.9302382,7083.79980175,30.600722789764404,24000,24000,3921,542,1.7418579364614732,0.11044184666904874,1.6262000441551208,1.8773500204086295,-0.023171842098236084,-0.030496593564748764,0.03795137162296161,0.16581472754478455,-918.7150037949581,-917.9921789977947,-4.989386214670999,-0.30134090228659716,-0.1940627098290406,False
307,1787909424.0302606,7083.89964785,30.700745105743408,24000,24000,3921,534,1.7314382014649639,0.10030538193830765,1.6130000352859497,1.8483999848365782,-0.021005652844905853,-0.027456333860754967,0.0372006727857731,0.21068322658538818,-921.3873420819605,-920.9615338212908,-5.024142754042832,0.027126480461902247,0.2532873369336812,False
308,1787909424.1329777,7083.99950901,30.803462266921997,24000,24000,3801,482,1.7453526975702942,0.11574543372234693,1.628000020980835,1.873799955844879,-0.024272534996271133,-0.024001337587833405,0.03848848897411326,0.17733097076416016,-924.4921972705931,-924.0693840784307,-5.035520202384049,0.00392598686880774,0.4386142200894483,False
309,1787909424.2296398,7084.09934615,30.900124311447144,24000,24000,4163,559,1.7393559919060448,0.0959979256497422,1.6279000163078308,1.8772999763488771,-0.020867783576250076,-0.025454673916101456,0.03833983761044684,0.12190473824739456,-926.8311913309582,-927.1119589568899,-5.035520202384049,0.5649248772934925,1.2346378496966963,False
310,1787909424.3357327,7084.19998825,31.00621724128723,24000,24000,3722,489,1.7461554189888733,0.10907934923736554,1.6197999954223632,1.9167999744415283,-0.018951930105686188,-0.022852864116430283,0.03840691045014572,0.16661758720874786,-930.4671105755812,-930.1232654786098,-5.040866475914443,0.11193798400154265,0.6508360344311086,False
311,1787909424.4298952,7084.29983071,31.100379705429077,24000,24000,3968,503,1.7439562646342557,0.10664331267236303,1.6313000321388245,1.8705000519752502,-0.0202749315649271,-0.020323272794485092,0.03811507857948668,0.19095301628112793,-933.2842694718895,-933.1466503312878,-5.0544882309898815,0.11978122355537835,0.78683905206276,False
312,1787909424.5310254,7084.39967225,31.201509952545166,24000,24000,3993,496,1.741161291397387,0.12222795051853402,1.6134999692440033,1.887749969959259,-0.020517148077487946,-0.018647562712430954,0.037923570638889306,0.10471700876951218,-936.7898221803194,-936.2294164684841,-5.0405279280625415,-0.35172637245204896,0.17702961014242646,False
313,1787909424.631066,7084.49951043,31.30155062675476,24000,24000,4152,533,1.7428761725130493,0.11251726406020442,1.617799997329712,1.8807999849319457,-0.0165899358689785,-0.024472445249557495,0.03777708910512357,0.20051026344299316,-939.5926769850812,-939.2651783804455,-5.016403393407868,-0.15322473554863336,-0.15526516577392613,False
314,1787909424.7306898,7084.59935547,31.401174306869507,24000,24000,4034,548,1.7446204382572732,0.11165200311160331,1.6169999837875366,1.875949966907501,-0.01816324144601822,-0.020482324063777924,0.03762486036434518,0.17787781357765198,-942.5019951305107,-942.2625009033907,-5.002605172705789,-0.07369682993748938,-0.23071218032578145,False
315,1787909424.8323505,7084.69999947,31.502835035324097,24000,24000,3938,536,1.7417052236955557,0.10930953488909118,1.6184999644756317,1.8614999651908875,-0.019567424431443214,-0.020043333992362022,0.03640242015924679,0.15907630324363708,-945.1183971686328,-945.2695058922473,-5.001539923447524,0.3598614068213237,0.3368961013785565,False
316,1787909424.931104,7084.79983557,31.601588487625122,24000,24000,3876,535,1.7422766371308087,0.11585501689707485,1.6177000164985658,1.8759000062942504,-0.017745831981301308,-0.022896625101566315,0.036833034427964796,0.20939914882183075,-948.9587771093765,-948.258296827954,-5.018782866524938,-0.5177805021954782,-1.047747786615787,False
317,1787909425.0318613,7084.89965555,31.702345848083496,24000,24000,4081,594,1.746259260057199,0.12338401812840652,1.61565003991127,1.8853500068187714,-0.017541589215397835,-0.025551076978445053,0.03631467423620885,0.21422947943210602,-952.4870955126759,-951.3265020984812,-5.000255292773882,-1.023240900526389,-1.4950151406339955,False
318,1787909425.1300242,7084.99948857,31.800508737564087,24000,24000,4003,583,1.7369536899579736,0.10097156643775562,1.6142999649047851,1.8718999862670898,-0.014679755084216595,-0.025097768753767014,0.03564598315138242,0.19039861857891083,-954.1421943214506,-954.2930392866848,-5.008716220027767,0.26668063370243544,0.03024177864062949,False
319,1787909425.229643,7085.09932539,31.90012764930725,24000,24000,3827,570,1.7440736858468306,0.1370082747007448,1.613450002670288,1.889550018310547,-0.013432374224066734,-0.026903094723820686,0.034991335268018744,0.2778472304344177,-957.4061510190658,-957.3599559846833,-4.991163879509215,-0.008573070512170489,-0.5057602275793442,False
320,1787909425.3305743,7085.19995815,32.00105881690979,24000,24000,3836,551,1.742638839567638,0.12466155683010229,1.612500011920929,1.8535000085830688,-0.007516104727983475,-0.027772128582000732,0.03485363346055368,0.33297839760780334,-961.0833913541717,-960.3032614208339,-4.965187362324818,-0.6577409496687778,-0.760513577754864,False
321,1787909425.4301848,7085.29979875,32.100669384002686,24000,24000,3959,571,1.7357408063006694,0.10747344216232531,1.6075000166893005,1.9169999957084656,-0.006897639483213425,-0.023731548339128494,0.03378731256796425,0.2588097155094147,-963.6244052368695,-963.186106089394,-4.926896596897749,-0.21030218983617033,0.1625512234420512,False
322,1787909425.5297205,7085.39963279,32.20020508766174,24000,24000,3820,601,1.7391098202167454,0.11689135290342383,1.6239999532699585,1.871000051498413,-0.004269723780453205,-0.02707182988524437,0.03222234592007212,0.23867802321910858,-966.3853203616213,-966.1159808271524,-4.9553474409517255,0.01498932299318767,0.06598667716707496,False
323,1787909425.630056,7085.49946537,32.30054044723511,24000,24000,3754,594,1.741632995380697,0.10557121755448402,1.6269999742507935,1.8840500235557558,-0.0034075574949383736,-0.027636364102363586,0.0316844891472157,0.2916768789291382,-969.3890661065947,-969.0706769637529,-4.980027949427996,0.021440981841806206,0.3969070954498193,False
324,1787909425.729197,7085.59930159,32.39968156814575,24000,24000,3716,591,1.7301421330866678,0.11518010889098523,1.5979999899864197,1.8445000052452087,-0.0032453073654323816,-0.027349116280674934,0.03177267137261257,0.2395138144493103,-972.0132965973446,-972.0309891819608,-4.979255256288585,0.37157910895678015,0.7512009119814138,False
325,1787909425.83091,7085.69994741,32.501394510269165,24000,24000,3780,614,1.7343778493738329,0.10238887803718077,1.6169999837875366,1.8451000273227693,0.00047564602573402226,-0.02846449427306652,0.029507420069109704,0.23807208240032196,-975.2231230842252,-975.0112258124544,-4.989280047215509,0.21327937811588527,0.7801769781466419,False
326,1787909425.9301147,7085.79978877,32.60059928894043,24000,24000,3797,597,1.7475343391523888,0.1402642686135175,1.6074000358581544,1.9010000228881836,-0.00044360471656545997,-0.02831219509243965,0.029591365074336747,0.20818625390529633,-978.9310926583202,-977.9728022749503,-4.98050783564834,-0.518411758619095,-1.0992518159188194,False
327,1787909426.0297565,7085.89962267,32.70024108886719,24000,24000,3639,618,1.7379223291542152,0.1159666288509462,1.5888499975204469,1.8586000323295593,0.0007298142882063985,-0.0319710448384285,0.029306324380550693,0.23410102725028992,-980.8063579866908,-981.0045247202097,-4.988648613866125,0.5957125830831274,0.7760898627367396,False
328,1787909426.1297672,7085.99945597,32.800251722335815,24000,24000,3629,612,1.7484640529732298,0.13259891305365812,1.5975500285625457,1.902350032329559,-0.0001923169184010476,-0.02912534400820732,0.028661244037296547,0.18258345127105713,-984.8365233824421,-984.0843195942817,-5.002456573435958,-0.4339976341353804,0.088072339270866,False
329,1787909426.2296853,7086.09928837,32.90016984939575,24000,24000,3672,619,1.7484862692714316,0.14217938607035838,1.5839999914169312,1.9019000172615053,-0.003232435090467334,-0.025206366553902626,0.0282122850963745,0.17859309911727905,-986.3554733059434,-987.032591084584,-5.009419264728435,1.0447323026786535,1.9975485317102084,False
330,1787909426.3393998,7086.19993041,33.00988435745239,24000,24000,3783,666,1.7394879870228581,0.11534112986614715,1.593250036239624,1.8622499704360962,0.0037750897463411093,-0.02675783634185791,0.027680454214687435,0.1902361810207367,-989.8666856591104,-990.0707271857956,-5.011685560444772,0.8251045784799089,1.7928801157828502,False
331,1787909426.4323645,7086.29976859,33.10284900665283,24000,24000,3653,685,1.7535021884598,0.13000745070811026,1.5926000118255614,1.8864000082015988,-0.0013613549526780844,-0.03189845010638237,0.02852036988105615,0.24693451821804047,-994.2474343810596,-993.1662113844001,-5.000268877506557,-0.7665780867939702,-0.3168148841743914,False
332,1787909426.529946,7086.39960083,33.20043063163757,24000,24000,3598,649,1.7512557780246705,0.13041207014465536,1.6019999980926514,1.871799993515015,-0.002922507468611002,-0.029926422983407974,0.028759513055025682,0.19577284157276154,-996.5764554571856,-996.2098922993619,-4.989616875268303,-0.16801754624168552,0.03422446315403249,False
333,1787909426.6296701,7086.49944827,33.30015468597412,24000,24000,3672,683,1.7586427504635835,0.14402507825263933,1.5839999914169312,1.8865999698638916,-0.00010157085489481688,-0.031192727386951447,0.02857816624671981,0.21571965515613556,-999.8724943813608,-999.2171569281252,-4.989616875268303,-0.4721990560526592,-0.40759338547184143,False
334,1787909426.7298257,7086.59929199,33.40031027793884,24000,24000,3718,633,1.7558183267029916,0.1381235565737867,1.5959999561309814,1.9437999963760375,0.0033278886694461107,-0.02939600497484207,0.028189791768482703,0.23437415063381195,-1002.8652867758478,-1002.1788247340775,-4.971012004794683,-0.4601873197486839,-0.8355611956452549,False
335,1787909426.8311265,7086.69994441,33.50161099433899,24000,24000,3611,676,1.758115382413187,0.14145468607694447,1.5967499911785126,1.9424999952316284,0.0013961739605292678,-0.030521737411618233,0.028918115919962344,0.18003466725349426,-1005.632532717067,-1005.1189696913837,-4.9749757475732315,-0.18827383791267494,-0.11350590344295597,False
336,1787909426.9304073,7086.79979397,33.60089182853699,24000,24000,3591,685,1.7523124089206221,0.13176161862749028,1.5904000282287598,1.8959999561309813,0.004469863139092922,-0.027394264936447144,0.02958842167449636,0.19463658332824707,-1008.4110022764322,-1008.0824639345249,-4.9982582775838456,0.011816809441370424,-0.5707482152969305,False
337,1787909427.03015,7086.89963073,33.700634479522705,24000,24000,3623,657,1.7503333322170844,0.12812330865308394,1.5998000144958495,1.8641999721527098,0.003994842059910297,-0.026297440752387047,0.028365469389119276,0.20469599962234497,-1011.1876902720777,-1011.0836502321655,-4.987226307056374,0.22754415295639774,0.5073671090908647,False
338,1787909427.129723,7086.99945971,33.80020761489868,24000,24000,3726,695,1.742389928179679,0.11264339830140145,1.5889999866485596,1.8849999904632568,0.004690891597419977,-0.029658617451786995,0.031218359802458177,0.19423030316829681,-1014.2795655127163,-1014.0448032506862,-5.00222409218914,0.1229985523735877,1.1109557616219945,False
339,1787909427.2294242,7087.09931111,33.899908781051636,24000,24000,3830,717,1.7503668069839478,0.1122578881267425,1.6037999868392945,1.876600003242492,0.0001921432267408818,-0.025119323283433914,0.029692246275737147,0.19297975301742554,-1018.0122045850248,-1017.0717781522264,-5.016501940870605,-0.6184697822430962,-2.2845678274886723,False
340,1787909427.3321333,7087.19995767,34.002617835998535,24000,24000,3640,708,1.7548658194514992,0.13777787558110027,1.5973500192165375,1.8875499963760374,0.0030764732509851456,-0.026889832690358162,0.030482036811527335,0.22341680526733398,-1019.9543832858343,-1019.9956424646729,-4.997390067637736,0.5207630139989305,0.3551562340695682,False
341,1787909427.4299955,7087.29979365,34.10048007965088,24000,24000,3703,691,1.7528263394290908,0.1297720619769065,1.6014999747276306,1.8690000176429749,0.0009196104947477579,-0.02448011375963688,0.0314738613082458,0.2509211301803589,-1022.6842590214964,-1022.9487220226016,-4.9747899277004155,0.7268878371336314,0.6241961122306066,False
342,1787909427.5299013,7087.39964585,34.2003858089447,24000,24000,3754,635,1.7544126009377907,0.12385507392689873,1.600000023841858,1.89550005197525,-0.0008447057334706187,-0.023180877789855003,0.031305744214000494,0.21313616633415222,-1025.8646264792824,-1025.9956753458266,-4.984465420871456,0.5438282897987392,0.6769985310886568,False
343,1787909427.6317394,7087.49949131,34.302223920822144,24000,24000,3922,698,1.7543381095615704,0.11787100006861778,1.6068499863147736,1.8737500250339507,-0.00016072922153398395,-0.021938255056738853,0.030510812384582392,0.1536664515733719,-1028.9980158432056,-1028.95395952489,-4.984642800810694,0.4657209449671882,0.7229891344882162,False
344,1787909427.7310708,7087.59932107,34.40155529975891,24000,24000,3707,646,1.7543188850207965,0.12394921670137514,1.6109999418258667,1.8727500140666962,0.0004171040200162679,-0.024948209524154663,0.03274314076136973,0.17115220427513123,-1032.6453205824232,-1031.988612874753,-5.008895470981351,-0.201507176546329,-0.09791775937605962,False
345,1787909427.8318248,7087.69995887,34.50230932235718,24000,24000,3768,657,1.7514520556959388,0.12398927056590513,1.6178000211715697,1.8634000301361082,0.0010264739394187927,-0.025394346565008163,0.03149226880284801,0.14697982370853424,-1035.634199935354,-1035.0639841327477,-5.00243100806306,-0.16762866485669292,-0.047546486165629176,False
346,1787909427.9304795,7087.79980505,34.600964069366455,24000,24000,3775,617,1.7477601266177778,0.09578561496373934,1.6115999937057495,1.8779999732971189,0.0001949505094671622,-0.0261940136551857,0.03289976954104251,0.18294936418533325,-1038.491664877533,-1038.084339153761,-5.007530507087635,-0.0653168684582397,-0.020239906755477932,False
347,1787909428.0302773,7087.89965153,34.700761795043945,24000,24000,3967,687,1.7524235781276765,0.11699770622596373,1.6133000135421753,1.865700042247772,-0.0021176470909267664,-0.029974713921546936,0.03331282987447839,0.15438690781593323,-1041.9221891462848,-1041.1013672588547,-5.004800405557993,-0.5017734823068167,-0.3261952809007198,False
348,1787909428.1300333,7087.99949157,34.80051779747009,24000,24000,3758,651,1.7535284177132648,0.11345228907391934,1.6260000467300415,1.8819999694824219,0.0006690995651297271,-0.02489088848233223,0.032917099836034025,0.18384701013565063,-1044.4846801538752,-1044.0812984023619,-5.0040842665097935,-0.07144858934452714,-0.022791795987814112,False
349,1787909428.23071,7088.09933301,34.90119457244873,24000,24000,3766,679,1.7471384394677996,0.10367672360066232,1.6137999653816224,1.8736000180244448,-0.0005145780742168427,-0.028433380648493767,0.0338591615669195,0.19769693911075592,-1047.6326838586383,-1047.0991558956132,-5.029819020417155,-0.1990119632562255,-0.402233558292437,False
350,1787909428.3300316,7088.19997771,35.000516176223755,24000,24000,3770,644,1.7517903706301814,0.1088433797181713,1.6263000428676606,1.8583999752998352,-0.00055482960306108,-0.026299165561795235,0.03374653842650652,0.21408677101135254,-1050.4848695087007,-1050.1845850591758,-5.023176714432957,-0.07141426377688731,0.03999497385120776,False
351,1787909428.430208,7088.29981655,35.10069251060486,24000,24000,3991,709,1.7505543008341609,0.09535398678909991,1.633399987220764,1.8559999465942383,0.0013317797565832734,-0.02798885852098465,0.033335017323269524,0.1751183420419693,-1053.1192479997871,-1053.1947213686526,-4.999654223224641,0.29963367666209706,0.4023510297442954,False
352,1787909428.5379558,7088.39965463,35.20844030380249,24000,24000,3874,716,1.7463226238442533,0.09562963216133873,1.621749997138977,1.8644999861717224,-0.0019412802066653967,-0.030312055721879005,0.035027058545455333,0.23057188093662262,-1056.0750477827644,-1056.144503369267,-4.981554194113087,0.5764143990040793,0.6475378311999975,False
353,1787909428.6329691,7088.49949275,35.30345368385315,24000,24000,3610,696,1.7359109200622844,0.07147835423682995,1.625,1.8372500240802765,-0.0019575695041567087,-0.03538144752383232,0.03410596932679378,0.23770880699157715,-1059.8740252779362,-1059.089169637302,-4.971348831349658,-0.37203232443403067,-0.23340392188879377,False
354,1787909428.7298481,7088.59932739,35.40033268928528,24000,24000,3856,729,1.7498696844600683,0.09418107154679083,1.6299999952316284,1.855799984931946,-0.002034820383414626,-0.03268539905548096,0.03338417275812688,0.2347748726606369,-1062.3426453016002,-1062.0007536078037,-4.971348831349658,0.06584972531504718,0.48622860649584254,False
355,1787909428.8309755,7088.69996431,35.50146007537842,24000,24000,4029,720,1.75242361045546,0.09705245704956728,1.6339999437332153,1.86899995803833,-0.003829877357929945,-0.030470730736851692,0.03364214802536257,0.21405881643295288,-1064.8460539254395,-1064.993497709754,-4.991899826790475,0.5964003793142183,0.822167490000993,False
356,1787909428.9302063,7088.79980225,35.600690841674805,24000,24000,3969,745,1.7454684567931515,0.09030978378890636,1.621999979019165,1.8650000095367432,0.0021907968912273645,-0.03231868892908096,0.03300949732299814,0.24884025752544403,-1068.4482541529414,-1068.0031292138026,-4.994910824992169,-0.02874174668932028,0.062339881609887016,False
357,1787909429.0312932,7088.89964709,35.7017776966095,24000,24000,3849,693,1.7547085168213727,0.10872416476331696,1.6349999904632568,1.875,0.00019572238670662045,-0.03137277066707611,0.032101134039812046,0.22623410820960999,-1071.3815346075642,-1071.0054269616953,-5.003226792993539,0.07072108658576326,0.1986728240467528,False
358,1787909429.1303403,7088.99949619,35.800824880599976,24000,24000,3869,661,1.7415400898582816,0.08291016062992465,1.61899995803833,1.8519999980926514,0.0003896114067174494,-0.03507174924015999,0.032030980542199,0.23362544178962708,-1074.7407758005832,-1074.0286413395343,-5.007271709762955,-0.31696972407780777,-0.2516692474900992,False
359,1787909429.2305267,7089.09934339,35.9010112285614,24000,24000,3891,665,1.7481624061899974,0.09342607668695295,1.617199993133545,1.8746000289916989,0.000855166232213378,-0.03450838848948479,0.030992016836482943,0.23591457307338715,-1077.3177776940797,-1077.0234086446067,-5.015823520280057,0.11175523499514384,0.22406715972169877,False
360,1787909429.3299768,7089.19998703,36.00046133995056,24000,24000,3982,702,1.7455327629703403,0.09433019939564735,1.6170499861240386,1.8618999898433684,-0.004521696362644434,-0.037814054638147354,0.03097705780372177,0.28668856620788574,-1080.193117360658,-1080.0724338569246,-5.01821063472767,0.2200543213587025,0.03649642961909194,False
361,1787909429.4312882,7089.29983019,36.10177278518677,24000,24000,3862,650,1.7509415404613202,0.11710692000883717,1.6224500000476838,1.8771000325679779,0.0006504596094600856,-0.039082396775484085,0.029559284738079377,0.1656658798456192,-1083.155498883519,-1083.1193112118576,-5.011102159746785,0.2971541012432226,0.22165856056471966,False
362,1787909429.532338,7089.39967687,36.20282244682312,24000,24000,3868,618,1.7559902920692099,0.12173847629993584,1.6158500492572785,1.9212999999523162,-0.0012787125306203961,-0.04038746654987335,0.028700597715134068,0.24991416931152344,-1086.4376174782417,-1086.1218079693303,-5.005538900051993,0.04666294482558442,-0.05691329251590105,False
363,1787909429.6300342,7089.49952547,36.30051875114441,24000,24000,3949,641,1.7457347903720302,0.10725235240281132,1.6089999675750732,1.875,-0.0019076094031333923,-0.04424292966723442,0.02808763800671797,0.21127364039421082,-1089.4219976553134,-1089.093543079723,-4.993608263151583,-0.006695079323890241,-0.18595004705503015,False
364,1787909429.7301414,7089.59935613,36.40062594413757,24000,24000,4021,631,1.7455388262230318,0.10508599933620659,1.6069999933242798,1.890999972820282,-0.003815909381955862,-0.04886870086193085,0.027465685072606067,0.21560099720954895,-1092.8994103363864,-1092.0973056796101,-5.00393782676601,-0.48075566465263364,-0.7046331408262176,False
365,1787909429.8299665,7089.69961517,36.50045108795166,24000,24000,3964,630,1.739523804755438,0.08814287248232426,1.612450009584427,1.8580000400543213,-0.004642249085009098,-0.0444963239133358,0.02702863044142166,0.26268470287323,-1095.4849711058894,-1095.0941525904616,-5.0201364947501315,-0.07142619782189286,-0.5913950450558332,False
366,1787909429.9316432,7089.79945771,36.60212779045105,24000,24000,3895,638,1.7398683389526175,0.0990361967918531,1.6041000127792358,1.875599992275238,-0.004612908698618412,-0.04611573740839958,0.02687218330896798,0.24558362364768982,-1098.3099426686447,-1098.1043008759434,-4.993477897821053,0.15404175739809034,-0.060837037128067095,False
367,1787909430.030469,7089.89930067,36.70095348358154,24000,24000,3871,654,1.7468409786166037,0.11588064013898901,1.6080000400543213,1.875,-0.0067186253145337105,-0.04493569955229759,0.026947718250995983,0.26279565691947937,-1101.2607567141351,-1101.0796857921353,-4.993477897821053,0.16813306688140983,-0.0325419442438033,False
368,1787909430.131434,7089.99994187,36.801918506622314,24000,24000,3997,660,1.7455121195677554,0.10520706133262163,1.6059499502182006,1.883050012588501,-0.0037503112107515335,-0.04204792156815529,0.0265711183592035,0.268873006105423,-1104.5269205747488,-1104.0740783983524,-5.0071712888493165,-0.06894262853825239,-0.3204486439494758,False
369,1787909430.2299852,7090.09979619,36.90046977996826,24000,24000,3873,632,1.7446408228406423,0.11693134553246919,1.5995500028133391,1.8748000025749203,-0.006860093213617802,-0.04590066894888878,0.02618119623015243,0.2286541759967804,-1107.726016165288,-1107.110111429963,-5.0071712888493165,-0.3113658312897769,-0.5008064990827279,False
370,1787909430.329742,7090.19963639,37.00022649765015,24000,24000,3695,611,1.747553188359874,0.12471715221623601,1.609000027179718,1.8890000581741333,-0.006806083954870701,-0.04380318894982338,0.025878151537299426,0.20611731708049774,-1110.2301421842012,-1110.1167765087669,-5.001581188186855,0.177345508995586,-0.20362741992289557,False
371,1787909430.430008,7090.29948491,37.10049247741699,24000,24000,3670,590,1.737564408375045,0.10558054483419446,1.5974500238895417,1.8491000354290008,-0.010493970476090908,-0.04576879367232323,0.02616620955801007,0.18435119092464447,-1113.0757798325724,-1113.085187913444,-4.99750590291895,0.3398237757833158,-0.08522836527322397,False
372,1787909430.5298257,7090.39932599,37.20031023025513,24000,24000,3739,623,1.7479887626718364,0.12408412417331074,1.6081000328063966,1.8700000047683716,-0.007997006177902222,-0.04352221637964249,0.02693018638069413,0.16055546700954437,-1116.163742154103,-1116.042138974107,-4.9973445569704324,0.24652995124438348,0.04094198756570222,False
373,1787909430.6299784,7090.49996123,37.3004629611969,24000,24000,3767,655,1.741186261177063,0.13100303121313328,1.5986999988555908,1.867500054836273,-0.0136999087408185,-0.042392365634441376,0.02678121223050897,0.17009642720222473,-1119.3537673477379,-1119.0198350310302,-4.995569142492423,0.06122305381654769,-0.21861282606823806,False
374,1787909430.7305794,7090.59980323,37.40106391906738,24000,24000,3616,590,1.7415474592629125,0.12218036332459026,1.612450009584427,1.8695499837398528,-0.010628355666995049,-0.0433475635945797,0.027088606443142278,0.11131006479263306,-1122.854725328974,-1122.0583581018182,-5.016454695615632,-0.421569213045359,-0.8604131305635292,False
375,1787909430.8298655,7090.69964193,37.50034999847412,24000,24000,3639,584,1.7392910982239735,0.11975922566958937,1.6021500051021575,1.8605499565601349,-0.014493929222226143,-0.04683982580900192,0.027504742716163964,0.1027035042643547,-1125.7044245119603,-1125.1279979778951,-4.997799985387062,-0.29255082590862,-0.628986105924696,False
376,1787909430.9310265,7090.79947699,37.601511001586914,24000,24000,3590,562,1.7454893245391574,0.13710366633205565,1.5959999561309814,1.8698000073432919,-0.017820244655013084,-0.04276690632104874,0.027753942504055776,0.1106146052479744,-1127.8088803059886,-1128.1015620974465,-4.982328983904494,0.6379612142641236,0.7044016621605351,False
377,1787909431.0318537,7090.89931403,37.702338218688965,24000,24000,3717,624,1.7457451900610557,0.13157168438009664,1.5992999732494355,1.8697000086307527,-0.019121937453746796,-0.045146457850933075,0.0284264470226762,0.114643394947052,-1131.6940029674674,-1131.1050921451672,-4.96577452470646,-0.2222076478190047,-0.5712324573696606,False
378,1787909431.1309128,7090.99996775,37.8013973236084,24000,24000,3521,581,1.7426970749836985,0.11469497900920177,1.5980000495910645,1.8940000534057617,-0.01767493225634098,-0.03989235684275627,0.02935792654069929,0.04345633089542389,-1134.4364583040283,-1134.04495840106,-4.96577452470646,0.007245042075737729,-0.28089192614311287,False
379,1787909431.2305462,7091.09981915,37.90103077888489,24000,24000,3481,551,1.7463502717321018,0.10698475199069513,1.6040000319480896,1.8690000176429749,-0.01680932566523552,-0.037250738590955734,0.0297908213092963,0.04480139538645744,-1137.259233216114,-1137.0580816680097,-4.982120100232619,0.1736094491930089,-0.18645158598724265,False
380,1787909431.330694,7091.19964405,38.0011785030365,24000,24000,3567,598,1.7498193967302507,0.12400448832207797,1.6059999465942383,1.8761500358581542,-0.01614345982670784,-0.035640135407447815,0.030652300848327513,0.07475680112838745,-1140.2296320996961,-1140.0625872486937,-4.982803720306204,0.20777865129571182,-0.1461691812733079,False
381,1787909431.4299853,7091.29948977,38.10046982765198,24000,24000,3685,585,1.754225640419202,0.12683202741945965,1.6150000095367432,1.8786000013351438,-0.018100934103131294,-0.03015296161174774,0.03117722506277655,0.12168361991643906,-1143.5677572079956,-1143.0101892751388,-4.982803720306204,-0.15147152347640258,-0.3729623138581246,False
382,1787909431.5296319,7091.39933131,38.20011639595032,24000,24000,3631,602,1.7473421944336243,0.12155626719857007,1.6030500411987305,1.8817999720573422,-0.0114582609385252,-0.034353770315647125,0.03155116186668274,0.16097678244113922,-1146.6762341198544,-1145.964188982902,-4.990917230319273,-0.2704157076223055,-0.8726599498177166,False
383,1787909431.6306524,7091.49997485,38.30113697052002,24000,24000,3515,568,1.7543362670801055,0.12722862463456547,1.608050000667572,1.909950006008148,-0.018287379294633865,-0.030403969809412956,0.03129922901554001,0.16043759882450104,-1149.737717342924,-1148.9658653952029,-4.996130383840115,-0.30114414399122325,-0.6962374928916688,False
384,1787909431.7322047,7091.59980917,38.40268921852112,24000,24000,3492,560,1.7517428562045096,0.11840267425967096,1.610949945449829,1.8630500316619873,-0.01522951852530241,-0.03179066255688667,0.03198819854731313,0.15487463772296906,-1151.795051426207,-1151.9412732934998,-5.007725528001793,0.6882274862950908,0.29647885902045346,False
385,1787909431.8429651,7091.69963253,38.51344966888428,24000,24000,3739,607,1.752344316666366,0.1171515111006748,1.6106000065803527,1.8833999514579771,-0.0125668253749609,-0.03233996033668518,0.03197648911593704,0.19113293290138245,-1154.6278823443795,-1154.9547506285055,-5.019807353289489,1.178360890441354,1.4188087313616506,False
386,1787909431.9297829,7091.79945205,38.60026741027832,24000,24000,3825,641,1.7531248053968789,0.12230281313173229,1.6039999723434448,1.9129999876022339,-0.017828404903411865,-0.030324110761284828,0.033060973183516425,0.1419551968574524,-1158.5614254078057,-1157.9899729797644,-5.019125043697378,-0.15053172013085714,-1.0120543641126005,False
387,1787909432.0307357,7091.89929549,38.70122027397156,24000,24000,3731,634,1.753654571173695,0.13258380829833982,1.6059999465942383,1.896100026369095,-0.013393164612352848,-0.02774331159889698,0.03411585832019161,0.18201559782028198,-1160.9409171548198,-1160.9985445248406,-5.009078516440021,0.49869990106662954,0.05717937117606198,False
388,1787909432.1312447,7091.99993891,38.80172920227051,24000,24000,3784,622,1.750930868736034,0.12110027239322423,1.619049960374832,1.871999979019165,-0.012184136547148228,-0.02601630985736847,0.03359084660990883,0.2715984284877777,-1164.7315477402665,-1164.044588667723,-5.014428592845034,-0.27652598245936133,-0.8097863510345178,False
389,1787909432.2301695,7092.09977821,38.90065407752991,24000,24000,3899,629,1.7569268699291212,0.1372021407140629,1.6180000305175781,1.8906000137329102,-0.013075304217636585,-0.025609469041228294,0.034681903458470976,0.20031781494617462,-1167.0095443428825,-1167.0382831367253,-5.012244486811011,0.4133583688121689,-0.5090730112792698,False
390,1787909432.330625,7092.19961383,39.00110960006714,24000,24000,4069,667,1.7604707624243832,0.13037711203444938,1.6269999742507935,1.878800010681152,-0.010997321456670761,-0.02215217612683773,0.03447103871013134,0.261029452085495,-1170.3942922175856,-1170.067187075095,-5.025336528247915,0.042412950460857246,-1.085200534507976,False
391,1787909432.43055,7092.29947827,39.10103464126587,24000,24000,3878,621,1.7529355884558144,0.1055906561659782,1.628000020980835,1.8680000305175781,-0.010110159404575825,-0.020912617444992065,0.03541722530062133,0.2913881838321686,-1173.8990147805214,-1173.1272775955276,-5.017020623947236,-0.46442231858145533,-1.8832262388846175,False
392,1787909432.530347,7092.39931421,39.20083165168762,24000,24000,3910,577,1.752904681647051,0.11469159941195615,1.6200000047683716,1.8731999874114986,-0.007089994382113218,-0.017595022916793823,0.034672301531219224,0.26783668994903564,-1176.7888783100925,-1176.152419605247,-5.029827135571374,-0.36023965189519913,-2.06735848223866,False
393,1787909432.631023,7092.49995205,39.30150747299194,24000,24000,4060,594,1.7458249143879823,0.10014284587961488,1.6243000090122224,1.8613499581813813,-0.0034461519680917263,-0.019140979275107384,0.0354303829867533,0.2380007803440094,-1179.1273132821764,-1179.1953337616255,-5.042614905287323,0.3217370953441332,-0.9808465572775731,False
394,1787909432.7316175,7092.59979245,39.40210199356079,24000,24000,4119,595,1.746593277193919,0.11095565330349523,1.6227000117301942,1.8639999628067017,-0.0021885293535888195,-0.016707932576537132,0.03517630926855507,0.1423349827528,-1182.603197264614,-1182.2765452214785,-5.0324196349594,-0.13617430053341195,-1.164677834054828,False
395,1787909432.843726,7092.69964007,39.51421046257019,24000,24000,4000,587,1.7556030658887638,0.1274610874495384,1.6263000249862671,1.9019999504089355,-0.001908678445033729,-0.020761948078870773,0.03580145270506058,0.11324157565832138,-1185.824308279011,-1185.261169314603,-4.996318661039145,0.006121402237795337,-0.7530792257632584,False
396,1787909432.937489,7092.79947873,39.60797357559204,24000,24000,3774,529,1.7533100203440184,0.12592098674574598,1.6257999897003175,1.8753999948501585,-0.0020690064411610365,-0.019567547366023064,0.03668384139725117,0.04145396873354912,-1188.731444959483,-1188.196650679715,-5.008567720457683,-0.08799421972844357,-1.1533744713826763,False
397,1787909433.0311358,7092.89931453,39.70162034034729,24000,24000,4055,556,1.7505305728895202,0.12538777719246855,1.6312499642372131,1.9107499718666077,0.0005316073657013476,-0.022178931161761284,0.03750677629494756,0.12248124927282333,-1191.1505886964817,-1191.2150134416122,-4.994857049529113,0.3023924953608912,-0.33128830953069155,False
398,1787909433.1314702,7092.99994951,39.80195474624634,24000,24000,4313,600,1.748790002266566,0.11507202887786958,1.6319499731063842,1.8820999681949615,-0.0014803216326981783,-0.02257687598466873,0.0374132981266616,0.16737699508666992,-1194.3701501496612,-1194.196538298723,-5.001480680227164,0.09299983447544946,-0.6336003706696829,False
399,1787909433.2317536,7093.09978233,39.90223813056946,24000,24000,4063,535,1.7480074755499295,0.11850923294666925,1.632700002193451,1.8645999908447264,0.004971925634890795,-0.02049841918051243,0.03731821935605241,0.1252111941576004,-1198.0494806533045,-1197.1648861461977,-4.978762658245791,-0.5776925936229418,-1.2226385180770194,False
400,1787909433.330067,7093.19961019,40.00055146217346,24000,24000,4095,539,1.746456402573382,0.0940120948907352,1.6379000067710876,1.92319997549057,0.00381853268481791,-0.026085132732987404,0.03796265474462531,0.1516903191804886,-1200.5152560305114,-1200.1071264444738,-4.993514207860891,-0.09393415928184368,-0.17531897408957775,False
401,1787909433.4298205,7093.29946123,40.10030508041382,24000,24000,4093,511,1.7619197632235324,0.1319557492920465,1.6294999718666077,1.9815000295639038,0.003671768819913268,-0.026877153664827347,0.03828115640581899,0.15078680217266083,-1202.8394394815655,-1203.1022943481382,-4.999491351966196,0.5746267613967575,0.5987241625091428,False
402,1787909433.5348592,7093.39931529,40.20534372329712,24000,24000,4058,485,1.750740206364504,0.11344477608056941,1.6355999946594237,1.910799956321716,0.0031931602861732244,-0.025420699268579483,0.03790630317413134,0.16807714104652405,-1206.529896372061,-1206.1241998937837,-5.0161378422688445,0.03547217801133229,0.04178405930565532,False
403,1787909433.631283,7093.49993657,40.30176758766174,24000,24000,4129,490,1.752902038000068,0.1005461688350878,1.6390000581741333,1.9035500228404998,0.004135891795158386,-0.027425896376371384,0.0376267744654135,0.2544114887714386,-1209.540378555601,-1209.131381030963,-5.009086619042665,-0.08216278386043996,-0.027432615310090114,False
404,1787909433.7302423,7093.59976835,40.40072679519653,24000,24000,4051,494,1.761947370492495,0.11813339489235089,1.6499500155448914,1.9505000233650205,0.006429875735193491,-0.027905497699975967,0.03607799508226071,0.2830808758735657,-1212.1888288552689,-1212.0693484738074,-5.0279127842523295,0.23829788536772867,0.25897769245034397,False
405,1787909433.830317,7093.69962289,40.50080156326294,24000,24000,4041,471,1.7635541405141226,0.1281590276908649,1.6489999890327454,1.94650000333786,0.012518328614532948,-0.03541366010904312,0.03598933314208016,0.2842084467411041,-1215.4834718352379,-1215.0795805442303,-5.03893160101267,-0.053965790809570535,0.07047528944167425,False
406,1787909433.929996,7093.79945443,40.60048055648804,24000,24000,4039,409,1.7564621029972738,0.1225235374946669,1.6544000148773192,1.8652000188827513,0.013135719113051891,-0.035121653228998184,0.035163118463416555,0.2411198765039444,-1218.7428947225176,-1218.1620481874618,-5.030564975131408,-0.32288315842379234,-0.26099083872577467,False
407,1787909434.0306463,7093.89930127,40.701130867004395,24000,24000,4157,452,1.7728429194045279,0.1385385305380057,1.6540000438690186,2.00039991736412,0.017780611291527748,-0.03643454983830452,0.034555858667291675,0.22407491505146027,-1221.4085824058461,-1221.2292046115435,-5.026790848841686,0.031075519196519963,0.2076436765573817,False
408,1787909434.1317344,7093.99993505,40.80221891403198,24000,24000,3978,437,1.7598855820073143,0.10873857949653278,1.6534000396728517,1.8747999668121338,0.01383305061608553,-0.0388016551733017,0.034057561004340646,0.2152967005968094,-1224.0845089114355,-1224.2494148543879,-5.009749171572649,0.38792806591504814,0.35480301436541595,False
409,1787909434.2336488,7094.09977449,40.904133319854736,24000,24000,4046,445,1.757366291056858,0.10430354014032983,1.6432000160217286,1.872799968719482,0.00920747872442007,-0.04116462916135788,0.0334246512474529,0.15620923042297363,-1228.026392376676,-1227.2674072228708,-5.015204451700213,-0.49638445799268993,-0.3543570384206305,False
410,1787909434.3306053,7094.19960953,41.00108981132507,24000,24000,4056,456,1.7671403511051547,0.12586284842649664,1.6487500369548798,1.8899999856948853,0.008102663792669773,-0.04107898101210594,0.031727313627946244,0.15657758712768555,-1230.8047265449386,-1230.2644434428735,-5.0190548861455335,-0.3658918661908501,-0.43773989559326765,False
411,1787909434.4302392,7094.29944545,41.10072374343872,24000,24000,4260,502,1.7584243046335015,0.10224744712567409,1.6480500042438506,1.9035500407218933,0.009240112267434597,-0.04267360642552376,0.03180049057009233,0.15178820490837097,-1233.3295970999766,-1233.2574719129814,-5.00204928564347,0.09839120373794685,0.18711870598781388,False
412,1787909434.5300162,7094.39928333,41.20050072669983,24000,24000,4049,437,1.7518695671989388,0.08478956419920661,1.6438000440597533,1.875600004196167,0.003992947284132242,-0.042881980538368225,0.029312470583413627,0.17421352863311768,-1236.4649062416408,-1236.2464926332138,-5.00204928564347,-0.043472583757193206,0.07790918442128714,False
413,1787909434.6354578,7094.49991827,41.30594229698181,24000,24000,3744,401,1.752443890024599,0.10395745675981861,1.6349999904632568,1.878000020980835,0.010981663130223751,-0.045421965420246124,0.029163395781031835,0.18784719705581665,-1239.7679097311457,-1239.2315056035704,-4.9975433748525555,-0.18308539556528558,-0.054368931592080116,False
414,1787909434.7298472,7094.59974805,41.40033173561096,24000,24000,4063,448,1.7587968754981245,0.11121640178110959,1.6463500022888184,1.9112499892711639,0.001376375905238092,-0.049149781465530396,0.028292506229361875,0.16576477885246277,-1243.2752943107012,-1242.2125108240516,-4.9975433748525555,-0.8586582955911126,-0.7197381689959457,False
415,1787909434.8298066,7094.69960305,41.50029110908508,24000,24000,4189,440,1.754259091886607,0.12405199921282752,1.641899961233139,1.8911000311374664,-0.0019720299169421196,-0.05269918590784073,0.027982993871384084,0.07840202748775482,-1245.9258659239483,-1245.189508294657,-4.981430976324862,-0.5103125999362419,-0.583258493609037,False
416,1787909434.9296017,7094.79945553,41.6000862121582,24000,24000,4047,407,1.754678133957509,0.11145246515499285,1.645299994945526,1.9107000231742857,-5.007610161555931e-05,-0.05121784657239914,0.028369659607110707,0.1846306174993515,-1248.2245234454813,-1248.1624980153863,-4.974051481827988,0.1850188517321385,0.12618604214799234,False
417,1787909435.0299132,7094.89928869,41.70039772987366,24000,24000,3969,416,1.7439375003943076,0.10364559958095844,1.63100004196167,1.89724999666214,-0.0007089548162184656,-0.052348729223012924,0.028603447029072412,0.17458201944828033,-1251.322726376618,-1251.1314799862403,-4.981001170620507,0.0962980362169219,0.022608362018900152,False
418,1787909435.1294537,7094.99992859,41.7999382019043,24000,24000,3954,407,1.7573366083149828,0.13350898058870986,1.6386000037193298,1.9272000074386595,-0.0038245078176259995,-0.05305881053209305,0.028821714811896045,0.14925068616867065,-1254.2263862766345,-1254.0964542072186,-4.966003599627378,0.17898783142186403,0.17107551073013383,False
419,1787909435.2301202,7095.09977799,41.90060472488403,24000,24000,4181,449,1.7476391967527054,0.11222113633013733,1.6319999694824219,1.897599983215332,-0.0071321711875498295,-0.050127703696489334,0.030356631798135848,0.18744350969791412,-1257.2015538083192,-1257.057420678321,-4.910523845006545,0.22395305666213972,0.3457991471505011,False
