scan_index,bag_stamp_s,header_stamp_s,time_s,input_point_count,finite_point_count,central_point_count,target_point_count,target_depth_mean_m,target_depth_std_m,target_depth_p05_m,target_depth_p95_m,target_u_centroid,target_v_centroid,target_radial_std,h5_magnitude,relative_angle_deg,offline_relative_angle_deg,local_rpm,raw_motion_residual_deg,heldout_motion_residual_deg,rejected_branch_boundary
0,1787909590.2337575,7250.09983613,0.0,24000,24000,4686,683,1.7240073218352623,0.11567271476902151,1.5870000123977661,1.873799955844879,-0.011664189398288727,0.016150332987308502,0.025022378907725382,0.2750721573829651,0.0,0.0,-15.022526473244943,0.15533550914186017,0.09882605526011387,False
1,1787909590.3327298,7250.19968325,0.09897232055664062,24000,24000,4595,717,1.7263430968820632,0.11317765228269315,1.5848000288009643,1.8652000188827513,-0.017915893346071243,0.015051687136292458,0.025187241407285586,0.31835293769836426,-8.856702658743389,-8.975994098762081,-15.022526473244943,0.20611022313369354,0.15716898398545354,False
2,1787909590.4330688,7250.29951801,0.1993112564086914,24000,24000,4575,741,1.7296734152213442,0.11151837321908226,1.590999960899353,1.8799999952316284,-0.018439816311001778,0.016681725159287453,0.02433606125679338,0.3382777273654938,-17.914124597468955,-17.95449698559909,-15.016908136323352,0.17916059908909432,0.3049019528972359,False
3,1787909590.5327308,7250.39934589,0.29897332191467285,24000,24000,4789,828,1.73589855187757,0.11294877678136626,1.5889999866485596,1.8806500256061554,-0.015548376366496086,0.018867352977395058,0.02493971378836513,0.32651469111442566,-27.10244904724201,-26.93550866051102,-14.980660052169702,-0.0396096518759812,-0.6470452789408903,False
4,1787909590.6331694,7250.49998367,0.3994119167327881,24000,24000,4652,850,1.7323141177962809,0.10758768027605393,1.5924500286579133,1.856549972295761,-0.014927204698324203,0.021086351945996284,0.023307515943495307,0.34790727496147156,-36.58183840462462,-35.91902912349787,-14.980660052169702,-0.4795574193275698,-0.7569619455994925,False
5,1787909590.7332797,7250.59982257,0.49952220916748047,24000,24000,4776,989,1.7378210313881854,0.10045847977058706,1.599399995803833,1.8702000141143797,-0.012750035151839256,0.029013093560934067,0.022169365031121817,0.4153461456298828,-45.56942075416965,-44.90505837455966,-14.969950794348648,-0.45724528903566153,-0.9580757344926454,False
6,1787909590.8327742,7250.69964713,0.5990166664123535,24000,24000,4919,1074,1.7367132220632315,0.0972853509965626,1.594650012254715,1.8569999933242798,-0.009747499600052834,0.03132025524973869,0.021226173473267402,0.42840486764907837,-54.65168462828986,-53.89359641369636,-14.956092855512637,-0.5850396545411627,-0.31605506758718604,False
7,1787909590.932763,7250.79948155,0.6990056037902832,24000,24000,5162,1104,1.7323405789076418,0.08618973028308699,1.6080000400543213,1.840000033378601,-0.010436478070914745,0.03107839822769165,0.021379373726412163,0.43242037296295166,-63.615815597263826,-62.884643240907984,-14.957571974669463,-0.550198060190823,-0.2689338265507146,False
8,1787909591.0318592,7250.89934153,0.7981016635894775,24000,24000,5181,1080,1.7337296300464207,0.07701353605027086,1.6129500329494477,1.8340499937534331,-0.005382607225328684,0.03627130389213562,0.02131077231567982,0.4807003140449524,-72.01796541074533,-71.87819885619454,-14.95956208245416,-0.0337340084615505,0.09499385643961489,False
9,1787909591.1331937,7250.99997491,0.8994362354278564,24000,24000,5030,1021,1.7338031335395416,0.0911278973318462,1.6039999723434448,1.8450000286102295,-0.003586617298424244,0.03220122680068016,0.021679930408441354,0.42320483922958374,-81.1763950244606,-80.87426325955602,-14.987213146205024,-0.0720843853804638,0.1970387456489533,False
10,1787909591.2330508,7251.09982197,0.999293327331543,24000,24000,5021,916,1.743340610807119,0.10233960995817584,1.6050000190734863,1.8792499601840973,-0.0017639297293499112,0.02850564569234848,0.02202308352504292,0.3820839822292328,-89.65843037023782,-89.87283645099106,-14.993007389923227,0.4329867814171564,0.49652627621554757,False
11,1787909591.3335419,7251.19967127,1.0997843742370605,24000,24000,5109,719,1.7328525735207825,0.1070648034328718,1.586900007724762,1.8632000327110292,-0.0002570782380644232,0.015213903039693832,0.022374728208720992,0.20119383931159973,-99.2424960525381,-98.88617546370808,-14.974309656347033,-0.10691663976786003,-0.014865026405558979,False
12,1787909591.4333014,7251.29950185,1.1995439529418945,24000,24000,5245,675,1.7306607414174964,0.10175308391235341,1.593999981880188,1.8492999911308288,-0.0048024035058915615,0.01042997743934393,0.023623457630325268,0.15459029376506805,-108.08009018034628,-107.8502045481129,-14.963260550147455,0.033819588115377996,0.14131772885905036,False
13,1787909591.5322185,7251.39933433,1.2984609603881836,24000,24000,5129,643,1.7277511677141324,0.09810562568723946,1.590999960899353,1.8589999675750732,-0.00959830079227686,0.006918333005160093,0.024722957921345445,0.15907058119773865,-116.6237023385994,-116.83096320732535,-14.95474955297873,0.39270664025772817,0.46579121954927416,False
14,1787909591.6334817,7251.49997803,1.3997242450714111,24000,24000,5015,631,1.7268177499483959,0.11287287565884699,1.5870000123977661,1.8680000305175781,-0.015562384389340878,0.005781577434390783,0.024341393454934,0.22306232154369354,-125.85243325856074,-125.82699089443707,-14.934647515621615,0.2776391358014507,0.5431124503842,False
15,1787909591.7338161,7251.59980901,1.500058650970459,24000,24000,5073,678,1.7216430689732938,0.1012158853486622,1.593000054359436,1.8684500336647032,-0.01977451518177986,0.0030319876968860626,0.02514264341394674,0.26871928572654724,-134.6824746897233,-134.7957222942281,-14.939326027121565,0.4776623249903196,0.9586450863314155,False
16,1787909591.832967,7251.69966395,1.5992095470428467,24000,24000,5139,765,1.7181607851015976,0.09248190346659853,1.5920000076293945,1.8318000078201293,-0.022464709356427193,0.010890313424170017,0.023335274402153182,0.3382223844528198,-143.915884136132,-143.73871800991554,-14.962826979317313,0.16780199093955162,0.4194278986699089,False
17,1787909591.932997,7251.79950605,1.6992394924163818,24000,24000,5003,838,1.7188102631409583,0.09554407410200129,1.585849976539612,1.8200000524520874,-0.02372376248240471,0.02134140394628048,0.02358451130275519,0.4174909293651581,-152.92567782275904,-152.70443578851274,-14.976216656842086,0.16067157419902856,0.07272941352232465,False
18,1787909592.0321064,7251.89934983,1.7983489036560059,24000,24000,4904,928,1.726863148911246,0.10010827693057636,1.5859999656677246,1.8402999699115752,-0.01860203966498375,0.031340498477220535,0.020980192703156725,0.47376513481140137,-162.81891433749874,-161.73667329725222,-14.991741484060265,-0.8127494499375416,-0.9305552007164977,False
19,1787909592.1335106,7251.99998829,1.8997530937194824,24000,24000,5080,1051,1.7299029503857715,0.0986707067983142,1.5959999561309814,1.843999981880188,-0.014261811040341854,0.03489581495523453,0.02113107676087568,0.49446526169776917,-171.3336773068685,-170.72490718216977,-14.991695805789261,-0.20116756439367123,-0.3406017532263661,False
20,1787909592.2333882,7252.09983683,1.9996306896209717,24000,24000,5127,1134,1.7259788380728827,0.09084249986800016,1.5886500120162963,1.8350499987602231,-0.014136884361505508,0.03680257871747017,0.021069513386371166,0.5220210552215576,-180.39870002537137,-179.70471260618658,-14.99294405913228,-0.2772384170405928,-0.055088785581261845,False
21,1787909592.3331878,7252.19967385,2.0994303226470947,24000,24000,4914,1019,1.7344543670648682,0.09806854359638438,1.6019999980926514,1.847000002861023,-0.010899960063397884,0.03809269145131111,0.021488086801699478,0.526502251625061,-188.665344941747,-188.69917626520603,-14.99294405913228,0.4380518984522439,0.7043440943531039,False
22,1787909592.4335635,7252.29952693,2.199805974960327,24000,24000,4846,973,1.7319208620018485,0.09064142080888912,1.6088000059127807,1.8513999700546264,-0.007029025349766016,0.03349720314145088,0.022081313453633847,0.463497519493103,-197.95369586320805,-197.67491197448382,-14.9942812685675,0.18347776150110917,0.09658261134890722,False
23,1787909592.5321865,7252.39936169,2.298429012298584,24000,24000,4783,866,1.7311166285367265,0.09524131134063067,1.600000023841858,1.8527500331401825,-0.0027785960119217634,0.03372342512011528,0.02122931635455405,0.46659621596336365,-206.46803728237745,-206.65914171647205,-14.9942812685675,0.5451783364991627,0.3029168607022541,False
24,1787909592.6323268,7252.49960359,2.398569345474243,24000,24000,4858,807,1.7361115236412341,0.11498613829954737,1.5973000168800353,1.8677000164985655,-0.006426079198718071,0.02699480764567852,0.02242949376046748,0.37873828411102295,-214.98292216220085,-215.62414351881867,-15.000143201596195,1.0428915936454928,0.9793755302441127,False
25,1787909592.7323983,7252.59944065,2.498640775680542,24000,24000,4845,828,1.7244287434119534,0.108674819061302,1.5829999446868896,1.878000020980835,-0.007776636630296707,0.021490469574928284,0.02312597600630561,0.31229934096336365,-224.61227173334655,-224.6404698728676,-15.005338029032929,0.4199389141411416,-0.07549577584455847,False
26,1787909592.8322651,7252.69928715,2.5985076427459717,24000,24000,4640,820,1.7232768305918065,0.10867947839056157,1.5859999656677246,1.8490499794483184,-0.010610249824821949,0.02295762300491333,0.023275909594214998,0.33841100335121155,-234.15741449047977,-233.63494260465032,-14.993009088861319,-0.13721756896927673,-0.27618565895872393,False
27,1787909592.9333029,7252.79993085,2.699545383453369,24000,24000,4602,825,1.7386278789693659,0.120538097991317,1.5772000074386596,1.8826000213623046,-0.01245664618909359,0.02642066776752472,0.024156377096584632,0.3862846791744232,-243.3397271394669,-242.62960871034343,-14.985771309124454,-0.2261656885435741,-0.3363636590895567,False
28,1787909593.0328705,7252.89977903,2.7991130352020264,24000,24000,4779,792,1.7334760124936248,0.11358687783940714,1.5820000171661377,1.8594499886035918,-0.008341201581060886,0.031212307512760162,0.02272566855213202,0.4139845371246338,-251.72857992839576,-251.5933003846998,-15.00656325594685,0.3460385132039221,0.1699650473080112,False
29,1787909593.1331065,7252.99963099,2.8993489742279053,24000,24000,4857,853,1.7382297789784975,0.11708515501777908,1.585599994659424,1.8650000095367432,-0.009978530928492546,0.035213738679885864,0.023023162211833936,0.4650390148162842,-260.84210986427695,-260.63263293911086,-15.015374690673662,0.2537112104055268,0.07461601743364099,False
30,1787909593.2329412,7253.09946771,2.9991836547851562,24000,24000,4725,883,1.7410928671114307,0.11068381857937995,1.5830999493598938,1.8668999910354613,-0.00906077679246664,0.037462685257196426,0.021827085619689567,0.48862800002098083,-270.25279611967005,-269.7318905752907,-15.039300160142433,-0.17188554646418197,-0.40169972343977633,False
31,1787909593.3372269,7253.19931367,3.1034693717956543,24000,24000,4501,840,1.7393535724708011,0.10750764809718151,1.5839999914169312,1.8730000257492065,-0.010947669856250286,0.034266114234924316,0.023017917245588906,0.45354020595550537,-278.50375216795686,-278.8338319663477,-15.03270815648497,0.9628397689477879,0.8491281154914532,False
32,1787909593.433418,7253.29995979,3.199660539627075,24000,24000,4934,920,1.7318978256505468,0.1010575628171947,1.5759499788284301,1.8570499956607818,-0.010217051021754742,0.03324573487043381,0.023344826598092883,0.43655094504356384,-288.361723364858,-287.8407020707331,-15.03270815648497,-0.23795691596433244,-0.38096593909887133,False
33,1787909593.5332105,7253.39978935,3.299453020095825,24000,24000,5042,928,1.7390948286087349,0.1026397436370131,1.5850499987602233,1.8630000352859497,-0.009994934312999249,0.034965869039297104,0.02256619847064797,0.4617444574832916,-297.40638114556947,-296.9090851975861,-15.04016268171766,-0.3013231926960884,-0.1713569659277141,False
34,1787909593.6338482,7253.49963257,3.4000906944274902,24000,24000,4912,912,1.734964913966363,0.09544277184532511,1.5820000171661377,1.8669999837875366,-0.004171847831457853,0.03202982246875763,0.023728950370715415,0.4185422360897064,-306.38107419277446,-305.9519743789304,-15.003449117441745,-0.21865755706625123,-0.05544497516410729,False
35,1787909593.7332013,7253.59947853,3.499443769454956,24000,24000,4864,866,1.72966050950264,0.10439461484430129,1.5842500030994415,1.8677500188350677,-0.0026651720982044935,0.030016273260116577,0.02263344925267842,0.39617934823036194,-314.85939902501997,-314.94182353775807,-14.99420250566966,0.24476276470176117,0.5190792126440442,False
36,1787909593.8324244,7253.69931751,3.5986669063568115,24000,24000,4904,755,1.732705959579013,0.1135454485214688,1.5844000101089477,1.8801999688148496,-0.007659074850380421,0.024045908823609352,0.02441221410029948,0.33281975984573364,-323.8230158547978,-323.8995154975334,-14.986755475963648,0.21119669895836068,0.48140524603377344,False
37,1787909593.9348302,7253.79996239,3.7010726928710938,24000,24000,5174,793,1.722324085115334,0.10699597669556918,1.5850000381469727,1.860800004005432,-0.007772747427225113,0.015338374301791191,0.025085367093944745,0.23422373831272125,-332.90836670008485,-332.90020857911446,-14.991316402488868,0.34233407060764875,0.6448941856588135,False
38,1787909594.033666,7253.89981437,3.799908399581909,24000,24000,5031,749,1.7221001334120338,0.11721267504080468,1.5800000429153442,1.8735999822616578,-0.011814347468316555,0.015642091631889343,0.025216847928893983,0.2619762122631073,-342.3865208877069,-341.90468723139696,-14.989076901030414,-0.24063794695450724,-0.25316565943148817,False
39,1787909594.1341112,7253.99963689,3.9003536701202393,24000,24000,4696,791,1.7227926686801742,0.11118464471824571,1.5759999752044678,1.8579999804496765,-0.01321504171937704,0.015840357169508934,0.02566855037062366,0.28095167875289917,-351.6560205674914,-350.8541596234384,-14.989346969373628,-0.4700952241117875,-0.7685150819789897,False
40,1787909594.2339454,7254.09946083,4.000187873840332,24000,24000,4633,768,1.7245664062599342,0.11541243031412196,1.5889999866485596,1.8675999760627746,-0.01692664809525013,0.015980979427695274,0.025633411858371178,0.31802985072135925,-359.7052405195533,-359.8276525459505,-14.993237664271156,0.4657314071570795,0.374856237919289,False
41,1787909594.3331974,7254.19930507,4.099439859390259,24000,24000,4701,744,1.72462903059298,0.10256136675724563,1.5901500225067138,1.8674000203609467,-0.0173201821744442,0.016035543754696846,0.02589894793341835,0.3202018141746521,-368.8215685672038,-368.7920178751023,-14.993237664271156,0.2820504926922922,0.32970688766539524,False
42,1787909594.4341161,7254.29993461,4.200358629226685,24000,24000,4614,693,1.7325382370281357,0.10956364165418181,1.5989999771118164,1.8772000074386597,-0.015076828189194202,0.017749400809407234,0.024384072982496247,0.3153558671474457,-378.54312201683484,-377.7102839861191,-14.999687380166273,-0.3568457680755728,-0.6155317860340688,False
43,1787909594.5339034,7254.39976751,4.300145864486694,24000,24000,4570,760,1.7340263183179654,0.11266908859290307,1.5889999866485596,1.8820499718189239,-0.012815341353416443,0.018664076924324036,0.024040366685111333,0.3039020001888275,-387.05404689001153,-386.7180624096401,-15.01206641137312,0.11304879560896097,0.2897550542754175,False
44,1787909594.6335988,7254.49960049,4.39984130859375,24000,24000,4602,831,1.7334837567791899,0.11960361040433995,1.5925000309944153,1.871500015258789,-0.014188998378813267,0.022020554170012474,0.023009220012202097,0.3527994155883789,-395.7430310648003,-395.7159983493682,-15.023922780961994,0.396622883109103,0.5861225797096381,False
45,1787909594.7339644,7254.59944759,4.50020694732666,24000,24000,4831,974,1.7337813138717009,0.10025584866553011,1.5959499955177308,1.8589999675750732,-0.013367969542741776,0.025855325162410736,0.023341937575378932,0.3854442536830902,-404.42039356853275,-404.73118704068446,-15.046357148854014,0.75213594484228,1.3053177217028065,False
46,1787909594.8323336,7254.69967331,4.598576068878174,24000,24000,5079,1089,1.7415803490263042,0.09129325474992114,1.5920000076293945,1.8589999675750732,-0.00807636696845293,0.03288252279162407,0.021360557987565566,0.4517958164215088,-414.0013991075756,-413.7426977013489,-15.046357148854014,0.024320059915908132,-0.0399140072352111,False
47,1787909594.9332652,7254.79951179,4.699507713317871,24000,24000,4979,1041,1.7330864555668533,0.08613601875702838,1.600000023841858,1.843000054359436,-0.007025518920272589,0.034436631947755814,0.020107040699172213,0.46746572852134705,-422.8224375627273,-422.8222566584892,-15.052354451685572,0.2870975038270558,0.1596391167061597,False
48,1787909595.0320177,7254.89934543,4.79826021194458,24000,24000,5046,1068,1.7343960691257363,0.08403784320726086,1.6143499791622162,1.846950042247772,-0.006058099213987589,0.03630487993359566,0.021226572281835228,0.48685815930366516,-432.0038155357017,-431.82868564943436,-15.023093208693957,-0.00658700019329217,-0.01500183261219945,False
49,1787909595.1337466,7254.99998845,4.899989128112793,24000,24000,5165,1043,1.7391275172036995,0.09034273591601318,1.6089999675750732,1.8580000400543213,-0.005624412093311548,0.03215642645955086,0.021234437950007536,0.4319538176059723,-441.1992047415442,-440.89387341249034,-15.017536926263206,-0.04640610497244779,-0.08498219119837813,False
50,1787909595.2332551,7255.09983705,4.999497652053833,24000,24000,5238,993,1.7348408870706626,0.09851939777455865,1.591599988937378,1.866800045967102,-0.005155785009264946,0.024853616952896118,0.022071315274842327,0.33366987109184265,-449.86773488943896,-449.9610665924442,-15.029638649803735,0.24079925392868518,0.2914660438173087,False
51,1787909595.3336904,7255.19970453,5.099932909011841,24000,24000,5105,740,1.7383324321862814,0.1062586924165589,1.5950000286102295,1.8761000454425811,-0.006458561401814222,0.013854051008820534,0.02392873843119372,0.20119920372962952,-459.47354757259455,-458.92552360143014,-15.019008687132855,-0.32587224564395,-0.4098959468560679,False
52,1787909595.4333465,7255.29953889,5.199589014053345,24000,24000,5024,665,1.736460152425264,0.10831029052848376,1.5913999795913696,1.8736000061035154,-0.009288075380027294,0.009098704904317856,0.0248284228650044,0.17082510888576508,-468.4801528700316,-467.90253988199066,-15.003428392135959,-0.3634597841802929,-0.269713139136627,False
53,1787909595.5327563,7255.39937439,5.298998832702637,24000,24000,5066,673,1.7293788989975407,0.10077419221512218,1.588199996948242,1.8625999689102173,-0.012167546898126602,0.007038101553916931,0.025461901008326546,0.186711847782135,-477.1416145597096,-476.98686299460667,-15.027119593336145,-0.078069411927288,-0.2315298882596153,False
54,1787909595.6324742,7255.49961381,5.398716688156128,24000,24000,5226,673,1.7262659738889243,0.10255548070664285,1.590000033378601,1.8676000356674194,-0.0137525899335742,0.0069229742512106895,0.024761475855198764,0.2068275362253189,-486.5995286479052,-486.0255093141963,-15.029665623938039,-0.5614082237825642,-0.8091009453791571,False
55,1787909595.732916,7255.59944941,5.499158620834351,24000,24000,5088,644,1.7201024847371238,0.09712462605863582,1.5871500194072723,1.8509999513626099,-0.018777044489979744,0.004590172786265612,0.024894660689944552,0.2585640251636505,-495.75711513220006,-495.003361309675,-15.056284823564967,-0.6792527117983127,-1.0232814506513819,False
56,1787909595.8327322,7255.69929477,5.598974704742432,24000,24000,4940,700,1.7138057145050594,0.09923625005335922,1.5880000591278076,1.8210499823093413,-0.02007720060646534,0.010092047043144703,0.023231256156600138,0.3090731203556061,-504.54720791449074,-504.02493268619,-15.04621062747549,-0.48592968807639636,-0.7422428614993919,False
57,1787909595.9334075,7255.79992571,5.699650049209595,24000,24000,4943,795,1.7178314480391688,0.09278079725521668,1.5877000451087953,1.8320000171661377,-0.023601258173584938,0.017669394612312317,0.023165225816670135,0.39534860849380493,-512.348034715882,-513.053025478302,-15.040365591025342,0.7739924935812041,0.833016256713222,False
58,1787909596.0330737,7255.89976359,5.799316167831421,24000,24000,5074,1016,1.724257873620574,0.09253968999408393,1.5875000357627869,1.8309999704360962,-0.01892615295946598,0.031079713255167007,0.021834120184252327,0.47897082567214966,-522.139968455599,-522.0949102915067,-15.05043279528347,-0.048022268190948125,0.042447207095392514,False
59,1787909596.1332562,7255.99960503,5.899498701095581,24000,24000,5177,1036,1.7341602323828518,0.10115436802163318,1.5847500264644623,1.860500007867813,-0.012875501066446304,0.03566660359501839,0.02016369980945394,0.5079226493835449,-530.7316971419637,-531.1380106380702,-15.047232430349446,0.3766451769579362,0.9830583339945633,False
60,1787909596.2328315,7256.09944619,5.9990739822387695,24000,24000,4998,1069,1.7318129096776107,0.09508346669082732,1.5950000286102295,1.843600010871887,-0.012749891728162766,0.03560735285282135,0.021243137745098447,0.5045229196548462,-540.0831089199007,-540.1977370689992,-15.03972782858304,-0.01302296722144547,0.308250758271015,False
61,1787909596.3463354,7256.19929117,6.11257791519165,24000,24000,4942,1061,1.730897266049075,0.09368876464060548,1.6009999513626099,1.840999960899353,-0.011343970894813538,0.0368395559489727,0.021086320029551436,0.5141505599021912,-549.7534220543681,-549.2339049641768,-15.02611909120038,0.5319817650438381,0.19992700324826274,False
62,1787909596.4354155,7256.29992141,6.201658010482788,24000,24000,5006,1012,1.7307332020267667,0.09848055095673688,1.602550023794174,1.8559999465942383,-0.009327637031674385,0.03503844514489174,0.021699706874335603,0.4828062057495117,-558.8500640448731,-558.2936214552717,-15.018550798309237,-0.5474799804773056,-0.8062792556845579,False
63,1787909596.5331984,7256.39976367,6.299440860748291,24000,24000,4947,940,1.7332191469821525,0.09679436270333058,1.5989999771118164,1.8610499441623687,-0.006622656248509884,0.03192446380853653,0.022689213338310723,0.4416295886039734,-567.2992576299134,-567.3103245415408,-15.01649231378415,-0.19624814068322394,-0.5458797130346511,False
64,1787909596.633853,7256.49961537,6.400095462799072,24000,24000,4718,803,1.7198655051579363,0.08915103292442349,1.585100030899048,1.839400029182434,-0.005828381050378084,0.027859622612595558,0.023225426862982727,0.38306793570518494,-576.6502670309382,-576.3437382762468,-15.012314730401796,-0.48837536953635663,-1.0761238555212458,False
65,1787909596.732343,7256.59945473,6.49858546257019,24000,24000,4652,828,1.7244408201192312,0.10416411251684127,1.5813499867916108,1.8673000395298003,-0.010897287167608738,0.021780023351311684,0.023963832918034538,0.32740944623947144,-586.4394623513499,-585.3717022012149,-15.012314730401796,-1.41350203451168,-1.9111863299499419,False
66,1787909596.8324802,7256.69930557,6.598722696304321,24000,24000,4609,834,1.7299568350080679,0.11229649122009627,1.5880000591278076,1.8614499986171715,-0.010525683872401714,0.024005671963095665,0.02331570362097397,0.34466978907585144,-594.5346783084428,-594.4162455713953,-15.020979754761791,-0.49639880338668263,-0.4509759546640453,False
67,1787909596.9335496,7256.79994477,6.699792146682739,24000,24000,4839,852,1.7422288733189095,0.1259526380846955,1.5930999934673309,1.8958999693393705,-0.0078189168125391,0.028094680979847908,0.02321823687972629,0.38933679461479187,-603.9349933591798,-603.4096791317418,-15.001164130245998,-0.8004954644039799,-0.9160651053520041,False
68,1787909597.0333369,7256.89977017,6.799579381942749,24000,24000,4659,773,1.740636480270968,0.12487657186855144,1.5770000219345093,1.9075999975204467,-0.010196481831371784,0.03166697546839714,0.023100341125405,0.4291933476924896,-612.5266009364921,-612.3529494830066,-15.004365522219134,-0.41128360485492976,-0.8156401133741156,False
69,1787909597.1334624,7256.99960517,6.899704933166504,24000,24000,4709,831,1.7429001206525396,0.1280086378994705,1.5879999995231628,1.871000051498413,-0.010185662657022476,0.033841636031866074,0.023202113276972972,0.4467693269252777,-621.5229534411119,-621.3124877854743,-14.97907188121973,-0.39636834347516015,-0.46961536591561526,False
70,1787909597.2325888,7257.09944679,6.998831272125244,24000,24000,4705,837,1.7336547196694743,0.10169478833461787,1.5868000030517577,1.8660000562667847,-0.007991435937583447,0.03580362722277641,0.02172198023936364,0.463600754737854,-630.345016740081,-630.2232584053867,-14.979247112289846,-0.29709266250438304,0.025689795135235727,False
71,1787909597.3325696,7257.19929689,7.098812103271484,24000,24000,4873,865,1.739575721073702,0.10778236582381977,1.5842000007629395,1.875200033187866,-0.008314955048263073,0.03517240285873413,0.0218429813554981,0.4618743062019348,-639.0377586704291,-639.1469477829697,-14.970812426545834,0.008408412197923099,0.08906410539975695,False
72,1787909597.4335063,7257.29992951,7.199748754501343,24000,24000,4796,895,1.7352033507224567,0.09488860226284472,1.585699987411499,1.8592999815940856,-0.00818205438554287,0.03617902845144272,0.02287281602877618,0.47340622544288635,-647.9984689888545,-648.1106325185835,-14.942725786423948,0.13196460235747054,0.3204793449896215,False
73,1787909597.5334942,7257.39977169,7.299736738204956,24000,24000,4818,925,1.7322962135881992,0.09996590840528223,1.5772000074386596,1.8639999628067017,-0.007712738588452339,0.03284211456775665,0.022690078674441175,0.4281022250652313,-657.5584051717182,-657.07294063154,-14.92658081019121,-0.4290848475669691,-0.7003005069556139,False
74,1787909597.6334608,7257.49960249,7.39970326423645,24000,24000,4902,970,1.7341030924590592,0.099046545628979,1.585450005531311,1.8650000095367432,-0.0075206030160188675,0.031617291271686554,0.0236125137947487,0.41592898964881897,-665.8361706981095,-666.0055956423513,-14.932641373618461,0.29010517531446567,0.15995988742815825,False
75,1787909597.7328105,7257.59944459,7.499053001403809,24000,24000,4953,930,1.730596774496058,0.11321936203709802,1.5754500150680542,1.8730000257492065,-0.008683174848556519,0.025735506787896156,0.024166152173774325,0.3536457121372223,-675.1623748201107,-674.9414467576166,-14.953396152738094,-0.09465419902119265,0.24462707726206645,False
76,1787909597.832812,7257.69929013,7.599054574966431,24000,24000,5064,821,1.7259805129884076,0.119460330776343,1.5720000267028809,1.878000020980835,-0.00863671861588955,0.020957691594958305,0.025138573826193177,0.29773592948913574,-684.1168014028215,-683.95557382798,-14.96575386398934,-0.04897096580418747,0.06669078591130528,False
77,1787909597.9347804,7257.79993737,7.7010228633880615,24000,24000,4909,779,1.724989727005573,0.11716247544593936,1.5759999752044678,1.875,-0.00974617525935173,0.014773108996450901,0.0260900966999319,0.2393806129693985,-693.795191019222,-692.9335858744349,-14.98818142700029,-0.5502470544641938,-1.1996859068327694,False
78,1787909598.033545,7257.89976323,7.799787521362305,24000,24000,4852,718,1.7190877441576264,0.10014574997450912,1.576850014925003,1.8562999606132506,-0.011328575201332569,0.019254399463534355,0.024915977271073197,0.2989806830883026,-702.1330996905183,-701.9817396139946,-14.995620942976338,0.0006320806043049743,-0.0768287632645297,False
79,1787909598.1337337,7257.99959105,7.8999762535095215,24000,24000,4864,720,1.7243763888875643,0.11130509496979327,1.577849954366684,1.855050015449524,-0.008710300549864769,0.017910586670041084,0.025321635980243146,0.26692673563957214,-711.3075532188457,-710.9856421331317,-14.998979461949629,-0.15686741870604237,-0.25253426332574236,False
80,1787909598.2330859,7258.09943299,7.999328374862671,24000,24000,4775,715,1.7253286733493938,0.11626160922396617,1.585699987411499,1.8636000275611877,-0.013136710040271282,0.016587981954216957,0.025445199752542044,0.2892218828201294,-720.2918443170776,-720.0031753722399,-15.004654746353772,-0.1994991933095207,-0.11404769443822715,False
81,1787909598.3334732,7258.19928897,8.09971570968628,24000,24000,4590,680,1.7233941171099159,0.10932667437972685,1.582949948310852,1.8620999872684478,-0.019588183611631393,0.01708376780152321,0.02591986282039958,0.3569890260696411,-729.1056928319995,-729.0130357187663,-15.008936992387062,0.02148049849677136,0.062383906624859264,False
82,1787909598.434034,7258.29993349,8.200276613235474,24000,24000,4543,711,1.7294317874559706,0.10385329744049364,1.5880000591278076,1.8665000200271606,-0.018097318708896637,0.02018054574728012,0.02484779984078443,0.36866649985313416,-738.0500439523616,-738.0176384281372,-15.002561116205955,0.12757871496341977,0.35692297314597,False
83,1787909598.5336049,7258.39975795,8.29984736442566,24000,24000,4631,743,1.7289905787156055,0.11051439768458798,1.5901000261306764,1.8556999564170837,-0.01719009131193161,0.02138063684105873,0.023619698561611724,0.3739819824695587,-747.2271271251713,-747.0380653941403,-14.99936710645941,-0.08816851841800144,-0.12173470866946445,False
84,1787909598.6336226,7258.49960003,8.39986515045166,24000,24000,4861,872,1.7358325687023477,0.09699158617697652,1.5965499818325042,1.8819999694824219,-0.0148738082498312,0.024845175445079803,0.023609371652437757,0.390426903963089,-756.0695465680968,-756.0699644017334,-14.985454766673675,0.07098097113203039,-0.331451971351612,False
85,1787909598.7328491,7258.59945959,8.499091625213623,24000,24000,4845,976,1.733861679058583,0.0971718539168341,1.597750037908554,1.847000002861023,-0.012780174612998962,0.030240802094340324,0.021271381669965356,0.43722307682037354,-765.3583515126538,-765.0573266310704,-14.983172381979628,-0.2874728030424194,-0.5386315102074377,False
86,1787909598.8333123,7258.69930321,8.599554777145386,24000,24000,4919,1108,1.7386092054069258,0.09184049777032983,1.6013499677181244,1.855649971961975,-0.01198134571313858,0.03163278475403786,0.021771756759754204,0.445741206407547,-774.4212483408428,-774.0422212068183,-14.96948666474131,-0.30871790888227224,-0.2893112869436436,False
87,1787909598.9349792,7258.79994219,8.701221704483032,24000,24000,5006,1087,1.7339742417278483,0.08855576268953283,1.6069999933242798,1.8441000223159791,-0.009542749263346195,0.03256440907716751,0.021202213057303958,0.4451329708099365,-783.3790897082815,-782.9949473914769,-14.980670776334996,-0.11656815029368772,-0.32261739491934804,False
88,1787909599.0338364,7258.89978841,8.800078868865967,24000,24000,5196,1088,1.7333676474278463,0.08115305698071536,1.6080000400543213,1.8456499814987182,-0.005835618358105421,0.03447812423110008,0.02125146220033164,0.45398443937301636,-791.9702349212182,-791.9858003891372,-14.987069463438823,0.18939999049587186,0.148273390736108,False
89,1787909599.1336212,7258.99962423,8.899863719940186,24000,24000,5200,1058,1.7409111521645169,0.10493156689493907,1.6019999980926514,1.8742999672889709,-0.004885432776063681,0.03134971484541893,0.02195326017466067,0.41358500719070435,-801.3536349404708,-800.9544253720179,-14.992749137576263,-0.21339516785837986,-0.2627300357689819,False
90,1787909599.2345178,7259.09946353,9.000760316848755,24000,24000,5068,965,1.7447844572017848,0.11361124915905026,1.6022000074386598,1.9146000146865843,-0.0014450745657086372,0.028404492884874344,0.02203511464018243,0.3748109042644501,-810.3496326314958,-809.9507945570351,-14.99845832733979,-0.1287312264753382,-0.2720062143674795,False
91,1787909599.3330343,7259.19929837,9.099276781082153,24000,24000,4993,736,1.7415774469466314,0.11235405010163671,1.5957499742507935,1.8892500400543213,-0.0033646782394498587,0.01593715511262417,0.02358834711088142,0.21271921694278717,-819.4508578586438,-818.9706802997011,-14.99845832733979,-0.3635060049984986,-0.44031307992281654,False
92,1787909599.4336438,7259.29992909,9.199886322021484,24000,24000,5226,706,1.7311246447455106,0.10278483376995022,1.5882500410079956,1.8619999885559082,-0.0036899384576827288,0.006933426950126886,0.023854646324877514,0.10594823956489563,-828.2468545476069,-827.9278562975604,-14.969368768544316,-0.10467600748916084,-0.21918615228480576,False
93,1787909599.5334978,7259.39977989,9.299740314483643,24000,24000,5221,653,1.7371163851999396,0.11551307774044585,1.5880000591278076,1.8823999881744384,-0.007845432497560978,0.009264761582016945,0.024920231390012506,0.16315603256225586,-836.7720697059626,-836.9316069879723,-14.973855078841149,0.35693639797807464,0.5736273162655152,False
94,1787909599.6335628,7259.49962975,9.399805307388306,24000,24000,5036,648,1.730496914298446,0.11481151742220466,1.5933500289916993,1.900650006532669,-0.012516026385128498,0.004584445618093014,0.024006266962805358,0.17970263957977295,-846.0398926554975,-845.93193967381,-14.964249213311069,0.09493098498467134,0.0675740711127446,False
95,1787909599.7330422,7259.59946647,9.499284744262695,24000,24000,4932,607,1.7307907749439975,0.12240201000124029,1.590000033378601,1.9178999662399288,-0.020964626222848892,0.003706628456711769,0.024629794740665012,0.29022863507270813,-854.7787782529073,-854.9173680132659,-14.95505621506202,0.3091630676232171,0.2528478627242521,False
96,1787909599.8325124,7259.69931723,9.5987548828125,24000,24000,4967,712,1.7180617975719858,0.0868469465090212,1.590000033378601,1.838450026512146,-0.02285660430788994,0.007498249411582947,0.02439407017538938,0.32666414976119995,-863.8568562040207,-863.9046210372342,-14.949817004017278,0.18336595030268654,0.40009415057659226,False
97,1787909599.9337132,7259.79995585,9.699955701828003,24000,24000,5101,866,1.7229988460727983,0.1030792125026305,1.5829999446868896,1.840999960899353,-0.023697329685091972,0.01844569481909275,0.022033818993577654,0.3991861641407013,-873.132295318914,-872.918809784137,-14.951870574186605,0.015968360685974403,-0.19470919804575715,False
98,1787909600.033474,7259.89980025,9.799716472625732,24000,24000,4931,1001,1.721745254991057,0.08725277074129605,1.590000033378601,1.8309999704360962,-0.01979266107082367,0.02893904596567154,0.02167778691321449,0.4592305123806,-882.4589726038146,-881.8817639287274,-14.939456334415254,-0.3322712805417041,-0.3286834031988519,False
99,1787909600.1332974,7259.99964107,9.899539947509766,24000,24000,4942,1050,1.7324495239484878,0.0966265093188288,1.5874500334262849,1.8459999561309814,-0.014742515049874783,0.035958949476480484,0.020233192860351867,0.5075142979621887,-891.3385556555339,-890.7947366669322,-14.929696380721692,-0.22777334076340594,-0.3913444940545787,False
100,1787909600.2334235,7260.09947907,9.999665975570679,24000,24000,4959,1034,1.735342360903262,0.09266706822949582,1.5952999651432038,1.8513499677181242,-0.012824797071516514,0.03732313960790634,0.021116382557961978,0.5148177742958069,-900.1819015157907,-899.7718726315219,-14.940098908972375,-0.0598085198280387,-0.1096000812112834,False
101,1787909600.342203,7260.19932939,10.108445405960083,24000,24000,4777,979,1.7322768140983775,0.09101586553507912,1.5959999561309814,1.8390999913215635,-0.010787846520543098,0.03805818781256676,0.021492955331483276,0.5233950614929199,-908.8122239059518,-908.7062952549745,-14.964143653119955,1.0999832286213405,1.4202120458118088,False
102,1787909600.4342296,7260.29997255,10.200472116470337,24000,24000,4883,981,1.7331488284374474,0.0962724587892093,1.6080000400543213,1.8589999675750732,-0.009186354465782642,0.03413495048880577,0.022345189817006807,0.47505301237106323,-918.5013458669339,-917.6923546210445,-14.971677633945829,-0.30676405480414815,-0.16771282929312292,False
103,1787909600.5344071,7260.39981727,10.300649642944336,24000,24000,4794,928,1.729300646432515,0.09024417883274782,1.6003499984741212,1.8480000495910645,-0.0060583679005503654,0.031158624216914177,0.022098695933511506,0.431533545255661,-926.7318303708415,-926.6739670731756,-14.969244286727012,0.4786969632795035,0.5538155571412062,False
104,1787909600.633831,7260.49964999,10.400073528289795,24000,24000,4694,788,1.7259302030360033,0.10485549317254284,1.5943499982357026,1.8523000121116637,-0.005206871312111616,0.025094592943787575,0.02304563357902829,0.35134613513946533,-935.7441954791259,-935.6147435302214,-14.969088880866147,0.41444991510741147,0.8294852795987708,False
105,1787909600.7332652,7260.59950501,10.499507665634155,24000,24000,4838,800,1.7292675012350083,0.11267417694325878,1.585899966955185,1.8620999872684478,-0.005869834218174219,0.024291453883051872,0.023670653893337626,0.3367561399936676,-944.5664489857645,-944.5804928667674,-14.977478377628913,0.5412371452216576,0.7544796959726909,False
106,1787909600.832602,7260.69934547,10.598844528198242,24000,24000,4733,825,1.7353309109716704,0.11933737233752223,1.582200002670288,1.8624000310897826,-0.008364175446331501,0.025048570707440376,0.02182469843701441,0.3534678816795349,-953.6334389162181,-953.5130099141057,-14.991417395608172,0.41453325223369575,0.49652233102347054,False
107,1787909600.934153,7260.79998861,10.700395584106445,24000,24000,4621,819,1.7376605633268718,0.12018327219593126,1.5849000334739685,1.8892000555992126,-0.010896011255681515,0.025151221081614494,0.0231022182052071,0.36843153834342957,-962.1474597308139,-962.4600719731918,-14.996563221266237,1.0400751718674428,1.2963526681618305,False
108,1787909601.0333,7260.89980991,10.799542427062988,24000,24000,4648,842,1.740422801988425,0.1226034996445665,1.5921500086784364,1.9046999752521512,-0.01140844076871872,0.02904377318918705,0.023719053011845223,0.4107200503349304,-971.7050007580215,-971.4772322868281,-15.00495628642871,0.4057184778807823,0.37085907927996686,False
109,1787909601.1338673,7260.99965605,10.900109767913818,24000,24000,4868,839,1.7397258658232932,0.11741026365912682,1.583899986743927,1.8740999579429625,-0.011569363996386528,0.036685455590486526,0.022368535754080356,0.48622313141822815,-981.0041463230018,-980.4764480011252,-15.039308632886,0.15760160482921037,0.5687589286885668,False
110,1787909601.2328203,7261.09949479,10.999062776565552,24000,24000,4933,906,1.7454260469272436,0.11200254313392459,1.5959999561309814,1.8772500157356262,-0.009578357450664043,0.038697127252817154,0.022386146884567946,0.4995327591896057,-989.4707498561681,-989.5047834423565,-15.039308632886,0.5967373790983856,1.3671504799436889,False
111,1787909601.3327093,7261.19933479,11.098951816558838,24000,24000,4704,834,1.7357326132788076,0.09658673953862865,1.5906499862670898,1.8633500099182128,-0.009391730651259422,0.03788762539625168,0.021189852801545048,0.49150654673576355,-999.1835031045752,-998.5630317326414,-15.057496131517874,-0.12603403883065312,0.23781736083026317,False
112,1787909601.4336684,7261.29998085,11.199910879135132,24000,24000,4790,904,1.738373893947728,0.10720447488936981,1.5911499679088592,1.8748499929904936,-0.008855634368956089,0.03453431278467178,0.023084171407086667,0.4462355971336365,-1007.8231922458212,-1007.5676160789417,-15.044408884822111,0.3205603425597019,0.6141225730127644,False
113,1787909601.5334544,7261.39981581,11.299696922302246,24000,24000,4936,910,1.7334329673222133,0.09487263932879914,1.5789999961853027,1.8645499885082244,-0.008350826799869537,0.0341486930847168,0.023221003518708642,0.44768884778022766,-1016.8511240401409,-1016.6520108543217,-15.075130013157102,0.27334069711992015,0.8103899603545415,False
114,1787909601.6346278,7261.49964417,11.400870323181152,24000,24000,5106,981,1.7321111109643172,0.09770662592555061,1.5750000476837158,1.8669999837875366,-0.008076137863099575,0.033177655190229416,0.022854898963780415,0.43981263041496277,-1026.0079932180795,-1025.7634696134003,-15.076566464388932,0.2220454208843421,0.44973805324661953,False
115,1787909601.7330754,7261.59948865,11.49931788444519,24000,24000,4982,868,1.7313974648027377,0.09758937398573611,1.5807000339031219,1.8686499834060668,-0.004345225635915995,0.031012600287795067,0.02361465060667883,0.4044577479362488,-1034.9772017129667,-1034.8559186628793,-15.067490995765759,0.11308612929383344,0.0003770844443806709,False
116,1787909601.8325691,7261.69932513,11.598811626434326,24000,24000,4881,779,1.7225648274929748,0.11248539034522194,1.5700000524520874,1.8702000021934508,-0.005245372653007507,0.020479358732700348,0.024601062562415878,0.27925026416778564,-1044.2831243188477,-1043.9600957011055,-15.067640067289178,-0.23843134076150818,-0.36408546875759384,False
117,1787909601.9342992,7261.79998203,11.700541734695435,24000,24000,5084,756,1.7181441793366083,0.11273409652180993,1.5757499933242798,1.8592499792575836,-0.007630393840372562,0.013796481303870678,0.025501671444065087,0.2123623490333557,-1053.2798523439462,-1053.0033296333472,-15.025889875769396,-0.07948197681525926,-0.2366846256613826,False
118,1787909602.0338655,7261.89981587,11.800107955932617,24000,24000,5092,753,1.7252802101581062,0.11876693268228267,1.5746000289916993,1.878000020980835,-0.004129577428102493,0.013605153188109398,0.024479596038954738,0.1950397491455078,-1061.6225393022246,-1061.962534980614,-15.01066424284283,0.5387593100049344,0.8317127688053461,False
119,1787909602.1336558,7261.99966503,11.899898290634155,24000,24000,4741,700,1.7186471446922846,0.09960305891600808,1.582949948310852,1.851249951124191,-0.011446038261055946,0.01836371049284935,0.025102489188437733,0.29175683856010437,-1071.4182415986284,-1070.9760600078616,-15.01066424284283,-0.2758446007856037,-0.3119407212045644,False
120,1787909602.2338283,7262.09951805,12.000070810317993,24000,24000,4666,763,1.7246880732857541,0.1092496568800452,1.5841999888420104,1.8507999539375304,-0.014022599905729294,0.015743058174848557,0.025348810146958254,0.2883976101875305,-1080.3419519866084,-1080.000412917661,-14.979583174167395,-0.18406007629641863,-0.23092802405130897,False
121,1787909602.3326042,7262.19935787,12.098846673965454,24000,24000,4599,747,1.7255769731848434,0.11279482902930149,1.5883000373840332,1.8594000220298765,-0.018745174631476402,0.012850076891481876,0.025200982840596246,0.31437963247299194,-1089.0720028567648,-1088.9169241539485,-14.979583174167395,-0.024314633062431312,0.07919119217194748,False
122,1787909602.4342594,7262.29998511,12.200501918792725,24000,24000,4722,772,1.7307888618405,0.11601648210318867,1.590999960899353,1.8748999953269958,-0.01924348995089531,0.02124401181936264,0.02475682610123418,0.3864933252334595,-1098.6977997821277,-1097.9126010886082,-14.997722732567476,-0.5011718546161319,-0.7200880265729666,False
123,1787909602.5335379,7262.39981533,12.299780368804932,24000,24000,4632,783,1.7335261825096258,0.11423650426682101,1.5901000261306764,1.8658000469207763,-0.017609836533665657,0.02213256247341633,0.023953039703702845,0.37616583704948425,-1107.7503063198383,-1106.910214190196,-14.986992059726484,-0.6186494659525579,-0.765191118938219,False
124,1787909602.6337202,7262.49965505,12.399962663650513,24000,24000,4606,842,1.726871737108661,0.09564916955656742,1.5920000076293945,1.8489999771118164,-0.01470307819545269,0.023457175120711327,0.023436059379079107,0.3634621798992157,-1115.83292295171,-1115.8708618972116,-14.993260769258464,0.3151085760928254,0.19612662028907835,False
125,1787909602.7325425,7262.59948911,12.498785018920898,24000,24000,4741,929,1.7318213114312442,0.08586123630125227,1.600000023841858,1.8489999771118164,-0.01437307707965374,0.030027708038687706,0.022231933309344816,0.4383329451084137,-1124.9600025546672,-1124.8378745124046,-14.987353399594411,0.08200951780327159,0.3684984338517552,False
126,1787909602.8327765,7262.69931649,12.599019050598145,24000,24000,4978,1051,1.7413786851599826,0.09910540359171671,1.6085000038146973,1.8585000038146973,-0.010186437517404556,0.0307809766381979,0.0222890742271395,0.4332110285758972,-1133.3033757402425,-1133.7955520248877,-14.997717032489225,0.7596673045404714,1.2662373261734956,False
127,1787909602.9360352,7262.79994111,12.702277660369873,24000,24000,5191,1123,1.7369073911744999,0.09208414011327484,1.6021000027656556,1.8468999981880188,-0.008195015601813793,0.033275675028562546,0.021154772817436246,0.4559881389141083,-1142.8448171532775,-1142.866588510684,-14.989423552054726,0.5114679303781031,1.03735156298535,False
128,1787909603.0333917,7262.89979153,12.799634218215942,24000,24000,5042,1071,1.7356806721896574,0.08692294916562915,1.6085000038146973,1.840000033378601,-0.006180415861308575,0.0345674529671669,0.021275118494677416,0.4608117938041687,-1152.2679574724496,-1151.82735686772,-15.004776566894897,-0.14961314612946808,0.017011953760857068,False
129,1787909603.1353447,7262.99962769,12.90158724784851,24000,24000,5096,1062,1.7340602627806296,0.08185500161357157,1.6090499699115752,1.843999981880188,-0.0033786771818995476,0.0347212515771389,0.021060046865237637,0.4570281505584717,-1160.7963678372985,-1160.8148057038186,-14.98555482288993,0.4977167305994499,0.9042100961219148,False
130,1787909603.2331784,7263.09946717,12.999420881271362,24000,24000,5146,931,1.7400032210170775,0.10092281118412352,1.5990000367164612,1.8799999952316284,-0.0020444951951503754,0.027644971385598183,0.020880839214686364,0.3650117814540863,-1169.7331728579115,-1169.8304157993796,-14.983235738759673,0.36590760283093005,0.553856520468571,False
131,1787909603.333066,7263.19931197,13.099308490753174,24000,24000,5228,767,1.7369009130470445,0.10564091534356591,1.6003000020980835,1.8739999532699585,-0.0034535930026322603,0.014316747896373272,0.023892052044908983,0.19688832759857178,-1179.609820670069,-1178.8435898403545,-14.986646764363073,-0.5208871244262809,-0.779676899492415,False
132,1787909603.4340534,7263.29995993,13.20029592514038,24000,24000,5080,677,1.737153618163161,0.11998760713840513,1.5889999866485596,1.88219997882843,-0.008543778210878372,0.010079889558255672,0.023748974281537015,0.17473457753658295,-1188.2965997917797,-1187.7724001068148,-14.980595026047645,-0.11882926954194772,-0.08894423459264544,False
133,1787909603.5334363,7263.39980043,13.299678802490234,24000,24000,5031,697,1.7427919637866136,0.11762656655220712,1.5950000286102295,1.9244000196456907,-0.011851108632981777,0.006860114634037018,0.02441799447975491,0.18318600952625275,-1196.871679352681,-1196.8184637116617,-15.011426653880925,0.2505185231068481,0.2945315370754997,False
134,1787909603.6334505,7263.49964103,13.399693012237549,24000,24000,5035,697,1.736860835056223,0.11818350945856902,1.5917999982833861,1.905999970436096,-0.015515102073550224,0.004956051241606474,0.025098565349250496,0.21878504753112793,-1206.2843068172956,-1205.8867165592515,-15.03081521909519,-0.16086187297651122,-0.07073247657012871,False
135,1787909603.7334332,7263.59948179,13.499675750732422,24000,24000,5148,671,1.728633381037705,0.10732550311867385,1.590499997138977,1.8585000038146973,-0.021474182605743408,0.007399412803351879,0.024816374541158225,0.3028579652309418,-1215.375099288833,-1214.8510728640233,-15.034790304541461,-0.25323967869326225,-0.3345388572167849,False
136,1787909603.8328452,7263.69933107,13.599087715148926,24000,24000,5106,715,1.7227678305619247,0.09472703637403665,1.5916999936103822,1.8492999911308288,-0.02239491418004036,0.011566770263016224,0.024474896416144528,0.3313063383102417,-1224.5744613350491,-1223.895370426319,-15.043645845257954,-0.5055565446116361,-0.5157588638753623,False
137,1787909603.9338653,7263.79996675,13.70010781288147,24000,24000,4926,768,1.7214674466910462,0.099798801840471,1.5893500030040741,1.8366499960422515,-0.026020081713795662,0.01954936422407627,0.023178453008096397,0.4300663471221924,-1232.1910118413439,-1232.8605804019805,-15.044063834566186,0.9696696163809975,1.123527433996287,False
138,1787909604.0333803,7263.89981067,13.799622774124146,24000,24000,4931,938,1.7252814509212844,0.09519475001210027,1.5920000076293945,1.837300008535385,-0.016606448218226433,0.030330080538988113,0.021679388262480656,0.460405170917511,-1242.7111787365402,-1241.8946511078734,-15.04433097755778,-0.5941824169196934,-0.8176004389606533,False
139,1787909604.1341302,7263.99964003,13.900372743606567,24000,24000,5168,1051,1.732208371956387,0.09118371420661724,1.5995000004768372,1.8350000381469727,-0.012575991451740265,0.037653982639312744,0.020590636228595086,0.5284309387207031,-1250.6320449120317,-1250.9090633573771,-15.04505185493611,0.5524166182772206,0.5377310377691629,False
140,1787909604.2324843,7264.09948251,13.998726844787598,24000,24000,5153,1126,1.7336447611583485,0.10205924208591058,1.592250019311905,1.8467499911785126,-0.01633465848863125,0.03540631756186485,0.020847768446621742,0.5101497769355774,-1259.80484412278,-1259.903293173788,-15.048221308836425,0.23145523307903204,0.4390737291937512,False
141,1787909604.333643,7264.19931503,14.0998854637146,24000,24000,4943,1036,1.7355308874463482,0.08792698952905298,1.6009999513626099,1.8462499678134918,-0.008457660675048828,0.03435960412025452,0.021525481047134396,0.47604647278785706,-1268.74813485375,-1268.9217771209642,-15.075411922671721,0.3924080328420132,0.23975947093663308,False
142,1787909604.434478,7264.29995763,14.20072054862976,24000,24000,4893,989,1.734608695649281,0.1005650328084803,1.5956000089645386,1.8519999980926514,-0.006332531571388245,0.03189807012677193,0.021172944450003128,0.4398871064186096,-1278.7975083751362,-1278.0282288871927,-15.085023472234674,-0.5818399159795717,-0.8295193274250323,False
143,1787909604.5336568,7264.39981183,14.299899339675903,24000,24000,4950,935,1.7309026730889305,0.09185819026833084,1.5986999988555908,1.8539999723434448,-0.007951510138809681,0.029715048149228096,0.022005388935124003,0.4138208031654358,-1287.1221080298535,-1287.128641332108,-15.070990907138055,0.01962008042710295,-0.17848034000644475,False
144,1787909604.6336129,7264.49965965,14.399855375289917,24000,24000,4881,846,1.7292139459727223,0.10957331831322932,1.597000002861023,1.8609999418258667,-0.007039953488856554,0.02664889395236969,0.022977916657638316,0.37302860617637634,-1296.2251958717877,-1296.2251787700166,-15.068645655686199,-0.08745634647107181,-0.6124490139857244,False
145,1787909604.7336307,7264.59950187,14.499873161315918,24000,24000,4627,794,1.7336486135081621,0.1213946109079992,1.5820000171661377,1.8933500230312346,-0.00891253724694252,0.022144846618175507,0.02428678321923806,0.3178147077560425,-1306.1446306047294,-1305.3218402899408,-15.033361140889646,-1.0053221469370328,-1.9188293440533926,False
146,1787909604.8331537,7264.69934129,14.599396228790283,24000,24000,4612,825,1.7384933338743267,0.11793477900385782,1.5809999704360962,1.9488000392913816,-0.011541442014276981,0.022641289979219437,0.02331091856266846,0.33893367648124695,-1314.3857627970108,-1314.3992761748839,-15.033168674628827,-0.28940991904869406,-0.8846583004929016,False
147,1787909604.933944,7264.79998987,14.700186491012573,24000,24000,4704,803,1.734605230548759,0.12294677450150396,1.5839999914169312,1.9057000160217283,-0.012693564407527447,0.023881178349256516,0.02349274004658473,0.35362640023231506,-1323.7939762709343,-1323.4368386752878,-15.013197160959175,-0.6265318485104672,-1.7610272584956874,False
148,1787909605.0344663,7264.89984025,14.800708770751953,24000,24000,4871,892,1.732806053530475,0.10932493194520179,1.581549996137619,1.8568999886512756,-0.0076599763706326485,0.03108680620789528,0.024106783218964385,0.4197472929954529,-1332.2495787707544,-1332.4124940041859,-15.013782535539631,-0.03516114210106025,-0.8551744130083989,False
149,1787909605.1346552,7264.99968417,14.900897741317749,24000,24000,4660,808,1.7359108898309197,0.10716491342145228,1.5889999866485596,1.8626500189304351,-0.010995890945196152,0.03573794290423393,0.02281004894094614,0.4715639054775238,-1342.072263636884,-1341.4372253204838,-15.000513392808434,-0.8408705216172621,-1.9727371884778222,False
150,1787909605.2341883,7265.09952273,15.000430822372437,24000,24000,4707,812,1.7382438419194057,0.11010402875493079,1.5855499982833863,1.8673500120639799,-0.00736615713685751,0.03680255636572838,0.02290630223634915,0.4739512503147125,-1351.1781412524663,-1350.4297309309168,-14.975581725832066,-0.9888024979857164,-2.1503554758610335,False
151,1787909605.3334284,7265.19933885,15.099670886993408,24000,24000,4755,816,1.7388051473626904,0.10734404201697853,1.593000054359436,1.8730000257492065,-0.0055836900137364864,0.036753587424755096,0.021499589962360913,0.4753628373146057,-1359.8428959437433,-1359.3734808398601,-14.974793620997339,-0.7219829358916741,-0.8873175698668092,False
152,1787909605.4360144,7265.29997783,15.202256917953491,24000,24000,5022,977,1.737777891886271,0.1109801104129538,1.5850000381469727,1.873400020599365,-0.012193580158054829,0.03212496638298035,0.022355907719813762,0.4334335923194885,-1368.5752703828807,-1368.2892370969016,-14.951885852236664,-0.2216472152958886,-0.5772045186643027,False
153,1787909605.534145,7265.39981231,15.300387620925903,24000,24000,4913,954,1.7318144658076688,0.09212636854542701,1.5826499700546264,1.8630000352859497,-0.006962843704968691,0.03426166623830795,0.022845674377357534,0.44652503728866577,-1377.4448198107543,-1377.2618317477572,-14.937573433328774,-0.25946458534508565,-0.3029414311624805,False
154,1787909605.6337807,7265.49964565,15.400023221969604,24000,24000,4846,898,1.7370100208539474,0.10379751919472975,1.583849984407425,1.8730000257492065,-0.005135777406394482,0.034036245197057724,0.022482149725416022,0.44296136498451233,-1385.81426737471,-1386.2164214841823,-14.908803057217376,0.3382602563187902,0.4842528658948595,False
155,1787909605.7332401,7265.59946813,15.49948263168335,24000,24000,4884,867,1.7363944617384721,0.11009399104096217,1.5859999656677246,1.8830000162124634,-0.006531450431793928,0.029717667028307915,0.023678166859631766,0.39076441526412964,-1394.8192674298605,-1395.1017076939306,-14.908803057217376,0.284575443128233,0.4218212163498265,False
156,1787909605.8330307,7265.69929979,15.599273204803467,24000,24000,5057,808,1.7200445554929205,0.10903511069909157,1.5750000476837158,1.85864999294281,-0.006230385974049568,0.019591066986322403,0.024128973435643453,0.27119240164756775,-1403.93459268767,-1404.0167803102424,-14.941539099186125,0.15037002852795922,0.2726357703525082,False
157,1787909605.9339254,7265.79993705,15.700167894363403,24000,24000,4961,785,1.7160815278435968,0.11323677723717633,1.5702000379562377,1.8628000259399413,-0.011277548968791962,0.013034895993769169,0.026322422082895897,0.233439102768898,-1413.7468424840845,-1412.9119001427873,-14.949207226108165,-0.5813897962489136,-0.6700307057872124,False
158,1787909606.0335329,7265.89977909,15.79977536201477,24000,24000,4853,794,1.7248740550552868,0.10364307843530259,1.5779999494552612,1.873049986362457,-0.010041027329862118,0.015509095974266529,0.025587446913454066,0.2517625093460083,-1422.0096232822398,-1421.887297337242,-14.952334709848818,0.12046981485286778,-0.10065539169545445,False
159,1787909606.133573,7265.99960967,15.899815559387207,24000,24000,4669,742,1.7157843668827149,0.10386615209396526,1.5740000009536743,1.8557499468326566,-0.012688261456787586,0.015142779797315598,0.025546935208197126,0.26554927229881287,-1431.6235404125896,-1430.796432530607,-14.942378288519594,-0.4898613689697413,-0.6882858698261316,False
160,1787909606.2327113,7266.09945649,15.998953819274902,24000,24000,4715,739,1.7235331524047541,0.1010180532329319,1.5919000029563903,1.8521000027656556,-0.014376530423760414,0.01793251931667328,0.025022240583466214,0.3036458492279053,-1439.8120194550904,-1439.792801593152,-14.962663224211704,0.24407144828387572,0.2417715385190604,False
161,1787909606.332935,7266.19930563,16.099177598953247,24000,24000,4738,738,1.7266111108991835,0.11596735602677415,1.590999960899353,1.8651500165462493,-0.014441230334341526,0.01570301316678524,0.0253355359423432,0.2915349304676056,-1449.1454123970448,-1448.7958585438498,-14.985175383118301,-0.06921319799857883,-0.221899732074462,False
162,1787909606.4338849,7266.29994033,16.200127363204956,24000,24000,4578,701,1.7312910141856457,0.10735713920050041,1.5880000591278076,1.8880000114440918,-0.0172350462526083,0.0197988860309124,0.025454709643283533,0.36038321256637573,-1458.027864071067,-1457.8010875453797,-15.010184029521582,0.13378180436029652,-0.0034416649541526567,False
163,1787909606.5333657,7266.39978195,16.29960823059082,24000,24000,4594,747,1.7302530129431402,0.11051195329762602,1.5886000514030456,1.8627000212669371,-0.013053053058683872,0.02363731898367405,0.023244466506433165,0.36936092376708984,-1467.054662427313,-1466.870502216547,-15.030778028470664,0.06022987374035438,0.19423028024993982,False
164,1787909606.6335378,7266.49961789,16.3997802734375,24000,24000,4699,790,1.730956960026222,0.10537140689298109,1.5904500007629394,1.871099990606308,-0.013851205818355083,0.02341453917324543,0.023095441046670252,0.3680053651332855,-1475.3407274464223,-1475.9191063291535,-15.033160585811535,0.7896168519075673,1.027958329843841,False
165,1787909606.7340147,7266.59946911,16.50025725364685,24000,24000,5070,1083,1.7381071097742928,0.10055939372420038,1.5980000495910645,1.8580000400543213,-0.01263631321489811,0.02960827760398388,0.022443525596245715,0.4309680163860321,-1484.9935690217783,-1484.959264833775,-15.013273844508047,0.1796715394855255,0.20638305711986504,False
166,1787909606.8329139,7266.69930019,16.599156379699707,24000,24000,4979,1070,1.7356140172370127,0.08630386235592492,1.6039999723434448,1.8480000495910645,-0.010284427553415298,0.03397996723651886,0.020923303579847716,0.4686848223209381,-1494.6691269331136,-1493.9954610798486,-14.99901597196115,-0.5949964811761674,-1.0548268466884565,False
167,1787909606.9338145,7266.79993623,16.70005702972412,24000,24000,5038,1123,1.734759573838802,0.08284229509202472,1.6032000422477721,1.8399000287055969,-0.0075186570174992085,0.033897336572408676,0.02122447959655865,0.4596344530582428,-1503.5328131857568,-1502.9516977639726,-14.993504444135391,-0.37765632227433343,-0.7392781484065836,False
168,1787909607.0334585,7266.89978497,16.79970097541809,24000,24000,5158,1069,1.7355678203063551,0.09287025466997462,1.6074000120162963,1.8386000156402587,-0.006640481296926737,0.03306511417031288,0.020677133918410542,0.4430031180381775,-1511.9289313152333,-1511.9756443943904,-15.01420043711156,0.19414896973898976,-0.02269419697449848,False
169,1787909607.1336288,7266.99961947,16.899871349334717,24000,24000,5285,1104,1.7351621390468832,0.08639905891175118,1.6151500165462493,1.8458499670028685,-0.007098264992237091,0.03201891481876373,0.0211975835122129,0.42664265632629395,-1521.3393684533407,-1520.9826861308086,-15.040991360131258,-0.20098637426599453,-0.3651687062149449,False
170,1787909607.2327454,7267.09946025,16.998987913131714,24000,24000,5118,937,1.7400458915002064,0.1082599799435439,1.600000023841858,1.8853999853134153,-0.0035247309133410454,0.028091052547097206,0.02215885852585531,0.3697894215583801,-1530.1229467090084,-1530.048124956345,-15.038217118668571,-0.06410541144168747,-0.47644334899905516,False
171,1787909607.334902,7267.19929663,17.101144552230835,24000,24000,4921,722,1.7363144045391241,0.10894508630362662,1.597000002861023,1.8679000318050383,-0.005711506586521864,0.014784765429794788,0.024908244637687926,0.2070246934890747,-1539.6182334552054,-1539.071012033007,-15.042939901523482,-0.3653271288276301,-0.5758829682690703,False
172,1787909607.4341671,7267.29993603,17.200409650802612,24000,24000,5034,668,1.7340853291000435,0.097978332338727,1.5889999866485596,1.86565003991127,-0.006783709395676851,0.009945690631866455,0.02423595841466316,0.15872056782245636,-1548.8841947932947,-1548.1030148198467,-15.042427819298448,-0.6974611659350103,-1.1112043704242751,False
173,1787909607.5339174,7267.39977517,17.30015993118286,24000,24000,5180,661,1.7274205758604086,0.11155868879661764,1.5800000429153442,1.875,-0.007880153134465218,0.005847348365932703,0.024598811375112554,0.1317468285560608,-1557.1049841142606,-1557.134957385985,-15.016065708081646,0.05924302253515634,0.00925875758798611,False
174,1787909607.6337328,7267.49960919,17.399975299835205,24000,24000,5131,641,1.7241279262462383,0.11042882030741376,1.5859999656677246,1.8580000400543213,-0.012885999865829945,0.003948661964386702,0.025699658248260662,0.18241813778877258,-1566.452374700997,-1566.189660811796,-14.992065826619696,-0.3047961309778202,-0.26570525231886677,False
175,1787909607.733228,7267.59945811,17.499470472335815,24000,24000,4984,605,1.7117388449424555,0.09449132352699091,1.5809999704360962,1.8351999759674071,-0.015509330667555332,0.0035684790927916765,0.023351771491399668,0.21876920759677887,-1574.9041550794211,-1575.1383145278764,-14.980513055529949,0.19795737200183794,0.26163485009237775,False
176,1787909607.8328393,7267.69929347,17.59908175468445,24000,24000,4992,689,1.7197619737146208,0.09416716830902823,1.5889999866485596,1.8451999664306642,-0.020864857360720634,0.008109980262815952,0.023837356804441816,0.30707067251205444,-1583.5724733440736,-1584.1525115352788,-14.974072342005668,0.4946228381470519,0.598855032924348,False
177,1787909607.9346654,7267.79994083,17.700907945632935,24000,24000,5140,830,1.721293974066355,0.09120584265705511,1.5834499657154084,1.8405499935150147,-0.021460669115185738,0.01762748323380947,0.02231010250390741,0.3686831295490265,-1593.5922060618102,-1593.2194233938924,-14.9544754382808,-0.36078507923912184,-0.4137854291095664,False
178,1787909608.033624,7267.89977407,17.799866437911987,24000,24000,5072,1026,1.722881092430323,0.0922804368194199,1.5905000269412994,1.8317500054836273,-0.020968999713659286,0.03084576688706875,0.021379352802701042,0.48681139945983887,-1602.7536645142152,-1602.2023457798248,-14.939989207076778,-0.6160106994936996,-0.9937045181277426,False
179,1787909608.1334832,7267.99960637,17.899725675582886,24000,24000,5019,1076,1.725722119932281,0.09418486040097186,1.590749979019165,1.843999981880188,-0.016274424269795418,0.03495864197611809,0.02123804747251364,0.5102993249893188,-1611.5253831933044,-1611.1858085569677,-14.945467397670406,-0.4004297476415104,-0.6663951819848535,False
180,1787909608.2331424,7268.09943339,17.999384880065918,24000,24000,4936,1031,1.73069252919272,0.09455833783454189,1.593500018119812,1.8495000004768372,-0.01247467752546072,0.0389079749584198,0.02011361218993621,0.5411595106124878,-1620.507801915252,-1620.129445311347,-14.915222848109662,-0.41355176193656007,-0.656083301603303,False
181,1787909608.3329926,7268.19966783,18.09923505783081,24000,24000,5057,1025,1.734848780166812,0.09993531666499489,1.5952000141143798,1.8572000265121458,-0.010564880445599556,0.03611922636628151,0.021558405662561002,0.49722591042518616,-1629.3683155648987,-1629.0289501154737,-14.91859389506024,-0.2875811693008927,-0.2971769894427325,False
182,1787909608.4449656,7268.29950621,18.21120810508728,24000,24000,5074,1048,1.7328196563793503,0.08365082442895154,1.6003499984741212,1.8396500170230865,-0.00729852681979537,0.033284448087215424,0.02208670293553908,0.4661827087402344,-1638.536003194592,-1637.971145205544,-14.950004837152832,0.6222698419474,0.835599673069737,False
183,1787909608.5345783,7268.39934565,18.30082082748413,24000,24000,4815,970,1.7308051539450577,0.09512655276616383,1.6004499912261962,1.8615499675273894,-0.008059431798756123,0.030076464638113976,0.022998158201869245,0.4163150489330292,-1647.4248424889379,-1646.9454590341597,-14.94247545857165,-0.20145293729819969,0.07776664654488741,False
184,1787909608.635908,7268.49998969,18.40215039253235,24000,24000,4583,840,1.7207452380941028,0.08811366954370912,1.5920000076293945,1.847000002861023,-0.006248273886740208,0.0263910423964262,0.02324745034827802,0.36585378646850586,-1655.9747681396,-1655.8842482726684,-14.95840372023997,0.36825003931380706,0.2385771166543691,False
185,1787909608.7338648,7268.59982551,18.500107288360596,24000,24000,4613,783,1.7266602803920876,0.1141839788256912,1.5820000171661377,1.8809000372886657,-0.00936209037899971,0.022982172667980194,0.023789042743925973,0.3285198211669922,-1665.3781680262803,-1664.8449643075003,-14.961759824474322,-0.2190603772387476,0.34558170970285573,False
186,1787909608.8338935,7268.69966263,18.600136041641235,24000,24000,4789,803,1.7309925283025833,0.1053735316829694,1.5741999983787536,1.8680000305175781,-0.005008046515285969,0.025966420769691467,0.023167967458083947,0.35336077213287354,-1673.666636618285,-1673.7672722263526,-14.957509841131438,0.49502701266146687,1.2925427356551609,False
187,1787909608.9327443,7268.79949139,18.698986768722534,24000,24000,4716,753,1.739086322100514,0.12469526416602979,1.582599973678589,1.8943999767303465,-0.005007725674659014,0.02703244425356388,0.021002493549779087,0.36847785115242004,-1682.2043379508705,-1682.6644445132843,-14.957509841131438,0.8538596787022925,1.913071608695418,False
188,1787909609.0339656,7268.89932797,18.80020809173584,24000,24000,4630,817,1.7331921682217712,0.11129491407583028,1.5777999639511109,1.8725999832153317,-0.010894239880144596,0.02745307981967926,0.022970390629986067,0.3880349099636078,-1692.0937472332841,-1691.6553112141478,-14.982034760996909,0.0743372748463571,0.41004654407402086,False
189,1787909609.133922,7268.99996435,18.90016460418701,24000,24000,4755,877,1.7353477758040041,0.10941377129644883,1.5848000288009643,1.8540000438690183,-0.011118371039628983,0.032880399376153946,0.023015488802997967,0.44552814960479736,-1700.2044432704774,-1700.652710906804,-14.99466496816283,0.9596955678816812,1.506265618335874,False
190,1787909609.2340984,7269.09980809,19.000340938568115,24000,24000,4925,893,1.7399339312802238,0.10472886831681805,1.5920000076293945,1.8754000186920166,-0.010160936042666435,0.035976532846689224,0.022514580852243806,0.47279298305511475,-1709.7998952999392,-1709.648033883536,-15.007125186196795,0.3800817724297758,1.376473906211686,False
191,1787909609.3339117,7269.19965123,19.100154161453247,24000,24000,4913,902,1.7357682930656653,0.0991552460125591,1.5880000591278076,1.8730000257492065,-0.010991894640028477,0.03486177697777748,0.02341035514069823,0.46345600485801697,-1719.1098027373664,-1718.655223480872,-15.022567828829345,0.0533326498596125,0.4991022426731888,False
192,1787909609.4326775,7269.29949559,19.198920011520386,24000,24000,4739,881,1.73668217902557,0.10008112993418299,1.593999981880188,1.8650000095367432,-0.009741424582898617,0.03512449190020561,0.02183102437762651,0.4616711735725403,-1728.0734514634216,-1727.6691815633635,-15.01940822017813,-0.021420981849360032,-0.13354718453069836,False
193,1787909609.5361624,7269.39932459,19.30240488052368,24000,24000,4814,941,1.732900108338416,0.10104587679790586,1.5789999961853027,1.871000051498413,-0.00959009863436222,0.031739842146635056,0.02357539005107323,0.42168891429901123,-1737.1697352500435,-1736.6850992629302,-15.019774488027906,0.1959005292828806,0.4298217158295756,False
194,1787909609.633829,7269.49956679,19.400071620941162,24000,24000,4983,959,1.7262106349495578,0.09677594790739599,1.5758999824523925,1.8660000562667847,-0.00931469351053238,0.029492875561118126,0.022822735581897326,0.4027270972728729,-1746.0533511954281,-1745.6931039446538,-15.019774488027906,0.10226015933835697,0.08912213081021036,False
195,1787909609.7327535,7269.59940193,19.498996019363403,24000,24000,5065,912,1.7367116221994685,0.10703793968497537,1.581549996137619,1.871000051498413,-0.008432041853666306,0.031054217368364334,0.02396444352801701,0.40950027108192444,-1755.1806925233734,-1754.7120280347092,-15.03483788622591,-0.12191677272630841,-0.045317508009475205,False
196,1787909609.8330374,7269.69965269,19.59927988052368,24000,24000,4856,762,1.7265629921685366,0.10634120139797085,1.579199993610382,1.871999979019165,-0.007321569137275219,0.02272164262831211,0.02475385421526157,0.31122490763664246,-1764.2492019920107,-1763.7994480475738,-15.060017168212136,-0.16491063142620987,-0.16369848966519385,False
197,1787909609.9334579,7269.79948815,19.699700355529785,24000,24000,4930,742,1.7199460902625339,0.11515105182221334,1.5720000267028809,1.8606499433517452,-0.006014776881784201,0.016592638567090034,0.025442039805759983,0.2365865260362625,-1773.1150441663692,-1772.8587193490728,-15.036887129245597,0.007058006828174257,-0.10633847527719809,False
198,1787909610.0329347,7269.89933611,19.799177169799805,24000,24000,4903,715,1.7241580436279724,0.11780768906218748,1.5734000086784363,1.871999979019165,-0.004236272536218166,0.013865368440747261,0.025917865767896876,0.20136021077632904,-1781.718608075587,-1781.8735501397339,-15.036887129245597,0.35637574409929584,0.4090522905244143,False
199,1787909610.1344197,7269.99998401,19.900662183761597,24000,24000,4857,703,1.7304480799909676,0.12682511043684994,1.5789999961853027,1.9026000022888183,-0.005181874148547649,0.0170784629881382,0.024869392444621236,0.24356088042259216,-1790.929921802265,-1790.950191873844,-15.011210060879835,0.2786809974782045,0.35034134542320317,False
200,1787909610.2336752,7270.09983121,19.99991774559021,24000,24000,4690,693,1.7174646458756528,0.10156065520687209,1.5815999984741211,1.8482000112533568,-0.013268034905195236,0.017977962270379066,0.025360543461107818,0.30129069089889526,-1799.9432672505363,-1799.9583631707308,-14.997942531210215,0.19830454633688532,0.3546763662641297,False
201,1787909610.3339674,7270.19966659,20.100209951400757,24000,24000,4610,759,1.7288906458024136,0.11863790740150762,1.583899986743927,1.8608000159263614,-0.018709057942032814,0.015347179025411606,0.024924758600432525,0.3291003406047821,-1808.9493228636736,-1808.933485086002,-14.994119135304528,0.2185155590073009,0.09104383786461767,False
202,1787909610.437849,7270.29950179,20.204091548919678,24000,24000,4278,710,1.7323957748816048,0.11372308361712215,1.5829000055789948,1.8739999532699585,-0.021570131182670593,0.015206773765385151,0.025275365052339606,0.3576853275299072,-1817.8754018223044,-1817.907284907216,-15.009208465167326,0.6417473383603465,0.6307993535140213,False
203,1787909610.533142,7270.39934685,20.299384593963623,24000,24000,4804,850,1.7333364694258746,0.10899208320827981,1.5898999750614167,1.8726499974727628,-0.016689838841557503,0.020036378875374794,0.024244437592704796,0.3506149351596832,-1827.2810814081047,-1826.934419650705,-15.009208465167326,-0.18758850068275024,-0.5952214149090196,False
204,1787909610.6344426,7270.49999239,20.40068507194519,24000,24000,4620,820,1.7357085367528404,0.121059534179761,1.5920000076293945,1.871999979019165,-0.01454885769635439,0.023564480245113373,0.023382148776131255,0.37187156081199646,-1836.7802757608658,-1835.940202473457,-15.001947299339415,-0.5697720529174148,-0.9530994492313312,False
205,1787909610.7339747,7270.59984259,20.50021719932556,24000,24000,4803,996,1.7323022110155788,0.09456257585592956,1.5957499742507935,1.850000023841858,-0.013224642723798752,0.029523933306336403,0.022422758577936852,0.42574775218963623,-1845.6130411247634,-1844.9621962069796,-15.007451264078682,-0.4446776079862502,-0.7815148967295045,False
206,1787909610.8392372,7270.69967039,20.60547971725464,24000,24000,4647,989,1.7396016175151474,0.09389771930113582,1.6059999465942383,1.8569999933242798,-0.005438004620373249,0.03338449075818062,0.02130315298303719,0.4476397633552551,-1854.376988699355,-1853.9714380885305,-15.000438455593835,0.2649679531293714,0.5726244709953789,False
207,1787909610.9327497,7270.79950183,20.698992252349854,24000,24000,5205,1133,1.7332197699205916,0.09216864136297499,1.6022000074386598,1.8420000076293945,-0.011325303465127945,0.031761396676301956,0.021683336597701698,0.4410206377506256,-1863.1730893459503,-1862.9880786821493,-15.000438455593835,-0.11503427581760661,0.1956239998203273,False
208,1787909611.0331173,7270.89934221,20.799359798431396,24000,24000,5177,1066,1.733674483384245,0.08103584044754997,1.6052500009536743,1.8309999704360962,-0.005472614895552397,0.03628583624958992,0.02105008198878136,0.4819931983947754,-1872.0711788449744,-1871.9459854025083,-14.991909698752314,0.019923451394333824,0.19373735724389007,False
209,1787909611.1344147,7270.99997999,20.900657176971436,24000,24000,5045,1053,1.734656219695255,0.08999940810988981,1.6081999778747558,1.8384000301361083,-0.004489758983254433,0.03397473692893982,0.021599195811782042,0.4482679069042206,-1880.8531152671892,-1880.90277761081,-15.009698717171956,0.35471888095435133,0.5364117500594148,False
210,1787909611.2336197,7271.09982871,20.99986219406128,24000,24000,5042,915,1.741217485281939,0.09909813062491528,1.6027000308036805,1.8675999760627746,-0.00013297972327563912,0.028064483776688576,0.021591721969677912,0.37492069602012634,-1889.5210371071876,-1889.8847638250943,-15.005625339950926,0.6152170276723155,0.7686008872663024,False
211,1787909611.3336291,7271.19967547,21.09987163543701,24000,24000,5150,737,1.7338914504044738,0.10347270273949188,1.5837999820709228,1.8586000204086301,0.00017476566426921636,0.016665665432810783,0.02199435106254927,0.22327660024166107,-1899.183278148956,-1898.8677590245006,-14.996367437791214,-0.04620609749099458,0.04897779876750974,False
212,1787909611.4334726,7271.29952417,21.19971513748169,24000,24000,5246,660,1.7312318169709409,0.10564193055580087,1.5919500052928925,1.8652000069618224,-0.005735968239605427,0.010375662706792355,0.02451452841134562,0.1568678915500641,-1908.5669219038575,-1907.832058390297,-14.986651739832928,-0.44396642280617016,-0.13522343093745803,False
213,1787909611.5332842,7271.39937879,21.299526691436768,24000,24000,5095,657,1.7405114168445814,0.1269709494378669,1.5916000127792358,1.9153999805450432,-0.010800382122397423,0.007298256736248732,0.02462878906218853,0.17418114840984344,-1916.813071309216,-1916.7606076275838,-14.981959987648052,0.29289228351854035,0.40077896261072965,False
214,1787909611.6329584,7271.49960701,21.399200916290283,24000,24000,4995,672,1.72878571528764,0.11439922211363356,1.593000054359436,1.8832500398159024,-0.014663358218967915,0.002903403714299202,0.025192398318853296,0.20094099640846252,-1926.1393782282194,-1925.747807664179,-14.981959987648052,-0.06276609926612764,0.3900324023243229,False
215,1787909611.7344003,7271.59944403,21.500642776489258,24000,24000,4960,682,1.7222287387442379,0.10926408704079218,1.5831499457359315,1.879049992561339,-0.021055925637483597,0.0013478841865435243,0.025045246739726287,0.28627556562423706,-1934.7117352556772,-1934.7746829125238,-15.001838301001634,0.49461202840393526,0.943951372959873,False
216,1787909611.8328025,7271.69967901,21.599045038223267,24000,24000,5138,736,1.7236942929094252,0.10096153029147492,1.5877500474452972,1.8692499697208405,-0.024599526077508926,0.013874285854399204,0.02376908611396619,0.37669286131858826,-1943.8815111039594,-1943.7910766491073,-15.001838301001634,0.1810084401226959,0.35762958597229044,False
217,1787909611.9327753,7271.79951845,21.699017763137817,24000,24000,4959,820,1.7227768301963806,0.09745571566629158,1.588949990272522,1.8274000227451321,-0.022534383460879326,0.020301703363656998,0.023112413542445333,0.39928603172302246,-1952.7957954266956,-1952.806158395901,-15.008121783116247,0.2642375641630679,0.26684825367897247,False
218,1787909612.0333242,7271.89934589,21.799566745758057,24000,24000,4937,942,1.7298811035044888,0.09462624272728068,1.6030000448226929,1.8489999771118164,-0.018722478300333023,0.03238755092024803,0.02104266128966345,0.4865267276763916,-1962.581955884183,-1961.8093990704074,-15.030475053014372,-0.47254643631004,-0.6680588824162896,False
219,1787909612.1341472,7271.99998025,21.900389671325684,24000,24000,5054,1049,1.7284737846985445,0.09305210548476976,1.5959999561309814,1.8346000194549559,-0.015466357581317425,0.03492381051182747,0.021935459441630292,0.5024811625480652,-1971.287091383022,-1970.8229856071919,-15.036048572944663,-0.10365069999556908,0.029894379931647563,False
220,1787909612.2357657,7272.09981267,22.002008199691772,24000,24000,5120,1107,1.7281409212351921,0.08732799672161733,1.5950000286102295,1.8370000123977661,-0.015153858810663223,0.03520878776907921,0.02111493936271271,0.5096749663352966,-1980.0447987982657,-1979.8470986260147,-15.021933882758418,0.28427711874110173,0.5705617060668828,False
221,1787909612.3349493,7272.19964367,22.101191759109497,24000,24000,4913,992,1.7323346758081066,0.09446098088246131,1.5975500285625457,1.8420000076293945,-0.010024177841842175,0.036972906440496445,0.021344607950255303,0.5101692080497742,-1988.8898815580385,-1988.8176511983263,-15.032905972763272,0.3656831620180583,0.49698640477208755,False
222,1787909612.432896,7272.29949473,22.199138402938843,24000,24000,4858,981,1.7407084619597921,0.10708005276045535,1.6059999465942383,1.8650000095367432,-0.005649122409522533,0.033386074006557465,0.021907730118136823,0.4608314633369446,-1997.9918875036137,-1997.8419439896136,-15.032905972763272,0.07884400992998053,-0.09784592626033373,False
223,1787909612.5332055,7272.39932387,22.299448013305664,24000,24000,4802,901,1.7327813533249494,0.10150038641672313,1.5989999771118164,1.8609999418258667,-0.003810056485235691,0.031280916184186935,0.021168459781304855,0.4307178258895874,-2007.3337551376192,-2006.9341930037783,-15.051036488552397,-0.23519059373847995,-0.47813367835965437,False
224,1787909612.635076,7272.49996825,22.401318550109863,24000,24000,4894,843,1.7289703435320871,0.10587799544600425,1.6039999723434448,1.8629000306129455,-0.008015275001525879,0.024215051904320717,0.023173370884232363,0.3518421947956085,-2015.8987116252865,-2015.9726649900956,-15.050529873372009,0.3681688318549732,0.2556206948936506,False
225,1787909612.7335296,7272.59981617,22.49977207183838,24000,24000,4857,828,1.7182886479557424,0.10155243779936178,1.5813499867916108,1.8452999651432036,-0.005429479759186506,0.021162917837500572,0.02298351183295054,0.2963014841079712,-2024.9583867302981,-2025.0636653686845,-15.050529873372009,0.1692793700472066,0.14348148689600748,False
226,1787909612.8342013,7272.69966027,22.600443840026855,24000,24000,4614,794,1.7301788411152452,0.11080797490055126,1.585299974679947,1.868400007486343,-0.01248821523040533,0.022565491497516632,0.023952367232267076,0.3439851403236389,-2034.2308992602568,-2034.0832159636632,-15.01057041280611,-0.04280604080690864,-0.2987534922285704,False
227,1787909612.9331353,7272.79950073,22.69937777519226,24000,24000,4578,798,1.7403320816525243,0.12143943702292487,1.585849976539612,1.8836000084877014,-0.01363815926015377,0.024798672646284103,0.023643887495712314,0.37473610043525696,-2043.3152967021385,-2043.0919232993003,-15.00320814219108,-0.22318078295643318,-0.5708673143924443,False
228,1787909613.032872,7272.89932623,22.7991144657135,24000,24000,4716,809,1.7290877593020426,0.11551941756131164,1.5813999891281127,1.8644000291824336,-0.01034667156636715,0.027665914967656136,0.023501689250661754,0.3788582384586334,-2052.5504301553515,-2052.0591524940146,-14.99556541353231,-0.4820438097221995,-0.5201814284191641,False
229,1787909613.1339834,7272.99995401,22.90022587776184,24000,24000,4820,835,1.733835928597136,0.10747254683275552,1.5823999524116517,1.8609999418258667,-0.012598725035786629,0.034576766192913055,0.023275284010947094,0.46866244077682495,-2061.550389706923,-2061.043554404643,-15.002437454235215,-0.3820084346261865,-0.8910233255128333,False
230,1787909613.2337332,7273.09981121,22.99997568130493,24000,24000,4734,840,1.7363130937019984,0.09993286452740248,1.588949990272522,1.8620499908924102,-0.01019071415066719,0.036304667592048645,0.02208789403514884,0.4780345857143402,-2070.2690175429734,-2070.075576238873,-15.005466536934529,-0.12318567643342249,-0.43452831852891904,False
231,1787909613.334299,7273.19965223,23.100541591644287,24000,24000,4774,872,1.7375917431958225,0.10806859258796714,1.5805500030517579,1.8663500189781186,-0.006423617713153362,0.03501218929886818,0.022657415504635525,0.45240336656570435,-2079.619072946875,-2079.1006771275993,-14.993750939391404,-0.4223411339839913,-0.6851490736262349,False
232,1787909613.4333386,7273.29949441,23.199581146240234,24000,24000,4834,870,1.735159770921729,0.09878127537787529,1.5870000123977661,1.8665500164031983,-0.008512260392308235,0.0360674224793911,0.02174881488198475,0.4670425355434418,-2088.6013307845637,-2088.064638922998,-14.96239284791605,-0.4910705567831428,-0.6577854420743279,False
233,1787909613.5328047,7273.39933545,23.299047231674194,24000,24000,5063,999,1.7378028040533666,0.09242755975531666,1.5908999681472777,1.8650000095367432,-0.010608965530991554,0.034466452896595,0.0230888200301456,0.4531215727329254,-2097.250911715086,-2097.086659106108,-14.981346187066803,-0.18873543264953696,-0.0638347160952435,False
234,1787909613.6347878,7273.49998079,23.40103030204773,24000,24000,4892,899,1.7329877653429586,0.09572775284162201,1.5839999914169312,1.8669999837875366,-0.002794576110318303,0.03382439166307449,0.02264330556821904,0.44278135895729065,-2106.2810907002977,-2106.117023137766,-14.97676927514758,-0.04047051915040356,0.11531394319536048,False
235,1787909613.7341235,7273.59983513,23.50036597251892,24000,24000,4880,852,1.7369166658797734,0.10779468205625402,1.5855499982833863,1.8754500210285185,-0.004489273764193058,0.030900875106453896,0.022313120567003297,0.4059774577617645,-2114.6812666487845,-2115.0860114716074,-14.944210254035239,0.49953228184676846,0.5803989920018466,False
236,1787909613.8339236,7273.69967191,23.600166082382202,24000,24000,4904,780,1.7309461530966637,0.1071298631870409,1.585949969291687,1.883050012588501,-0.008647768758237362,0.022666506469249725,0.024812343483810582,0.3184531331062317,-2123.941213865323,-2124.0559333408223,-14.947279192000108,0.22156321236934673,0.43267677161838947,False
237,1787909613.934358,7273.79951421,23.700600385665894,24000,24000,5110,750,1.721657335281372,0.11275397543304697,1.5794500172138215,1.8771999716758727,-0.008653473109006882,0.01555132307112217,0.024676015018848422,0.2408936470746994,-2132.9648417621706,-2133.0248157820884,-14.944647998143752,0.2369906687194998,0.5349304168094022,False
238,1787909614.0362062,7273.89935001,23.802448749542236,24000,24000,5038,815,1.7154036820300518,0.11650920033740997,1.5686999917030335,1.8713000297546387,-0.009321740828454494,0.010462134145200253,0.025867246122814085,0.1918867975473404,-2142.238004912602,-2142.00771989511,-14.9519075144283,0.13014787509382586,-0.060066523555633466,False
239,1787909614.142177,7273.99998729,23.908419609069824,24000,24000,4674,747,1.7240160631846233,0.11701338200205894,1.5782999634742736,1.8783000230789177,-0.010298581793904305,0.013760349713265896,0.025823152368221757,0.23658297955989838,-2151.958447197249,-2151.0150922852736,-14.944551097401373,-0.052950755262372695,-0.24392684101758277,False
240,1787909614.2369742,7274.09982769,24.00321674346924,24000,24000,4639,759,1.7273596829890576,0.12182271623488435,1.5820000171661377,1.8788000226020816,-0.015153042040765285,0.014363851398229599,0.025773063201446237,0.27826881408691406,-2160.2925004637173,-2160.011595079387,-14.93966280396357,0.14470792473866823,0.059914772076353984,False
241,1787909614.3392298,7274.19965693,24.105472326278687,24000,24000,4459,687,1.7255909751769931,0.11294743233181889,1.597000002861023,1.8539999723434448,-0.012217525392770767,0.014728515408933163,0.025571877384833908,0.25429561734199524,-2169.096794063932,-2168.9313437985297,-14.957975812835848,0.5433842557963544,0.7949064346012165,False
242,1787909614.433731,7274.29949085,24.199973583221436,24000,24000,4727,773,1.7328848656830782,0.11424215557743246,1.5892000436782836,1.8950000047683715,-0.015340721234679222,0.017433978617191315,0.024164336845779753,0.3116700351238251,-2178.7400295545062,-2177.8949987094943,-14.987960328023371,-0.5947681653065047,-0.7264987829112215,False
243,1787909614.5350845,7274.39932215,24.301326990127563,24000,24000,4598,795,1.730996226664609,0.11094756286365051,1.5897000193595887,1.8730000257492065,-0.01597331464290619,0.01972663775086403,0.023866857706522266,0.338797926902771,-2186.915765870216,-2186.8957578727345,-15.004383631489931,0.3512699058869657,0.41345936892548707,False
244,1787909614.6357064,7274.49994709,24.401948928833008,24000,24000,4632,827,1.7290471594740142,0.10880112038845523,1.5883000373840332,1.8566999793052672,-0.012942856177687645,0.02081548422574997,0.023114693492980468,0.33089128136634827,-2195.928945198122,-2195.8856577079105,-15.015491015595408,0.3940330594605257,0.8366221155188214,False
245,1787909614.7360635,7274.59978969,24.50230598449707,24000,24000,4920,973,1.7363997977169543,0.09434442335983995,1.5996000051498414,1.8539999961853026,-0.013769031502306461,0.028211023658514023,0.023272836723993207,0.41566550731658936,-2205.177052282342,-2204.8781333419915,-15.008671568328358,0.17802906723954948,0.6924332328876517,False
246,1787909614.8345728,7274.69964207,24.600815296173096,24000,24000,5105,1089,1.7368337938389284,0.09827089232508736,1.593999981880188,1.8530000448226929,-0.007850895635783672,0.033484239131212234,0.020525062609991714,0.45623934268951416,-2213.977946866781,-2213.8532617526494,-15.00902279797581,0.24294120353670223,0.363527468911343,False
247,1787909614.9342124,7274.79949995,24.70045495033264,24000,24000,4971,1044,1.7399386974815207,0.0987836957015361,1.608150029182434,1.8488499879837035,-0.00823192298412323,0.03528740257024765,0.020558651655965408,0.48166733980178833,-2223.0709036741296,-2222.814525859232,-15.00902279797581,0.11752158094486731,-0.019211066258776555,False
248,1787909615.0330126,7274.89935035,24.79925513267517,24000,24000,5064,1087,1.7320791155017619,0.07542607435719945,1.6130000352859497,1.8309999704360962,-0.004291534423828125,0.035599950700998306,0.021330564971180885,0.47731640934944153,-2231.8245772532446,-2231.7840491973816,-15.011905405946434,0.2558329900425633,0.29039643456917474,False
249,1787909615.136593,7274.99998251,24.902835607528687,24000,24000,5166,1032,1.7385455428860908,0.09467540997880605,1.6059999465942383,1.8630000352859497,-0.00503755547106266,0.033077556639909744,0.020575578345926736,0.43638545274734497,-2240.5639328495595,-2240.781446587339,-15.008750091330654,0.8386871875945872,0.7887796166783119,False
250,1787909615.2340586,7275.09982437,25.000301122665405,24000,24000,5265,1015,1.7392916258920001,0.10556385644044755,1.593000054359436,1.8881000280380247,-0.003766964189708233,0.027082791551947594,0.02231568091478537,0.3567107915878296,-2249.5978900862638,-2249.806884784425,-15.01517320436673,0.5765953150598762,0.5250602501691901,False
251,1787909615.3370175,7275.19966163,25.103260040283203,24000,24000,5088,731,1.7479534891170287,0.12485870927829078,1.6009999513626099,1.9140000343322754,-0.004738881252706051,0.015565885230898857,0.02378546930656034,0.21245110034942627,-2259.43289601598,-2258.8109713123276,-15.031012501488403,0.00785922567729358,0.06143451105981512,False
252,1787909615.4331818,7275.29949443,25.199424266815186,24000,24000,5008,674,1.7278234415662748,0.10058673217467852,1.5889999866485596,1.8569999933242798,-0.0088357487693429,0.0072957416996359825,0.025635479758568867,0.15036775171756744,-2268.4589371110915,-2267.823117032733,-15.031202714325849,-0.3634320658256911,-0.2387127514380154,False
253,1787909615.5336916,7275.39932621,25.299934148788452,24000,24000,5013,643,1.732328149430674,0.10440643510076221,1.5992999792098999,1.862700033187866,-0.010622836649417877,0.008572612889111042,0.025098733247900837,0.17955616116523743,-2277.2533202854866,-2276.919710496035,-15.048474986530595,-0.11195782899858386,-0.39808937805992173,False
254,1787909615.6344273,7275.49996373,25.400669813156128,24000,24000,5149,655,1.7253938929725239,0.10678586731374372,1.5847000241279603,1.8580000400543213,-0.012965556234121323,0.003968890756368637,0.02535189895620549,0.18111123144626617,-2286.2519676536544,-2285.925205078475,-15.057043689761707,-0.04442744225571005,-0.22084177008355255,False
255,1787909615.7368195,7275.59980557,25.5030620098114,24000,24000,5038,639,1.7186197195441137,0.09992977627410823,1.5918000102043153,1.8507000207901003,-0.017961369827389717,0.003782641375437379,0.02467407610159515,0.2475346028804779,-2295.4085122245942,-2294.959549946219,-15.056658931286826,0.014293120752427058,-0.06834875271351848,False
256,1787909615.834038,7275.69964811,25.60028052330017,24000,24000,4928,709,1.714141044529268,0.10229742077097148,1.5812000036239624,1.826599979400635,-0.023519478738307953,0.009352578781545162,0.023915603236543098,0.34038031101226807,-2304.0118137857194,-2304.030412831937,-15.05065788499933,0.16062685403812793,-0.06344858523470975,False
257,1787909615.934846,7275.79949159,25.701088428497314,24000,24000,4785,780,1.7237205155384847,0.10404114023633788,1.588949990272522,1.8450500249862671,-0.025293974205851555,0.01971467398107052,0.02335629268769574,0.4248935580253601,-2313.3092807669123,-2313.052036246789,-15.066433931256983,-0.06416072056708799,-0.006167883036596322,False
258,1787909616.0345898,7275.89931621,25.800832271575928,24000,24000,5036,954,1.7227945487704166,0.08861395164751024,1.5819499790668488,1.8213499963283537,-0.018628206104040146,0.03056788071990013,0.021261814109667238,0.4715519845485687,-2322.150302098909,-2322.086614140224,-15.07624813262761,0.07173210177234068,0.28536963957094486,False
259,1787909616.134571,7275.99994229,25.900813579559326,24000,24000,5089,1029,1.7316190467747354,0.0924089255140178,1.599399995803833,1.8396000146865843,-0.015572541393339634,0.03693412244319916,0.020888039633943232,0.5329537391662598,-2330.949238989559,-2331.137986021929,-15.067299287278635,0.27108113136500833,0.7330892074187432,False
260,1787909616.235116,7276.09977353,26.00135850906372,24000,24000,4999,1065,1.7300769944705874,0.09413634727324917,1.5902000188827514,1.8446000337600708,-0.014235773123800755,0.03702450916171074,0.021310578383836435,0.5278864502906799,-2340.52827588056,-2340.1580960447404,-15.032537717025214,-0.2589440817587274,-0.5759143071754806,False
261,1787909616.3351398,7276.19961207,26.1013822555542,24000,24000,4922,1030,1.7337524270548403,0.09757811569147963,1.597000002861023,1.8505499839782715,-0.011874611489474773,0.03675428405404091,0.02106224406610426,0.514599084854126,-2349.576290798666,-2349.176766318257,-15.015111447861464,-0.3048536274814069,-0.7327112193052017,False
262,1787909616.4330454,7276.29946225,26.19928789138794,24000,24000,4883,974,1.7343891144288395,0.09698409401668073,1.5989999771118164,1.8573500096797941,-0.009654060937464237,0.034497715532779694,0.022327187318138285,0.47793829441070557,-2358.4611347357527,-2358.1772381446744,-15.013451043336131,-0.3782214776433648,-0.6139303775112239,False
263,1787909616.5334125,7276.39929125,26.299654960632324,24000,24000,4904,913,1.735258488117147,0.1005287159099659,1.5965999841690064,1.852400016784668,-0.005130996461957693,0.03245679661631584,0.022287118316420898,0.4461003541946411,-2367.1213670984735,-2367.1950983364873,-15.026525064711274,-0.005449529320685542,-0.45155876565286235,False
264,1787909616.6342223,7276.49993947,26.4004647731781,24000,24000,4734,851,1.7291233851962868,0.10819976121297094,1.593999981880188,1.8650000095367432,-0.00994864385575056,0.02319260686635971,0.023912896094196757,0.3390175998210907,-2376.775857349893,-2376.20838768123,-15.030683180695751,-0.5870887133828546,-1.4462284610003735,False
265,1787909616.7361286,7276.59977691,26.502371072769165,24000,24000,4625,808,1.7266287108754168,0.10928982418644992,1.5889999866485596,1.8592499434947967,-0.00829245150089264,0.023196112364530563,0.023575675366547328,0.33551445603370667,-2385.4817081090328,-2385.243876145724,-15.013498953690648,-0.12140491981790547,-0.6943049229857934,False
266,1787909616.8339136,7276.69961609,26.60015606880188,24000,24000,4687,794,1.7273337519739376,0.10997891614325479,1.5826499700546264,1.8650499701499936,-0.010396218858659267,0.021323267370462418,0.024213445166494735,0.3151199221611023,-2394.224722590591,-2394.279680463031,-15.011134291886146,-0.06380085817545478,-0.13266455643315567,False
267,1787909616.9328165,7276.79944629,26.699059009552002,24000,24000,4836,843,1.7376464997039287,0.12325970155609808,1.5759999752044678,1.8839999437332153,-0.007296963594853878,0.028458474203944206,0.023269386780856337,0.3880113959312439,-2403.7717871876316,-2403.2367815099137,-14.991432751032491,-0.7096322430015789,-0.765111422908376,False
268,1787909617.0328557,7276.89929679,26.799098253250122,24000,24000,4672,788,1.7276027946907857,0.11097705868116081,1.5750000476837158,1.8650000095367432,-0.008920203894376755,0.03071061335504055,0.02233365750144222,0.4066607654094696,-2412.844905544949,-2412.2531977414624,-14.9950675941882,-0.7792504841772825,-0.8708324054778132,False
269,1787909617.1343274,7276.99994139,26.900569915771484,24000,24000,4641,817,1.739980414126757,0.11682098109701927,1.5870000123977661,1.8721999883651732,-0.010142857208848,0.03458782657980919,0.02279523201116955,0.45770490169525146,-2421.358437016026,-2421.220536795801,-14.98130536582672,-0.1603646005896735,0.32153563677729835,False
270,1787909617.2339303,7277.09978509,27.00017285346985,24000,24000,4708,845,1.734408283939023,0.10961069729595738,1.5779999494552612,1.8637999773025513,-0.009198416024446487,0.03393818065524101,0.02150712812294533,0.449707955121994,-2430.2273427904047,-2430.1767660753476,-14.965172076707708,-0.06503766004061617,0.49040423106862363,False
271,1787909617.334163,7277.19963519,27.10040545463562,24000,24000,4950,894,1.7357796418586833,0.09978434538476881,1.5886500120162963,1.8683500051498412,-0.009374292567372322,0.03565171733498573,0.022495101706321075,0.46987447142601013,-2438.7589243776497,-2439.1350703303956,-14.957921395722472,0.4242829794488898,0.8379695351623013,False
272,1787909617.433648,7277.29946247,27.199890613555908,24000,24000,4938,916,1.7342106988856887,0.10003173335222638,1.5800000429153442,1.8619999885559082,-0.008712561801075935,0.033483222126960754,0.022504715666789705,0.44393789768218994,-2448.6070295289474,-2448.1278291524554,-14.962232884988651,-0.4701895094895008,-0.6159396128437038,False
273,1787909617.5338025,7277.39930685,27.300045013427734,24000,24000,4817,915,1.7399650300135379,0.09952641985677796,1.5950000286102295,1.871000051498413,-0.008828368037939072,0.03484098240733147,0.02174691363179197,0.4565657079219818,-2457.5361345317483,-2457.121756861307,-14.951704088265357,-0.385430377139528,-0.5627133704506377,False
274,1787909617.6358557,7277.49993615,27.402098178863525,24000,24000,4867,968,1.733619834765915,0.09831688058450391,1.5873500287532807,1.872650009393692,-0.008910500444471836,0.030471589416265488,0.023592255016560648,0.4097593128681183,-2466.4521050953,-2466.065181535576,-14.951566893565987,-0.11664850867055065,0.12415199317956649,False
275,1787909617.735054,7277.59977767,27.501296520233154,24000,24000,4999,910,1.729402195752322,0.10676351080938189,1.5750000476837158,1.8850999951362608,-0.005917600356042385,0.02750459313392639,0.023008431639625637,0.3645639717578888,-2475.0294024621376,-2475.0241416664153,-14.951566893565987,0.2338732985117531,0.6386997514082395,False
276,1787909617.8355355,7277.69960749,27.601778030395508,24000,24000,5131,826,1.7319188858348578,0.11146699523493458,1.5839999914169312,1.8830000162124634,-0.008697745390236378,0.02235412783920765,0.02600665102776287,0.31494268774986267,-2484.005649481707,-2484.001783476097,-14.944624286100037,0.30093023620565873,0.26839235306715636,False
277,1787909617.9342668,7277.79944547,27.700509309768677,24000,24000,4871,732,1.7215327876187414,0.11234918482759357,1.5779999494552612,1.8594499886035918,-0.010811430402100086,0.01638428308069706,0.02519310402711055,0.2646145820617676,-2493.6076051077575,-2492.910846752466,-14.95449757071212,-0.41524164696056687,-1.0138694488159672,False
278,1787909618.033028,7277.89928677,27.799270391464233,24000,24000,4852,713,1.719660589437498,0.11429007500796734,1.5735999822616578,1.8592000007629395,-0.010279419831931591,0.015497869811952114,0.02524418998333116,0.25120094418525696,-2501.9521647879096,-2501.9324078412574,-14.991285484758174,0.12866461530802553,0.3030616991673014,False
279,1787909618.135621,7277.99992831,27.90186357498169,24000,24000,4903,750,1.7300026642481485,0.11769119307237803,1.5794500172138215,1.8969999551773071,-0.00555028673261404,0.016010038554668427,0.025267255280230726,0.23136940598487854,-2511.3000998775897,-2510.9468843418867,-14.997114991863832,0.014083413249863952,0.13014317793386,False
280,1787909618.2344406,7278.09978225,28.000683069229126,24000,24000,4743,688,1.726260173112847,0.12910354916720776,1.5836999773979188,1.8772499501705169,-0.014369593001902103,0.015889791771769524,0.025909534350155212,0.287986695766449,-2520.008180327994,-2519.9588575607786,-14.99901703283622,0.19972601635708997,0.23863553197907095,False
281,1787909618.334941,7278.19960755,28.10118341445923,24000,24000,4610,724,1.7274005521726872,0.11616943675938159,1.5821500062942504,1.8788499593734742,-0.016210732981562614,0.01527639664709568,0.025455105910797127,0.2987394630908966,-2529.4333535057326,-2528.9500107875547,-14.992722045865294,-0.1804480540104123,-0.14984926854185687,False
282,1787909618.4337263,7278.29945287,28.199968814849854,24000,24000,4554,752,1.7347021280451025,0.11326249592739997,1.593000054359436,1.8769000351428984,-0.014132064767181873,0.017012597993016243,0.024200357021435588,0.30474305152893066,-2538.044374905788,-2537.9226267904464,-14.999559256731947,0.09918516317611648,0.2918465367160934,False
283,1787909618.5341582,7278.39967739,28.300400733947754,24000,24000,4652,784,1.7295051016369645,0.102031358928313,1.5921500146389007,1.872550022602081,-0.016085410490632057,0.02003902569413185,0.024105508296830475,0.35268306732177734,-2546.809218980506,-2546.9412080925895,-15.007617841262219,0.37318186569291356,0.343303470198407,False
284,1787909618.6337976,7278.49949999,28.40004014968872,24000,24000,4886,907,1.7298566697056528,0.10432446146953644,1.5883000373840332,1.8506999731063842,-0.016989359632134438,0.023670243099331856,0.023153572328882724,0.39183783531188965,-2555.958905229218,-2555.9708263094317,-15.007617841262219,0.19101134414131593,-0.026943306213979668,False
285,1787909618.7364867,7278.59934305,28.502729177474976,24000,24000,4892,1016,1.735216535569176,0.0964174235795678,1.5987499952316284,1.8582500219345093,-0.013091886416077614,0.029572295024991035,0.021884622110782608,0.428646981716156,-2565.424787417895,-2564.9844583276627,-14.993900762939921,-0.032891003204440494,-0.15386951378741287,False
286,1787909618.83476,7278.69999513,28.60100245475769,24000,24000,4961,1133,1.7353627547056194,0.09224969571134595,1.5965999841690064,1.8519999980926514,-0.01105068251490593,0.030676281079649925,0.021742990786578688,0.43102675676345825,-2574.011728154725,-2573.969268185456,-14.989931911937772,0.2247319603725373,0.21535757019637458,False
287,1787909618.9347367,7278.79982837,28.700979232788086,24000,24000,5018,1065,1.7337023480957103,0.0966252188201883,1.6091999769210816,1.8370000123977661,-0.008458455093204975,0.03313719108700752,0.020655435538122876,0.4453275799751282,-2583.812874055224,-2582.9416728164256,-14.992332079856938,-0.5785357142126486,-0.6715306341143332,False
288,1787909619.0341516,7278.89967391,28.80039405822754,24000,24000,5198,1096,1.7321879558102058,0.08216458135122334,1.6089999675750732,1.836249977350235,-0.005737681407481432,0.03555593267083168,0.021563597825092415,0.4704853892326355,-2591.9722691705842,-2591.9428325449726,-14.989924895545066,0.2093718418800563,0.30511967741176704,False
289,1787909619.1336358,7278.99952183,28.89987826347351,24000,24000,5167,1005,1.735498507580354,0.08645670931731193,1.6082000255584716,1.848799991607666,-0.004934518598020077,0.032794613391160965,0.02161680489423741,0.43797406554222107,-2601.3724061058033,-2600.883538504135,-14.989924895545066,-0.23721826136488744,-0.2842250943203908,False
290,1787909619.2331219,7279.09937197,28.999364376068115,24000,24000,5061,944,1.746459746133473,0.11051078128465949,1.6061499536037445,1.8949999809265137,-0.004743333440274,0.02834159880876541,0.02228852286584925,0.38038018345832825,-2610.1056225916027,-2609.9368110997934,-15.00400500591651,-0.016716254419861798,-0.06981350404112163,False
291,1787909619.3330626,7279.19961319,29.099305152893066,24000,24000,5030,723,1.7360885202637353,0.10135811904461937,1.590999960899353,1.8735999584197998,-0.0016474360600113869,0.01629435457289219,0.022473792904845493,0.2164454162120819,-2619.292352553898,-2618.8874902041653,-14.982808802921722,-0.2088080878420442,-0.14766527392248463,False
292,1787909619.4331043,7279.29944539,29.199346780776978,24000,24000,5206,688,1.730037790398265,0.10987282305024526,1.5850000381469727,1.8582500159740447,-0.00547520536929369,0.007347817998379469,0.02485938764319216,0.12300360202789307,-2627.9241538088386,-2627.8944053819428,-14.99207086558736,0.1631053493224499,-0.03937375598161452,False
293,1787909619.5331192,7279.39929067,29.29936170578003,24000,24000,5229,646,1.7335123855263086,0.11172338287531468,1.5942499935626984,1.8727500140666962,-0.007063955534249544,0.007648848928511143,0.025012063765269727,0.13876090943813324,-2637.0036169908303,-2636.919325514594,-14.992361557307467,0.08495360865072143,0.41130053392407717,False
294,1787909619.6344583,7279.49992679,29.40070080757141,24000,24000,4995,615,1.7262162588476166,0.11703667466107646,1.5850000381469727,1.8805999994277949,-0.010698649100959301,0.004166107624769211,0.023933181918081643,0.15606671571731567,-2645.8294584636774,-2645.8886927328927,-14.959627922116107,0.3795990669295861,0.4446868634904604,False
295,1787909619.734561,7279.59976323,29.500803470611572,24000,24000,4985,669,1.7208295967903193,0.10679004511725178,1.5889999866485596,1.861199998855591,-0.017986463382840157,0.002648919355124235,0.025016430349714392,0.2451515644788742,-2655.008368585701,-2654.8737464022847,-14.949768075990917,0.20989678166142767,0.2408227575060664,False
296,1787909619.8345933,7279.69959691,29.6008358001709,24000,24000,5012,750,1.716308000723521,0.0944038718845343,1.58445001244545,1.8370000123977661,-0.023001231253147125,0.007797819096595049,0.023577638530505887,0.32826635241508484,-2663.9544789534157,-2663.8453187188175,-14.946457815200468,0.266664259796471,0.45760626920628056,False
297,1787909619.9351552,7279.79942425,29.70139765739441,24000,24000,5148,885,1.7242858768182958,0.1065080182934224,1.5850000381469727,1.8496000289916992,-0.023888956755399704,0.021042155101895332,0.022251245203290363,0.4215144217014313,-2672.9625644757707,-2672.788549690987,-14.945998521662718,0.3091139046555327,0.10399731064990192,False
298,1787909620.0340068,7279.89967877,29.800249338150024,24000,24000,4941,991,1.7250686171798244,0.09964200313036921,1.5859999656677246,1.8385000228881836,-0.0192263163626194,0.029747772961854935,0.021310216807156522,0.46219655871391296,-2682.237152395843,-2681.794734159816,-14.94489480391192,-0.06885418640558782,-0.02552958628803026,False
299,1787909620.1341243,7279.99949399,29.90036678314209,24000,24000,4933,1045,1.7374832528629942,0.10467444810856696,1.5932000398635864,1.854800009727478,-0.016637982800602913,0.035781487822532654,0.02103891244317961,0.5126715302467346,-2691.6379990435757,-2690.7136392018488,-14.954196630555053,-0.4591626264123079,-0.4429669858741363,False
300,1787909620.2336257,7280.09933503,29.999868154525757,24000,24000,4951,1042,1.731441458790865,0.08868973184022455,1.5920500099658965,1.85089995265007,-0.014609887264668941,0.03704099729657173,0.021780163906021093,0.5222870707511902,-2699.3667492779177,-2699.728887144793,-14.94359206651867,0.7671789181526947,0.8389882348378706,False
301,1787909620.3362236,7280.19995693,30.102466106414795,24000,24000,5067,1042,1.7313474067799648,0.08889914983084209,1.6069999933242798,1.840000033378601,-0.0123004000633955,0.0365150012075901,0.021818154688039302,0.5172644853591919,-2709.3993615910263,-2708.6915291156865,-14.945492995187381,-0.031650355408146424,-0.10240590797275217,False
302,1787909620.4347079,7280.29980871,30.200950384140015,24000,24000,4929,982,1.731835030004109,0.09032463262435378,1.608050036430359,1.8529500424861907,-0.007992732338607311,0.03544439375400543,0.021916495505677844,0.4892311990261078,-2718.1800375409093,-2717.6293567155863,-14.956698797555852,0.05122736783414439,0.24679189186281292,False
303,1787909620.5338962,7280.39964343,30.30013871192932,24000,24000,4785,895,1.7352435759325933,0.10474836310784305,1.6059999465942383,1.8569999933242798,-0.004279373213648796,0.0331278033554554,0.022274405587241287,0.4605524241924286,-2726.4717685726414,-2726.5748594069705,-14.963108675821063,0.6864142910781084,0.8413991118127342,False
304,1787909620.6334853,7280.49948267,30.399727821350098,24000,24000,4713,797,1.7336148049032674,0.11284047427182882,1.598799991607666,1.8543999671936033,-0.00589618319645524,0.026593605056405067,0.023148695904349825,0.3686577081680298,-2735.6873805917453,-2735.4874417549872,-14.984675888140439,0.4337904463168343,0.815084161447885,False
305,1787909620.7328286,7280.59932183,30.49907112121582,24000,24000,4849,811,1.7248421692818807,0.1136903850214537,1.5850000381469727,1.8675000071525574,-0.004052275791764259,0.018440816551446915,0.02358655147454352,0.2574390769004822,-2744.2448726977364,-2744.449773807069,-14.98102835847935,0.8171637328914585,1.040992466465923,False
306,1787909620.8347263,7280.69995863,30.600968837738037,24000,24000,4628,816,1.7296139698694735,0.10780117526086808,1.5820000171661377,1.8552500009536743,-0.00798193458467722,0.022893335670232773,0.02259400736788769,0.32776468992233276,-2753.6964492732354,-2753.4383529982174,-14.984343899408882,0.5363492366304854,0.6583307532646359,False
307,1787909620.9337013,7280.79980179,30.699943780899048,24000,24000,4602,799,1.7246458082831697,0.09721361499460981,1.5729999542236328,1.8601000070571898,-0.010706149972975254,0.024688543751835823,0.02394524288282302,0.36034953594207764,-2762.6011569889815,-2762.414249570902,-14.980492068691383,0.539354927178465,0.6710931318380062,False
308,1787909621.0338824,7280.89963215,30.800124883651733,24000,24000,4631,812,1.7321108374102363,0.10933401045811833,1.5865499913692473,1.8594499886035918,-0.01302377786487341,0.02955564484000206,0.023736221583499917,0.4193778932094574,-2771.544335498088,-2771.365899630199,-14.98082908531906,0.612443804007853,0.778674068415512,False
309,1787909621.133309,7280.99946365,30.899551391601562,24000,24000,4818,804,1.7346455235386369,0.1125060076620785,1.5853000342845918,1.8588499784469603,-0.010864857584238052,0.0342291034758091,0.02327370984951408,0.4534999132156372,-2781.0563955553316,-2780.3614381519956,-15.00388499472382,0.048737840435478574,0.756676029674054,False
310,1787909621.2330558,7281.09930555,30.999298334121704,24000,24000,4916,922,1.745094359955405,0.11481682960856264,1.5860499680042266,1.8779500186443328,-0.008742731995880604,0.03879701718688011,0.02189232425963609,0.5010331869125366,-2789.0795993031993,-2789.4124467530505,-15.038844952965889,1.002727195656007,1.6594227654691167,False
311,1787909621.3344715,7281.19994999,31.100713968276978,24000,24000,4761,899,1.7447563950821874,0.12090691617637361,1.5899000287055969,1.8869999647140503,-0.009242570027709007,0.03547783941030502,0.02236648147209181,0.46222272515296936,-2798.4124135663205,-2798.4323589202013,-15.046236922451769,0.7972877520701331,1.2840844462834866,False
312,1787909621.4339442,7281.29978721,31.200186729431152,24000,24000,4799,905,1.7303944749726774,0.094542331626567,1.5789999961853027,1.855799961090088,-0.008544610813260078,0.03389992192387581,0.023494328060548835,0.4450083374977112,-2808.0611373660636,-2807.515416997266,-15.056693856651664,0.10108081967928229,0.7487350900996717,False
313,1787909621.5337195,7281.39962359,31.299962043762207,24000,24000,4895,863,1.734687136885465,0.09417532704301546,1.5839999914169312,1.8650000095367432,-0.009454438462853432,0.0350186750292778,0.022337535565192617,0.4597620666027069,-2816.759505656708,-2816.586253013043,-15.072221856213488,0.3824590860817807,0.7461023400269369,False
314,1787909621.633365,7281.49946157,31.39960741996765,24000,24000,5125,991,1.7367164496817333,0.10643720178254276,1.578000009059906,1.8744999766349792,-0.009934160858392715,0.032146528363227844,0.023019705288321167,0.4336530566215515,-2826.504952373579,-2825.6556985962006,-15.079010646889328,-0.3949354637215947,-0.37894460950701614,False
315,1787909621.7337224,7281.59931245,31.499964952468872,24000,24000,5000,896,1.7310055822932295,0.09916820091830499,1.578249990940094,1.8682500123977661,-0.004940458107739687,0.029182175174355507,0.023394916069118553,0.38788846135139465,-2834.8393752234065,-2834.763811966415,-15.070257913749494,0.3027876936425855,0.19619274399656206,False
316,1787909621.8348289,7281.69996173,31.60107135772705,24000,24000,4913,796,1.7265954781417272,0.11263085856500973,1.5787499845027924,1.8865000307559967,-0.006219625473022461,0.021037740632891655,0.024586630892091257,0.28893131017684937,-2843.647890937468,-2843.873127552758,-15.03838158150841,0.5938162967258904,0.5547603572335902,False
317,1787909621.9340835,7281.79980615,31.700325965881348,24000,24000,5058,753,1.7244993361185588,0.11366418954665895,1.5759999752044678,1.8700000047683716,-0.005721790250390768,0.015136897563934326,0.02553427354068637,0.2194034308195114,-2852.7904293729885,-2852.899867986241,-15.03574261679711,0.3841610279505403,0.30191674767320364,False
318,1787909622.0339177,7281.89965527,31.80016016960144,24000,24000,5108,743,1.7219730819378696,0.11694928011648918,1.5741000056266785,1.8639999628067017,-0.00837083999067545,0.013587153516709805,0.024761064445910124,0.22191667556762695,-2862.303890132463,-2861.9237782009227,-15.023548196834975,-0.14425314819345658,0.15886002114666553,False
319,1787909622.1333458,7281.99950163,31.899588346481323,24000,24000,4773,728,1.722212912780898,0.11465461856708159,1.5793500125408173,1.8665499687194822,-0.011416290886700153,0.017198801040649414,0.025205584625845868,0.28028354048728943,-2871.3289232519164,-2870.9503409057756,-15.031508016324075,-0.220781970801454,-0.2893619368492182,False
320,1787909622.2336526,7282.09933713,31.999895095825195,24000,24000,4640,763,1.7275557016482672,0.12283839616971377,1.5840999960899353,1.8549000144004821,-0.012907739728689194,0.014988582581281662,0.025394814058781773,0.2742632031440735,-2880.5291712471417,-2879.9839763707646,-14.99635618870528,-0.39345442684498266,-0.6474376499281789,False
321,1787909622.3349602,7282.19998335,32.101202726364136,24000,24000,4564,751,1.7203169122993074,0.10510022277867105,1.5789999961853027,1.8755000233650208,-0.020465729758143425,0.01514822244644165,0.025819142696827953,0.3445602357387543,-2888.95463309701,-2888.8961920963316,-14.97384826461119,0.29873825170170676,0.2950478187281078,False
322,1787909622.4338026,7282.29983199,32.200045108795166,24000,24000,4707,760,1.7304434213199114,0.10673219611909389,1.5920000076293945,1.8770499765872954,-0.016577277332544327,0.020026177167892456,0.024648195857258942,0.34800419211387634,-2898.244960646599,-2897.8141818342615,-14.999245045577558,-0.09580631513063054,-0.30712424417652073,False
323,1787909622.5343883,7282.39967771,32.30063080787659,24000,24000,4646,772,1.729195598648002,0.09962945403578398,1.593999981880188,1.8694499790668486,-0.016375603154301643,0.020890116691589355,0.024232872111452742,0.35025644302368164,-2907.684229030588,-2906.8162410366117,-14.993431426915258,-0.48239377227673685,-0.7859451917870501,False
324,1787909622.6332521,7282.49950741,32.399494647979736,24000,24000,4612,836,1.7287296677035007,0.10241600331010162,1.590000033378601,1.8494999706745148,-0.015947425737977028,0.02294219098985195,0.023047063493383053,0.36971795558929443,-2916.2461260148884,-2915.782176701193,-14.993431426915258,-0.1465765901548366,-0.12523212908809,False
325,1787909622.7330754,7282.59936359,32.49931788444519,24000,24000,4765,967,1.7335873832377184,0.09893392349533917,1.6003000020980835,1.850099980831146,-0.013089367188513279,0.02837647683918476,0.022654214835997315,0.41570940613746643,-2924.833405606134,-2924.798543303655,-15.009932282617429,0.2502033525011029,0.823450443458114,False
326,1787909622.8328607,7282.69960619,32.59910321235657,24000,24000,5040,1055,1.7404568709468389,0.09651871974367936,1.5959999561309814,1.8600000143051147,-0.009526126086711884,0.031419772654771805,0.022140417790513768,0.43933162093162537,-2932.899103059313,-2933.7766965331057,-15.011278513902875,1.1651536754129665,1.8037186253932305,False
327,1787909622.9343297,7282.79947537,32.70057225227356,24000,24000,5246,1152,1.7343940965624318,0.09037015786322183,1.6000999629497528,1.8464499771595002,-0.010194954462349415,0.03352471813559532,0.02088165433388385,0.46144944429397583,-2943.0813787898037,-2942.7995726903546,-14.982557248987456,0.11505926602740146,0.5756516751234813,False
328,1787909623.0331912,7282.89931473,32.79943370819092,24000,24000,5067,1090,1.7387880739815738,0.09508453650056786,1.6160000562667847,1.8426499724388121,-0.007003504317253828,0.035937052220106125,0.021291517198401184,0.481283038854599,-2951.935172873412,-2951.7248588246707,-14.999866593506233,0.15876477287883972,0.2660588146786722,False
329,1787909623.1345196,7282.99995573,32.90076208114624,24000,24000,5112,1066,1.7366679172131179,0.08552593969846496,1.6069999933242798,1.851749986410141,-0.0015811985358595848,0.03249313309788704,0.020884476282590575,0.4320680499076843,-2960.5851591342766,-2960.74477090958,-15.012261071231189,0.628299851306565,1.0120211506027772,False
330,1787909623.2339084,7283.09979307,33.00015091896057,24000,24000,5204,947,1.7440401256525027,0.11317209447789267,1.597599995136261,1.890100026130676,-0.002702481811866164,0.02570733055472374,0.0215675216675381,0.34386587142944336,-2969.8220680030126,-2969.7847804340236,-15.008769082919393,0.33635477602820174,0.2306658630882339,False
331,1787909623.3356984,7283.19961965,33.101940870285034,24000,24000,5195,729,1.7474060366019628,0.11677920017103245,1.6009999513626099,1.9413999795913697,-0.004887741524726152,0.017871377989649773,0.023410334792871166,0.24360895156860352,-2979.428095161298,-2978.8002149413783,-15.01059569353734,-0.10860913654323667,-0.3017926524757968,False
332,1787909623.4331224,7283.29946165,33.19936490058899,24000,24000,5096,694,1.7352161379987294,0.11076795861382188,1.59164999127388,1.9025000452995302,-0.007708414923399687,0.009273570030927658,0.023666244614777093,0.15974406898021698,-2988.566000109444,-2987.7787083901335,-15.023376514597345,-0.478382342274017,-0.37227224149683025,False
333,1787909623.5330892,7283.39931117,33.29933166503906,24000,24000,5014,667,1.7316851578373602,0.11118809516318527,1.5912999749183654,1.8641000032424924,-0.011433909647166729,0.006614480633288622,0.025341038478957828,0.1747429072856903,-2997.034752402698,-2996.8176544032062,-15.0305700109747,0.049842371341128455,0.03740932976052136,False
334,1787909623.6335788,7283.49994567,33.399821281433105,24000,24000,5074,649,1.7263944547606176,0.10753512981998409,1.590999960899353,1.8657999753952028,-0.013036319054663181,0.005389398895204067,0.025039216658690095,0.18917115032672882,-3006.1933942432443,-3005.8958118632404,-15.067668430126924,-0.0647659536680294,-0.09460044091019881,False
335,1787909623.7345448,7283.59979727,33.50078725814819,24000,24000,5151,670,1.7242597039066143,0.09930615060800664,1.5904500007629394,1.8645499885082244,-0.015837406739592552,0.006964968983083963,0.024820514197881522,0.22825433313846588,-3015.3805196073686,-3014.9758835428897,-15.06849209199414,-0.16498552486336848,-0.24650149310355118,False
336,1787909623.833809,7283.69961983,33.600051403045654,24000,24000,5025,726,1.717320935785278,0.08529230766728164,1.5872500240802765,1.8279999494552612,-0.021355358883738518,0.00875058677047491,0.024045338485825813,0.309661328792572,-3024.455859918176,-3024.0329508083873,-15.045277362751468,-0.3065843650738316,-0.42751233731041793,False
337,1787909623.9333289,7283.79945987,33.69957137107849,24000,24000,4924,790,1.719063291670401,0.09509473103727217,1.5870000123977661,1.8380000591278076,-0.024431902915239334,0.0196513868868351,0.023183515234746137,0.4172704219818115,-3032.414286610707,-3032.9938121003474,-15.047878880696238,0.6917544138127596,0.7707569418644198,False
338,1787909624.0330167,7283.89930069,33.799259185791016,24000,24000,4932,964,1.7275778023039157,0.0979490054995301,1.593000054359436,1.840000033378601,-0.01643468253314495,0.030217329040169716,0.021956997517808115,0.45889320969581604,-3042.714178703025,-3042.0062998365574,-15.050516367282386,-0.6362660592976681,-0.8575955399001032,False
339,1787909624.1353285,7283.99994905,33.90157103538513,24000,24000,5182,1078,1.7287486084980515,0.09056776879120607,1.58685000538826,1.8351999938488004,-0.013086993247270584,0.035467490553855896,0.01983521861900364,0.5100156664848328,-3051.005904774992,-3051.013637350537,-15.06019917404012,0.28004179273284535,0.4110905104962512,False
340,1787909624.2335517,7284.09979615,33.999794244766235,24000,24000,5116,1093,1.7350786821840012,0.09452003883720006,1.5936000108718873,1.8569999933242798,-0.016013680025935173,0.03587311878800392,0.02157149805878348,0.5145512223243713,-3059.740327674805,-3059.9901633471127,-15.073051455908656,0.3856764981055676,0.42071009102483004,False
341,1787909624.3347542,7284.19963343,34.10099673271179,24000,24000,4975,1054,1.7346508518794457,0.10023940664466748,1.6009999513626099,1.8509999513626099,-0.009382249787449837,0.03459785506129265,0.02112391289569439,0.4811984598636627,-3069.4434124945806,-3069.0370424008847,-15.069073691016877,-0.20921659321948027,-0.21328783845592625,False
342,1787909624.433121,7284.29946847,34.199363470077515,24000,24000,4894,961,1.737729445456466,0.09843567861604544,1.6050000190734863,1.8609999418258667,-0.008100861683487892,0.03768109157681465,0.021187084995490747,0.5189562439918518,-3078.6768732089035,-3078.11028970321,-15.05769586734445,-0.5897022293888767,-1.0064388925943604,False
343,1787909624.5333428,7284.39929267,34.29958534240723,24000,24000,4964,941,1.7329840580284532,0.10381466153815928,1.597000002861023,1.8630000352859497,-0.006606244016438723,0.03338182345032692,0.021864931661126207,0.4561293423175812,-3087.3123240327845,-3087.2395555862936,-15.06489336856563,-0.20521641836830895,-0.49312581934736954,False
344,1787909624.632973,7284.49992223,34.39921545982361,24000,24000,4795,809,1.730254637443533,0.112754385933121,1.5884000301361083,1.8496000051498411,-0.006940109189599752,0.02538285218179226,0.023283642299387806,0.3556072413921356,-3096.518636515416,-3096.2780208378895,-15.042151915425348,-0.444850020094691,-1.0876433698231267,False
345,1787909624.7339435,7284.59975197,34.5001859664917,24000,24000,4642,794,1.732117128462275,0.11650296789175445,1.5896500170230865,1.8620499491691587,-0.008694581687450409,0.024688033387064934,0.023841995479025206,0.3502260446548462,-3105.3821398067057,-3105.339360207148,-15.038744241315941,-0.2210398241263647,-1.1929880960365153,False
346,1787909624.8332458,7284.69958669,34.599488258361816,24000,24000,4608,816,1.728665440544194,0.10466820220513805,1.5859999656677246,1.85275000333786,-0.010941562242805958,0.02238076739013195,0.022804046602841604,0.33390384912490845,-3114.371599771843,-3114.362476742803,-15.027138973557234,-0.27332510326050397,-0.8599833389162086,False
347,1787909624.933031,7284.79940837,34.69927358627319,24000,24000,4598,802,1.7335536146996324,0.11447379385195303,1.5820000171661377,1.8738999545574186,-0.012376083992421627,0.023953543975949287,0.024021862182430312,0.355770081281662,-3123.537332320727,-3123.3921853933994,-15.031036907631764,-0.4584098760528832,-1.5378612269246332,False
348,1787909625.033354,7284.89964195,34.799596548080444,24000,24000,4899,895,1.7305139638858134,0.11111707356084921,1.5789999961853027,1.8675999760627746,-0.006096613127738237,0.030749686062335968,0.023591902204458007,0.40917474031448364,-3132.907006952238,-3132.3672996656755,-15.026830399647558,-0.7990498518347522,-1.6835668856506345,False
349,1787909625.1336193,7284.99948075,34.89986181259155,24000,24000,4691,807,1.738627013516101,0.11731183803441704,1.5853000164031983,1.8717000007629394,-0.011724933050572872,0.03423728048801422,0.023747474437017906,0.45783567428588867,-3142.0528066984157,-3141.4302174443555,-15.020621717500164,-0.921007680585717,-1.9765677021491683,False
350,1787909625.2330801,7285.09932813,34.99932265281677,24000,24000,4704,827,1.738991534118929,0.1084601045246383,1.5812999844551086,1.8650000095367432,-0.009309479035437107,0.03662915155291557,0.02277233972478771,0.47832557559013367,-3151.2630974196545,-3150.442661435469,-14.990824633596974,-1.1798544142870924,-2.327372574810397,False
351,1787909625.336878,7285.19996189,35.10312056541443,24000,24000,4797,820,1.7418243901031774,0.11592847663224566,1.5820000171661377,1.8799999952316284,-0.005960267968475819,0.03628047555685043,0.0213866307286232,0.4730963706970215,-3159.427060107773,-3159.3902880209384,-14.957875135816304,-0.0020379807201607036,-0.08001107089603465,False
352,1787909625.4351242,7285.29979707,35.201366662979126,24000,24000,5044,1001,1.7283246766079914,0.09487341690042284,1.5809999704360962,1.8630000352859497,-0.009858513250946999,0.031788721680641174,0.02314396639181837,0.42137402296066284,-3168.5703664799876,-3168.3430836151433,-14.964883303484134,-0.30322681850520894,-0.6275148737850031,False
353,1787909625.5339348,7285.39962511,35.300177335739136,24000,24000,4934,936,1.7329155982304842,0.09702633375162713,1.5789999961853027,1.8582500219345093,-0.005677242763340473,0.034328363835811615,0.022599090295158202,0.44890719652175903,-3176.8794928013317,-3177.333262332146,-14.95598407932917,0.2805759826001122,0.4515218693109091,False
354,1787909625.6333733,7285.49946625,35.39961576461792,24000,24000,4858,915,1.7366535529412859,0.09758551650943997,1.5880000591278076,1.86899995803833,-0.007927930913865566,0.03398879989981651,0.02260703919825169,0.44758254289627075,-3186.4356202565086,-3186.3372810556457,-14.9549751797533,-0.32612449909083807,-0.21923166302667596,False
355,1787909625.7339852,7285.59930457,35.50022768974304,24000,24000,4933,927,1.7298964402179244,0.10192377510625154,1.5779999494552612,1.8669999837875366,-0.007195602171123028,0.028256280347704887,0.023174040159679474,0.3796442747116089,-3195.0635731646153,-3195.284877697282,-14.92618351848004,0.10096385523775098,0.2933596705029231,False
356,1787909625.835944,7285.69994845,35.60218644142151,24000,24000,5074,824,1.7218665050939448,0.11034687327904694,1.5709999799728394,1.881849980354309,-0.00800157431513071,0.020363369956612587,0.02430251406943338,0.28973811864852905,-3204.707009615537,-3204.222030424152,-14.924375420344818,-0.366217371795301,-0.46513120392774,False
357,1787909625.9345117,7285.79979547,35.700754165649414,24000,24000,4979,797,1.7229159337514017,0.1100077736173081,1.5787999868392943,1.8762000083923336,-0.011284281499683857,0.014841381460428238,0.02649035354341783,0.25391629338264465,-3213.8592325471145,-3213.1196061908126,-14.918723464698305,-0.6473764715447032,-0.6911228748285794,False
358,1787909626.0344744,7285.89963793,35.80071687698364,24000,24000,4821,758,1.7236688646603386,0.11242358434349992,1.572549968957901,1.8811500310897826,-0.011984789744019508,0.015133047476410866,0.02520429258112232,0.2639045715332031,-3222.419418861129,-3222.028419364938,-14.953051532544158,-0.21095055782734562,-0.3572106640031052,False
359,1787909626.134512,7285.99947229,35.90075445175171,24000,24000,4708,746,1.714277479188372,0.1023661355782058,1.5762499868869781,1.840999960899353,-0.012763767503201962,0.016540180891752243,0.025232347457883386,0.27688902616500854,-3231.2430692930175,-3230.998849629857,-14.971901540209153,-0.0312510767475942,-0.1199939924181308,False
360,1787909626.232922,7286.09932183,35.99916458129883,24000,24000,4697,731,1.722952121912047,0.11158134504405996,1.5805000066757202,1.8549999594688416,-0.012187984772026539,0.016526807099580765,0.024856631360631518,0.27694040536880493,-3240.016541244093,-3239.9937613271773,-14.971901540209153,0.05215733285558599,0.148400917624258,False
361,1787909626.3351612,7286.19997139,36.10140371322632,24000,24000,4740,720,1.7204625013801786,0.11399993206025388,1.590000033378601,1.8740999579429625,-0.014939358457922935,0.014027809724211693,0.026158460824393284,0.2799995243549347,-3249.1865095689045,-3249.015616156504,-15.008694243054912,0.08367836517209071,-0.00270243058230335,False
362,1787909626.4350502,7286.29981765,36.201292753219604,24000,24000,4589,681,1.7320264310038562,0.11493262602756862,1.5889999866485596,1.8769999742507935,-0.016514454036951065,0.020340267568826675,0.025378219544782556,0.35678723454475403,-3258.5831533789324,-3258.0285644729597,-15.00677992733309,-0.3229836143777902,-0.2843824894016507,False
363,1787909626.5341508,7286.39964765,36.3003933429718,24000,24000,4584,729,1.7304485606231481,0.11270985194142044,1.5870000123977661,1.8707999706268312,-0.012958849780261517,0.022830579429864883,0.02287822023284551,0.3557913899421692,-3267.3126326817087,-3267.079673369029,-14.985681918987543,-0.13344135761371945,0.25076073032005297,False
364,1787909626.6344519,7286.49948451,36.400694370269775,24000,24000,4708,844,1.7328637431583134,0.1111662695124691,1.5991499841213226,1.8586999714374541,-0.01359804067760706,0.021446779370307922,0.023617580567239768,0.3450410068035126,-3275.496607715932,-3276.043716974586,-14.990571788514861,0.7096441650332963,0.9940656103754009,False
365,1787909626.734418,7286.59931131,36.50066041946411,24000,24000,5035,1035,1.7373458911831252,0.09737829252521393,1.5950000286102295,1.861299955844879,-0.012352139689028263,0.029976995661854744,0.0211461318676222,0.4288634657859802,-3285.1816729511524,-3285.0510527496435,-14.980170140323594,0.021491563893505372,-0.026695994141846313,False
366,1787909626.8333642,7286.69994701,36.59960675239563,24000,24000,4943,1084,1.7391337637971689,0.08814429107241382,1.6100000143051147,1.8519999980926514,-0.009426194243133068,0.03181580826640129,0.021234363425365447,0.44339582324028015,-3294.057976467422,-3294.0337804550677,-14.980170140323594,0.050326542363109183,-0.28808549098812364,False
367,1787909626.934586,7286.79978635,36.700828552246094,24000,24000,5043,1140,1.738290351420118,0.09349926476586988,1.6068999946117402,1.847000002861023,-0.008116358891129494,0.031860578805208206,0.0213405843588292,0.43757155537605286,-3303.5179254584195,-3303.011442042887,-14.985236008525023,-0.2996926548839838,-0.4814774960664181,False
368,1787909627.0343266,7286.89962799,36.8005690574646,24000,24000,5106,1039,1.7349201140206405,0.09066510904712015,1.607900035381317,1.8381000518798827,-0.007207514718174934,0.03558427840471268,0.021001548212722765,0.4704396724700928,-3312.620767817422,-3312.0149183711947,-14.990836590548705,-0.4259212658985234,-0.5000063781940298,False
369,1787909627.1336122,7286.99946045,36.89985466003418,24000,24000,5271,1092,1.738748169425643,0.09519993892063275,1.6105499744415284,1.8618999838829042,-0.005953455809503794,0.03291851654648781,0.021435571162694518,0.4375947415828705,-3321.311578444642,-3321.0119327423904,-15.003023169843175,-0.18105923885559605,-0.2769827019369586,False
370,1787909627.2331438,7287.09929681,36.99938631057739,24000,24000,5118,909,1.7393410336984396,0.10429090301333603,1.6074000120162963,1.8588000059127805,-0.004924526903778315,0.028454812243580818,0.0221328815992048,0.37529951333999634,-3330.3773232701483,-3330.0144024687847,-15.00932287158829,-0.28898717072570435,-0.5628541238716025,False
371,1787909627.3348303,7287.19993083,37.101072788238525,24000,24000,4960,732,1.7444316959771953,0.1169964179289522,1.5941000401973724,1.8954500019550322,-0.005510806571692228,0.018490804359316826,0.02365866401895812,0.24863164126873016,-3339.6725194660507,-3338.9951266077337,-15.013743845070813,-0.43243271770461433,-0.45280894908182745,False
372,1787909627.4357598,7287.29976373,37.20200228691101,24000,24000,5010,661,1.7355113473133312,0.10949647052353706,1.5870000123977661,1.8839999437332153,-0.006064670160412788,0.009878377430140972,0.02364715762655664,0.15280723571777344,-3348.2651392431007,-3347.9638730005568,-15.039633797533254,0.05857028594164149,-0.11873150665860521,False
373,1787909627.5340545,7287.39960963,37.300297021865845,24000,24000,5220,659,1.7349317135326054,0.11564938905994064,1.586900007724762,1.912299942970276,-0.008635137230157852,0.005824098829180002,0.024732863085358256,0.1411893516778946,-3356.8424431627595,-3357.035746716719,-15.039633797533254,0.3277612503561613,0.23468628914270084,False
374,1787909627.6332917,7287.49945071,37.39953422546387,24000,24000,5132,605,1.7237603309725926,0.10278272474642608,1.5870000123977661,1.863599967956543,-0.006337144412100315,0.003705566516146064,0.024427965099486987,0.10107363760471344,-3366.1845164186525,-3366.095678247964,-15.039557365095279,-0.08299524332142028,-0.20884418357945833,False
375,1787909627.733138,7287.59930387,37.499380588531494,24000,24000,4996,603,1.7279353254470067,0.11350295689718413,1.5910999655723572,1.8785999536514282,-0.015156548470258713,0.003285457845777273,0.024349897280079465,0.21468432247638702,-3374.975329804335,-3375.1121206385574,-15.016889043693128,0.1123322917378573,0.2206143656508175,False
376,1787909627.8347964,7287.69994203,37.60103893280029,24000,24000,4971,701,1.7194051359927602,0.09478633697227119,1.5889999866485596,1.840000033378601,-0.022416122257709503,0.007783473934978247,0.02411534067250698,0.32077136635780334,-3383.722648156883,-3384.1280431198306,-14.979959981055169,0.5142325917504422,0.5203260947655508,False
377,1787909627.9346507,7287.79978809,37.70089316368103,24000,24000,5120,850,1.7249423550156986,0.10642171335187857,1.5850000381469727,1.8482999861240383,-0.022738194093108177,0.017036911100149155,0.02254069084310512,0.3781195878982544,-3393.395740538684,-3393.134382574151,-14.964566070585976,-0.1720107686310257,-0.3322520936176261,False
378,1787909628.0344207,7287.89961977,37.800663232803345,24000,24000,5090,1087,1.7270073585808552,0.10347954362546899,1.5883000373840332,1.8336999773979188,-0.019576838240027428,0.03077038750052452,0.021539299780888654,0.47653108835220337,-3402.550170592791,-3402.1506437819667,-14.952764579127548,-0.34716633280959286,-0.5840013620891114,False
379,1787909628.1339629,7287.99945943,37.90020537376404,24000,24000,5026,1109,1.7306871056234223,0.10060947130289796,1.5870000123977661,1.8480000495910645,-0.015554403886198997,0.03402348607778549,0.020829037545916376,0.49345681071281433,-3411.532796521442,-3411.128549151601,-14.95001209050315,-0.37103123358747325,-0.533887971560489,False
380,1787909628.2336783,7288.09929859,37.99992084503174,24000,24000,4961,1043,1.7339511018242841,0.08924661547018675,1.5989999771118164,1.8499000191688537,-0.012828952632844448,0.037784721702337265,0.020829018826155014,0.5224743485450745,-3420.4401157077455,-3420.15448435407,-14.949843879908085,-0.30398971951353815,-0.4114026336992538,False
381,1787909628.3351133,7288.19993557,38.10135579109192,24000,24000,5140,1107,1.7374290875087692,0.10015132850484024,1.5950000286102295,1.854100012779236,-0.011899689212441444,0.03369976580142975,0.022007517740081528,0.4768696129322052,-3429.5763224297184,-3429.039653163964,-14.924257819765508,-0.3110835566512833,-0.07804865409570994,False
382,1787909628.43465,7288.29976033,38.20089244842529,24000,24000,5022,1046,1.7363623329375943,0.10204448629796747,1.600000023841858,1.851749986410141,-0.007838694378733635,0.032954394817352295,0.021820802762916015,0.4549650251865387,-3439.0895561772486,-3437.9713764018115,-14.960141576211,-0.8660498010231095,-0.5254910364683383,False
383,1787909628.5340798,7288.39959861,38.30032229423523,24000,24000,4768,937,1.729597651971188,0.09773987110705086,1.6026000261306763,1.8532000303268432,-0.00761945266276598,0.03139935061335564,0.02229697716864434,0.4349798262119293,-3447.2762506145023,-3446.933416658001,-14.941032982331215,-0.10408973825724388,0.3385230694557322,False
384,1787909628.633536,7288.49945047,38.399778604507446,24000,24000,4665,832,1.7237211521714926,0.10678392970644976,1.593999981880188,1.8468999981880188,-0.0072434269823133945,0.02531629055738449,0.02326063496578631,0.3520181477069855,-3456.206686369636,-3455.876981019413,-14.929458926993055,-0.08348920018261197,0.2273319138498664,False
385,1787909628.7347064,7288.59929407,38.500948905944824,24000,24000,4643,771,1.7270012971801363,0.11894562230305195,1.5770000219345093,1.8565000295639038,-0.007542302366346121,0.021341068670153618,0.02395597850080667,0.3017337918281555,-3464.61837068429,-3464.8099571861626,-14.937515781451083,0.6101214381142199,1.6802565521852557,False
386,1787909628.832918,7288.69994085,38.59916043281555,24000,24000,4849,818,1.7379254290702,0.11955960823211326,1.5759999752044678,1.9344500184059141,-0.004158258903771639,0.025831470265984535,0.022615779859284414,0.35668620467185974,-3473.8147603718994,-3473.7285219984274,-14.937515781451083,0.25273793347241735,1.1795211467133413,False
387,1787909628.933906,7288.79977937,38.700148582458496,24000,24000,4700,807,1.7324981408786893,0.11635932753739182,1.5729999542236328,1.8701000452041623,-0.0069601088762283325,0.025590000674128532,0.021936738582626885,0.35436519980430603,-3482.430610498722,-3482.618493628347,-14.95471265731336,0.7257891560334429,1.5581158983459318,False
388,1787909629.0342426,7288.89961575,38.800485134124756,24000,24000,4627,831,1.7321576416564188,0.11277898226340557,1.5839999914169312,1.8650000095367432,-0.009317397139966488,0.02828839421272278,0.023272567158345223,0.39005061984062195,-3491.364418636287,-3491.6150435204604,-14.954419285597247,0.8222387571868239,1.5932119302774481,False
389,1787909629.1347108,7288.99945091,38.90095329284668,24000,24000,4734,844,1.7416445505562552,0.12170836180627001,1.5851500272750854,1.8650000095367432,-0.00988245103508234,0.03405230864882469,0.022495373893812554,0.452217698097229,-3500.894713845389,-3500.589850971132,-14.969952315544257,0.33404587995619295,1.0362358481629599,False
390,1787909629.234107,7289.09928909,39.00034952163696,24000,24000,4897,877,1.739355760534106,0.11178703828108817,1.590000033378601,1.8793999671936035,-0.00941078644245863,0.03508969396352768,0.022916310364686637,0.4577901363372803,-3508.645859690519,-3509.57850839817,-14.986791851399829,1.5285290137685479,2.8946375858467945,False
391,1787909629.3368185,7289.19992791,39.10306096076965,24000,24000,4805,882,1.7402018132934225,0.11375235618712354,1.5889999866485596,1.8709500491619109,-0.009589564986526966,0.034625984728336334,0.022972486876616814,0.45813441276550293,-3519.520234245552,-3518.561945864626,-15.012730821731148,-0.1018486858815777,0.016749610702390783,False
392,1787909629.4344566,7289.29976201,39.20069909095764,24000,24000,4742,902,1.7305931254659683,0.0948333881872092,1.5850000381469727,1.861949986219406,-0.009264664724469185,0.03232445940375328,0.023057647689298955,0.4323888421058655,-3528.5969340253578,-3527.5838322674363,-15.023489276660401,-0.3911478018026173,-0.37648439609529305,False
393,1787909629.5441172,7289.39958997,39.310359716415405,24000,24000,4852,969,1.7295056775873536,0.09692746667736525,1.5800000429153442,1.8569999933242798,-0.00814659334719181,0.03252969682216644,0.023308761565239214,0.4295182526111603,-3537.062897408985,-3536.686357307322,-15.07617623947902,1.0123102290758652,1.0424256547980804,False
394,1787909629.6334248,7289.49943777,39.399667263031006,24000,24000,5008,927,1.7334455222116447,0.10353390208843591,1.5782999634742736,1.869699990749359,-0.012530079111456871,0.031071852892637253,0.02267460826549204,0.4239586889743805,-3545.8107554990706,-3545.764787269171,-15.07617623947902,0.30210293083655415,0.47625594544524574,False
395,1787909629.7333484,7289.59966499,39.49959087371826,24000,24000,5068,900,1.7322088878684574,0.0978525872245869,1.5829999446868896,1.86899995803833,-0.006450279150158167,0.029897676780819893,0.023192720246673553,0.389727920293808,-3555.2393548161062,-3554.8534814774853,-15.099784594587428,-0.13340320425868413,0.023883606876097474,False
396,1787909629.8338387,7289.69950633,39.60008120536804,24000,24000,4829,775,1.724719998759608,0.10939016085755614,1.5759999752044678,1.8753000140190124,-0.008092054165899754,0.021660683676600456,0.025007888321740904,0.3047313690185547,-3564.3166065185446,-3563.9496657832765,-15.116672216392166,-0.16655701837044035,-0.11224939892372277,False
397,1787909629.933209,7289.79934805,39.6994514465332,24000,24000,4935,731,1.7122298221418535,0.09107538140611578,1.5729999542236328,1.8440000414848328,-0.006644911598414183,0.016314765438437462,0.025448618004795635,0.24085049331188202,-3573.47638248641,-3573.0366162555565,-15.096921971573186,-0.38304288528934194,-0.5196656694570265,False
398,1787909630.0348146,7289.89998731,39.80105710029602,24000,24000,4994,700,1.7216742862973895,0.10993670895518805,1.5729499578475952,1.8660500526428223,-0.00640464760363102,0.016266899183392525,0.02546514194588804,0.24437566101551056,-3581.611197890406,-3582.0858506467735,-15.065353345370019,0.626618234495254,0.7614913749653169,False
399,1787909630.1341166,7289.99982777,39.90035915374756,24000,24000,4854,681,1.7260014672986561,0.11446498821111316,1.5800000429153442,1.875,-0.008213731460273266,0.02042764611542225,0.02424992258687436,0.29542896151542664,-3591.132317235729,-3591.107228085304,-15.056585056280264,0.04265211757910947,0.2302993210682871,False
400,1787909630.2340188,7290.09968441,40.000261306762695,24000,24000,4683,714,1.7228809513297736,0.10923271124233043,1.5859999656677246,1.8573500096797944,-0.012779761105775833,0.015750661492347717,0.025449630024788478,0.27530381083488464,-3600.1786767904973,-3600.1695837293096,-15.040025048255346,-0.012545438915367413,-0.10414107340466217,False
401,1787909630.333577,7290.19952969,40.09981942176819,24000,24000,4609,736,1.7197078785494617,0.10051038344602192,1.5787499845027924,1.8482500314712524,-0.0176107045263052,0.013117033056914806,0.024771109151926794,0.30393895506858826,-3609.483135463984,-3609.024737289002,-15.007342386945213,-0.35680542557747685,-0.39744572616746154,False
402,1787909630.433377,7290.29937189,40.19961953163147,24000,24000,4612,790,1.7296772140490857,0.10950495227187373,1.586900007724762,1.8715500116348267,-0.017760593444108963,0.015571912750601768,0.025207238711828936,0.3185613751411438,-3618.50336186749,-3618.038867373751,-15.023603441983374,-0.3950536820225352,-0.560472702826246,False
403,1787909630.5332973,7290.39960199,40.29953980445862,24000,24000,4778,815,1.7324822095274195,0.12068184163594158,1.593000054359436,1.8606000065803527,-0.017133839428424835,0.02236383967101574,0.024107922151224138,0.3770982623100281,-3627.4777183782694,-3627.0968870526985,-15.037324894000816,-0.3766174172092178,-0.7034557791384941,False
404,1787909630.6337783,7290.49945183,40.40002083778381,24000,24000,4674,828,1.7311497558142253,0.105493491602016,1.597000002861023,1.859300023317337,-0.016730457544326782,0.024309011176228523,0.024188160369284336,0.3892936706542969,-3636.519741204884,-3636.1252678871797,-14.985294532242703,-0.375379201753276,-0.6306398060355605,False
405,1787909630.733288,7290.59930423,40.49953055381775,24000,24000,4777,1009,1.7394638276549113,0.1034791634761318,1.6009999513626099,1.8745999813079832,-0.013506242074072361,0.028318440541625023,0.022294400582364454,0.41257327795028687,-3645.6597045980634,-3645.0987621404374,-14.983363740820577,-0.5594998001552085,-0.750151873750383,False
406,1787909630.8351548,7290.69993809,40.60139727592468,24000,24000,4926,1050,1.739477142833528,0.0968482165024589,1.6069999933242798,1.8619999885559082,-0.009169121272861958,0.03200872614979744,0.02119013807325698,0.43904802203178406,-3654.0287466606924,-3654.07581891477,-14.983545702774881,0.23943072893598583,0.6480790775353853,False
407,1787909630.9339454,7290.79977421,40.70018792152405,24000,24000,5222,1169,1.7344225847996433,0.08998491001366438,1.605399990081787,1.843000054359436,-0.009365546517074108,0.032470472157001495,0.02184617201138387,0.44779884815216064,-3663.190827890998,-3663.0802881088016,-14.984296163347992,-0.03152381700920159,0.4357496006987276,False
408,1787909631.0342867,7290.89960793,40.80052924156189,24000,24000,5043,1044,1.7350478923640489,0.08659846395305545,1.6062999606132506,1.8380000591278076,-0.006392344366759062,0.033297400921583176,0.021526895593608923,0.4477815628051758,-3672.1235351311207,-3672.0447513458944,-14.99807995765775,0.06645583351246387,0.1351139175494609,False
409,1787909631.1334176,7290.99944341,40.89966011047363,24000,24000,5102,1065,1.736904224319637,0.08529508889353217,1.6121999979019166,1.8389999866485596,-0.0036994044203311205,0.03243786841630936,0.021692172586139057,0.433951199054718,-3681.0753453798025,-3680.9675018632884,-14.989585528946227,0.03639225910001187,0.2874171938569816,False
410,1787909631.2336624,7291.09929133,40.99990487098694,24000,24000,5047,922,1.738472884363311,0.09213365334786335,1.6040499746799468,1.8509499549865722,-0.00011252942931605503,0.0298820398747921,0.020668960362032685,0.39713990688323975,-3689.6467132077296,-3689.968000820808,-14.977096880237648,0.4870209953187441,0.8285478658954162,False
411,1787909631.3348942,7291.19993813,41.101136684417725,24000,24000,5156,689,1.7399680702710532,0.10131179510379822,1.5967999935150146,1.8811999559402468,-0.0023600358981639147,0.019329793751239777,0.02239680044202318,0.2551345229148865,-3699.8630687974696,-3698.9673169573457,-14.95808752569792,-0.6185035816270101,-0.48454176801669746,False
412,1787909631.4341075,7291.29976503,41.20035004615784,24000,24000,5255,671,1.735497764965461,0.11244281676742425,1.5910000205039978,1.8809999823570251,-0.008992128074169159,0.008692956529557705,0.02446831396425643,0.1661001294851303,-3708.4202800448747,-3707.9297450459258,-14.966419750389017,-0.2465438264457589,0.07578719049342908,False
413,1787909631.534126,7291.39961345,41.300368547439575,24000,24000,5072,700,1.7369228567395891,0.12337475523458911,1.589950031042099,1.9061500191688536,-0.008433595299720764,0.006130448542535305,0.023905420954809277,0.1393892914056778,-3717.0196476361507,-3716.908343077861,-14.971049617369916,0.15572188754276794,0.37883175151591786,False
414,1787909631.6332953,7291.49945685,41.399537801742554,24000,24000,4975,676,1.7234378712769796,0.09838684509396486,1.590749979019165,1.8592499792575836,-0.01432853750884533,0.001424140646122396,0.02515391230128544,0.1941341906785965,-3725.7834607617974,-3725.8890332702485,-14.971049617369916,0.31711010916842497,0.8151196270018772,False
415,1787909631.7332296,7291.59930545,41.49947214126587,24000,24000,4941,623,1.7192841094722717,0.0951411104695871,1.5889999866485596,1.859100008010864,-0.021804118528962135,0.005666236858814955,0.024135582435625323,0.30486834049224854,-3734.9973128679812,-3734.871815623145,-14.977932762782148,0.09731677675836181,0.2957279363604357,False
416,1787909631.8344822,7291.69995665,41.60072469711304,24000,24000,5106,726,1.7191267215515957,0.09061273537563026,1.5912499725818634,1.8367500007152557,-0.025198426097631454,0.013458614237606525,0.02441576710926527,0.37569066882133484,-3744.229894632795,-3743.8566901365493,-14.994823343538632,-0.022567164383872296,0.17062287574526636,False
417,1787909631.933617,7291.79981533,41.699859619140625,24000,24000,4963,797,1.7208757808845645,0.09244218647654198,1.590000033378601,1.8321999788284298,-0.02241389825940132,0.01958530582487583,0.02254926802619682,0.39011916518211365,-3752.875282443863,-3752.843656810462,-14.985713698717996,0.2541564779548935,0.3013177798320612,False
418,1787909632.0337749,7291.89964377,41.80001735687256,24000,24000,4948,981,1.7219969429128883,0.08628666561877842,1.6009999513626099,1.8350000381469727,-0.016388770192861557,0.031041603535413742,0.021498546155855714,0.46228766441345215,-3762.715406518415,-3761.8327156448836,-14.985735652565607,-0.5718030550983713,-0.6475939171896243,False
419,1787909632.1334128,7291.99948931,41.89965534210205,24000,24000,4996,1038,1.72675529886073,0.09516737582527886,1.5928500473499299,1.8350000381469727,-0.012230418622493744,0.034891050308942795,0.020458747612833526,0.4921639561653137,-3771.5317360654267,-3770.8238666398133,-14.9808565168592,-0.42074562052721376,-0.3337361837161552,False
420,1787909632.2327561,7292.09933725,41.99899864196777,24000,24000,5086,1128,1.7317801418033898,0.09437288366445838,1.5943499982357026,1.8486500024795531,-0.01710115186870098,0.03496755287051201,0.02174388286004702,0.5137931704521179,-3779.7507149575194,-3779.817109795252,-14.975997855300152,0.30114087994525107,0.3143362781925134,False
421,1787909632.334549,7292.19997907,42.100791454315186,24000,24000,4947,1048,1.7391660314707356,0.0963200082959555,1.6009999513626099,1.8569999933242798,-0.008878526277840137,0.035280533134937286,0.021874900755887817,0.49055013060569763,-3788.478134570331,-3788.8124451111985,-14.935172573858866,0.7350420040033896,0.7163226423817832,False
422,1787909632.4338684,7292.29981447,42.200110912323,24000,24000,4868,965,1.7405056992960717,0.11011409230950542,1.6011999607086183,1.8569999933242798,-0.007106040138751268,0.03307667374610901,0.021611197730767553,0.46006137132644653,-3798.1629219076285,-3797.8098725876534,-14.971712060491255,-0.011025700357549795,-0.06077953466683539,False
