scan_index,bag_stamp_s,header_stamp_s,time_s,input_point_count,finite_point_count,central_point_count,target_point_count,target_depth_mean_m,target_depth_std_m,target_depth_p05_m,target_depth_p95_m,target_u_centroid,target_v_centroid,target_radial_std,h5_magnitude,relative_angle_deg,offline_relative_angle_deg,local_rpm,raw_motion_residual_deg,heldout_motion_residual_deg,rejected_branch_boundary
0,1787909179.5251195,6839.39933539,0.0,24000,24000,4273,719,1.9583880387360595,0.13751293961291702,1.8220000267028809,2.1898998975753785,-0.0060859741643071175,-0.037163008004426956,0.029647310800186833,0.2051886022090912,0.0,0.0,-10.06101344526037,0.20032925043997668,-0.020287185258836046,False
1,1787909179.6257575,6839.49996971,0.10063791275024414,24000,24000,4346,744,1.954358871745807,0.13226454392888295,1.8220000267028809,2.133649981021881,-0.007620770484209061,-0.03942444175481796,0.031825462237995226,0.21661829948425293,-6.357627585262428,-5.979749962655001,-10.042399363172562,-0.11931183719920657,0.06656639811362819,False
2,1787909179.725335,6839.59981707,0.20021533966064453,24000,24000,4312,738,1.9501680222953237,0.11646793730425986,1.8300000429153442,2.1539000868797302,-0.003219914622604847,-0.04106711223721504,0.03273255164136889,0.2422230839729309,-12.004048336249406,-11.964287909896552,-10.042399363172562,0.2086277967036967,0.2929318718665943,False
3,1787909179.8256483,6839.69965337,0.30052876472473145,24000,24000,4357,743,1.9593109027213076,0.12697975788948385,1.8289999961853027,2.246599912643432,-0.0011741961352527142,-0.04112071916460991,0.032812370038535425,0.2505636215209961,-18.332951559312683,-17.953613841724653,-10.010146440297387,-0.10175726044274214,-0.06324428061538256,False
4,1787909179.9259574,6839.79948777,0.40083789825439453,24000,24000,4338,732,1.9648183069593919,0.13244177717189348,1.8329999446868896,2.244500005245208,-0.0033396133221685886,-0.04360927268862724,0.03370869244076677,0.2412218600511551,-23.999835571160624,-23.9477277581393,-9.995731224362471,0.2496194138533987,0.20432319257616527,False
5,1787909180.025255,6839.89931847,0.5001354217529297,24000,24000,4520,795,1.9585245285394057,0.122120597069205,1.8389999866485596,2.1782999515533445,-0.0026455705519765615,-0.048927128314971924,0.03438274930286319,0.25726982951164246,-29.476244100140025,-29.9466296591405,-9.995731224362471,0.7307778668077276,0.9297798721802693,False
6,1787909180.1254954,6839.99997097,0.6003758907318115,24000,24000,4312,693,1.9633968237674597,0.12435322699171533,1.841200017929077,2.2259999752044672,-0.0015672632725909352,-0.048058800399303436,0.034243014724912556,0.29879510402679443,-36.048169445821664,-35.950319544728245,-10.01270376999942,0.17299353090614034,0.1780391606685896,False
7,1787909180.2250412,6840.09980315,0.6999216079711914,24000,24000,4328,684,1.9629780693709502,0.11992124721087087,1.8423000037670136,2.1897000432014466,-0.003693939186632633,-0.04772510379552841,0.034202897246640815,0.2685137391090393,-42.04307158808014,-41.95879741490255,-10.01270376999942,0.15054928410555135,0.2712610104373496,False
8,1787909180.3251848,6840.19962505,0.800065279006958,24000,24000,4336,656,1.95957774305489,0.11226271086503416,1.8247500360012054,2.166000008583069,-0.004852495156228542,-0.04970284178853035,0.033130726295204076,0.20609231293201447,-48.79660989922002,-47.972063269663394,-10.029528856205877,-0.5946556165730215,-0.3500821754847152,False
9,1787909180.4256384,6840.29945707,0.9005188941955566,24000,24000,4489,699,1.965402005056455,0.12846370153080935,1.8259999752044678,2.2073000192642214,-0.0034075751900672913,-0.051726438105106354,0.03278263062451633,0.1983642280101776,-54.447648392286986,-53.99011710901079,-10.038260339542886,-0.2187649378132548,-0.2921331258966262,False
10,1787909180.5253446,6840.39930415,1.0002250671386719,24000,24000,4429,699,1.9643261804430612,0.13548012736319623,1.820899987220764,2.2518999338150025,-0.004111739341169596,-0.051081832498311996,0.030779299925052295,0.1687581092119217,-60.716448098298045,-60.01295893294384,-10.042574482950709,-0.5054798657518731,-0.6272941741285578,False
11,1787909180.625594,6840.49993925,1.1004743576049805,24000,24000,4373,679,1.963064802939481,0.12654970439556829,1.8228999614715575,2.1960000038146976,-0.00843824353069067,-0.049488309770822525,0.03080131098098886,0.1907472312450409,-65.80445429912778,-66.0823551575931,-10.042574482950709,0.4211842071757559,0.523308145526812,False
12,1787909180.72534,6840.59978501,1.2002203464508057,24000,24000,4421,704,1.951154830611565,0.12975283359976683,1.8049999475479126,2.180099987983704,-0.010282719507813454,-0.050972357392311096,0.029824705745666587,0.1595204472541809,-72.1224029901022,-72.14791951712648,-10.031536308641945,0.08770913438763728,0.07752453018007088,False
13,1787909180.825463,6840.69962045,1.3003435134887695,24000,24000,4557,723,1.9455684677364091,0.12260254493118358,1.7982999801635742,2.1499000787734985,-0.007723950780928135,-0.0494195893406868,0.029091933657779973,0.14489902555942535,-77.8571867151579,-78.18046947215858,-10.019942293106562,0.3600286386567717,0.4429018596106289,False
14,1787909180.9255736,6840.79945441,1.400454044342041,24000,24000,4571,780,1.9536820503381582,0.13376871227980214,1.797949981689453,2.219600093364715,-0.012008183635771275,-0.04708127677440643,0.027472421391712985,0.18745318055152893,-83.85105823864703,-84.2453093012366,-10.0143226228624,0.37250220960603997,0.5910964036517043,False
15,1787909181.0257752,6840.89931591,1.5006556510925293,24000,24000,4411,748,1.951903742902419,0.12825612842661777,1.8073500156402589,2.2066500425338744,-0.009970194660127163,-0.049508120864629745,0.027322889961545076,0.14944416284561157,-89.93332301195007,-90.26642587997628,-9.958152021139439,0.30204682369647173,0.5583356919337774,False
16,1787909181.1253116,6840.99994805,1.6001920700073242,24000,24000,4305,740,1.9403756753818409,0.12242151577368515,1.818950003385544,2.176150107383728,-0.011363284662365913,-0.05129604414105415,0.02614612796597371,0.14178961515426636,-96.77795436936772,-96.15751415013519,-9.958152021139439,-0.5706845111042611,-0.5945757219998598,False
17,1787909181.225483,6841.09978007,1.7003633975982666,24000,24000,4377,772,1.9471489663568804,0.12547996535615458,1.815999984741211,2.1584499597549436,-0.014121376909315586,-0.04863869026303291,0.02614029570637501,0.10407556593418121,-102.79648006687242,-102.10211490164656,-9.950772391806744,-0.5792174840565849,-0.26101181551943853,False
18,1787909181.3252885,6841.19961687,1.8001689910888672,24000,24000,4374,758,1.9389973609931865,0.1212014280315824,1.8229999542236328,2.1002999186515807,-0.017284920439124107,-0.04702823609113693,0.026778302027661537,0.09290572255849838,-108.67669748882933,-108.0117936794046,-9.96734210925483,-0.4713851798722999,-0.23627692935869504,False
19,1787909181.4258907,6841.29944871,1.900771141052246,24000,24000,4211,774,1.9405994798785957,0.1319170419549712,1.8109999895095825,2.2200999498367304,-0.017422297969460487,-0.04979826509952545,0.027752917918485477,0.07214177399873734,-114.51586639320989,-114.02321621177876,-9.987840215038888,-0.2747132514025452,0.04692576675387272,False
20,1787909181.5252485,6841.39928437,2.000128984451294,24000,24000,4169,714,1.9376106434175615,0.1299264266382293,1.8096499681472777,2.1659998893737793,-0.01913275383412838,-0.04722680523991585,0.02842645674327719,0.1567750722169876,-120.57651364604463,-120.03424058026026,-9.989408286564915,-0.3741745010532185,-0.41228117932088537,False
21,1787909181.62563,6841.49993193,2.100510358810425,24000,24000,4257,692,1.9397832358503617,0.12053100778483682,1.8025500059127808,2.1976999521255487,-0.017200781032443047,-0.045595940202474594,0.028959291813922653,0.20322678983211517,-125.74479400451219,-126.01727917645654,-9.990188301279145,0.48014006946463894,0.5175885271822978,False
22,1787909181.7256224,6841.59976233,2.200502872467041,24000,24000,4383,793,1.9444237068051198,0.14074722057091169,1.813800048828125,2.211599969863891,-0.011053749360144138,-0.04709763824939728,0.03117841025000411,0.2258409559726715,-131.94851565012107,-131.98121945355135,-10.012480132281164,0.27568282454348036,0.33781286706883407,False
23,1787909181.8257916,6841.69960223,2.3006720542907715,24000,24000,4215,704,1.9544303987852552,0.14155874199907595,1.8141500174999237,2.2444499850273134,-0.015328862704336643,-0.045849695801734924,0.032714392333114975,0.2427506297826767,-137.8949805139341,-138.01971148958808,-10.008736393468094,0.3390819453964866,0.6304040023671007,False
24,1787909181.9258223,6841.79945393,2.400702714920044,24000,24000,4257,699,1.9488769655405025,0.1302918878019046,1.8148000478744506,2.2040000677108766,-0.015008203685283661,-0.0456792488694191,0.03325367245295178,0.3052106499671936,-143.5311707695261,-143.99831019122877,-10.00415501498345,0.7044447995833139,0.8781963719551413,False
25,1787909182.0248673,6841.89928655,2.4997477531433105,24000,24000,4343,715,1.963566433633124,0.14774877569491945,1.815999984741211,2.2330000400543213,-0.01642082817852497,-0.04473771154880524,0.03546858371167478,0.2581526041030884,-149.48408306226895,-150.00606736613858,-9.995300209078172,0.6939510954773027,0.6516899880210474,False
26,1787909182.1258798,6841.99992983,2.6007602214813232,24000,24000,4618,740,1.9436837848779318,0.13361280848112234,1.8018000423908234,2.1555499672889704,-0.018762269988656044,-0.043708208948373795,0.036647896199705515,0.2267231047153473,-156.4701653957303,-156.00439113230323,-9.982674771062284,-0.23167247797229606,-0.30161059998920337,False
27,1787909182.2256105,6842.09977095,2.700490951538086,24000,24000,4512,676,1.96148964462901,0.14516262480493933,1.8079999685287476,2.2527500987052917,-0.01619722694158554,-0.04517291858792305,0.037885057443198734,0.2890458405017853,-162.16697107775445,-162.01443334017034,-9.996791383031537,0.05507997455339364,0.2242703599314666,False
28,1787909182.3257961,6842.19961799,2.8006765842437744,24000,24000,4527,605,1.955836366621916,0.1495698506514199,1.7823999643325805,2.2557999610900876,-0.012768518179655075,-0.04303992539644241,0.037668757798430506,0.26356959342956543,-168.67249802067772,-168.06583196969336,-10.010695879890495,-0.4395959779083114,-0.27926283626044324,False
29,1787909182.4263597,6842.29944581,2.901240110397339,24000,24000,4553,576,1.9585364568564627,0.14767527739776645,1.7979999780654907,2.2584999203681946,-0.006471989210695028,-0.04486144706606865,0.03809462066980341,0.19197452068328857,-174.2281647831755,-174.12079808394537,-9.996577100636257,0.03826077448945853,0.1302486254410269,False
30,1787909182.52567,6842.39928943,3.0005505084991455,24000,24000,4642,577,1.9569133458145775,0.11638747227100395,1.831600022315979,2.171999931335449,-0.010694948956370354,-0.050095126032829285,0.0375218899495719,0.19950172305107117,-180.0546687551617,-180.08978559494074,-10.030026105104229,0.17009622375522326,0.5039535305795937,False
31,1787909182.6258185,6842.49993463,3.100698947906494,24000,24000,4544,511,1.9781487317001283,0.15697711618955962,1.8324999809265137,2.309499979019165,-0.006088584195822477,-0.04685737565159798,0.03721395860048987,0.18173031508922577,-187.07394666894535,-186.15274020276664,-10.019929255564595,-0.8405621909307115,-0.8209078689511102,False
32,1787909182.726317,6842.59975435,3.201197385787964,24000,24000,4566,542,1.984924356655881,0.14522520079362697,1.835200035572052,2.2986500263214107,-0.006799002643674612,-0.049853552132844925,0.03645630976289903,0.15554633736610413,-192.7984142766049,-192.13865085162593,-10.021461059739694,-0.5354113935814269,-0.5033560016834713,False
33,1787909182.8254035,6842.69959247,3.300283908843994,24000,24000,4551,515,1.9754582511568533,0.13743745121293938,1.8297000288963319,2.240200066566467,-0.004540889989584684,-0.0472017265856266,0.034959109899878285,0.1133326068520546,-198.0454473150354,-198.17583829820535,-10.009872829057405,0.16246312776146965,0.39564371052352953,False
34,1787909182.9252462,6842.79942435,3.4001266956329346,24000,24000,4618,564,1.9841932590971603,0.1551302073713401,1.8351500272750854,2.340400052070618,-0.0028383308090269566,-0.049147821962833405,0.03333859590758609,0.10152766108512878,-204.49368882285472,-204.15662432886614,-10.004202846551454,-0.295497162552806,-0.23763252491224307,False
35,1787909183.024498,6842.89966689,3.4993784427642822,24000,24000,4657,590,1.976538983239966,0.14857447331889412,1.8309999704360962,2.344099986553192,-0.0004458886105567217,-0.049369677901268005,0.032426070487120796,0.10233760625123978,-209.8422308049118,-210.09150741292234,-9.989988451625786,0.31078138641450437,0.4509925044912677,False
36,1787909183.1255767,6842.99950601,3.600457191467285,24000,24000,4556,612,1.9667254892829198,0.1283246296944212,1.8311000287532806,2.241399991512298,-0.0030241492204368114,-0.04906005412340164,0.03122653656928879,0.15237458050251007,-215.6205435264437,-216.03478997638285,-9.970696596168152,0.5969040569401898,0.7777678648567417,False
37,1787909183.2254303,6843.09935349,3.700310707092285,24000,24000,4622,628,1.9615477708874234,0.11620893296708167,1.8289999961853027,2.189199948310852,-0.004623583052307367,-0.048332519829273224,0.029312515121527626,0.1284104287624359,-222.18364044978168,-222.07188157985144,-9.94829945389831,0.024732050539142847,0.10318399233082687,False
38,1787909183.325957,6843.19997873,3.800837516784668,24000,24000,4730,630,1.96452857312702,0.12021885835049655,1.8294500172138215,2.214099979400635,-0.007378499489277601,-0.04764586687088013,0.02824471958996052,0.12593354284763336,-227.7823330799153,-228.00582355311346,-9.949552770534822,0.45736005280085124,0.8208775580266945,False
39,1787909183.4255314,6843.29981577,3.90041184425354,24000,24000,4805,729,1.9622757205910808,0.1365298524248873,1.8359999656677246,2.193799924850464,-0.01060153916478157,-0.046628981828689575,0.02771565302980062,0.1433597207069397,-233.65805885788214,-233.9656435588334,-9.949552770534822,0.5558087021102267,0.6998995597728026,False
40,1787909183.525544,6843.39966893,4.000424385070801,24000,24000,4580,673,1.953575037386584,0.11790601507050723,1.8300000429153442,2.1871999263763424,-0.011643004603683949,-0.047821588814258575,0.029378587284995344,0.16829395294189453,-240.97912097853035,-239.90167210584895,-9.964493093909061,-0.7647874455774115,-0.8603261533635305,False
41,1787909183.625348,6843.49951837,4.100228548049927,24000,24000,4614,724,1.9531602222287194,0.12466860975196385,1.8311499774456024,2.195550096035004,-0.013559711165726185,-0.04554332420229912,0.031585171740999396,0.16760846972465515,-246.12395993766754,-245.83957904827747,-9.956521834489545,0.07833749483566521,-0.011421788658395826,False
42,1787909183.7253137,6843.59936785,4.2001941204071045,24000,24000,4580,719,1.950514601566861,0.11481970542359095,1.833899986743927,2.167300057411194,-0.01635400950908661,-0.044823359698057175,0.03326509210254477,0.14965130388736725,-252.4262909797222,-251.81591195063717,-9.982395147882597,-0.2263455473269005,-0.3152146972023786,False
43,1787909183.824976,6843.69961155,4.299856424331665,24000,24000,4746,773,1.961107375859289,0.13607682905277205,1.8258000135421752,2.2314000129699707,-0.021461477503180504,-0.04677212983369827,0.03448809192861925,0.1534687727689743,-257.7394280325886,-257.86994141081277,-10.025155040269041,0.4399701624244017,0.1457489330071553,False
44,1787909183.9252892,6843.79945415,4.400169610977173,24000,24000,4578,694,1.9551066282159657,0.13386042052204217,1.8246500313282012,2.1902000546455387,-0.02140742354094982,-0.04314253851771355,0.03496875218066095,0.1593480408191681,-264.27914884721486,-263.8243845318531,-10.049501996491456,-0.08124679071687524,-0.2607514782661724,False
45,1787909184.0297844,6843.89929365,4.504664897918701,24000,24000,4303,648,1.9707978402758821,0.14613290781439864,1.8333499610424042,2.290399968624114,-0.022070638835430145,-0.04247866943478584,0.03578745360485984,0.19513611495494843,-270.40633868758624,-269.8927017103906,-10.095606719008499,0.06098126894352163,0.06352627532788802,False
46,1787909184.1256478,6843.99994331,4.600528240203857,24000,24000,4592,670,1.9668716414650875,0.14937118053198967,1.8250000476837158,2.2746500134468075,-0.022331567481160164,-0.045386314392089844,0.03600261336001717,0.13913540542125702,-275.87684660975856,-275.9277805306876,-10.092532028923433,0.34199929277610863,0.4856656249701814,False
47,1787909184.2254121,6844.09978903,4.700292587280273,24000,24000,4685,617,1.9711961114425907,0.15118552727040846,1.8257999897003174,2.251000070571899,-0.024493267759680748,-0.046932462602853775,0.03565649692568711,0.20418770611286163,-281.1100362421222,-282.0046753344935,-10.0991281383833,1.0943847198489038,1.5805409096845437,False
48,1787909184.32562,6844.19962119,4.800500392913818,24000,24000,4555,613,1.965362153473336,0.1407529886595979,1.8359999656677246,2.2847999572753905,-0.022025523707270622,-0.051363591104745865,0.034864812345865206,0.28356221318244934,-287.9998402858155,-288.15615114185897,-10.109919892275256,0.2167619787763897,0.14542631934557448,False
49,1787909184.426439,6844.29946433,4.90131950378418,24000,24000,4398,581,1.9572358010352786,0.14988548802855511,1.815999984741211,2.2869999408721924,-0.023494256660342216,-0.050604213029146194,0.03492359168375549,0.27362099289894104,-294.2567599846995,-294.23217616449045,-10.062606776297455,0.008700145698469441,0.07596494805017073,False
50,1787909184.5254722,6844.39931227,5.000352621078491,24000,24000,4310,617,1.9610405178858357,0.15021943691965148,1.8233999967575074,2.2777999401092526,-0.024930523708462715,-0.050393715500831604,0.034292056970831875,0.21197442710399628,-300.3615851889471,-300.3392262464917,-10.027910332868226,-0.15442169150327345,-0.2430992102886762,False
51,1787909184.6257303,6844.49995885,5.100610733032227,24000,24000,4398,628,1.9423598759113603,0.12881039092347008,1.8240000009536743,2.1865999817848203,-0.021717626601457596,-0.04067929834127426,0.03250352798818388,0.28901907801628113,-306.2280737763791,-306.45127343639604,-10.050369477084518,-0.005710741200630309,0.06536318438173794,False
52,1787909184.7253895,6844.59979549,5.200269937515259,24000,24000,4421,704,1.954046874561093,0.1498054645953184,1.819300001859665,2.2193499684333804,-0.023059308528900146,-0.03747276961803436,0.031728982938109135,0.33950796723365784,-313.16729205154064,-312.4782856359931,-10.04034804646534,-0.9656622113581648,-1.449782693933912,False
53,1787909184.8251555,6844.69963681,5.3000359535217285,24000,24000,4309,738,1.9453495955725673,0.140347266681336,1.8009999990463257,2.184900021553039,-0.01898612640798092,-0.03860202059149742,0.031233740800922123,0.315885066986084,-318.5112602833896,-318.5549195395366,-10.03064026811294,-0.32395525274796455,-0.5097729044985613,False
54,1787909184.9255621,6844.79947481,5.400442600250244,24000,24000,4243,699,1.9489442075953123,0.15804121139625255,1.8020000457763672,2.2653000831604007,-0.018700622022151947,-0.03640293702483177,0.029717578072521997,0.3177330195903778,-325.70080596405137,-324.60940342416666,-9.98214458845118,-1.4893897346514677,-1.9270936767958915,False
55,1787909185.0253391,6844.89930761,5.5002195835113525,24000,24000,4181,693,1.9566479045763332,0.1646714165819589,1.8055999755859375,2.3093999862670898,-0.0155476164072752,-0.03584907576441765,0.02743230781742316,0.3243541121482849,-331.18184499715323,-330.5777055998323,-9.98214458845118,-0.9840955734304657,-1.3759756491407416,False
56,1787909185.1260993,6844.99994133,5.600979804992676,24000,24000,4307,712,1.9497514054011762,0.14975250450178537,1.800549978017807,2.266149997711181,-0.017297277227044106,-0.034841399639844894,0.02837072186890471,0.28942885994911194,-337.4359407886463,-336.57325118952565,-9.960302437790988,-1.192866693776864,-1.3830815611759135,False
57,1787909185.2251437,6845.09978723,5.700024127960205,24000,24000,4226,759,1.961702242513262,0.14869296260749953,1.8048999547958373,2.2422000885009767,-0.014342016540467739,-0.03764420747756958,0.028078938843193176,0.2609749734401703,-342.7038690893141,-342.4925087918069,-9.960302437790988,-0.5184193191032591,-0.04181618468533088,False
58,1787909185.3258805,6845.19962825,5.800760984420776,24000,24000,4191,731,1.9608659369185588,0.14004419539370844,1.8065000176429749,2.2265000343322754,-0.011293388903141022,-0.03667587786912918,0.0280639949156421,0.2481841892004013,-348.00334297516264,-348.31074192916856,-9.910619767507173,0.22602963187654268,0.12050925829902326,False
59,1787909185.4261496,6845.29947365,5.90103006362915,24000,24000,4227,721,1.9673106799343918,0.14241481152257088,1.8200000524520874,2.2890000343322754,-0.009381351992487907,-0.0357026681303978,0.028757442856720765,0.1938113421201706,-354.3562938503461,-354.2063292599582,-9.934862970495024,-0.11106370170853097,-0.17645956923098538,False
60,1787909185.5250225,6845.39932019,5.999902963638306,24000,24000,4364,757,1.9487093762645948,0.11820194719516688,1.8240000009536743,2.134200048446655,-0.00738679850474,-0.03984740003943443,0.030930369556400966,0.2235659956932068,-359.18839386028253,-360.12805002640715,-9.920120814387278,0.9889270772181362,1.2385548269251672,False
61,1787909185.626121,6845.49996959,6.101001501083374,24000,24000,4246,726,1.9489449044232854,0.11487710953403867,1.8179999589920044,2.0929999947547913,-0.005801490508019924,-0.0395689457654953,0.03170599162954692,0.24186907708644867,-366.0529540563152,-366.06380894997716,-9.884738675727528,0.1899895410841168,0.17771326483955363,False
62,1787909185.7251663,6845.59981565,6.20004677772522,24000,24000,4311,738,1.9575162618786985,0.12777367043310928,1.8259999752044678,2.2023499846458434,-0.00372094614431262,-0.03910037875175476,0.03257095828891842,0.2536521255970001,-372.41179851153936,-371.92857660723524,-9.884738675727528,-0.2264220210714143,-0.31442619193273913,False
63,1787909185.8255863,6845.69964075,6.300466775894165,24000,24000,4330,721,1.9644285701680282,0.13365151687811813,1.8320000171661377,2.234999895095825,-0.004048381000757217,-0.03926611319184303,0.03275696718741817,0.2228086292743683,-377.908428697363,-377.8699440401746,-9.900420869857117,0.3018600400451419,0.43420187472145244,False
64,1787909185.9255095,6845.79948989,6.400389909744263,24000,24000,4432,767,1.9628826605139065,0.14348149323000955,1.8353000164031983,2.288299942016601,-0.0014063130365684628,-0.04462609067559242,0.033604332825273475,0.20891430974006653,-382.99922093560474,-383.7827132719065,-9.900420869857117,1.2061696128316157,1.3694356757666242,False
65,1787909186.0257986,6845.89933925,6.500679016113281,24000,24000,4472,754,1.9656445629084458,0.1412751016356632,1.830649995803833,2.271549963951111,-0.003502631327137351,-0.045976422727108,0.03426558084587559,0.21619585156440735,-390.2784617390374,-389.7657354414272,-9.945777136656089,-0.05601207672981445,-0.007273803990472061,False
66,1787909186.125689,6845.99999053,6.600569486618042,24000,24000,4312,674,1.955345697855737,0.11803630415285846,1.834650021791458,2.184000015258789,-0.002225867472589016,-0.04705248400568962,0.033782404617268565,0.2560204267501831,-395.97976009130264,-395.72684448646953,-9.982152043192594,0.2358316748739071,0.287315863831509,False
67,1787909186.22532,6846.09984037,6.70020055770874,24000,24000,4364,689,1.9622031938181905,0.12225310737773479,1.8363999843597412,2.2061999797821046,-0.0027236880268901587,-0.04992324113845825,0.03363406543055409,0.2240089774131775,-402.3928443720583,-401.78824369532515,-10.033876201193776,-0.1996737238324613,-0.20520023432192147,False
68,1787909186.3292966,6846.19969269,6.8041770458221436,24000,24000,4271,638,1.95870689893591,0.11359030438483568,1.8380000591278076,2.1584499955177305,-0.005758719053119421,-0.0502491220831871,0.034113230387030756,0.2838016152381897,-408.7637429241125,-407.83063498455533,-10.062919773887598,-0.33228081949425814,-0.38054219821276547,False
69,1787909186.4257762,6846.29951797,6.900656700134277,24000,24000,4507,718,1.970193594445093,0.13212577799063105,1.82284996509552,2.244800043106079,-0.003988331649452448,-0.04905867576599121,0.032127359646873244,0.1373358517885208,-414.2776675240386,-413.88419427438123,-10.062919773887598,-0.05770251716188568,-0.1925888417920305,False
70,1787909186.5257256,6846.39936527,7.000606060028076,24000,24000,4358,663,1.9609954745521372,0.1172528657874857,1.8289999961853027,2.1544999837875367,-0.00580658670514822,-0.04951123893260956,0.03173803753889116,0.1971985101699829,-419.91803337568604,-419.9993167026113,-10.061535812448312,0.29860692971902836,0.2865685390112276,False
71,1787909186.6249278,6846.49960605,7.099808216094971,24000,24000,4392,711,1.9644585121868363,0.1413993189449466,1.8174999952316284,2.2734999656677246,-0.00628456799313426,-0.05237288400530815,0.030764023306672054,0.12514552474021912,-425.4860227678328,-425.9755615497015,-10.050373299454238,0.6824627467781852,0.7953971630223009,False
72,1787909186.7257552,6846.59944503,7.200635671615601,24000,24000,4391,691,1.952668597487741,0.13020253572092674,1.7970000505447388,2.212999939918518,-0.009215460158884525,-0.05033392086625099,0.029221651987959993,0.10974143445491791,-432.04070956858914,-432.06401464865314,-10.060481452203772,0.17713446694165214,0.2007099123354692,False
73,1787909186.8250315,6846.69928883,7.299911975860596,24000,24000,4620,728,1.9495206026585548,0.12676609994305513,1.79369997382164,2.18930002450943,-0.00822353083640337,-0.04978691786527634,0.02782029570014312,0.20797674357891083,-437.95615341141865,-438.1379718363846,-10.059792928266285,0.2179845116139063,0.2115011624476324,False
74,1787909186.925963,6846.79992705,7.400843381881714,24000,24000,4423,739,1.9550730704615984,0.12953727337460288,1.80589998960495,2.2073000192642214,-0.00842657033354044,-0.04840976744890213,0.027993830283624788,0.16522063314914703,-443.77430198020267,-444.2269045185202,-10.036457280328579,0.45543119602302795,0.49314357022802824,False
75,1787909187.0262105,6846.89975933,7.501091003417969,24000,24000,4378,747,1.9392463174689725,0.11773985621744305,1.8109999895095825,2.1398000478744503,-0.010169096291065216,-0.05059002339839935,0.02652656478039933,0.14415240287780762,-450.33154755940507,-450.2161490773945,-9.998251794737532,-0.08724424044476109,-0.0998372438970705,False
76,1787909187.1255417,6846.99959641,7.600422143936157,24000,24000,4278,715,1.9528923086353116,0.1328102125970132,1.8067000269889832,2.207299995422363,-0.012441320344805717,-0.04902857169508934,0.025321694788547996,0.15758034586906433,-456.93261662445667,-456.24462660728733,-9.998251794737532,-0.7287293986760801,-0.810332203851658,False
77,1787909187.2262058,6847.09943959,7.7010862827301025,24000,24000,4409,790,1.9404860760592206,0.1186205108744094,1.8164500057697297,2.1619999408721924,-0.012556156143546104,-0.047632645815610886,0.02598236617009827,0.16277383267879486,-462.6603373881381,-462.2188493528741,-9.978193603612178,-0.4168901772341087,-0.2696162810632359,False
78,1787909187.324884,6847.19928415,7.799764394760132,24000,24000,4361,796,1.9376005028659975,0.13004543102017407,1.809749960899353,2.1734999418258667,-0.01565185934305191,-0.049017857760190964,0.026591070555511093,0.10995712131261826,-468.96465102941653,-468.1792554874386,-9.978193603612178,-0.8007997504460036,-0.971476002639065,False
79,1787909187.4268534,6847.29992957,7.901733875274658,24000,24000,4178,733,1.9303642569915334,0.1072956681547194,1.8142000198364259,2.115200090408325,-0.018979642540216446,-0.04882443696260452,0.026840539803090372,0.12505659461021423,-474.50215780553134,-474.2006833687793,-10.001236080839705,-0.2204297772253767,-0.2989702376260652,False
80,1787909187.5259225,6847.39976817,8.000802993774414,24000,24000,4183,708,1.9492429356790533,0.13758547309373018,1.815000057220459,2.246999979019165,-0.017054110765457153,-0.046972114592790604,0.027961567120950475,0.15357589721679688,-480.0951952465752,-480.16620172053564,-9.99403085218051,0.13039611798137685,-0.1114994227415309,False
81,1787909187.6256423,6847.49960729,8.100522756576538,24000,24000,4358,795,1.9474943405427272,0.14003314320674756,1.8117000222206117,2.2137999057769773,-0.0187278650701046,-0.0481734573841095,0.029559276690944946,0.17195327579975128,-486.801291643866,-486.1297349193637,-9.988150288169587,-0.5928001486233256,-0.8439619391465385,False
82,1787909187.7256262,6847.59945343,8.200506687164307,24000,24000,4323,712,1.952655896879314,0.14689186402098633,1.817549991607666,2.2633500933647155,-0.015488003380596638,-0.04487020894885063,0.03165119687996631,0.25322800874710083,-491.9183184103676,-492.0826878336967,-10.006055129532735,0.2889225260173589,0.2870638724723449,False
83,1787909187.8247697,6847.69928627,8.299650192260742,24000,24000,4190,702,1.9501039873161208,0.13426403116982036,1.8150500535964966,2.22525006532669,-0.014912460930645466,-0.045043688267469406,0.03197694265161572,0.3427104949951172,-498.4822661004287,-498.0908592537626,-10.007860568694296,-0.3266988450654935,-0.28094204235526377,False
84,1787909187.9268463,6847.79990785,8.401726722717285,24000,24000,4308,732,1.9518319668014192,0.12265278402447548,1.8125499963760376,2.193450045585632,-0.013147593475878239,-0.04680406302213669,0.03385904942976514,0.3091018497943878,-503.6898648501806,-504.0649510977589,-9.986980781448999,0.5900018444050374,0.4771720994134512,False
85,1787909188.0257835,6847.89975197,8.500663995742798,24000,24000,4510,735,1.9498217699479083,0.14356038055241171,1.807699990272522,2.2364999294281005,-0.01656288094818592,-0.047383952885866165,0.035738706488881174,0.2330232858657837,-509.5107642409436,-510.02068717998293,-9.988548719258814,0.7050554390964408,0.8992757666032958,False
86,1787909188.125792,6847.99958237,8.600672483444214,24000,24000,4541,716,1.9548784940602393,0.1400388990806531,1.804749995470047,2.227500021457672,-0.01779370941221714,-0.0472840778529644,0.037029220830271894,0.289884090423584,-515.6805780444724,-516.0005430932209,-9.999992071198724,0.5354644331871441,0.5112665495908004,False
87,1787909188.2255745,6848.09941787,8.700454950332642,24000,24000,4447,645,1.9461891492207846,0.13452895244219185,1.7926000356674194,2.1885999202728272,-0.017085162922739983,-0.04195941239595413,0.03740151129143484,0.32915255427360535,-521.9006637643313,-522.0597823482601,-10.001038536928805,0.30204090958307006,0.41044183954647906,False
88,1787909188.325233,6848.19964601,8.800113439559937,24000,24000,4530,618,1.9497103554145419,0.13991661675776806,1.7936499655246734,2.207500088214874,-0.012055886909365654,-0.04434845969080925,0.038145717044324616,0.2230328768491745,-528.5025555370033,-528.101891986503,-10.021721714318078,-0.3206269713805341,-0.49878536505616466,False
89,1787909188.4267268,6848.29948497,8.901607275009155,24000,24000,4576,581,1.9560808977448796,0.13836002111506374,1.809000015258789,2.1670000553131104,-0.00877181626856327,-0.04548434168100357,0.03848528194130259,0.1812542825937271,-534.3143980484629,-534.1678410900562,-10.005888230872468,-0.04313007498456045,-0.21285312659108513,False
90,1787909188.5305717,6848.39932111,9.005452156066895,24000,24000,4420,498,1.9601967851799655,0.1266272184477781,1.8208499908447267,2.194999933242798,0.00016785648767836392,-0.045458175241947174,0.03750742039161559,0.10023067891597748,-540.9733120454545,-540.1988885383488,-10.009808855557006,-0.4716486619481657,-0.6006542169631075,False
91,1787909188.6258852,6848.49997593,9.100765705108643,24000,24000,4534,523,1.9753097510018722,0.14378958281317397,1.8270000219345093,2.242500019073486,-0.004054459743201733,-0.05037795379757881,0.03642284978999533,0.1270739734172821,-546.937107473707,-546.1820368927854,-10.034571404960879,-0.7169041639716625,-0.8349999237625525,False
92,1787909188.7259548,6848.59981467,9.200835227966309,24000,24000,4555,533,1.9903527207490874,0.15428487496241705,1.8380000352859498,2.298200035095214,-0.005999000743031502,-0.050012506544589996,0.035976943583652304,0.08272511512041092,-552.6351882706741,-552.2533736710469,-10.028839414371435,-0.4111002287734209,-0.524441234961273,False
93,1787909188.8257706,6848.69965643,9.30065107345581,24000,24000,4547,533,1.9956210162805124,0.16049926550562005,1.8386000156402589,2.3496000766754146,-0.005558500532060862,-0.0487467385828495,0.034797929330705184,0.09405317902565002,-558.2309047418946,-558.2912328625506,-10.04220365408258,-0.018151883284417636,-0.05126007957812817,False
94,1787909188.925519,6848.79950243,9.400399446487427,24000,24000,4735,600,1.9778683372338612,0.14473745049719133,1.8459499597549438,2.2992000222206115,-0.0064199939370155334,-0.04876680672168732,0.03330793711294134,0.14127351343631744,-564.4735344743475,-564.3211783422538,-10.026982893589377,-0.2761649532328647,-0.3268777821514277,False
95,1787909189.025687,6848.89934923,9.500567436218262,24000,24000,4661,605,1.9741305800508862,0.12975680983121857,1.8359999656677246,2.2233999252319334,-0.0012930023949593306,-0.04973328486084938,0.032430282622584065,0.1322556883096695,-570.344651172902,-570.3306961772752,-10.00796588745706,-0.13748918928035891,-0.04581458137590744,False
96,1787909189.1266072,6848.99999511,9.601487636566162,24000,24000,4578,613,1.9775481266843165,0.1446589158317205,1.8292000055313111,2.2670000553131104,-0.004420900251716375,-0.04891492798924446,0.03127021119122742,0.07202637195587158,-576.4246994368679,-576.3197995082317,-9.954103240024038,-0.1626145083486108,-0.2621984042165195,False
97,1787909189.2256227,6849.09983825,9.70050311088562,24000,24000,4631,632,1.9673243679955035,0.12329973445850245,1.8325499773025513,2.1887000203132625,-0.006548793986439705,-0.047746144235134125,0.029947003203642932,0.0938289687037468,-581.9727508432583,-582.2231526544198,-9.943041844245931,0.22997892435216727,0.19227339349970407,False
98,1787909189.3261206,6849.19967493,9.801001071929932,24000,24000,4794,625,1.967348800086975,0.12886684651626112,1.836199975013733,2.228800010681152,-0.0069642141461372375,-0.04743344336748123,0.027955360956667938,0.10332880169153214,-587.9853947437141,-588.1231977548769,-9.948241984876592,0.24692482004149952,0.25367262326358286,False
99,1787909189.4260414,6849.29951195,9.900921821594238,24000,24000,4673,669,1.9551988072103093,0.11487981832143589,1.8339999914169312,2.2083999633789064,-0.00968148186802864,-0.050848934799432755,0.028194949434827025,0.16687852144241333,-594.075833546109,-594.0643474388738,-9.951392299603208,0.15144478435661313,0.3275455787456849,False
100,1787909189.5254598,6849.39935351,10.000340223312378,24000,24000,4634,679,1.9567702473175543,0.11305779558022537,1.833799993991852,2.203000068664551,-0.013379612006247044,-0.04711426794528961,0.029289274831010417,0.1582023948431015,-600.273802023704,-599.955241427826,-9.943698864600792,-0.08170436437217177,-0.11850046715812823,False
101,1787909189.6257074,6849.49998719,10.100587844848633,24000,24000,4615,709,1.956331453471325,0.11535925000708387,1.843999981880188,2.181600046157837,-0.01682310737669468,-0.04505506530404091,0.03120605067642951,0.12364561855792999,-606.6448353413101,-605.9244948859239,-9.97992186372924,-0.4381675392436364,-0.43385402475428236,False
102,1787909189.7257328,6849.59982439,10.200613260269165,24000,24000,4683,747,1.9621004024183895,0.1350376342202318,1.843000054359436,2.2503999710083007,-0.010960806161165237,-0.04644308239221573,0.032712492266329975,0.14757654070854187,-612.3237258755772,-611.9262873172596,-10.004453088694754,-0.11581966123196707,-0.2525852193384708,False
103,1787909189.8262475,6849.69967475,10.301127910614014,24000,24000,4714,722,1.961808864264607,0.12359539523022217,1.8359999656677246,2.2169500112533567,-0.0216365959495306,-0.042171768844127655,0.03351270323103734,0.1659715473651886,-617.8785953207903,-617.8970865848938,-10.042982454381615,0.3599019999275015,0.31315446351823084,False
104,1787909189.9257195,6849.79951279,10.400599956512451,24000,24000,4535,703,1.966045520553209,0.13531220059637925,1.8440999865531922,2.2274999380111695,-0.021006401628255844,-0.04302322492003441,0.03540767006554096,0.17743204534053802,-624.4983572486517,-623.9434120099447,-10.055305676040625,-0.2918221019082239,-0.20546652685584377,False
105,1787909190.0254006,6849.89936571,10.50028109550476,24000,24000,4552,695,1.9713525202634523,0.1494725358045814,1.8276999711990356,2.3319999456405625,-0.021262984722852707,-0.04555344581604004,0.03593306556934103,0.1748845875263214,-629.8786829867998,-630.0290342531355,-10.045187562740862,0.3084349726750588,0.004041589494931941,False
106,1787909190.1246114,6849.99961345,10.599491834640503,24000,24000,4567,673,1.9667622573662655,0.1475979815226979,1.8235999822616578,2.2357999324798583,-0.022940125316381454,-0.044430144131183624,0.036421161658164156,0.2089105099439621,-635.3705565005923,-636.0402680975455,-10.039120715722905,0.7689216276339721,0.7180910665445026,False
107,1787909190.2254958,6850.09945071,10.700376272201538,24000,24000,4749,631,1.9712551490251689,0.14123671480595668,1.834500014781952,2.286500096321106,-0.027664558961987495,-0.04646432772278786,0.03554971408540677,0.23413698375225067,-642.1805905850096,-642.1405651108233,-10.059097877212045,0.01166482334133434,0.1368900354550533,False
108,1787909190.3249056,6850.19967877,10.79978609085083,24000,24000,4504,605,1.959502480246804,0.12521334876633652,1.8339999914169312,2.195600080490112,-0.021630989387631416,-0.049899451434612274,0.036025706995466165,0.28995481133461,-648.1693875256888,-648.1783541821644,-10.043096120401662,-0.012827748017116392,-0.17799454544581295,False
109,1787909190.4258883,6850.29952539,10.900768756866455,24000,24000,4378,591,1.9577174289577504,0.1487101487703707,1.8240000009536743,2.221500039100647,-0.022661995142698288,-0.05199640989303589,0.03462012612757467,0.28301137685775757,-654.0924866849641,-654.2561301563019,-10.03477427931057,0.122743798741908,0.14671172192890936,False
110,1787909190.526218,6850.39937341,11.001098394393921,24000,24000,4335,608,1.948223683002748,0.13683918420218652,1.8307000339031219,2.2532999992370604,-0.024059675633907318,-0.04694835841655731,0.03322773737908015,0.29335835576057434,-660.7210959756458,-660.2562654888395,-10.006575590051087,-0.48637462465922,-0.539889111896855,False
111,1787909190.624962,6850.49961399,11.099842548370361,24000,24000,4437,633,1.952477092991508,0.14617688412239513,1.8179999589920044,2.2409999370574947,-0.023112908005714417,-0.041570134460926056,0.03313098174023756,0.35735437273979187,-666.6627953406012,-666.2930908577653,-10.006575590051087,-0.5037075939341094,-0.5774861262652848,False
112,1787909190.7256432,6850.59944441,11.200523614883423,24000,24000,4347,711,1.9447243344431688,0.13105296238030084,1.8104999661445618,2.1850000619888306,-0.02192496880888939,-0.04120034724473953,0.03256417097210206,0.2991223633289337,-672.6891832556387,-672.3252756759578,-10.004985388757353,-0.4895199091889708,-0.4525054310356609,False
113,1787909190.8251657,6850.69967605,11.30004620552063,24000,24000,4260,684,1.9537967823402227,0.14911243860423087,1.8209999799728394,2.2165500044822695,-0.02098385989665985,-0.03710241615772247,0.030553972153398255,0.2800048887729645,-679.4316884916572,-678.3899998228832,-9.986290367025282,-1.2609547796361085,-1.3823954892820893,False
114,1787909190.9276974,6850.79952463,11.402577877044678,24000,24000,4198,697,1.9497675741762137,0.14352049357904564,1.8148000478744506,2.2136000633239745,-0.017155425623059273,-0.03568072244524956,0.02816283246922447,0.3537158966064453,-684.3274181373147,-684.3754624426263,-9.964304525827957,-0.005077825727653362,0.07857178785320684,False
115,1787909191.0257006,6850.89935255,11.50058102607727,24000,24000,4275,700,1.9536042850358146,0.1495956748095311,1.8098999440670014,2.234699964523315,-0.016440922394394875,-0.03567633405327797,0.02887792490226624,0.29821154475212097,-689.9834420359841,-690.3623915810688,-9.949972104858366,0.21880649718821132,0.3078491160988506,False
116,1787909191.1261604,6850.99999701,11.601040840148926,24000,24000,4262,741,1.9542591098831732,0.140379228681768,1.7999999523162842,2.240000009536743,-0.014445074833929539,-0.03749758005142212,0.028286681943630737,0.27924904227256775,-697.0399632262065,-696.2580494782691,-9.943733411994103,-0.8104136059801021,-0.7158227320911692,False
117,1787909191.226299,6851.09985005,11.701179504394531,24000,24000,4198,749,1.9622990660100816,0.1493639604962132,1.8079999685287476,2.2844000816345216,-0.013078827410936356,-0.03723520785570145,0.027411401800844105,0.28152596950531006,-702.0386810503787,-702.0982508332393,-9.958351741981145,0.19890158724081175,0.30936889673444057,False
118,1787909191.3257082,6851.19967849,11.800588607788086,24000,24000,4192,703,1.9653456597714811,0.14003140911969042,1.81910001039505,2.2497999906539916,-0.011854980140924454,-0.03644249215722084,0.027838365474811538,0.20945802330970764,-708.3470802685844,-708.048197388798,-9.952922834787316,-0.14523617493955499,-0.27895578291304446,False
119,1787909191.4260087,6851.29953595,11.900889158248901,24000,24000,4275,772,1.9628018114542096,0.14229039416310346,1.8240000009536743,2.286499917507168,-0.012143374420702457,-0.03969172388315201,0.029721680089410337,0.17909173667430878,-713.4617942216047,-714.0028778285293,-9.939196960827136,0.7577955986387224,0.7595143353436242,False
120,1787909191.5254917,6851.39937229,12.000372171401978,24000,24000,4414,786,1.9562582702733784,0.13536213584702822,1.819000005722046,2.134749948978424,-0.009204076603055,-0.03759123012423515,0.03095719836804388,0.21318374574184418,-720.301084964557,-719.9347829104859,-9.935769891387283,-0.11279931442436464,0.09553013356980955,False
121,1787909191.625276,6851.49962097,12.100156545639038,24000,24000,4313,744,1.9554435487395974,0.12428539065689778,1.8321500062942504,2.1855999588966375,-0.004061087965965271,-0.03891875594854355,0.031220922663665846,0.2290540337562561,-725.8263975464981,-725.9186485399766,-9.93944159241386,0.3486647353438457,0.3074444200032076,False
122,1787909191.7257266,6851.59946355,12.200607061386108,24000,24000,4362,734,1.9597329718215588,0.12247361850787268,1.8300000429153442,2.216350054740906,-0.0037610467988997698,-0.03960258513689041,0.03161734573849382,0.22084933519363403,-732.2266499990385,-731.8636800555919,-9.943276878200825,-0.02484450298345564,0.13493730662855796,False
123,1787909191.8248973,6851.69931583,12.299777746200562,24000,24000,4324,714,1.9669579825147527,0.1423142859096298,1.8386500120162963,2.2734000563621524,-0.0032245030160993338,-0.038471370935440063,0.03363780728818163,0.1965692639350891,-737.342704789572,-737.8168529484319,-9.943276878200825,0.8090577306887781,0.7933002358954582,False
124,1787909191.9267254,6851.79996545,12.40160584449768,24000,24000,4433,790,1.967979748792286,0.143831436635078,1.8380000591278076,2.3144000172615047,-0.00482940673828125,-0.04695404693484306,0.03394871956552465,0.199248269200325,-743.5760020808735,-743.8484756094125,-9.979052467286865,0.6851546606536658,0.41939710744600234,False
125,1787909192.025735,6851.89978913,12.500615358352661,24000,24000,4311,688,1.9661787793386813,0.13592829988159094,1.8393500030040741,2.2609998941421505,-0.0038129978347569704,-0.04242059960961342,0.03384500315607763,0.22546254098415375,-749.9715606154032,-749.8303477075204,-9.97751506829872,0.2298833544197123,0.07722849092283468,False
126,1787909192.1255977,6851.99963045,12.600478172302246,24000,24000,4353,684,1.9694897656203711,0.1340026039280294,1.8491499841213226,2.2653499722480777,-0.004213729407638311,-0.046668361872434616,0.03380501627563805,0.19396868348121643,-756.6798503439909,-755.8145471095477,-9.98765539831104,-0.48692358439006966,-0.7160759669860681,False
127,1787909192.2258434,6852.09949211,12.700723886489868,24000,24000,4371,684,1.9577499990574798,0.11424113730368696,1.8441499888896942,2.1226999282836916,-0.0026461766101419926,-0.05017990991473198,0.03386441441137553,0.18345578014850616,-762.9350580388639,-761.9068935294466,-10.004987076501504,-0.7276755719830135,-0.7116131107402452,False
128,1787909192.3253708,6852.19933289,12.800251245498657,24000,24000,4431,701,1.964285305495269,0.11952797753787509,1.8320000171661377,2.177000045776367,0.0010925859678536654,-0.05206704139709473,0.03310522123799397,0.25135231018066406,-768.1157551941914,-767.9083330522167,-10.005337798217171,0.06298372689730058,0.26435392503060484,False
129,1787909192.426763,6852.29998401,12.901643514633179,24000,24000,4303,651,1.9655007697103943,0.12063262160638825,1.8339999914169312,2.19350004196167,-0.005987138953059912,-0.05049720034003258,0.03261719515126331,0.17759042978286743,-773.847582754935,-773.9769725307194,-9.993855978594285,0.4144018860539518,0.3854625096167865,False
130,1787909192.525771,6852.39982449,13.000651359558105,24000,24000,4342,686,1.9673717233946997,0.12724783768174505,1.8252500295639038,2.228500008583069,-0.005632196087390184,-0.05281026288866997,0.03170263442008112,0.1722465604543686,-779.8127541975874,-779.9119975727272,-10.001360698482932,0.3894175406745717,0.4278738201865053,False
131,1787909192.6256073,6852.49966187,13.10048770904541,24000,24000,4353,682,1.964824047780806,0.13003484575112495,1.81705002784729,2.2148999214172362,-0.006481132935732603,-0.05054469406604767,0.030593316642437144,0.1410755068063736,-785.5274542952335,-785.9428724404572,-10.014115694606168,0.6646124408744072,0.6952005522510945,False
132,1787909192.7256122,6852.59949851,13.20049262046814,24000,24000,4507,706,1.9664291778299694,0.15066392639754336,1.8049999475479126,2.287750005722046,-0.010721448808908463,-0.04716574400663376,0.02907404047941415,0.22858919203281403,-792.0382808977381,-791.914384221384,-10.014115694606168,0.15379406951205965,0.302811606228488,False
133,1787909192.8256724,6852.69934123,13.30055284500122,24000,24000,4607,749,1.9593404525112565,0.13261080325803537,1.810200023651123,2.2221999168395996,-0.00839954148977995,-0.04904649406671524,0.028540965814269435,0.22233478724956512,-798.1598465853801,-797.9706742891443,-10.01782444478611,0.035555241194515474,0.28263324970657777,False
134,1787909192.929705,6852.79996163,13.404585361480713,24000,24000,4141,691,1.9541910245001057,0.11520950257455242,1.8209999799728394,2.1745001077651978,-0.004201333038508892,-0.05003117769956589,0.02810197948292359,0.20022930204868317,-804.3013158271931,-803.9583160040293,-9.996725044973589,0.1357389972515648,0.4551023317264935,False
135,1787909193.025853,6852.89980333,13.500733375549316,24000,24000,4362,725,1.9479075865909972,0.12098769941868465,1.812000036239624,2.1528000831604004,-0.010926449671387672,-0.05089551582932472,0.02685578727299701,0.2290029674768448,-810.3642809546599,-809.9325821940895,-9.991375103986163,-0.1586206926176601,-0.02737428165539768,False
136,1787909193.1256711,6852.99963075,13.60055160522461,24000,24000,4353,697,1.949358680668999,0.13474528157141646,1.8125999689102172,2.1782000541687006,-0.014541472308337688,-0.048277851194143295,0.025623094611170988,0.22869382798671722,-816.0812188442312,-815.8874136129631,-10.001553868221041,0.11324927883856617,0.03954830042289359,False
137,1787909193.2257786,6853.09948325,13.700659036636353,24000,24000,4435,795,1.9361584915305083,0.11961229635388865,1.8226999759674072,2.130499982833862,-0.014563982374966145,-0.0498051680624485,0.026213522860300546,0.14407582581043243,-821.7748699921065,-821.9090721170376,-10.008967437834425,0.42575726778807166,0.6671055972462909,False
138,1787909193.32596,6853.19932883,13.800840377807617,24000,24000,4200,745,1.9400402709141673,0.1192838015664699,1.815000057220459,2.1692000389099118,-0.016626155003905296,-0.04780929908156395,0.026380550898650393,0.1811647266149521,-828.2426218698027,-827.9639278418092,-10.047061907206631,-0.03140109921946532,0.10276595477955652,False
139,1787909193.4267237,6853.29995309,13.901604175567627,24000,24000,4207,697,1.935243901768579,0.115807971036392,1.8187999963760375,2.0864000320434566,-0.01799750328063965,-0.04776393994688988,0.026160644521515983,0.16580477356910706,-833.6563568606603,-834.0333382106096,-10.059561796900605,0.6004031475470128,0.7614333909197057,False
140,1787909193.526197,6853.39978533,14.00107741355896,24000,24000,4289,731,1.9457428171598796,0.13615759132150912,1.8205000162124634,2.183000087738037,-0.01407683826982975,-0.04815714433789253,0.02808150682394097,0.20753423869609833,-840.6055621361049,-840.0330328972718,-10.048621163570507,-0.3806927797129447,-0.598918208286932,False
141,1787909193.6255953,6853.49962093,14.100475788116455,24000,24000,4365,764,1.9464096843572187,0.12741650154270598,1.819150012731552,2.1582499384880065,-0.014107095077633858,-0.04807873070240021,0.029767392511603572,0.19203808903694153,-846.2057958077066,-846.0884928819435,-10.063461090091321,-0.01730869472123686,0.01170207423683678,False
142,1787909193.7259502,6853.59945469,14.200830698013306,24000,24000,4200,713,1.9540420762285444,0.13410272380120222,1.8200000524520874,2.1992000102996823,-0.016364218667149544,-0.046071335673332214,0.031096725917968852,0.28625524044036865,-852.7372650469864,-852.1389841668909,-10.049313809428446,-0.5277707969474932,-0.5128383008292303,False
143,1787909193.8248777,6853.69930055,14.299758195877075,24000,24000,4241,746,1.9549825704449304,0.13874645083509307,1.8240000009536743,2.256999969482422,-0.015574177727103233,-0.0472041480243206,0.03240762658979562,0.29270657896995544,-858.0839878450623,-858.1732672274974,-10.028806214198658,0.060872908726310015,0.0873852626535836,False
144,1787909193.926758,6853.79993669,14.401638507843018,24000,24000,4308,747,1.948949126992998,0.12942983540091949,1.8179999589920044,2.145999932289123,-0.016130290925502777,-0.04772896692156792,0.03430097642791212,0.2249954640865326,-863.9555794092767,-864.147716141683,-10.042859697076597,0.3018082363469148,0.17903317580078237,False
145,1787909194.0266867,6853.89976681,14.501567125320435,24000,24000,4595,761,1.9591747707199016,0.14275115351723733,1.8229999542236328,2.242000102996826,-0.017628846690058708,-0.045325640588998795,0.035624039318599324,0.2499256134033203,-869.984208811249,-870.2464170982496,-10.031317284185588,0.26860964733464243,-0.07055934237382644,False
146,1787909194.1273215,6853.99960333,14.60220193862915,24000,24000,4465,678,1.954147493944759,0.14132673331111809,1.8084000051021576,2.1973500728607176,-0.0162365660071373,-0.04286929965019226,0.03688062880762577,0.3629964292049408,-876.5200871795461,-876.3245811781642,-10.014861365220272,-0.2294681809528356,-0.42098781914705796,False
147,1787909194.226622,6854.09944355,14.701502561569214,24000,24000,4430,638,1.9608119096501868,0.15733853636411513,1.7922499835491181,2.265049934387207,-0.014540375210344791,-0.04251542687416077,0.03813193215024282,0.2832510471343994,-882.5574532672987,-882.3577006989024,-9.994218089314943,-0.30908132915806164,-0.5191527898663253,False
148,1787909194.326159,6854.19966565,14.801039457321167,24000,24000,4514,618,1.9564061486991091,0.1339466307744846,1.8028499841690064,2.163150095939636,-0.010417994111776352,-0.04613757133483887,0.038175082842983064,0.1607174277305603,-888.930146522853,-888.3409691436498,-9.992411328179893,-0.7098459532318202,-0.6210721964683898,False
149,1787909194.4282181,6854.29949967,14.903098583221436,24000,24000,4607,540,1.9645629664262136,0.14305647562764043,1.8239499986171723,2.2004500508308404,-0.008159803226590157,-0.04431716725230217,0.03859395307713099,0.1423337161540985,-894.2878774864096,-894.3208444631317,-9.964360909667931,0.05567829891117526,0.4836322895334888,False
150,1787909194.526507,6854.39933725,15.001387357711792,24000,24000,4651,584,1.9664212322398409,0.14120315147178408,1.8124500393867493,2.2288500666618347,-0.010816860012710094,-0.04929983243346214,0.036785133102002786,0.15885618329048157,-901.1351327143028,-900.1989460064259,-9.995964572241622,-0.8945319980767863,-1.25495405445497,False
151,1787909194.627176,6854.49996959,15.102056503295898,24000,24000,4551,539,1.9775306136798327,0.1370280599814264,1.8437999844551087,2.224300050735473,-0.005431675352156162,-0.04926922172307968,0.03640425406961288,0.06103429198265076,-906.394579675219,-906.2058690472493,-9.998531447020714,-0.11411858080145976,-0.32111867245691883,False
152,1787909194.727766,6854.59981461,15.202646493911743,24000,24000,4537,523,1.9943173952813813,0.15583427101007438,1.850000023841858,2.3469998836517334,-0.0051918039098382,-0.04823065549135208,0.03606923163820364,0.07016126066446304,-911.8260844457521,-912.2510466630607,-9.989740661785975,0.4894879554930185,0.7268045143501922,False
153,1787909194.8271196,6854.69965699,15.302000045776367,24000,24000,4618,539,1.9960315408865905,0.16113035918658986,1.8488999843597411,2.390800094604492,-0.0019096934702247381,-0.050919026136398315,0.034587876948323784,0.1012248620390892,-918.2019040162673,-918.2611713740918,-9.989306525084789,0.07459690838913957,0.19504456415518234,False
154,1787909194.9256995,6854.79950881,15.400579929351807,24000,24000,4712,585,1.9821196613148746,0.1405790245746201,1.8370000123977661,2.2790000438690177,-0.002274994272738695,-0.0507013238966465,0.03339135053922505,0.1144004762172699,-925.2647253418858,-924.2038741699089,-9.989306525084789,-1.073713775072406,-1.3564546798048696,False
155,1787909195.0260139,6854.89934957,15.50089430809021,24000,24000,4552,593,1.9772074224574971,0.14106763386969445,1.8296000242233277,2.3053999900817868,-0.006047203671187162,-0.049267418682575226,0.03242990329547908,0.10310004651546478,-929.7292167156518,-930.1952755001037,-9.98079583935158,0.4803702348057186,0.4171198825922602,False
156,1787909195.126726,6854.99999435,15.601606369018555,24000,24000,4619,621,1.965769722841788,0.12408694982310994,1.8359999656677246,2.194000005722046,-0.005332098808139563,-0.047209497541189194,0.03140810444367613,0.10430171340703964,-935.8345795719572,-936.1424301974469,-9.970615284166898,0.41744255441938094,0.5679308046810547,False
157,1787909195.2264297,6855.09981807,15.701310157775879,24000,24000,4662,624,1.9647740374008815,0.11677047022450456,1.8381500482559203,2.1910999417304993,-0.004417330026626587,-0.04725794121623039,0.029579705589124115,0.08549738675355911,-941.9541935119205,-942.122813479002,-9.970663106773056,0.27977034821026336,0.5520303977034473,False
158,1787909195.3321729,6855.19965959,15.807053327560425,24000,24000,4790,656,1.970173782691723,0.1333150559058556,1.8367500007152557,2.2507500052452087,-0.007120538968592882,-0.045411963015794754,0.027565358632043322,0.17128990590572357,-948.0292705492589,-948.1298366924353,-9.976224120381042,0.5489806070472696,0.9052602941033001,False
159,1787909195.426495,6855.29949337,15.901375532150269,24000,24000,4624,631,1.9684152130846364,0.1320924588268264,1.8425000309944153,2.2235000133514404,-0.008839797228574753,-0.04754261672496796,0.028040755729595863,0.13154667615890503,-954.3658059727838,-954.1037418739566,-9.990669698562575,-0.12849271775439775,-0.15883428284064394,False
160,1787909195.5256977,6855.39933151,16.00057816505432,24000,24000,4576,655,1.958981678868068,0.11752322907972183,1.8466999888420106,2.200600004196167,-0.014068162068724632,-0.046384457498788834,0.02933682226447832,0.15243932604789734,-961.2476985659109,-960.1043361421519,-9.986733018155773,-1.058511492811931,-1.2454737722295022,False
161,1787909195.6269295,6855.49995065,16.101809978485107,24000,24000,4565,680,1.9559911748942207,0.12301740165430107,1.8379500567913056,2.206150090694427,-0.014248724095523357,-0.04743807017803192,0.03146532929516602,0.15080776810646057,-966.5712656357199,-966.1776607863037,-9.989378025480454,-0.30845972533518307,-0.4767457276833511,False
162,1787909195.7260692,6855.59979349,16.200949668884277,24000,24000,4789,751,1.9623621848229562,0.13256075683029742,1.834500014781952,2.234000086784363,-0.019640138372778893,-0.04565523564815521,0.03265455184167547,0.18933971226215363,-971.507184253176,-972.1240660098581,-9.991807591620125,0.703719105277969,0.49436919284994474,False
163,1787909195.8263812,6855.69964657,16.30126166343689,24000,24000,4608,696,1.9559640793622226,0.12064414371901293,1.843999981880188,2.1992499232292175,-0.019587265327572823,-0.04506539925932884,0.03384957799881926,0.18274830281734467,-978.3995397313754,-978.1088118233636,-9.988528450686351,-0.17020403359560987,-0.3398510846265026,False
164,1787909195.9307873,6855.79948413,16.405667781829834,24000,24000,4259,664,1.965391565697739,0.1359146252401833,1.8381500482559203,2.273200082778931,-0.01920083723962307,-0.042821142822504044,0.035377722062687,0.2017851024866104,-984.8527468682631,-984.078360661883,-10.018944276566026,-0.35934312795200185,-0.4789862977534085,False
165,1787909196.02511,6855.89933125,16.499990463256836,24000,24000,4559,723,1.9637330569337184,0.13454458501369926,1.8282999515533447,2.2562999725341797,-0.018776079639792442,-0.04483349993824959,0.03556841548034159,0.23223832249641418,-989.908038081715,-990.1503036938791,-10.021611716226326,0.24445636618315802,0.3103159741641548,False
166,1787909196.1262164,6855.99995897,16.601096868515015,24000,24000,4707,683,1.969178624942048,0.1411127140544456,1.835100030899048,2.283100080490112,-0.021727649495005608,-0.04440914839506149,0.03597323147054564,0.2502365708351135,-996.2233282115789,-996.1382854157027,-10.013421369004176,-0.004739057532106017,-0.13145292696015076,False
167,1787909196.2261124,6856.09978885,16.700992822647095,24000,24000,4640,645,1.969899226343909,0.14162383786328808,1.8370000123977661,2.248800039291382,-0.022694056853652,-0.049575041979551315,0.03585286012328446,0.24884168803691864,-1002.168585490838,-1002.1161477336656,-9.999069318094561,0.04347476900943548,0.07270830277161622,False
168,1787909196.325822,6856.19963285,16.800702571868896,24000,24000,4456,632,1.971232593248162,0.1594297928271065,1.8320999562740325,2.3400999665260303,-0.023395804688334465,-0.052020177245140076,0.035363273494370004,0.26410043239593506,-1007.7430799510347,-1008.0374728039237,-9.98704839951259,0.451279653362576,0.36225717201887164,False
169,1787909196.425925,6856.29946413,16.900805473327637,24000,24000,4385,607,1.9620428350454893,0.1454104567426076,1.8320000171661377,2.2867999076843253,-0.02459411881864071,-0.04894810542464256,0.033990581195903986,0.2882717251777649,-1014.7371007284513,-1014.0235012298727,-9.9875892366176,-0.5368537714339254,-0.5780105803607967,False
170,1787909196.526009,6856.39931415,17.000889539718628,24000,24000,4335,591,1.9650050754676212,0.15876583607720843,1.82150000333786,2.3324999809265137,-0.025129534304142,-0.047324202954769135,0.03382392720333965,0.3284246325492859,-1019.8735534535858,-1020.0202889098023,-10.008681727030291,0.3314508059380614,0.4533995199478795,False
171,1787909196.6258926,6856.49995377,17.100773096084595,24000,24000,4440,657,1.9512359194196705,0.14312388215405406,1.819800043106079,2.2519999980926495,-0.021120380610227585,-0.04402605816721916,0.033131577579189796,0.34906336665153503,-1025.6901285218928,-1026.048147547927,-10.00139980277739,0.5076030129771425,0.8058556890437103,False
172,1787909196.7313402,6856.59977985,17.206220626831055,24000,24000,4001,669,1.945396110081352,0.13167396397347314,1.8117999792099,2.171999931335449,-0.02415418066084385,-0.03928326070308685,0.03208936466919157,0.2971658706665039,-1033.0075566252751,-1032.1178273342537,-9.990270604993778,-0.48327528968616207,-0.587176943873601,False
173,1787909196.8260155,6856.69962775,17.300895929336548,24000,24000,4211,661,1.9497322242667563,0.14275726374692396,1.8049999475479126,2.2330000400543213,-0.01926288567483425,-0.035238415002822876,0.029656556962124048,0.3115319311618805,-1037.9647490294647,-1038.1010410250237,-9.990270604993778,0.239779268372331,0.2755025891419791,False
174,1787909196.9257023,6856.79947275,17.400582790374756,24000,24000,4189,670,1.9543985101714063,0.14000679030851299,1.812999963760376,2.227099955081939,-0.016923673450946808,-0.03680318593978882,0.0286982444902968,0.3075852692127228,-1044.4063206935677,-1044.0685077265186,-9.981429253724114,-0.22086627663566105,-0.41206056083706244,False
175,1787909197.0250583,6856.89931869,17.49993872642517,24000,24000,4366,743,1.946402424758408,0.1419081223128659,1.7883999943733215,2.158799934387207,-0.014124319888651371,-0.0363578163087368,0.029143193507759336,0.2561884820461273,-1050.3431146555863,-1050.0971206124495,-10.002467116504137,-0.19658867092471155,-0.13617297843393317,False
176,1787909197.1269479,6856.99996399,17.6018283367157,24000,24000,4186,725,1.9528206902536853,0.13559607942563032,1.807200026512146,2.2207999706268304,-0.013423887081444263,-0.03602921590209007,0.027282118373418682,0.3216610848903656,-1056.0875000270587,-1056.0711791437739,-10.017528000579773,0.1721107222788305,0.09110115437397326,False
177,1787909197.2266119,6857.09980059,17.701492309570312,24000,24000,4177,716,1.9591061469562894,0.13896679538189904,1.8140000104904175,2.228999972343445,-0.013731618411839008,-0.0346149317920208,0.027923216987656638,0.22223639488220215,-1062.0385951231465,-1062.0954922360447,-10.016915275755245,0.20056851983144952,0.44969255550722664,False
178,1787909197.326595,6857.19964709,17.801475524902344,24000,24000,4220,726,1.9614572991352763,0.14625455394875744,1.8172500133514404,2.289750039577484,-0.012054041028022766,-0.037346791476011276,0.028102966157480418,0.15271827578544617,-1068.8657920490398,-1068.1125813328174,-10.006629764388029,-0.6279218782151474,-0.8410279077565974,False
179,1787909197.4265935,6857.29948843,17.901473999023438,24000,24000,4296,808,1.9589430714892868,0.12914272054479786,1.8220000267028809,2.1842999935150145,-0.00940552819520235,-0.04156048595905304,0.030394513165226445,0.21806418895721436,-1073.9803104055375,-1074.07243324766,-10.028005582630557,0.25718177677049425,0.049384464807417316,False
180,1787909197.526817,6857.39933709,18.001697540283203,24000,24000,4360,734,1.9547806544589736,0.12944836512031646,1.8243000149726867,2.187150037288666,-0.007435043342411518,-0.03610962629318237,0.030005560811650102,0.17632971704006195,-1079.987078115886,-1080.133375096824,-10.01874150022952,0.2635394615426776,0.46526073679774527,False
181,1787909197.6303608,6857.49997725,18.105241298675537,24000,24000,4320,733,1.9581964560778047,0.12087765390219372,1.8320000171661377,2.157400035858154,-0.0063450997695326805,-0.03855213522911072,0.03102849218761871,0.2072955220937729,-1086.7436656112893,-1086.15587808023,-9.991908744214141,-0.2807191212207272,-0.3701431339129613,False
182,1787909197.7268164,6857.59982025,18.20169687271118,24000,24000,4332,704,1.9622571060264653,0.13131970753258065,1.830150032043457,2.210199916362763,-0.0053843543864786625,-0.03749856352806091,0.032716359261179696,0.15937864780426025,-1091.8283119556668,-1092.0772139685967,-10.004965154948332,0.4216926890464947,0.4081350707006095,False
183,1787909197.8265646,6857.69966823,18.30144500732422,24000,24000,4486,758,1.9639274389888493,0.1343338340188701,1.829850035905838,2.227950072288513,-0.004275992978364229,-0.04076093062758446,0.033232925828792066,0.1349782794713974,-1097.6482311134841,-1098.1003222609836,-10.02825333502721,0.5863758893019622,0.6723996364321465,False
184,1787909197.9260912,6857.79950081,18.40097165107727,24000,24000,4444,748,1.970231283157267,0.13875017302835832,1.840000033378601,2.277149927616119,-0.002100845333188772,-0.042223215103149414,0.0331498789349908,0.1854977160692215,-1104.5886141616577,-1104.0957177809014,-10.036562261125418,-0.38269361795937584,-0.49015526997732195,False
185,1787909198.0254123,6857.89934353,18.500292778015137,24000,24000,4322,681,1.9669515393378976,0.13589485917582642,1.8370000123977661,2.2699999809265137,-0.0035323791671544313,-0.04522879794239998,0.0339370120837792,0.202948197722435,-1110.5589717149842,-1110.1726230402594,-10.050937461458473,-0.3940680506020726,-0.5528175247638956,False
186,1787909198.1269348,6857.99997627,18.601815223693848,24000,24000,4357,712,1.9608272464757555,0.12078490128472362,1.840999960899353,2.183000087738037,-0.00048191595124080777,-0.04983881488442421,0.034504218148209885,0.20038484036922455,-1116.6200614207642,-1116.209657969243,-10.033361227764791,-0.3641018167081711,-0.3831262947292089,False
187,1787909198.2265446,6858.09982131,18.701425075531006,24000,24000,4437,663,1.9711432865122684,0.1301180090308951,1.8391999840736388,2.1977999687194822,-0.003671618178486824,-0.04835091531276703,0.034340661057465444,0.2184586077928543,-1122.2557066316976,-1122.2562426365064,-10.017527478846555,-0.023441240024340004,-0.18307623944770057,False
188,1787909198.3262615,6858.19966427,18.80114197731018,24000,24000,4475,727,1.9679133447689072,0.12241985143369699,1.8326000094413757,2.229300093650817,-0.0066632553935050964,-0.04842308536171913,0.03347740434622331,0.22007080912590027,-1128.2903124507006,-1128.2539608292404,-10.009760065687617,-0.07531858152287896,0.06554917040875807,False
189,1787909198.426589,6858.29950049,18.901469469070435,24000,24000,4347,682,1.9683460395706713,0.12851511546220257,1.828149950504303,2.2226000428199764,-0.0024605151265859604,-0.05296320468187332,0.032397978920200146,0.23332077264785767,-1134.6016911056831,-1134.3506608263397,-10.005769603232594,-0.36733510911130907,-0.35594295603527826,False
190,1787909198.526493,6858.39932899,19.001373529434204,24000,24000,4357,708,1.9612669495202728,0.1268082127508417,1.824699991941452,2.20565003156662,-0.006045334041118622,-0.05433199554681778,0.03142633747774411,0.19508107006549835,-1140.251649763511,-1140.3326646237338,-9.995584473617516,-0.023336310456670617,-0.12634695029510112,False
191,1787909198.6277611,6858.49996553,19.102641582489014,24000,24000,4433,689,1.9586357047838119,0.12216972430247208,1.819000005722046,2.2119998931884766,-0.007592380978167057,-0.04914889112114906,0.03056352090040289,0.21350447833538055,-1145.8232585228857,-1146.2755762580691,-9.993060867584864,0.48084804109112156,0.6162687057305902,False
192,1787909198.7265053,6858.59978743,19.201385736465454,24000,24000,4578,724,1.9574074616748325,0.139121959926426,1.7973000466823579,2.239000082015991,-0.011104707606136799,-0.051193173974752426,0.029266043542793167,0.2186196744441986,-1152.8243925762156,-1152.2866420582868,-10.00138217721243,-0.5959196165581488,-0.7499091244826559,False
193,1787909198.8261187,6858.69961775,19.3009991645813,24000,24000,4435,760,1.950418419743839,0.1339055010775721,1.8069500386714936,2.228249931335449,-0.009696615859866142,-0.05010133981704712,0.028781089496818655,0.19882921874523163,-1159.0533648008088,-1158.229093408838,-9.988548042794353,-0.8483714870567383,-1.071277844532915,False
194,1787909198.9262047,6858.79946721,19.401085138320923,24000,24000,4405,738,1.945700540775206,0.1184338708449063,1.7999999523162842,2.1446000456809995,-0.010887243784964085,-0.04988430067896843,0.028291039652132588,0.22364114224910736,-1164.7360449469604,-1164.1737154282846,-9.974404767495345,-0.5261798952474237,-0.7755060688202775,False
195,1787909199.0256462,6858.89930461,19.500526666641235,24000,24000,4345,701,1.9534693333969988,0.1352117313243607,1.7990000247955322,2.197999954223633,-0.013971913605928421,-0.04828380048274994,0.026880386879700697,0.26208892464637756,-1169.9804249201072,-1170.1392281689034,-9.987950928605569,0.1956469903584548,0.32762188785341095,False
196,1787909199.1263855,6858.99993233,19.601265907287598,24000,24000,4495,756,1.9314576713811784,0.11003746193752208,1.819750040769577,2.120499908924103,-0.009280150756239891,-0.04921983182430267,0.025765121417059608,0.18996787071228027,-1176.4135000244469,-1176.1007041723915,-9.987950928605569,-0.19336223283448817,-0.15929591135545706,False
197,1787909199.2261271,6859.09977347,19.701007604599,24000,24000,4266,726,1.943892562684934,0.1336752022936631,1.811250001192093,2.206499993801117,-0.0126959178596735,-0.048604439944028854,0.025876699514029634,0.22244858741760254,-1181.8749472765887,-1182.0845103324086,-10.005997376160087,0.32940665343721776,0.3447586205300013,False
198,1787909199.3257442,6859.19961615,19.80062460899353,24000,24000,4217,724,1.9420801103115082,0.12637348738378865,1.8174500346183777,2.1338500380516052,-0.015136362984776497,-0.04718180000782013,0.026559941904517582,0.16187892854213715,-1188.2398157682724,-1188.1130700624801,-10.017589605148242,-0.05872691767467586,-0.10958036734746202,False
199,1787909199.4262078,6859.29946021,19.90108823776245,24000,24000,4234,721,1.941209429676093,0.12473756114285789,1.815999984741211,2.1500000953674316,-0.015225847251713276,-0.04926265776157379,0.02696822380213202,0.13543303310871124,-1193.5561473602652,-1194.1308960034742,-10.008989938115429,0.6524714482957279,0.7396046331095931,False
200,1787909199.5258656,6859.39930015,20.00074601173401,24000,24000,4336,762,1.939087928280117,0.12360480067901657,1.820100051164627,2.1662500500679007,-0.015562312677502632,-0.049104753881692886,0.028360457693406168,0.14862097799777985,-1200.0953366748508,-1200.182199681033,-9.9945448266626,0.0924631121231414,-0.0006586111278465978,False
201,1787909199.6263785,6859.49995367,20.101258993148804,24000,24000,4249,729,1.9462126210556763,0.12586077354552377,1.820400023460388,2.199799966812134,-0.018171003088355064,-0.04507093131542206,0.029480037679313557,0.2299308329820633,-1206.5028132194502,-1206.2136680969102,-9.97380085126269,-0.2845224571265135,-0.4103216771411553,False
202,1787909199.7258155,6859.59978467,20.200695991516113,24000,24000,4153,737,1.9488086855718854,0.1436202187965921,1.817799973487854,2.236400032043457,-0.01659555919468403,-0.045142099261283875,0.030678127687785862,0.2959482669830322,-1212.4262081042755,-1212.1794849815783,-9.955269548842228,-0.24198226740350037,-0.2655787761609645,False
203,1787909199.8264704,6859.69962717,20.301350831985474,24000,24000,4284,742,1.948102425050864,0.13172984084598152,1.8110499918460845,2.2269500017166135,-0.014165050350129604,-0.04769604280591011,0.03333270982588117,0.22409507632255554,-1218.533767680754,-1218.1336316960696,-9.974000495414279,-0.310539731599647,-0.2957886439767208,False
204,1787909199.9257503,6859.79945905,20.400630712509155,24000,24000,4335,734,1.9507970036862656,0.13954963239947957,1.8170000314712524,2.21639997959137,-0.015827396884560585,-0.04602505639195442,0.03472151187229326,0.23615333437919617,-1224.0245476272403,-1224.1621060784637,-9.974000495414279,0.1551887758932935,0.17600378234283198,False
205,1787909200.0253856,6859.89930091,20.500266075134277,24000,24000,4501,742,1.953227763870013,0.14123538328670956,1.816049987077713,2.1967500209808346,-0.017201023176312447,-0.04829889535903931,0.03526767597181436,0.3363076150417328,-1230.5436529224644,-1230.1790282617696,-9.982563428260358,-0.3860801575087862,-0.909140765202892,False
206,1787909200.1266837,6859.99993517,20.601564168930054,24000,24000,4393,676,1.9533313620372637,0.1475854289248209,1.8024999797344208,2.2332500219345093,-0.016934623941779137,-0.04173288494348526,0.03775729063839319,0.3120803236961365,-1236.8418339300993,-1236.1328197492699,-9.979906018959586,-0.6066656958121257,-0.977088860439153,False
207,1787909200.2265217,6860.09977265,20.701402187347412,24000,24000,4472,633,1.949447078727433,0.13939020727114337,1.7955999851226807,2.179199981689453,-0.01302735973149538,-0.04447513073682785,0.03783675051958611,0.2278275042772293,-1242.9631358331735,-1242.1233664131942,-9.96349705475286,-0.7379724700176666,-0.7057238012093876,False
208,1787909200.3257787,6860.19960183,20.8006591796875,24000,24000,4483,574,1.9622195132518063,0.1423591169587751,1.8146000027656555,2.297399985790253,-0.01315797958523035,-0.04193729907274246,0.038450567064348254,0.20188941061496735,-1248.0885574570389,-1248.0579419641085,-9.964334279679731,0.0917411346413246,0.039079832386505586,False
209,1787909200.4279995,6860.29944117,20.9028799533844,24000,24000,4686,582,1.9709639151891072,0.15387365694386748,1.8012499988079071,2.263849937915802,-0.009060419164597988,-0.04215138405561447,0.03786820692544469,0.12799669802188873,-1254.099549073947,-1254.0423100383741,-9.968616188613145,0.21370313820648335,0.5249079210952914,False
210,1787909200.525232,6860.39928969,21.000112533569336,24000,24000,4602,561,1.9591212143022534,0.1324672087229539,1.815999984741211,2.2039999961853027,-0.002130746841430664,-0.04965914040803909,0.036625945707025445,0.07777237892150879,-1259.8055208682267,-1259.9689681343896,-9.977299513799219,0.3414076418712284,0.26422014292984386,False
211,1787909200.6263306,6860.49994067,21.101211071014404,24000,24000,4522,507,1.9694260330595208,0.13281923186825054,1.8297000050544738,2.2376999378204347,-0.007967126555740833,-0.05129745230078697,0.03707475673260986,0.11907355487346649,-1265.4548613289849,-1265.9707283091632,-9.959741704146484,0.7576898410118247,0.7984369116095422,False
212,1787909200.7261724,6860.59977243,21.20105290412903,24000,24000,4582,541,1.9856543410948155,0.1510305736153438,1.840999960899353,2.2790000438690186,-0.005071653053164482,-0.04871629178524017,0.036168659207415604,0.09335552155971527,-1271.4136853470918,-1271.9664106888954,-9.959695919404732,0.7890898226826266,0.9791877317077251,False
213,1787909200.8261828,6860.69961363,21.301063299179077,24000,24000,4718,587,1.9827751282735822,0.14950386462027873,1.8350000381469727,2.311700057983398,-0.0035957437939941883,-0.05082686245441437,0.034481998685909315,0.1517237424850464,-1278.449767675895,-1277.9397512538567,-9.963635671657833,-0.2466552730463718,-0.11905707813593835,False
214,1787909200.926111,6860.79946771,21.400991439819336,24000,24000,4642,576,1.9801163226366043,0.14927134175347537,1.8240000009536743,2.3342500925064087,-0.0062026046216487885,-0.05081775784492493,0.03348582260129252,0.13672220706939697,-1283.9739781784424,-1283.9049391377428,-9.960252962484939,0.22453642850268807,0.1350689170608348,False
215,1787909201.0255203,6860.89929497,21.50040078163147,24000,24000,4561,570,1.9718052636113084,0.13907348344512846,1.8238999962806701,2.2480500578880305,-0.00442297151312232,-0.047755781561136246,0.032080343413583304,0.13632433116436005,-1290.0643170555406,-1289.8728539787041,-9.983510865202296,0.09847331186142583,0.30331252537803266,False
216,1787909201.13323,6860.99993223,21.608110427856445,24000,24000,4597,611,1.968090018547108,0.14040116720108475,1.8294999599456787,2.2505000829696655,-0.005255922209471464,-0.048156753182411194,0.03108508909013014,0.14027966558933258,-1296.2698141201552,-1295.836186664022,-10.01587070803261,0.35524649706985656,0.4149656383949605,False
217,1787909201.2292545,6861.09977375,21.704134941101074,24000,24000,4541,652,1.965707053984601,0.11909268204405742,1.8309999704360962,2.2324999213218684,-0.007368054706603289,-0.04985010251402855,0.029321522212599992,0.13154403865337372,-1302.2523414188267,-1301.868360961769,-10.049258373596553,0.13391494031316142,0.14938741989885784,False
218,1787909201.3259866,6861.19960615,21.800867080688477,24000,24000,4786,634,1.964246054553083,0.13781377716119095,1.8302999794483186,2.2443499326705934,-0.007422465831041336,-0.048216983675956726,0.028142989342677845,0.14480039477348328,-1308.590016498453,-1307.9451629368643,-10.063566731615154,-0.40010884375760725,-0.1888484115600022,False
219,1787909201.4256113,6861.29944811,21.90049171447754,24000,24000,4591,631,1.966234545889067,0.13468252430373884,1.8399999737739563,2.2589999437332153,-0.010270473547279835,-0.04747576639056206,0.027668510783374775,0.14207208156585693,-1314.3286883681496,-1313.9781569889465,-10.063566731615154,-0.16158805106420004,0.0327672367334344,False
220,1787909201.525207,6861.39929337,22.00008749961853,24000,24000,4575,648,1.9568086421048199,0.12159794987901579,1.8403500080108643,2.1725499629974365,-0.013939005322754383,-0.047701288014650345,0.02965891219882571,0.17019696533679962,-1320.3564653842184,-1320.0551828782172,-10.077463362136296,-0.21390324099297686,-0.23496506936430706,False
221,1787909201.62632,6861.49993387,22.101200342178345,24000,24000,4730,671,1.9539612519225846,0.12817904302874628,1.8360000252723694,2.183500051498413,-0.017762932926416397,-0.04437851160764694,0.030949601123378048,0.18857839703559875,-1325.5325749889146,-1326.073516348227,-10.072042445122039,0.6764680801186387,0.9601064390328702,False
222,1787909201.726094,6861.59978835,22.200974464416504,24000,24000,4756,751,1.951094539124226,0.1258878156043141,1.828000009059906,2.184000015258789,-0.010874209925532341,-0.04603847488760948,0.03243217650921439,0.2554537355899811,-1331.8064068908045,-1332.1170588977625,-10.071709158191625,0.388797719369677,0.3204836387603791,False
223,1787909201.825771,6861.69962439,22.30065155029297,24000,24000,4541,696,1.953397987731572,0.12779544513352736,1.8277499675750732,2.193750023841858,-0.01660965569317341,-0.04688575863838196,0.03462603001368954,0.22799494862556458,-1338.0489320583172,-1338.1836260096884,-10.048818233906902,0.126612189247453,0.20134107665376177,False
224,1787909201.9264152,6861.79946681,22.40129566192627,24000,24000,4526,732,1.9539726814611362,0.12721273129412322,1.820550012588501,2.204500043392181,-0.018717635422945023,-0.046161454170942307,0.03503943973720509,0.22747254371643066,-1344.4588213245345,-1344.300089497269,-9.989395398858733,-0.24491866411926821,-0.3184348449474328,False
225,1787909202.025076,6861.89930015,22.499956369400024,24000,24000,4576,698,1.958839541349165,0.13550943248631206,1.8240000009536743,2.2318999528884884,-0.022883115336298943,-0.04230261966586113,0.03570941192884195,0.2711069583892822,-1350.000696561881,-1350.3159506951715,-9.989395398858733,0.13256594307790692,0.078548715021725,False
226,1787909202.1267536,6861.99992175,22.60163402557373,24000,24000,4805,717,1.9677461650082257,0.14358584926385817,1.8339999914169312,2.2217999458312985,-0.02389957755804062,-0.04293649643659592,0.035944649787176326,0.2493264377117157,-1356.74048803908,-1356.2314663408463,-9.966793763682514,-0.5068574093327243,-0.6652003134197457,False
227,1787909202.2258213,6862.09976767,22.70070171356201,24000,24000,4523,654,1.9642966333150134,0.145046318640382,1.8336499750614166,2.2631500124931336,-0.02270900085568428,-0.05000648647546768,0.036147783226840716,0.24484579265117645,-1362.5717263000922,-1362.228347272909,-9.966405755672676,-0.3943181606853159,-0.4906592984486906,False
228,1787909202.3257422,6862.19961835,22.800622701644897,24000,24000,4437,606,1.9640000004186096,0.1549217969181798,1.8255000412464142,2.2507500648498535,-0.024563301354646683,-0.049429647624492645,0.03467669788456202,0.273835688829422,-1368.6458996140718,-1368.1581915151614,-9.948238643843764,-0.47351840352303043,-0.5464263888993628,False
229,1787909202.4258928,6862.29945893,22.900773286819458,24000,24000,4392,597,1.9537688463776555,0.13684635169362197,1.8175999641418457,2.1964000701904296,-0.022899912670254707,-0.047543276101350784,0.035388991712382224,0.32709845900535583,-1374.8332823106766,-1374.185786833646,-9.967484155193215,-0.6521528611438043,-0.791010441318349,False
230,1787909202.5285337,6862.39930549,23.003414154052734,24000,24000,4386,619,1.951977381220927,0.14454817580364615,1.8228999614715575,2.2508000612258914,-0.027324484661221504,-0.049085523933172226,0.03359173787691165,0.2881053388118744,-1380.4131369180059,-1380.1460875449902,-9.962577051799348,-0.0738494391337099,-0.16614626087539364,False
231,1787909202.627524,6862.49994201,23.102404356002808,24000,24000,4265,652,1.9417684041649286,0.13064641170656557,1.8170000314712524,2.2139999866485596,-0.02335183322429657,-0.044234972447156906,0.0328940564692826,0.3051973581314087,-1387.0687283939776,-1386.117706659727,-9.94667020022839,-0.7903123457870151,-0.9904711051085542,False
232,1787909202.726869,6862.59977719,23.201749563217163,24000,24000,4272,659,1.9434233694047596,0.129553609689209,1.8089000105857849,2.1933000802993776,-0.021888069808483124,-0.036796942353248596,0.03155682605480934,0.28422561287879944,-1392.2801510704176,-1392.0226501605312,-9.928994530443997,-0.041307153929437845,-0.15335721193650897,False
233,1787909202.826654,6862.69961211,23.301534414291382,24000,24000,4212,696,1.9497830484105252,0.13496597065971316,1.809000015258789,2.2177499532699585,-0.018678506836295128,-0.036661598831415176,0.030197684637040832,0.31165826320648193,-1397.28237568683,-1397.8538092848719,-9.924507626544399,0.9432734702311336,1.131416441227202,False
234,1787909202.925888,6862.79944827,23.400768518447876,24000,24000,4313,691,1.9501649765823408,0.13924226375889984,1.800499975681305,2.228000044822693,-0.015639469027519226,-0.03666593134403229,0.03005213721712504,0.259221613407135,-1402.9123524681843,-1403.794913788679,-9.966153669833522,1.2670586919464313,1.417604992266888,False
235,1787909203.0254083,6862.89928837,23.500288724899292,24000,24000,4383,723,1.9501673581689225,0.15411656689832312,1.8020000457763672,2.2386000633239744,-0.012356637977063656,-0.035290323197841644,0.027666958459540925,0.3105847239494324,-1409.2932599621035,-1409.7590391385675,-9.971032372576923,0.8570785192803214,0.9111117353288591,False
236,1787909203.1277766,6862.99991909,23.602657079696655,24000,24000,4164,706,1.9429872495256808,0.12602440842467044,1.8070000410079956,2.1554999947547913,-0.014563247561454773,-0.0350143238902092,0.027629835784213592,0.27589598298072815,-1416.564872972454,-1415.6991806615906,-10.013055414808315,-0.27272642730031293,-0.11023257785518581,False
237,1787909203.2267091,6863.09976095,23.701589584350586,24000,24000,4213,742,1.9552681956972395,0.14229808366874971,1.8110499918460845,2.230599951744079,-0.01541895978152752,-0.036530084908008575,0.028039440966316175,0.16377116739749908,-1421.5787643070123,-1421.7323915837362,-10.028840609403899,0.6490491349591139,0.7885694194767439,False
238,1787909203.3261774,6863.19959859,23.801057815551758,24000,24000,4228,755,1.955060928704723,0.1308170574584899,1.8140000104904175,2.156500005722046,-0.013366969302296638,-0.03857509419322014,0.028804090639258373,0.16664369404315948,-1428.4486104359357,-1427.7851418339862,-10.046965818416648,-0.2529880388476613,0.13602153212605117,False
239,1787909203.4260347,6863.29944961,23.900915145874023,24000,24000,4435,818,1.9600721269773096,0.14299674497158288,1.8126999676227569,2.2575000405311583,-0.011434291489422321,-0.03471282124519348,0.02909687407638917,0.1601494699716568,-1433.455716979746,-1433.8421242875554,-10.065993681629115,0.7310592051881031,0.9810011616650627,False
240,1787909203.527446,6863.39928265,24.002326488494873,24000,24000,4277,736,1.9575774457467638,0.13585102715799652,1.8229999542236328,2.2327500581741333,-0.008344070985913277,-0.036401111632585526,0.030182533671984972,0.15537843108177185,-1440.1125014483773,-1439.9840296254552,-10.045222022312482,0.15866481100260899,-0.3733868623814942,False
241,1787909203.6269422,6863.49992779,24.1018226146698,24000,24000,4325,725,1.9536427543903219,0.13034312748960036,1.8220000267028809,2.130600023269653,-0.005456169601529837,-0.03828797861933708,0.031416972431145475,0.1576947420835495,-1446.085078933966,-1446.0995329581353,-10.036255004371126,0.1555698990532619,-0.15972408058814835,False
242,1787909203.7274487,6863.59975549,24.20232915878296,24000,24000,4312,720,1.9524861133760876,0.1253157022935394,1.8239499986171723,2.1503500938415523,-0.0036468079779297113,-0.040481846779584885,0.032786411102490864,0.17110803723335266,-1452.0943498735683,-1452.2517833856052,-10.065130646963398,0.17640371514175968,-0.04599076275439984,False
243,1787909203.8269675,6863.69959075,24.3018479347229,24000,24000,4485,751,1.9681771001549122,0.14017803140592006,1.8309999704360962,2.291000008583069,-0.007240219973027706,-0.042810339480638504,0.033270450690191494,0.17183417081832886,-1459.469493719085,-1458.2944457311742,-10.065801203945975,-1.2278986357127906,-1.403484630845469,False
244,1787909203.92628,6863.79943083,24.40116047859192,24000,24000,4387,697,1.9592223824182233,0.12417459906390374,1.8370000123977661,2.2252000331878654,-0.005004566628485918,-0.04193183407187462,0.03355901050146736,0.15656901895999908,-1464.422658635467,-1464.340337382925,-10.041138132505187,-0.22259539095648506,-0.15209123915042255,False
245,1787909204.0257347,6863.89965961,24.500615119934082,24000,24000,4310,696,1.95769540297574,0.12306491877318627,1.8297500312328339,2.183250069618225,-0.0031873066909611225,-0.04727190360426903,0.034184880560667145,0.1749807894229889,-1470.6852085337498,-1470.3068093673276,-10.009328004454385,-0.5181516867362461,-0.583890419257159,False
246,1787909204.1266336,6863.99948397,24.601514101028442,24000,24000,4345,687,1.9587467232125295,0.11631627380462138,1.8370000123977661,2.1564000368118283,-0.0005889841122552752,-0.0458914153277874,0.03424399759891045,0.22951242327690125,-1476.7872769276696,-1476.230311131525,-10.005442578158641,-0.566570230190564,-0.5114739532309613,False
247,1787909204.2259595,6864.09932679,24.70083999633789,24000,24000,4494,710,1.9678098606391692,0.12717527288429475,1.8350000381469727,2.1945499658584593,-0.0013257298851385713,-0.047947123646736145,0.03399591538490431,0.25098684430122375,-1482.4642420556859,-1482.2876681787004,-10.01436247233761,-0.2842661488864451,-0.5626051551498676,False
248,1787909204.3274462,6864.19995985,24.802326679229736,24000,24000,4332,694,1.957076366937126,0.11125367705552444,1.8379499793052674,2.163850057125092,-0.004314649384468794,-0.0517599955201149,0.03361454318024283,0.25731751322746277,-1488.2621995986478,-1488.2263529605668,-10.00319709420453,0.006686583052442074,-0.097193475052336,False
249,1787909204.426493,6864.29978749,24.901373386383057,24000,24000,4365,720,1.967736112078031,0.13688871548088863,1.8258999764919281,2.2520500898361204,-0.00455161277204752,-0.05493982136249542,0.032111732985255145,0.19091974198818207,-1494.5165044852988,-1494.2646100713796,-9.974631035107182,-0.3050995839389543,-0.2950800647986398,False
250,1787909204.5267227,6864.39963097,25.00160312652588,24000,24000,4342,692,1.965231218951286,0.1228500241118954,1.8162999868392944,2.205250012874603,-0.006332110147923231,-0.051286183297634125,0.03159552241937294,0.21824674308300018,-1499.719330768107,-1500.2028335795767,-9.974631035107182,0.5055714436009566,0.5912853072586586,False
251,1787909204.62644,6864.49946665,25.101320505142212,24000,24000,4467,686,1.9544475219340087,0.12734261545276704,1.8175000250339508,2.1839999556541443,-0.010849072597920895,-0.04987981542944908,0.030757873940243312,0.2715415954589844,-1505.6237742600356,-1506.1143126083584,-9.975101870228086,0.5838850380403073,0.7250203084613531,False
252,1787909204.7253528,6864.59929727,25.200233221054077,24000,24000,4567,771,1.9510466927220385,0.12461956895821777,1.8054999709129333,2.1675000190734863,-0.007112637162208557,-0.04930472373962402,0.029872815514292817,0.22395457327365875,-1511.8643300666797,-1512.0603089098943,-9.964088718310103,0.2778088603731703,0.4463346153991097,False
253,1787909204.826687,6864.69993533,25.301567554473877,24000,24000,4414,722,1.951828253731503,0.1291957874603027,1.8090500116348267,2.19494993686676,-0.010382894426584244,-0.051084842532873154,0.027935055334666878,0.22539637982845306,-1519.0124190006686,-1518.0111040719112,-9.951444278025685,-0.7905103306475212,-0.8637998027454614,False
254,1787909204.926328,6864.79977709,25.40120840072632,24000,24000,4411,698,1.9523452706528257,0.13027250692444875,1.8009999990463257,2.181650054454803,-0.009908508509397507,-0.048424478620290756,0.027786146094027457,0.24839745461940765,-1523.982607262603,-1524.0297977479281,-9.984607446090182,0.2174667711717575,0.34197356525191935,False
255,1787909205.0265198,6864.89961739,25.501400232315063,24000,24000,4427,723,1.9446237893520055,0.1278229481324538,1.8100999474525452,2.1868000268936156,-0.010431299917399883,-0.049958404153585434,0.027238765985692165,0.21396543085575104,-1530.1585489983518,-1529.9807015593378,-10.013020386288341,0.052747941112102126,0.0733865699078251,False
256,1787909205.1267607,6864.99946089,25.601641178131104,24000,24000,4469,776,1.9422409817115547,0.12425775340764082,1.8065000176429749,2.1712499856948853,-0.016541309654712677,-0.04876827821135521,0.025999740789830746,0.22827176749706268,-1536.7024293121683,-1536.0156592672151,-10.02746739647961,-0.47696275406087807,-0.570974595724465,False
257,1787909205.225464,6865.09930471,25.700344562530518,24000,24000,4270,699,1.9459899868576311,0.13604827329085212,1.8147000551223755,2.2038000583648683,-0.01303794514387846,-0.045970119535923004,0.025915776652218333,0.22675126791000366,-1542.0061724014822,-1542.054513579931,-10.02746739647961,0.14121449446474799,0.31545781810518747,False
258,1787909205.3299625,6865.19994579,25.804842948913574,24000,24000,4168,712,1.936980335899953,0.11960999208933026,1.8155500173568726,2.1322500586509703,-0.012705723755061626,-0.048088427633047104,0.026731573377379723,0.15736690163612366,-1548.5692721215873,-1548.1329936459347,-10.036847344618387,-0.1522813679951014,-0.07747702890833352,False
259,1787909205.4262369,6865.29978447,25.9011173248291,24000,24000,4272,770,1.939432467887928,0.12859342763987672,1.8179999589920044,2.1689999103546143,-0.013794445432722569,-0.050843723118305206,0.027227864093137294,0.17235077917575836,-1553.9061279353357,-1554.2067355346521,-10.036847344618387,0.28704960471850427,0.37266090568505206,False
260,1787909205.526782,6865.39962153,26.001662492752075,24000,24000,4344,758,1.9437269110792859,0.13552717913240456,1.812999963760376,2.193450081348419,-0.015066959895193577,-0.04875026270747185,0.028020294122581488,0.15856023132801056,-1559.9658313990415,-1560.3113782535308,-10.021631123837837,0.2597682146581519,0.5676210463095686,False
261,1787909205.626428,6865.49946945,26.101308345794678,24000,24000,4207,741,1.940178136754776,0.1302195976273099,1.812999963760376,2.1600000858306885,-0.016126923263072968,-0.04700126498937607,0.029472144752460155,0.2403329610824585,-1566.7742692836653,-1566.3110800368306,-9.99647513356323,-0.5702039131435868,-0.7020965436977349,False
262,1787909205.726431,6865.59933137,26.201311349868774,24000,24000,4280,772,1.9527253896152417,0.1442847833713387,1.812999963760376,2.254199993610381,-0.013660290278494358,-0.047947898507118225,0.031347811529974456,0.22097107768058777,-1572.2434664755003,-1572.2447355987395,-9.955321632187957,-0.03950730929091151,-0.2515322180495332,False
263,1787909205.8265414,6865.69996497,26.301421880722046,24000,24000,4283,726,1.9418168066290127,0.13047013753783135,1.8142500221729279,2.1422499418258667,-0.016616806387901306,-0.04547647759318352,0.03321397874037769,0.20983664691448212,-1577.9514852004588,-1578.177151131171,-9.955321632187957,0.2588190601891256,-0.019179488864892846,False
264,1787909205.9261217,6865.79981031,26.401002168655396,24000,24000,4427,745,1.9539140944512898,0.14239272728565316,1.815000057220459,2.215600061416626,-0.014630516059696674,-0.04339522868394852,0.03394632189349625,0.28991198539733887,-1584.5700486238293,-1584.165502159142,-9.969167500919646,-0.3852123251097055,-0.5630517210586277,False
265,1787909206.0264676,6865.89964617,26.50134801864624,24000,24000,4385,682,1.9592565986767543,0.15504283070123986,1.8070000410079956,2.291650056838989,-0.01662447676062584,-0.04213684797286987,0.03583195313141788,0.29697805643081665,-1590.9835727483962,-1590.1066498272928,-9.978004792709203,-0.7782728810323079,-1.0005139710713138,False
266,1787909206.1264977,6865.99949565,26.601378202438354,24000,24000,4393,663,1.9529834099304981,0.14706620834195058,1.7955999612808227,2.2049000263214107,-0.01598316617310047,-0.04652300477027893,0.03772129271349187,0.22456391155719757,-1596.3724968615406,-1596.0558776910757,-9.98037589150325,-0.16567249326158162,0.015146298262834534,False
267,1787909206.2258525,6866.09934267,26.700732946395874,24000,24000,4466,610,1.9482295083217933,0.12082337692788393,1.8024500131607055,2.139550030231476,-0.016000831499695778,-0.04467862471938133,0.03746387335310814,0.23994699120521545,-1602.7406031256344,-1602.0693880745052,-9.985423597966019,-0.5727787117848493,-0.6364029033493352,False
268,1787909206.3271277,6866.19997005,26.802008152008057,24000,24000,4642,622,1.9506848862700141,0.13386128964625985,1.7811500191688538,2.1929500699043274,-0.015248543582856655,-0.04280296340584755,0.038210977813122285,0.20928789675235748,-1608.0748562354147,-1607.9879967558475,-10.00426080559311,0.16919042231165804,0.6116477627883796,False
269,1787909206.4262753,6866.29982463,26.901155710220337,24000,24000,4634,591,1.955910322428153,0.14469778542524683,1.7914999723434448,2.2174999713897705,-0.008372567594051361,-0.04640287533402443,0.037645030384785484,0.09937681257724762,-1613.813641177512,-1613.995063594763,-10.007615498052218,0.3789749745337758,0.4032924588566402,False
270,1787909206.527202,6866.39967059,27.002082347869873,24000,24000,4518,537,1.9566405969403087,0.1427624060575304,1.8157999992370606,2.2013999938964846,-0.007382742594927549,-0.04578689858317375,0.037904075234909226,0.11846417933702469,-1619.3932196179578,-1620.0063597620865,-9.999186136251547,0.8547056986444659,0.8102715133672973,False
271,1787909206.626608,6866.49951341,27.1014883518219,24000,24000,4543,532,1.9788157888373037,0.1522721409898531,1.8355499982833863,2.2623499274253844,-0.005327202379703522,-0.04766642302274704,0.03601271227171499,0.11191867291927338,-1625.6694206593152,-1625.9700476226603,-9.982754054361502,0.5425801556987153,0.5534827532774216,False
272,1787909206.7263923,6866.59935813,27.20127272605896,24000,24000,4587,562,1.9879448413848877,0.1588993546914588,1.8290999948978424,2.3518499255180343,-0.003738024039193988,-0.04986602067947388,0.03582661162755348,0.1699836552143097,-1632.065296490988,-1631.9853281075307,-9.98598060335752,0.13348095573519458,0.05999089671263391,False
273,1787909206.826891,6866.69999557,27.30177140235901,24000,24000,4626,579,1.9871502616450782,0.1606083584512101,1.8220000267028809,2.313699960708618,-0.0028877200093120337,-0.05249320715665817,0.035266110684958545,0.1666366308927536,-1638.0029452142612,-1637.9829956087156,-9.98485710012497,0.2254649419026009,0.4139740943196557,False
274,1787909206.9266696,6866.79983613,27.40155005455017,24000,24000,4570,585,1.9819196595085993,0.15159660010592754,1.8324000120162964,2.31840009689331,-0.004731878638267517,-0.048387449234724045,0.0336644811332743,0.1327349990606308,-1644.483895319336,-1643.9490847964378,-10.009778889067126,-0.26905183782650965,-0.2393141404202197,False
275,1787909207.025901,6866.89967937,27.500781536102295,24000,24000,4594,589,1.9728013611001758,0.14350736738993955,1.8354000091552733,2.26060004234314,-0.006516821216791868,-0.04938419163227081,0.031955392755686304,0.15226353704929352,-1650.3258717926735,-1649.9870761644092,-10.009778889067126,-0.15742365684445758,-0.27847490188992197,False
276,1787909207.126123,6866.99950137,27.601003408432007,24000,24000,4625,623,1.9640850762494304,0.12654953781958203,1.826099979877472,2.222800040245056,-0.005416532978415489,-0.04867738485336304,0.03122180104503237,0.185750350356102,-1656.3755688189192,-1656.1046382029135,-10.031759478896404,-0.19409541899199212,-0.1487902204596594,False
277,1787909207.225451,6867.09933509,27.700331449508667,24000,24000,4774,667,1.9679820103266428,0.13069542334293208,1.8315999627113342,2.2385999679565423,-0.0016001142794266343,-0.04660322889685631,0.02952674997570035,0.17317146062850952,-1662.1395933901297,-1662.154458809877,-10.025707102252696,0.0012779590042555355,0.046539287286577746,False
278,1787909207.3261437,6867.19997031,27.801024198532104,24000,24000,4602,606,1.9679092410767431,0.13896642413044688,1.8372500240802765,2.2452500462532043,-0.009357200935482979,-0.04853402450680733,0.02793794373492439,0.1680174022912979,-1668.9716006073686,-1668.2337465590113,-10.042560680885877,-0.789452741292962,-1.0108174689848965,False
279,1787909207.4262462,6867.29980459,27.901126623153687,24000,24000,4591,620,1.9556774202854403,0.11851813494113626,1.8329999446868896,2.1822999238967893,-0.010494919493794441,-0.04864002764225006,0.02787123117015865,0.19013987481594086,-1674.583047120067,-1674.280500625252,-10.043825258604729,-0.39504051023482134,-0.5161645350337949,False
280,1787909207.5377903,6867.39965109,28.012670755386353,24000,24000,4144,589,1.9570305632816307,0.12892809863322535,1.8323999881744384,2.2102000236511232,-0.010505556128919125,-0.049372680485248566,0.029116457010378387,0.21867623925209045,-1679.828425063907,-1680.2847994518654,-10.025377588462062,1.0519099727021057,1.2168109260408073,False
281,1787909207.627452,6867.49949115,28.10233235359192,24000,24000,4709,731,1.9538727773687257,0.11534492245606591,1.8414999842643738,2.181999921798706,-0.01796630211174488,-0.04333414509892464,0.03088182977634383,0.19515642523765564,-1686.3018079819828,-1686.2488277562402,-10.017761418127265,-0.04203387985921836,-0.012261126754538054,False
282,1787909207.7265482,6867.59931309,28.201428651809692,24000,24000,4760,701,1.9479129800782904,0.11140323925895491,1.8320000171661377,2.1530001163482666,-0.013076888397336006,-0.046035390347242355,0.03311503208520042,0.24906203150749207,-1692.516766083454,-1692.2374983147806,-10.010990711613024,-0.3114979398524156,-0.6398270623658391,False
283,1787909207.8271832,6867.69995663,28.302063703536987,24000,24000,4570,730,1.9557342486838771,0.12814195027304812,1.8300000429153442,2.2201000213623048,-0.016471505165100098,-0.04764771834015846,0.03432252697260571,0.2430609166622162,-1698.4516138583197,-1698.2870197067862,-9.978029636386921,-0.20853087027649053,-0.25128980064300777,False
284,1787909207.9262018,6867.79981191,28.401082277297974,24000,24000,4557,749,1.9620347137603964,0.13773356636059433,1.8263999938964843,2.2389999866485595,-0.018507029861211777,-0.0443318709731102,0.03474708134386471,0.263231098651886,-1704.6436425373058,-1704.2932973299132,-9.978029636386921,-0.459728752557794,-0.6605705020931509,False
285,1787909208.026219,6867.89966377,28.501099348068237,24000,24000,4699,725,1.9635351728570873,0.14269893177468546,1.8359999656677246,2.257599925994873,-0.021444877609610558,-0.04350755736231804,0.03601814889390824,0.28469914197921753,-1710.3523198159628,-1710.2424544502028,-9.963872163510219,-0.16766827404967444,-0.48955449895493075,False
286,1787909208.1265688,6867.99951209,28.601449251174927,24000,24000,4640,728,1.9648667596853697,0.14380487989598564,1.8329999446868896,2.2394499540328976,-0.021457910537719727,-0.046959128230810165,0.036864288982535576,0.21668265759944916,-1715.8065456533498,-1716.217726357231,-9.956162827124658,0.39881263254869737,0.4681087634612595,False
287,1787909208.2260845,6868.09934411,28.70096492767334,24000,24000,4495,624,1.9612403846321962,0.14591288776499325,1.8221500158309936,2.2590999841690067,-0.02524721622467041,-0.049248844385147095,0.03509028196490536,0.2613864541053772,-1722.2299067775716,-1722.1909506110787,-9.9486012960311,-0.05389295462464361,0.008456876210175324,False
288,1787909208.3268597,6868.19998595,28.801740169525146,24000,24000,4441,591,1.9612453455852372,0.14271526386318945,1.8224999904632568,2.2580000162124634,-0.024226810783147812,-0.04704666882753372,0.03515251052755602,0.3028411269187927,-1728.387824027173,-1728.0924340133397,-9.95605017677453,-0.16558435387491954,-0.028247439075130387,False
289,1787909208.427178,6868.29980931,28.902058362960815,24000,24000,4469,590,1.9640796602782558,0.16435407093737048,1.8234499752521516,2.360700023174285,-0.024906711652874947,-0.04876553639769554,0.034845274184865355,0.28443238139152527,-1734.3298191317658,-1734.0361884709887,-9.956577242727807,-0.08877520391433791,0.06737786201597373,False
290,1787909208.5260415,6868.39965085,29.000921964645386,24000,24000,4490,631,1.9488795570639537,0.1404549914438118,1.8234999775886536,2.257499933242798,-0.023255860432982445,-0.04688386991620064,0.03349960653870592,0.25222641229629517,-1740.642909331764,-1740.021048568275,-9.972845128579428,-0.4703324878903459,-0.8345807998325654,False
291,1787909208.6267345,6868.49950535,29.101614952087402,24000,24000,4250,611,1.9496693954530206,0.1443542497553498,1.815000057220459,2.2239999771118164,-0.02270774357020855,-0.04152969643473625,0.03318819265049234,0.2700965106487274,-1746.6433104290084,-1745.9742860231804,-9.951439990066348,-0.429442763761017,-0.4977006526596597,False
292,1787909208.7258582,6868.59935375,29.200738668441772,24000,24000,4259,676,1.95841863874853,0.15316443368438062,1.8145000338554382,2.2507500648498535,-0.019381413236260414,-0.04008953273296356,0.031168857159669543,0.3015384078025818,-1752.2758553752524,-1751.8656204182003,-9.946303177280969,-0.1148486588679134,-0.12452406543957295,False
293,1787909208.8268251,6868.69999263,29.301705598831177,24000,24000,4259,677,1.9495834577030762,0.14004510662744613,1.8200000524520874,2.19200005531311,-0.018901076167821884,-0.039280716329813004,0.031248185910641463,0.25816506147384644,-1757.362331196277,-1757.8344749042744,-10.001866048401794,0.8564021336417227,1.4361668870888025,False
294,1787909208.9265003,6868.79984343,29.40138077735901,24000,24000,4425,748,1.9484237959996902,0.1482437589565321,1.8013500154018403,2.2345499992370605,-0.017550554126501083,-0.03423430025577545,0.028781238822320865,0.30567044019699097,-1763.2946039946846,-1763.8745652452474,-10.021573239171042,0.904354537170093,0.7730898663830885,False
295,1787909209.0261002,6868.89968517,29.500980615615845,24000,24000,4196,697,1.9478163565248465,0.13693867148803096,1.809999942779541,2.221200037002563,-0.01439428236335516,-0.034573186188936234,0.02774057040384001,0.29938817024230957,-1770.313574351741,-1769.905737835336,-10.027248757244417,-0.13891081840552033,-0.07777419423359788,False
296,1787909209.1264377,6868.99954819,29.60131812095642,24000,24000,4190,706,1.953675637332981,0.15234284051023014,1.8040000200271606,2.2137500047683716,-0.016591794788837433,-0.03569984808564186,0.028429099358778374,0.17059020698070526,-1775.7431960832293,-1776.0033126623061,-10.035727212496305,0.4514303636367458,1.025573506103683,False
297,1787909209.2261126,6869.09939019,29.700993061065674,24000,24000,4270,757,1.9648797901020025,0.15537032898892042,1.8097999572753907,2.296999931335449,-0.015441937372088432,-0.03571261093020439,0.028018844139833195,0.1873950958251953,-1781.5986911767993,-1782.0055710144718,-10.012605115747727,0.5761461675708688,1.0256312562432868,False
298,1787909209.3361843,6869.19962937,29.81106472015381,24000,24000,4367,753,1.9641341319280474,0.14078117972577334,1.812999963760376,2.2720000267028806,-0.011987032368779182,-0.03787471726536751,0.028218795846745862,0.19477245211601257,-1788.2270508629745,-1788.0236283494444,-10.01001676936014,0.5517707372550831,1.0571932568955162,False
299,1787909209.4309678,6869.29946911,29.905848264694214,24000,24000,4046,714,1.957393557751546,0.14048514517346672,1.8170000314712524,2.1945500612258915,-0.013132993131875992,-0.041112542152404785,0.030491342231250294,0.13625912368297577,-1794.7754489068532,-1794.0556506033204,-10.010529235711827,-0.3098861323294386,-0.16270924886930516,False
300,1787909209.5264142,6869.39932587,30.00129461288452,24000,24000,4288,760,1.9544118409094058,0.13003849728619363,1.8179499626159668,2.172199940681457,-0.009843266569077969,-0.03703237697482109,0.030470753405323465,0.13134396076202393,-1800.2337552650556,-1800.0849144293732,-10.020989328517539,-0.041684995779405654,0.19955098237210223,False
301,1787909209.626191,6869.49997165,30.10107135772705,24000,24000,4289,721,1.9554812756060893,0.12288403522617607,1.8279999494552612,2.1679999828338623,-0.005069014150649309,-0.038483064621686935,0.03144069025038025,0.1737774759531021,-1805.8514643114725,-1806.1451784982453,-10.020989328517539,0.32692484769472685,0.3340686939643547,False
302,1787909209.72652,6869.59980309,30.20140051841736,24000,24000,4431,768,1.9567135406347613,0.13101591857385728,1.8220000267028809,2.211549997329712,0.0007886015810072422,-0.04277229309082031,0.03159537055493927,0.22078709304332733,-1813.2934476943644,-1812.1996201684728,-10.037022455252385,-1.0955962767802703,-1.3202227375954863,False
303,1787909209.826533,6869.69965367,30.301413536071777,24000,24000,4452,707,1.9544384730755862,0.12103385329372125,1.8343000054359435,2.1837999582290646,-0.005795116536319256,-0.03904525190591812,0.03305512256548405,0.19883179664611816,-1818.9423105881808,-1818.281726735263,-10.037022455252385,-0.7439645887725419,-0.6193357967010797,False
304,1787909209.926554,6869.79948715,30.401434421539307,24000,24000,4320,717,1.9554379377072493,0.12303289482180124,1.8374000549316407,2.202399921417236,-0.0037773160729557276,-0.04715248942375183,0.033657671437427074,0.15189799666404724,-1824.1429792581105,-1824.2598670108857,-9.97941430211735,0.05633336937216882,0.02422703739057397,False
305,1787909210.0253415,6869.89933015,30.500221967697144,24000,24000,4336,683,1.9602664731781094,0.13357040176736806,1.835100030899048,2.1737000226974486,-0.0027277925983071327,-0.04515913873910904,0.03383761163699019,0.25187283754348755,-1830.6798314504608,-1830.139335538613,-9.969085155658432,-0.5535490207064413,-0.5203045791754448,False
306,1787909210.1266131,6869.99997207,30.60149359703064,24000,24000,4464,708,1.9669449145847795,0.1297343871524091,1.8336999773979188,2.2151500463485716,-0.004183337092399597,-0.045331329107284546,0.03388114241866137,0.2713383436203003,-1835.5345887497706,-1836.1197389236604,-9.972775636052704,0.6677013573832937,0.6958691152449319,False
307,1787909210.2263873,6870.09979497,30.7012677192688,24000,24000,4482,729,1.9531810713730067,0.1069492773527686,1.8371999740600586,2.1392000675201417,-0.004045324865728617,-0.04830211400985718,0.034835469173288405,0.2896036207675934,-1842.0373395146353,-1842.0460862954797,-9.959052592771014,0.15111213365958065,0.07311429452283846,False
308,1787909210.3264644,6870.19964257,30.801344871520996,24000,24000,4314,710,1.9540507039553683,0.10647848174664885,1.840999960899353,2.157550024986267,-0.0026301962789148092,-0.05042886734008789,0.033918797730438925,0.28269800543785095,-1848.0766619692763,-1847.949510744862,-9.960856192108478,0.11613215300235424,0.4194752755540776,False
309,1787909210.4259384,6870.29947171,30.900818824768066,24000,24000,4363,716,1.9720111725716618,0.13487444441991667,1.8350000381469727,2.2204999923706055,-0.004033426288515329,-0.05168113484978676,0.03266890748799394,0.22959090769290924,-1854.0134236984945,-1853.9219431372635,-9.94226356122842,0.14752268526422085,0.34603181852207854,False
310,1787909210.5259018,6870.39930585,31.000782251358032,24000,24000,4369,691,1.95140665829958,0.11304244716693902,1.8149999976158142,2.146000027656555,-0.00766716618090868,-0.05221746489405632,0.03159397831509789,0.288222998380661,-1859.9808725720186,-1859.8463634194195,-9.950555709700938,0.17759307174583228,0.35381519730162836,False
311,1787909210.6271155,6870.49994477,31.101995944976807,24000,24000,4574,744,1.9557405952163922,0.13028083079400254,1.8040000200271606,2.1970499157905583,-0.008005328476428986,-0.051782455295324326,0.03123916488278035,0.25351500511169434,-1865.9081784989623,-1865.755581133805,-9.951816792921788,0.32281884526969407,0.3424167885416409,False
312,1787909210.7265086,6870.59978309,31.20138907432556,24000,24000,4362,723,1.9535601651849919,0.1411058354091045,1.8040000200271606,2.238200068473816,-0.00976454559713602,-0.05179227516055107,0.029105439494591583,0.24008411169052124,-1872.1800877565215,-1871.6666563538986,-9.951816792921788,0.014212646803798634,0.043122889399455744,False
313,1787909210.8270917,6870.69963027,31.301972150802612,24000,24000,4437,701,1.9555677624469816,0.13106079439676677,1.8049999475479126,2.2309999465942383,-0.012146663852036,-0.04826075956225395,0.028351527264293772,0.2582697570323944,-1877.4535109337612,-1877.7154145843847,-10.009559113954035,0.7754859478689013,1.110675211471289,False
314,1787909210.926724,6870.79946251,31.401604413986206,24000,24000,4436,727,1.9510123780537831,0.13519031032847934,1.8063000082969665,2.202700042724609,-0.008837525732815266,-0.04967260733246803,0.027847863674726216,0.2463180422782898,-1883.5766114331464,-1883.701859118582,-10.045489578184592,0.6300358526921173,0.6633849790807744,False
315,1787909211.0258365,6870.89930681,31.50071692466736,24000,24000,4448,733,1.9490900395837032,0.13071270619103312,1.8125999927520753,2.211399984359741,-0.00831209309399128,-0.049063678830862045,0.0268695351038943,0.19164544343948364,-1890.4722655533608,-1889.7471608407905,-10.070472303668701,-0.31915152468059205,-0.27829237842775,False
316,1787909211.1271405,6870.99995235,31.602020978927612,24000,24000,4296,690,1.9590898539709007,0.14524587237996434,1.809999942779541,2.2597500324249267,-0.012052342295646667,-0.047873903065919876,0.02554070836023105,0.24345310032367706,-1895.9906543618886,-1895.885547441334,-10.065390449234073,0.24041274691876424,0.48953227834022073,False
317,1787909211.2262251,6871.09980721,31.70110559463501,24000,24000,4269,732,1.9444740434161951,0.12287961208619044,1.819000005722046,2.186399960517881,-0.011458958499133587,-0.04907551780343056,0.026366026815590873,0.1691453456878662,-1902.0652347764674,-1901.9551701717028,-10.024237688960234,0.11062545665868129,0.2774244121458196,False
318,1787909211.3262968,6871.19964515,31.801177263259888,24000,24000,4269,779,1.932295249576593,0.10532749700072583,1.817899966239929,2.105400013923645,-0.012699675746262074,-0.05021068453788757,0.026582090137641817,0.16160999238491058,-1907.9469833875928,-1908.0246562717477,-10.027163186116304,0.23289031758508827,0.23209039733774262,False
319,1787909211.426436,6871.29948317,31.90131640434265,24000,24000,4323,794,1.9445919397495857,0.13458762669684685,1.8156500101089477,2.205399978160858,-0.015968870371580124,-0.049738943576812744,0.02664767716869409,0.12973032891750336,-1913.2499119812546,-1914.0449090692512,-10.009881099255102,0.938023350180174,0.8988970494997375,False
320,1787909211.525688,6871.39931397,32.00056838989258,24000,24000,4412,792,1.9460100981623236,0.13633912967009976,1.812000036239624,2.215049993991851,-0.019756507128477097,-0.04535869136452675,0.027374089754886442,0.1843445748090744,-1920.532089626744,-1920.0663382329171,-10.009881099255102,-0.38931945985314087,-0.55517084237772,False
321,1787909211.6265845,6871.49995375,32.10146498680115,24000,24000,4233,749,1.9420547385082068,0.12217822982336991,1.8174000024795531,2.150600051879883,-0.013963289558887482,-0.04741311073303223,0.029108839230678245,0.21703100204467773,-1926.6061640237424,-1926.0691905181413,-10.004787058715149,-0.40988705070412834,-0.47323229297444414,False
322,1787909211.7266622,6871.59979847,32.2015426158905,24000,24000,4200,708,1.956423731173499,0.1474620375762018,1.815999984741211,2.2699999809265137,-0.016549188643693924,-0.046016428619623184,0.03187315387151257,0.16116219758987427,-1932.3234212797138,-1932.0758621639407,-9.9944158838094,-0.12277322382806233,-0.09524374920147238,False
323,1787909211.826279,6871.69963779,32.301159381866455,24000,24000,4248,709,1.9501212954689315,0.13848542963086813,1.812000036239624,2.1826000213623047,-0.015035435557365417,-0.04475419968366623,0.03302098073148352,0.18756556510925293,-1938.1194001152562,-1938.0722683770737,-9.996962189190473,0.05796855676953783,0.10891866560723429,False
324,1787909211.9259114,6871.79947661,32.40079188346863,24000,24000,4412,743,1.9469246294745526,0.13163199380002635,1.8092000126838683,2.2144999265670777,-0.018537485972046852,-0.04739728569984436,0.03407239487765657,0.25285604596138,-1945.4277484214413,-1943.9668477182563,-9.980628983557557,-1.2727150407752106,-1.2992458397104656,False
325,1787909212.0254734,6871.89932727,32.50035381317139,24000,24000,4327,675,1.9561822221897267,0.13917577644601017,1.804699969291687,2.1915000200271604,-0.016481012105941772,-0.044432349503040314,0.03615598971166406,0.19292545318603516,-1950.404456124118,-1949.8788982414928,-9.987436151538805,-0.27599214663041494,-0.44884292548681515,False
326,1787909212.127568,6871.99997293,32.60244846343994,24000,24000,4444,666,1.952157662079499,0.1326447718949145,1.8140000104904175,2.184250056743622,-0.016524147242307663,-0.04556572064757347,0.036326453036167536,0.22534888982772827,-1955.7910696627735,-1955.8872706653503,-10.02315487804277,0.46278089075485696,0.335267038936081,False
327,1787909212.2261517,6872.09981689,32.70103216171265,24000,24000,4427,601,1.94472545613465,0.12471787662679701,1.8079999685287476,2.1459999084472656,-0.018390294164419174,-0.04191102832555771,0.03786971059514843,0.21054668724536896,-1961.3629969490532,-1961.9354839751736,-10.01034471994089,0.8055931175410933,0.9383808495338144,False
328,1787909212.3264806,6872.19966165,32.801361083984375,24000,24000,4697,669,1.9558340809983166,0.13868884505208234,1.7848000049591064,2.228400039672852,-0.009448093362152576,-0.046362679451704025,0.03789091248005786,0.20604990422725677,-1967.4111421843565,-1967.9153669697089,-10.006321227626954,0.7768958362228204,0.766784868160812,False
329,1787909212.4260774,6872.29950019,32.90095782279968,24000,24000,4571,576,1.9540868064181671,0.13952841757086942,1.803250014781952,2.1657500863075256,-0.008390632458031178,-0.045400090515613556,0.037695442132364455,0.1519867181777954,-1973.964471981154,-1973.9364044175704,-10.017110311067457,0.19908508329262986,0.22633951111561146,False
330,1787909212.5258515,6872.39934179,33.00073194503784,24000,24000,4554,542,1.963920664303417,0.1406904778603606,1.8251000463962554,2.242849957942961,-0.005876228678971529,-0.04519132152199745,0.03692233914798062,0.1387104094028473,-1979.8209623013154,-1979.8929991958787,-9.997136869672792,0.3287563042722468,0.26973381341395,False
331,1787909212.6269221,6872.49997731,33.101802587509155,24000,24000,4585,563,1.9780337495024631,0.14177091912462517,1.840000033378601,2.28289999961853,-0.005741571541875601,-0.05022649094462395,0.036313887514419205,0.14023131132125854,-1985.9646509035438,-1985.9011037092525,-9.998867208770251,0.24901674341958824,0.382798225807619,False
332,1787909212.7262344,6872.59980355,33.201114892959595,24000,24000,4756,576,1.989366316340036,0.15443240966897334,1.8417499959468842,2.286500036716461,-0.004081839695572853,-0.05020172521471977,0.03594527860485877,0.1823701113462448,-1991.7120944954056,-1991.9417310505812,-9.998867208770251,0.4600270082642055,0.32189880611986155,False
333,1787909212.8261685,6872.69964943,33.30104899406433,24000,24000,4667,545,1.9856091739934518,0.14782877083474358,1.8374000072479248,2.3046000003814693,-0.004255642183125019,-0.04815690219402313,0.03483895403897572,0.21297922730445862,-1998.0794529486093,-1997.9355867930867,-9.995952909595763,0.08842836995245307,-9.362840910398518e-05,False
334,1787909212.9264336,6872.79948611,33.40131402015686,24000,24000,4538,585,1.9853111069426577,0.15617154392686614,1.8329999446868896,2.350799942016601,-0.004537462722510099,-0.049499209970235825,0.03307851959816228,0.23308497667312622,-2004.8715701287465,-2003.9245007832765,-10.041582124894651,-0.6880744439272348,-0.6549043572074424,False
335,1787909213.025842,6872.89932913,33.50072240829468,24000,24000,4561,596,1.9643557007680803,0.13419996699631753,1.8200000524520874,2.223249912261963,-0.0038616324309259653,-0.050484783947467804,0.03219649519695143,0.19517861306667328,-2010.858303328126,-2010.043524314752,-10.05705670640291,-0.7105891005769536,-0.8217228365838309,False
336,1787909213.127391,6872.99997989,33.60227155685425,24000,24000,4772,615,1.9699495949396273,0.12692568360728457,1.8279999494552612,2.235799980163574,-0.00753389997407794,-0.04761967808008194,0.031109124719242827,0.20588527619838715,-2016.6739024378787,-2016.112191959328,-10.05617211192326,-0.4335301742919455,-0.5291011960043761,False
337,1787909213.2261467,6873.09982527,33.701027154922485,24000,24000,4707,641,1.9619594366055755,0.12195342503075277,1.8359999656677246,2.1730000972747803,-0.008414155803620815,-0.04841342568397522,0.029566948020907917,0.14768241345882416,-2021.7018724137415,-2022.1554153215038,-10.054914772151092,0.46355285825302417,0.6004081757346285,False
338,1787909213.3270755,6873.19965763,33.80195593833923,24000,24000,4609,631,1.9592123645610175,0.12756303749009634,1.8355000019073486,2.200000047683716,-0.004985427018254995,-0.04808875545859337,0.028666307150594497,0.20409569144248962,-2028.6869188793544,-2028.1643291790529,-10.018508600270213,-0.4660557029167194,-0.44461900917144703,False
339,1787909213.4264627,6873.29949235,33.90134310722351,24000,24000,4595,607,1.9541598006567413,0.11919555135528492,1.8309999704360962,2.1930999994277953,-0.009099889546632767,-0.04765118658542633,0.027223263846066305,0.24276572465896606,-2034.016459476243,-2034.137879534016,-10.015704145117377,0.1673491484925762,0.07479186962541462,False
340,1787909213.5258772,6873.39934273,34.000757694244385,24000,24000,4624,648,1.9536033977328995,0.11549551809841477,1.8380000591278076,2.195549964904785,-0.01134122908115387,-0.04696963354945183,0.02867317121656664,0.23598892986774445,-2039.8124204241492,-2040.1357171066293,-10.007465766323056,0.33597865854358133,0.22100161377920813,False
341,1787909213.62651,6873.49996635,34.10139036178589,24000,24000,4742,689,1.9520769243835538,0.1119650411003277,1.8434000253677367,2.1561999320983887,-0.013466416858136654,-0.047153666615486145,0.03168380763339636,0.2176189422607422,-2046.142490436435,-2046.1424031229362,-10.00359538475478,0.04358044638092906,0.13052512088734147,False
342,1787909213.7264555,6873.59980035,34.20133590698242,24000,24000,4606,739,1.9544100140363825,0.12539720816054084,1.8339999914169312,2.167500042915344,-0.015359914861619473,-0.04653455689549446,0.032996158184533976,0.2332940250635147,-2051.875054298077,-2052.120447650811,-9.969583961331486,0.30746301235831197,0.24989631383914457,False
343,1787909213.8263848,6873.69964677,34.301265239715576,24000,24000,4566,750,1.959149332523346,0.13621863103158022,1.8264499962329865,2.239649927616119,-0.019080188125371933,-0.044803790748119354,0.03334482417922785,0.2459205836057663,-2058.3742160252414,-2058.1197805418556,-9.961643595552275,-0.19622498855051163,-0.20813804057524976,False
344,1787909213.9262147,6873.79949571,34.401095151901245,24000,24000,4549,746,1.9661997332969237,0.14797109852512874,1.8352500200271606,2.327750027179718,-0.020348839461803436,-0.043385133147239685,0.034857220526771565,0.25898227095603943,-2064.3820660639044,-2064.026561793286,-9.940281933799048,-0.21456624902657495,-0.21662598347802486,False
345,1787909214.0253453,6873.89935051,34.50022578239441,24000,24000,4688,763,1.9641389273409762,0.14207912331067862,1.832100009918213,2.237399935722351,-0.020583469420671463,-0.04407529532909393,0.036340732460905245,0.2566968500614166,-2070.279199372041,-2070.0278445665035,-9.96318223245482,-0.1641456775032566,0.0928183532669209,False
346,1787909214.127059,6873.99998323,34.60193943977356,24000,24000,4557,692,1.9603742781402058,0.15024773321521556,1.8140000104904175,2.2805499911308273,-0.023323025554418564,-0.04730141535401344,0.03620004502376258,0.2482548952102661,-2076.4486835471066,-2076.0435653221602,-9.982336300310834,-0.23110175857573267,-0.07644729094863578,False
347,1787909214.226516,6874.09982553,34.701396465301514,24000,24000,4510,620,1.9627741892491617,0.14054680762288102,1.8269500195980073,2.2521000862121583,-0.02410214953124523,-0.045701973140239716,0.035818780370226184,0.26376718282699585,-2082.307274654926,-2082.102031016272,-9.978537070920174,-0.12255621957410767,0.01512321915879511,False
348,1787909214.3262906,6874.19966419,34.80117106437683,24000,24000,4435,580,1.964679310445128,0.1506779975444594,1.8279999494552612,2.2795500397682185,-0.02402522601187229,-0.0469110831618309,0.03555440179575346,0.23856206238269806,-2088.1298993714804,-2088.0009226422562,-9.965504612218764,0.04100921387589551,0.01635932121280348,False
349,1787909214.4261808,6874.29951725,34.90106129646301,24000,24000,4506,602,1.9566146167013732,0.14597998163798037,1.8060999929904937,2.2634499430656425,-0.021998047828674316,-0.04843418300151825,0.03468495663836914,0.1892140507698059,-2094.3233970106157,-2093.965252223978,-9.995071991839222,-0.15936062582204613,-0.25308465866419283,False
350,1787909214.5302806,6874.39936029,35.00516104698181,24000,24000,4142,590,1.9396915207474918,0.12883406407347908,1.8170000314712524,2.179400026798248,-0.03096100129187107,-0.04403303936123848,0.03304254072160823,0.18827912211418152,-2100.3602241194753,-2099.926262131953,-10.03681285316243,0.0494991129612572,0.017100621901590785,False
351,1787909214.6267064,6874.49999479,35.10158681869507,24000,24000,4293,606,1.9532887821543727,0.15548509323885232,1.815250039100647,2.2834999561309814,-0.023180190473794937,-0.041907381266355515,0.03257581337073277,0.26069962978363037,-2105.8877440218635,-2105.9095838491176,-10.039541359499717,0.30724931124041177,0.2556450232523275,False
352,1787909214.7267125,6874.59983677,35.20159292221069,24000,24000,4300,670,1.947350746482166,0.1303049927555972,1.8268999636173249,2.197000026702881,-0.02047036588191986,-0.039309315383434296,0.031836099740617026,0.21355240046977997,-2112.167320558073,-2111.946694551785,-10.04615542629845,0.027752528332712245,0.1335295814969868,False
353,1787909214.8268137,6874.69966869,35.30169415473938,24000,24000,4293,668,1.9531886199277317,0.1435580129042673,1.8136999964714051,2.254650056362152,-0.016276905313134193,-0.03832526504993439,0.030845372763310095,0.30576786398887634,-2117.16220179651,-2118.0026687434884,-10.040264425851836,1.0386585114929403,1.1026253391160026,False
354,1787909214.9266093,6874.79949757,35.40148973464966,24000,24000,4349,714,1.9506694677831078,0.1398020255139062,1.8179999589920044,2.212750005722046,-0.01649319939315319,-0.03569888696074486,0.028521303701899807,0.3256412744522095,-2124.4540193180856,-2124.0796172764626,-10.049372177776318,-0.26571007007805747,-0.39784735176499453,False
355,1787909215.0260284,6874.89933655,35.500908851623535,24000,24000,4195,685,1.9501941593894123,0.15435657279465204,1.7972000360488891,2.2639999389648438,-0.01770944520831108,-0.03460847958922386,0.029157475305258494,0.21293118596076965,-2130.0821269072944,-2130.1642585910263,-10.01372959702727,0.07104458287494708,0.19914531409722258,False
356,1787909215.1264956,6874.99997039,35.60137605667114,24000,24000,4222,724,1.9578356350983046,0.1537920997997008,1.8051499545574188,2.331750094890595,-0.015466630458831787,-0.035353127866983414,0.028612964895129673,0.20163758099079132,-2136.1467632752706,-2136.195253409181,-10.01372959702727,0.03415273933933349,-0.007450720920587628,False
357,1787909215.226938,6875.09980445,35.70181846618652,24000,24000,4264,760,1.9474947399214695,0.13543673009795115,1.8070000410079956,2.1824999213218685,-0.014603854157030582,-0.037249740213155746,0.027880126473160016,0.27385956048965454,-2141.5019564731315,-2142.2157693969766,-10.018845174563033,0.7052164050096508,1.0322936441166348,False
358,1787909215.3263998,6875.19963725,35.80128026008606,24000,24000,4435,808,1.9618415839896344,0.1390756784834901,1.811350005865097,2.241849946975708,-0.012787855230271816,-0.03496624156832695,0.02838898524617157,0.16059596836566925,-2148.7645230752973,-2148.247327992137,-10.01575556753428,-0.5899274616990624,-0.523716764438177,False
359,1787909215.4262779,6875.29947131,35.90115833282471,24000,24000,4252,755,1.9484317858487565,0.12004048471717002,1.8106999754905702,2.120900106430053,-0.011304648593068123,-0.03831794857978821,0.029654829114130102,0.14918100833892822,-2155.2769210472807,-2154.277090892252,-10.021572113483268,-1.1099271602679437,-1.197807125262898,False
360,1787909215.5259376,6875.39931983,36.0008180141449,24000,24000,4250,728,1.9533818706378832,0.13882154225174664,1.8153500318527223,2.217600011825561,-0.009012377820909023,-0.039465632289648056,0.030624231283888366,0.20612427592277527,-2161.232252429181,-2160.3182060977474,-10.009961147311017,-1.085963128300591,-1.2855073169052957,False
361,1787909215.626933,6875.49996537,36.101813554763794,24000,24000,4310,705,1.9576085117691797,0.13796387789329073,1.8222000122070312,2.211600065231323,-0.0049540200270712376,-0.038104649633169174,0.030767945797599453,0.19775742292404175,-2166.971671172614,-2166.3018914043478,-9.988236168941642,-0.7659387263811368,-0.9404312566280169,False
362,1787909215.726862,6875.59980881,36.20174241065979,24000,24000,4481,731,1.957911079624609,0.13020401833717055,1.8299999833106995,2.1955000162124634,-0.006112155970185995,-0.039647169411182404,0.03227820902496587,0.21406890451908112,-2172.656983363588,-2172.2628791839034,-9.996993277005629,-0.4558057999634002,-0.6194563327749165,False
363,1787909215.8261719,6875.69963443,36.30105233192444,24000,24000,4316,705,1.9503617029663518,0.11132940427534556,1.8270000219345093,2.1659998893737793,-0.005698679480701685,-0.04305754601955414,0.03402949551814348,0.21057774126529694,-2177.9820358948546,-2178.255444970395,-10.00632193589225,0.1774524811585252,0.2481238746231611,False
364,1787909215.9303927,6875.79947715,36.40527319908142,24000,24000,4056,689,1.9517895512726207,0.1267195696953272,1.8250000476837158,2.1757999420166017,-0.0002720629272516817,-0.04554986581206322,0.03338744519090143,0.2780606150627136,-2183.9217306435585,-2184.185477397738,-9.980609153634372,0.49071123146222817,0.523087657114047,False
365,1787909216.025949,6875.89932059,36.500829458236694,24000,24000,4328,686,1.961587465365496,0.13461253611086782,1.8372500240802765,2.2572500705718994,-0.0017048101872205734,-0.0451037622988224,0.03337998868720263,0.2566569149494171,-2189.6019578415085,-2190.205827919447,-9.980609153634372,0.543585871333562,0.4584919515650654,False
366,1787909216.126895,6875.99995177,36.60177540779114,24000,24000,4514,755,1.9569602664732775,0.11685070116771035,1.8427000403404237,2.1510000228881836,-0.004759288392961025,-0.047157321125268936,0.03442532394115345,0.24545414745807648,-2196.054864722754,-2196.139317339295,-9.951230328923787,0.1471468136223848,0.375090608256869,False
367,1787909216.2268367,6876.09978841,36.701717138290405,24000,24000,4384,708,1.9538728795145865,0.11655738682482751,1.8380000591278076,2.168950068950653,-0.001997218234464526,-0.05111706256866455,0.03435694544788958,0.32184848189353943,-2202.4031898215676,-2202.0684456193594,-9.970141727127846,-0.20496072848118274,-0.4992690417961967,False
368,1787909216.3262758,6876.19963413,36.80115628242493,24000,24000,4347,717,1.9604114382170568,0.11447975446699814,1.8307999849319458,2.1765999794006343,-0.003012750530615449,-0.052769456058740616,0.03359267193903407,0.26195794343948364,-2208.1853415078203,-2207.9590392581067,-9.94368290271946,-0.021048600299764075,-0.2935533692948411,False
369,1787909216.4274218,6876.29947011,36.902302265167236,24000,24000,4334,710,1.9632281711403752,0.1308079200732933,1.8304500102996826,2.257099962234497,-0.006340730004012585,-0.05246354267001152,0.03246125338436351,0.24591737985610962,-2213.925639205379,-2213.962023590229,-9.959062793897264,0.3071229439724448,0.23956782444156488,False
370,1787909216.5262682,6876.39931825,37.00114870071411,24000,24000,4360,689,1.9544310587064968,0.13148558162782742,1.808799958229065,2.1952000141143806,-0.005634126719087362,-0.05248178541660309,0.03198003391916044,0.3134506046772003,-2219.7728997595063,-2219.955538883206,-9.993060902846338,0.39036538677646604,0.43099890154735476,False
371,1787909216.627361,6876.49994393,37.10224151611328,24000,24000,4463,740,1.9594162162896749,0.13555551777609634,1.818950003385544,2.219100093841553,-0.006032020319253206,-0.051853325217962265,0.03074475296261557,0.24895964562892914,-2226.6549455728546,-2225.9747578133474,-10.013995049533015,-0.42640107303714103,-0.6676045868794063,False
372,1787909216.7270591,6876.59980055,37.20193958282471,24000,24000,4378,662,1.9513912362994745,0.11926655365106642,1.8080999672412872,2.212800061702728,-0.009954447858035564,-0.0483391173183918,0.029444528845518052,0.23841892182826996,-2232.640613186325,-2232.047033516078,-10.028865285000588,-0.4304702591171008,-0.5635223339104414,False
373,1787909216.8263266,6876.69962625,37.301207065582275,24000,24000,4427,720,1.9658680551581913,0.15061922405455386,1.809999942779541,2.308000087738037,-0.009852374903857708,-0.05071594938635826,0.028216872145647953,0.20348837971687317,-2238.526250215057,-2238.087811986606,-10.038141424288824,-0.36034266432443474,-0.41811976616190805,False
374,1787909216.9275017,6876.79947195,37.402382135391235,24000,24000,4440,733,1.9502824017978788,0.13614459421049582,1.7999999523162842,2.2034000396728515,-0.007484449073672295,-0.04929538071155548,0.028402438477762172,0.1706775575876236,-2244.1023486146273,-2244.0896409307397,-10.047122621733703,0.13377331861784114,0.04425958750925929,False
375,1787909217.0266109,6876.89931427,37.50149130821228,24000,24000,4573,751,1.9512782923867318,0.13041342656947225,1.793999969959259,2.212999939918518,-0.009690475650131702,-0.04682934656739235,0.026156123821421556,0.17688368260860443,-2249.718992111605,-2250.1887118056143,-10.002132269514425,0.4633963024366494,0.35661512452497846,False
376,1787909217.1275768,6876.99995099,37.60245728492737,24000,24000,4293,721,1.9518044418170946,0.12918464200997273,1.8200000524520874,2.186000108718872,-0.009345878846943378,-0.04835306107997894,0.02577106323553845,0.19977490603923798,-2256.420699345067,-2256.1710905929813,-9.991212516497002,-0.18064153521845583,-0.38611644207730933,False
377,1787909217.2267983,6877.09979977,37.70167875289917,24000,24000,4282,742,1.9377250685846066,0.12392219438930802,1.8092000126838683,2.1578499913215636,-0.010615721344947815,-0.04983510822057724,0.026279690235745827,0.12726004421710968,-2262.5338650051167,-2262.2039627259633,-9.991212516497002,-0.34080332708481365,-0.23895825742965826,False
378,1787909217.3266673,6877.19964369,37.80154776573181,24000,24000,4286,759,1.9422318867858062,0.12367558548429958,1.8118000268936156,2.16999990940094,-0.012902168557047844,-0.048857588320970535,0.02647166654309683,0.09901750087738037,-2268.199829623551,-2268.1748884763933,-9.977419465564035,-0.014913240514033532,-0.08751292128908972,False
379,1787909217.4271257,6877.29948259,37.90200614929199,24000,24000,4287,771,1.941041506063459,0.12605854446317036,1.8220000267028809,2.166000008583069,-0.019031614065170288,-0.04998135194182396,0.026816882484168286,0.1537572592496872,-2273.6026205576145,-2274.1465536487167,-9.980174272690265,0.6095110858855151,0.6349369300228318,False
380,1787909217.5255265,6877.39933153,38.000406980514526,24000,24000,4361,773,1.9409146167019824,0.12918345966358658,1.8196000337600708,2.1542000293731687,-0.015979867428541183,-0.048958949744701385,0.027855435773579077,0.17734017968177795,-2280.4510486047143,-2280.108600849623,-9.969724099473789,-0.33514894735390044,-0.3060745057996428,False
381,1787909217.6318963,6877.49996437,38.10677671432495,24000,24000,4038,729,1.941703701542565,0.1348946150128641,1.8103999614715576,2.1598000526428223,-0.015432903543114662,-0.048294562846422195,0.03023321728958901,0.14107954502105713,-2286.6550430888633,-2286.0113273112283,-9.969495775547244,-0.15726408850559892,-0.0012013255068268336,False
382,1787909217.7263343,6877.59980521,38.20121479034424,24000,24000,4177,710,1.9452535182657376,0.13276376557018185,1.8079999685287476,2.2094499111175527,-0.01660229079425335,-0.04484458267688751,0.03166030148609336,0.14511243999004364,-2292.1528164025763,-2291.9957603001953,-9.969495775547244,0.010976650368775154,-0.1584342777046004,False
383,1787909217.8261776,6877.69964297,38.30105805397034,24000,24000,4340,736,1.9512961934442106,0.14600558137648326,1.8087500035762787,2.2642499208450317,-0.01681619882583618,-0.04418638348579407,0.032830488911560256,0.1874506175518036,-2298.6553324407537,-2298.007175558995,-9.977183432097275,-0.5012295614396862,-0.9117099607869932,False
384,1787909217.9264984,6877.79947241,38.401378870010376,24000,24000,4352,711,1.9529099883577157,0.13514910222159104,1.815500020980835,2.2540000677108765,-0.013390585780143738,-0.04545745253562927,0.03510629576905148,0.19234907627105713,-2304.825119678578,-2303.970612840553,-9.984606370538357,-0.6520551959611112,-0.43988130100478884,False
385,1787909218.0256202,6877.89931997,38.50050067901611,24000,24000,4323,688,1.9497180225890736,0.13043036691299503,1.8209999799728394,2.144249951839447,-0.015506818890571594,-0.046337902545928955,0.035121889480495605,0.23511497676372528,-2309.191157925496,-2309.9684543752983,-9.994632269718865,0.9289311728039138,1.1090935976003493,False
386,1787909218.1269083,6877.99995527,38.60178875923157,24000,24000,4357,639,1.955240999402388,0.1406273020469591,1.812999963760376,2.1867999553680426,-0.017140556126832962,-0.04395416006445885,0.03631471798205033,0.2689853608608246,-2315.9678324854754,-2315.916429764906,-9.979537048191618,0.22925129601981098,0.114513789954799,False
387,1787909218.2272816,6878.09980663,38.70216202735901,24000,24000,4403,630,1.9467952374428037,0.13736855206369064,1.7814499855041503,2.191250014305114,-0.016447003930807114,-0.046523567289114,0.037605830010593685,0.2404220998287201,-2321.260035061898,-2321.8697934565307,-10.007235185903054,0.9591572979002194,0.8465252207565754,False
388,1787909218.3263068,6878.19964581,38.80118727684021,24000,24000,4695,683,1.948474378920928,0.13644313165093025,1.7940000295639038,2.17950005531311,-0.014666867442429066,-0.04459979757666588,0.03798501986503813,0.23581722378730774,-2328.284830306,-2327.90085032045,-10.006135614735511,-0.12440662540575431,-0.37670932663013446,False
389,1787909218.4263346,6878.29950103,38.90121507644653,24000,24000,4538,596,1.962936244954999,0.14780584750588047,1.796500027179718,2.24700003862381,-0.007665373384952545,-0.04187079519033432,0.03727824608182342,0.19405004382133484,-2334.1244880851996,-2333.9463571419424,-10.008728154419611,0.03731705199197677,0.11354144640517916,False
390,1787909218.5255547,6878.39935833,39.00043511390686,24000,24000,4557,562,1.9610996469059874,0.13636846269138747,1.8044000208377837,2.225750064849853,-0.00515873683616519,-0.04764680936932564,0.037098862112049096,0.16052553057670593,-2339.853210737789,-2339.881358960593,-9.985893711108844,0.2615124409944656,0.1925800242411242,False
391,1787909218.6260712,6878.49960597,39.10095167160034,24000,24000,4584,555,1.9822234239664163,0.14869680473168767,1.835699987411499,2.3128000259399406,-0.005617524031549692,-0.050481703132390976,0.03681480966534551,0.18134811520576477,-2346.321897933162,-2345.8815449739345,-9.988843632705079,-0.17646921255118286,-0.3620760752842216,False
392,1787909218.726842,6878.59945109,39.201722383499146,24000,24000,4686,549,1.9901311493093634,0.1521557036464743,1.8283999681472778,2.344000053405762,-0.006077486090362072,-0.049064815044403076,0.03687822072861502,0.15160973370075226,-2352.099841589242,-2351.900563965199,-9.992833788551563,0.09154119751565304,-0.08662523836164837,False
393,1787909218.8257744,6878.69929241,39.300654888153076,24000,24000,4649,553,1.9737323686399684,0.13263678205301171,1.8365999937057496,2.234800100326538,-0.006254126317799091,-0.04825093597173691,0.035000302924366435,0.2176336795091629,-2357.8476744543473,-2357.870748004375,-9.989595303637065,0.2793752292282079,0.23696385514404028,False
394,1787909218.9278328,6878.79991437,39.40271329879761,24000,24000,4551,558,1.9800304631605798,0.14260956241904363,1.8308499813079835,2.2863000035285945,-0.006503575947135687,-0.05186471343040466,0.03299287414581067,0.2185080647468567,-2364.6577406059137,-2363.8947908121913,-10.050270258382978,-0.4074786199339542,-0.411832423541,False
395,1787909219.0266666,6878.89975595,39.50154709815979,24000,24000,4561,574,1.9685226458705676,0.126680789299526,1.8250000476837158,2.216049921512604,-0.008527410216629505,-0.049546755850315094,0.03293351980118367,0.2313561886548996,-2369.9139706492233,-2369.964152119531,-10.051723114462975,0.2660361988009754,-0.041806004274803854,False
396,1787909219.1263812,6878.99959413,39.601261615753174,24000,24000,4820,616,1.9625129885487742,0.11299069318726493,1.8367500007152557,2.1577499508857727,-0.005249416455626488,-0.04564521089196205,0.031211433827029855,0.17558474838733673,-2376.0371706429287,-2375.9692458407853,-10.051723114462975,0.12542163828175035,-0.3393340982020163,False
397,1787909219.2268236,6879.09943495,39.701704025268555,24000,24000,4700,658,1.9601079037124263,0.12451153910172906,1.829850035905838,2.206949925422668,-0.0010871010599657893,-0.04876646399497986,0.02923684128516405,0.1954190582036972,-2382.744908757292,-2382.0562976487836,-10.038532537395774,-0.5560596125501434,-0.8802822038210252,False
398,1787909219.3253765,6879.19967785,39.800256967544556,24000,24000,4606,617,1.9663841162160691,0.13424763002538465,1.8238000392913818,2.24680004119873,-0.006632035132497549,-0.04866872355341911,0.027996836402313142,0.2151816487312317,-2388.055755614113,-2388.074753477911,-10.020015409362722,0.04598777198998505,0.14054466236666485,False
399,1787909219.4263415,6879.29951073,39.90122199058533,24000,24000,4601,608,1.9740592125607164,0.1451173149776672,1.835350012779236,2.29450010061264,-0.007553091272711754,-0.04744696617126465,0.027707434255180723,0.23093627393245697,-2393.4504382283976,-2394.097323767251,-10.00830398261588,0.7089173357849177,0.7908315267627586,False
400,1787909219.526236,6879.39934333,40.00111651420593,24000,24000,4700,671,1.964923992419918,0.11891781374651336,1.8464999794960022,2.2269999980926514,-0.010918212123215199,-0.049866512417793274,0.029277122285231372,0.1931455433368683,-2400.122683184271,-2400.10315475196,-10.0060796238157,0.030057659121666802,0.045978839566487295,False
401,1787909219.6269345,6879.49999187,40.10181498527527,24000,24000,4661,711,1.9568706039973285,0.11889560955497613,1.8425000309944153,2.185499906539917,-0.013377686031162739,-0.04777611047029495,0.031614917744112375,0.2028893232345581,-2406.001014281197,-2406.1354538658784,-10.011839140719895,0.1933463855007176,0.18346783690822122,False
402,1787909219.7305071,6879.59981703,40.205387592315674,24000,24000,4367,704,1.9603366504677318,0.1301067729502377,1.8370000123977661,2.191249930858612,-0.015065872110426426,-0.04278054088354111,0.03227239652603419,0.1900205761194229,-2412.1409521739024,-2412.1929766698427,-9.96487128431574,0.2674682416854921,0.07856539215435987,False
403,1787909219.8302834,6879.69964955,40.305163860321045,24000,24000,4342,693,1.9581890343587636,0.12954402244682606,1.8315999984741211,2.2334000110626215,-0.018500445410609245,-0.043837737292051315,0.033576238478948396,0.23827189207077026,-2418.592778742539,-2418.1341400663764,-9.966293760565334,-0.19806804592326444,-0.3969611245465785,False
404,1787909219.9261756,6879.79950189,40.40105605125427,24000,24000,4514,736,1.9602798913484034,0.1392757584544714,1.8337499797344208,2.2552499771118164,-0.01836462691426277,-0.04748360067605972,0.03538303620100001,0.22290082275867462,-2424.7725425304093,-2424.068901994298,-9.966293760565334,-0.6245750515386135,-0.7037765281856991,False
405,1787909220.0260105,6879.89934025,40.5008909702301,24000,24000,4728,752,1.9658031931265871,0.14174844583557422,1.8240000009536743,2.260900032520294,-0.024085810407996178,-0.045689404010772705,0.03616583998526165,0.21467219293117523,-2430.9801356467497,-2430.0479095821397,-9.988592777159067,-0.8423589966241707,-0.8835445735739995,False
406,1787909220.1270454,6879.99997885,40.60192584991455,24000,24000,4515,642,1.970556074213759,0.13986405087023207,1.8309999704360962,2.256799972057342,-0.02422073297202587,-0.04381059855222702,0.0358743606564725,0.2414846271276474,-2436.4594474291594,-2435.996847225687,-9.986210769561021,-0.2598674024311549,-0.40146114450953974,False
407,1787909220.226468,6880.09982215,40.701348543167114,24000,24000,4498,598,1.9674816067800873,0.13881281853150815,1.8356999695301055,2.2792001008987426,-0.025318700820207596,-0.04764330014586449,0.03526714794264711,0.2378065586090088,-2441.8165963300225,-2441.9702426496574,-9.989224521787387,0.34806050534461974,0.027587923646024137,False
408,1787909220.3262746,6880.19966023,40.80115509033203,24000,24000,4432,587,1.9589710404153984,0.14619250027689268,1.8099000215530396,2.258500027656555,-0.025666337460279465,-0.049133822321891785,0.034942021437327886,0.17793036997318268,-2447.562016834415,-2447.9367188391006,-10.034530370754856,0.5907469448211486,0.4804000949461624,False
409,1787909220.4263344,6880.29950363,40.901214838027954,24000,24000,4576,602,1.9656295689237475,0.1479743140056538,1.8339999914169312,2.2747000932693475,-0.022434767335653305,-0.04722297936677933,0.03471245720014801,0.21937195956707,-2454.194600782545,-2453.9568381638005,-10.034530370754856,-0.03853875284812602,-0.44893115220884283,False
410,1787909220.52583,6880.39934177,41.00071048736572,24000,24000,4360,553,1.9533200708047822,0.13660172070531407,1.8229999542236328,2.205199956893921,-0.022388005629181862,-0.047404613345861435,0.03420978645589961,0.2535695731639862,-2460.3103475187727,-2459.982860163228,-10.01957591023225,-0.18483152430007976,-0.5269124810733956,False
411,1787909220.6269565,6880.49997715,41.101836919784546,24000,24000,4281,618,1.9564304187845645,0.1476804958479632,1.8270000219345093,2.252199947834015,-0.022940339520573616,-0.04525375738739967,0.03327589176892372,0.23677384853363037,-2465.43585592004,-2466.01478483742,-10.016207856048947,0.7569563528541039,0.6043762197800788,False
412,1787909220.726962,6880.59981007,41.20184254646301,24000,24000,4233,638,1.9513604999709653,0.13843329821812242,1.8209999799728394,2.225149929523468,-0.021237431094050407,-0.03752930834889412,0.03254452014509895,0.23927976191043854,-2471.0988190700914,-2472.052612186377,-10.016207856048947,1.0940443472404695,0.9634347297269414,False
413,1787909220.825919,6880.69963969,41.30079936981201,24000,24000,4378,728,1.9512348907006967,0.13756753481285347,1.8229999542236328,2.2313999772071833,-0.01843966171145439,-0.034415002912282944,0.03023563547805861,0.3198493719100952,-2478.332025221515,-2478.0963422100976,-10.006077013585337,-0.2020358553195365,-0.1781638393108551,False
414,1787909220.9301195,6880.79948867,41.40499997138977,24000,24000,4176,682,1.9505087970988142,0.15161985105878178,1.8040500164031983,2.2513500928878774,-0.02060738392174244,-0.036659035831689835,0.02955629451620756,0.31013426184654236,-2484.156909620368,-2484.145974908583,-10.04695739199289,0.22481736813006137,0.2340809302195339,False
415,1787909221.025446,6880.89932605,41.50032639503479,24000,24000,4255,703,1.9500113810448354,0.14894339656449604,1.8020000457763672,2.2144999265670777,-0.016659513115882874,-0.03578057885169983,0.02915269459468533,0.23255376517772675,-2490.5098044399233,-2490.201510281833,-10.04695739199289,-0.40876508587780336,-0.2170008062157649,False
416,1787909221.126844,6880.99995105,41.60172438621521,24000,24000,4224,726,1.9495881534804982,0.1401174883577553,1.8032499849796295,2.136750042438507,-0.015086289495229721,-0.03692880645394325,0.02751843856695514,0.312060683965683,-2496.406926926379,-2496.2629483298474,-10.111037520741192,-0.222298546069851,-0.11093758376773621,False
417,1787909221.226437,6881.09978745,41.70131754875183,24000,24000,4288,770,1.9660051966642405,0.14738586834100084,1.812999963760376,2.2465500116348265,-0.016977958381175995,-0.03753649815917015,0.02811361705904296,0.2215283364057541,-2502.1792298178225,-2502.3302890526265,-10.163629232314092,-0.01929696012302884,-0.12964073743160043,False
418,1787909221.3262217,6881.19961731,41.80110216140747,24000,24000,4378,768,1.957854168023914,0.13637698892461864,1.8140000104904175,2.2277500033378597,-0.014975775964558125,-0.03776847943663597,0.0287489112554614,0.16937419772148132,-2509.3838252310497,-2508.4035324501697,-10.186545535107685,-1.237101437209276,-1.3656897899504656,False
