frame,bag_stamp_s,header_stamp_s,angle_deg,angle_unwrapped_deg,relative_angle_deg,smoothed_angle_unwrapped_deg,batch_angle_unwrapped_deg,raw_residual_deg,heldout_residual_deg,photometric_proxy_sigma_deg,photometric_residual,status
0,1787908830.248507,1787908830.246133,326.1297865164922,326.1297865164922,0.0,326.02158380064907,327.0462098045004,-0.9164232880082087,-0.9699816756478813,0.10122262717698247,0.008063623046630922,registered
1,1787908830.253042,1787908830.2523913,327.65581160687805,327.65581160687805,1.5260250903858361,327.629844212803,327.42170094449386,0.2341106623841696,0.17798259847665432,0.09277991357436145,0.007161350307017072,registered
2,1787908830.2819889,1787908830.2811732,328.91073800473794,328.91073800473794,2.7809514882457367,329.2519500058649,329.14859684224274,-0.23785883750480497,-0.30687426422453323,0.17501107540700783,0.01265984741050517,registered
3,1787908830.3102198,1787908830.3096573,330.81860989333336,330.81860989333336,4.688823376841177,330.8879011798349,330.857625833296,-0.039015939962676605,-0.02756713695666857,0.10599809275451287,0.006967479787094924,registered
4,1787908830.3387964,1787908830.3381944,332.88625028821394,332.88625028821394,6.756463771721733,332.5376977347129,332.56983052754106,0.3164197606728818,0.31678091920256257,0.14908153176206287,0.0097499489733075,registered
5,1787908830.36753,1787908830.3668542,334.20805156242596,334.20805156242596,8.078265045933756,334.20133967049986,334.28940228099196,-0.08135071856602938,-0.12597109264759343,0.11119784382523233,0.007423177672754242,registered
6,1787908830.395931,1787908830.3952925,335.8701833189467,335.8701833189467,9.740396802454544,335.89730264655077,335.99568471793356,-0.12550139898682566,-0.18434707399815764,0.14319366367236724,0.010131854244421399,registered
7,1787908830.4249687,1787908830.4241948,337.5950680739731,337.5950680739731,11.465281557480917,337.60753453271786,337.7298046251951,-0.1347365512219465,-0.1568831264155346,0.1074442372287442,0.008540661050061779,registered
8,1787908830.4530673,1787908830.4523585,339.1621720318981,339.1621720318981,13.032385515405867,339.27587926095725,339.41960773746627,-0.2574357055682128,-0.2761019975951715,0.09427809652799675,0.008209775677890668,registered
9,1787908830.4819713,1787908830.4811654,340.9546687197628,340.9546687197628,14.824882203270638,340.95796831744525,341.148005656995,-0.19333693723216783,-0.21036027277601477,0.11732227843449317,0.01065980157982777,registered
10,1787908830.5105562,1787908830.5099592,342.7848923087662,342.7848923087662,16.655105792273986,342.73144719132466,342.87561680321045,-0.09072449444428976,-0.10537602598825657,0.11069011582959414,0.010354246911629743,registered
11,1787908830.538831,1787908830.5382192,344.527288430884,344.527288430884,18.39750191439184,344.5236728044624,344.5711991230918,-0.043910692207749236,-0.0598016880389558,0.13986120421563283,0.01372151420346055,registered
12,1787908830.5675137,1787908830.5668087,346.33697455568335,346.33697455568335,20.207188039191156,346.32773537872345,346.2865509105898,0.050423645093548686,0.03760065641284527,0.15097662206878773,0.015086662778291205,registered
13,1787908830.595979,1787908830.595397,348.03759011153994,348.03759011153994,21.907803595047746,348.1316581706612,348.00183117324116,0.03575893829878041,0.021155204224879043,0.1491871384122952,0.014509110633420613,registered
14,1787908830.62855,1787908830.627591,349.9281617361105,349.9281617361105,23.798375219618293,349.9366703075756,349.9334454870991,-0.005283750988596125,-0.04870723716779324,0.1583762252848129,0.015021277908936249,registered
15,1787908830.6530366,1787908830.6523774,351.79228597251563,351.79228597251563,25.66249945602346,351.6881889221662,351.4206187087837,0.37166726373194336,0.3457525409215094,0.10325814171854336,0.009843864410162799,registered
16,1787908830.6824687,1787908830.6816616,353.39194405380766,353.39194405380766,27.262157537315456,353.34424624581357,353.1776551769149,0.21428887689271647,0.2476321780229611,0.15635799814542806,0.014919442831312224,registered
17,1787908830.7102113,1787908830.7096415,355.06870514479425,355.06870514479425,28.938918628302055,355.0303282737952,354.85642915783126,0.21227598696300376,0.20262414412049878,0.11194637570267668,0.010431436428010515,registered
18,1787908830.7392895,1787908830.738677,356.8149782956954,356.8149782956954,30.685191779203205,356.7117701061685,356.5985455429493,0.2164327527461225,0.22006377385870834,0.13777007927818655,0.011892139299699823,registered
19,1787908830.7717443,1787908830.7710183,358.11206351495656,358.11206351495656,31.982276998464375,358.33730992248,358.5390003278543,-0.426936812897754,-0.4249744570613636,0.09815095330383132,0.007656469157180699,registered
20,1787908830.7962384,1787908830.79561,359.74132313452446,359.74132313452446,33.61153661803226,359.9780009006889,360.01448638959477,-0.27316325507032957,-0.3599780988705561,0.15362139652794132,0.010559653683589442,registered
21,1787908830.8287094,1787908830.8279426,1.9752320180512015,361.9752320180512,35.84544550155901,361.6529289879454,361.9544261956039,0.020805822447329092,0.004677913747983098,0.14273750456837445,0.009991670680130122,registered
22,1787908830.853384,1787908830.8525734,3.3701991636806383,363.37019916368064,37.24041264718842,363.3220766744315,363.43225827231475,-0.06205910863415198,-0.04949549808374343,0.11945852544874912,0.008744334465214968,registered
23,1787908830.8817883,1787908830.881071,4.907402551462724,364.9074025514627,38.777616034970514,364.9849154257121,365.14210264662,-0.23470009515729373,-0.24054408617141831,0.17047573619154258,0.012139520413775166,registered
24,1787908830.9105492,1787908830.9097624,6.734621006882776,366.7346210068828,40.60483449039056,366.7130940432065,366.86356265602274,-0.12894164913999617,-0.19944655968199498,0.1447588390026613,0.00954988286286384,registered
25,1787908830.938849,1787908830.9382682,8.391415867171133,368.39141586717113,42.261629350678916,368.41965148120676,368.5738933992853,-0.18247753211415585,-0.18343311724085964,0.13993025065955478,0.00968225613294921,registered
26,1787908830.9680772,1787908830.9674366,10.044822719295894,370.0448227192959,43.91503620280367,370.093932214702,370.32397765232116,-0.27915493302531047,-0.27348611003235845,0.12946661552780628,0.009996972924723815,registered
27,1787908830.9960637,1787908830.9953394,11.81044996025372,371.8104499602537,45.680663443761546,371.87651605853375,371.99813112814326,-0.18768116788953648,-0.21325563833430294,0.15577765417592568,0.012566333968972138,registered
28,1787908831.024823,1787908831.02409,13.802431334939058,373.80243133493906,47.672644818446884,373.70432375406585,373.72315307490965,0.07927826002940463,0.014177377400741875,0.17406129950653598,0.013692483439747737,registered
29,1787908831.0535436,1787908831.0525305,15.517519247228734,375.51751924722873,49.38773273073654,375.5259379969086,375.42956425657525,0.08795499065349333,0.10522712627719244,0.18777598094458614,0.01484358207362811,registered
30,1787908831.0828452,1787908831.081721,17.226485931454647,377.22648593145465,51.09669941496246,377.345377569443,377.180978871759,0.0455070596956304,0.0076923132933046645,0.19478428943975862,0.015712392353980777,registered
31,1787908831.1109326,1787908831.1100347,19.185111537467378,379.1851115374674,53.05532502097517,379.1599275085911,378.87977980974,0.3053317277273493,0.26372342103843494,0.1605023895861779,0.012591002900998667,registered
32,1787908831.1390793,1787908831.1384008,21.077352305448187,381.0773523054482,54.94756578895598,380.92463689143244,380.58172784097405,0.49562446447414743,0.5241176736822268,0.15520454337272524,0.011637339113159504,registered
33,1787908831.1676834,1787908831.1670976,22.598324511347755,382.59832451134776,56.46853799485555,382.57008090137106,382.3035168646714,0.29480764667633963,0.3060985730289545,0.12858752782612345,0.009558140859653013,registered
34,1787908831.1960578,1787908831.1954715,24.205322619374954,384.20532261937495,58.075536102882744,384.2134232730298,384.00593695989335,0.19938565948156395,0.20011606354313471,0.15011247714430834,0.010845548064058921,registered
35,1787908831.2247608,1787908831.2240434,25.94063170251229,385.9406317025123,59.810845186020074,385.8666644960431,385.7202301796608,0.22040152285143932,0.245812473057903,0.1291642571569549,0.008239033613424098,registered
36,1787908831.2535396,1787908831.2528508,27.385248554198938,387.38524855419894,61.25546203770675,387.45764379481864,387.4486567091282,-0.06340815492927732,-0.0584977739929613,0.13164292828441482,0.007138736063147118,registered
37,1787908831.2824838,1787908831.2816615,28.819169696952656,388.81916969695266,62.689383180460446,389.06281985676947,389.1772835081663,-0.3581138112136202,-0.3977259841609282,0.1949930385000305,0.009510134216224625,registered
38,1787908831.3105416,1787908831.309766,30.865726163182558,390.86572616318256,64.73593964669034,390.7336878728306,390.86353898804316,0.0021871751393689465,0.007643083033030962,0.11012292740854594,0.005538866170083242,registered
39,1787908831.3389435,1787908831.3383858,32.6192916816932,392.6192916816932,66.489505165201,392.4472208920941,392.5807075066463,0.03858417504685008,0.017946332480491378,0.1551669832747228,0.008090336819202116,registered
40,1787908831.3676908,1787908831.3669207,34.02538388151004,394.02538388151004,67.89559736501786,394.21048507194837,394.29278345616734,-0.2673995746572899,-0.2886358884567244,0.129886543260649,0.006856798629688469,registered
41,1787908831.3963404,1787908831.3957129,35.90331499239221,395.9033149923922,69.77352847590005,395.9940142947794,396.0202944675975,-0.11697947520525531,-0.12932088297921496,0.16424472432733564,0.009045550355858061,registered
42,1787908831.4245598,1787908831.4238672,37.79317035616299,397.793170356163,71.66338383967081,397.7414655296225,397.7095396860648,0.08363067009823055,0.07227136760434405,0.16311908358890856,0.009435069310237763,registered
43,1787908831.454992,1787908831.4543555,39.612287052686554,399.61228705268655,73.48250053619435,399.4638784256373,399.53881624932217,0.07347080336437273,0.06806322568010614,0.17357357860201372,0.010408971818978935,registered
44,1787908831.4818776,1787908831.4813526,41.28886030102808,401.2888603010281,75.15907378453589,401.1886488871445,401.1586251466523,0.13023515437576805,0.11539623437720081,0.20780043227768186,0.012846608660528584,registered
45,1787908831.5104086,1787908831.5098004,42.79200626216084,402.79200626216084,76.66221974566865,402.9340534256611,402.8654797823672,-0.0734735202063348,-0.09657614214009413,0.17329054063070787,0.010603687111129459,registered
46,1787908831.5388727,1787908831.5382364,44.55927307238716,404.55927307238716,78.42948655589495,404.69479808230494,404.5716191696155,-0.01234609722830271,-0.03246621341493494,0.17705081358083566,0.009757938998253677,registered
47,1787908831.5676296,1787908831.5669088,46.44246842867079,406.4424684286708,80.31268191217862,406.3652441177853,406.291949086441,0.15051934222984187,0.12933622783371845,0.11936521248020578,0.005576108669420135,registered
48,1787908831.596031,1787908831.5953872,47.957556943044835,407.95755694304484,81.82777042655266,407.9839710230101,408.0006347582303,-0.0430778151854696,-0.030811091406960145,0.21422690010661954,0.009746209847621508,registered
49,1787908831.6249146,1787908831.6242614,49.88399629530534,409.88399629530534,83.75420977881313,409.7097143219836,409.7330666791106,0.1509296161946878,0.16337091092005096,0.12201480705901835,0.006189630146323863,registered
50,1787908831.6532419,1787908831.6526904,51.63902645346781,411.6390264534678,85.5092399369756,411.4526827733067,411.43879122224826,0.2002352312195086,0.1886964671648883,0.11832496019013841,0.006484551147571942,registered
51,1787908831.6819034,1787908831.681276,52.655902468812315,412.6559024688123,86.52611595232015,413.08804753582433,413.153914130237,-0.49801166142464126,-0.5078604467492767,0.16867644688936906,0.009369664802263313,registered
52,1787908831.7105088,1787908831.7098932,54.650956984811216,414.6509569848112,88.52117046831904,414.765475530478,414.8709252941775,-0.21996830936627987,-0.22840187988876437,0.08458572955680482,0.004599014179766869,registered
53,1787908831.7388701,1787908831.7382717,56.92579747213426,416.92579747213426,90.79601095564209,416.5737609167513,416.5736171838168,0.3521802883174985,0.3231794075541501,0.14164199905137126,0.007632092171644634,registered
54,1787908831.7675352,1787908831.766913,58.178339129820415,418.1783391298204,92.0485526133282,418.22694290099344,418.2920731496598,-0.1137340198394412,-0.12740800839360134,0.0745351599575023,0.004194431562784135,registered
55,1787908831.796745,1787908831.7957623,59.676149606556294,419.6761496065563,93.5463630900641,419.875688836735,420.02301735372964,-0.34686774717334856,-0.3659875963643344,0.13545673782090328,0.00818877053047689,registered
56,1787908831.824989,1787908831.8243406,61.9652906817268,421.9652906817268,95.83550416523461,421.68289052464854,421.73769680766907,0.2275938740577459,0.15125249649200612,0.10381760469979066,0.006566788233561699,registered
57,1787908831.8532803,1787908831.8526607,63.60639928424399,423.606399284244,97.47661276775182,423.4163045451884,423.436883979822,0.16951530442199214,0.1276748171583506,0.10452266604320408,0.006428282675865793,registered
58,1787908831.8821077,1787908831.8815753,64.3987909105158,424.3987909105158,98.2690043940236,425.02885081472937,425.17174774548874,-0.7729568349729732,-0.7017791013337416,0.18745113497318114,0.011343879593770773,registered
59,1787908831.9105077,1787908831.9097447,66.76822467802299,426.768224678023,100.6384381615308,426.761965736252,426.86189417702394,-0.09366949900095278,-0.14860086156208752,0.09004464411349834,0.005552033209503036,registered
60,1787908831.9389768,1787908831.9383,69.09151066044114,429.09151066044114,102.96172414394897,428.5244646763351,428.5751860489382,0.5163246115029949,0.43826660025155206,0.1612777135183892,0.010909996374168797,registered
61,1787908831.96751,1787908831.9668646,70.19760027075989,430.1976002707599,104.0678137542677,430.19880987280624,430.2890501196257,-0.09144984886577845,-0.08492691200092395,0.07628263649214834,0.005316231996634572,registered
62,1787908831.9959748,1787908831.9953992,71.42136346669889,431.4213634666989,105.29157695020672,431.9392949728004,432.0011117641774,-0.5797482974784458,-0.5589421292332162,0.20673323424003656,0.014497481617268203,registered
63,1787908832.0248122,1787908832.024021,73.88935294253713,433.88935294253713,107.75956642604496,433.7617429429823,433.7183947225352,0.17095822000196392,0.20228721182246545,0.10502812679043083,0.006966220421845873,registered
64,1787908832.0541983,1787908832.053593,75.66200259853224,435.66200259853224,109.53221608204002,435.4191676913767,435.49269728865,0.1693053098821906,0.17422895406399164,0.10498848713095249,0.006786075054156075,registered
65,1787908832.08276,1787908832.0820408,76.91628894506408,436.9162889450641,110.78650242857191,437.03764272441504,437.19955192436487,-0.2832629793007868,-0.27444719283717234,0.20581096908515203,0.013494501364999531,registered
66,1787908832.1108818,1787908832.1103177,78.81610875228978,438.8161087522898,112.68632223579756,438.80395543470445,438.89614989706877,-0.0800411447790026,-0.07553581765961326,0.07491672054369657,0.005066232407680886,registered
67,1787908832.1397977,1787908832.1390095,80.75173922610554,440.75173922610554,114.62195270961332,440.6175382834773,440.6176385164102,0.13410070969534615,0.12253163725473826,0.16817860029947115,0.011155679060476702,registered
68,1787908832.1674628,1787908832.1668622,82.09678475658245,442.09678475658245,115.96699824009028,442.2673015267312,442.28878794867256,-0.1920031920900982,-0.221444971499821,0.09266169469461402,0.005870090717823186,registered
69,1787908832.1974704,1787908832.19669,83.66567504290288,443.6656750429029,117.53588852641069,443.9122248558633,444.0784397468806,-0.41276470397768605,-0.45811427821580253,0.256681499363777,0.015399326854522737,registered
70,1787908832.2249658,1787908832.2242799,85.97420323094684,445.97420323094684,119.84441671445464,445.70377212237764,445.73381079796985,0.2403924329769751,0.17085760034632358,0.0859936890381505,0.00513257228053791,registered
71,1787908832.2535696,1787908832.2528923,87.75208925661474,447.75208925661474,121.62230274012254,447.4230376378894,447.45053586252374,0.3015533940909876,0.260519773158137,0.11742882947966696,0.007305610730375593,registered
72,1787908832.2820458,1787908832.2813587,88.73378858098613,448.73378858098613,122.60400206449394,449.06831859323654,449.1585062858465,-0.4247177048603561,-0.30767471056527995,0.24047665092947748,0.015217312076511925,registered
73,1787908832.3106294,1787908832.309965,90.5691630379705,450.5691630379705,124.43937652147834,450.8145508407848,450.87485942119775,-0.3056963832272146,-0.290452374162399,0.09503726195864894,0.006006985822250703,registered
74,1787908832.3390408,1787908832.3384168,93.01000635772357,453.01000635772357,126.88021984123141,452.58664651603965,452.58195724139125,0.4280491163323603,0.34709138632479153,0.1625471488601596,0.009790030262351906,registered
75,1787908832.3678634,1787908832.3671796,94.07655394704682,454.0765539470468,127.94676743055466,454.23916109069205,454.30770874159356,-0.23115479454671117,-0.2848944427669693,0.13244629381877132,0.007842644486113416,registered
76,1787908832.396283,1787908832.3956769,95.66392970757647,455.6639297075765,129.5341431910843,455.8974729024918,456.0175245059601,-0.3535947983836252,-0.41913543895662997,0.23763813608629866,0.01404320791001923,registered
77,1787908832.4249337,1787908832.424277,98.03711264357457,458.0371126435746,131.90732612708234,457.7053537541083,457.73352001707804,0.30359262649648144,0.31894915065180385,0.13968081938302576,0.008514386527273802,registered
78,1787908832.4535022,1787908832.4528577,99.60519563399691,459.6051956339969,133.4754091175047,459.40406403006347,459.4483425207108,0.15685311328610396,0.15519574349130494,0.10461213926808524,0.006405464562504411,registered
79,1787908832.4820201,1787908832.4813747,100.69103252659875,460.69103252659875,134.56124601010652,461.0803921386355,461.1593455975319,-0.4683130709332204,-0.47821333429777724,0.23160377992516762,0.013935148469149165,registered
80,1787908832.5109882,1787908832.5101743,102.62469250241094,462.62469250241094,136.49490598591873,462.8627034587956,462.88730006301137,-0.2626075606004292,-0.29986544946089566,0.12960231791849158,0.007262421754002337,registered
81,1787908832.5393121,1787908832.5386336,105.01862558889786,465.01862558889786,138.88883907240563,464.61212782263647,464.59484133725414,0.4237842516436672,0.47558079730231384,0.2485044676562566,0.012822540098039159,registered
82,1787908832.5678246,1787908832.567145,106.25213107533921,466.2521310753392,140.122344558847,466.30933768557344,466.30551539978063,-0.05338432444142427,-0.12551670650319124,0.14806915934856618,0.007668638907084769,registered
83,1787908832.5965166,1787908832.595763,108.01820378958303,468.018203789583,141.88841727309082,468.0093102876293,468.0225694786292,-0.004365689046124999,-0.1630142410208748,0.27191498601719644,0.014808707709102432,registered
84,1787908832.625118,1787908832.624334,109.74915205811203,469.74915205811203,143.6193655416198,469.7822988465889,469.7368197834886,0.012332274623389594,0.10938629312150283,0.17177271036987513,0.009693246434354293,registered
85,1787908832.6535995,1787908832.6530108,111.60167751095071,471.6016775109507,145.4718909944585,471.47204169488026,471.4574071897621,0.14427032118859984,0.13742865186276276,0.13760679007698287,0.007534602462297505,registered
86,1787908832.6817722,1787908832.681208,113.03011856166029,473.0301185616603,146.90033204516808,473.1218780156343,473.1492129977398,-0.1190944360795072,-0.010131758604416063,0.255266414912665,0.01304512745581354,registered
87,1787908832.7104697,1787908832.7098029,114.55232653632413,474.55232653632413,148.42254001983196,474.87021872540265,474.86489379953247,-0.3125672632083081,-0.2813831928716297,0.13173692626684663,0.006197403510259414,registered
88,1787908832.748423,1787908832.747576,116.90971101504175,476.90971101504175,150.77992449854955,476.5977035032286,477.13125870072656,-0.2215476856847829,-0.3139460506525893,0.19587540865775757,0.008765405328193582,registered
89,1787908832.7678127,1787908832.767068,118.37966489980624,478.37966489980624,152.24987838331404,478.3158510092268,478.3007614684573,0.07890343134891964,0.022014346314648492,0.1472742692212715,0.0067064107141971575,registered
90,1787908832.7963395,1787908832.79575,119.9190408946775,479.9190408946775,153.7892543781853,480.03370341271733,480.0216635840561,-0.10262268937862018,-0.19650489051579711,0.2540755582900811,0.011719361887182096,registered
91,1787908832.8271415,1787908832.8244464,121.75469511563676,481.75469511563676,155.62490859914453,481.78344498899946,481.74343830278417,0.01125681285256519,-0.0032093582057655112,0.1732867477456248,0.007769233899406354,registered
92,1787908832.8536108,1787908832.8529549,123.54920557440107,483.54920557440107,157.4194190579089,483.4812941496788,483.45392640070935,0.09527917369175043,0.11986365551462086,0.20713404942968883,0.00881095412078047,registered
93,1787908832.8819387,1787908832.881391,125.08441773372158,485.0844177337216,158.95463121722935,485.10745562559293,485.16008009292693,-0.07566235920538134,-0.027133114037212636,0.3107481933325606,0.013041672787468718,registered
94,1787908832.9107826,1787908832.909968,126.8273720173197,486.8273720173197,160.69758550082753,486.7966188470239,486.87467371705037,-0.0473016997306388,-0.054071715846504276,0.1982231052916919,0.0086226293968392,registered
95,1787908832.939104,1787908832.9386067,128.51003150662683,488.51003150662683,162.38024499013463,488.48559107340384,488.5929866332001,-0.08295512657326753,-0.040829296690162664,0.289567697244701,0.013330542739429031,registered
96,1787908832.9677005,1787908832.9671516,130.12036049217352,490.1203604921735,163.99057397568134,490.1419522458428,490.30566339143303,-0.18530289925948296,-0.23144054402300185,0.22080686380722525,0.010870594593904983,registered
97,1787908832.9967413,1787908832.995988,131.8034890645651,491.8034890645651,165.6737025480729,491.81333908912404,492.0358208221896,-0.232331757624479,-0.3402592441643151,0.3176904452770664,0.016939206664146552,registered
98,1787908833.0254185,1787908833.0246108,133.4984949922922,493.4984949922922,167.36870847579996,493.55302236463206,493.75317530539405,-0.25468031310191463,-0.24315268038347426,0.2746440555325124,0.015735491871674258,registered
99,1787908833.0537498,1787908833.0529425,135.3519558186199,495.3519558186199,169.22216930212767,495.3119513409384,495.4530634210443,-0.10110760242443462,-0.14303895255207522,0.26196515750594807,0.016103471936757575,registered
100,1787908833.082528,1787908833.0818202,137.02562623927207,497.02562623927207,170.89583972277987,497.1107166023226,497.1857099164646,-0.16008367719251737,-0.15993924666108228,0.2804427417013323,0.018390089580071784,registered
101,1787908833.1107748,1787908833.1101124,138.8844450123339,498.8844450123339,172.75465849584174,498.92832200597775,498.8832234072057,0.0012216051282223361,-0.019842558050669368,0.20774761682872492,0.014188325034233165,registered
102,1787908833.1390402,1787908833.1384573,140.84803697155445,500.84803697155445,174.71825045506225,500.74946742297107,500.5838982961692,0.2641386753852544,0.22402334217775888,0.2319522452239995,0.015336434859187164,registered
103,1787908833.1684928,1787908833.1677551,142.57351455180435,502.57351455180435,176.44372803531218,502.55704056719503,502.3417501475524,0.23176440425203282,0.2500331141368122,0.17336025216630793,0.010735096226882526,registered
104,1787908833.1961732,1787908833.1955717,144.32129410164112,504.3212941016411,178.19150758514888,504.3313957393065,504.0107252244763,0.31056887716479764,0.35666137932221886,0.23416814186508128,0.014111620592905015,registered
105,1787908833.2249355,1787908833.2243345,146.0209334564177,506.0209334564177,179.8911469399255,506.019838275823,505.7364767246786,0.28445673173911246,0.24383588173589033,0.16745370959536732,0.01051134663883112,registered
106,1787908833.2535975,1787908833.2528982,147.74633821961845,507.74633821961845,181.61655170312625,507.6426807216583,507.4502835754888,0.29605464412966853,0.2550680315956697,0.12845507930103262,0.008656368737949682,registered
107,1787908833.2821095,1787908833.2814732,149.33458037804184,509.33458037804184,183.20479386154963,509.27595188832237,509.1647627598576,0.16981761818428254,0.23644036954607373,0.1859924603716114,0.013223262174028593,registered
108,1787908833.3107133,1787908833.3099833,150.8601877365412,510.8601877365412,184.730401220049,510.90996724945217,510.87535099256803,-0.015163256026824001,0.04417032052629111,0.11050042345526725,0.008033958848698773,registered
109,1787908833.3393931,1787908833.3387277,152.25863770150988,512.2586377015099,186.12885118501765,512.5249679908854,512.6000010101318,-0.3413633086219363,-0.3221332827737058,0.15768475117666805,0.01138026333928703,registered
110,1787908833.367865,1787908833.3672845,154.2005335946103,514.2005335946103,188.07074707811813,514.1333437679873,514.3133930168314,-0.11285942222102108,-0.07743225083211769,0.12591854946521472,0.008782982810794045,registered
111,1787908833.3965287,1787908833.3957567,156.00864707449352,516.0086470744935,189.87886055800132,515.7605153757845,516.0217067594181,-0.013059684924542125,-0.10061101521597493,0.18796628925343323,0.013169322790857876,registered
112,1787908833.4251425,1787908833.4243815,157.42509516850794,517.4250951685079,191.2953086520157,517.4351303493602,517.7391756823772,-0.3140805138692997,-0.2830840689636318,0.13298400545138192,0.009997482634088763,registered
113,1787908833.453677,1787908833.4530756,159.07549320356804,519.075493203568,192.94570668707587,519.1501516519094,519.460807351412,-0.3853141478438715,-0.40438699094568165,0.1352209079640032,0.011520717065719997,registered
114,1787908833.4824963,1787908833.4816523,160.8176415206998,520.8176415206998,194.68785500420762,520.9618927299312,521.175386670566,-0.3577451498662185,-0.3555770198556445,0.17020877061366133,0.015943617662800915,registered
115,1787908833.5106654,1787908833.5099962,162.6984696086048,522.6984696086048,196.56868309211262,522.7675294772212,522.8760043396521,-0.17753473104735917,-0.1929500182151287,0.1616485691718287,0.015420568916857362,registered
116,1787908833.5391233,1787908833.5385778,164.59361397954194,524.5936139795419,198.4638274630498,524.6134240292045,524.5908840631622,0.0027299163797636083,-0.04503642027404453,0.23317557320490104,0.022141997079670482,registered
117,1787908833.568125,1787908833.567533,166.54545721989348,526.5454572198935,200.41567070340133,526.5115773737547,526.3281796736154,0.2172775462780976,0.2040755794398308,0.17763174940156062,0.017586079496613033,registered
118,1787908833.5967271,1787908833.5959582,168.6304821810055,528.6304821810055,202.50069566451333,528.3783850908331,528.0336753372437,0.5968068437617831,0.5905674644052965,0.1784758849164918,0.017772249639141674,registered
119,1787908833.6249993,1787908833.6243405,170.13807486998985,530.1380748699899,204.00828835349762,530.1740113975428,529.7365961063923,0.40147876359748125,0.4000989570492095,0.11806027740960617,0.010912384004370652,registered
120,1787908833.6535563,1787908833.6528125,171.82864950418877,531.8286495041888,205.69886298769657,531.9021309636304,531.4448955440097,0.3837539601790638,0.39108039335951617,0.14465352562627626,0.011712316061387744,registered
121,1787908833.682614,1787908833.6819348,173.62368131310416,533.6236813131042,207.49389479661198,533.6223226233597,533.1922189379645,0.4314623751396027,0.4431199397072305,0.1423968831155998,0.010504653771424526,registered
122,1787908833.710954,1787908833.7102828,175.25140542828706,535.2514054282871,209.12161891179483,535.256369291282,534.8930797915293,0.3583256367576553,0.30899284168441454,0.11189437985541299,0.008275322485141878,registered
123,1787908833.7394097,1787908833.73865,176.78935816216642,536.7893581621664,210.65957164567425,536.804357380003,536.59509934761,0.19425881455640592,0.17667746259854766,0.12453639945977303,0.00956138435495754,registered
124,1787908833.7677133,1787908833.7671046,178.5281000931475,538.5281000931475,212.3983135766553,538.4412837515781,538.3023545224662,0.22574557068131185,0.2174516859271023,0.11102299614937657,0.008876318256090409,registered
125,1787908833.7964833,1787908833.795858,180.22932734589494,540.229327345895,214.09954082940274,540.0984546401737,540.0275338238953,0.20179352199971845,0.18808039934648946,0.15708818079824305,0.012816203345531242,registered
126,1787908833.8255618,1787908833.8248785,181.43970285788123,541.4397028578812,215.30991634138897,541.7046291263096,541.7687489959453,-0.3290461380642,-0.3281375961655897,0.09139146702294272,0.007427161416798238,registered
127,1787908833.8536549,1787908833.8531206,183.13512772860815,543.1351277286082,217.00534121211592,543.3132736055413,543.4632584431267,-0.3281307145186645,-0.32175157453974634,0.11120361360065872,0.008665350122722671,registered
128,1787908833.8824513,1787908833.8817976,185.30801640238633,545.3080164023863,219.17822988589413,544.9962815791027,545.1838601543695,0.12415624801673175,0.10689760144978777,0.16600822776445112,0.01166650812141367,registered
129,1787908833.910973,1787908833.9100614,186.82203136004102,546.822031360041,220.6922448435488,546.6730098480948,546.8796713537603,-0.057639993719249105,-0.06164707635483069,0.13669673157904372,0.009403568656165297,registered
130,1787908833.940468,1787908833.9391015,188.14035166549513,548.1403516654951,222.01056514900296,548.3882734666834,548.6220595332956,-0.48170786780042363,-0.38104039469104123,0.16885562486538383,0.012303068386939791,registered
131,1787908833.9712987,1787908833.970034,190.0868985879124,550.0868985879124,223.9571120714202,550.1888076775431,550.4779862544183,-0.39108766650593907,-0.37668527067921787,0.1629596114527758,0.013048457835862249,registered
132,1787908833.999388,1787908833.9981024,192.1453264542855,552.1453264542855,226.01553993779333,551.9928883580452,552.1620816839261,-0.016755229640580183,-0.11069999062269176,0.2352872461465838,0.018917484726082998,registered
133,1787908834.0279582,1787908834.0265465,193.66643539205415,553.6664353920542,227.5366488755619,553.7825848512516,553.8687074401316,-0.20227204807756038,-0.20881447211863247,0.22691960408647294,0.01863056567216566,registered
134,1787908834.056088,1787908834.0542645,195.6170514104781,555.6170514104781,229.48726489398592,555.6624750486011,555.5317745647216,0.08527684575659578,0.024786398264069476,0.22742733501133783,0.020766312600294348,registered
135,1787908834.085778,1787908834.0843356,197.641014862033,557.641014862033,231.51122834554076,557.5651920980416,557.3360174316481,0.30499743038490124,0.21706759122324115,0.22076880988115025,0.020627391648710247,registered
136,1787908834.1163208,1787908834.114614,199.45265591147518,559.4526559114752,233.322869394983,559.3456912188929,559.1527056218933,0.29995028958182957,0.32225670674006324,0.17467737145138304,0.01450463380567782,registered
137,1787908834.142957,1787908834.141493,201.02448060433915,561.0244806043391,234.89469408784697,561.0623154441552,560.7654335594043,0.25904704493493114,0.2847921443849373,0.20633989335773273,0.015466743153911755,registered
138,1787908834.1697547,1787908834.1685143,202.84644355480975,562.8464435548098,236.71665703831755,562.8099015491322,562.3866872586369,0.4597562961728272,0.43541196279548444,0.18621334618600152,0.013957707726820628,registered
139,1787908834.1984603,1787908834.1972418,204.5275304651268,564.5275304651268,238.39774394863454,564.4667511499648,564.1103216233781,0.41720884174864636,0.42157901109982276,0.18026557925148534,0.013671451888899547,registered
140,1787908834.2278752,1787908834.2265346,205.8951837049094,565.8951837049094,239.7653971884172,566.0395439839816,565.8678730704053,0.027310634504118525,0.03321891951327416,0.1383344945579093,0.010204919306835893,registered
141,1787908834.257344,1787908834.2562993,207.60106541613754,567.6010654161375,241.47127889964537,567.5883711068085,567.6537340517403,-0.0526686356027426,-0.09416081259266207,0.1511673102131865,0.010664702292819375,registered
142,1787908834.2831578,1787908834.2820122,209.41426474952198,569.414264749522,243.28447823302977,569.1963261415463,569.1964963842488,0.21776836527320143,0.1799774840149837,0.1477569133047967,0.009813485017049619,registered
143,1787908834.3113976,1787908834.3105867,210.7554799647869,570.7554799647869,244.62569344829467,570.8130214240189,570.9109469586789,-0.15546699389199148,-0.19304574907812366,0.13621912219767893,0.008196865772144145,registered
144,1787908834.339479,1787908834.3387647,212.21312347331832,572.2131234733183,246.08333695682612,572.4565077440839,572.60160836911,-0.38848489579169154,-0.40807074718904346,0.18404989658686147,0.009415970469382152,registered
145,1787908834.3687541,1787908834.3679907,214.07587922517087,574.0758792251709,247.94609270867866,574.1631740040492,574.3551544247242,-0.279275199553382,-0.32682668528684644,0.21527960939237178,0.009494526105037357,registered
146,1787908834.396744,1787908834.395918,216.1064883872922,576.1064883872922,249.97670187079996,575.8931759126814,576.0307670074183,0.07572137987395422,0.14770802777931635,0.2505909521598965,0.011494763836143656,registered
147,1787908834.4253898,1787908834.4245903,217.67538242711248,577.6753824271125,251.54559591062025,577.6274989576278,577.7510969242437,-0.07571449713128686,-0.060459614783127336,0.22466858118830718,0.01107331194444078,registered
148,1787908834.453976,1787908834.4532173,219.34136491792776,579.3413649179278,253.21157840143556,579.47016136568,579.4686945919268,-0.12732967399909967,-0.13554054442835195,0.2606321622988638,0.013739907042116575,registered
149,1787908834.482409,1787908834.4817271,221.28316253540777,581.2831625354078,255.15337601891554,581.2808865584475,581.1792685196681,0.10389401573971213,0.11492079177196501,0.28354115153675624,0.015108499569585399,registered
150,1787908834.5118048,1787908834.510896,223.064101338643,583.064101338643,256.93431482215084,583.0253643758581,582.9293813826425,0.1347199560004242,0.1316482877955707,0.25038632010910156,0.011865667846731003,registered
151,1787908834.5396292,1787908834.538872,224.6677190982873,584.6677190982873,258.5379325817952,584.7282228434764,584.6079264840496,0.05979261423777871,0.028974284933497074,0.27549943654298786,0.010694816285190532,registered
152,1787908834.5687919,1787908834.568003,226.67774151724984,586.6777415172498,260.5479550007577,586.4568521880693,586.3557648569004,0.3219766603494918,0.2951199584401252,0.28027126121328116,0.009083696154928792,registered
153,1787908834.5970643,1787908834.5959587,228.0974875604379,588.0974875604379,261.9677010439458,588.1437113921484,588.0330940359142,0.06439352452377989,0.026030283351246908,0.28390562689444404,0.009527693334752538,registered
154,1787908834.6256394,1787908834.6248708,229.74522985315275,589.7452298531528,263.61544333666063,589.7941031563975,589.7678004469183,-0.02257059376546522,-0.06692834301719586,0.1693599363493618,0.006338217232745539,registered
155,1787908834.6548536,1787908834.6540892,231.38767207401565,591.3876720740157,265.2578855575235,591.4827861447761,591.5208887435139,-0.13321666949821065,-0.17502790339602825,0.1453244328731907,0.0059227026727336814,registered
156,1787908834.682947,1787908834.682219,233.1706426361244,593.1706426361244,267.0408561196322,593.1747544105426,593.2086605501399,-0.0380179140155974,-0.07528209450964596,0.23471246510853577,0.010043667957307168,registered
157,1787908834.7108219,1787908834.7102664,234.8406011485041,594.8406011485041,268.71081463201193,594.8370438787529,594.8914828373772,-0.050881688873118947,-0.09283899216336522,0.0922053807453135,0.004012864482557468,registered
158,1787908834.7396653,1787908834.7389498,236.5980350736213,596.5980350736213,270.46824855712913,596.5576781221919,596.612470782792,-0.014435709170697919,-0.10601529274009636,0.14397537693426826,0.006210357441138976,registered
159,1787908834.7680695,1787908834.767516,238.36329405578613,598.3632940557861,272.2335075392939,598.2458801142366,598.3264206832955,0.036873372490560996,-0.03386711356716887,0.09638989531453748,0.004022281462804653,registered
160,1787908834.7971292,1787908834.7962902,239.89318357470336,599.8931835747034,273.7633970582112,599.9439198304896,600.0528588220258,-0.15967524732241145,-0.19897093844940628,0.20058441428860518,0.008196057431890658,registered
161,1787908834.8256888,1787908834.8249698,241.56812812597764,601.5681281259776,275.43834160948546,601.6477198561067,601.7736178879313,-0.2054897619536291,-0.3066053802982083,0.13111689838740162,0.005414376804348435,registered
162,1787908834.853971,1787908834.8533344,243.32748072750042,603.3274807275004,277.19769421100824,603.3524682674356,603.4754800893493,-0.14799936184886064,-0.19278288745420014,0.10849691769861546,0.004623559975643199,registered
163,1787908834.8823338,1787908834.8816457,245.019790685835,605.019790685835,278.89000416934283,605.0405429887006,605.174137977637,-0.15434729180191198,-0.1546396173963558,0.19983304438264968,0.008834472760458179,registered
164,1787908834.9123652,1787908834.9116182,246.86310018003985,606.8631001800399,280.7333136635477,606.758269859565,606.9724728922295,-0.10937271218955402,-0.14490503400435273,0.09391719594811791,0.004348691431999229,registered
165,1787908834.9395213,1787908834.9388914,248.55156988352064,608.5515698835206,282.42178336702847,608.5151721925786,608.6088469440459,-0.05727706052527992,-0.09290421885356182,0.16703205711039693,0.007899510918313684,registered
166,1787908834.9685755,1787908834.9677258,250.14823858468935,610.1482385846894,284.0184520681971,610.2397309901803,610.3388899350477,-0.19065135035850744,-0.2436041514193903,0.11570463843718294,0.005425301815325662,registered
167,1787908834.996607,1787908834.99596,251.8948470054488,611.8948470054488,285.7650604889567,611.9441114723329,612.0329273182413,-0.13808031279239685,-0.19743694991132088,0.20484758185897595,0.00955011434101919,registered
168,1787908835.0255673,1787908835.0249274,253.75702693584162,613.7570269358416,287.6272404193494,613.6792805061978,613.7709524821304,-0.013925546288817259,-0.08301992328341612,0.13074330662323666,0.006237143667473517,registered
169,1787908835.054074,1787908835.0533235,255.4300355835353,615.4300355835353,289.3002490670432,615.3944263076469,615.4747029395003,-0.0446673559648616,-0.10838408668030297,0.12300055302584385,0.006022805730205982,registered
170,1787908835.082742,1787908835.0820158,257.01918077325263,617.0191807732526,290.88939425676045,617.089899755628,617.1962201687803,-0.17703939552768588,-0.21600841283407135,0.25116487385487735,0.01265071648791668,registered
171,1787908835.112037,1787908835.1113117,258.80822571511,618.80822571511,292.67843919861775,618.7816800350363,618.9539575804088,-0.14573186529884197,-0.2158980818079499,0.13170416752096167,0.006898144075595055,registered
172,1787908835.1397443,1787908835.139046,260.63538461582607,620.6353846158261,294.5055980993339,620.5401869479969,620.6179974429133,0.01738717291283365,-0.05315145202393978,0.17937841649209973,0.009564982012827962,registered
173,1787908835.1682334,1787908835.1675332,262.12252883658357,622.1225288365836,295.99274232009145,622.2352706155234,622.3272123985678,-0.20468356198421134,-0.2576367708074372,0.11878958766553327,0.006261415667135969,registered
174,1787908835.1969326,1787908835.1961646,263.78479025165575,623.7847902516557,297.6550037351636,623.8994275950779,624.0450818606682,-0.26029160901254045,-0.3335974246096498,0.21061986447869094,0.010914789606025896,registered
175,1787908835.2264652,1787908835.225571,265.7371033493588,625.7371033493588,299.6073168328666,625.6536047321804,625.8094424730974,-0.0723391237386295,-0.13969440463398541,0.13607687191835616,0.007076579511831631,registered
176,1787908835.2539668,1787908835.2533288,267.66368643556075,627.6636864355607,301.5338999190686,627.3913704993225,627.4748985275658,0.18878790799499257,0.127954662903619,0.14028627690139542,0.0074948672849615835,registered
177,1787908835.2827816,1787908835.2821534,268.73312373259455,628.7331237325945,302.60333721610243,629.0199314955539,629.2043550148251,-0.47123128223040567,-0.5078480526659064,0.23657952973163,0.012925038880355517,registered
178,1787908835.3109086,1787908835.3102372,270.6432774460193,630.6432774460193,304.51349092952717,630.7191399234263,630.88936596237,-0.24608851635071005,-0.32052539807745006,0.1045411978323747,0.005938696106952247,registered
179,1787908835.3399322,1787908835.3393123,272.83714219277124,632.8371421927712,306.70735567627906,632.4666371134603,632.6338569723971,0.20328522037408447,0.05063905910168387,0.20616875140735305,0.011868399140443965,registered
180,1787908835.368166,1787908835.3675427,274.00824364007985,634.0082436400799,307.8784571235877,634.1542949857701,634.3276654760814,-0.31942183600148155,-0.37267118089772566,0.08689005090215254,0.004981294160652474,registered
181,1787908835.3975134,1787908835.3967593,275.42022078974605,635.420220789746,309.29043427325394,635.8154116826739,636.0806393329224,-0.6604185431762062,-0.6697806477951644,0.23035349861680185,0.013211353016426543,registered
182,1787908835.4269912,1787908835.426095,277.9169361325662,637.9169361325662,311.7871496160741,637.6296023533928,637.8407656744291,0.076170458137085,0.01972907905201282,0.11404195435990402,0.0067891227442411295,registered
183,1787908835.454086,1787908835.4534335,279.60647055439415,639.6064705543941,313.476684037902,639.3629668926541,639.4810592878426,0.12541126655150947,0.0742351213629604,0.11622642286075476,0.007135653172682507,registered
184,1787908835.4825113,1787908835.4818528,280.80594405079455,640.8059440507946,314.67615753430243,641.050062993423,641.1861973272378,-0.38025327644311346,-0.491345978947038,0.2349416067067762,0.014517150063918603,registered
185,1787908835.5109894,1787908835.5103805,282.6513184709489,642.6513184709489,316.52153195445675,642.8377183247414,642.8978441276788,-0.24652565672982973,-0.3311815688037427,0.1017564822011348,0.006113589790150944,registered
186,1787908835.5397348,1787908835.5389953,284.95126202470215,644.9512620247021,318.82147550821,644.6176819636001,644.6147122419259,0.3365497827762738,0.3480375867919747,0.24892397844135522,0.014120849798820044,registered
187,1787908835.5681608,1787908835.5674372,286.204988884406,646.204988884406,320.0752023679138,646.2712701113926,646.3212092534075,-0.11622036900155308,-0.1369337314057475,0.11166273620209366,0.006300224911307475,registered
188,1787908835.5967824,1787908835.5960486,287.78779632421777,647.7877963242178,321.6580098077256,647.9516552025436,648.037877098084,-0.2500807738662729,-0.2672270723053316,0.21382666688978125,0.012369484632489474,registered
189,1787908835.6282756,1787908835.6269462,289.84301149236126,649.8430114923613,323.71322497586914,649.7195872330608,649.8917152936843,-0.04870380132302898,-0.07893212013971151,0.137086408092793,0.008244277479756739,registered
190,1787908835.6540034,1787908835.6533868,291.59063171707464,651.5906317170746,325.46084520058247,651.4385169379027,651.4781363925938,0.11249532448084665,0.050396227167823326,0.10957488863898528,0.006562043769921978,registered
191,1787908835.6823926,1787908835.6817758,292.8553342726019,652.8553342726019,326.72554775610973,653.075523058056,653.1814577008837,-0.32612342828178953,-0.41766521365406106,0.22859321954613296,0.013211282290926264,registered
192,1787908835.7118645,1787908835.711192,294.6292966155577,654.6292966155577,328.4995100990655,654.8055603865048,654.9464048170555,-0.3171082014977742,-0.37237772863062446,0.09232774529000794,0.004996790952042946,registered
193,1787908835.739626,1787908835.738986,296.8514843764236,656.8514843764236,330.72169785993145,656.5346417009594,656.6140352268621,0.23744914956142793,0.14217929328668788,0.17013051155853337,0.0094792284670629,registered
194,1787908835.7682219,1787908835.7675447,298.2591992530331,658.2591992530331,332.12941273654087,658.1811082069191,658.3275416733164,-0.06834242028338622,-0.10896349384751147,0.09786585370492837,0.00587895460484647,registered
195,1787908835.797607,1787908835.7968638,299.6059562106552,659.6059562106552,333.4761696941631,659.8431926282205,660.0866666669701,-0.48071045631485276,-0.47235211638042074,0.20214834489959557,0.012755437781534125,registered
196,1787908835.8256097,1787908835.8249068,301.6455675446946,661.6455675446946,335.51578102820247,661.5978717518021,661.7692314647594,-0.12366392006475735,-0.2025364377057599,0.12105568953039673,0.007600832566743562,registered
197,1787908835.8544188,1787908835.8535903,303.40856528735617,663.4085652873562,337.27877877086394,663.2923017379171,663.4902194101742,-0.08165412281806539,-0.157098326322739,0.13542943999692864,0.008184126172376481,registered
198,1787908835.882687,1787908835.881876,304.72721686002296,664.727216860023,338.5974303435308,664.9125829964332,665.1873466667433,-0.4601298067203743,-0.5570519629496289,0.21114432387191195,0.012556222418109619,registered
199,1787908835.9114044,1787908835.91062,306.63577092309856,666.6357709230986,340.50598440660633,666.6379061587559,666.9119680743684,-0.27619715126991196,-0.3485681551838411,0.10306300403435054,0.0061665256994170425,registered
200,1787908835.9399986,1787908835.9392147,308.66633613679574,668.6663361367957,342.53654962030356,668.3998546665166,668.6276345711917,0.03870156560401483,0.030479424661621124,0.1805384486466499,0.011237697605589157,registered
201,1787908835.9683855,1787908835.9676466,310.015526159051,670.015526159051,343.88573964255875,670.0971400814863,670.3335307739613,-0.3180046149104214,-0.3908854461223541,0.15387625802665816,0.010001510934248748,registered
202,1787908835.9971557,1787908835.9964783,311.5786083623907,671.5786083623907,345.44882184589846,671.8193857648798,672.0634164103005,-0.4848080479099508,-0.5604187750955703,0.20197692218129673,0.013887355581773377,registered
203,1787908836.025619,1787908836.024947,313.71394016746433,673.7139401674643,347.58415365097215,673.6257145811692,673.7715155783474,-0.05757541088303242,-0.1173755215426695,0.18266223364104303,0.01334273364229728,registered
204,1787908836.054965,1787908836.0540867,315.51817404974645,675.5181740497464,349.38838753325433,675.3877631994883,675.5198832350634,-0.0017091853169404203,-0.062415407545074686,0.17623915403411752,0.013278534514950814,registered
205,1787908836.083474,1787908836.082377,317.0451847296015,677.0451847296015,350.9153982131093,677.1430807328935,677.2172822860499,-0.17209755644842062,-0.14937021001622952,0.23147004895791193,0.017988931632751403,registered
206,1787908836.112391,1787908836.1114373,318.89040708202003,678.89040708202,352.76062056552786,678.9851968259102,678.9608863879785,-0.070479305958429,-0.07989229037917767,0.15945061606482366,0.013042908172481401,registered
207,1787908836.140463,1787908836.1398113,320.938842757535,680.938842757535,354.80905624104287,680.803676151379,680.6633064832004,0.2755362743346268,0.2292222567195381,0.1609334924487927,0.01345958703999026,registered
208,1787908836.1682682,1787908836.1676562,322.4698975364704,682.4698975364704,356.3401110199783,682.4845038730407,682.3339838514748,0.1359136849956144,0.10102938334904366,0.13492566469838496,0.011012002153170157,registered
209,1787908836.1971338,1787908836.196392,324.14517269509236,684.1451726950924,358.0153861786002,684.1572932152168,684.0581188901426,0.08705380494967585,0.01858729427988237,0.19439726208549804,0.01547727333286364,registered
210,1787908836.2259464,1787908836.225059,326.04430810361,686.04430810361,359.9145215871178,685.8680507790474,685.7781197926736,0.26618831093639983,0.22508710795216302,0.12194258006342631,0.009717415184988927,registered
211,1787908836.2558296,1787908836.2548559,327.5633420215072,687.5633420215072,361.4335555050151,687.5368147313425,687.5659119448684,-0.0025699233611362615,-0.03877357422959449,0.09703697299897655,0.007516322292147889,registered
212,1787908836.284548,1787908836.2834086,328.849862226093,688.849862226093,362.72007570960085,689.1850768756317,689.2790607670893,-0.4291985409963104,-0.46917063695627803,0.15266452285796064,0.011083758192504638,registered
213,1787908836.311703,1787908836.3109298,330.8307506262249,690.8307506262249,364.70096410973275,690.8854621631265,690.930311987011,-0.09956136078608324,-0.15115387253950985,0.11800323295126436,0.007754002715002196,registered
214,1787908836.3403964,1787908836.3396673,332.78018350070374,692.7801835007037,366.6503969842115,692.5468172531603,692.6545471604642,0.12563634023950954,0.12002159874703011,0.1567292333892725,0.010236798123331383,registered
215,1787908836.3684297,1787908836.3677616,334.288863074622,694.288863074622,368.15907655812975,694.210829936384,694.3401875266597,-0.051324452037874835,-0.07893944113845919,0.10455191482483077,0.006991011339856558,registered
216,1787908836.3965857,1787908836.3959534,335.89697778353866,695.8969777835387,369.7671912670464,695.922652045833,696.0316786253122,-0.13470084177356512,-0.17675115366751015,0.15203355621533288,0.01077304660340842,registered
217,1787908836.4254262,1787908836.4248242,337.60651594612716,697.6065159461272,371.476729429635,697.645035701293,697.7639102766218,-0.15739433049469653,-0.1921412030349643,0.12511257710212104,0.009953184025913496,registered
218,1787908836.4548113,1787908836.4539227,339.19624988694613,699.1962498869461,373.066463370454,699.3150110036729,699.5098031736435,-0.3135532866972994,-0.33929207814759366,0.10051453939775236,0.008765054133763741,registered
219,1787908836.4825735,1787908836.4819767,341.0512165822529,701.0512165822529,374.9214300657608,701.0069628628305,701.193026000022,-0.14180941776908185,-0.15905777654893427,0.12813470906111604,0.011655838856396759,registered
220,1787908836.5115662,1787908836.5109284,342.78557169388375,702.7855716938838,376.6557851773916,702.7728964789151,702.9301070359352,-0.14453534205148344,-0.15477476897632414,0.11404704579670008,0.010668436629995488,registered
221,1787908836.539999,1787908836.539315,344.57900517341045,704.5790051734105,378.4492186569182,704.5665277933249,704.6332852945318,-0.05428012112139413,-0.0658664724583673,0.11785782404920458,0.011577229274330074,registered
222,1787908836.56823,1787908836.567562,346.34839485043926,706.3483948504393,380.2186083339471,706.3595699680171,706.3280951460692,0.020299704370074778,0.01753533385578976,0.14133465052250643,0.014122195412828631,registered
223,1787908836.5979207,1787908836.597042,348.08634308942135,708.0863430894213,381.9565565729292,708.1448000388876,708.096875994022,-0.010532904600552229,-0.020090396475382022,0.16942267600553376,0.016460751705096872,registered
224,1787908836.6254523,1787908836.624746,349.9703284180853,709.9703284180853,383.84054190159304,709.9440289768045,709.7590991254212,0.21122929266402934,0.18417336076936408,0.17166689624373802,0.016279731254459064,registered
225,1787908836.6539853,1787908836.653435,351.743191343047,711.743191343047,385.6134048265548,711.7003741424151,711.4804160851306,0.2627752579163598,0.2427371605706412,0.11414438769293124,0.010879235010789917,registered
226,1787908836.6825752,1787908836.6819317,353.37281819398027,713.3728181939803,387.2430316774881,713.3533013836509,713.1902032395585,0.18261495442175146,0.1901858713913498,0.16208620828279235,0.01546746859148122,registered
227,1787908836.7111502,1787908836.710353,355.0844159609817,715.0844159609817,388.95462944448957,715.0369570521062,714.8954557187083,0.18896024227353792,0.1764081526560517,0.10864737211517501,0.010119922259875395,registered
228,1787908836.7402039,1787908836.7394319,356.88040234703567,716.8804023470357,390.75061583054355,716.7229855214981,716.6401756082446,0.2402267387910797,0.23538251413413036,0.1276971223872892,0.010975805522334417,registered
229,1787908836.7684262,1787908836.767673,358.1154413853924,718.1154413853924,391.9856548689002,718.3507201287852,718.3346278355488,-0.2191864501563714,-0.21318481141202028,0.11711511822058246,0.009133093368380835,registered
230,1787908836.7969642,1787908836.7963579,359.7590757518235,719.7590757518235,393.62928923533127,719.9982454514733,720.0557016107796,-0.2966258589560766,-0.3186085696986538,0.14332403269886396,0.009843151556262475,registered
231,1787908836.8256443,1787908836.8250477,1.9676535577802952,721.9676535577803,395.8378670412882,721.6700038776448,721.7770757903663,0.1905777674140836,0.20578770445644068,0.14160478396377862,0.009909100135451729,registered
232,1787908836.8540928,1787908836.8535042,3.422560210203983,723.422560210204,397.29277369371187,723.3383438017315,723.4844454049771,-0.061885194773083185,-0.09179556429995728,0.12181247212025026,0.008921494056349445,registered
233,1787908836.8823993,1787908836.8817716,4.883015044225431,724.8830150442254,398.75322852773326,725.0123702107401,725.1804711789077,-0.29745613468224974,-0.3333682139651728,0.1613585722315421,0.011502340408735488,registered
234,1787908836.9111512,1787908836.910383,6.772916371368183,726.7729163713682,400.64312985487595,726.7514834474846,726.8971390235843,-0.12422265221613316,-0.15917151021727705,0.1410966685210451,0.009302914358557087,registered
235,1787908836.9401197,1787908836.9392767,8.45329227430011,728.4532922743001,402.32350575780794,728.4581713506443,728.6307439519499,-0.17745167764968528,-0.16667993976489015,0.14509223941377716,0.010080326816987279,registered
236,1787908836.9681606,1787908836.9676447,10.111232231436588,730.1112322314366,403.98144571494447,730.1393400843049,730.3328064229385,-0.22157419150181568,-0.20079572984923288,0.13281858339449878,0.0102911758502106,registered
237,1787908836.9971025,1787908836.996438,11.875889013120627,731.8758890131206,405.74610249662845,731.9147510477062,732.0603889592153,-0.18449994609466103,-0.1977663390151747,0.14638310494397205,0.011806696797935955,registered
238,1787908837.0255296,1787908837.0248923,13.785218170885855,733.7852181708859,407.6554316543936,733.7407943930041,733.7676298291021,0.017588341783721262,-0.013227567973217447,0.15685264608111354,0.01234104325694961,registered
239,1787908837.0543306,1787908837.0535,15.53731332947359,735.5373133294736,409.4075268129815,735.5528495840128,735.4840687942693,0.05324453520432826,0.07299213065425647,0.19455682604919586,0.015383916142870078,registered
240,1787908837.082471,1787908837.0818563,17.271683035203978,737.271683035204,411.1418965187118,737.3605162428444,737.1854303217608,0.08625271344322982,0.08520741351020433,0.19900290619511515,0.01605426475176809,registered
241,1787908837.1113973,1787908837.1104655,19.17201093228323,739.1720109322832,413.0422244157911,739.1691668932968,738.9019694217134,0.2700415105699676,0.2619560507789629,0.1610904087173229,0.012641634076319836,registered
242,1787908837.1398187,1787908837.1390636,21.0951384241273,741.0951384241273,414.9653519076352,740.925801075665,740.6178361881073,0.4773022360200798,0.5120872933740088,0.14235742227374384,0.010671517197280806,registered
243,1787908837.1684172,1787908837.1677692,22.631974040115892,742.6319740401159,416.5021875236237,742.5809019717249,742.3401544956699,0.29181954444595704,0.314032851017771,0.12748323992509658,0.009474881270094939,registered
244,1787908837.1975977,1787908837.1965935,24.187664684230185,744.1876646842302,418.05787816773807,744.2335501287886,744.0695966779599,0.11806800627033454,0.12142301653659615,0.16350830291812032,0.011821568168183498,registered
245,1787908837.2264757,1787908837.2254837,25.960102491833027,745.960102491833,419.83031597534085,745.8913485449286,745.8029870317855,0.15711546004757793,0.1626511464792202,0.13415429354371342,0.0085402391126042,registered
246,1787908837.2538707,1787908837.2532473,27.40435043536877,747.4043504353688,421.27456391887665,747.5143378657731,747.4687864055177,-0.06443597014890656,-0.08407836583324979,0.14330567689871732,0.007755119913711867,registered
247,1787908837.2834024,1787908837.2825286,28.93302215922006,748.9330221592201,422.8032356427279,749.1282275795304,749.225651214017,-0.2926290547969188,-0.3057563102626091,0.1822342530720157,0.008861850776014016,registered
248,1787908837.311319,1787908837.3106718,30.961685250524397,750.9616852505244,424.8318987340322,750.8047746804943,750.9142240989256,0.04746115159872488,0.07220243012460514,0.11250702774234943,0.0056759354835062914,registered
249,1787908837.3397863,1787908837.339143,32.669077843686864,752.6690778436869,426.5392913271947,752.5241428223521,752.6224806216351,0.0465972220518438,0.03851281423868613,0.18182504222977294,0.009484594047181,registered
250,1787908837.3691757,1787908837.3684912,34.16844597781437,754.1684459778144,428.03865946132214,754.2756081914938,754.3833508215472,-0.21490484373288155,-0.2658174730552787,0.12163363142067317,0.006433595327898135,registered
251,1787908837.3975623,1787908837.396793,35.891389151701105,755.8913891517011,429.7616026352089,756.0571494943049,756.0814365110616,-0.1900473593605625,-0.19558056913416522,0.16712632404890865,0.009201075157660627,registered
252,1787908837.4258802,1787908837.4250996,37.83733155296113,757.8373315529611,431.70754503646896,757.8214242526906,757.779822604932,0.05750894802918083,0.028151850544077206,0.1685044618078593,0.009755646601668952,registered
253,1787908837.4547462,1787908837.4539669,39.67723708681797,759.677237086818,433.5474505703258,759.5392884708068,759.5118396817018,0.16539740511626633,0.17239608885756752,0.18084435274787708,0.010859500684502829,registered
254,1787908837.4834752,1787908837.4826581,41.3644498887827,761.3644498887827,435.2346633722906,761.2446509520393,761.2332996911044,0.13115019767832337,0.13714585401868362,0.196892339034521,0.01218148060286814,registered
255,1787908837.5115552,1787908837.5107923,42.949280137936285,762.9492801379363,436.8194936214441,762.9998651122314,762.9213289871784,0.027951150757814958,-0.002134577567233009,0.1708968112359963,0.010405495666226474,registered
256,1787908837.539996,1787908837.5392828,44.69254431572722,764.6925443157272,438.562757799235,764.7779464478259,764.6307442124037,0.061800103323434996,0.04985279079244265,0.17376703011278521,0.009465542448136072,registered
257,1787908837.568343,1787908837.567723,46.33813728324503,766.338137283245,440.2083507667528,766.448035427627,766.3371410891,0.000996194144988749,0.0007896692653730497,0.12286679890825974,0.005780209751568038,registered
258,1787908837.5979998,1787908837.596948,48.00563913562428,768.0056391356243,441.87585261913216,768.0702570885812,768.0906156198675,-0.08497648424321369,-0.023442369021381637,0.20679491763963623,0.009422252119563336,registered
259,1787908837.6259074,1787908837.6252189,50.118021952292565,770.1180219522926,443.98823543580033,769.7847191494857,769.7868559683382,0.3311659839543495,0.33335998718001747,0.13024987709579092,0.0066997236403910365,registered
260,1787908837.6540744,1787908837.653434,51.680652746545434,771.6806527465454,445.55086623005326,771.5375946655797,771.4797489539851,0.20090379256038204,0.18742077255649292,0.10212296951721066,0.00560221061772321,registered
261,1787908837.6832452,1787908837.6824062,52.753885305608264,772.7538853056083,446.6240987891161,773.1567754936365,773.2180602172608,-0.46417491165254887,-0.45951397126964366,0.16853088213872272,0.009363383591563884,registered
262,1787908837.7116356,1787908837.7107205,54.71941542991067,774.7194154299107,448.58962891341844,774.8494747509471,774.9169040701497,-0.19748864023915758,-0.24405454122205583,0.09272846513509252,0.0050356187722813035,registered
263,1787908837.7400646,1787908837.7393236,56.93730826141518,776.9373082614152,450.80752174492306,776.6211720807887,776.6330712408997,0.30423702051552937,0.24394354820043418,0.12595514578307687,0.006788430249197628,registered
264,1787908837.7682815,1787908837.7677464,58.273412326802486,778.2734123268025,452.1436258103103,778.2457709008193,778.3384238548347,-0.06501152803224386,-0.07000473205408753,0.08184550605038385,0.004626251920313177,registered
265,1787908837.7969975,1787908837.7962925,59.551613510486845,779.5516135104868,453.42182699399467,779.8919557177044,780.0511721379144,-0.49955862742751833,-0.4701427900301951,0.15424696339123875,0.00927392874746752,registered
266,1787908837.8259146,1787908837.82538,62.100473420067146,782.1004734200671,455.970686903575,781.6947882212351,781.7964070063467,0.3040664137204203,0.2530869917162022,0.1082503068934562,0.006840824840665238,registered
267,1787908837.8545241,1787908837.8537226,63.5761134990114,783.5761134990114,457.4463269825193,783.4169330074235,783.4969388456169,0.07917465339454566,0.0975857515052212,0.08699765333931052,0.005354156227891006,registered
268,1787908837.8829122,1787908837.8821428,64.4118978887019,784.4118978887019,458.2821113722097,785.0454864995875,785.2021341048892,-0.7902362161873384,-0.7203297513468101,0.18659815792104426,0.011289853128958334,registered
269,1787908837.9112668,1787908837.9105973,66.76788480447703,786.767884804477,460.6380982879849,786.7894642217492,786.9093892797455,-0.14150447526833432,-0.15025459332798619,0.06454400351990346,0.003979653065429186,registered
270,1787908837.9397519,1787908837.939114,69.17353671888236,789.1735367188824,463.04375020239013,788.5898838010498,788.6203780515972,0.5531586672851176,0.5229835970886825,0.15541408922366123,0.010543433765352734,registered
271,1787908837.9689553,1787908837.9679685,70.18940706614671,790.1894070661467,464.05962054965454,790.2554717337332,790.3516226600229,-0.16221559387628304,-0.18491768633265337,0.07894249395332173,0.005500820988357234,registered
272,1787908837.9971452,1787908837.9964795,71.59449042719007,791.5944904271901,465.46470391069795,791.9932664408988,792.0622681126108,-0.46777768542068543,-0.5029946910637477,0.171221347774308,0.011989280032035098,registered
273,1787908838.0262506,1787908838.0256917,73.96168593332868,793.9616859333287,467.8318994168365,793.8308587568092,793.8149844800038,0.14670145332490847,0.106234315354925,0.1543631749873879,0.010218723043270749,registered
274,1787908838.0544686,1787908838.0536838,75.75039675030052,795.7503967503005,469.6206102338083,795.5074134198046,795.494488014356,0.25590873594444474,0.23627682770984393,0.14243602457054888,0.009208421389386812,registered
275,1787908838.0828788,1787908838.082102,76.90835690107951,796.9083569010795,470.77857038458734,797.1250303334057,797.1995688338737,-0.2912119327942264,-0.3057125332645114,0.2548629598367828,0.016708258350726816,registered
276,1787908838.111598,1787908838.110915,78.83329641360456,798.8332964136046,472.70350989711244,798.9150803311452,798.9283243776358,-0.09502796403114644,-0.08984293083221928,0.07628862121419223,0.005159609383707692,registered
277,1787908838.1399314,1787908838.139256,81.04063511127174,801.0406351112717,474.91084859477957,800.7179183296585,800.6287703870898,0.4118647241818394,0.3960994424282376,0.2021780869687565,0.013300193372991044,registered
278,1787908838.1683118,1787908838.1676936,82.21158030894071,802.2115803089407,476.0817937924485,802.3779571365321,802.3350099091235,-0.12342960018281701,-0.15138302244054103,0.08125556694182728,0.005124624901330568,registered
279,1787908838.1972635,1787908838.1964207,83.7402749967332,803.7402749967332,477.6104884802411,804.0493228035016,804.058615663926,-0.31834066719278553,-0.35970659598029897,0.21905984810214862,0.013117959297847826,registered
280,1787908838.2259417,1787908838.2251487,86.13841828020782,806.1384182802078,480.0086317637156,805.8278235000143,805.7822786386059,0.35613964160188516,0.27802767377147575,0.19140121774907723,0.011460814654477267,registered
281,1787908838.2544909,1787908838.2539377,87.78748527176981,807.7874852717698,481.65769875527764,807.5298983367802,807.5096036854347,0.2778815863350701,0.24599760404476,0.1437212191930191,0.008948273939090161,registered
282,1787908838.2827666,1787908838.2821922,88.8500987203629,808.8500987203629,482.72031220387066,809.1580915567449,809.2048569910214,-0.35475827065857857,-0.2793733613250424,0.220920179228624,0.013997601563740284,registered
283,1787908838.3110452,1787908838.3105297,90.74257278087339,810.7425727808734,484.6127862643812,810.9048768999506,810.9050884259356,-0.16251564506217164,-0.12213926439699208,0.07403865409485097,0.0046689490256688415,registered
284,1787908838.3398821,1787908838.3392742,92.94940694299498,812.949406942995,486.81962042650275,812.6841232115704,812.6297384434993,0.31966849949560583,0.2544240739609904,0.19994623526952804,0.012057373286023451,registered
285,1787908838.3682342,1787908838.3676546,94.26598027873627,814.2659802787363,488.1361937622441,814.3159487511997,814.3325447728932,-0.06656449415703491,-0.07791944732764478,0.10351292872411276,0.006118231284558759,registered
286,1787908838.397115,1787908838.396325,95.77655650327927,815.7765565032793,489.6467699867871,815.995966794568,816.0527602499642,-0.276203746684871,-0.2880879741690592,0.20871520713530284,0.01234553361996917,registered
287,1787908838.425576,1787908838.4249086,98.03133123660177,818.0313312366018,491.90154472010965,817.7967237668358,817.7677544132289,0.26357682337294364,0.23007718249095888,0.14819688698874148,0.009032901608179414,registered
288,1787908838.4546232,1787908838.4536746,99.7591900438481,819.7591900438481,493.629403527356,819.4867757987323,819.4936918780325,0.265498165815643,0.236888973078635,0.14982803137912742,0.009161683335536045,registered
289,1787908838.4828641,1787908838.4822042,100.70618136124654,820.7061813612465,494.5763948447543,821.1463361964493,821.2054531182282,-0.4992717569817273,-0.43459918206440307,0.23031363459463486,0.013852315423580498,registered
290,1787908838.5157259,1787908838.5148823,102.79942179088061,822.7994217908806,496.6696352743884,822.918992340934,823.1661208247992,-0.3666990339186782,-0.3770458752150603,0.09646342561342891,0.0053634384732128195,registered
291,1787908838.539762,1787908838.5390952,104.99868139929333,824.9986813992933,498.86889488280116,824.652907388376,824.6188762902714,0.3798051090220156,0.4132749687467481,0.25640838286523326,0.013233788527850766,registered
292,1787908838.568407,1787908838.5677538,106.22477903284789,826.2247790328479,500.0949925163557,826.3121879028847,826.3383765188755,-0.11359748602768605,-0.118352789340463,0.1387710708564344,0.007183668488268698,registered
293,1787908838.5974846,1787908838.5967867,107.9976340074478,827.9976340074478,501.8678474909556,828.0248594976206,828.0803355493309,-0.08270154188312517,-0.15066699049737053,0.2478411890999239,0.013488908595196084,registered
294,1787908838.62621,1787908838.625623,109.92552280796156,829.9255228079616,503.7957362914694,829.8312775449749,829.8104929800875,0.11502982787402516,0.20851326778472412,0.19581263100016746,0.011055721091545722,registered
295,1787908838.654326,1787908838.6537154,111.44502938363905,831.445029383639,505.3152428671469,831.5060368020377,831.4960189065284,-0.05098952288943792,-0.05564791201231856,0.17129927601136155,0.009431472266587809,registered
296,1787908838.6830993,1787908838.6822536,113.07889115282535,833.0788911528253,506.9491046363332,833.1799181229796,833.2082951256201,-0.129403972794762,-0.05305788176377746,0.2325695497100949,0.0118526609319624,registered
297,1787908838.7112246,1787908838.7106547,114.91267983613284,834.9126798361328,508.7828933196407,834.9635163681829,834.9123459873459,0.00033384878696551823,-0.10960449079186674,0.10274623589012162,0.004758110197754422,registered
298,1787908838.7401056,1787908838.739508,116.89585498766598,836.895854987666,510.7660684711738,836.6760756731303,836.6435190709251,0.2523359167409467,0.34029653837916385,0.2776003480697293,0.012421859463063031,registered
299,1787908838.7688072,1787908838.7681673,118.30070242052602,838.300702420526,512.1709159040338,838.3760386142974,838.3630622144374,-0.06235979391129831,-0.07677716628234066,0.13758950411545348,0.006258148718465946,registered
300,1787908838.7971077,1787908838.7965376,120.05342838314664,840.0534283831466,513.9236418666544,840.1115943513279,840.0652677351193,-0.01183935197275332,-0.013942559240831542,0.22579344083825686,0.010411716453337152,registered
301,1787908838.825924,1787908838.8253484,121.8954783167676,841.8954783167676,515.7656918002754,841.8043884396914,841.7938945341573,0.10158378261019152,0.1208593404213616,0.2369347138925429,0.010580372669457636,registered
302,1787908838.854036,1787908838.8535259,123.39538810831277,843.3953881083128,517.2656015918207,843.4539748716944,843.4845273346498,-0.08913922633701077,-0.0711532640769974,0.21234510695249809,0.009066563919184615,registered
303,1787908838.8828208,1787908838.882201,125.13068056855809,845.1306805685581,519.0008940520659,845.1042501534209,845.2050146061381,-0.07433403758000168,-0.02204742215872102,0.28910489591133187,0.01213755779971992,registered
304,1787908838.9111722,1787908838.910643,126.82432004349857,846.8243200434986,520.6945335270065,846.7879899897582,846.9115259225889,-0.08720587909022015,-0.12667062766911386,0.20027242087557123,0.008710981716028071,registered
305,1787908838.939965,1787908838.939329,128.40199460274857,848.4019946027486,522.2722080862565,848.4494617921924,848.632656917697,-0.23066231494840395,-0.134020899863458,0.32336812034774726,0.014827171625072619,registered
306,1787908838.9690294,1787908838.968177,130.1044619698523,850.1044619698523,523.9746754533602,850.1055954774638,850.3635295969202,-0.2590676270677932,-0.26881203086975347,0.22002420876052098,0.010824154049994908,registered
307,1787908838.9971838,1787908838.9965336,131.84059325085718,851.8405932508572,525.7108067343651,851.8066274102171,852.0649054293808,-0.2243121785236326,-0.27486424992719094,0.2811803886422654,0.015018299611423775,registered
308,1787908839.0258646,1787908839.0250614,133.4960118889553,853.4960118889553,527.3662253724632,853.5280100737359,853.7765522298218,-0.280540340866537,-0.3150279491536594,0.30245298599743903,0.017327118399525707,registered
309,1787908839.055314,1787908839.0545795,135.3071658981885,855.3071658981885,529.1773793816963,855.3108769934452,855.5476218728677,-0.24045597467932112,-0.27763667084263943,0.21951783163308486,0.013470606040640418,registered
310,1787908839.083177,1787908839.0824518,137.00322137437297,857.003221374373,530.8734348578809,857.1153343374234,857.2199443126153,-0.21672293824235567,-0.19538874558554653,0.26933617837590756,0.017647847419866396,registered
311,1787908839.1117334,1787908839.1110983,138.9192346946004,858.9192346946004,532.7894481781082,858.9226627016001,858.9387149877837,-0.01948029318339195,-0.02548831846320354,0.22909990134143116,0.015648797487404432,registered
312,1787908839.1409698,1787908839.1399324,140.8269057473401,860.8269057473401,534.6971192308479,860.7360541972284,860.6687436738164,0.15816207352372658,0.1294295503515741,0.2289498339247967,0.015148866452706678,registered
313,1787908839.1688054,1787908839.167974,142.6322576802679,862.6322576802679,536.5024711637757,862.5572856470651,862.3512226417895,0.2810350384783078,0.30471056457326995,0.17816856237855114,0.011011278014725978,registered
314,1787908839.1973867,1787908839.1965723,144.24856071238105,864.248560712381,538.1187741958888,864.3484742527232,864.0671037131528,0.18145699922808944,0.20617192587133104,0.20757182615777325,0.012504295356504989,registered
315,1787908839.2259798,1787908839.2253604,146.04494660208252,866.0449466020825,539.9151600855903,866.0500647886988,865.7943715401043,0.2505750619781111,0.2403787818490173,0.1882708661561632,0.01182875886942641,registered
316,1787908839.2542999,1787908839.253671,147.7641921164461,867.7641921164461,541.634405599954,867.6720913923585,867.4929865134841,0.2712056029621408,0.20845432992450696,0.15489169579321532,0.010445399034339956,registered
317,1787908839.2827444,1787908839.282096,149.41941981688956,869.4194198168896,543.2896333003974,869.2960308114334,869.198467872143,0.2209519447465027,0.25639504911669064,0.18870682293639227,0.01344426030328182,registered
318,1787908839.3111544,1787908839.3105903,150.90311444641975,870.9031144464197,544.7733279299276,870.9053243793121,870.9081119768775,-0.004997530457785615,0.036639101155856224,0.11170261500641662,0.008122609673560677,registered
319,1787908839.3402367,1787908839.3396053,152.25825582948096,872.258255829481,546.1284693129887,872.5147822164129,872.6489981346331,-0.3907423051522301,-0.37364229049705955,0.1579389649214274,0.011398668316623027,registered
320,1787908839.3685007,1787908839.3678985,154.10449366457578,874.1044936645758,547.9747071480836,874.1069004021715,874.3465688452516,-0.24207518067589717,-0.24518781394590405,0.13416633131808525,0.00937245005852509,registered
321,1787908839.397092,1787908839.3964226,155.90641656457046,875.9064165645705,549.7766300480782,875.7245281933649,876.0580010711526,-0.1515845065822532,-0.22116304717394542,0.17649689119049106,0.012333347384629335,registered
322,1787908839.4256945,1787908839.425056,157.38665884842794,877.3866588484279,551.2568723319357,877.3932797374397,877.7759849730078,-0.3893261245798385,-0.351458496835221,0.14625967751958194,0.010966564738866088,registered
323,1787908839.454248,1787908839.4536753,159.10202164120983,879.1020216412098,552.9722351247176,879.119214204788,879.4931248816722,-0.3911032404624848,-0.4308109316621085,0.1416331403274291,0.012090362107422762,registered
324,1787908839.483027,1787908839.4824238,160.8410266840708,880.8410266840708,554.7112401675787,880.9394166631538,881.2180180837147,-0.3769913996437708,-0.3991870183733681,0.17496626724701372,0.01640136697973828,registered
325,1787908839.5113962,1787908839.5108027,162.66774493743446,882.6677449374345,556.5379584209422,882.7624718187553,882.9207385832926,-0.25299364585816875,-0.27613570762002837,0.15875356860006126,0.015147136081054694,registered
326,1787908839.5401692,1787908839.5393443,164.58278367229968,884.5827836722997,558.4529971558075,884.6122714503442,884.633215071955,-0.050431399655280984,-0.10646128185294401,0.23190165694639514,0.022018778390687565,registered
327,1787908839.568556,1787908839.567881,166.51842630268015,886.5184263026802,560.3886397861879,886.499228217557,886.3454054612305,0.17302084144955643,0.17353333182165898,0.18853576817734694,0.018653519023713157,registered
328,1787908839.5971868,1787908839.5965452,168.5943884034391,888.5943884034391,562.4646018869469,888.3608122271439,888.0652347041296,0.5291536993095178,0.5394585490898862,0.17651104088363656,0.017592954604538438,registered
329,1787908839.625906,1787908839.6253238,170.16887132879583,890.1688713287958,564.0390848123036,890.1644648423364,889.7919303323076,0.3769409964880879,0.38380684394030595,0.1318115401883632,0.01215717690202047,registered
330,1787908839.65427,1787908839.6536758,171.8283823735544,891.8283823735544,565.6985958570623,891.9111814509542,891.4930343703511,0.3353480032033076,0.35433172571129035,0.14427376431337754,0.011681805292546346,registered
331,1787908839.6828885,1787908839.6821299,173.61413847776362,893.6141384777636,567.4843519612714,893.6463069867075,893.2002609352687,0.4138775424949017,0.44316021654094584,0.13518542786585613,0.00997474932274719,registered
332,1787908839.7115955,1787908839.7108777,175.2933259278484,895.2933259278484,569.1635394113562,895.2893620399597,894.9251112224031,0.3682147054453253,0.38679347159552435,0.09837705299353913,0.007281420181274398,registered
333,1787908839.7402885,1787908839.7393913,176.8376345934123,896.8376345934123,570.7078480769202,896.8418372951287,896.6359140296536,0.2017205637588404,0.21350977413567307,0.12401491449356113,0.009533430062472783,registered
334,1787908839.7687545,1787908839.7680173,178.58205898825713,898.5820589882571,572.452272471765,898.4601351559121,898.3534544774593,0.2286045107978225,0.2271409236591353,0.11473197979626053,0.009182028145605606,registered
335,1787908839.7973175,1787908839.7965777,180.249048528427,900.249048528427,574.1192620119349,900.1079431112546,900.0670610586988,0.18198746972825575,0.18696744105886864,0.1464960737190203,0.01195295133278344,registered
336,1787908839.8263013,1787908839.8254113,181.40988276907274,901.4098827690727,575.2800962525805,901.704057514182,901.7970611347928,-0.3871783657200467,-0.3606361141370371,0.10748856239922587,0.008738203974765924,registered
337,1787908839.8548653,1787908839.854029,183.11118477096238,903.1111847709624,576.9813982544702,903.2942600140361,903.5141009086719,-0.40291613770955337,-0.3951998301868116,0.11999422771750984,0.009359004905431234,registered
338,1787908839.8830283,1787908839.882363,185.22499178428575,905.2249917842857,579.0952052677936,904.9645205869645,905.2141320740154,0.010859710270324285,-0.08137463183891214,0.15134502298237754,0.010673696597724871,registered
339,1787908839.911469,1787908839.9108346,186.8200909144348,906.8200909144348,580.6903043979426,906.6288314023366,906.9224029016941,-0.10231198725944068,-0.13769821983169095,0.154267350877566,0.010611876785164757,registered
340,1787908839.9398923,1787908839.9393291,188.12615684656112,908.1261568465611,581.996370330069,908.3406067883153,908.632061311398,-0.5059044648369309,-0.42288975552946795,0.16504842280893553,0.012015605601875055,registered
341,1787908839.9693024,1787908839.9686656,190.02753542872733,910.0275354287273,583.8977489122352,910.144638855796,910.3922305678129,-0.3646951390855975,-0.3489420294069987,0.1697974656251007,0.013575042047355122,registered
342,1787908839.997548,1787908839.996835,192.08739656009993,912.0873965600999,585.9576100436077,911.9491229187181,912.0823769993483,0.005019560751634344,-0.10844635860962626,0.23898148224487514,0.01922117854581005,registered
343,1787908840.025986,1787908840.0253284,193.59718824261404,913.597188242614,587.4674017261219,913.7315014804589,913.7919638842054,-0.19477564159137728,-0.22573342189696177,0.223936207256341,0.018337769094717342,registered
344,1787908840.0549495,1787908840.054146,195.5786082333018,915.5786082333018,589.4488217168096,915.6026691202325,915.5210055273542,0.05760270594760186,0.002057762041317801,0.21226518072496725,0.019344482724780097,registered
345,1787908840.0834942,1787908840.0828128,197.61005945392844,917.6100594539284,591.4802729374363,917.5058227994792,917.2409921249157,0.3690673290128643,0.295800239148889,0.21202710590759014,0.01983075545678328,registered
346,1787908840.111683,1787908840.1110134,199.39514308690468,919.3951430869047,593.2653565704126,919.3046730371593,918.9330125074334,0.4621305794713635,0.495829821114512,0.17009387780494165,0.01419132570312899,registered
347,1787908840.1415582,1787908840.140963,200.9504255254799,920.9504255254799,594.8206390089877,921.0409463239693,920.7299741449699,0.22045138050987134,0.2568476783554843,0.2102159161962796,0.015799639791497937,registered
348,1787908840.1704018,1787908840.16942,202.86239468953954,922.8623946895395,596.7326081730474,922.8044967939834,922.4373723695194,0.4250223200201617,0.4046254414707846,0.17406563830929278,0.013050881426612227,registered
349,1787908840.1973517,1787908840.1966057,204.52941931190503,924.529419311905,598.3996327954129,924.4790707389594,924.068496497591,0.46092281431401716,0.46630302903975007,0.1527945579217308,0.011587828873323283,registered
350,1787908840.2259448,1787908840.2251725,205.9760981248237,925.9760981248237,599.8463116083316,926.0597236186443,925.7824893130025,0.19360881182115008,0.19355184177584306,0.13706217655366337,0.010088753237053525,registered
351,1787908840.2543604,1787908840.2536907,207.64232919082474,927.6423291908247,601.5125426743326,927.6309947113923,927.4935639146704,0.14876527615444957,0.13767269766753998,0.15863555823818956,0.01118041441039298,registered
352,1787908840.2829893,1787908840.2822862,209.43598798179823,929.4359879817982,603.3062014653061,929.2573112799275,929.2092733264017,0.2267146553965631,0.19325405634481285,0.13799980836623654,0.009155115942260624,registered
353,1787908840.311756,1787908840.3109677,210.8134528408832,930.8134528408832,604.6836663243911,930.8786663079495,930.9301468320618,-0.11669399117852208,-0.18373202741452133,0.13034000956936156,0.007799156277238059,registered
354,1787908840.3404226,1787908840.339727,212.23560902377903,932.235609023779,606.1058225072868,932.519896821567,932.6556837577241,-0.4200747339451709,-0.4229515402034849,0.1827635230133781,0.009325842480165816,registered
355,1787908840.3693302,1787908840.3685951,214.21088488995588,934.2108848899559,608.0810983734636,934.2238957699651,934.3877580543713,-0.17687316441538314,-0.1614951786364145,0.21312020884768895,0.009371586614074754,registered
356,1787908840.3973925,1787908840.3965094,216.1745217858986,936.1745217858986,610.0447352694065,935.9335655360421,936.0625981687213,0.11192361717746735,0.13819686160456968,0.24342139676504856,0.01119952213701182,registered
357,1787908840.426007,1787908840.4253945,217.69444970702557,937.6944497070256,611.5646631905335,937.6503431935453,937.7956881181908,-0.1012384111652409,-0.09426258898497508,0.2406172921194735,0.011869637878127906,registered
358,1787908840.4545262,1787908840.453833,219.31475736640436,939.3147573664044,613.1849708499122,939.4534908459589,939.5019848601016,-0.18722749369726444,-0.20189565526493425,0.26560518883144185,0.013990385363455236,registered
359,1787908840.4827979,1787908840.4822028,221.29110793679752,941.2911079367975,615.1613214203053,941.2654566424039,941.2041474658758,0.08696047092166737,0.04566349789706692,0.2605544424890832,0.013880564200321868,registered
360,1787908840.5116682,1787908840.511052,222.95855363018813,942.9585536301881,616.828767113696,943.0381719024057,942.9350773649762,0.023476265212025282,-0.003883211867218961,0.2337129448319575,0.011194320590916258,registered
361,1787908840.540074,1787908840.5395164,224.72455302525964,944.7245530252596,618.5947665087674,944.7951836935216,944.6429333485444,0.08161967671526327,0.037962415019023865,0.2944858043328991,0.011346094014794071,registered
362,1787908840.5689158,1787908840.5681183,226.7287608322256,946.7287608322256,620.5989743157334,946.5720869253987,946.3590289944475,0.3697318377779766,0.35607711552052024,0.27644319424108255,0.008950690460338794,registered
363,1787908840.5971446,1787908840.596532,228.41636592188252,948.4163659218825,622.2865794053904,948.3021883605552,948.063838019548,0.3525279023346002,0.3926864852945755,0.2500348734460452,0.008557555113695799,registered
364,1787908840.6260586,1787908840.6254697,230.02235518539806,950.022355185398,623.8925686689058,949.9756985127005,949.8000750622707,0.2222801231273479,0.1918740428932324,0.1909966114659612,0.007271925167816129,registered
365,1787908840.6546874,1787908840.654101,231.53638132915012,951.5363813291501,625.4065948126579,951.6800786076759,951.5179302194017,0.01845110974841191,0.0016244405809402451,0.14196802890642915,0.005818774487169982,registered
366,1787908840.682973,1787908840.682411,233.29247703146598,953.292477031466,627.1626905149737,953.3684820284154,953.2165165828428,0.07596044862316376,0.0808883581369173,0.1741459074657056,0.007467133253408919,registered
367,1787908840.7114584,1787908840.7108412,234.99524363161913,954.9952436316191,628.8654571151269,955.0090035270414,954.922312650827,0.07293098079207994,0.09603330209336036,0.08883807865784818,0.0038677966661038402,registered
368,1787908840.7403383,1787908840.7397246,236.74464512064378,956.7446451206438,630.6148586041517,956.7238031893182,956.6553024655113,0.08934265513255468,0.12492178245724972,0.16921445207758823,0.007283911753611778,registered
369,1787908840.768968,1787908840.7682343,238.567530199168,958.567530199168,632.4377436826758,958.4382410510539,958.3658620882832,0.20166811088483882,0.21676437607266053,0.09821715459749544,0.0040820573629017,registered
370,1787908840.797273,1787908840.7966025,240.16060725750435,960.1606072575044,634.0308207410122,960.162832130314,960.0679388642411,0.09266839326323861,0.1276798181296499,0.19114515316594136,0.007804877707766979,registered
371,1787908840.8259673,1787908840.825391,241.7428615738179,961.7428615738179,635.6130750573258,961.8914581289985,961.7952353011312,-0.05237372731335199,-0.05132221714609386,0.11905576947056405,0.004929513617629336,registered
372,1787908840.8546164,1787908840.8539686,243.701398092629,963.701398092629,637.5716115761369,963.6170814815639,963.5098718401628,0.19152625246636035,0.18030641817460946,0.14145864800214825,0.006073058378107028,registered
373,1787908840.8830433,1787908840.88245,245.22524886919882,965.2252488691988,639.0954623527066,965.3075001064112,965.2187434765533,0.006505392645408392,0.0442017942854136,0.18119235008203866,0.008051510101736591,registered
374,1787908840.9118674,1787908840.911037,247.09043406488036,967.0904340648804,640.9606475483882,967.0193496970851,966.9339379093888,0.15649615549170903,0.19741119382308625,0.08186333543192152,0.00380864439651735,registered
375,1787908840.9401743,1787908840.939448,248.8646415198557,968.8646415198557,642.7348550033636,968.7688183703058,968.6385895798264,0.2260519400292651,0.27650750878819963,0.19779783957904817,0.009354320155977498,registered
376,1787908840.968967,1787908840.9682791,250.40951736813327,970.4095173681333,644.279730851641,970.4879989953263,970.3684323012578,0.041085066875439225,0.05986096780952721,0.11429411168506343,0.005347230941256905,registered
377,1787908840.9971137,1787908840.9965048,252.08094028916548,972.0809402891655,645.9511537726733,972.1753529623725,972.0619547055553,0.018985583610174217,-0.01197007458608823,0.17393483580084856,0.008118182602432399,registered
378,1787908841.026199,1787908841.02536,254.0187697773249,974.0187697773249,647.8889832608327,973.9287405502819,973.7932565338583,0.22551324346648016,0.230932799374159,0.1791155706147483,0.008580772591077262,registered
379,1787908841.0550132,1787908841.0540698,255.67728220316508,975.6772822031651,649.5474956866728,975.667404202685,975.5158180258998,0.1614641772653158,0.17770473292796396,0.15072161619031346,0.007408719829721616,registered
380,1787908841.0833497,1787908841.0826523,257.2761057141149,977.2761057141149,651.1463191976228,977.3598458217175,977.2307549692871,0.045350744827942435,0.09043793357579943,0.18799019078371157,0.009520950508239968,registered
381,1787908841.111967,1787908841.111422,259.1340360729812,979.1340360729812,653.004249556489,979.1001367326322,978.9569213136001,0.1771147593810838,0.20677166102302635,0.08308113735059136,0.004376987193729648,registered
382,1787908841.140236,1787908841.139596,260.98491959463604,980.984919594636,654.8551330781438,980.8760912269624,980.6473395395524,0.33758005508354927,0.3173703977892046,0.19119931959655462,0.010184641364945726,registered
383,1787908841.168908,1787908841.1680274,262.5208481631232,982.5208481631232,656.391061646631,982.5628588534832,982.3532071323834,0.16764103073967362,0.1526512965621123,0.11416477000617563,0.005988508318240137,registered
384,1787908841.209094,1787908841.2082543,264.0314897381422,984.0314897381422,657.90170322165,984.2364092780979,984.7667987779416,-0.7353090397994038,-0.6970548812795414,0.1668516666893936,0.008636465471418709,registered
385,1787908841.2261283,1787908841.2255976,266.1923753901294,986.1923753901294,660.0625888736372,985.9917387986054,985.8073851620532,0.38499022807616257,0.3539845862377433,0.16841794899949475,0.008798452557747844,registered
386,1787908841.2544866,1787908841.2538848,267.84711966521513,987.8471196652151,661.7173331487229,987.7158427425915,987.5045982484382,0.3425214167767763,0.37395696935197975,0.11503538371487722,0.006167644506554055,registered
387,1787908841.2836492,1787908841.2828882,269.0331432853702,989.0331432853702,662.903356768878,989.3180564677114,989.2447834626964,-0.21164017732633056,-0.1834483433051446,0.20155023924933488,0.011085599680149208,registered
388,1787908841.311672,1787908841.31098,271.02582909407215,991.0258290940722,664.8960425775799,991.0013675709453,990.9302807791989,0.0955483148732128,0.10668442493658858,0.07542743229981526,0.004307673784164415,registered
389,1787908841.3401809,1787908841.3395374,273.12210109783587,993.1221010978359,666.9923145813436,992.7607241971837,992.6437013958371,0.47839970199879644,0.46078111697920576,0.21894771804199925,0.012594093316585151,registered
390,1787908841.3692675,1787908841.3686018,274.2370121133765,994.2370121133765,668.1072255968843,994.4181941427771,994.3875486822442,-0.15053656886777844,-0.14774923835091158,0.09027017077740283,0.005171460200538231,registered
391,1787908841.3976166,1787908841.397029,275.6293760007072,995.6293760007072,669.4995894842151,996.0904896977521,996.0931587856273,-0.46378278491999936,-0.40946917524877335,0.19083757531643838,0.01095950473312613,registered
392,1787908841.4260573,1787908841.4254093,278.22886374264453,998.2288637426445,672.0990772261524,997.8825772434674,997.7959651150211,0.43289862762344455,0.44304965656806417,0.1610546852156329,0.009650528721460517,registered
393,1787908841.4545426,1787908841.4539607,279.8974286389389,999.8974286389389,673.7676421224468,999.5967930165084,999.509028107426,0.38840053151284337,0.40214040681701135,0.16265211885957584,0.010017873459687614,registered
394,1787908841.483133,1787908841.4823713,280.95351902545144,1000.9535190254514,674.8237325089592,1001.2784888172944,1001.2136511679253,-0.26013214247382166,-0.288552265643375,0.2126773413593089,0.013134229947528766,registered
395,1787908841.5225894,1787908841.5213623,282.90589088034585,1002.9058908803459,676.7761043638536,1003.0553556380368,1003.5530858524667,-0.6471949721209285,-0.6800031378870699,0.0836800839085504,0.004993745409359893,registered
396,1787908841.5402396,1787908841.539569,285.1589395631818,1005.1589395631818,679.0291530466897,1004.8136827400681,1004.6454705305291,0.5134690326527789,0.5313418951874382,0.232167243448027,0.013134139538420077,registered
397,1787908841.5689344,1787908841.5682871,286.3567466844577,1006.3567466844577,680.2269601679654,1006.4372461775458,1006.3685470014664,-0.011800317008692218,-0.03371020643362499,0.10582251015425813,0.005977471020269842,registered
398,1787908841.5976021,1787908841.5968618,287.9417269033363,1007.9417269033363,681.8119403868442,1008.0929986086844,1008.0830118808658,-0.14128497752938074,-0.172409193946919,0.20013518511397893,0.011616631748171976,registered
399,1787908841.6262405,1787908841.6257286,290.0064213373521,1010.0064213373521,683.8766348208599,1009.8920643471163,1009.8150003476969,0.19142098965517107,0.20939448633373559,0.17430424568836547,0.010499326363470908,registered
400,1787908841.6545851,1787908841.6538944,291.7376962993892,1011.7376962993892,685.607909782897,1011.612286279552,1011.5049322046921,0.23276409469713144,0.2317787742102837,0.11976744101006234,0.007152663129596043,registered
401,1787908841.6832662,1787908841.682646,293.02000426318637,1013.0200042631864,686.8902177466942,1013.2688239770196,1013.2300113713356,-0.21000710814928425,-0.21873386875540746,0.1813601351388915,0.010416135879657487,registered
402,1787908841.7116122,1787908841.7109985,294.83357351768063,1014.8335735176806,688.7037870011885,1015.0490107791478,1014.9311440193178,-0.09757050163716485,-0.08997764063042268,0.10132675316696148,0.005458601700679296,registered
403,1787908841.7402334,1787908841.739599,297.27241855066154,1017.2724185506615,691.1426320341693,1016.8029474978114,1016.6471538354051,0.6252647152563213,0.6097516832165866,0.2197798437185723,0.012515941571968227,registered
404,1787908841.768881,1787908841.7682815,298.44144261249653,1018.4414426124965,692.3116560960043,1018.4427747231903,1018.3680845609426,0.07335805155389608,0.10094464965288807,0.09512227477238835,0.005765114936988535,registered
405,1787908841.7977326,1787908841.7969759,299.8937298457904,1019.8937298457904,693.7639433292983,1020.11324464518,1020.0897305349467,-0.1960006891562216,-0.16731490061818022,0.15610365998117479,0.009897714738767062,registered
406,1787908841.826872,1787908841.825956,302.00203981623963,1022.0020398162396,695.8722532997474,1021.8664477409474,1021.8285281671797,0.17351164905994665,0.16791139449890125,0.13237203136458003,0.008249485230887282,registered
407,1787908841.854743,1787908841.8540795,303.5373386666058,1023.5373386666058,697.4075521501137,1023.5321434560975,1023.5159137396338,0.021424926972031244,0.027180344783801047,0.11995933858691397,0.007232477595829976,registered
408,1787908841.8831694,1787908841.88251,304.87416231962584,1024.8741623196258,698.7443758031336,1025.1357405598756,1025.2217241125875,-0.3475617929616419,-0.3973140395007704,0.1674768185297631,0.009952492140260031,registered
409,1787908841.9120173,1787908841.9114633,306.96529083179576,1026.9652908317958,700.8355043153035,1026.8635672786727,1026.958905283286,0.006385548509683758,-0.027494601986290945,0.11365187578321599,0.006828115975055971,registered
410,1787908841.940529,1787908841.9398491,308.87602059494725,1028.8760205949472,702.7462340784551,1028.5972970514745,1028.6620406269744,0.21397996797281849,0.2780069291675318,0.20962202615253966,0.013126275072579803,registered
411,1787908841.9694016,1787908841.9685078,310.15520456958393,1030.155204569584,704.0254180530917,1030.2623695729744,1030.3815408555788,-0.22633628599487565,-0.22513137374130565,0.1396851560530877,0.009124371801921044,registered
412,1787908841.9975824,1787908841.9968975,311.8115374278543,1031.8115374278543,705.6817509113621,1031.993380382378,1032.0849050787767,-0.27336765092240967,-0.2569938329767183,0.16819999980705466,0.01165748429621766,registered
413,1787908842.025938,1787908842.0253348,313.77771275874557,1033.7777127587456,707.6479262422533,1033.7540797478928,1033.791130295841,-0.013417537095392618,-0.024283010027374985,0.1812884808990541,0.013259890550035404,registered
414,1787908842.0549293,1787908842.0540423,315.6163838259131,1035.616383825913,709.4865973094209,1035.475877068137,1035.5135630431582,0.1028207827547476,0.101001250013951,0.17374880530355263,0.013112118450805961,registered
415,1787908842.083594,1787908842.0828164,317.09483597798476,1037.0948359779848,710.9650494614926,1037.2236456679555,1037.2399868769191,-0.14515089893438926,-0.11614048889884998,0.20282801744428097,0.015782910225757486,registered
416,1787908842.1122522,1787908842.1115527,319.04108195475965,1039.0410819547596,712.9112954382674,1039.0588944539404,1038.9641505255256,0.07693142923392315,0.08230121084204711,0.1503591109714658,0.012344864141344001,registered
417,1787908842.1404657,1787908842.1396832,320.9151720489215,1040.9151720489215,714.7853855324294,1040.8668282631975,1040.6519652470597,0.26320680186177015,0.2567025668483893,0.18532361191828242,0.015501753021122257,registered
418,1787908842.1695232,1787908842.168822,322.6033678163724,1042.6033678163724,716.4735812998803,1042.5821783330039,1042.4002756838984,0.20309213247401203,0.22054154976626705,0.1204807929404353,0.009805763864096269,registered
419,1787908842.1975036,1787908842.1969287,324.2358979592782,1044.2358979592782,718.1061114427861,1044.257396804831,1044.0866599084993,0.14923805077887664,0.13387706968433122,0.16302786194949653,0.012974539358674486,registered
420,1787908842.2260268,1787908842.2254303,326.1603222189533,1046.1603222189533,720.0305357024611,1045.9935182212917,1045.796733162314,0.36358905663928454,0.3708715610272293,0.1309049866627919,0.01042667666696181,registered
421,1787908842.254775,1787908842.2540915,327.698676520047,1047.698676520047,721.5688900035549,1047.6690524840346,1047.5163907455808,0.18228577446620875,0.21579580543425436,0.11944477036058777,0.009203844609562237,registered
422,1787908842.2831283,1787908842.282549,329.04951755473417,1049.0495175547342,722.919731038242,1049.3317051460667,1049.223817580069,-0.17430002533478728,-0.20611087883332857,0.17181814865643555,0.012325075839245843,registered
423,1787908842.3124318,1787908842.311774,330.9011667360887,1050.9011667360887,724.7713802195965,1051.0169327283681,1050.977306415806,-0.07613967971724378,-0.11171940889551024,0.10583863308855397,0.006941783228441359,registered
424,1787908842.340444,1787908842.3397942,332.967716345619,1052.967716345619,726.8379298291269,1052.6675226350847,1052.6584979365393,0.30921840907979004,0.38441448392791244,0.15713195118826445,0.010287115710373008,registered
425,1787908842.3693683,1787908842.368682,334.3385195405606,1054.3385195405606,728.2087330240685,1054.2967207507543,1054.3917452406715,-0.05322570011094285,-0.06649470955483139,0.09115495440151117,0.006101606447993868,registered
426,1787908842.397357,1787908842.3967946,335.94929657406624,1055.9492965740662,729.819510057574,1055.9756624246172,1056.0784870895056,-0.1291905154395181,-0.18578059195215246,0.1310911571015621,0.009316046821261161,registered
427,1787908842.4261165,1787908842.4254527,337.65636680351804,1057.656366803518,731.5265802870259,1057.659040566331,1057.7979587081713,-0.1415919046531826,-0.1289659414126163,0.12515376658577854,0.009991600817193112,registered
428,1787908842.4547849,1787908842.4540968,339.16906231176495,1059.169062311765,733.0392757952728,1059.3177925920754,1059.5165863336463,-0.3475240218813269,-0.3285009882641816,0.08793387028066398,0.007659492856183529,registered
429,1787908842.4834177,1787908842.4828098,340.99737241431126,1060.9973724143113,734.867585897819,1060.983507761616,1061.2393480952583,-0.24197568094712096,-0.25671085811086414,0.1291118422218614,0.011737106920516662,registered
430,1787908842.511896,1787908842.5112941,342.79011919936056,1062.7901191993606,736.6603326828684,1062.759835442792,1062.948391391281,-0.15827219192033226,-0.17290797918747103,0.13184985520488632,0.012335130531657688,registered
431,1787908842.5401957,1787908842.5396192,344.55212482992533,1064.5521248299253,738.4223383134331,1064.5644472626147,1064.64787896779,-0.09575413786456011,-0.1436202024336808,0.13312644035494497,0.013068650831316734,registered
432,1787908842.5690188,1787908842.56839,346.40135249881405,1066.401352498814,740.2715659823219,1066.3841549879298,1066.37410253198,0.027249966834006045,0.014572015947692307,0.13853497955394556,0.013837634398481265,registered
433,1787908842.5976453,1787908842.59695,348.10320210595273,1068.1032021059527,741.9734155894606,1068.1930625150592,1068.0876948082503,0.015507297702470169,-0.01594136628909837,0.1502088129040609,0.014588981124822336,registered
434,1787908842.6261199,1787908842.6255667,350.0656875101929,1070.065687510193,743.9359009937008,1070.009426263221,1069.8046773622523,0.2610101479407376,0.22798793560764352,0.17991190455116968,0.017057789095774233,registered
435,1787908842.6556044,1787908842.6548414,351.83991054298076,1071.8399105429808,745.7101240264885,1071.7671925296956,1071.56114163161,0.27876891137054827,0.2982807088181971,0.11212416321449707,0.010691352998386526,registered
436,1787908842.6832552,1787908842.6827226,353.4620919546137,1073.4620919546137,747.3323054381216,1073.4306206345625,1073.233993355223,0.2280985993907052,0.27571518538456985,0.15208009699998282,0.014505872136060428,registered
437,1787908842.7118506,1787908842.7111387,355.1085456038479,1075.108545603848,748.9787590873558,1075.1172462332495,1074.9389454300167,0.1696001738312134,0.1634842664406051,0.08766643356452768,0.008160507656927045,registered
438,1787908842.741262,1787908842.7405603,356.9613133242424,1076.9613133242424,750.8315268077503,1076.8033805450052,1076.7042215604831,0.2570917637592629,0.2508398346054719,0.14061876551298547,0.01202121747813447,registered
439,1787908842.7690604,1787908842.768327,358.18134544908,1078.18134544908,752.0515589325878,1078.433936837358,1078.3702068988168,-0.1888614497368053,-0.15225477089859396,0.09444662557715292,0.007322632948504448,registered
440,1787908842.7979052,1787908842.7972572,359.88013187932756,1079.8801318793276,753.7503453628354,1080.0835276819935,1080.10600048749,-0.2258686081625001,-0.26977211049108973,0.1723795212362622,0.011773106261779574,registered
441,1787908842.829817,1787908842.82909,2.05834065532531,1082.0583406553253,755.9285541388331,1081.74937791877,1082.0159570777794,0.04238357754582012,0.0689573941698427,0.15628790060506229,0.01097994476768317,registered
442,1787908842.854967,1787908842.854159,3.4726633219170253,1083.472663321917,757.3428768054249,1083.411334190197,1083.5200816881224,-0.047418366205306484,-0.04612949310762815,0.12273344186052465,0.008992730903543971,registered
443,1787908842.8831613,1787908842.8826106,4.986773873326911,1084.986773873327,758.8569873568347,1085.0570144864573,1085.2271508983772,-0.2403770250504067,-0.3193383740015179,0.15290867218293802,0.010850509654212975,registered
444,1787908842.9119058,1787908842.9112544,6.76061200758204,1086.760612007582,760.6308254910898,1086.7711625756779,1086.945764218883,-0.1851522113009878,-0.15816217677195255,0.14696159490062496,0.00969132110187988,registered
445,1787908842.9419947,1787908842.9413311,8.431611004151819,1088.4316110041518,762.3018244876597,1088.4584079992144,1088.7503504050735,-0.31873940092157227,-0.30063253329728923,0.1624864539789395,0.011272616362511619,registered
446,1787908842.9690697,1787908842.9683218,10.10930652860634,1090.1093065286063,763.9795200121141,1090.132604151471,1090.3697730682316,-0.26046653962532673,-0.2675926669950286,0.1299464262652867,0.010067645923235183,registered
447,1787908842.9981596,1787908842.9974887,11.84176770945487,1091.8417677094549,765.7119811929628,1091.9133344099582,1092.1197714914515,-0.278003781996631,-0.27841431256729265,0.14535621483177635,0.011724946761578382,registered
448,1787908843.0264568,1787908843.0258725,13.802818914509999,1093.80281891451,767.6730323980179,1093.744949220723,1093.8227780904163,-0.019959175906137716,-0.08525520152909394,0.1578203624134941,0.012414843732783405,registered
449,1787908843.0547788,1787908843.054058,15.594135059240216,1095.5941350592402,769.4643485427481,1095.5867292889948,1095.5138972598659,0.08023779937434483,0.05112489617965821,0.19809073531429033,0.015676167957279698,registered
450,1787908843.0837548,1787908843.0829973,17.31410072604922,1097.3141007260492,771.184314209557,1097.4153398886715,1097.2502344373738,0.06386628867528543,0.06356195754074179,0.1844531334923215,0.01488137319804173,registered
451,1787908843.1119187,1787908843.1113307,19.256173652961024,1099.256173652961,773.1263871364688,1099.2420294668507,1098.9502226878094,0.3059509651516237,0.2769848564807944,0.1508489488452339,0.011810671783948064,registered
452,1787908843.156706,1787908843.1557982,21.165274674832744,1101.1652746748327,775.0354881583406,1101.0216702181478,1101.618242517905,-0.4529678430722015,-0.4829823029944009,0.13824506916066584,0.010354004485823702,registered
453,1787908843.1693068,1787908843.1684752,22.743617957201423,1102.7436179572014,776.6138314407092,1102.6746359473227,1102.3788520422522,0.36476591494908917,0.3302444993100835,0.12853147718842697,0.009548238316762148,registered
454,1787908843.1976912,1787908843.1970274,24.278526678866456,1104.2785266788665,778.1487401623743,1104.310978461353,1104.0919722545345,0.18655442433191638,0.15655055576451105,0.14634073961647628,0.01054151899444135,registered
455,1787908843.226449,1787908843.225807,26.047444831112898,1106.047444831113,779.9176583146208,1105.9664536394139,1105.8187251025902,0.22871972852283307,0.19701111878111988,0.1259705844612959,0.007946626426537281,registered
456,1787908843.2548225,1787908843.254136,27.47745526634526,1107.4774552663453,781.3476687498531,1107.5648790528594,1107.5184558635776,-0.04100059723236882,-0.016440043627540035,0.1578986873845352,0.008478278632182644,registered
457,1787908843.2833288,1787908843.2827566,28.909307053661223,1108.9093070536612,782.779520537169,1109.159239268929,1109.2356672970889,-0.3263602434276436,-0.3621544875610425,0.17769715626139973,0.008645892231885527,registered
458,1787908843.31236,1787908843.3117476,30.95694799060766,1110.9569479906077,784.8271614741154,1110.8212822761848,1110.9751086529418,-0.018160662334139488,-0.009826426245354014,0.12238679095658175,0.0061734543209008156,registered
459,1787908843.3409495,1787908843.3401432,32.73634672412436,1112.7363467241244,786.6065602076321,1112.532203364841,1112.678830500373,0.05751622375134957,0.04987161093924897,0.1560045080007229,0.008142497869588265,registered
460,1787908843.3691256,1787908843.3683922,34.1158650651289,1114.115865065129,787.9860785486368,1114.2826506839322,1114.373754791665,-0.2578897265360638,-0.2737319044870219,0.12486885294368755,0.0065998337923473096,registered
461,1787908843.3975976,1787908843.3970408,35.92227132432504,1115.922271324325,789.7924848078329,1116.0608166525546,1116.0926542115574,-0.17038288723222195,-0.16744762793803147,0.14932263369889376,0.008228251183438359,registered
462,1787908843.4265733,1787908843.4258873,37.877292341047905,1117.877292341048,791.7475058245557,1117.8225577119533,1117.8234267559951,0.05386558505267658,0.06175445844439764,0.1644079807957704,0.009526433353014003,registered
463,1787908843.455011,1787908843.454338,39.67533140131172,1119.6753314013117,793.5455448848196,1119.5583486309417,1119.530453051342,0.14487834996975835,0.1456493003571495,0.16748470413157138,0.010056873523911521,registered
464,1787908843.483255,1787908843.4826913,41.38338166868107,1121.383381668681,795.2535951521888,1121.269103627055,1121.231628614232,0.15175305444893183,0.15426176769210542,0.2041043363682905,0.012629880701201409,registered
465,1787908843.5118225,1787908843.511212,42.93624880163679,1122.9362488016368,796.8064622851446,1123.0479186012049,1122.9428605705625,-0.006611768925836259,-0.007400149867635264,0.1426775642563417,0.008691145370340141,registered
466,1787908843.54035,1787908843.5397742,44.756081522564045,1124.756081522564,798.6262950060718,1124.836298274424,1124.6565672865875,0.09951423597658504,0.08254900548990918,0.18995111610264062,0.010288290310328433,registered
467,1787908843.569156,1787908843.5684505,46.53124523148176,1126.5312452314818,800.4014587149896,1126.5206813859959,1126.3771260829221,0.15411914855963005,0.16498881752465877,0.1689771702676894,0.007850081077816928,registered
468,1787908843.5976324,1787908843.5969725,48.028646870830016,1128.02864687083,801.8988603543379,1128.158254040244,1128.0884295640992,-0.05978269326919872,-0.026889700294418617,0.22353197812919262,0.010192607233327839,registered
469,1787908843.6443963,1787908843.6435044,50.23605277652882,1130.2360527765288,804.1062662600367,1129.9060176541375,1130.88031612364,-0.6442633471110639,-0.7140774410836457,0.15473514304165098,0.00801240705740782,registered
470,1787908843.6555493,1787908843.6549737,51.80146830675653,1131.8014683067565,805.6716817902643,1131.6703625113053,1131.568470978321,0.23299732843531729,0.17379077314751612,0.12975238616420726,0.007136896688002029,registered
471,1787908843.6832,1787908843.6825569,52.86740960471025,1132.8674096047102,806.737623088218,1133.3090829617786,1133.2234414902691,-0.35603188555887755,-0.35684772185197744,0.15220112546291856,0.008456166644038386,registered
472,1787908843.7120936,1787908843.7114623,54.893056906816355,1134.8930569068164,808.7632703903241,1135.0020618284393,1134.9577473621318,-0.06469045531559914,-0.08199613362216951,0.06957417452927446,0.003766798661423595,registered
473,1787908843.740725,1787908843.7400403,57.19776515967192,1137.197765159672,811.0679786431797,1136.7859642849505,1136.672412511102,0.5253526485698785,0.534061603075429,0.1643505405319816,0.008913047877522519,registered
474,1787908843.769825,1787908843.7691214,58.37584607150416,1138.3758460715042,812.2460595550119,1138.4137566564784,1138.4172611453625,-0.041415073858388496,-0.060988949517650326,0.07242985282695975,0.0041140235788164475,registered
475,1787908843.797743,1787908843.79705,59.79423364813897,1139.794233648139,813.6644471316467,1140.0891338400963,1140.0929595578723,-0.2987259097334345,-0.2742671025803247,0.13938220513108865,0.008468071473374542,registered
476,1787908843.8265383,1787908843.8257942,62.177346786741964,1142.177346786742,816.0475602702497,1141.8929026747971,1141.8175952704669,0.3597515162750824,0.3226945255652254,0.12976689947414294,0.008194960935879956,registered
477,1787908843.8550854,1787908843.8542564,63.7602397190542,1143.7602397190542,817.630453202562,1143.6154692095488,1143.5253082043416,0.2349315147125708,0.2500701598856949,0.09800896108073798,0.006006828345599855,registered
478,1787908843.8851855,1787908843.8845007,64.71296846717632,1144.7129684671763,818.5831819506841,1145.2284185320696,1145.3399507839724,-0.6269823167962159,-0.5694054795287684,0.1677530633684457,0.01010754516081784,registered
479,1787908843.9120717,1787908843.911527,67.02452918621475,1147.0245291862147,820.8947426697226,1146.9723538538683,1146.9615048875612,0.06302429865365866,0.05720198981464364,0.06271093989020458,0.003901365817422808,registered
480,1787908843.9408767,1787908843.9402096,69.24607279278052,1149.2460727927805,823.1162862762884,1148.7677235351402,1148.682449918068,0.5636228747126779,0.5268146218073753,0.1506245283359942,0.010243608451090987,registered
481,1787908843.969459,1787908843.9684806,70.36774875812603,1150.367748758126,824.2379622416338,1150.4290168658367,1150.3786902665386,-0.010941508412543044,-0.05354793672051983,0.07160239536949814,0.005003299637017305,registered
482,1787908843.997898,1787908843.997115,71.67250465677012,1151.6725046567701,825.5427181402779,1152.164263398452,1152.0967313882709,-0.4242267315008803,-0.376619095894398,0.1508056050784888,0.01055074746259813,registered
483,1787908844.0267308,1787908844.0261142,74.14005608427578,1154.1400560842758,828.0102695677836,1153.9767976153103,1153.8366734180504,0.303382666225275,0.37198849686194535,0.15426397716203818,0.010165663419176105,registered
484,1787908844.055831,1787908844.0550892,75.9640438210838,1155.9640438210838,829.8342573045916,1155.6265178850326,1155.5751563409583,0.3888874801255042,0.4048399028977201,0.20226317290529075,0.013090415544901417,registered
485,1787908844.0840077,1787908844.0831592,76.98303317624118,1156.9830331762412,830.8532466597491,1157.211405171493,1157.259337600282,-0.2763044240407453,-0.2833796058690723,0.21403288591305056,0.014051170890272326,registered
486,1787908844.112067,1787908844.111523,79.00810571875581,1159.0081057187558,832.8783192022637,1158.9681149101077,1158.9611425818227,0.04696313693318643,0.013004820144942641,0.07447223406066697,0.005041390495986137,registered
487,1787908844.140754,1787908844.1400144,80.9164264270023,1160.9164264270023,834.7866399105102,1160.7500626325664,1160.6706150269254,0.24581140007705926,0.23131901553949774,0.2064478142894285,0.013631524051927938,registered
488,1787908844.1695223,1787908844.1688094,82.11328973203376,1162.1132897320338,835.9835032155415,1162.3644448078605,1162.3982976979873,-0.28500796595369593,-0.296384048152845,0.10338536459335425,0.006545242119431518,registered
489,1787908844.197851,1787908844.197185,83.72722948219098,1163.727229482191,837.5974429656989,1164.0160275017593,1164.1008179279947,-0.37358844580364803,-0.37299552584181583,0.22492498953805762,0.013473443490868037,registered
490,1787908844.226417,1787908844.2257576,86.24794792975717,1166.2479479297572,840.118161413265,1165.8158295060384,1165.8151540626702,0.4327938670870708,0.38921214950210015,0.16724179677775217,0.010037353127442862,registered
491,1787908844.2555397,1787908844.2548828,87.7637893689664,1167.7637893689664,841.6340028524743,1167.5187338565943,1167.562649116257,0.20114025270947877,0.1761438401401847,0.13586957682450462,0.008455041148977091,registered
492,1787908844.283326,1787908844.2827682,88.81229173345332,1168.8122917334533,842.6825052169612,1169.1920167157996,1169.2357583293178,-0.42346659586451096,-0.3495111094304093,0.19949283483084906,0.012634967513944235,registered
493,1787908844.3125753,1787908844.3113253,90.81322096238864,1170.8132209623886,844.6834344458965,1170.9713871483864,1170.9491646409867,-0.1359436785979824,-0.10743617377102055,0.05912890948013157,0.003724890327472756,registered
494,1787908844.340554,1787908844.3398798,93.0467965766677,1173.0467965766677,846.9170100601756,1172.7300724082656,1172.662413597993,0.3843829786748074,0.36011370510072993,0.18645984274571692,0.011221985427482657,registered
495,1787908844.3692343,1787908844.3684607,94.26101732562711,1174.261017325627,848.1312308091349,1174.368372116399,1174.377250406595,-0.11623308096795881,-0.14550610171750122,0.11480251756566752,0.006785801010929155,registered
496,1787908844.397745,1787908844.3971324,95.92057297854194,1175.920572978542,849.7907864620498,1176.0791031299646,1176.0975374085126,-0.17696442997055328,-0.20490618114035897,0.18862470413094445,0.011172388340969628,registered
497,1787908844.4267054,1787908844.4260561,98.1533695706953,1178.1533695706953,852.0235830542032,1177.8745580989812,1177.832944763014,0.3204248076814338,0.29993288246464544,0.1597797091127892,0.009751804879306809,registered
498,1787908844.4555051,1787908844.4546325,99.66079277948074,1179.6607927794807,853.5310062629885,1179.5604066534816,1179.5475097771987,0.11328300228194621,0.13680978432785196,0.1443338331881662,0.008833713665018839,registered
499,1787908844.4834616,1787908844.4827993,100.89224755192663,1180.8922475519266,854.7624610354345,1181.206335087474,1181.2374988540712,-0.3452513021445611,-0.29176872061850645,0.2561883512154521,0.015333210531208931,registered
500,1787908844.5120168,1787908844.5112712,102.85962830148173,1182.8596283014817,856.7298417849895,1182.9562614712536,1182.9457982916886,-0.08616999020694038,-0.05123388633091963,0.0871195962105481,0.004830901576080922,registered
501,1787908844.5408907,1787908844.5401378,104.97831652399464,1184.9783165239946,858.8485300075025,1184.657044027268,1184.6777724535502,0.3005440704444027,0.3319855733029726,0.3183231403029681,0.01643384517370484,registered
502,1787908844.569216,1787908844.5684757,106.29551381020315,1186.2955138102031,860.1657272937109,1186.351234428597,1186.3780324984032,-0.08251868820002528,-0.12006187036888605,0.14733728698524687,0.007636726008574338,registered
503,1787908844.5979466,1787908844.5973654,107.92770438535399,1187.927704385354,861.7979178688619,1188.0772109912189,1188.11139424229,-0.1836898569359846,-0.3693175592178477,0.2520813983102515,0.013689350023359685,registered
504,1787908844.626252,1787908844.625734,109.92265634096339,1189.9226563409634,863.7928698244712,1189.858801467971,1189.8134996281867,0.10915671277655292,0.1239069485982327,0.20167026253710174,0.011386412036578263,registered
505,1787908844.655014,1787908844.6543715,111.58730497084002,1191.58730497084,865.4575184543478,1191.5693124111417,1191.5317267145203,0.05557825631956348,-0.019903824376683588,0.15266727380149708,0.008363652441760126,registered
506,1787908844.6909494,1787908844.6902058,113.30566969274378,1193.3056696927438,867.1758831762517,1193.2554648831097,1193.6817636051073,-0.37609391236355805,-0.4743863180488006,0.26638370309918913,0.013402349739531584,registered
507,1787908844.7120335,1787908844.7113843,114.8328256850607,1194.8328256850607,868.7030391685686,1195.025190047411,1194.9524597258921,-0.11963404083144269,-0.13502037236037268,0.0886770558599473,0.004120032235565471,registered
508,1787908844.7409885,1787908844.7402875,116.96684949233918,1196.9668494923392,870.8370629758471,1196.7454235730206,1196.686636853031,0.28021263930827445,0.2099205901266714,0.2523467201952597,0.011295598874462603,registered
509,1787908844.7692282,1787908844.7684433,118.42890771346674,1198.4289077134667,872.2991211969746,1198.4462405944623,1198.3759679013142,0.05293981215254462,0.031225347340864573,0.13910421415737864,0.006338893816256864,registered
510,1787908844.798183,1787908844.797491,120.026485119781,1200.026485119781,873.8966986032888,1200.1801655357308,1200.1188138398682,-0.09232872008726645,-0.12371026975392851,0.22801105201187166,0.01051484503722325,registered
511,1787908844.8265736,1787908844.825962,121.93462703470618,1201.9346270347062,875.8048405182141,1201.8737249552166,1201.8270560576082,0.1075709770980211,0.1190122010431196,0.21038238277173865,0.00938394063605572,registered
512,1787908844.8549297,1787908844.8542323,123.56138756341306,1203.561387563413,877.4316010469208,1203.5609668640886,1203.5232534911709,0.038134072242201,0.05027327683683325,0.22271536409691056,0.009471066777609428,registered
513,1787908844.883473,1787908844.8828363,125.30808958458579,1205.3080895845858,879.1783030680937,1205.1947866318312,1205.2394778817982,0.06861170278773443,0.029957474464026745,0.3254519718893942,0.013687058440846774,registered
514,1787908844.9120018,1787908844.9113755,126.89231551535454,1206.8923155153545,880.7625289988623,1206.8726016754683,1206.951811320767,-0.05949580541255273,-0.06906283492924103,0.18532938570089852,0.00807748050040785,registered
515,1787908844.940458,1787908844.9398217,128.41362767539113,1208.4136276753911,882.283841158899,1208.5372215194775,1208.6585658216966,-0.24493814630545785,-0.1722188111499463,0.3112694097119333,0.014278526596907143,registered
516,1787908844.9698966,1787908844.969011,130.21125419167106,1210.211254191671,884.0814676751789,1210.1674003237267,1210.4099089120336,-0.19865472036258325,-0.2725406988704435,0.20058454101657122,0.0099165543936199,registered
517,1787908844.997901,1787908844.9972794,131.8551920527732,1211.8551920527732,885.7254055362811,1211.8550553787768,1212.1059919058416,-0.250799853068429,-0.2723004977125356,0.255373124987279,0.013649103518277502,registered
518,1787908845.0269487,1787908845.0262265,133.56133298508917,1213.5613329850892,887.4315464685969,1213.5874423428286,1213.8428011473375,-0.28146816224841587,-0.31175132988551013,0.2916062574096183,0.016747820824087677,registered
519,1787908845.0554457,1787908845.0547647,135.3780060594206,1215.3780060594206,889.2482195429284,1215.4094738717718,1215.5550773664293,-0.17707130700864582,-0.20636432256344506,0.24941454662626003,0.015347574592274881,registered
520,1787908845.083681,1787908845.0830162,137.0991960359056,1217.0991960359056,890.9694095194134,1217.2330874613974,1217.2501447074146,-0.15094867150901337,-0.07818390522641039,0.2536604907188303,0.01667645177689721,registered
521,1787908845.1126769,1787908845.1119094,139.09323264885143,1219.0932326488514,892.9634461323592,1219.0373140150941,1218.9837210258415,0.10951162300989381,0.13810723569224592,0.21366242648534514,0.014598707141708725,registered
522,1787908845.1410644,1787908845.1401508,140.96782893962381,1220.9678289396238,894.8380424231317,1220.8503663357797,1220.6781875581148,0.289641381509,0.29303829603964004,0.22031696618874075,0.014506053482377657,registered
523,1787908845.1697326,1787908845.169037,142.77520852901398,1222.775208529014,896.6454220125217,1222.6555196704112,1222.4113490324312,0.3638594965827906,0.38854553144028614,0.1908407907126015,0.011741056346363023,registered
524,1787908845.1982033,1787908845.1976368,144.2599948760933,1224.2599948760933,898.1302083596012,1224.4137246139348,1224.1273159336104,0.13267894248292578,0.15388619162229134,0.23734625467108866,0.014298622430570562,registered
525,1787908845.2269561,1787908845.2260246,146.05606726255792,1226.056067262558,899.9262807460658,1226.0910220275382,1225.8305657170536,0.22550154550435764,0.19955206053498387,0.17244052619783087,0.01083871949241238,registered
526,1787908845.2551997,1787908845.2545547,147.78406962917552,1227.7840696291755,901.6542831126834,1227.704893104566,1227.542355567188,0.24171406198752265,0.2307055014254047,0.15426630312903863,0.010411538910167226,registered
527,1787908845.2835379,1787908845.2828684,149.45788292341194,1229.457882923412,903.3280964069197,1229.3350679813827,1229.241156505169,0.21672641824284256,0.20921630044188078,0.1990118938891343,0.014191416762569669,registered
528,1787908845.312111,1787908845.3114078,150.8998115980762,1230.8998115980762,904.7700250815841,1230.9475068625356,1230.9535042491073,-0.05369265103104226,-0.051356684231450345,0.11984347101794794,0.008714488465371852,registered
529,1787908845.3407612,1787908845.3400366,152.38866078003434,1232.3886607800343,906.2588742635422,1232.562371213251,1232.671216356545,-0.28255557651073104,-0.2656902013969784,0.17335794040082098,0.012488733149511672,registered
530,1787908845.3694642,1787908845.3687556,154.21301201226356,1234.2130120122636,908.0832254957714,1234.1563114431387,1234.3943357423905,-0.18132373012679182,-0.2048900178929216,0.12526717108203944,0.008735890648465392,registered
531,1787908845.3981466,1787908845.3975616,155.91841556347072,1235.9184155634707,909.7886290469786,1235.7788941358476,1236.1226764420417,-0.204260878570949,-0.3127862767618126,0.1768746052316968,0.012363328598468558,registered
532,1787908845.426665,1787908845.426012,157.370909785933,1237.370909785933,911.2411232694409,1237.4409269664147,1237.8296884324193,-0.4587786464861665,-0.45287863688270136,0.13241876651597215,0.009918136879977498,registered
533,1787908845.4553006,1787908845.45467,159.1155269947335,1239.1155269947335,912.9857404782413,1239.167119075536,1239.5491457461155,-0.43361875138214145,-0.4430773241311954,0.13719023145409748,0.011722571985890842,registered
534,1787908845.4836054,1787908845.4829507,160.93830457901208,1240.938304579012,914.8085180625199,1240.9644710247796,1241.2459725983288,-0.3076680193166794,-0.30806466668082066,0.1733324441157599,0.016295576393561304,registered
535,1787908845.5120342,1787908845.5114305,162.72465642104407,1242.724656421044,916.594869904552,1242.781707609579,1242.954744099934,-0.23008767888995862,-0.2328612225701363,0.16914544448992502,0.016133165222359795,registered
536,1787908845.5408285,1787908845.5401156,164.57570132280694,1244.575701322807,918.4459148063148,1244.6342345517173,1244.6758321801342,-0.10013085732725813,-0.12160290072870339,0.2373462218219851,0.022534252937137008,registered
537,1787908845.5700376,1787908845.5691307,166.55353083159798,1246.553530831598,920.4237443151059,1246.5149168592302,1246.4167183378897,0.13681249370836213,0.1325548007962425,0.18809177794550933,0.018625233920686685,registered
538,1787908845.598406,1787908845.5978384,168.5478801786653,1248.5478801786653,922.4180936621731,1248.3747714668602,1248.1391653901762,0.4087147884889646,0.4136848600334133,0.1784637791265628,0.017807821933759235,registered
539,1787908845.6265016,1787908845.6258569,170.17401373199255,1250.1740137319925,924.0442272155004,1250.1732570780275,1249.8202567761243,0.35375695586822076,0.3556849060383911,0.1310438707094058,0.012081998950663596,registered
540,1787908845.6554174,1787908845.6546574,171.86315367763427,1251.8631536776343,925.733367161142,1251.9414648998113,1251.5482684614813,0.3148852161530158,0.3126029223888054,0.14964408691041067,0.012084698253368118,registered
541,1787908845.6836174,1787908845.6830401,173.66246320581922,1253.6624632058192,927.5326766893271,1253.6837104901672,1253.2512178405684,0.41124536525080657,0.4605044041908286,0.13930181272552553,0.010267930951431631,registered
542,1787908845.7124853,1787908845.7118545,175.37964780253242,1255.3796478025324,929.2498612860402,1255.331527232415,1254.9800592141464,0.39958858838588185,0.3786220614562126,0.10919728028273895,0.008096096328883858,registered
543,1787908845.740873,1787908845.7401328,176.8643049499276,1256.8643049499276,930.7345184334355,1256.8815463543601,1256.6767430166663,0.18756193326134962,0.16048587565751404,0.13695023921504632,0.010535175638819715,registered
544,1787908845.7695072,1787908845.7688246,178.6429838109823,1258.6429838109823,932.51319729449,1258.4949241545949,1258.3982316360077,0.244752174974451,0.2190025696648945,0.11180118171448195,0.008957366138558924,registered
545,1787908845.7986503,1787908845.797758,180.2072510612336,1260.2072510612336,934.0774645447414,1260.1362074440683,1260.1342254942517,0.0730255669818689,0.06804132915317496,0.13996429974512245,0.011418097454090437,registered
546,1787908845.8266299,1787908845.8259456,181.45018176064423,1261.4501817606442,935.3203952441521,1261.7131268032617,1261.825459103456,-0.37527734281184166,-0.3606361766462669,0.10498942462948577,0.008531222874648229,registered
547,1787908845.8554826,1787908845.8547752,183.09907172045564,1263.0990717204556,936.9692852039635,1263.313772076532,1263.5552159950714,-0.4561442746156672,-0.4492399281392636,0.10508147616304263,0.008199689220392718,registered
548,1787908845.8839447,1787908845.883104,185.3103315669689,1265.310331566969,939.1805450504768,1265.000301649855,1265.2549324510896,0.055399115879367855,0.0012243744408806378,0.1606420490536107,0.01128830359344201,registered
549,1787908845.912577,1787908845.911962,186.83267920167668,1266.8326792016767,940.7028926851846,1266.6695789945843,1266.9863916340553,-0.15371243237859744,-0.17019490929999392,0.1429588854598917,0.009836418876316434,registered
550,1787908845.943609,1787908845.942956,188.14036363194123,1268.1403636319412,942.010577115449,1268.404019726539,1268.8460090372657,-0.7056454053246171,-0.6961571428470279,0.16233495881287208,0.01182797145533509,registered
551,1787908845.9698477,1787908845.9691136,190.19842730587743,1270.1984273058774,944.0686407893853,1270.2097107916018,1270.4154501375783,-0.21702283170077408,-0.21418466272609749,0.14457766551623916,0.011606766519692032,registered
552,1787908845.9985142,1787908845.997773,192.11700074583223,1272.1170007458322,945.98721422934,1272.017698991991,1272.1349932810906,-0.0179925352583723,-0.011554826133647111,0.23572727435525226,0.01895598824090531,registered
553,1787908846.0273182,1787908846.0267017,193.641098394123,1273.641098394123,947.5113118776309,1273.8015588848314,1273.8707010399478,-0.22960264582479795,-0.24684448586435792,0.2362308101334747,0.019376184721200732,registered
554,1787908846.0555174,1787908846.0547564,195.6857957774298,1275.6857957774298,949.5560092609376,1275.6821809550318,1275.5539667812343,0.13182899619539512,0.10746961463769367,0.22530186218067544,0.020641405974429382,registered
555,1787908846.0844986,1787908846.0837417,197.65547281824092,1277.655472818241,951.5256863017488,1277.5773120740598,1277.2930648178233,0.36240800041764487,0.36090265701329827,0.21999726612448484,0.020545246873634234,registered
556,1787908846.1129234,1787908846.1118371,199.45603675248208,1279.456036752482,953.32625023599,1279.3623389329236,1278.9787767088656,0.47726004361652485,0.4388514016541194,0.17496812166033254,0.01452471912377922,registered
557,1787908846.1415033,1787908846.1409242,201.05985496328503,1281.059854963285,954.9300684467929,1281.112658784688,1280.7239829673595,0.33587199592568595,0.33545984986608346,0.20230555775676695,0.015146334964163354,registered
558,1787908846.169418,1787908846.1688294,202.90681944423704,1282.906819444237,956.7770329277449,1282.880013382015,1282.3982794928747,0.5085399513623088,0.5136452772725306,0.1606431210721723,0.01205401853237921,registered
559,1787908846.1981568,1787908846.1974583,204.57345499930352,1284.5734549993035,958.4436684828114,1284.5388106429841,1284.1159916003126,0.4574633989909671,0.4615588553294856,0.14620306984193587,0.011083156507376811,registered
560,1787908846.226382,1787908846.2257888,206.05255148852711,1286.0525514885271,959.922764972035,1286.1219496077829,1285.815808191116,0.23674329741106703,0.22940835683084515,0.13325464415805904,0.009787887285247168,registered
561,1787908846.2550306,1787908846.2543864,207.720688586111,1287.720688586111,961.5909020696188,1287.6947976875936,1287.5316463475715,0.18904223853951407,0.18462065775088377,0.14687589964256823,0.010331947988506703,registered
562,1787908846.2838154,1787908846.2831817,209.49454857533533,1289.4945485753353,963.3647620588431,1289.3018099185813,1289.259343323603,0.23520525173239548,0.20794388088972937,0.14729245377402683,0.009741236802797298,registered
563,1787908846.312207,1787908846.311592,210.79351316442512,1290.7935131644251,964.6637266479329,1290.9137317303553,1290.9639520791327,-0.17043891470757444,-0.1592097683396787,0.1401931305885771,0.008405061196792915,registered
564,1787908846.341034,1787908846.34033,212.31973257334766,1292.3197325733477,966.1899460568555,1292.5516614534477,1292.6882015575552,-0.3684689842074249,-0.33335898157884003,0.1709434424579604,0.008638693939390828,registered
565,1787908846.369506,1787908846.3688936,214.24156264894737,1294.2415626489474,968.1117761324552,1294.2355835207768,1294.4020084083652,-0.16044575941782568,-0.1535990668287468,0.2310179280547082,0.010153390266276742,registered
566,1787908846.3979223,1787908846.3973205,216.10038914011238,1296.1003891401124,969.9706026236202,1295.93119552695,1296.107604206779,-0.007215066666617531,0.0023240630509917537,0.24222547433798583,0.011108056368342426,registered
567,1787908846.4268382,1787908846.4262028,217.72749418203966,1297.7274941820397,971.5977076655475,1297.652417235608,1297.8405224966166,-0.11302831457680895,-0.12769202521224088,0.2303754537288892,0.011381422637285228,registered
568,1787908846.455546,1787908846.4546251,219.36719837003307,1299.367198370033,973.237411853541,1299.468654308523,1299.545846500613,-0.17864813057974516,-0.1914446806556498,0.2782607520943379,0.014680967292301388,registered
569,1787908846.483943,1787908846.4831705,221.24010879834623,1301.2401087983462,975.1103222818541,1301.308303899555,1301.2585518687845,-0.018443070438252107,-0.016790252046689602,0.26446423663170504,0.014108349594922827,registered
570,1787908846.5129182,1787908846.5120623,223.0096017958549,1303.009601795855,976.8798152793628,1303.0857587333933,1302.9920423573953,0.017559438459556986,0.014501196129458549,0.24628636225061845,0.011736474509404732,registered
571,1787908846.5414789,1787908846.5407484,224.84229699747175,1304.8422969974717,978.7125104809795,1304.8452776487693,1304.7131876574729,0.12910933999887675,0.13173865466558254,0.2919944720342181,0.011077567992889689,registered
572,1787908846.5694149,1787908846.568822,226.8272756620222,1306.8272756620222,980.6974891455301,1306.6187383787096,1306.3975834913367,0.4296921706855983,0.4268688712039648,0.26381787303794973,0.008530324156458458,registered
573,1787908846.5981672,1787908846.5975916,228.5261779487214,1308.5261779487214,982.3963914322293,1308.3737149023377,1308.1237498356495,0.40242811307189186,0.4247251947067525,0.2531123498425451,0.00872544413518202,registered
574,1787908846.626693,1787908846.6259036,229.89696276385303,1309.896962763853,983.7671762473609,1310.0578228071606,1309.8224506388453,0.07451212500780002,0.06496434955249697,0.1739871869690647,0.0065737804517239685,registered
575,1787908846.6555915,1787908846.6549668,231.63462066096372,1311.6346206609637,985.5048341444716,1311.7592976520816,1311.5662264004059,0.06839426055796594,0.06683803245039144,0.15193064558365868,0.006249326218097559,registered
576,1787908846.6839228,1787908846.6831477,233.4661091082769,1313.466109108277,987.3363225917847,1313.4463581890645,1313.257059470469,0.20904963780799335,0.21022452636964317,0.19941649082927143,0.008573557961507864,registered
577,1787908846.7122226,1787908846.7116592,235.15254701434287,1315.1525470143429,989.0227604978506,1315.1026990397638,1314.9677335329955,0.18481348134741893,0.20929064437723355,0.09626363984632896,0.004191805800435305,registered
578,1787908846.7413268,1787908846.7403882,236.76376475876145,1316.7637647587615,990.6339782422693,1316.8247357377804,1316.6914537275525,0.07231103120898297,0.09462688699261435,0.18690637525079634,0.008043180649817098,registered
579,1787908846.7694619,1787908846.7688763,238.69066257910595,1318.690662579106,992.5608760626137,1318.5531652529025,1318.4007259030845,0.28993667602139794,0.2912366133895148,0.08135691982870792,0.0033734970726628987,registered
580,1787908846.7985742,1787908846.797852,240.23692655132413,1320.2369265513241,994.1071400348319,1320.2641930517732,1320.1392517409001,0.09767481042388226,0.14844059445238145,0.16626414224919892,0.006788841274137294,registered
581,1787908846.8267736,1787908846.8260674,241.84734562642393,1321.847345626424,995.7175591099318,1321.9677293411773,1321.8321590315165,0.015186594907504514,0.028824547593671923,0.13933052862326112,0.005778706948672259,registered
582,1787908846.855616,1787908846.854928,243.74287952296754,1323.7428795229675,997.6130930064754,1323.6799351680131,1323.5637755691448,0.17910395382273236,0.16292761396425703,0.14460738762639266,0.006213453670687871,registered
583,1787908846.8842177,1787908846.8834453,245.3201441516194,1325.3201441516194,999.1903576351273,1325.3646633893832,1325.2747929509353,0.04535120068408105,0.03373519025490168,0.1752680256299656,0.007807028256735769,registered
584,1787908846.9284525,1787908846.9275002,247.186373941566,1327.186373941566,1001.0565874250739,1327.0525623711947,1327.9180651840868,-0.7316912425206965,-0.7563668164066257,0.09120257026163278,0.004251062369002174,registered
585,1787908846.9423904,1787908846.941598,248.77008898663712,1328.7700889866371,1002.6403024701449,1328.802551109443,1328.763918020683,0.006170965954197527,0.001413271478554634,0.1649804710162738,0.007803306396617855,registered
586,1787908846.9695735,1787908846.9688544,250.43436519372563,1330.4343651937256,1004.3045786772334,1330.5115789519514,1330.399290724646,0.03507446907940448,0.017114892496465473,0.09208444964276366,0.004307290296458606,registered
587,1787908846.9980736,1787908846.9973648,252.11848643838857,1332.1184864383886,1005.9886999218965,1332.193794711925,1332.109893262326,0.008593176062618113,0.007342567003888689,0.18992455774754569,0.008866905166727052,registered
588,1787908847.0270004,1787908847.0263474,254.05656003879812,1334.0565600387981,1007.926773522306,1333.9371172555573,1333.8488339442524,0.20772609454581925,0.18609861222068957,0.19688720140345853,0.009437860878737388,registered
589,1787908847.0560882,1787908847.0553026,255.7256008316383,1335.7256008316383,1009.5958143151461,1335.6558584855084,1335.5861295547056,0.13947127693268158,0.15192295592737537,0.14247037340402616,0.007008509705323647,registered
590,1787908847.0847201,1787908847.0837922,257.2348220813649,1337.2348220813649,1011.1050355648728,1337.3555887954626,1337.2954875600535,-0.060665478688520125,-0.02302546654220805,0.1974754227282392,0.009992349423338443,registered
591,1787908847.1130176,1787908847.1122463,259.1083767598493,1339.1083767598493,1012.9785902433572,1339.0849487331857,1339.002714124971,0.10566263487839933,0.10703473732553448,0.07134807368416826,0.003757245201700448,registered
592,1787908847.1417913,1787908847.14116,260.95814802724385,1340.9581480272439,1014.8283615107516,1340.8875558896682,1340.7375206707604,0.22062735648341913,0.21173598310394937,0.21644596983556622,0.011530918039745397,registered
593,1787908847.169676,1787908847.1689093,262.4587720719601,1342.45877207196,1016.3289855554679,1342.5909232604595,1342.4024617463328,0.056310325627237034,0.07375136905966428,0.09515615836219143,0.004995183932119176,registered
594,1787908847.1979742,1787908847.1973968,264.1657142183417,1344.1657142183417,1018.0359277018496,1344.2893527055917,1344.1116910069568,0.0540232113850152,0.11056815716790425,0.18036633913727274,0.00933192142103065,registered
595,1787908847.2267454,1787908847.2260532,266.31937310768285,1346.3193731076828,1020.1895865911906,1346.0725908160568,1345.831062490837,0.4883106168457516,0.5137364677281084,0.17663492265428263,0.009241406641920302,registered
596,1787908847.255506,1787908847.2548056,268.0060389116036,1348.0060389116036,1021.8762523951115,1347.7856514852533,1347.5561845723887,0.4498543392148804,0.45557033217744447,0.14928726780746146,0.0080295981658978,registered
597,1787908847.2841344,1787908847.283338,269.02966490034305,1349.029664900343,1022.8998783838508,1349.4034613384088,1349.2681174722163,-0.2384525718733812,-0.1600533658609038,0.22419131117709393,0.012329932781816778,registered
598,1787908847.3122246,1787908847.3116462,271.1000810844341,1351.1000810844341,1024.970294567942,1351.096688992568,1350.9665893959027,0.13349168853142146,0.119861280555142,0.09381706443051768,0.005362652381953927,registered
599,1787908847.3412125,1787908847.3404942,273.15210222798487,1353.1521022279849,1027.0223157114926,1352.8283816766152,1352.6974477701567,0.4546544578281555,0.41868681589471635,0.2052506620504523,0.01180504575350394,registered
600,1787908847.3695252,1787908847.3689568,274.24624881601994,1354.24624881602,1028.1164622995277,1354.4780492922864,1354.4051893139701,-0.15894049795019782,-0.15375275499695817,0.10040047435894124,0.005751673154292837,registered
601,1787908847.3983245,1787908847.397691,275.8602367210781,1355.860236721078,1029.7304502045858,1356.1524719799472,1356.1292242178527,-0.2689874967745709,-0.2813967241243063,0.18718581035915077,0.010770312050342973,registered
602,1787908847.4272332,1787908847.4265964,278.2918128736567,1358.2918128736567,1032.1620263571645,1357.9523425983325,1357.8635300897154,0.428282783941313,0.47778771236039574,0.18532964896908477,0.011119582310179022,registered
603,1787908847.4554002,1787908847.454812,279.87801978869993,1359.8780197887,1033.7482332722077,1359.6602014138964,1359.556451685301,0.32156810339893127,0.3860095233130778,0.15286505764187572,0.009413350207933716,registered
604,1787908847.4839368,1787908847.4832885,281.0159051472019,1361.015905147202,1034.8861186307097,1361.3590041313869,1361.2650229173357,-0.24911777013380743,-0.2903187585040996,0.20524399650193104,0.012671036998144774,registered
605,1787908847.512461,1787908847.5117273,282.98745400101893,1362.987454001019,1036.8576674845267,1363.1350042986114,1362.971333964216,0.01612003680293128,0.03737940826658814,0.06575209908867546,0.003915090497855106,registered
606,1787908847.5413423,1787908847.5406952,285.2073959264128,1365.2073959264128,1039.0776094099206,1364.8788402817468,1364.7093877380437,0.49800818836911276,0.5599457388495921,0.25016171310431956,0.01414449455018664,registered
607,1787908847.5698197,1787908847.5691638,286.4821770032686,1366.4821770032686,1040.3523904867764,1366.495872715534,1366.4174869060903,0.06469009717829977,0.06979672687270977,0.12209855332944992,0.006905086082250748,registered
608,1787908847.598055,1787908847.5974524,288.06450808111026,1368.0645080811103,1041.934721564618,1368.159136030622,1368.1147858222917,-0.0502777411813895,-0.0673110743896359,0.1811043166761145,0.010540648517860454,registered
609,1787908847.6271017,1787908847.6262453,289.9982035282487,1369.9982035282487,1043.8684170117565,1369.9307796258859,1369.8423397486297,0.15586377961903963,0.17558572681900841,0.1438453993576081,0.008663992539846637,registered
610,1787908847.6567712,1787908847.6559558,291.72545993596077,1371.7254599359608,1045.5956734194685,1371.6331365403062,1371.6249535019263,0.10050643403451431,0.11633304795373078,0.14100254878958046,0.00842291127217155,registered
611,1787908847.6839705,1787908847.6832724,292.94927869361845,1372.9492786936185,1046.8194921771262,1373.2855619038107,1373.2639310581612,-0.31465236454278056,-0.31921530704266843,0.18581485312702561,0.010701026265320565,registered
612,1787908847.7125266,1787908847.7118268,294.96097641745405,1374.960976417454,1048.8311899009618,1375.0313420896616,1374.9771800151675,-0.016203597713456475,-0.01782540614908612,0.0909612415286906,0.004889294179102275,registered
613,1787908847.7415948,1787908847.7409668,297.2108428191045,1377.2108428191045,1051.0810563026123,1376.7927768970728,1376.725561976853,0.4852808422515409,0.4513126726824339,0.18431884099714002,0.010461620991724147,registered
614,1787908847.769489,1787908847.7689238,298.4801077845034,1378.4801077845034,1052.3503212680112,1378.4772807562222,1378.4029626807135,0.0771451037899169,0.11652792111817689,0.08130928556363907,0.004936884446527034,registered
615,1787908847.7983532,1787908847.7976494,299.9285932526284,1379.9285932526284,1053.7988067361362,1380.1604619442392,1380.1264826057,-0.19788935307155953,-0.11981391071981307,0.16183785964642733,0.01026583153173686,registered
616,1787908847.8268142,1787908847.8261576,301.9516215470128,1381.9516215470128,1055.8218350305206,1381.9227429235505,1381.8369563986557,0.11466514835706221,0.07969784782972056,0.1596952247746041,0.009963311458132501,registered
617,1787908847.855964,1787908847.8551614,303.7300382601434,1383.7300382601434,1057.6002517436511,1383.587090411202,1383.5771702228526,0.15286803729077292,0.18249515291904572,0.14495421420100085,0.008711616140147434,registered
618,1787908847.8840597,1787908847.883329,305.00865082610176,1385.0086508261018,1058.8788643096095,1385.2027730804575,1385.2672022146332,-0.25855138853148674,-0.2993766154206696,0.18358384123762694,0.01090475366432945,registered
619,1787908847.9127324,1787908847.9119804,306.9227681606751,1386.922768160675,1060.7929816441829,1386.9169149572347,1386.9862732941574,-0.0635051334822947,-0.035966058149824676,0.14423585137942227,0.008660553313592273,registered
620,1787908847.941156,1787908847.9404142,308.9274485120284,1388.9274485120284,1062.7976619955361,1388.6523497618164,1388.6922839366819,0.23516457534651636,0.3059601643915357,0.21053158595570845,0.013203223592288479,registered
621,1787908847.9702027,1787908847.9694908,310.2107685886856,1390.2107685886856,1064.0809820721934,1390.3139311452833,1390.4368607765248,-0.2260921878391855,-0.2671783745299763,0.14661893612957963,0.009596387756462366,registered
622,1787908847.9982183,1787908847.9974687,311.7958406749333,1391.7958406749333,1065.666054158441,1392.005891873925,1392.1155203176866,-0.31967964275327176,-0.35896677616369743,0.173513153455848,0.012019360281113488,registered
623,1787908848.027226,1787908848.0266316,313.8415822526697,1393.8415822526697,1067.7117957361775,1393.7806955529172,1393.8652755564278,-0.023693303758136608,-0.0684131500836429,0.19252194229361405,0.014099803405127299,registered
624,1787908848.0559988,1787908848.0549803,315.69038621365416,1395.6903862136542,1069.560599697162,1395.5205487323574,1395.5661793249005,0.1242068887536334,0.06930658584064986,0.16084491683476956,0.012153392557322057,registered
625,1787908848.0843215,1787908848.0836425,317.1086634884982,1397.1086634884982,1070.978876972006,1397.2710662821241,1397.285894128045,-0.1772306395466785,-0.11241242506275739,0.21426608395795632,0.01667886784046748,registered
626,1787908848.1125126,1787908848.1118813,319.0451661969014,1399.0451661969014,1072.9153796804092,1399.1229039249124,1398.9802033056556,0.06496289124584109,0.08329500626791742,0.12860374424933826,0.010559720371312507,registered
627,1787908848.1413045,1787908848.1405618,321.0532289252328,1401.0532289252328,1074.9234424087406,1400.9562276754918,1400.7010195914384,0.3522093337944625,0.3392469944926688,0.1793316201099448,0.014985538104536272,registered
628,1787908848.1697307,1787908848.1690686,322.6703858744827,1402.6703858744827,1076.5405993579905,1402.6564067644863,1402.4114075545783,0.25897831990437226,0.3054741735713833,0.10744967705541131,0.008733096633317368,registered
629,1787908848.1986227,1787908848.1980107,324.35432859881075,1404.3543285988108,1078.2245420823185,1404.334569920512,1404.1479163917181,0.20641220709262598,0.22968685946170808,0.1747871585206982,0.01390522933338288,registered
630,1787908848.226803,1787908848.2261555,326.25343571215603,1406.253435712156,1080.1236491956638,1406.0741447811965,1405.8365894114122,0.41684630074382767,0.43889750376956727,0.14560331130952728,0.011591187873972893,registered
631,1787908848.2613606,1787908848.2605684,327.75728167582497,1407.757281675825,1081.6274951593327,1407.7306831252586,1407.9013400748422,-0.14405839901723994,-0.1065814778407912,0.1074185886276404,0.008257342442510602,registered
632,1787908848.284118,1787908848.2834656,328.9954501493512,1408.9954501493512,1082.865663632859,1409.364819696044,1409.2751607195407,-0.27971057018953616,-0.30833103371719517,0.14688299991665227,0.01057095914228363,registered
633,1787908848.3123276,1787908848.3118181,330.99670438921885,1410.9967043892188,1084.8669178727266,1411.041763763033,1410.9762933675229,0.020411021695963427,-0.03891660713566125,0.10171950479721167,0.006656497510705103,registered
634,1787908848.341649,1787908848.3410554,332.98368112750177,1412.9836811275018,1086.8538946110095,1412.6814211079636,1412.7305117566957,0.25316937080606294,0.29542469306215935,0.16841822861286798,0.01102828814290192,registered
635,1787908848.3696392,1787908848.36907,334.32251172594147,1414.3225117259415,1088.1927252094492,1414.3216561252866,1414.4113742631346,-0.08886253719310844,-0.029097473782940142,0.11277900622874498,0.0075464681780107595,registered
636,1787908848.3983495,1787908848.3976963,335.98881466151033,1415.9888146615103,1089.859028145018,1416.0121929504116,1416.1289290159095,-0.14011435439920206,-0.1399892726294638,0.1186327561984298,0.00844952753472275,registered
637,1787908848.4272964,1787908848.426591,337.7105789693328,1417.7105789693328,1091.5807924528406,1417.7167365861415,1417.8625911641525,-0.1520121948196902,-0.19225957140679384,0.11521493444742179,0.009233199982300808,registered
638,1787908848.455445,1787908848.4548006,339.2403361486647,1419.2403361486647,1093.1105496321725,1419.3727534024451,1419.5551551355047,-0.31481898684000953,-0.2966330909619046,0.08986408392547122,0.007850133807728508,registered
639,1787908848.4843,1787908848.4837072,341.0894548953645,1421.0894548953645,1094.9596683788723,1421.0518971210104,1421.2895325322143,-0.20007763684975544,-0.267098128482985,0.11662702781402992,0.010613879153486074,registered
640,1787908848.5129504,1787908848.5121436,342.8354667915453,1422.8354667915453,1096.705680275053,1422.8266858587065,1422.9957005294011,-0.16023373785583317,-0.26037376950353064,0.11701909279911346,0.010959676011565039,registered
641,1787908848.5411193,1787908848.5405426,344.63937945189514,1424.6393794518951,1098.509592935403,1424.6215558764036,1424.699622646403,-0.060243194507847875,-0.09680200768775649,0.1330070232069859,0.01308385636300201,registered
642,1787908848.5702147,1787908848.5693252,346.4268598715,1426.4268598715,1100.2970733550078,1426.4329470231828,1426.42656145906,0.00029841244008821377,-0.006604866245425001,0.1541566556327194,0.015395175688669514,registered
643,1787908848.599003,1787908848.5981753,348.13038042453786,1428.1303804245379,1102.0005939080456,1428.2390695381887,1428.1575485780377,-0.027168153499815162,-0.10255958360994555,0.14132145493702855,0.013718253702273591,registered
644,1787908848.6269598,1787908848.626265,350.0879274176332,1430.0879274176332,1103.958140901141,1430.0332049301412,1429.842917149816,0.24501026781717883,0.17692600341183606,0.16561940445477544,0.015702070756251137,registered
645,1787908848.6560647,1787908848.655343,351.89026087595016,1431.8902608759502,1105.760474359458,1431.792259354443,1431.5875798194752,0.3026810564749667,0.3711986776838785,0.10998041719319122,0.01048922210649949,registered
646,1787908848.6841843,1787908848.6834724,353.4920890200747,1433.4920890200747,1107.3623025035824,1433.45261490983,1433.2753230161625,0.21676600391219836,0.29221429835479285,0.15883432884555412,0.015147508441609947,registered
647,1787908848.7125444,1787908848.711951,355.13191008983745,1435.1319100898374,1109.0021235733452,1435.1405694866326,1434.9840229929212,0.14788709691629265,0.16664075882385987,0.0896702209615448,0.00834185166016879,registered
648,1787908848.7414994,1787908848.7408485,356.9050827788142,1436.9050827788142,1110.775296262322,1436.8205955445974,1436.717856800796,0.18722597801820484,0.28777256409898655,0.14584185225866458,0.012514914644887994,registered
649,1787908848.7705927,1787908848.7697403,358.28064660101745,1438.2806466010175,1112.1508600845252,1438.449313255915,1438.4513472894068,-0.17070068838938823,-0.10231994904188468,0.10144491313666017,0.007796383086019016,registered
650,1787908848.7990892,1787908848.79823,359.88839688219696,1439.888396882197,1113.7586103657047,1440.098888023183,1440.160705294755,-0.2723084125580044,-0.3412523612360019,0.14547270415954972,0.009931970381701224,registered
651,1787908848.8274977,1787908848.8269534,2.0530286331115803,1442.0530286331116,1115.9232421166193,1441.772446929619,1441.8840964750175,0.16893215809409412,0.24164644047573347,0.1512777149274973,0.010625497711714097,registered
652,1787908848.8554773,1787908848.8548212,3.495353627411532,1443.4953536274115,1117.3655671109193,1443.4425984012755,1443.5561471203478,-0.06079349293622727,-0.0022916186687780282,0.11980392338230647,0.008779474527298587,registered
653,1787908848.8849924,1787908848.8839643,5.04127056925995,1445.04127056926,1118.9114840527677,1445.107599668209,1445.3047150466346,-0.2634444773746054,-0.3741751560294233,0.1577620697348088,0.01116719484268107,registered
654,1787908848.9129558,1787908848.9121358,6.813919349297976,1446.813919349298,1120.6841328328057,1446.8159471146134,1446.9949902228936,-0.1810708735956723,-0.25871611379784554,0.13814138315167013,0.009103227834070351,registered
655,1787908848.942069,1787908848.9411454,8.489661807187304,1448.4896618071873,1122.359875290695,1448.5130626706564,1448.7355473663545,-0.2458855591671636,-0.1810851550624193,0.14779299184924086,0.010292922744165144,registered
656,1787908848.9704645,1787908848.9694166,10.175060530167912,1450.175060530168,1124.0452740136757,1450.1892542576966,1450.4318020197945,-0.25674148962662,-0.23414595764484147,0.12837200170216087,0.009978371562116345,registered
657,1787908848.9983563,1787908848.9976232,11.929411338175896,1451.929411338176,1125.7996248216837,1451.973745957765,1452.1241800265454,-0.19476868836954964,-0.26422289592187553,0.13419544563693114,0.010821555047087518,registered
658,1787908849.027887,1787908849.0270753,13.806585027444953,1453.806585027445,1127.6767985109527,1453.8013423171362,1453.8912871930863,-0.08470216564137445,-0.1459703002506103,0.15645081115618445,0.012306619508450113,registered
659,1787908849.0560615,1787908849.055234,15.62870346393288,1455.6287034639329,1129.4989169474406,1455.635314351614,1455.5807899010015,0.0479135629313987,0.047286645502481406,0.19441052534569647,0.01539272358526899,registered
660,1787908849.085852,1787908849.0850399,17.387943848504847,1457.3879438485048,1131.2581573320126,1457.4636710915297,1457.369125642031,0.01881820647395216,-0.04720804683870483,0.18214753297419092,0.014695776441509368,registered
661,1787908849.1132755,1787908849.1124208,19.33129891090175,1459.3312989109018,1133.2015123944095,1459.2755180291265,1459.0119655399856,0.3193333709161834,0.2847419932909361,0.14076442500242534,0.010998130491165924,registered
662,1787908849.1418674,1787908849.1409812,21.16689997786284,1461.1668999778628,1135.0371134613706,1461.0459956507082,1460.725572121225,0.4413278566378267,0.4705797122699096,0.15687488477012623,0.01174907053241172,registered
663,1787908849.1701233,1787908849.1695018,22.755640665156534,1462.7556406651565,1136.6258541486643,1462.7063480932582,1462.436789772586,0.31885089257048094,0.3191244402732991,0.12319741596527217,0.009151454564231281,registered
664,1787908849.1988595,1787908849.1980495,24.32464089570385,1464.3246408957039,1138.1948543792116,1464.3355133755083,1464.149638190451,0.17500270525283668,0.19196238586550862,0.14670887159246254,0.010547146397666839,registered
665,1787908849.2273376,1787908849.226523,26.012070695156808,1466.0120706951568,1139.8822841786646,1465.9875666060564,1465.8580234578844,0.1540472372723798,0.16338747565282574,0.13383074947762202,0.008473852213571793,registered
666,1787908849.2558088,1787908849.2549882,27.537780409203833,1467.5377804092038,1141.4079938927116,1467.5965826333845,1467.5659223563605,-0.02814194715665508,0.010935480802800157,0.1276578201473904,0.0068113080782828,registered
667,1787908849.2850819,1787908849.284149,28.98410498257249,1468.9841049825725,1142.8543184660803,1469.203878562884,1469.3155488503778,-0.3314438678053193,-0.3238411574870952,0.188989433373158,0.009180770790965936,registered
668,1787908849.313156,1787908849.312441,30.983908493344416,1470.9839084933444,1144.8541219768522,1470.8743654642608,1471.013062341119,-0.029153847774523456,-0.0033900375196935784,0.11680420851587725,0.005896792194147026,registered
669,1787908849.3411803,1787908849.3405435,32.79610056356546,1472.7961005635655,1146.6663140470732,1472.5896186115674,1472.6991890762718,0.0969114872937098,0.10133516007363141,0.18291425813170664,0.00955179727717268,registered
670,1787908849.3701801,1787908849.3692868,34.186395739872296,1474.1863957398723,1148.05660922338,1474.3402336180538,1474.423767568989,-0.23737182911668242,-0.24272870260483614,0.12840911884023876,0.006793736359207283,registered
671,1787908849.398955,1787908849.3981123,35.95629683898983,1475.9562968389898,1149.8265103224976,1476.099711734505,1476.1532812761257,-0.19698443713582492,-0.18390600565271598,0.15775594894413467,0.008701533504726824,registered
672,1787908849.427512,1787908849.4269233,37.93310485942084,1477.9331048594208,1151.8033183429286,1477.8523257393697,1477.881922380133,0.05118247928794517,0.04189482110473364,0.18314141669030023,0.010624195157784549,registered
673,1787908849.4559577,1787908849.4552228,39.68598086823272,1479.6859808682327,1153.5561943517405,1479.5848502159563,1479.5798793249235,0.1061015433092507,0.09859070745096687,0.19314137083024466,0.0116000148684055,registered
674,1787908849.4843664,1787908849.4834914,41.37261640887391,1481.372616408874,1155.2428298923817,1481.2884451090076,1481.2759766237007,0.09663978517323812,0.09615328056861472,0.20734688492290185,0.012829265428536891,registered
675,1787908849.5129714,1787908849.5121253,42.95408626759286,1482.9540862675929,1156.8242997511006,1483.0614054947464,1482.9939891354943,-0.03990286790144637,-0.0569898717515116,0.1659342593983643,0.010101671112870615,registered
676,1787908849.5421946,1787908849.5411098,44.7890687756078,1484.7890687756078,1158.6592822591156,1484.8577589858044,1484.7330442571754,0.056024518432423065,0.031275141162495856,0.17551874351330235,0.009478216970190778,registered
677,1787908849.5701203,1787908849.5694513,46.568305349719594,1486.5683053497196,1160.4385188332274,1486.557283758367,1486.4335188765683,0.13478647315128,0.1579034447486265,0.1266230441378802,0.0058696100184211205,registered
678,1787908849.5984685,1787908849.597812,48.06744337946111,1488.067443379461,1161.9376568629689,1488.2076881835105,1488.1351378935076,-0.06769451404647953,-0.026021076923825603,0.19464186874733963,0.00888721505253046,registered
679,1787908849.6282916,1787908849.627329,50.270082137295276,1490.2700821372953,1164.140295620803,1489.9588244859224,1489.906150316676,0.36393182061920015,0.35703321595133275,0.12912104529445106,0.006698623070399239,registered
680,1787908849.6553864,1787908849.6547878,51.89025866024076,1491.8902586602408,1165.7604721437485,1491.7064668684957,1491.5536536346328,0.3366050256079234,0.3537872606657402,0.11573654031230556,0.0063771183617246175,registered
681,1787908849.6841433,1787908849.6833606,52.93177486352488,1492.9317748635249,1166.8019883470326,1493.334379517391,1493.2680040742775,-0.33622921075266277,-0.31503155036875796,0.15961157075769844,0.008867019941476068,registered
682,1787908849.7131228,1787908849.7121646,54.87371151217599,1494.873711512176,1168.7439249956838,1495.0223129036767,1494.9962303341745,-0.12251882199848296,-0.11269746315701923,0.07311894275782116,0.0039600293835221085,registered
683,1787908849.74146,1787908849.7407753,57.18616393980483,1497.1861639398048,1171.0563774233126,1496.814279384817,1496.7128552639429,0.473308675861972,0.46271400516820904,0.1667677913913401,0.009041303174709966,registered
684,1787908849.7700968,1787908849.7693915,58.351791822746236,1498.3517918227462,1172.222005306254,1498.4388138279464,1498.4298092080062,-0.07801738525995461,-0.07211286759661562,0.07005216175325699,0.003974390335849629,registered
685,1787908849.7985735,1787908849.7979457,59.86588050726505,1499.865880507265,1173.7360939907728,1500.1098177256072,1500.143043860043,-0.27716335277796134,-0.2650054754296889,0.13473824509717758,0.008209787817381877,registered
686,1787908849.8274791,1787908849.8266816,62.25225470516398,1502.252254705164,1176.1224681886717,1501.9281305346203,1501.8671788987108,0.3850758064531874,0.377823949886988,0.12157316436015968,0.007671618635628776,registered
687,1787908849.8560145,1787908849.855316,63.83880772906696,1503.838807729067,1177.7090212125747,1503.6593005559084,1503.5852200204433,0.2535877086236269,0.30415170468882025,0.10826708528685046,0.006624024174603683,registered
688,1787908849.8847604,1787908849.8839092,64.6957186247364,1504.6957186247364,1178.5659321082442,1505.2834099267643,1505.3008006874506,-0.6050820627142457,-0.5359934612365578,0.15179633364758158,0.009147912113852878,registered
689,1787908849.9128282,1787908849.9120212,67.07161709121601,1507.071617091216,1180.9418305747238,1507.034829261061,1506.9874996213769,0.08411746983915691,0.04669952259837373,0.056882193252084996,0.0035449127540364738,registered
690,1787908849.9430904,1787908849.9422688,69.31807378355052,1509.3180737835505,1183.1882872670583,1508.8290106032978,1508.8023424705782,0.5157313129723207,0.4697713217569799,0.17236615792467044,0.011749940696167856,registered
691,1787908849.970153,1787908849.969428,70.39664555769923,1510.3966455576992,1184.266859041207,1510.4693609571077,1510.431878747054,-0.035233189354812566,-0.057043680144033715,0.08573677781814255,0.0059933151343385576,registered
692,1787908849.9988425,1787908849.9980476,71.78880003131326,1511.7888000313133,1185.659013514821,1512.1817698423613,1512.149032960688,-0.36023292937466067,-0.350424350326648,0.14461753969456692,0.0101029739672573,registered
693,1787908850.027156,1787908850.026571,74.17441725996218,1514.1744172599622,1188.04463074347,1514.006803090171,1513.860422271681,0.3139949882811379,0.32890785990298355,0.17315945286294626,0.011401232339369134,registered
694,1787908850.0556874,1787908850.0549915,75.95393305275388,1515.9539330527539,1189.8241465362617,1515.6605472606848,1515.5656318359227,0.38830121683122343,0.37937548733702897,0.13163645696702564,0.008518881033889923,registered
695,1787908850.0845616,1787908850.0838277,76.88040996601285,1516.8804099660128,1190.7506234495206,1517.2526909997755,1517.2957892666793,-0.4153793006664728,-0.43547846437513726,0.22875227665632766,0.014988778521327845,registered
696,1787908850.1132102,1787908850.112393,79.07988439992505,1519.079884399925,1192.9500978834328,1519.0135934688828,1519.0096819473054,0.07020245261969649,0.07343547721006871,0.06845877005284677,0.004635380945716033,registered
697,1787908850.1412792,1787908850.1405735,81.12872856383228,1521.1287285638323,1194.99894204734,1520.8087737144042,1520.7005007123992,0.42822785143312103,0.4299881306117186,0.19006154635150016,0.012468764666351056,registered
698,1787908850.1699574,1787908850.1693528,82.20495614252604,1522.204956142526,1196.0751696260338,1522.460943130037,1522.4272392554853,-0.22228311295930325,-0.2073846417272307,0.08269398640160154,0.005216685846983133,registered
699,1787908850.198688,1787908850.1980948,83.78654152774811,1523.786541527748,1197.6567550112559,1524.1458083668217,1524.151746223356,-0.36520469560787205,-0.36933002589557873,0.21722620091483583,0.01299389481849421,registered
700,1787908850.2273788,1787908850.2265573,86.32314097639869,1526.3231409763987,1200.1933544599065,1525.9525793279495,1525.8594734622,0.46366751419873253,0.4067058700227335,0.1462782795644418,0.008793679361878705,registered
701,1787908850.2557569,1787908850.255049,87.944986668816,1527.944986668816,1201.8152001523238,1527.6324766967643,1527.568960212272,0.3760264565439684,0.35348330933652505,0.11904874474327794,0.007436840393304446,registered
702,1787908850.284206,1787908850.2834995,88.9530074681511,1528.953007468151,1202.8232209516589,1529.2785591173324,1529.2759722026494,-0.32296473449832774,-0.2446636318140918,0.2056189761869023,0.013040864446896516,registered
703,1787908850.313023,1787908850.3121486,90.89968966172023,1530.8996896617202,1204.769903145228,1531.052099364017,1530.9949002324804,-0.09521057076017314,-0.0571074895503898,0.047815838268285456,0.0030082189911129656,registered
704,1787908850.3413842,1787908850.340777,93.05620734981267,1533.0562073498127,1206.9264208333204,1532.80785672821,1532.7125837299795,0.3436236198331244,0.27543432461084194,0.21259134990129422,0.012792299033493774,registered
705,1787908850.3704402,1787908850.3697062,94.31198171540746,1534.3119817154075,1208.1821951989152,1534.4187824644737,1534.4483200987756,-0.1363383833681837,-0.1554475252833072,0.0863352397564675,0.005100993300680477,registered
706,1787908850.3983889,1787908850.397749,95.91387443913959,1535.9138744391396,1209.7840879226474,1536.092857843705,1536.1308705915956,-0.2169961524559767,-0.2452224981082054,0.18960955197608875,0.01122996538757527,registered
707,1787908850.4270768,1787908850.426419,98.20038664559115,1538.2003866455912,1212.070600129099,1537.8694324841922,1537.8510574587276,0.3493291868635424,0.3502492676336715,0.12551424731259161,0.007664147547894947,registered
708,1787908850.4556732,1787908850.4550257,99.72664518513761,1539.7266451851376,1213.5968586686454,1539.5662907186734,1539.5674392040175,0.159205981120067,0.23391260760695332,0.1315282798506998,0.008045231229300516,registered
709,1787908850.4847894,1787908850.4839785,100.82100475843936,1540.8210047584394,1214.6912182419471,1541.230039650669,1541.3045917647776,-0.4835870063382117,-0.4526740005771899,0.240010084667892,0.014392800125652711,registered
710,1787908850.5131607,1787908850.5124588,102.85184431472726,1542.8518443147273,1216.722057798235,1543.008158190302,1543.0133918763215,-0.16154756159426142,-0.1634278772748985,0.08547366709602434,0.004741280609361128,registered
711,1787908850.5415568,1787908850.5409293,105.0413688285289,1545.041368828529,1218.9115823120367,1544.7289001740237,1544.7216054841228,0.3197633444060557,0.3093022100863436,0.25119736773455614,0.012957836489505561,registered
712,1787908850.5699668,1787908850.569354,106.47064226873204,1546.470642268732,1220.3408557522398,1546.4061566442963,1546.4270725378126,0.04356973091944383,0.005056327905776925,0.13290050762863106,0.006912874542288183,registered
713,1787908850.598449,1787908850.597875,108.03512271672116,1548.0351227167212,1221.905336200229,1548.1664463623079,1548.1383187991123,-0.10319608239115041,-0.16383356477876987,0.23758523942758883,0.012945939327039083,registered
714,1787908850.6272736,1787908850.626493,110.04655193087024,1550.0465519308702,1223.916765414378,1549.9654030399204,1549.855372877961,0.19117905290931958,0.22466497913228523,0.1757673698061,0.009923551898272487,registered
715,1787908850.6556685,1787908850.655035,111.55948343090586,1551.5594834309059,1225.4296969144136,1551.6523663109488,1551.5678779765617,-0.008394545655846741,0.024685128176088256,0.13070066568589161,0.007167489230108987,registered
716,1787908850.6843483,1787908850.6834247,113.30848177403641,1553.3084817740364,1227.1786952575442,1553.3262098797845,1553.2712421997596,0.03723957427678215,0.051648618537228685,0.2642270666346587,0.013291713342455604,registered
717,1787908850.7130785,1787908850.7123861,115.08067488849315,1555.0806748884931,1228.950888372001,1555.0637335031797,1555.0089097394155,0.0717651490776916,0.0823774798022896,0.09700691130278605,0.004463460943849419,registered
718,1787908850.7415495,1787908850.7409627,116.9064941414108,1556.9064941414108,1230.7767076249186,1556.779253153842,1556.7234890585696,0.18300508284119132,0.2696046954383746,0.2703842195395687,0.012099499041665929,registered
719,1787908850.7700624,1787908850.769384,118.42584698404653,1558.4258469840465,1232.2960604675543,1558.4656769641083,1558.4287415377194,-0.0028945536728315346,-0.02046992193936603,0.1565649569740426,0.007134254290541168,registered
720,1787908850.799347,1787908850.798419,120.10761924880057,1560.1076192488006,1233.9778327323083,1560.1987321922275,1560.1708293128986,-0.06321006409802976,-0.1083496060671223,0.23696247506607102,0.010924537433672285,registered
721,1787908850.82728,1787908850.8266037,121.86227944292136,1561.8622794429214,1235.7324929264291,1561.8978811829486,1561.861891262471,0.0003881804502725572,-0.0006128222366896807,0.22041659500923586,0.009852206269896123,registered
722,1787908850.855508,1787908850.854867,123.60558881697534,1563.6055888169753,1237.475802300483,1563.5635367040554,1563.557673851923,0.047914965052314074,0.026251139552869063,0.21665457081824804,0.009204061105207616,registered
723,1787908850.884203,1787908850.8835988,125.29998885654004,1565.29998885654,1239.1702023400478,1565.0714224998915,1565.2815657061121,0.018423150427906876,0.002096643733239034,0.2970342188817412,0.012490790341458856,registered
724,1787908850.9130285,1787908850.9123876,126.9625784640341,1566.962578464034,1240.8327919475419,1566.7874182780438,1567.0088764479717,-0.0462979839376203,-0.01729946346881661,0.1812014863940098,0.007914454795344264,registered
725,1787908850.9416096,1787908850.940915,128.5251580579195,1568.5251580579195,1242.3953715414273,1568.6157158248539,1568.7205089434433,-0.1953508855237942,-0.1160948529691268,0.28392643868744977,0.01307822015238974,registered
726,1787908850.970065,1787908850.9694169,130.11473168763155,1570.1147316876315,1243.9849451711393,1570.5465230012605,1570.4305965022272,-0.3158648145956704,-0.37455492622780184,0.21927512459459506,0.01079239238045772,registered
727,1787908850.9985633,1787908850.9979475,131.88181378709874,1571.8818137870987,1245.7520272706065,1572.6118765212648,1572.1424149623003,-0.2606011752016002,-0.2892201420293077,0.24909804441399763,0.013330086439032756,registered
728,1787908851.0560734,1787908851.0552354,135.40101649988742,1575.4010164998874,1249.2712299833952,1574.7280587374598,1575.579655908281,-0.17863940839356474,-0.251292865833193,0.26063150305555827,0.016052243307672003,registered
729,1787908851.084824,1787908851.084093,137.13524528017206,1577.135245280172,1251.0054587636798,1576.8655304202516,1577.3111007862774,-0.17585550610533573,-0.12669294774082118,0.279465133236892,0.018395638705025065,registered
730,1787908851.1136217,1787908851.1129155,139.0563743594057,1579.0563743594057,1252.9265878429135,1578.9654453215965,1579.0404285288128,0.015945830592954735,0.0239433521603587,0.19719513838826538,0.013473465457380752,registered
731,1787908851.1415198,1787908851.1407943,141.03034307806274,1581.0303430780627,1254.9005565615705,1580.9573923033881,1580.7131372027322,0.31720587533050093,0.2865048145624769,0.23969116101315938,0.015746108285155682,registered
732,1787908851.1699362,1787908851.169327,142.58007754841174,1582.5800775484117,1256.4502910319195,1582.8012217653886,1582.4250844075293,0.154993140882425,0.16445293098058755,0.1733803704202723,0.010733968501870313,registered
733,1787908851.199176,1787908851.1980395,144.39219178549456,1584.3921917854946,1258.2624052690023,1584.431441238738,1584.1478175592026,0.2443742262919386,0.2544816835677466,0.21439223330458193,0.01292612765293804,registered
734,1787908851.227181,1787908851.2265148,146.09052404993372,1586.0905240499337,1259.9607375334415,1586.1146377568064,1585.8563172663908,0.23420678354295887,0.20028399824514054,0.17824621265194165,0.011218321469275476,registered
735,1787908851.2558587,1787908851.2550657,147.81789008877217,1587.8178900887722,1261.68810357228,1587.7237556915363,1587.569351648857,0.24853843991513713,0.23658801233591475,0.11868658713476841,0.008021093760397474,registered
736,1787908851.284199,1787908851.2836254,149.51747588622243,1589.5174758862224,1263.3876893697302,1589.3497529284714,1589.2829153151883,0.23456057103408057,0.22638722804890676,0.20216304128104182,0.014436023012870117,registered
737,1787908851.313269,1787908851.3122702,150.9164104059796,1590.9164104059796,1264.7866238894874,1590.981984265686,1591.0015858555714,-0.08517544959181578,-0.0724253798373411,0.10304215270179942,0.007493168664756886,registered
738,1787908851.3417566,1787908851.340959,152.33203106255814,1592.3320310625581,1266.202244546066,1592.5785365210957,1592.7229028152808,-0.39087175272265995,-0.35256194432577104,0.19479313411402965,0.014044286301513645,registered
739,1787908851.3705695,1787908851.3700247,154.18164108927067,1594.1816410892707,1268.0518545727784,1594.1781311216007,1594.4668216265347,-0.28518053726406833,-0.3428039459331558,0.11825524008430818,0.008250852676626752,registered
740,1787908851.3988473,1787908851.3981388,156.01882587590603,1596.018825875906,1269.8890393594138,1595.7989856759987,1596.153649305185,-0.13482342927886748,-0.22047509551202893,0.17426569545800083,0.012212850599936452,registered
741,1787908851.4273205,1787908851.426509,157.45542551058156,1597.4554255105816,1271.3256389940893,1597.469715234468,1597.8558405208976,-0.40041501031601,-0.38939622087900716,0.12486278308266652,0.009406695516996483,registered
742,1787908851.45564,1787908851.4550672,159.17146310545445,1599.1714631054544,1273.0416765889622,1599.2179636902326,1599.569318357413,-0.3978552519586174,-0.40307623754574706,0.13449442829165947,0.011538590995715173,registered
743,1787908851.4847531,1787908851.4840813,160.91290585277238,1600.9129058527724,1274.7831193362802,1601.038349149174,1601.3101472952912,-0.39724144251886173,-0.39214444888693833,0.17168402367695115,0.01612874539238541,registered
744,1787908851.513089,1787908851.5123055,162.79189111567257,1602.7918911156726,1276.6621045991803,1602.856683915823,1603.003583869773,-0.2116927541003406,-0.22625977341908765,0.17579247931976782,0.016759956011534165,registered
745,1787908851.541526,1787908851.5408661,164.69431986503105,1604.694319865031,1278.5645333485388,1604.7094735961405,1604.7172047559816,-0.02288489095053592,-0.03644991886085336,0.24213085692690844,0.023016509719865776,registered
746,1787908851.5703106,1787908851.5697434,166.6625851297099,1606.66258512971,1280.5327986132177,1606.6068035368212,1606.4498226414632,0.21276248824665345,0.21850186898791435,0.1930051881376067,0.019160215708227447,registered
747,1787908851.598543,1787908851.5980089,168.64267092563205,1608.642670925632,1282.5128844091398,1608.467572433214,1608.1457339756394,0.496936949992687,0.515902051703506,0.1725425403250848,0.017175860024145062,registered
748,1787908851.6275911,1787908851.6268857,170.23607765345037,1610.2360776534504,1284.1062911369581,1610.2511354861194,1609.8783232511823,0.35775440226802857,0.3671686030334058,0.13690860683558007,0.01256715340190216,registered
749,1787908851.6557899,1787908851.6551547,171.96079149095954,1611.9607914909595,1285.8310049744673,1611.9849526958806,1611.5744491598982,0.3863423310613143,0.39795079061786964,0.1512572324272721,0.012126135124303968,registered
750,1787908851.6844559,1787908851.6838489,173.69280867890598,1613.692808678906,1287.5630221624137,1613.7177533718732,1613.2960808289329,0.39672784997310373,0.4325482837105028,0.1441106943830595,0.01061598428890265,registered
751,1787908851.7129722,1787908851.7122605,175.32539559826932,1615.3253955982693,1289.195609081777,1615.3538784714592,1615.0007611093092,0.3246344889601005,0.3366959705235786,0.11217659607716662,0.008307980629269334,registered
752,1787908851.7416828,1787908851.7409265,176.84995355855176,1616.8499535585518,1290.7201670420595,1616.9101910136137,1616.7207047919628,0.1292487665889439,0.12313474187430984,0.12349433057471398,0.009496479347690458,registered
753,1787908851.7702274,1787908851.7695909,178.70184097654123,1618.7018409765412,1292.572054460049,1618.5133282769223,1618.4405483398311,0.2612926367100954,0.2700183002684753,0.10771700411937993,0.008639149362894186,registered
754,1787908851.7984974,1787908851.7978787,180.3166068868145,1620.3166068868145,1294.1868203703223,1620.1537376429908,1620.1378043411244,0.17880254569013232,0.16484967630003666,0.1100911601527654,0.008984662975769284,registered
755,1787908851.827242,1787908851.8265762,181.43598282549397,1621.435982825494,1295.3061963090017,1621.7430867138257,1621.8596362797296,-0.4236534542355912,-0.4167932472132634,0.11329981071712127,0.009207982969017496,registered
756,1787908851.855969,1787908851.8552818,183.15647086272975,1623.1564708627297,1297.0266843462375,1623.350304842248,1623.5819545872923,-0.4254837245625822,-0.4080242280354014,0.1171074698457128,0.009117799063207092,registered
757,1787908851.8842952,1787908851.8837476,185.24906448440515,1625.2490644844052,1299.119277967913,1625.0267330988202,1625.289882095707,-0.04081761130191808,-0.03780296512741188,0.16298003606973427,0.011482303421214658,registered
758,1787908851.913196,1787908851.9124966,186.90362257919855,1626.9036225791986,1300.7738360627063,1626.6924316358773,1627.014803907688,-0.11118132848946516,-0.13943516541326062,0.13867361057440686,0.009556206774978612,registered
759,1787908851.94175,1787908851.9410586,188.17501888363972,1628.1750188836397,1302.0452323671475,1628.4284082252914,1628.728510623713,-0.5534917400732411,-0.5548134978571397,0.16251776464812118,0.011865600587025843,registered
760,1787908851.9701524,1787908851.969545,190.22470130456645,1630.2247013045665,1304.0949147880742,1630.25044130905,1630.4376683594903,-0.21296705492386536,-0.20884555136808558,0.1545522633984083,0.012414461424476745,registered
761,1787908851.9995928,1787908851.9982708,192.16456729792753,1632.1645672979275,1306.0347807814353,1632.066980188383,1632.1612025894462,0.003364708481285561,0.008777600183293544,0.24182829013060295,0.01944132968848709,registered
762,1787908852.0277708,1787908852.0269551,193.7200587098764,1633.7200587098764,1307.5902721933842,1633.8558420942875,1633.8822477547383,-0.16218904486186148,-0.17820025302853537,0.22530793812872843,0.018537656213859423,registered
763,1787908852.056387,1787908852.0554948,195.7161400239977,1635.7161400239977,1309.5863535075055,1635.7340364600475,1635.5946098036459,0.12153022035181493,0.10708475838055165,0.22964314907547606,0.02106947800683922,registered
764,1787908852.0849605,1787908852.0840569,197.71244194800147,1637.7124419480015,1311.5826554315092,1637.6324418371637,1637.3083165196708,0.40412542833064435,0.40290715288415413,0.20605734796498795,0.019204600304248955,registered
765,1787908852.114173,1787908852.1133542,199.5197826297865,1639.5197826297865,1313.3899961132943,1639.4110205151987,1639.0661397611152,0.4536428686712952,0.4400885428910897,0.17073296645649705,0.014098769986415113,registered
766,1787908852.141725,1787908852.1410928,201.0598696307727,1641.0598696307727,1314.9300831142805,1641.1427162186915,1640.7304371130676,0.3294325177050723,0.33957627495010456,0.20082292906312138,0.01503532540605438,registered
767,1787908852.1701608,1787908852.169472,202.9957678122928,1642.9957678122928,1316.8659812958006,1642.898952394834,1642.433171917615,0.56259589467777,0.5616313126549812,0.17224606652990537,0.012944857934603505,registered
768,1787908852.1989968,1787908852.1983018,204.55313360052014,1644.5531336005201,1318.423347084028,1644.5573073783353,1644.1629431141996,0.39019048632053455,0.4010348729391353,0.14905657867570568,0.011301775097800604,registered
769,1787908852.227391,1787908852.2267816,206.04102563439233,1646.0410256343923,1319.9112391179,1646.1391721025782,1645.8717146158049,0.16931101858745023,0.16725996554032463,0.14526996382327959,0.010673834040690543,registered
770,1787908852.2557333,1787908852.2550995,207.7141727066055,1647.7141727066055,1321.5843861901133,1647.7213935770624,1647.5707730432339,0.1433996633716106,0.127550047221348,0.14435605650887726,0.010156299850487749,registered
771,1787908852.2847934,1787908852.2841027,209.55647328602686,1649.5564732860269,1323.4266867695346,1649.3322337353688,1649.3109439525226,0.245529333504237,0.2373684001656784,0.14763306631314427,0.009730572786330615,registered
772,1787908852.3133974,1787908852.3127103,210.8462014057418,1650.8462014057418,1324.7164148892496,1650.929329450772,1651.02738291769,-0.18118151194812526,-0.17687571620649578,0.12760680201237312,0.0076110691523421856,registered
773,1787908852.341614,1787908852.3410506,212.36793348774177,1652.3679334877418,1326.2381469712495,1652.5711246061921,1652.727786012236,-0.3598525244942721,-0.31650755845976164,0.17015109770568151,0.008551565844975916,registered
774,1787908852.3712604,1787908852.3705564,214.2698187659978,1654.2698187659978,1328.1400322495056,1654.2576825344781,1654.4981117968766,-0.2282930308788309,-0.22971040554625688,0.23108449216442975,0.010152022845616622,registered
775,1787908852.3986795,1787908852.3980656,216.05792858826817,1656.0579285882682,1329.928142071776,1655.9632410166366,1656.1486477683318,-0.09071918006361557,-0.11509981464109842,0.2222510041291351,0.010173139549336721,registered
776,1787908852.427268,1787908852.426647,217.71736999649488,1657.7173699964949,1331.5875834800026,1657.690733641426,1657.8635131868725,-0.1461431903776429,-0.17547499833722213,0.2539811139492047,0.01254188579540104,registered
777,1787908852.455955,1787908852.4552572,219.4476680073817,1659.4476680073817,1333.3178814908895,1659.5465998777886,1659.5801095067025,-0.13244149932074833,-0.13915640550976605,0.2645757814357971,0.013992637854182739,registered
778,1787908852.4848917,1787908852.4840608,221.37073222780145,1661.3707322278015,1335.2409457113092,1661.3692335051026,1661.3083071566605,0.062425071140978616,0.053630844432063896,0.27560569977751975,0.014647604464836783,registered
779,1787908852.5137115,1787908852.5130217,223.1276761807071,1663.127676180707,1336.9978896642149,1663.1606039033622,1663.0459460863776,0.08173009432948675,0.08696964704540733,0.26489250609623644,0.012470150707241546,registered
780,1787908852.5416985,1787908852.541078,224.91993930757212,1664.9199393075721,1338.79015279108,1664.9271806153627,1664.7293119624494,0.19062734512272073,0.1843658290347321,0.296888413520861,0.011150585486741747,registered
781,1787908852.57049,1787908852.5699267,226.91273287944136,1666.9127328794414,1340.7829463629491,1666.6690158476677,1666.4602132516113,0.45251962783004274,0.44491921296116743,0.2902577110308669,0.009379786337074836,registered
782,1787908852.5986736,1787908852.5980463,228.33251452563968,1668.3325145256397,1342.2027280091474,1668.3711743510419,1668.1473699445562,0.18514458108347753,0.22451549154970962,0.2594292905417491,0.008831534876305636,registered
783,1787908852.6272912,1787908852.626701,230.0494929725785,1670.0494929725785,1343.9197064560863,1670.0443643575493,1669.8666412936511,0.18285167892736354,0.18116311119229067,0.17815895609563862,0.006794210650123123,registered
784,1787908852.6565883,1787908852.655945,231.5887892541789,1671.588789254179,1345.4590027376867,1671.7392736973477,1671.6212602219653,-0.0324709677863666,-0.02687879421159778,0.16097517094371336,0.00661047543634501,registered
785,1787908852.6844208,1787908852.6838896,233.34937746172523,1673.3493774617252,1347.219590945233,1673.4014706025744,1673.2979170674205,0.051460394304740475,0.05507908747676993,0.17006033950755453,0.007298548632249901,registered
786,1787908852.713308,1787908852.7125583,235.11731265957746,1675.1173126595775,1348.9875261430852,1675.067708983091,1675.0180181047367,0.09929455484075334,0.11612840763723398,0.08576029923950189,0.003734366377630348,registered
787,1787908852.741678,1787908852.7410989,236.87655429181268,1676.8765542918127,1350.7467677753204,1676.8144751750785,1676.7304373735217,0.14611691829099982,0.17697308324000005,0.19023275252185817,0.008172093031650538,registered
788,1787908852.7706523,1787908852.770055,238.58829157846162,1678.5882915784616,1352.4585050619694,1678.5190363262147,1678.467790203852,0.12050137460960286,0.1364599865053151,0.10157568051699381,0.004219966267049023,registered
789,1787908852.798811,1787908852.7981682,240.12509418687296,1680.125094186873,1353.9953076703807,1680.2444553080513,1680.154560662625,-0.029466475752087717,-0.01696102668597632,0.17344213966608388,0.007082268051068639,registered
790,1787908852.827357,1787908852.8268313,241.96698957484796,1681.966989574848,1355.8372030583557,1681.9604750229696,1681.8743326856466,0.09265688920140747,0.04883256460038865,0.1397347973443048,0.005807014785916807,registered
791,1787908852.8560555,1787908852.8553917,243.72526405467465,1683.7252640546747,1357.5954775381824,1683.667998459067,1683.587939266886,0.13732478778865698,0.10181530159184149,0.1337793337348591,0.0057461447007063505,registered
792,1787908852.8844128,1787908852.8838527,245.27970390035648,1685.2797039003565,1359.1499173838642,1685.364222292987,1685.2955806759142,-0.015876775557671863,0.028714784802787108,0.19341095740947004,0.008606315758587902,registered
793,1787908852.9131901,1787908852.9124722,247.16571141732265,1687.1657114173227,1361.0359249008304,1687.0889161276796,1687.012734889548,0.15297652777462645,0.14934032695214228,0.0772484729301211,0.003599228114588443,registered
794,1787908852.94183,1787908852.9412353,248.8705348239862,1688.8705348239862,1362.740748307494,1688.854793473511,1688.7385006947197,0.13203412926645797,0.19843860735818453,0.17749564532240855,0.008394087706348873,registered
795,1787908852.9701552,1787908852.9695075,250.4864665991663,1690.4864665991663,1364.356680082674,1690.5548680762095,1690.434812568037,0.051654031129373834,0.04409449892636985,0.12841061240943394,0.006003984509122769,registered
796,1787908852.998831,1787908852.9981456,252.222147069916,1692.222147069916,1366.0923605534238,1692.2728192579418,1692.1530825692787,0.06906450063729608,0.049435543953904926,0.19187083972931396,0.008965187115772998,registered
797,1787908853.0274103,1787908853.0267298,254.10889095904395,1694.108890959044,1367.9791044425517,1694.0157986465642,1693.8681196474513,0.24077131159265264,0.24570680607052964,0.1649412896013579,0.007913144054840277,registered
798,1787908853.056383,1787908853.0554838,255.80783742187668,1695.8078374218767,1369.6780509053845,1695.7301675070364,1695.5933418637885,0.21449555808817422,0.21978838428776726,0.13819231990863337,0.00680703876887907,registered
799,1787908853.0856018,1787908853.084544,257.2598539550347,1697.2598539550347,1371.1300674385425,1697.399443613217,1697.3369316607477,-0.07707770571300898,-0.039552140927526125,0.21436584277095927,0.01085292186398925,registered
800,1787908853.1136782,1787908853.1130297,259.19156170173096,1699.191561701731,1373.0617751852387,1699.1114491722192,1699.0460607865862,0.1455009151447939,0.14533756296464162,0.08157853118684681,0.004301846394001215,registered
801,1787908853.1424994,1787908853.1418905,260.9001696737805,1700.9001696737805,1374.7703831572883,1700.8732212661407,1700.777691629184,0.12247804459661893,0.08150932689136425,0.1957372630486481,0.010430279313167312,registered
802,1787908853.1704516,1787908853.1697857,262.4773424463908,1702.4773424463908,1376.3475559298986,1702.560586537361,1702.4513873459875,0.025955100403280085,0.06331337356004951,0.08437481836258089,0.004428219324327738,registered
803,1787908853.1989121,1787908853.198212,264.065373013231,1704.065373013231,1377.9355864967388,1704.2436252003226,1704.156940229493,-0.09156721626209219,-0.00855538573978265,0.18810582348959867,0.009735401967603209,registered
804,1787908853.2279441,1787908853.227119,266.27070120954863,1706.2707012095486,1380.1409146930564,1706.0220946958798,1705.8913462361413,0.3793549734073167,0.4064071726745624,0.16866431362364034,0.008819286693632305,registered
805,1787908853.2560127,1787908853.2553217,267.91519844529216,1707.9151984452922,1381.7854119288,1707.751094226978,1707.583495363383,0.3317030819091542,0.31553054707819683,0.11970004657565439,0.006426423123846026,registered
806,1787908853.2845464,1787908853.2839608,269.07797213754293,1709.077972137543,1382.9481856210507,1709.4014416474556,1709.301822584502,-0.22385044695897705,-0.17169054370651793,0.212094278721638,0.01167729210716347,registered
807,1787908853.3133092,1787908853.3125668,271.1041138031644,1711.1041138031644,1384.9743272866722,1711.1025947187659,1711.018161414884,0.08595238828047513,0.10923200978413661,0.06830814956440417,0.003904726181715406,registered
808,1787908853.341767,1787908853.3411841,273.179225170016,1713.179225170016,1387.0494386535238,1712.853042122733,1712.7351868837939,0.4440382862221668,0.40531421914693055,0.2325205517985514,0.013372243653991358,registered
809,1787908853.3707867,1787908853.370109,274.34636956602753,1714.3463695660275,1388.2165830495353,1714.5031839045198,1714.4706657631418,-0.12429619711429041,-0.08604173434423501,0.09822799982726736,0.005625878503737104,registered
810,1787908853.398852,1787908853.398224,275.8452221323473,1715.8452221323473,1389.715435615855,1716.1757178220726,1716.1575506616693,-0.3123285293220306,-0.28487700706273245,0.1792238259993611,0.010310768112472403,registered
811,1787908853.427582,1787908853.4268215,278.25005136070195,1718.250051360702,1392.1202648442097,1717.9523371670725,1717.8733745131553,0.37667684754660513,0.3981939402769967,0.1605156256757299,0.00962245382827151,registered
812,1787908853.4568093,1787908853.4560134,279.8794688635562,1719.8794688635562,1393.749682347064,1719.6631002374866,1719.624874958155,0.25459390540117965,0.28692936085076326,0.11342762304610665,0.006984910535461091,registered
813,1787908853.4844735,1787908853.4839542,281.02239085447286,1721.0223908544729,1394.8926043379806,1721.3473815092311,1721.3013029241008,-0.2789120696279497,-0.383381768238678,0.2265334606178959,0.013984853494127925,registered
814,1787908853.5139697,1787908853.5131822,282.9797897290928,1722.9797897290928,1396.8500032126005,1723.1264190205802,1723.0549634194697,-0.07517369037691424,-0.0809098058566633,0.09544010247611248,0.005684011968309327,registered
815,1787908853.5423675,1787908853.5415144,285.1980552216378,1725.1980552216378,1399.0682687051456,1724.8725449395092,1724.7548801450587,0.4431750765791094,0.5658667070399588,0.24714371473323418,0.013975261794639,registered
816,1787908853.5705953,1787908853.5696168,286.52582274815063,1726.5258227481506,1400.3960362316584,1726.513763276255,1726.4410068802115,0.08481586793914175,0.059747660326365803,0.12735109403302686,0.0072055106341463405,registered
817,1787908853.600103,1787908853.5992537,288.03238101383,1728.03238101383,1401.9025944973378,1728.190933288608,1728.2192003979847,-0.18681938415465993,-0.23141454374399473,0.21141120084651943,0.012295799205789557,registered
818,1787908853.6294165,1787908853.6283484,290.0651616220607,1730.0651616220607,1403.9353751055685,1729.9563315987757,1729.964864415497,0.10029720656370955,0.1257502412586291,0.16727476611399003,0.010080840945485591,registered
819,1787908853.6568763,1787908853.655608,291.71114698766087,1731.7111469876609,1405.5813604711686,1731.6805120651916,1731.6004230840617,0.11072390359913697,0.0998999934352014,0.11734683516970633,0.007011798828129671,registered
820,1787908853.6852503,1787908853.6844032,293.1206214560482,1733.1206214560482,1406.990834939556,1733.3251336942462,1733.3281200600932,-0.20749860404498577,-0.23585648440052864,0.20195851400988843,0.011553623495609518,registered
821,1787908853.713678,1787908853.712859,294.94796375078363,1734.9479637507836,1408.8181772342914,1735.0648275235862,1735.0354467597958,-0.08748300901220318,-0.11037219477884719,0.1002167877250583,0.005387887701112578,registered
822,1787908853.7429664,1787908853.7420123,297.1622103740292,1737.1622103740292,1411.032423857537,1736.8248175675817,1736.784629799764,0.3775805742652665,0.31326568645204134,0.18250579130393674,0.01033176466660554,registered
823,1787908853.7718637,1787908853.7709842,298.59696932387146,1738.5969693238715,1412.4671828073792,1738.4750834112772,1738.5229267580703,0.07404256580116453,0.12369853442305612,0.10345792686192701,0.006315134701963546,registered
824,1787908853.800765,1787908853.7996855,299.82661725818457,1739.8266172581846,1413.6968307416923,1740.1494217973768,1740.244987576185,-0.4183703180003704,-0.35972743967954557,0.13992896241723368,0.008863845122107106,registered
825,1787908853.8281102,1787908853.827387,301.9733419848726,1741.9733419848726,1415.8435554683804,1741.8918750350435,1741.907067657891,0.06627432698155644,0.010611964577037725,0.14287847891146385,0.008909883372097712,registered
826,1787908853.8567963,1787908853.855776,303.6926617836509,1743.692661783651,1417.5628752671587,1743.5723607460955,1743.6103889661808,0.08227281747008419,0.08614796424831184,0.11761048156821212,0.007072465072088985,registered
827,1787908853.8849108,1787908853.8841271,304.93044570267875,1744.9304457026788,1418.8006591861865,1745.1852016831024,1745.311435784347,-0.3809900816681875,-0.44805489869236226,0.2022132060645252,0.01201421544092028,registered
828,1787908853.9140494,1787908853.9129577,306.97678004501995,1746.97678004502,1420.8469935285277,1746.9027734928654,1747.0412498958397,-0.06446985081970524,-0.08649928059139711,0.10661373539290424,0.006406289816295524,registered
829,1787908853.9422715,1787908853.9414778,308.92457365629434,1748.9245736562943,1422.794787139802,1748.6472852765078,1748.752438937262,0.17213471903232858,0.18065122227744723,0.19274015510691753,0.01208642651461371,registered
830,1787908853.971076,1787908853.97025,310.2125046014587,1750.2125046014587,1424.0827180849665,1750.3147765207568,1750.4787483312682,-0.26624372980950284,-0.27845321540962686,0.138483644743099,0.009064488162830122,registered
831,1787908853.9991882,1787908853.9984388,311.79584303406,1751.79584303406,1425.6660565175678,1752.0297166106097,1752.1700677702886,-0.374224736228598,-0.40141009484727874,0.16028631783369357,0.011103130323264808,registered
832,1787908854.0281637,1787908854.027235,313.88790383109017,1753.8879038310902,1427.758117314598,1753.8075974002459,1753.8978219661974,-0.0099181351072275,-0.05206410402365691,0.17699704167420258,0.01297478666902022,registered
833,1787908854.056456,1787908854.055716,315.63071214647584,1755.6307121464758,1429.5009256299836,1755.5410973265828,1755.6066649926495,0.024047153826359136,0.05041954281773542,0.1694481726748695,0.012790621779957767,registered
834,1787908854.0861664,1787908854.0852125,317.24551827405367,1757.2455182740537,1431.1157317575614,1757.290611108572,1757.3764328834861,-0.13091460943246602,-0.10827592951341103,0.20390214148495894,0.015928931904702102,registered
835,1787908854.1154618,1787908854.1145828,319.0596173887643,1759.0596173887643,1432.929830872272,1759.1439660041335,1759.138633445546,-0.07901605678171109,-0.09725686092815522,0.14371549387677343,0.011804599131127996,registered
836,1787908854.1435802,1787908854.1427026,321.016291734946,1761.016291734946,1434.8865052184537,1760.9637209188622,1760.8258044434604,0.19048729148562416,0.15873262397644794,0.16881885244163278,0.01411126761971935,registered
837,1787908854.1719959,1787908854.1709383,322.6873437929182,1762.6873437929182,1436.557557276426,1762.6519811654903,1762.5199276564697,0.16741613644853715,0.19447483487510908,0.13416283131267956,0.010900449368531625,registered
838,1787908854.199669,1787908854.1989863,324.32352967126553,1764.3235296712655,1438.1937431547733,1764.3428845239223,1764.2027928586149,0.12073681265064806,0.14698966171476968,0.16146008120775104,0.012846027588801353,registered
839,1787908854.2297585,1787908854.2284887,326.2876670290916,1766.2876670290916,1440.1578805125994,1766.0769420400852,1765.972918373685,0.3147486554066745,0.33490273449092456,0.1241312219652177,0.009879517643351564,registered
840,1787908854.2564306,1787908854.255656,327.7190814284065,1767.7190814284065,1441.5892949119143,1767.7549334653613,1767.6029410191181,0.11614040928839131,0.18944631833028325,0.11875633279172178,0.009143246507514313,registered
841,1787908854.284831,1787908854.2842,329.0623316539784,1769.0623316539784,1442.9325451374862,1769.4033801019816,1769.3155605574736,-0.2532289034952555,-0.19982059238168404,0.13626202979060703,0.009766927299831267,registered
842,1787908854.313768,1787908854.3130548,331.1026817700981,1771.1026817700981,1444.9728952536059,1771.0720732107316,1771.0468337758382,0.0558479942599206,0.024652140577472892,0.10838823747700169,0.007077401159175426,registered
843,1787908854.3423908,1787908854.3416462,333.00367384186666,1773.0036738418667,1446.8738873253744,1772.7201862217296,1772.7623000030908,0.24137383877587126,0.2942441351265188,0.15990060096389985,0.01047327155615459,registered
844,1787908854.370391,1787908854.369651,334.32963794541547,1774.3296379454155,1448.1998514289232,1774.350889732452,1774.442576005787,-0.11293806037156173,-0.0351124601745596,0.12287762868527352,0.008223452846607145,registered
845,1787908854.3994539,1787908854.3988376,336.0086718439086,1776.0086718439086,1449.8788853274164,1776.0485324489628,1776.193747436492,-0.18507559258341644,-0.18488857378406465,0.13198237714230196,0.009411022918512596,registered
846,1787908854.4276369,1787908854.426913,337.6956971009465,1777.6956971009465,1451.5659105844543,1777.7419747909707,1777.8782577101106,-0.1825606091640566,-0.23430862730583613,0.12740179442273503,0.010199214156715009,registered
847,1787908854.4564571,1787908854.4558816,339.322026205519,1779.322026205519,1453.1922396890268,1779.3955540712566,1779.6163543988462,-0.29432819332714644,-0.2766805752119126,0.09356992006693512,0.008199592621118608,registered
848,1787908854.4847438,1787908854.484011,341.1019890694788,1781.1019890694788,1454.9722025529866,1781.086862334057,1781.3040975955337,-0.20210852605487162,-0.27180202713270774,0.11667530624312838,0.010619854642642368,registered
849,1787908854.5133934,1787908854.5128217,342.91323969114296,1782.913239691143,1456.7834531746507,1782.867004908815,1783.0327243945717,-0.11948470342872497,-0.22712975822423687,0.11814270824904585,0.011086264405225333,registered
850,1787908854.5421078,1787908854.5414963,344.65143189705464,1784.6514318970546,1458.5216453805624,1784.6611351585973,1784.7531830561213,-0.10175115906667997,-0.13645039144034854,0.1394587529140723,0.013722316897664795,registered
851,1787908854.570374,1787908854.5697641,346.4460565487011,1786.446056548701,1460.3162700322089,1786.4586052580994,1786.4492374399904,-0.003180891289275678,-0.009904726087370364,0.14192115441787492,0.01417118633745308,registered
852,1787908854.598988,1787908854.5984197,348.16953535608263,1788.1695353560826,1462.0397488395904,1788.2493753724914,1788.1685517039934,0.0009836520891894907,-0.07985538013872429,0.1371751531097884,0.013305274614174065,registered
853,1787908854.6283574,1787908854.6275039,350.1082131316191,1790.108213131619,1463.9784266151269,1790.0540015675438,1789.9135863028553,0.19462682876383042,0.1412681773138047,0.1736593655937509,0.016463801794305743,registered
854,1787908854.6562452,1787908854.6555655,351.885375686571,1791.885375686571,1465.7555891700788,1791.816776845666,1791.5972668882523,0.28810879831871716,0.3535350904419374,0.11381921636180863,0.010855116422674364,registered
855,1787908854.6850514,1787908854.684168,353.4754034681562,1793.4754034681562,1467.345616951664,1793.4845111598177,1793.3134054490636,0.16199801909260714,0.2506133313356713,0.17245642556717733,0.016448191597772725,registered
856,1787908854.7133718,1787908854.7126772,355.2215192178146,1795.2215192178146,1469.0917327013224,1795.1849609550413,1795.0239364618967,0.19758275591789243,0.22498091235593165,0.08444883988175356,0.007836730470200767,registered
857,1787908854.7420547,1787908854.7414095,357.0034421807802,1797.0034421807802,1470.873655664288,1796.8712642643516,1796.7478569260245,0.25558525475571514,0.3729069206294753,0.14569843471931762,0.012419648982942448,registered
858,1787908854.7711074,1787908854.7704556,358.3234984551809,1798.323498455181,1472.1937119386887,1798.5065396197924,1798.4906027297932,-0.16710427461225663,-0.09161994551391217,0.10607207018098226,0.008121078421863265,registered
859,1787908854.7992144,1787908854.7985783,359.91898382451495,1799.918983824515,1473.7891973080227,1800.172271260913,1800.1779453873394,-0.2589615628244246,-0.33934359825047977,0.1546718452508934,0.010546766462736,registered
860,1787908854.827649,1787908854.8270576,2.157397566416421,1802.1573975664164,1476.0276110499242,1801.8501020730891,1801.886688279006,0.27070928741045464,0.3599430081810624,0.17432195816010337,0.012299573659599243,registered
861,1787908854.856772,1787908854.8561287,3.5300927107166444,1803.5300927107166,1477.4003061942244,1803.5067795438845,1803.6309361045546,-0.10084339383797669,-0.025007650505813217,0.12254805096999635,0.008982395932017589,registered
862,1787908854.8846834,1787908854.8840237,5.112547091788429,1805.1125470917884,1478.9827605752962,1805.165507069378,1805.3046175163886,-0.19207042460016055,-0.23114500327733367,0.1600165035357436,0.01128919772178738,registered
863,1787908854.9136837,1787908854.9129832,6.928954786571467,1806.9289547865715,1480.7991682700792,1806.8756091758119,1807.04217061629,-0.11321582971845601,-0.11565286436029965,0.14491423806463483,0.009540029969150161,registered
864,1787908854.942793,1787908854.9420455,8.515527221623415,1808.5155272216234,1482.3857407051312,1808.5685948705473,1808.785889157973,-0.27036193634967276,-0.1843920720150436,0.1504820508837555,0.010498478594906817,registered
865,1787908854.9705489,1787908854.9698343,10.185236817315854,1810.1852368173159,1484.0554503008236,1810.2323800393663,1810.4532048584545,-0.2679680411386016,-0.2698853322995092,0.12095699149582485,0.009406669213226965,registered
866,1787908854.999014,1787908854.9984026,11.960930314021198,1811.9609303140212,1485.831143797529,1812.008801186558,1812.167283503682,-0.20635318966083105,-0.29394624603082775,0.14706171419467648,0.011857368703090653,registered
867,1787908855.0277052,1787908855.0271068,13.861877978070652,1813.8618779780707,1487.7320914615784,1813.8267129515284,1813.8895159814285,-0.027638003357878915,-0.11518418413902509,0.1628119054907585,0.012799807613337303,registered
868,1787908855.0669224,1787908855.0660694,15.659579386685436,1815.6595793866854,1489.5297928701932,1815.652112965901,1816.2272483746196,-0.567668987934212,-0.5920533690052707,0.20092806105005367,0.015916034664653366,registered
869,1787908855.0850353,1787908855.084236,17.392579005319476,1817.3925790053195,1491.2627924888272,1817.486308440596,1817.3172298178342,0.07534918748524433,0.004317863569895053,0.18262913839622458,0.01473461092953557,registered
870,1787908855.1141422,1787908855.1133397,19.333228658777898,1819.333228658778,1493.2034421422857,1819.3073320015137,1819.0634374241813,0.26979123459659604,0.22030770792480325,0.15984143392309008,0.01248797190571506,registered
871,1787908855.1442156,1787908855.143292,21.21842274208825,1821.2184227420883,1495.088636225596,1821.0770956122005,1820.8605564163804,0.35786632570784604,0.37220007475866623,0.1606562763600278,0.012024955958615195,registered
872,1787908855.1711688,1787908855.1704712,22.768315323819706,1822.7683153238197,1496.6385288073275,1822.7226724429802,1822.4912943102802,0.2770210135395246,0.28012709432709926,0.13370631204838596,0.009931461534549437,registered
873,1787908855.1995196,1787908855.1989446,24.37474138832681,1824.3747413883268,1498.2449548718346,1824.3672170240793,1824.1996795777136,0.17506181061321513,0.17607904424357912,0.13443773034791068,0.009643360214509117,registered
874,1787908855.2281709,1787908855.2275534,26.07826299742692,1826.078262997427,1499.9484764809347,1826.0240941581878,1825.9161900677275,0.1620729296994341,0.20023445307629117,0.13155141206469792,0.008271680940672236,registered
875,1787908855.2566617,1787908855.2560403,27.521007508121556,1827.5210075081216,1501.3912209916293,1827.6337248963086,1827.6253907184127,-0.10438321029118924,-0.07494758050029304,0.13687650380197394,0.007315939592068751,registered
876,1787908855.2849824,1787908855.2841692,28.97660975238614,1828.9766097523861,1502.846823235894,1829.2463995561463,1829.3131053051616,-0.33649555277543186,-0.3543422389702755,0.1795760309703155,0.008724728320193368,registered
877,1787908855.3133006,1787908855.3126075,31.124116629148375,1831.1241166291484,1504.9943301126561,1830.907605465256,1831.0193877421032,0.1047288870452121,0.13223572847527976,0.11696641008643077,0.005930038800716868,registered
878,1787908855.3419747,1787908855.3412702,32.79131776009376,1832.7913177600938,1506.6615312436015,1832.6178891913291,1832.739131155186,0.05218660490777438,0.07336296469884473,0.16458906207669455,0.00859451636370531,registered
879,1787908855.3705487,1787908855.3699577,34.23143212176137,1834.2314321217614,1508.1016456052691,1834.380618771188,1834.4603622850796,-0.22893016331818217,-0.2314406380262426,0.12771168260489127,0.006761350083727517,registered
880,1787908855.3997114,1787908855.399144,36.005792212488814,1836.0057922124888,1509.8760056959966,1836.143517938297,1836.2115194108153,-0.20572719832648545,-0.19981287629298095,0.15371264615498137,0.008490690021638074,registered
881,1787908855.427745,1787908855.42704,37.89388171480459,1837.8938817148046,1511.7640951983124,1837.9045331405732,1837.885272347496,0.008609367308508808,-0.0006117786069808062,0.18259727377788612,0.010584040735617325,registered
882,1787908855.4565277,1787908855.455912,39.79346017830517,1839.7934601783052,1513.663673661813,1839.6154605856455,1839.6175755236525,0.1758846546526911,0.17331254097848614,0.1767324960074603,0.010638119467149825,registered
883,1787908855.4849854,1787908855.4842513,41.46151646205476,1841.4615164620548,1515.3317299455625,1841.3404781062043,1841.317907093352,0.1436093687027551,0.14023540011135083,0.19643926159514657,0.012163490155105339,registered
884,1787908855.5132678,1787908855.5127282,42.95609595010637,1842.9560959501064,1516.8263094336141,1843.1183523572,1843.0265069353254,-0.07041098521904132,-0.06582694161329528,0.14483116967075113,0.008816356386680359,registered
885,1787908855.542488,1787908855.5418239,44.89523023468246,1844.8952302346825,1518.7654437181902,1844.9277896894346,1844.772228172715,0.12300206196755425,0.14148251226788489,0.20271786488538138,0.010840919914024449,registered
886,1787908855.5705655,1787908855.56996,46.537882843375655,1846.5378828433757,1520.4080963268834,1846.6249911568284,1846.460386213513,0.07749662986270778,0.08554681355781213,0.1563658244188964,0.007261317436023698,registered
887,1787908855.5996506,1787908855.598907,48.21880125472876,1848.2188012547288,1522.0890147382365,1848.25611718379,1848.1971811500396,0.021620104689191066,0.045519194910866645,0.20193855825041554,0.009275163897920604,registered
888,1787908855.6295707,1787908855.6287243,50.330768342996635,1850.3307683429966,1524.2009818265044,1850.0144492023712,1849.986203529597,0.34456481339952916,0.3506073439602915,0.1464835070790104,0.007624413339316286,registered
889,1787908855.6571517,1787908855.6564434,51.9390085727905,1851.9390085727905,1525.8092220562983,1851.7613558336784,1851.6493278740643,0.28968069872621527,0.2996990500089396,0.12144469042039946,0.006697570162423608,registered
890,1787908855.6855352,1787908855.6848645,52.91231675300719,1852.9123167530072,1526.782530236515,1853.3760207362247,1853.3545803532138,-0.4422636002066156,-0.40000112339430416,0.1815252636756733,0.010084780795019201,registered
891,1787908855.7136729,1787908855.7130446,54.942166675005865,1854.9421666750059,1528.8123801585136,1855.0727367608938,1855.045370508369,-0.10320383336306804,-0.09644032924143175,0.06542900241980608,0.0035394208252022743,registered
892,1787908855.7429855,1787908855.741718,57.26130438749715,1857.2613043874971,1531.131517871005,1856.8426127336872,1856.765757645072,0.4955467424251765,0.45108802881736665,0.17026137180562476,0.009250029290475895,registered
893,1787908855.7709472,1787908855.7701452,58.35408185568417,1858.3540818556842,1532.224295339192,1858.4844643967845,1858.471367748455,-0.11728589277072388,-0.11890077299926816,0.07530298616049938,0.004272762028490668,registered
894,1787908855.7992473,1787908855.798649,59.92957328657076,1859.9295732865708,1533.7997867700785,1860.177497413982,1860.1815840519628,-0.25201076539201495,-0.2704898815188699,0.13913006762642624,0.008498738285486671,registered
895,1787908855.828036,1787908855.8272586,62.331686332712934,1862.331686332713,1536.2018998162207,1862.009208907271,1861.8981374568846,0.43354887582836454,0.4357676153965713,0.12801885750035477,0.00807091932758334,registered
896,1787908855.856246,1787908855.855545,63.87505046244519,1863.8750504624452,1537.745263945953,1863.7223606512507,1863.5953076283618,0.2797428340834358,0.22387417891150108,0.11539982793284191,0.007054845521982741,registered
897,1787908855.8919678,1787908855.8909378,64.82323936020794,1864.823239360208,1538.6934528437157,1865.3246853814062,1865.718851715746,-0.8956123555381055,-0.8100511310385627,0.17002904940995178,0.010233134156974601,registered
898,1787908855.913834,1787908855.913238,67.14456582280604,1867.144565822806,1541.0147793063138,1867.0693293787228,1867.0568527172375,0.08771310556858225,0.036284337042161496,0.07573483514083744,0.004732811774029048,registered
899,1787908855.9422767,1787908855.9415107,69.27733734698882,1869.2773373469888,1543.1475508304966,1868.8300087337936,1868.7531932004933,0.5241441464954733,0.4602755938738028,0.16824814196175653,0.011453999112419533,registered
900,1787908855.970785,1787908855.9701607,70.31620676531952,1870.3162067653195,1544.1864202488273,1870.4623311220464,1870.4721784502017,-0.15597168488216084,-0.14101603680501285,0.09607035584281017,0.006708040256040285,registered
901,1787908855.9994612,1787908855.9988244,71.75494926440388,1871.7549492644039,1545.6251627479116,1872.1703583040253,1872.1919790831619,-0.43702981875799196,-0.34998135872228886,0.15579026407117577,0.0108884149816291,registered
902,1787908856.0285304,1787908856.0278966,74.22325890867091,1874.223258908671,1548.0934723921787,1873.994450444733,1873.936298433557,0.2869604751138013,0.3022052715946302,0.1784638307072476,0.01173670244380077,registered
903,1787908856.0564754,1787908856.0558174,75.92249322516773,1875.9224932251677,1549.7927067086755,1875.6620429985903,1875.611524782079,0.31096844308876825,0.31666641861556855,0.14631208440292318,0.00946667431047723,registered
904,1787908856.0851448,1787908856.0842855,76.98216054503428,1876.9821605450343,1550.852374028542,1877.2883914780573,1877.319595340187,-0.3374347951528307,-0.3221700509348011,0.25830354804903616,0.016957241429336925,registered
905,1787908856.1139097,1787908856.1130495,79.09668770647477,1879.0966877064748,1552.9669011899825,1879.087686653819,1879.0454183652362,0.05126934123859428,0.03269187460205103,0.08250788073694758,0.005586885887120498,registered
906,1787908856.142226,1787908856.141502,81.18232459273486,1881.1823245927349,1555.0525380762426,1880.873148794189,1880.7525447953683,0.4297797973665638,0.43853685971225786,0.21119480945461194,0.01383137575397142,registered
907,1787908856.1710787,1787908856.17025,82.2362726318604,1882.2362726318604,1556.1064861153682,1882.486652477015,1882.4774093874719,-0.2411367556114783,-0.21367098288419584,0.10183927340202396,0.006416637395758923,registered
908,1787908856.1996593,1787908856.1988053,83.90158710255787,1883.9015871025579,1557.7718005860656,1884.145413330145,1884.1907155643555,-0.2891284617976453,-0.28161250866401133,0.17188496252864338,0.01025548817332466,registered
909,1787908856.2279298,1787908856.227252,86.35773800093784,1886.3577380009378,1560.2279514844456,1885.9405270491811,1885.8974986752237,0.4602393257141557,0.4277132171187077,0.18332743992113074,0.011029470239759732,registered
910,1787908856.2567315,1787908856.2560182,87.74675537301619,1887.7467553730162,1561.616968856524,1887.6126940967258,1887.6234504449967,0.12330492801947912,0.08420645074806998,0.14295072980043655,0.008892361342765649,registered
911,1787908856.2851408,1787908856.28436,88.84654003105788,1888.8465400310579,1562.7167535145657,1889.2569148403363,1889.3239393693589,-0.4773993383009838,-0.3839123306629517,0.20155896798265543,0.012770402328692802,registered
912,1787908856.3140206,1787908856.3134027,90.96151630007535,1890.9615163000753,1564.8317297835831,1891.0399452044444,1891.0664849035568,-0.10496860348143855,-0.08960855389750577,0.05473003888318687,0.0034397979958399293,registered
913,1787908856.3424146,1787908856.3417432,93.18465834003155,1893.1846583400315,1567.0548718235393,1892.8191278164113,1892.7669023030724,0.41775603695919017,0.34295378427941614,0.21585458828325277,0.012956203347118635,registered
914,1787908856.3707416,1787908856.3701022,94.27863204882965,1894.2786320488296,1568.1488455323374,1894.4551508898319,1894.4684211852264,-0.1897891363967119,-0.21909952844202962,0.1049979285368027,0.0062053410572126926,registered
915,1787908856.399242,1787908856.3985803,96.01438236886133,1896.0143823688613,1569.884595852369,1896.1580265957882,1896.1770925520464,-0.16271018318502684,-0.22006159990041851,0.16785248374800546,0.009951797317143551,registered
916,1787908856.4278173,1787908856.4271584,98.26854490716778,1898.2685449071678,1572.1387583906755,1897.9628241557893,1897.8917577010166,0.37678720615122074,0.3453017471892963,0.18260165889584334,0.011157358932482197,registered
917,1787908856.4569733,1787908856.4562573,99.81137563591528,1899.8113756359153,1573.681589119423,1899.643072236211,1899.6376792079768,0.1736964279384665,0.1600545010426231,0.1649064540660991,0.010078244932919948,registered
918,1787908856.48517,1787908856.4844117,100.81508236930313,1900.8150823693031,1574.685295852811,1901.3188906713278,1901.326924426444,-0.5118420571409388,-0.4076301285069803,0.20643516101097878,0.012381349502601826,registered
919,1787908856.5136232,1787908856.5130606,103.00717845697682,1903.0071784569768,1576.8773919404846,1903.1080107252997,1903.0458381513058,-0.03865969432899874,-0.04330573854122122,0.1045339689171967,0.005758580188475798,registered
920,1787908856.542558,1787908856.5419395,105.28184567495623,1905.2818456749562,1579.152059158464,1904.8264907500968,1904.7785561715727,0.5032895033834848,0.48556049194007755,0.22925906173430102,0.011800601034363969,registered
921,1787908856.5708585,1787908856.570186,106.41207046901854,1906.4120704690185,1580.2822839525263,1906.5059308609207,1906.473323108202,-0.06125263918352175,-0.07111393130003307,0.13967055825209623,0.007255959430951136,registered
922,1787908856.5992882,1787908856.598759,108.17399507766913,1908.1739950776691,1582.044208561177,1908.2366144214714,1908.1876878528162,-0.013692775147092107,-0.1488363794203451,0.21587775793649314,0.01181354604717411,registered
923,1787908856.627899,1787908856.6270857,110.07398876679031,1910.0739887667903,1583.944202250298,1910.0311666071102,1909.8872755641105,0.18671320267981173,0.224013673864647,0.17971073890194872,0.010145622943280428,registered
924,1787908856.6563857,1787908856.6557872,111.66939900761031,1911.6693990076103,1585.539612491118,1911.713413257327,1911.6093506871946,0.06004832041571717,0.003079055481521209,0.12895970053365755,0.007043182171847316,registered
925,1787908856.6851366,1787908856.6844862,113.30174307166226,1913.3017430716623,1587.17195655517,1913.373282021843,1913.3312684556158,-0.029525383953568962,0.04787858437839532,0.27791979667765765,0.01398588655548394,registered
926,1787908856.7139852,1787908856.7132554,115.06079795458368,1915.0607979545837,1588.9310114380914,1915.1378505471698,1915.0574061899902,0.0033917645935162,0.07980916641145086,0.10452762764825449,0.0048130190250310016,registered
927,1787908856.7424524,1787908856.741702,117.1030217025268,1917.1030217025268,1590.9732351860346,1916.835325079913,1916.7641893008583,0.3388324016684692,0.3294821083472925,0.21384480220289823,0.009580407319556011,registered
928,1787908856.7708402,1787908856.7701757,118.528831086315,1918.528831086315,1592.3990445698228,1918.5110409252106,1918.472588873261,0.056242213054019885,0.042540527466371714,0.1421380674965689,0.006486360282574984,registered
929,1787908856.7993538,1787908856.7987278,120.0273927747296,1920.0273927747296,1593.8976062582374,1920.2231448149469,1920.185694780574,-0.15830200584446175,-0.17931992920352968,0.18081333198755853,0.008338276593216962,registered
930,1787908856.8282757,1787908856.8276145,121.94445803687609,1921.944458036876,1595.8146715203839,1921.9082495742493,1921.918884864829,0.025573172047188564,0.005590957298863941,0.24740045057080925,0.01103191595748608,registered
931,1787908856.8719952,1787908856.8713987,123.57343276972983,1923.5734327697298,1597.4436462532376,1923.5805593422274,1924.5459066528192,-0.9724738830893784,-1.0424836656973184,0.2134503896809466,0.009074553811433506,registered
932,1787908856.8917487,1787908856.8910348,125.23962127975483,1925.2396212797548,1599.1098347632626,1925.2324510527192,1925.7240639269958,-0.48444264724093955,-0.5447588932502185,0.2990671648884373,0.012568184498820583,registered
933,1787908856.913395,1787908856.9127793,127.00478370201449,1927.0047837020145,1600.8749971855223,1926.925741087458,1927.0287200449745,-0.023936342960041657,-0.009923947018933177,0.18965466234618786,0.008294414240587888,registered
934,1787908856.9436243,1787908856.9427354,128.5838694243057,1928.5838694243057,1602.4540829078135,1928.616986225624,1928.826067916683,-0.24219849237738345,-0.19436143349753365,0.3202120487920838,0.014782108431832062,registered
935,1787908856.9754357,1787908856.974148,130.32202640430432,1930.3220264043043,1604.192239887812,1930.264698245534,1930.7108048460404,-0.38877844173612175,-0.4685737521876945,0.22540737593722118,0.011201389346860765,registered
936,1787908857.0025318,1787908857.001029,131.89594242358612,1931.8959424235861,1605.766155907094,1931.9556610665009,1932.323647223306,-0.42770479971977693,-0.48873623072199734,0.27522828095452584,0.014737996419393896,registered
937,1787908857.0318122,1787908857.0307271,133.61439430299833,1933.6143943029983,1607.484607786506,1933.6802643236315,1934.1055171181972,-0.491122815198878,-0.518422612848326,0.28311844833572625,0.01629346781388996,registered
938,1787908857.0576122,1787908857.0566044,135.47106972122992,1935.47106972123,1609.3412832047377,1935.4357275061948,1935.6581355745755,-0.18706585334552983,-0.2549730148407434,0.24421077338113975,0.01508224546376518,registered
939,1787908857.0870433,1787908857.0854714,137.14170093241705,1937.141700932417,1611.0119144159248,1937.220463039912,1937.3901383463758,-0.2484374139587544,-0.2299255200512107,0.260970945742445,0.01718204601404239,registered
940,1787908857.1163929,1787908857.1153457,139.05106661820764,1939.0510666182076,1612.9212801017154,1939.026410527834,1939.1825796136036,-0.1315129953959513,-0.1399726714494136,0.19288258365842773,0.013178761180278921,registered
941,1787908857.1433253,1787908857.1424904,140.90634316429578,1940.9063431642958,1614.7765566478035,1940.8420349995447,1940.8112432869502,0.0950998773455467,0.05295367599023848,0.2296796719093759,0.01515547570495954,registered
942,1787908857.1714625,1787908857.1706934,142.64402405905298,1942.644024059053,1616.5142375425607,1942.6465753122498,1942.5034067191611,0.14061733989183267,0.12948120308169564,0.19033613605881022,0.011758728796686047,registered
943,1787908857.2040296,1787908857.2033148,144.3550227163655,1944.3550227163655,1618.2252361998733,1944.419106236433,1944.4606698430312,-0.10564712666564446,-0.11895418290623638,0.20588856878334066,0.012410077895553715,registered
944,1787908857.2298856,1787908857.227777,146.18488179635256,1946.1848817963526,1620.0550952798603,1946.1299619824138,1945.9283883064245,0.25649348992806154,0.22206229546100076,0.17761405138453767,0.011219318634299102,registered
945,1787908857.2573419,1787908857.2564602,147.8050223283924,1947.8050223283924,1621.6752358119002,1947.756025764726,1947.64936194687,0.1556603815224662,0.16373349592981867,0.14959855142995393,0.01010499074596885,registered
946,1787908857.2864902,1787908857.2859132,149.51321568564254,1949.5132156856425,1623.3834291691503,1949.3950369742033,1949.4165263332882,0.09668935235436038,0.10486470519799695,0.1959111212072205,0.013988229263928877,registered
947,1787908857.3137417,1787908857.3130505,150.98801955869044,1950.9880195586904,1624.8582330421982,1951.0212874874899,1951.0447465525854,-0.056726993894926636,-0.07365444447282243,0.08830287150436604,0.006422523599696231,registered
948,1787908857.3427458,1787908857.3420465,152.4319486945501,1952.43194869455,1626.3021621780579,1952.6241249222085,1952.7844883127943,-0.3525396182442364,-0.36193281118448795,0.17409055024245865,0.012533519871697776,registered
949,1787908857.3707469,1787908857.370175,154.1831105451456,1954.1831105451456,1628.0533240286534,1954.2197874549952,1954.4721742896045,-0.28906374445887195,-0.2908954707918383,0.12772030474343485,0.00891104254557536,registered
950,1787908857.39978,1787908857.3990488,156.0536534976818,1956.0536534976818,1629.9238669811896,1955.8500160438327,1956.2045919055154,-0.15093840783356427,-0.24403014284052915,0.17562015956330757,0.01231989742601811,registered
951,1787908857.4281478,1787908857.427395,157.51974344669907,1957.519743446699,1631.3899569302068,1957.5148205029955,1957.905352624295,-0.3856091775958248,-0.3830541778029328,0.1360747452932147,0.010297759025612717,registered
952,1787908857.4565816,1787908857.4559894,159.1822213078417,1959.1822213078417,1633.0524347913495,1959.2469176143143,1959.6209905111796,-0.43876920333786984,-0.43577242655715054,0.14492783622560526,0.012443261269379165,registered
953,1787908857.485534,1787908857.4849384,160.97209857817256,1960.9720985781726,1634.8423120616803,1961.0620377766095,1961.3579141924301,-0.3858156142575808,-0.4068004408561592,0.16016238778133438,0.015071732088018371,registered
954,1787908857.5143793,1787908857.513666,162.79921730696083,1962.7992173069608,1636.6694307904686,1962.8886011288973,1963.0815485571713,-0.2823312502105182,-0.29734781321712944,0.17142085604675913,0.016342376092369854,registered
955,1787908857.542594,1787908857.54176,164.7114454195887,1964.7114454195887,1638.5816589030965,1964.719306404863,1964.7671746183976,-0.05572919880887639,-0.06721971460956411,0.24695168285947558,0.023479373523090718,registered
956,1787908857.5708861,1787908857.5701592,166.6642446759572,1966.6642446759572,1640.534458159465,1966.6118783277711,1966.4711110403687,0.1931336355885378,0.16809820101548212,0.1897822785499947,0.01884097457934766,registered
957,1787908857.606774,1787908857.6058671,168.66973205942213,1968.6697320594221,1642.53994554293,1968.482719176564,1968.6135662972097,0.0561657622124585,0.035716401562012834,0.1699317790430049,0.016903530523562377,registered
958,1787908857.6374106,1787908857.636558,170.25023313303336,1970.2502331330334,1644.1204466165411,1970.2742605457538,1970.4550020843992,-0.20476895136584972,-0.24312568653635935,0.13828162092047228,0.012680284184186996,registered
959,1787908857.6563954,1787908857.6558201,171.92289519554697,1971.922895195547,1645.7931086790547,1972.0261357185605,1971.610714861694,0.31218033385289345,0.2753074886597915,0.14961792841509647,0.012028496070924134,registered
960,1787908857.685116,1787908857.6844387,173.80648701336395,1973.806487013364,1647.6767004968717,1973.7569145075945,1973.3278118554506,0.4786751579133579,0.4999191035719832,0.14455651457275123,0.010627738881692318,registered
961,1787908857.7136827,1787908857.7130423,175.40611941663337,1975.4061194166334,1649.2763329001411,1975.4031146054185,1975.0440076361392,0.3621117804941605,0.32258799977830677,0.10721887188960286,0.00795371624405753,registered
962,1787908857.7431364,1787908857.742356,176.9055624974967,1976.9055624974967,1650.7757759810045,1976.9542097836447,1976.8028179204675,0.10274457702917061,0.08213233838614542,0.1373470434486431,0.010577114797308716,registered
963,1787908857.7709134,1787908857.770268,178.73317980317665,1978.7331798031767,1652.6033932866844,1978.573081985227,1978.4775149851243,0.2556648180523098,0.2448108639309794,0.10518133365118823,0.008440382074627939,registered
964,1787908857.7994995,1787908857.7988658,180.3118059132048,1980.3118059132048,1654.1820193967126,1980.2158951984761,1980.193367446549,0.11843846665578894,0.10737318156952824,0.12069551199367597,0.009849950724525169,registered
965,1787908857.8282366,1787908857.827456,181.53746356986926,1981.5374635698693,1655.407677053377,1981.7966004410534,1981.908762148955,-0.37129857908576014,-0.35734779641870773,0.1206115720908056,0.009790361135624774,registered
966,1787908857.8567507,1787908857.8559103,183.19365184850972,1983.1936518485097,1657.0638653320175,1983.4129028128125,1983.6160030188419,-0.4223511703321492,-0.41704437811995376,0.10237473435841757,0.007959035564404651,registered
967,1787908857.885934,1787908857.8852906,185.39563355184873,1985.3956335518487,1659.2658470353565,1985.100524029027,1985.3788043896138,0.01682916223489883,-0.04766093119906145,0.15990983516417295,0.011198079483773138,registered
968,1787908857.9137821,1787908857.9131777,186.93420775695176,1986.9342077569518,1660.8044212404595,1986.7706051499918,1987.05201373746,-0.11780598050813751,-0.07708143920285693,0.1329053491285293,0.009165408256612344,registered
969,1787908857.9426198,1787908857.9419496,188.2619632180033,1988.2619632180033,1662.132176701511,1988.509449116374,1988.7783088264969,-0.516345608493566,-0.49568588900274335,0.1661187097660107,0.01219148372846606,registered
970,1787908857.9710119,1787908857.9704082,190.28800956711393,1990.288009567114,1664.1582230506217,1990.3202696243275,1990.4858071858316,-0.19779761871768642,-0.22931168850755057,0.1659992733163169,0.013350752458080485,registered
971,1787908857.9994774,1787908857.9989061,192.23230421675407,1992.232304216754,1666.1025177002618,1992.1232763603657,1992.1956658651063,0.03663835164775264,0.05168055259582616,0.24095576689505377,0.019364723729370564,registered
972,1787908858.0279293,1787908858.0273273,193.76300611917077,1993.7630061191708,1667.6332196026785,1993.9035926781203,1993.9009183442558,-0.13791222508507417,-0.11155536357796336,0.2292029605441448,0.01889157670856846,registered
973,1787908858.0567605,1787908858.0560908,195.7826740377443,1995.7826740377443,1669.652887521252,1995.7846077273525,1995.6267127593662,0.15596127837807217,0.1081467995697949,0.2148395291039106,0.019771823610301418,registered
974,1787908858.0857725,1787908858.0849762,197.73622758073566,1997.7362275807357,1671.6064410642434,1997.6780708535152,1997.3598170138052,0.3764105669304172,0.38521138571491065,0.2069806001528929,0.01927356889012799,registered
975,1787908858.1149628,1787908858.114131,199.52025458059052,1999.5202545805905,1673.3904680640983,1999.4519930921888,1999.1090858835892,0.41116869700135794,0.39920702534413977,0.17436966352314592,0.014398520660449034,registered
976,1787908858.1425962,1787908858.1418295,201.1645968470864,2001.1645968470864,1675.0348103305942,2001.1787558758729,2000.7709800006937,0.3936168463926606,0.3817524200376283,0.21857023710159007,0.016312422583479053,registered
977,1787908858.1708763,1787908858.170265,203.00724552729503,2003.007245527295,1676.8774590108028,2002.9309689334473,2002.4770907780035,0.5301547492915688,0.5525695161622934,0.1699388883171901,0.012774005815955954,registered
978,1787908858.199608,1787908858.1989143,204.6008206616316,2004.6008206616316,1678.4710341451394,2004.5848664460768,2004.1960331128037,0.404787548827926,0.4359865891967729,0.15585546990026752,0.01181147223335468,registered
979,1787908858.2282267,1787908858.2275472,206.0330958914053,2006.0330958914053,1679.903309374913,2006.1602872025455,2005.9139884047202,0.11910748668515225,0.10632176738477028,0.13373634205604387,0.009828538641433638,registered
980,1787908858.257274,1787908858.2565928,207.73888772120904,2007.738887721209,1681.6091012047168,2007.7374506708748,2007.6567055985502,0.08218212265887814,0.05768602410034873,0.1605402004583652,0.011288156159972189,registered
981,1787908858.2863095,1787908858.2855012,209.57158766868042,2009.5715876686804,1683.4418011521882,2009.3490592799703,2009.3911974350142,0.18039023366623042,0.15353764576070716,0.13314939034127807,0.008768497099620104,registered
982,1787908858.3138323,1787908858.313145,210.87112892045275,2010.8711289204527,1684.7413424039605,2010.96666681549,2011.0498014091727,-0.1786724887199398,-0.14568199618611288,0.1289541393708177,0.0076724413799678015,registered
983,1787908858.3424902,1787908858.3418677,212.37848472288397,2012.378484722884,1686.2486982063917,2012.6124881051244,2012.773149674527,-0.394664951643108,-0.3526188595092208,0.1736494456141693,0.008716955765480879,registered
984,1787908858.3707726,1787908858.3701384,214.3559364923051,2014.355936492305,1688.2261499758129,2014.317143728419,2014.4693757180285,-0.11343922572336851,-0.1647780932448768,0.22236955644738388,0.009759431828439512,registered
985,1787908858.4161859,1787908858.415051,216.15778821547292,2016.157788215473,1690.0280016989807,2016.0093197380158,2017.1641029258667,-1.0063147103937808,-1.0356009340277978,0.21490806400164877,0.009880318971949695,registered
986,1787908858.4291,1787908858.4282715,217.76173510156764,2017.7617351015676,1691.6319485850754,2017.7452592137984,2017.9573277802908,-0.19559267872318742,-0.26365108280697314,0.2431655298962995,0.012031901605375227,registered
987,1787908858.456972,1787908858.4560552,219.46056736917512,2019.4605673691751,1693.330780852683,2019.5873359989773,2019.624328771447,-0.16376140227180258,-0.19767164661311654,0.27490426873244245,0.014544335326031341,registered
988,1787908858.487363,1787908858.4860177,221.42136121244175,2021.4213612124418,1695.2915746959495,2021.4177189793077,2021.4220628773273,-0.0007016648855824315,0.001247173344154362,0.2763072840098199,0.01466075929937814,registered
989,1787908858.5174854,1787908858.5162613,223.08344007347978,2023.0834400734798,1696.9536535569875,2023.1791649399784,2023.2366625420502,-0.15322246857044775,-0.16358222883900453,0.2570821116870612,0.012158625377657828,registered
990,1787908858.5433402,1787908858.5424128,225.02746803809782,2025.0274680380978,1698.8976815216056,2024.9362176992076,2024.8057317131602,0.22173632493763762,0.2108325987085209,0.3333093811687716,0.012348334692781175,registered
991,1787908858.5718539,1787908858.570917,226.87468165708697,2026.874681657087,1700.7448951405947,2026.679785222404,2026.5159623216373,0.3587193354496776,0.3110303738008042,0.249768354752349,0.008072899628544765,registered
992,1787908858.6028452,1787908858.6020324,228.4121069509349,2028.412106950935,1702.2823204344427,2028.3815745526122,2028.382875259207,0.029231691728000442,-0.001809287409287208,0.2568218760480789,0.00878742154858173,registered
993,1787908858.6303248,1787908858.6292155,229.92130452679862,2029.9213045267986,1703.7915180103064,2030.037821476304,2030.0138420326161,-0.09253750581751774,-0.1053364838280686,0.1997947897821537,0.007560226222479534,registered
994,1787908858.657763,1787908858.6567624,231.63737273379684,2031.6373727337968,1705.5075862173046,2031.7124462485535,2031.6666381892255,-0.029265455428685527,-0.04741248338268633,0.1357730916614119,0.00558526742963743,registered
995,1787908858.6856785,1787908858.6849256,233.34757636827794,2033.347576368278,1707.2177898517857,2033.3756004111474,2033.356412691558,-0.008836323280092984,-0.020279398011552985,0.1783625811882612,0.007654643567795536,registered
996,1787908858.7157695,1787908858.714878,235.08071131070096,2035.080711310701,1708.9509247942087,2035.0505016958684,2035.1535459887268,-0.07283467802585619,-0.10773938633542457,0.07890506952072242,0.003435752019681288,registered
997,1787908858.7438579,1787908858.7431095,236.79505108687886,2036.7950510868789,1710.6652645703866,2036.7935010068081,2036.8474117122882,-0.052360625409392014,-0.0954928705882594,0.17111212343674748,0.0073600280555881316,registered
998,1787908858.7738864,1787908858.7728899,238.57666930453684,2038.5766693045368,1712.4468827880446,2038.535236317828,2038.6342168215992,-0.05754751706240313,-0.0616193647279033,0.12144574433450984,0.005046589480417142,registered
999,1787908858.8014023,1787908858.800163,240.26607839148278,2040.2660783914828,1714.1362918749905,2040.250875436468,2040.2705908734156,-0.004512481932806622,0.0015284677751878917,0.18633788745875837,0.007608612329187724,registered
1000,1787908858.8289287,1787908858.8279603,241.89815177180958,2041.8981517718096,1715.7683652553173,2041.97486287725,2041.9384072478238,-0.04025547601418111,-0.05865450776241232,0.13733056407046168,0.005700529020676825,registered
1001,1787908858.8589966,1787908858.8578494,243.77267564610156,2043.7726756461016,1717.6428891296093,2043.698954692372,2043.73173542315,0.04094022295157629,-6.897105618008936e-05,0.12829130372023265,0.005515727434014444,registered
1002,1787908858.888222,1787908858.886724,245.35785595796642,2045.3578559579664,1719.2280694414742,2045.3852175799518,2045.464195953969,-0.10633999600258903,-0.1022237165941533,0.18213141632575194,0.008120564715140536,registered
1003,1787908858.9158099,1787908858.9148517,247.09624445909935,2047.0962444590994,1720.9664579426071,2047.0962768646673,2047.151839015871,-0.05559455677166625,-0.08748009289115544,0.09274987188493396,0.004315632489550325,registered
1004,1787908858.9439688,1787908858.9430368,248.87387384554177,2048.8738738455418,1722.7440873290495,2048.840222727315,2048.842929575382,0.0309442701595799,0.043018430937763696,0.19027322742047342,0.008998303630853608,registered
1005,1787908858.9728274,1787908858.971452,250.52090102206785,2050.520901022068,1724.3911145055754,2050.561509009898,2050.5478244302985,-0.026923408230913992,-0.039977966290280165,0.12819792043127332,0.005992446916274752,registered
1006,1787908859.0029495,1787908859.001487,252.14398210745185,2052.143982107452,1726.0141955909594,2052.2636131919653,2052.349907246856,-0.2059251394043713,-0.22690286207398458,0.18028386966550045,0.008418446052433842,registered
1007,1787908859.030571,1787908859.0297134,254.14836146313746,2054.1483614631375,1728.0185749466452,2054.004882669222,2054.0434725660616,0.10488889707585258,0.09022731435788955,0.17128195131615748,0.008222520480389038,registered
1008,1787908859.0576718,1787908859.0564294,255.7724674981755,2055.7724674981755,1729.642680981683,2055.717962528409,2055.6464159045495,0.12605159362601626,0.11261991136552751,0.13502527461411445,0.006647248932286661,registered
1009,1787908859.0860631,1787908859.0853634,257.2991292586853,2057.2991292586853,1731.1693427421928,2057.3690745129497,2057.382438372732,-0.08330911404686958,-0.10930026421783623,0.25356675747987145,0.012848613101445737,registered
1010,1787908859.1183045,1787908859.116517,259.1082651898437,2059.1082651898437,1732.9784786733514,2059.0693757031654,2059.251640105395,-0.14337491555102133,-0.18049907354270545,0.07152934119487311,0.0037667838420042798,registered
1011,1787908859.1448607,1787908859.143686,260.84208778721177,2060.8420877872118,1734.7123012707193,2060.8130807536577,2060.881762885613,-0.03967509840163075,-0.09471804149666241,0.19430437056332442,0.010356136347011541,registered
1012,1787908859.1769097,1787908859.1751914,262.3736015182535,2062.3736015182535,1736.243815001761,2062.4803996607475,2062.7720644480405,-0.39846292978722886,-0.4375101006173736,0.10277338299209861,0.0054006665758428146,registered
1013,1787908859.2032816,1787908859.2023668,264.01310978206357,2064.0131097820636,1737.883323265571,2064.1681679217195,2064.402573462431,-0.38946368036772583,-0.40107660552848756,0.1675613644308744,0.008673816886557347,registered
1014,1787908859.2325,1787908859.2313952,266.1870111212961,2066.187011121296,1740.0572246048037,2065.956790733443,2066.144260698469,0.04275042282688446,-0.0010612415728701308,0.17623065723271344,0.009206044248860101,registered
1015,1787908859.258062,1787908859.2572136,267.8096015634169,2067.809601563417,1741.6798150469244,2067.695706488599,2067.6933458274225,0.11625573599440031,0.07766815689956275,0.1181646303283386,0.006330753830586937,registered
1016,1787908859.2884505,1787908859.287316,269.10585660180004,2069.1058566018,1742.9760700853078,2069.3540587921175,2069.4994769503005,-0.39362034850046257,-0.3699939740554328,0.2238084512827575,0.012329956082709804,registered
1017,1787908859.3144722,1787908859.3137164,271.1032722876007,2071.1032722876007,1744.9734857711085,2071.082615611037,2071.083480509393,0.01979177820771838,-0.0038404965803238156,0.06309904934959774,0.0036069212305352575,registered
1018,1787908859.3457532,1787908859.3444703,273.1754139421878,2073.175413942188,1747.0456274256953,2072.861287915141,2072.928692808486,0.24672113370138504,0.1764810695806318,0.22462385226879816,0.012918274389167162,registered
1019,1787908859.3730953,1787908859.371869,274.27087307284273,2074.2708730728427,1748.1410865563503,2074.5288363453983,2074.5726055791406,-0.30173250629809445,-0.23303915765313832,0.10672695642778841,0.00611371734043728,registered
1020,1787908859.4005313,1787908859.3996282,275.93065245138814,2075.930652451388,1749.800865934896,2076.2135731547646,2076.2381331584556,-0.3074807070672705,-0.2782233615869245,0.17428508896387152,0.010034803709191532,registered
1021,1787908859.4294236,1787908859.42858,278.36491998925567,2078.3649199892557,1752.2351334727632,2078.0043410528897,2077.9752284993383,0.389691489917368,0.41346027286635945,0.16078427521941585,0.009661399597421195,registered
1022,1787908859.4580576,1787908859.4570878,279.94606729289035,2079.9460672928903,1753.816280776398,2079.7252515026894,2079.685673682355,0.2603936105349476,0.2790366216927396,0.14659111980183004,0.009032649525919988,registered
1023,1787908859.4866328,1787908859.4856486,281.01309339167165,2081.0130933916716,1754.8833068751792,2081.396496935604,2081.3993088735333,-0.3862154818618819,-0.4711301044483207,0.21662000794114775,0.013373564498149361,registered
1024,1787908859.5180993,1787908859.517165,283.0668961407978,2083.066896140798,1756.9371096243053,2083.1847413079317,2083.29026846455,-0.22337232375252825,-0.24365519634761768,0.06787468717237556,0.0040325656324342405,registered
1025,1787908859.5445955,1787908859.5437198,285.2923115418671,2085.292311541867,1759.1625250253749,2084.922385231116,2084.8835416437696,0.4087698980977166,0.49819268111377824,0.24817049826988563,0.014020002584028555,registered
1026,1787908859.5717106,1787908859.570887,286.4795770105352,2086.479577010535,1760.3497904940427,2086.5511254315475,2086.513564289203,-0.033987278667609644,-0.05295901282215709,0.09410926419035376,0.00532205304597647,registered
1027,1787908859.6040127,1787908859.6028008,288.04467529285967,2088.0446752928597,1761.9148887763674,2088.2323814882475,2088.4283702640955,-0.3836949712358546,-0.4220698981523583,0.19108362852753938,0.011116568732234556,registered
1028,1787908859.630907,1787908859.6298144,290.2522544517187,2090.2522544517187,1764.1224679352265,2090.0527312948707,2090.0491662043096,0.20308824740914133,0.24735677838043557,0.21370317469386577,0.012894879077276284,registered
1029,1787908859.6583104,1787908859.657568,291.76778140842316,2091.767781408423,1765.6379948919307,2091.762742616791,2091.71436476933,0.053416639093029517,0.04188643468205555,0.1302173776692206,0.007771980395206507,registered
1030,1787908859.6857471,1787908859.6850286,293.1283118921292,2093.128311892129,1766.9985253756367,2093.408112532454,2093.361982527041,-0.23367063491218687,-0.278111355179135,0.21182079041638868,0.012114144548634511,registered
1031,1787908859.7141616,1787908859.7134442,295.12412814065055,2095.1241281406506,1768.9943416241583,2095.1670420390997,2095.0669059918964,0.05722214875413556,0.048214003806833716,0.09758609038084153,0.0052346161179927944,registered
1032,1787908859.7439036,1787908859.7431479,297.40751176955473,2097.4075117695547,1771.2777252530623,2096.9059203208426,2096.8491049010827,0.5584068684720478,0.4942601368031774,0.19432900956559218,0.011148804699773456,registered
1033,1787908859.7714186,1787908859.7705648,298.42059091726105,2098.420590917261,1772.2908044007688,2098.5446093826617,2098.494104849406,-0.07351393214503332,-0.03885614769001222,0.11401726447539275,0.006903465318618199,registered
1034,1787908859.8008058,1787908859.7998066,299.9380761092166,2099.9380761092166,1773.8082895927243,2100.225310869464,2100.2485950329965,-0.31051892377968215,-0.2230349821143136,0.14393558437859552,0.009131290556741807,registered
1035,1787908859.8284342,1787908859.8277214,302.0969758107044,2102.0969758107044,1775.9671892942122,2101.978846909837,2101.923463757285,0.17351205341947207,0.17427547897023032,0.15359032637060402,0.009551558670721964,registered
1036,1787908859.858064,1787908859.8570273,303.7160522231816,2103.7160522231816,1777.5862657066893,2103.625472446633,2103.6818019776256,0.03425024555622258,0.04616919715112999,0.12172573877306961,0.0073172139866028475,registered
1037,1787908859.8860247,1787908859.8852577,305.05893527727267,2105.0589352772727,1778.9291487607802,2105.2333848555827,2105.3756104813096,-0.3166752040369829,-0.40696302573746834,0.19826902902217167,0.011775589107549158,registered
1038,1787908859.914167,1787908859.913448,307.01644533112176,2107.0164453311218,1780.8866588146293,2106.9799810967033,2107.067015750146,-0.05057041902432502,-0.06669060908029678,0.13101637643450373,0.0078770078488375,registered
1039,1787908859.9428916,1787908859.9420881,309.0152612795946,2109.0152612795946,1782.8854747631024,2108.679412871841,2108.7854001911423,0.22986108845225317,0.2564314909843688,0.1954985817150776,0.012292738692795721,registered
1040,1787908859.9713464,1787908859.9707282,310.11191664652415,2110.111916646524,1783.982130130032,2110.3306253429437,2110.503784632139,-0.3918679856144536,-0.3774751209321039,0.1601888413914979,0.010447525010548598,registered
1041,1787908859.999748,1787908859.9991262,311.8539782882435,2111.8539782882435,1785.7241917717513,2112.0496838550234,2112.207649529263,-0.35367124101958325,-0.3886986099068963,0.16967334287282881,0.011776370569339872,registered
1042,1787908860.028839,1787908860.0280797,313.9277130784776,2113.9277130784776,1787.7979265619852,2113.823683890132,2113.9448450049313,-0.017131926453657798,-0.03362933674316082,0.20941770427833517,0.015363423214991356,registered
1043,1787908860.057305,1787908860.0563762,315.60852546652495,2115.608525466525,1789.4787389500325,2115.5621985822627,2115.6426159851203,-0.03409051859534884,-0.003471490095989793,0.14690948671784784,0.01108521486956513,registered
1044,1787908860.0855541,1787908860.084901,317.2935560790579,2117.293556079058,1791.1637695625654,2117.3206695133645,2117.3540911259292,-0.06053504687156419,-0.010556863559031626,0.22324488027715556,0.017462339168454365,registered
1045,1787908860.1149514,1787908860.1138418,319.1458050456454,2119.1458050456454,1793.0160185291531,2119.1857623615006,2119.0905141332532,0.0552909123923655,0.053829975816142905,0.1570386605214407,0.012924735549486078,registered
1046,1787908860.1454823,1787908860.1445384,321.04902003203733,2121.0490200320373,1794.919233515545,2120.9955659550374,2120.9322932397067,0.11672679233083727,0.09789204592902934,0.17162287125097542,0.014341873488106626,registered
1047,1787908860.1721878,1787908860.1714244,322.68301236620437,2122.6830123662044,1796.553225849712,2122.701962583753,2122.545436021328,0.13757634487615178,0.18552071842782425,0.10968631124755765,0.008912573742418507,registered
1048,1787908860.2005603,1787908860.1998174,324.39780218757187,2124.397802187572,1798.2680156710796,2124.402156501645,2124.2490005140967,0.14880167347541828,0.1890798493195689,0.14027513832982802,0.011158552924991053,registered
1049,1787908860.2297757,1787908860.2289665,326.30509082474055,2126.3050908247405,1800.1753043082483,2126.1345818262084,2125.997926064617,0.3071647601238965,0.3212810575585081,0.13249525760110176,0.010543860126232407,registered
1050,1787908860.257431,1787908860.2565486,327.83062206166187,2127.830622061662,1801.7008355451696,2127.8071760043927,2127.6528393566873,0.17778270497456106,0.18294204521816937,0.10208941639560998,0.007823274927473976,registered
1051,1787908860.2861567,1787908860.2853322,329.16306349544493,2129.163063495445,1803.0332769789525,2129.465253913513,2129.3798353892216,-0.21677189377669492,-0.2301010354653954,0.15586594035194695,0.011104013435965428,registered
1052,1787908860.3142195,1787908860.3134985,331.1194861581389,2131.119486158139,1804.9896996416464,2131.13911767821,2131.0697958561555,0.04969030198344626,0.04854395626648511,0.09782782262315688,0.006385826113816151,registered
1053,1787908860.3432863,1787908860.342498,333.05488630953914,2133.054886309539,1806.9250997930467,2132.7712626436996,2132.8097521909044,0.24513411863472356,0.2702359964009702,0.15629522739651905,0.010244045286503628,registered
1054,1787908860.3723905,1787908860.3715415,334.3510229741373,2134.3510229741373,1808.2212364576449,2134.4074838412816,2134.5523406400102,-0.20131766587314814,-0.18402977170899248,0.1298323786432283,0.00869288347534503,registered
1055,1787908860.3996935,1787908860.3990026,336.0967684305815,2136.0967684305815,1809.9669819140893,2136.0903139763773,2136.19998700766,-0.10321857707867821,-0.11717336265905942,0.12686347628765218,0.00909267379496673,registered
1056,1787908860.42842,1787908860.4277453,337.7435513350447,2137.7435513350447,1811.6137648185522,2137.785241415349,2137.924536890439,-0.18098555539427252,-0.18083669078441744,0.11806604317426633,0.009483462876884051,registered
1057,1787908860.4571476,1787908860.456238,339.33776719356,2139.33776719356,1813.2079806770678,2139.448585334615,2139.634080860388,-0.2963136668279276,-0.30032342089498343,0.09091289127563615,0.007971438575812206,registered
1058,1787908860.485935,1787908860.4852474,341.19980139663767,2141.1998013966377,1815.0700148801452,2141.1385545966114,2141.3746236988795,-0.1748223022420916,-0.17102231806779855,0.12239542352808427,0.011153389502581138,registered
1059,1787908860.5142636,1787908860.5136633,342.91794871503225,2142.9179487150323,1816.78816219854,2142.9231258574696,2143.079561468704,-0.16161275367153394,-0.16986783116999504,0.12057997272031289,0.011316313075588828,registered
1060,1787908860.5426953,1787908860.5421586,344.7161221174556,2144.7161221174556,1818.5863356009634,2144.702417074541,2144.789262793316,-0.07314067586025885,-0.07829165873795318,0.14627797345993468,0.01441430287624877,registered
1061,1787908860.5713236,1787908860.5704937,346.5075084826053,2146.5075084826053,1820.3777219661129,2146.497967047577,2146.4893511785367,0.018157304068381563,0.021726659188288977,0.14383866354843508,0.014355379621299461,registered
1062,1787908860.6000898,1787908860.5993085,348.2108255459716,2148.2108255459716,1822.0810390294794,2148.2967614186136,2148.2182211620534,-0.007395616081794287,-0.008103485052743054,0.13502996143192603,0.01308639495026662,registered
1063,1787908860.628768,1787908860.6280158,350.1446922394239,2150.144692239424,1824.0149057229316,2150.097765073369,2149.9406396044014,0.20405263502243542,0.16882229336192722,0.16752239685086612,0.015881236801825554,registered
1064,1787908860.6569715,1787908860.6563168,351.8740817042021,2151.874081704202,1825.7442951877097,2151.8585951608165,2151.638682379008,0.23539932519406648,0.2330644932553696,0.11183530433045587,0.010665392353497801,registered
1065,1787908860.6855662,1787908860.684896,353.54924600065306,2153.549246000653,1827.4194594841608,2153.521505339652,2153.3534190528244,0.19582694782866383,0.24688495174564196,0.17038664576531043,0.016243530254605287,registered
1066,1787908860.7140143,1787908860.7133965,355.31089856257677,2155.3108985625768,1829.1811120460845,2155.2126944285565,2155.0634350867617,0.2474634758150387,0.2467571930617396,0.0813755064108675,0.007531847441510984,registered
1067,1787908860.742412,1787908860.741841,356.998749930799,2156.998749930799,1830.8689634143068,2156.906231073435,2156.770089452906,0.2286604778930723,0.26320832742112543,0.14075980060628446,0.012002543662617883,registered
1068,1787908860.7715373,1787908860.7707753,358.3119724625144,2158.3119724625144,1832.1821859460222,2158.542960949348,2158.506126226058,-0.19415376354345426,-0.16414987368307266,0.09594721163312957,0.007353412641271445,registered
1069,1787908860.7998226,1787908860.7991846,359.9785497503135,2159.9785497503135,1833.848763233821,2160.191948847166,2160.2106634567413,-0.23211370642775364,-0.3273638840487365,0.14603095101464547,0.009934763699506991,registered
1070,1787908860.8285964,1787908860.8279443,2.1441721040641823,2162.144172104064,1836.0143855875717,2161.852939357138,2161.936228992342,0.20794311172198832,0.2632810339939624,0.17292527068444138,0.012194082354404447,registered
1071,1787908860.8569396,1787908860.8562715,3.601132749772205,2163.601132749772,1837.4713462332797,2163.5045355136554,2163.635845313575,-0.03471256380294108,0.003959054771712545,0.12192160841136734,0.00893886791904904,registered
1072,1787908860.885751,1787908860.8851588,5.077237752114343,2165.0772377521143,1838.947451235622,2165.17503355839,2165.3690640077684,-0.2918262556540867,-0.2975813381883654,0.15227122134604898,0.010760582327629192,registered
1073,1787908860.9142232,1787908860.9135745,6.8693880726164025,2166.8693880726164,1840.7396015561242,2166.8921851895984,2167.0739874726237,-0.204599400007055,-0.20375789583135884,0.13446613965990784,0.008855965065823621,registered
1074,1787908860.9426582,1787908860.942073,8.578657890367595,2168.5786578903676,1842.4488713738754,2168.589353860942,2168.7838890668063,-0.205231176438474,-0.18349376214428048,0.1545635134474957,0.010829727893248342,registered
1075,1787908860.9716117,1787908860.9709883,10.219455335341536,2170.2194553353415,1844.0896688188493,2170.2605405897993,2170.5187814424116,-0.2993261070698736,-0.27105464556848347,0.1303319458053584,0.010152438002122777,registered
1076,1787908860.9999092,1787908860.9990451,12.031123659577588,2172.0311236595776,1845.9013371430851,2172.045003405618,2172.202175928422,-0.17105226884473268,-0.1903297148303409,0.1459477080187083,0.011762848691400395,registered
1077,1787908861.0287802,1787908861.0280254,13.917468706859381,2173.9174687068594,1847.787682190367,2173.8777799027507,2173.940973560655,-0.023504853795884628,-0.07123800844078687,0.16596570307387656,0.013040966428682596,registered
1078,1787908861.0570667,1787908861.0562615,15.691390973151556,2175.6913909731516,1849.5616044566593,2175.7155875108456,2175.6351253836033,0.056265589548274875,0.07943260575893873,0.19639190459380862,0.01556411149348411,registered
1079,1787908861.0857055,1787908861.085091,17.408840843112102,2177.408840843112,1851.2790543266199,2177.528620516572,2177.3648822752184,0.043958567893696454,0.0121191478124274,0.19212269870298881,0.015500428515619204,registered
1080,1787908861.115286,1787908861.1144512,19.416489175134757,2179.4164891751348,1853.2867026586425,2179.3478348404824,2179.126467723597,0.290021451537541,0.27066862648416645,0.1510260651336981,0.011771707552711607,registered
1081,1787908861.1456337,1787908861.1446831,21.24009365189977,2181.2400936518998,1855.1103071354075,2181.1037939940206,2180.9403664448228,0.2997272070770123,0.32048824162507117,0.16067286524135893,0.012023256092529645,registered
1082,1787908861.1737874,1787908861.1726851,22.836723595065905,2182.836723595066,1856.7069370785734,2182.7505121957065,2182.620470787887,0.21625280717876194,0.22304776392957137,0.1330628249072098,0.009880020915296826,registered
1083,1787908861.201956,1787908861.200881,24.319518345738288,2184.3195183457383,1858.1897318292458,2184.3970934025833,2184.312205071018,0.007313274719990659,0.027458279664415386,0.1286155665046705,0.00924845588876046,registered
1084,1787908861.2312906,1787908861.2303479,26.1318535256014,2186.1318535256014,1860.002067009109,2186.0501758273044,2186.0801991456574,0.05165437994378408,0.08392461591120082,0.13855957282262218,0.008662610272186434,registered
1085,1787908861.258124,1787908861.257276,27.521961825537346,2187.5219618255373,1861.392175309045,2187.642639718418,2187.695873906851,-0.17391208131357416,-0.17873101230566135,0.13098990715244982,0.007000608543389362,registered
1086,1787908861.2867076,1787908861.285825,29.039570814069066,2189.039570814069,1862.9097842975766,2189.2517955983317,2189.4087938495622,-0.3692230354934054,-0.39549249094488914,0.17460488836445057,0.008473979892502636,registered
1087,1787908861.3152647,1787908861.314409,31.134633950463467,2191.1346339504635,1865.004847433971,2190.9248056517686,2191.123816622766,0.010817327697623114,0.02409542303962553,0.11140738760409649,0.005649948026238391,registered
1088,1787908861.3429735,1787908861.3422456,32.780394632728076,2192.780394632728,1866.6506081162358,2192.654018357327,2192.7939933171137,-0.013598684385442539,-0.020942706217738305,0.19170451461219085,0.010009529155321837,registered
1089,1787908861.3736362,1787908861.372611,34.219441136332534,2194.2194411363325,1868.08965461984,2194.4135509857874,2194.615902821165,-0.3964616848327296,-0.4087114163651222,0.12874091497883947,0.0068146128831623526,registered
1090,1787908861.4007354,1787908861.3998806,36.077603362686204,2196.077603362686,1869.9478168461937,2196.1845381625817,2196.2520622984416,-0.1744589357554105,-0.1793245630030924,0.16083024866015677,0.008902370378255699,registered
1091,1787908861.429087,1787908861.4282923,38.025012423387125,2198.025012423387,1871.895225906895,2197.9487219489815,2197.956742578818,0.06826984456915852,0.0735415293333972,0.16654726322011199,0.009679718975377836,registered
1092,1787908861.45716,1787908861.4564688,39.81859804082387,2199.818598040824,1873.6888115243314,2199.679078317431,2199.6473181594333,0.1712798813905465,0.1657767943734143,0.17734009261048014,0.010680254616586036,registered
1093,1787908861.4859684,1787908861.4853249,41.495190086483035,2201.495190086483,1875.3654035699908,2201.4102425051956,2201.3786629026445,0.11652718383879801,0.11249700031999055,0.20108134878913558,0.012453984785321089,registered
1094,1787908861.5158432,1787908861.515054,43.01031637627602,2203.010316376276,1876.8805298597838,2203.1893888539007,2203.162392443549,-0.15207606727267375,-0.15994323148311196,0.16439015988567943,0.009987773224035731,registered
1095,1787908861.5427384,1787908861.5421417,44.971528823482004,2204.971528823482,1878.8417423069895,2204.968859878195,2204.7876372292253,0.18389159425669277,0.155822553150756,0.20827618544422458,0.011059429744923743,registered
1096,1787908861.5714247,1787908861.5707486,46.614918385986584,2206.6149183859866,1880.4851318694941,2206.657662040801,2206.5040332794842,0.11088510650210992,0.1086502089692658,0.15453927769105136,0.007144781831370035,registered
1097,1787908861.5999067,1787908861.599253,48.233549262757606,2208.2335492627576,1882.1037627462651,2208.295112938491,2208.214278192931,0.019271069826572784,0.014347331303497413,0.15685620478708512,0.007209056540030029,registered
1098,1787908861.629607,1787908861.6287744,50.35893621656669,2210.3589362165667,1884.2291497000745,2210.053489281183,2209.9855481055474,0.3733881110194943,0.3844714188517173,0.15362649535972056,0.008008235330366865,registered
1099,1787908861.657328,1787908861.6565354,51.89425140418871,2211.8942514041887,1885.7644648876962,2211.804880057509,2211.651190124617,0.24306127957152057,0.2559999228280958,0.1254454850258698,0.006912599430151341,registered
1100,1787908861.68571,1787908861.6850104,53.02552981643066,2213.0255298164307,1886.8957432999384,2213.417291812628,2213.359675526836,-0.3341457104049823,-0.33651523922526394,0.1583048404104226,0.008792070951962853,registered
1101,1787908861.7143822,1787908861.7135847,55.00355105736526,2215.0035510573653,1888.8737645408728,2215.0476323408657,2215.0741117962966,-0.07056073893136272,-0.08501626248016692,0.05627566692237522,0.0030411483437477187,registered
1102,1787908861.7429,1787908861.7421827,57.34226192787082,2217.342261927871,1891.2124754113784,2216.731864465728,2216.7899785626905,0.5522833651803012,0.5279886802122746,0.174608362929273,0.009509055087688765,registered
1103,1787908861.7713726,1787908861.7706885,58.42151333392076,2218.4215133339208,1892.2917268174285,2218.508406729974,2218.500309305953,-0.07879597203213962,-0.08710421411774405,0.06702760075705244,0.00381555671883527,registered
1104,1787908861.7999945,1787908861.7993114,59.95088396791607,2219.950883967916,1893.8210974514238,2220.5855867580967,2220.2176637891575,-0.26677982124124355,-0.2659323587995459,0.10580238690284297,0.006468262806230288,registered
1105,1787908861.8293715,1787908861.8285356,62.416443960503784,2222.416443960504,1896.2866574440116,2222.732608045086,2221.971095405017,0.4453485554868166,0.43736256954321107,0.11202669302116303,0.007054939991100543,registered
1106,1787908861.8859696,1787908861.885265,64.83080579330363,2224.8308057933036,1898.7010192768112,2224.7100788872003,2225.3748341128226,-0.5440283195189295,-0.5187281248770432,0.16177121495148264,0.009735468980223738,registered
1107,1787908861.914476,1787908861.9137821,67.18166434583281,2227.181664345833,1901.0518778293406,2226.6953582637298,2227.0858371896434,0.09582715618944349,0.04537906158793703,0.07813912624292661,0.004890010077361451,registered
1108,1787908861.9428387,1787908861.9421737,69.40145599511561,2229.4014559951156,1903.2716694786232,2228.8228375675267,2228.7893158525962,0.6121401425193653,0.6001906819310534,0.15333279666164326,0.01048013093776868,registered
1109,1787908861.9722247,1787908861.9713113,70.40392608084494,2230.403926080845,1904.2741395643525,2230.714188548186,2230.537554764588,-0.13362868374338177,-0.15088591013500263,0.08401483685309895,0.005873512510650748,registered
1110,1787908862.0003214,1787908861.999607,71.87576862374817,2231.875768623748,1905.7459821072557,2232.3883047839477,2232.2352828298694,-0.3595142061212755,-0.33726731934552845,0.17168864062798772,0.011979186777573782,registered
1111,1787908862.0300126,1787908862.028939,74.22289442579631,2234.2228944257963,1908.093107909304,2234.0675464967076,2233.9951802918667,0.22771413392956674,0.21014985807664743,0.18133119177138515,0.011925378122229682,registered
1112,1787908862.0572042,1787908862.0565195,76.0229419219313,2236.0229419219313,1909.8931554054388,2235.716336387515,2235.649993449152,0.37294847277894405,0.3696374040334831,0.13642106287460737,0.008833022924862922,registered
1113,1787908862.0859532,1787908862.0851183,77.06656499170549,2237.0665649917055,1910.9367784752133,2237.350848161397,2237.365903130454,-0.2993381387484533,-0.2572284014906927,0.20881897118008513,0.013730811769721666,registered
1114,1787908862.1148634,1787908862.1140559,79.12344762356588,2239.123447623566,1912.9936611070736,2239.137688939136,2239.102140173177,0.02130745038925852,0.022336254960237056,0.07233588666689421,0.004898381036656982,registered
1115,1787908862.1443794,1787908862.1432636,81.13376175173016,2241.13376175173,1915.003975235238,2240.9213318554575,2240.8545847461523,0.27917700557782155,0.27769163333164215,0.20762422206705786,0.013618763242944644,registered
1116,1787908862.1725314,1787908862.1717134,82.38448089431449,2242.3844808943145,1916.254694377822,2242.549720850649,2242.561553821622,-0.17707292730756308,-0.2012531469147234,0.11323655367315805,0.007093839381583521,registered
1117,1787908862.200449,1787908862.199728,84.06071703149246,2244.0607170314925,1917.930930515,2244.226247227384,2244.2424163280607,-0.18169929656846762,-0.22507610732031935,0.17337328826780968,0.010312229832500346,registered
1118,1787908862.2289958,1787908862.2282283,86.29157700216865,2246.2915770021687,1920.1617904856762,2246.0237306455447,2245.952418057029,0.3391589451398431,0.26993916209812596,0.18950818543985629,0.011384540161381124,registered
1119,1787908862.2573311,1787908862.256688,87.89726611733477,2247.8972661173348,1921.7674796008425,2247.7144871382193,2247.65998794121,0.23727817612484614,0.21809693193426938,0.13841005945816443,0.008637794415120883,registered
1120,1787908862.285626,1787908862.285076,88.98595811421183,2248.985958114212,1922.8561715977194,2249.3685727482634,2249.363237724653,-0.37727961044151925,-0.26773655421789044,0.18979732386521422,0.012040827643019671,registered
1121,1787908862.3146994,1787908862.3140225,91.10627615081194,2251.106276150812,1924.9764896343197,2251.1360913471235,2251.1000183562105,0.006257794601651767,0.0011447507267803303,0.08518045579112232,0.005340499470319269,registered
1122,1787908862.3429086,1787908862.3421924,93.16158486342692,2253.161584863427,1927.0317983469345,2252.8823711822797,2252.7901933976846,0.3713914657423629,0.3318742096689675,0.1860470199515617,0.011171999595321043,registered
1123,1787908862.3726692,1787908862.3719487,94.43142785389773,2254.4314278538977,1928.3016413374055,2254.538382042931,2254.5755537050927,-0.14412585119498544,-0.21637639094160477,0.0970721017233215,0.005730400279345738,registered
1124,1787908862.400044,1787908862.3993354,96.07907407909988,2256.0790740791,1929.9492875626077,2256.245187559074,2256.218736922311,-0.13966284321122657,-0.20584281443620966,0.16740132101472024,0.009932167802167595,registered
1125,1787908862.4290445,1787908862.4283462,98.28358969635428,2258.2835896963543,1932.1538031798618,2258.030342139179,2257.9593655906187,0.32422410573531124,0.35661957028696634,0.15993672717271476,0.009773847016447203,registered
1126,1787908862.4573174,1787908862.4565911,99.76986054380541,2259.7698605438054,1933.6400740273132,2259.692590255404,2259.654046697432,0.11581384637338488,0.18055852718134702,0.1272579430763984,0.007780733931268451,registered
1127,1787908862.4859653,1787908862.4851286,101.10619316573639,2261.1061931657364,1934.9764066492442,2261.383095103575,2261.366280001616,-0.26008683587929227,-0.2508012593168587,0.20786340259990035,0.012363107128532235,registered
1128,1787908862.5145845,1787908862.5139375,103.09271276754089,2263.092712767541,1936.9629262510487,2263.1524350301565,2263.094792360899,-0.0020795933583031,0.015350319279605174,0.10587803579828496,0.005810592333395231,registered
1129,1787908862.5429769,1787908862.5423343,105.10940125444449,2265.1094012544445,1938.979614737952,2264.8921840371745,2264.798585733177,0.31081552126738643,0.37131932863576367,0.3183863755447289,0.01641118798869804,registered
1130,1787908862.5714715,1787908862.5708585,106.47957678465627,2266.4795767846563,1940.349790268164,2266.56631790234,2266.510017959078,-0.030441174421639516,-0.09627120540994838,0.18253147629209293,0.00949630915696371,registered
1131,1787908862.6003566,1787908862.5995932,108.32590043993514,2268.325900439935,1942.1961139234427,2268.2858522312426,2268.234081472899,0.09181896703580605,-0.027614577832309806,0.21482973789564275,0.011809298244638257,registered
1132,1787908862.6297514,1787908862.6288373,110.09042954567394,2270.090429545674,1943.9606430291815,2270.048377572046,2269.9887147061827,0.10171483949102367,0.09776919515979898,0.19803246015088458,0.0111795149345857,registered
1133,1787908862.6576557,1787908862.6570976,111.7497114226494,2271.7497114226494,1945.6199249061572,2271.7165356027,2271.6843113310333,0.06540009161608396,-0.034661179757449645,0.12980923821984622,0.007067389926793192,registered
1134,1787908862.6858177,1787908862.6852036,113.22728744547658,2273.2272874454766,1947.0975009289843,2273.3844652716657,2273.3706526407263,-0.14336519524954383,-0.021868806242537175,0.21297201360719573,0.01076303018683042,registered
1135,1787908862.7143536,1787908862.713626,115.0655283443607,2275.0655283443607,1948.9357418278685,2275.120851800024,2275.0759766447227,-0.010448300361758811,0.04069072057154699,0.11663765750641465,0.0053696921718169996,registered
1136,1787908862.742737,1787908862.742171,117.04012116133072,2277.0401211613307,1950.9103346448385,2276.806301087849,2276.788667707925,0.2514534534059294,0.1933507392170668,0.26535361563991494,0.011882905613634321,registered
1137,1787908862.7716227,1787908862.7709885,118.40246481214353,2278.4024648121435,1952.2726782956513,2278.5141946573976,2278.517695046104,-0.11523023396057397,-0.15541709082594934,0.1668329236791795,0.0075995682996472394,registered
1138,1787908862.8002803,1787908862.7995248,120.19897780624387,2280.198977806244,1954.0691912897514,2280.2415254379935,2280.2298568254414,-0.03087901919752767,-0.0729774021879166,0.20290098411519392,0.009350046135078444,registered
1139,1787908862.8289883,1787908862.8282452,121.99993715465189,2281.999937154652,1955.8701506381594,2281.958010761626,2281.9530620411024,0.04687511354927665,0.03858588091861748,0.23837922596515845,0.010612203764023349,registered
1140,1787908862.857639,1787908862.8570757,123.59307725559347,2283.5930772555935,1957.4632907391012,2283.6198807743867,2283.682876152595,-0.0897988970014012,-0.049083848357895477,0.20794102929468627,0.008836376798715814,registered
1141,1787908862.8857892,1787908862.8850563,125.35541741567113,2285.355417415671,1959.2256308991787,2285.2835531515348,2285.3616930484195,-0.006275632748383941,0.03800004005665869,0.3153999992306323,0.01327173880908827,registered
1142,1787908862.9145563,1787908862.9139116,126.98938988100008,2286.989389881,1960.8596033645078,2286.9758715942794,2287.0929948767225,-0.1036049957222076,-0.054098802603220975,0.21667771346190182,0.009471758701431372,registered
1143,1787908862.9428391,1787908862.9422364,128.58525461117824,2288.5852546111782,1962.455468094686,2288.621946323544,2288.7924681482623,-0.20721353708381685,-0.10282439920888464,0.32294910025853,0.014909237597702879,registered
1144,1787908862.9715228,1787908862.9708054,130.2724298157823,2290.2724298157823,1964.14264329929,2290.2696807702423,2290.5065897083978,-0.23415989261525283,-0.24751075543963452,0.21541515039356868,0.01068007792530352,registered
1145,1787908862.9999983,1787908862.9992995,131.98932696914108,2291.989326969141,1965.8595404526488,2291.9530816983606,2292.216219508163,-0.22689253902171913,-0.2703663221238912,0.224528068620064,0.012074680766565883,registered
1146,1787908863.028771,1787908863.0279028,133.61436163605913,2293.614361636059,1967.484575119567,2293.6748701981624,2293.932400983882,-0.3180393478228325,-0.25562798658097563,0.2778339681331891,0.015989325961232436,registered
1147,1787908863.0573986,1787908863.0565996,135.40283796768972,2295.4028379676897,1969.2730514511973,2295.454717164739,2295.6541900075795,-0.25135203988975263,-0.27486066624760497,0.23439425080545467,0.014437325130309204,registered
1148,1787908863.0858014,1787908863.085108,137.18449974967461,2297.1844997496746,1971.0547132331822,2297.253082258755,2297.3646781055045,-0.180178355830094,-0.17607604965974133,0.24808125235991768,0.016357053199226278,registered
1149,1787908863.114845,1787908863.1141672,139.07890563737055,2299.0789056373706,1972.949119120878,2299.0525869988833,2299.1082106825866,-0.029305045216005965,-0.04395157655790172,0.19746400632360048,0.013491944125547373,registered
1150,1787908863.1433163,1787908863.1425521,140.9737830995009,2300.973783099501,1974.8439965830087,2300.85124534315,2300.811288806398,0.1624942931032365,0.13648508869641773,0.2340141786173126,0.015404618218780428,registered
1151,1787908863.1723814,1787908863.171506,142.68681794742815,2302.686817947428,1976.5570314309357,2302.6539124641117,2302.548498587035,0.13831936039309767,0.16868358886586066,0.18800613096688268,0.011598709673861573,registered
1152,1787908863.2002718,1787908863.1995707,144.3404252024743,2304.3404252024743,1978.2106386859818,2304.41288967883,2304.2323651370334,0.10806006544066804,0.13066989874027968,0.19369339819854434,0.011673880037149666,registered
1153,1787908863.229269,1787908863.2285547,146.08593177188368,2306.0859317718837,1979.9561452553914,2306.1074518764062,2305.971391648776,0.11454012310809958,0.07346779607860299,0.188217667023455,0.011843821512242052,registered
1154,1787908863.2605987,1787908863.259957,147.8007020244013,2307.8007020244013,1981.670915507909,2307.7529887764986,2307.8555134644516,-0.05481144005034366,-0.09181638780387402,0.13349622048532833,0.00901576113481383,registered
1155,1787908863.2863154,1787908863.2856915,149.49024214069004,2309.49024214069,1983.3604556241976,2309.4088778530167,2309.3995632442,0.09067889648986238,0.1530540686915174,0.1910077281964056,0.013630929972962759,registered
1156,1787908863.314539,1787908863.3139558,151.01764469336922,2311.017644693369,1984.8878581768768,2311.0442282401764,2311.0954030535295,-0.07775836016026005,-0.05597260833087603,0.10888032290399345,0.007919621364878263,registered
1157,1787908863.3427804,1787908863.342202,152.55217378226644,2312.5521737822664,1986.422387265774,2312.665752033895,2312.7901556851893,-0.23798190292313848,-0.24418087734943583,0.14349730760410925,0.01031187499763878,registered
1158,1787908863.37173,1787908863.37109,154.31342923708098,2314.313429237081,1988.1836427205888,2314.27711567807,2314.523417294291,-0.20998805720978453,-0.1786402868958703,0.1073720210475103,0.0074769692489131566,registered
1159,1787908863.4002233,1787908863.399567,156.04432418657325,2316.0443241865732,1989.914537670081,2315.907265158917,2316.2320171362644,-0.18769294969092698,-0.2008928235984513,0.16330883358939782,0.01145318163682636,registered
1160,1787908863.4285152,1787908863.4278977,157.4801956131605,2317.4801956131605,1991.3504090966683,2317.571902661035,2317.931848032037,-0.4516524188766198,-0.3703585351270249,0.13211541373469754,0.009970313689699688,registered
1161,1787908863.4573748,1787908863.4565685,159.2618294625904,2319.2618294625904,1993.1320429460982,2319.2915353510525,2319.6520778140775,-0.3902483514868891,-0.41700352264933827,0.13559118005710638,0.01170737200141466,registered
1162,1787908863.4859354,1787908863.485273,161.04069918602409,2321.040699186024,1994.9109126695316,2321.0948011878436,2321.3743245967935,-0.33362541076940033,-0.33429395855068833,0.16266560632930355,0.015335385752062204,registered
1163,1787908863.5146544,1787908863.5139728,162.862211233185,2322.862211233185,1996.7324247166925,2322.924248448422,2323.0962995850923,-0.23408835190730315,-0.26176936085653324,0.1840414170661243,0.0175380510081889,registered
1164,1787908863.5432003,1787908863.5423863,164.73535413687796,2324.735354136878,1998.6055676203857,2324.7727791548223,2324.801094305223,-0.0657401683452008,-0.11760771732201647,0.2321758934534465,0.02208077431963246,registered
1165,1787908863.5769267,1787908863.5749094,166.6917819111568,2326.691781911157,2000.5619953946646,2326.6553709837776,2326.7524637817287,-0.060681870571670515,-0.0803047090405471,0.1824119304609195,0.018120463431388532,registered
1166,1787908863.604718,1787908863.6027539,168.70130901112952,2328.7013090111295,2002.571522494637,2328.496361219116,2328.4231125400643,0.27819647106525736,0.2634502197333859,0.16845497466233023,0.016741752154753053,registered
1167,1787908863.63377,1787908863.6321738,170.2746645984571,2330.274664598457,2004.1448780819646,2330.2803236437944,2330.1882885357454,0.08637606271167897,0.07782652554237757,0.13965061775075507,0.012783247150218818,registered
1168,1787908863.6613827,1787908863.6595516,171.93876470263513,2331.938764702635,2005.8089781861427,2332.033298151322,2331.8309424690988,0.10782223353635345,0.0935023856513908,0.1629662338428871,0.013086165444267363,registered
1169,1787908863.6905527,1787908863.6892223,173.7621933696173,2333.7621933696173,2007.632406853125,2333.776469882136,2333.6111672925167,0.151026077100596,0.1426409300920568,0.1318705692625353,0.00970206026472032,registered
1170,1787908863.716287,1787908863.7154608,175.40455970523226,2335.4045597052323,2009.27477318874,2335.424579959362,2335.185457777433,0.2191019277995565,0.18465619637709096,0.11316208743137471,0.008394326701549758,registered
1171,1787908863.7478044,1787908863.746335,176.97856993383493,2336.978569933835,2010.8487834173427,2336.976091941467,2337.0378940860387,-0.059324152203544145,-0.10282631362292705,0.13985829401374011,0.010791026332637779,registered
1172,1787908863.7732382,1787908863.772105,178.79263503518587,2338.792635035186,2012.6628485186934,2338.6071394894643,2338.5840753062175,0.2085597289683392,0.1763677057233508,0.11313809431648625,0.009088096146285495,registered
1173,1787908863.802537,1787908863.8016129,180.35760949169844,2340.3576094916984,2014.227822975206,2340.2497399492236,2340.354529835582,0.0030796561163697334,-0.008299247912191277,0.1104225420064508,0.009012749636149002,registered
1174,1787908863.8313005,1787908863.829982,181.52076042187946,2341.5207604218795,2015.390973905387,2341.824053463487,2342.056663831417,-0.5359034095379229,-0.5249365964812114,0.10008415096021896,0.008125799214859938,registered
1175,1787908863.8600497,1787908863.8587904,183.20739574067966,2343.2073957406797,2017.0776092241874,2343.418956860778,2343.785147580762,-0.5777518400821009,-0.5523318153398122,0.11150632967425346,0.008664211354439587,registered
1176,1787908863.8862119,1787908863.885538,185.43029336058635,2345.4302933605863,2019.300506844094,2345.08602657326,2345.389993480171,0.040299880415204825,0.03150984226112996,0.15797921201015164,0.011047952214569882,registered
1177,1787908863.9151711,1787908863.9144626,186.86842654298425,2346.8684265429843,2020.738640026492,2346.7568075961763,2347.1254437495804,-0.25701720659594685,-0.24139639456325312,0.14279313535386415,0.009832325244744101,registered
1178,1787908863.9437113,1787908863.9428825,188.23497892491514,2348.234978924915,2022.105192408423,2348.4979843386686,2348.830624703883,-0.5956457789679916,-0.48789886067038424,0.16436642487735206,0.012043459044983018,registered
1179,1787908863.9722757,1787908863.9716525,190.2848881079849,2350.284888107985,2024.1551015914924,2350.32198263535,2350.5568053531656,-0.27191724518092997,-0.2802096753414389,0.1670298143980001,0.0134328390192226,registered
1180,1787908864.001219,1787908864.0004885,192.25646441673507,2352.256464416735,2026.1266779002426,2352.137822293022,2352.286948478953,-0.030484062217965402,-0.1113700041410084,0.23711844513372962,0.019054380640682145,registered
1181,1787908864.0297046,1787908864.0287075,193.81636299329648,2353.8163629932965,2027.686576476804,2353.9274623360916,2353.980070344109,-0.1637073508127287,-0.17331933418358858,0.22310882468281668,0.018431316967801464,registered
1182,1787908864.057975,1787908864.0571249,195.79718736406176,2355.7971873640618,2029.6674008475693,2355.820185382271,2355.6850939437495,0.11209342031224878,0.03105227539003863,0.23611809463201508,0.021744273582276537,registered
1183,1787908864.0871856,1787908864.0863013,197.79376480598694,2357.793764805987,2031.6639782894947,2357.7104610176284,2357.4356645657426,0.35810024024453924,0.27097384174226136,0.2080048482007011,0.019325499213085552,registered
1184,1787908864.1152565,1787908864.1142943,199.55634531576106,2359.556345315761,2033.4265587992688,2359.4774624435736,2359.115225319972,0.44111999578899486,0.455833127056394,0.16792424671497652,0.01382514722358739,registered
1185,1787908864.143423,1787908864.1426415,201.1381682391784,2361.1381682391784,2035.008381722686,2361.189329452447,2360.816043258629,0.32212498054923344,0.3511940054709157,0.20618172490404643,0.015399336640019724,registered
1186,1787908864.174549,1787908864.173166,203.00266176450532,2363.0026617645053,2036.872875248013,2362.9220848700907,2362.647494177225,0.35516758728067543,0.32987385949491,0.17138213840744804,0.012881470481282044,registered
1187,1787908864.2023501,1787908864.2012599,204.60874008402607,2364.608740084026,2038.4789535675336,2364.573071915309,2364.333105933482,0.2756341505441924,0.27238378447577816,0.15988601866127944,0.012115883133913204,registered
1188,1787908864.2304962,1787908864.2295845,206.01115710346994,2366.01115710347,2039.8813705869775,2366.1293063836674,2366.032564900052,-0.02140779658225256,-0.0196080384941979,0.15082591381372895,0.011091179293024646,registered
1189,1787908864.2583663,1787908864.2575758,207.69479076873222,2367.694790768732,2041.56500425224,2367.720050285821,2367.7120255194964,-0.017234750763918782,-0.053273154807129686,0.15931913119501687,0.011214320699245781,registered
1190,1787908864.2870414,1787908864.2860096,209.5483025491867,2369.5483025491867,2043.4185160326942,2369.352014946284,2369.4180361620206,0.1302663871661025,0.08934843228348655,0.1357773524726786,0.008953238975062514,registered
1191,1787908864.3222346,1787908864.3212166,210.91047890553955,2370.9104789055395,2044.780692389047,2370.9877663960565,2371.5304366782952,-0.6199577727559245,-0.6227024668894501,0.14724182253328177,0.008726066405098846,registered
1192,1787908864.3444679,1787908864.3433661,212.3669146284642,2372.366914628464,2046.2371281119717,2372.6482111022087,2372.859396939169,-0.49248231070487236,-0.4904019034477187,0.17092712310990776,0.008591561084707133,registered
1193,1787908864.374847,1787908864.3738875,214.49744315958378,2374.497443159584,2048.367656643092,2374.362225074825,2374.6906618931635,-0.19321873357944241,-0.23295581039792523,0.22804169615239236,0.010001217276480987,registered
1194,1787908864.4009852,1787908864.4001992,216.21413776162308,2376.214137761623,2050.0843512451306,2376.0693706509946,2376.269344003664,-0.05520624204109481,0.02300345019057204,0.22288729905938073,0.010272887415747197,registered
1195,1787908864.430242,1787908864.429174,217.81564774752087,2377.815647747521,2051.6858612310284,2377.8061147014923,2378.0078126216026,-0.19216487408175453,-0.17586943910964692,0.2610214725499949,0.012946832500078559,registered
1196,1787908864.4582572,1787908864.4574764,219.47388510250266,2379.4738851025027,2053.34409858601,2379.6466223989805,2379.705941226025,-0.23205612352239768,-0.2374275726583619,0.2592989050424224,0.013723970877302203,registered
1197,1787908864.4869566,1787908864.4858298,221.45435293191622,2381.454352931916,2055.3245664154238,2381.471486575301,2381.4071310938843,0.04722183803187363,0.06598243677035498,0.27035425295989296,0.014328704007161205,registered
1198,1787908864.5148902,1787908864.5141551,223.18627550527572,2383.1862755052757,2057.0564889887833,2383.2225161708475,2383.1066329753626,0.07964252991314424,0.09725645841263031,0.2548447615086785,0.011922465029978464,registered
1199,1787908864.5433738,1787908864.5425494,225.06290013355783,2385.062900133558,2058.9331136170654,2384.9814626158,2384.810268992978,0.2526311405799788,0.2203115258434991,0.32514708067157994,0.011992574622572073,registered
1200,1787908864.572081,1787908864.5714154,226.9333105266105,2386.9333105266105,2060.803524010118,2386.7329457999695,2386.542214544901,0.3910959817094408,0.38455844415966567,0.24991950929906187,0.008075768341461448,registered
1201,1787908864.600472,1787908864.5997057,228.43508967073285,2388.435089670733,2062.3053031542404,2388.4382520621416,2388.2396135958875,0.19547607484537366,0.17811795722354873,0.21895367832304488,0.0075028960875447885,registered
1202,1787908864.6298325,1787908864.6290398,229.99762662549256,2389.9976266254926,2063.867840109,2390.0918195185445,2389.9996398026087,-0.002013177116168663,-0.019789239717283635,0.1772678263734329,0.006739148666193207,registered
1203,1787908864.6581059,1787908864.6573634,231.65820029805036,2391.6582002980504,2065.528413781558,2391.7662096993927,2391.699041549302,-0.04084125125154969,-0.09418651041050907,0.14415754756107368,0.005934544466874644,registered
1204,1787908864.6862998,1787908864.685507,233.4519334721217,2393.4519334721217,2067.3221469556293,2393.4364145539107,2393.387643044149,0.06429042797253715,0.02627178605325753,0.18327514556980778,0.007877951297872237,registered
1205,1787908864.7151384,1787908864.7144272,235.11312971242432,2395.1131297124243,2068.983343195932,2395.1045031920394,2395.1228358241106,-0.009706111686227814,-0.029072377656575554,0.08937230789485741,0.0038916368436977336,registered
1206,1787908864.756552,1787908864.7555845,236.85544921421206,2396.855449214212,2070.7256626977196,2396.8369333691026,2397.592245460002,-0.7367962457897193,-0.8093857520466372,0.20816330732824406,0.008945344131684149,registered
1207,1787908864.7718918,1787908864.7712202,238.627236657117,2398.627236657117,2072.4974501406246,2398.5557360821977,2398.5303796537582,0.0968570033587639,0.02114756130731621,0.11249567749963477,0.004670189882917316,registered
1208,1787908864.8008277,1787908864.799878,240.26879979583418,2400.268799795834,2074.1390132793417,2400.269612799162,2400.2498226624853,0.018977133348926145,-0.012417167205057922,0.17430109617824655,0.00711713735023937,registered
1209,1787908864.8307924,1787908864.8288128,241.88753154814412,2401.887531548144,2075.7577450316517,2402.002691452916,2401.985902350545,-0.0983708024009502,-0.14308706754309242,0.14374009862715137,0.005965536103798225,registered
1210,1787908864.8587062,1787908864.8575964,243.77164292036014,2403.77164292036,2077.6418564038677,2403.7473592744354,2403.7128983830794,0.058744537280745135,-0.0033644537465988833,0.12132059643428537,0.005215920751430985,registered
1211,1787908864.8882327,1787908864.8872142,245.39678706256245,2405.3967870625625,2079.26700054607,2405.428614837966,2405.4899475033058,-0.09316044074330421,-0.08996196238649645,0.19233818085457483,0.008584207885327362,registered
1212,1787908864.915343,1787908864.9146593,247.23093100121878,2407.230931001219,2081.1011444847263,2407.140284040268,2407.1366354380107,0.09429556320810661,0.08014223966574718,0.07166223214350645,0.0033430494617828943,registered
1213,1787908864.9437993,1787908864.9430044,248.99044680969428,2408.9904468096943,2082.860660293202,2408.8850330027867,2408.8373246319434,0.15312217775090176,0.1495268066692006,0.1987381049785892,0.009395774099455977,registered
1214,1787908864.9722543,1787908864.9714098,250.50982812462826,2410.5098281246283,2084.380041608136,2410.5941726607753,2410.5416329831173,-0.031804858489067556,-0.05744707490066503,0.13050023963897564,0.006100583393722062,registered
1215,1787908865.0012069,1787908865.0003006,252.07822717834233,2412.0782271783423,2085.94844066185,2412.282417203755,2412.275066251851,-0.19683907350872687,-0.21923684265630072,0.1657630406890225,0.007736626180949378,registered
1216,1787908865.029722,1787908865.0287926,254.16798973597633,2414.1679897359763,2088.038203219484,2414.0094699040687,2413.984567306892,0.18342242908420303,0.13939664009831176,0.19485057988182009,0.009356877838208452,registered
1217,1787908865.0583048,1787908865.0572708,255.78233675849378,2415.782336758494,2089.6525502420013,2415.719932290357,2415.693238673712,0.0890980847816536,0.04227186436082775,0.12412578969703367,0.006111640500470486,registered
1218,1787908865.0892825,1787908865.088193,257.3101726681234,2417.3101726681234,2091.180386151631,2417.390578382764,2417.548550281154,-0.23837761303047955,-0.2914370127714392,0.2148691336967037,0.010890383434185774,registered
1219,1787908865.1190188,1787908865.1174622,259.1787619492675,2419.1787619492675,2093.048975432775,2419.124952730394,2419.304685536217,-0.12592358694973882,-0.17629994416165573,0.08007274296259718,0.004221575293558217,registered
1220,1787908865.144369,1787908865.143298,260.9242600662533,2420.9242600662533,2094.794473549761,2420.907041529753,2420.8548149279313,0.06944513832195298,0.029995397203492757,0.19304317615837563,0.010285699652317952,registered
1221,1787908865.1742861,1787908865.1732402,262.4809303834145,2422.4809303834145,2096.351143866922,2422.5722761791717,2422.651333111419,-0.17040272800431921,-0.20853675915304848,0.10746581357445835,0.005639850916723727,registered
1222,1787908865.2026293,1787908865.2015154,264.1028797163376,2424.1028797163376,2097.973093199845,2424.26007644243,2424.347830949337,-0.24495123299948318,-0.284041603741116,0.17183140274763814,0.008891995272448414,registered
1223,1787908865.2318459,1787908865.2301445,266.2946107556427,2426.2946107556427,2100.16482423915,2426.0392763881428,2426.0655573617446,0.22905339389808432,0.1720230437272221,0.18846143907049634,0.009857243248464839,registered
1224,1787908865.258033,1787908865.2571065,267.91896831803524,2427.9189683180352,2101.789181801543,2427.750135529236,2427.683263428583,0.23570488945233592,0.1917771098628691,0.11029653217016837,0.005922016424546059,registered
1225,1787908865.2864835,1787908865.2855458,269.03903429990805,2429.039034299908,2102.9092477834156,2429.3823759106253,2429.3896030854016,-0.3505687854935786,-0.38829773397856115,0.2163285693847028,0.01190000743805561,registered
1226,1787908865.3150868,1787908865.314213,271.1296026127834,2431.1296026127834,2104.999816096291,2431.1061061261835,2431.109618292902,0.019984319881586998,-0.06781424691507709,0.06441424404525914,0.0036832104962236274,registered
1227,1787908865.3439097,1787908865.3431387,273.17468345382076,2433.1746834538208,2107.0448969373283,2432.855555412056,2432.8451400871577,0.32954336666307427,0.20958273848509634,0.22740339882386648,0.013078160876537558,registered
1228,1787908865.3719206,1787908865.371223,274.2352315342159,2434.235231534216,2108.1054450177235,2434.49209478117,2434.5301796446415,-0.29494811042559377,-0.3497973923731479,0.11935739576508202,0.006837861446019228,registered
1229,1787908865.4011002,1787908865.400323,275.94151407528943,2435.9415140752894,2109.811727558797,2436.190069743608,2436.276158371479,-0.33464429618970826,-0.35109116262583484,0.18024780675633648,0.010379240124959287,registered
1230,1787908865.4291759,1787908865.4283369,278.3972660679465,2438.3972660679465,2112.267479551454,2438.003399654187,2437.95697796301,0.4402881049363714,0.4105793655667185,0.18553653510146212,0.011156117110929554,registered
1231,1787908865.4588885,1787908865.457946,279.78290267620514,2439.782902676205,2113.6531161597127,2439.70562194833,2439.7335121043407,0.04939057186447826,0.009408434196757298,0.0933206593630732,0.0057411074605157875,registered
1232,1787908865.4874208,1787908865.4867215,281.0201590538686,2441.0201590538686,2114.890372537376,2441.3829763912786,2441.4600217679176,-0.43986271404901345,-0.5155426178994276,0.21054795224569747,0.012998168586291214,registered
1233,1787908865.514798,1787908865.513965,283.193135081528,2443.193135081528,2117.0633485650355,2443.1650236010537,2443.0946076985674,0.09852738296058305,0.08223698600022544,0.061701381138743086,0.0036528095541346443,registered
1234,1787908865.5434418,1787908865.54271,285.2237292379391,2445.223729237939,2119.0939427214466,2444.8915282859552,2444.8193006310394,0.40442860689972804,0.425024995763124,0.2241423117574664,0.01267113153197856,registered
1235,1787908865.5719695,1787908865.5711334,286.3702764867444,2446.3702764867444,2120.240489970252,2446.515889412042,2446.524681854913,-0.1544053681686819,-0.16230269392644914,0.1387339800115929,0.007837426203324711,registered
1236,1787908865.6005485,1787908865.5999417,288.0487289940129,2448.048728994013,2121.9189424775204,2448.2035406632885,2448.253165604258,-0.20443661024501125,-0.20971686716256954,0.1879928763292763,0.010937743996717075,registered
1237,1787908865.6289392,1787908865.6282675,290.1477488011287,2450.1477488011287,2124.0179622846363,2449.961300544996,2449.9526960956746,0.19505270545414533,0.18157672011966497,0.17494956780001142,0.010549792647548425,registered
1238,1787908865.6576383,1787908865.6569529,291.7057969318007,2451.7057969318007,2125.5760104153082,2451.644164116686,2451.673798480844,0.03199845095650744,0.009560197856444574,0.1336601847220093,0.007987403292212984,registered
1239,1787908865.686348,1787908865.6855197,293.0418844398255,2453.0418844398255,2126.912097923333,2453.326465686173,2453.3877912962557,-0.345906856430247,-0.4091052883231896,0.2283026509203768,0.013101076217578767,registered
1240,1787908865.7150416,1787908865.714335,295.0030304975635,2455.0030304975635,2128.873243981071,2455.085759085706,2455.116689889711,-0.11365939214738319,-0.16646085849106385,0.10535909961477999,0.005659700940775607,registered
1241,1787908865.7432375,1787908865.7425983,297.1954009547744,2457.1954009547744,2131.065614438282,2456.840331554832,2456.812472479163,0.3829284756116067,0.2917729165601486,0.1992242620144859,0.011298248095864799,registered
1242,1787908865.7718928,1787908865.771282,298.4810977208749,2458.481097720875,2132.3513112043825,2458.4856357658964,2458.533474729547,-0.05237700867201056,-0.07972824086846231,0.10970935978187552,0.006661568473676202,registered
1243,1787908865.8007472,1787908865.800029,300.0069584765306,2460.0069584765306,2133.877171960038,2460.1709159939155,2460.2582821017736,-0.25132362524300333,-0.2674502207682963,0.13226961164492881,0.008397652577765848,registered
1244,1787908865.829157,1787908865.8284626,301.95961140449845,2461.9596114044984,2135.829824888006,2461.9140944355886,2461.964278439328,-0.004667034829708427,-0.05471104370462854,0.1523534111969987,0.009503598927136528,registered
1245,1787908865.8575423,1787908865.8569338,303.71830558278725,2463.7183055827873,2137.588519066295,2463.568514983208,2463.672534962038,0.04577062074940841,0.010352921872254228,0.14830302755851746,0.008914519108997402,registered
1246,1787908865.8862007,1787908865.8854473,304.8678775555659,2464.867877555566,2138.7380910390734,2465.1737099390507,2465.383323464319,-0.5154459087530086,-0.6137762355533596,0.16942285917379862,0.01006839338114975,registered
1247,1787908865.9145296,1787908865.9139636,306.9775808778927,2466.9775808778927,2140.8477943614002,2466.8958767919544,2467.094283626232,-0.11670274833932126,-0.14924971212985838,0.14076606128049662,0.008458555782019185,registered
1248,1787908865.943629,1787908865.9430742,308.901336480556,2468.901336480556,2142.7715499640635,2468.6336776563294,2468.8409060766894,0.060430403866575944,0.06677534280515829,0.21124117755542687,0.013237504453517956,registered
1249,1787908865.9722977,1787908865.971595,310.180640022219,2470.180640022219,2144.0508535057265,2470.3330123018163,2470.55213803302,-0.3714980108011332,-0.4167177928138699,0.14101587073630825,0.009219689205635876,registered
1250,1787908866.0008707,1787908866.0000305,311.84947035886853,2471.8494703588685,2145.719683842376,2472.068556230765,2472.2582488103294,-0.40877845146087566,-0.4635010759202487,0.15906249733196778,0.011038246240711107,registered
1251,1787908866.0293016,1787908866.0287066,313.9937338236805,2473.9937338236805,2147.863947307188,2473.8638382405643,2473.978793301695,0.01494052198540885,-0.018962674379508826,0.18077009889727635,0.013278732071265002,registered
1252,1787908866.05776,1787908866.057021,315.7389191807042,2475.738919180704,2149.6091326642118,2475.595076523256,2475.6776371545843,0.06128202611989764,0.043362214243188646,0.1594760239212328,0.01205990900120195,registered
1253,1787908866.0869231,1787908866.0860374,317.26457771969535,2477.2645777196954,2151.134791203203,2477.361901698947,2477.4186091421557,-0.15403142246032075,-0.12582888571932926,0.2290977751969477,0.017906292589183512,registered
1254,1787908866.1156116,1787908866.114835,319.1195046938301,2479.11950469383,2152.9897181773376,2479.203628329624,2479.1464491678803,-0.02694447405019673,-0.035467662492465024,0.14921308487338736,0.012273291848541937,registered
1255,1787908866.1437922,1787908866.1431317,321.019436116248,2481.019436116248,2154.8896495997556,2481.0092481973975,2480.844234453039,0.17520166320900898,0.14535960787952718,0.1784859536040971,0.014918957252909076,registered
1256,1787908866.1727283,1787908866.1719372,322.7401950901285,2482.7401950901285,2156.610408573636,2482.688482536559,2482.5725465427518,0.16764854737675705,0.14162463643242518,0.12512563124923945,0.010155259177067806,registered
1257,1787908866.2012832,1787908866.2003999,324.4282680420383,2484.4282680420383,2158.298481525546,2484.378538850041,2484.280288086565,0.14797995547314713,0.10445544119147598,0.14963138656482203,0.01190217304088962,registered
1258,1787908866.2295413,1787908866.2285683,326.25792384882834,2486.2579238488283,2160.128137332336,2486.126145236245,2485.970377298223,0.28754655060538425,0.27647647619915006,0.14215582282113828,0.01131640516728761,registered
1259,1787908866.2579877,1787908866.2573175,327.81186112258365,2487.8118611225837,2161.682074606091,2487.820344592121,2487.695313415173,0.11654770741051834,0.11459394971097936,0.10756011479235958,0.008249173653019888,registered
1260,1787908866.2862806,1787908866.2855794,329.1198331104042,2489.119833110404,2162.9900465939118,2489.48371091254,2489.3910101748093,-0.2711770644050375,-0.3399025839476053,0.17007904438044585,0.012148389899837795,registered
1261,1787908866.3148515,1787908866.314272,331.1801593224445,2491.1801593224445,2165.050372805952,2491.160873368396,2491.1125417090584,0.06761761338611905,0.03321882123645992,0.10486402132069315,0.006837816169625063,registered
1262,1787908866.3436515,1787908866.342952,333.13490543580974,2493.1349054358097,2167.0051189193173,2492.810909978381,2492.8333293849028,0.3015760509069878,0.3092509336179319,0.1758134287533622,0.011535744732206444,registered
1263,1787908866.3718154,1787908866.3712225,334.46941123402485,2494.469411234025,2168.3396247175324,2494.466176905902,2494.5295411234347,-0.06012988940983632,-0.050691521861608635,0.10488267777155726,0.007041047523108641,registered
1264,1787908866.4005923,1787908866.3998573,336.07341008150615,2496.073410081506,2169.9436235650137,2496.1480947893397,2496.247610855106,-0.1742007735997504,-0.19111789011640212,0.11719461096808112,0.008388087992379296,registered
1265,1787908866.4291658,1787908866.4284515,337.7974649410644,2497.7974649410644,2171.667678424572,2497.8339905134217,2497.9632487419904,-0.1657838009259649,-0.18719799289738148,0.12504781609826537,0.010081826392447072,registered
1266,1787908866.4594479,1787908866.4580119,339.38301671346744,2499.3830167134674,2173.253230196975,2499.477454612627,2499.736850364608,-0.35383365114057597,-0.36408402950519303,0.0925931326354191,0.008132230548122567,registered
1267,1787908866.4863343,1787908866.4856472,341.2273631221633,2501.2273631221633,2175.097576605671,2501.156731637816,2501.3949536648397,-0.1675905426764075,-0.16223551132907232,0.11591620024236957,0.010566397504510106,registered
1268,1787908866.5160263,1787908866.5151308,342.91487324254103,2502.914873242541,2176.7850867260486,2502.931484012551,2503.163949087332,-0.2490758447911503,-0.2479065603683921,0.12070122685067296,0.011326815778516122,registered
1269,1787908866.543647,1787908866.5430124,344.72698344345963,2504.7269834434596,2178.597196926967,2504.7368030692023,2504.836829420884,-0.10984597742435653,-0.1104845485460828,0.14264992398309187,0.01406015918702148,registered
1270,1787908866.5730224,1787908866.5722697,346.54584126724603,2506.545841267246,2180.4160547507536,2506.533932095185,2506.5922494274805,-0.04640816023447769,-0.04149441206755,0.15129426096487786,0.015094232922862463,registered
1271,1787908866.6008089,1787908866.6001413,348.2449976634498,2508.24499766345,2182.1152111469573,2508.3454961990183,2508.2645289523202,-0.01953128887043931,-0.01954132182027024,0.14188454189589964,0.013741383103102363,registered
1272,1787908866.6291611,1787908866.6283886,350.19520232840614,2510.195202328406,2184.0654158119137,2510.1454593770463,2509.959353108827,0.23584921957899496,0.22299840677078464,0.17405652704804395,0.0164999408793825,registered
1273,1787908866.6578503,1787908866.657091,352.0127903124817,2512.0127903124817,2185.883003795989,2511.8997017413003,2511.681471146819,0.33131916566253494,0.31881376544743034,0.106917390748975,0.01020214838484115,registered
1274,1787908866.6862593,1787908866.6856172,353.55547486119394,2513.555474861194,2187.4256883447015,2513.5622865737955,2513.393032117444,0.16244274375003442,0.18896902444248553,0.16180044731009752,0.015424363206006682,registered
1275,1787908866.7152822,1787908866.7145712,355.3352519096543,2515.3352519096543,2189.205465393162,2515.2619203732374,2515.1302562030505,0.20499570660376776,0.19554489506890604,0.07557408627811321,0.0069897344724200545,registered
1276,1787908866.743804,1787908866.743076,356.9680340008863,2516.9680340008863,2190.838247484394,2516.9491340234545,2516.8405297264358,0.12750427445052992,0.16525410151689357,0.14760619429966687,0.01261279875948374,registered
1277,1787908866.7719343,1787908866.7712975,358.36431626803096,2518.364316268031,2192.2345297515385,2518.585787780361,2518.533794641285,-0.16947837325415094,-0.15766483333163706,0.10179253519995397,0.0077652711439511685,registered
1278,1787908866.800853,1787908866.799963,0.10436577046084494,2520.104365770461,2193.9745792539684,2520.234999857589,2520.2537097140003,-0.1493439435394066,-0.17842988936035908,0.1311362905797658,0.00888448281505015,registered
1279,1787908866.829345,1787908866.8287113,2.227929117552776,2522.227929117553,2196.0981426010603,2521.9129914717996,2521.9785886110735,0.24934050647925687,0.2782604870922114,0.14995910929798317,0.010612535044371256,registered
1280,1787908866.859467,1787908866.85881,3.5904369464424235,2523.5904369464424,2197.46065042995,2523.572904159428,2523.7844908544425,-0.19405390800011446,-0.1859870452976793,0.10528217981997415,0.007718711275713677,registered
1281,1787908866.886358,1787908866.8856285,5.169770917805181,2525.169770917805,2199.0399844013127,2525.2425049482736,2525.393585329743,-0.22381441193783758,-0.28249844694846615,0.15931815010886533,0.01120932375870363,registered
1282,1787908866.9148715,1787908866.9141762,6.919393014989964,2526.91939301499,2200.7896064984975,2526.951273952796,2527.1064337476078,-0.1870407326177883,-0.15312708734290936,0.1359577236681973,0.008950891736482945,registered
1283,1787908866.9435163,1787908866.942752,8.633085735213172,2528.633085735213,2202.5032992187207,2528.636009896018,2528.8209558468848,-0.18787011167160017,-0.1588987521963645,0.16541717186667818,0.011633870907788387,registered
1284,1787908866.9721124,1787908866.971371,10.294236850148536,2530.2942368501485,2204.164450333656,2530.3164660814186,2530.5380814505797,-0.2438446004312027,-0.21227088929845195,0.12188826545149703,0.009527690649150778,registered
1285,1787908867.0009482,1787908867.0002155,12.055450557295899,2532.055450557296,2205.9256640408034,2532.102935282309,2532.268739555263,-0.21328899796708356,-0.21700457089764313,0.14464556428827238,0.011656014070914076,registered
1286,1787908867.0295277,1787908867.028753,13.99383119951608,2533.993831199516,2207.8640446830236,2533.921783808648,2533.9809728594464,0.012858340069669794,-0.013572330069564487,0.1672897291883835,0.013136604030473746,registered
1287,1787908867.057658,1787908867.057092,15.70691656056215,2535.706916560562,2209.5771300440697,2535.7582282213602,2535.681290124177,0.025626436385209672,0.0616493247107428,0.19969055406644462,0.015829225149418136,registered
1288,1787908867.0862956,1787908867.085593,17.48182825799222,2537.481828257992,2211.3520417414998,2537.5688267490063,2537.3913347680527,0.09049348993949025,0.09663303400657242,0.18214164325888688,0.014693747948422488,registered
1289,1787908867.115785,1787908867.1147947,19.424773271271533,2539.4247732712715,2213.294986754779,2539.38961871312,2539.143421716795,0.2813515544767142,0.29414528628421976,0.16142859983955773,0.01257959356392459,registered
1290,1787908867.144001,1787908867.1430917,21.282851158705398,2541.2828511587054,2215.153064642213,2541.1447604672126,2540.8412213069228,0.44162985178263625,0.4825083203759277,0.17002123460906693,0.012716908649762933,registered
1291,1787908867.1721587,1787908867.1713457,22.884647056098856,2542.884647056099,2216.7548605396064,2542.795069403549,2542.5364460025708,0.3482010535281006,0.37519416783698034,0.1256720992435309,0.009328540873934697,registered
1292,1787908867.2006683,1787908867.2000241,24.37999512509259,2544.3799951250926,2218.2502086086,2544.4460220932515,2544.2571335436296,0.12286158146298476,0.13136701860639732,0.12942541925212733,0.009281595558829578,registered
1293,1787908867.2296364,1787908867.2290547,26.18473234808107,2546.184732348081,2220.0549458315886,2546.0980935864486,2545.9989495243917,0.18578282368935106,0.2047657088046435,0.14563803078943105,0.00905325307934004,registered
1294,1787908867.2579098,1787908867.2572982,27.547967544333005,2547.547967544333,2221.4181810278405,2547.699980587359,2547.693544801389,-0.14557725705617486,-0.16114283816932584,0.1243196680443812,0.006626200990083837,registered
1295,1787908867.2864552,1787908867.285831,29.128920951062355,2549.1289209510624,2222.99913443457,2549.308330490764,2549.4054920061863,-0.27657105512389535,-0.28691603580091396,0.1888268753480062,0.00915390095267193,registered
1296,1787908867.314811,1787908867.3141093,31.151094977010416,2551.1510949770104,2225.021308460518,2550.9660953930415,2551.102175808706,0.048919168304564664,0.08451290617313134,0.12646472834223083,0.006416653373501261,registered
1297,1787908867.343561,1787908867.3428762,32.84000853638281,2552.840008536383,2226.7102220198904,2552.6862896507737,2552.828170493387,0.011838042995805154,0.026123385772280017,0.17031728144738031,0.008897144719617759,registered
1298,1787908867.372487,1787908867.371796,34.2604148909636,2554.2604148909636,2228.130628374471,2554.434409998206,2554.5633346634095,-0.3029197724458754,-0.3229616158423596,0.13227007459681922,0.007005778414045577,registered
1299,1787908867.400545,1787908867.3998604,36.081998233210015,2556.08199823321,2229.9522117167176,2556.207323104161,2556.247186908439,-0.1651886752288192,-0.17059632042492012,0.1403322614289263,0.007768743542989068,registered
1300,1787908867.4295936,1787908867.4288323,37.98121565354995,2557.98121565355,2231.8514291370575,2557.956923981952,2557.985483866745,-0.004268213195246062,-0.016802371023004525,0.1632467303828008,0.009479438489989937,registered
1301,1787908867.4583902,1787908867.457756,39.86946508023129,2559.8694650802313,2233.739678563739,2559.6969915488935,2559.720891221247,0.14857385898449138,0.18678458544036403,0.18977394184770588,0.011441140175427867,registered
1302,1787908867.4865108,1787908867.4858682,41.51541014561735,2561.5154101456174,2235.385623629125,2561.442241110589,2561.407604460142,0.1078056854753413,0.11378718697051227,0.20106345686418162,0.012454581369908381,registered
1303,1787908867.515105,1787908867.514341,43.09005717441096,2563.090057174411,2236.9602706579185,2563.2326494746785,2563.1159611176367,-0.025903943225785042,-0.04290078899293803,0.15548959848234034,0.009418589107442218,registered
1304,1787908867.543468,1787908867.542756,44.977140924675496,2564.9771409246755,2238.847354408183,2565.046996080418,2564.820841667584,0.15629925709163217,0.1618304338253438,0.20551850043281372,0.010907274531937166,registered
1305,1787908867.571855,1787908867.5713117,46.74162530324702,2566.741625303247,2240.6118387867546,2566.7303800252457,2566.5341621494367,0.2074631538102949,0.2076851878046,0.15127991314222236,0.006948579285415063,registered
1306,1787908867.6061351,1787908867.605295,48.33914303324673,2568.3391430332467,2242.2093565167543,2568.375417266098,2568.5731352581306,-0.2339922248838775,-0.171139773970026,0.18053650812223757,0.008337175876611846,registered
1307,1787908867.6296647,1787908867.6285868,50.39643581723294,2570.396435817233,2244.2666493007405,2570.129294170542,2569.9706306270737,0.42580519015928076,0.4344487996177122,0.15610748437115407,0.008153673856094208,registered
1308,1787908867.658114,1787908867.657406,52.021520634768876,2572.021520634769,2245.8917341182764,2571.8521791008925,2571.6997724050075,0.32174822976139694,0.2828640893094416,0.09972968988596893,0.005507601925640848,registered
1309,1787908867.6873143,1787908867.6865656,52.9556125264653,2572.9556125264653,2246.825826009973,2573.4745766949204,2573.449327374178,-0.4937148477129085,-0.5085518364253403,0.1564199113047956,0.008689240989026558,registered
1310,1787908867.7151756,1787908867.7141972,55.15373275889078,2575.153732758891,2249.0239462423983,2575.166990007391,2575.1072017949004,0.046530963990335295,0.025505109310870466,0.07013186047355466,0.0037808626359127928,registered
1311,1787908867.7436252,1787908867.7428696,57.28793096163827,2577.2879309616383,2251.158144445146,2576.936024070307,2576.827531711726,0.4603992499123706,0.37357783430206837,0.17980267479791948,0.009775958762383272,registered
1312,1787908867.7723494,1787908867.7716422,58.43961991658807,2578.439619916588,2252.3098334000956,2578.589285720425,2578.553869715671,-0.11424979908315436,-0.10111703391794435,0.08992340941638159,0.0051233911033813345,registered
1313,1787908867.8007576,1787908867.8000827,60.13111826918066,2580.1311182691807,2254.001331752688,2580.2944483134306,2580.2602808973365,-0.12916262815588198,-0.1294413119503588,0.10679018000881918,0.006572254771632115,registered
1314,1787908867.8292744,1787908867.8284843,62.398385950099055,2582.398385950099,2256.2685994336066,2582.127349532461,2581.964360369001,0.4340255810980125,0.4303842609374442,0.12078271342145407,0.0076082097691651815,registered
1315,1787908867.8576171,1787908867.8570333,63.929763420927884,2583.929763420928,2257.7999769044354,2583.82711633103,2583.677280311713,0.25248310921506345,0.21860028612945825,0.09677770344888559,0.005909439501613967,registered
1316,1787908867.8873029,1787908867.886493,65.03055868744104,2585.030558687441,2258.9007721709486,2585.469038622582,2585.444845237272,-0.4142865498311039,-0.4391206067434723,0.13987343007185918,0.008405860995075337,registered
1317,1787908867.915456,1787908867.9145489,67.29923586086807,2587.299235860868,2261.1694493443756,2587.2234829522486,2587.1281825034052,0.17105335746282435,0.14261248550292294,0.07344423204120111,0.0046174057481275,registered
1318,1787908867.9433696,1787908867.942777,69.3720089158428,2589.372008915843,2263.2422223993503,2588.9774453967607,2588.821847957396,0.5501609584466678,0.5720845315613587,0.15048220629585968,0.010275819801125205,registered
1319,1787908867.9721923,1787908867.9714224,70.48735416927093,2590.487354169271,2264.3575676527785,2590.6304263430484,2590.540561412687,-0.05320724341618188,-0.08122072574951744,0.07993882308378342,0.005594327087719529,registered
1320,1787908868.000582,1787908867.99997,72.022129957385,2592.022129957385,2265.8923434408925,2592.341696284503,2592.2533955255826,-0.2312655681976139,-0.29527432073109594,0.12494947763728051,0.008697327214398122,registered
1321,1787908868.0428562,1787908868.0419276,74.330510029371,2594.330510029371,2268.2007235128785,2594.1466196162214,2594.7708269435216,-0.4403169141505714,-0.49599635879985726,0.17482028690301618,0.01146865376073641,registered
1322,1787908868.0577822,1787908868.057148,76.00515653124012,2596.00515653124,2269.8753700147477,2595.810172098751,2595.6840418807014,0.32111465053867505,0.3019333035153977,0.12227504115755955,0.007915990801175676,registered
1323,1787908868.086685,1787908868.0860198,77.16270704950875,2597.1627070495088,2271.0329205330163,2597.410338914594,2597.4163307518884,-0.2536237023796275,-0.2521338984633985,0.19988874259759645,0.01316825715585861,registered
1324,1787908868.115438,1787908868.1147826,79.2095433702957,2599.2095433702957,2273.0797568538032,2599.1578105654116,2599.142082252091,0.06746111820484657,0.07092647796389429,0.08515659391520673,0.005767121197496343,registered
1325,1787908868.1443539,1787908868.1434255,81.22560533655997,2601.22560533656,2275.0958188200675,2600.92109248544,2600.8606383527194,0.3649669838405316,0.3643381551269158,0.21133669961040732,0.013821117342545309,registered
1326,1787908868.1742554,1787908868.1733956,82.27426736160169,2602.2742673616017,2276.1444808451092,2602.549313291633,2602.6588302176183,-0.38456285601660056,-0.4103722355548598,0.09886862384743968,0.006220274419411641,registered
1327,1787908868.2029052,1787908868.2021317,83.88125024771216,2603.881250247712,2277.7514637312197,2604.21800427934,2604.3829795612555,-0.5017293135433647,-0.5274757462302659,0.15142823686779708,0.009038852256154015,registered
1328,1787908868.2296286,1787908868.228866,86.41163571791412,2606.411635717914,2280.2818492014217,2606.024060752848,2605.987024382382,0.4246113355320631,0.3727786736362759,0.19861628331062017,0.011963931335172913,registered
1329,1787908868.258163,1787908868.2573416,87.95899193359674,2607.9589919335967,2281.8292054171043,2607.727683651832,2607.695538394539,0.26345353905753655,0.22816032519085638,0.12349205687421494,0.007716613755462669,registered
1330,1787908868.2871332,1787908868.2863297,89.02086255152017,2609.02086255152,2282.8910760350277,2609.3933118907726,2609.4348080907603,-0.41394553924010324,-0.37802755023221835,0.16816241264561604,0.010671331521281172,registered
1331,1787908868.3151433,1787908868.3145304,91.11894958846278,2611.118949588463,2284.9891630719703,2611.20138285189,2611.126828473278,-0.007878884814999765,-0.0415651724097188,0.10425469236882089,0.0065349253158261365,registered
1332,1787908868.3436697,1787908868.3429787,93.32632338082976,2613.3263233808298,2287.1965368643373,2612.97334266169,2612.833711718931,0.4926116618985361,0.43087845968284455,0.22691911174284352,0.013584590021136848,registered
1333,1787908868.3721833,1787908868.3714483,94.3995440788899,2614.39954407889,2288.2697575623974,2614.5960560279727,2614.5418681068554,-0.1423240279655147,-0.1542979416176422,0.10871317078842921,0.006418976482470879,registered
1334,1787908868.4012039,1787908868.4004662,96.11184485725926,2616.1118448572593,2289.982058340767,2616.292661143342,2616.282925924243,-0.17108106698378833,-0.13123052538685442,0.17765544807930778,0.010544514878142492,registered
1335,1787908868.4297233,1787908868.4288409,98.4250111065985,2618.4250111065985,2292.295224590106,2618.0542403850473,2617.985388934373,0.43962217222542677,0.4317227343012746,0.19791049401796806,0.012109063973731854,registered
1336,1787908868.458074,1787908868.4572747,99.8336595992696,2619.8336595992696,2293.703873082777,2619.722167482717,2619.6913995768973,0.14226002237228386,0.18475458486364005,0.10710681518937294,0.006544227614464534,registered
1337,1787908868.4865184,1787908868.485849,100.98799558336987,2620.98799558337,2294.8582090668774,2621.3969356941147,2621.405835846358,-0.417840262988193,-0.42288682664548105,0.23781805313703988,0.014194992291471349,registered
1338,1787908868.5154238,1787908868.5146608,103.06927176181898,2623.069271761819,2296.9394852453265,2623.1888365359982,2623.1345341702427,-0.0652624084236777,-0.05972743629035904,0.11605140736036952,0.006375499648991396,registered
1339,1787908868.5437953,1787908868.5431542,105.13047527180424,2625.1304752718042,2299.000688755312,2624.8947618452066,2624.8441210551,0.28635421670423966,0.2977476454511816,0.2641642619296266,0.013613422539952146,registered
1340,1787908868.572374,1787908868.5717456,106.62831756983451,2626.6283175698345,2300.498531053342,2626.5520051783615,2626.559587282353,0.06873028748168508,0.026174031538175768,0.14785397907148062,0.007718851295131245,registered
1341,1787908868.6007192,1787908868.600057,108.25571938134544,2628.2557193813454,2302.125932864853,2628.2460530399267,2628.2582451706403,-0.002525789294850256,-0.11174668980720526,0.1631200844332206,0.008948368127743543,registered
1342,1787908868.6295216,1787908868.628598,110.07049624482215,2630.070496244822,2303.9407097283297,2629.993077360983,2629.970693049364,0.09980319545820748,0.030786817329499172,0.24809054119270138,0.014006137752455775,registered
1343,1787908868.6583345,1787908868.6576774,111.56088649758658,2631.5608864975866,2305.431099981094,2631.6490625264387,2631.715441548839,-0.15455505125237323,-0.08322899521226645,0.1623420756127767,0.00890222067755068,registered
1344,1787908868.68833,1787908868.6876483,113.188967353919,2633.188967353919,2307.0591808374265,2633.3178227520884,2633.5136763286464,-0.32470897472740035,-0.2619210059174293,0.23432788540380836,0.01186811479347002,registered
1345,1787908868.7149966,1787908868.714365,114.89578999521245,2634.8957899952125,2308.76600347872,2635.0764069276574,2635.116662582042,-0.2208725868295005,-0.18329960724167904,0.12214638199158147,0.005660372039365659,registered
1346,1787908868.7436202,1787908868.7430706,117.10865108499002,2637.10865108499,2310.9788645684976,2636.824913152448,2636.8389808896045,0.2696701953855154,0.215291192989298,0.2430987979893574,0.010891459688285659,registered
1347,1787908868.7721486,1787908868.771499,118.56724077412946,2638.5672407741295,2312.437454257637,2638.562056244313,2638.5446625178342,0.022578256295219035,-0.005325784718479554,0.13173126365784085,0.006014671967500576,registered
1348,1787908868.8007338,1787908868.8001218,120.27590126454061,2640.2759012645406,2314.146114748048,2640.331652424531,2640.2620170010387,0.013884263501950045,-0.024612778339815122,0.20050994463726643,0.009235423267806134,registered
1349,1787908868.8313107,1787908868.8305106,122.10681198815655,2642.1068119881566,2315.977025471664,2642.0448612834607,2642.0853283920846,0.021483596071902866,-0.0020215839804222924,0.26816735196616437,0.011899955985539497,registered
1350,1787908868.8577332,1787908868.8571892,123.65756412368273,2643.6575641236827,2317.5277776071903,2643.703669881205,2643.6860258503875,-0.028461726704790635,-0.023768868556999223,0.21826247817895694,0.009261763240246555,registered
1351,1787908868.8866773,1787908868.8858926,125.34661395629564,2645.3466139562956,2319.216827439803,2645.316743054991,2645.408215413226,-0.06160145693047525,-0.07819078799411727,0.3249196783469857,0.0136708530591771,registered
1352,1787908868.9151237,1787908868.9144568,127.04781273859453,2647.0478127385945,2320.918026222102,2646.991988690279,2647.1220508739752,-0.07423813538071045,-0.08783612182742218,0.21157131171442303,0.009265250665158247,registered
1353,1787908868.9435334,1787908868.9428046,128.56584679555817,2648.565846795558,2322.4360602790657,2648.6383131272323,2648.8228974225703,-0.25705062701217685,-0.19211281827438142,0.3230066166793774,0.01490101699998769,registered
1354,1787908868.9722729,1787908868.971641,130.27678222134546,2650.2767822213455,2324.146995704853,2650.2930144892916,2650.5530691582962,-0.27628693695078255,-0.31453438022435876,0.20374482040639555,0.010103523228271781,registered
1355,1787908869.0008063,1787908869.0001454,132.004144070007,2652.004144070007,2325.8743575535145,2651.99113705227,2652.263314071743,-0.2591700017360381,-0.3019003708132004,0.23093977014925343,0.012427887128817556,registered
1356,1787908869.0295842,1787908869.0289447,133.727224498517,2653.727224498517,2327.5974379820245,2653.7240116983385,2653.991254232253,-0.2640297337361517,-0.2960985463291763,0.3150984202701772,0.018212122006804103,registered
1357,1787908869.0582538,1787908869.0573778,135.45273103136697,2655.452731031367,2329.3229445148745,2655.4923998831664,2655.6972219598692,-0.24449092850227316,-0.273027422627365,0.23691664283110958,0.014621242199538934,registered
1358,1787908869.0867422,1787908869.0859456,137.27851263067123,2657.2785126306712,2331.1487261141788,2657.312532540087,2657.411271995158,-0.13275936448690118,-0.11857315323368312,0.27813851893103625,0.018395997981849196,registered
1359,1787908869.1160574,1787908869.1151583,139.1121622927226,2659.1121622927226,2332.98237577623,2659.1482376182075,2659.1640169724897,-0.05185467976707514,-0.07966712825373179,0.20583363050821235,0.014063682545927995,registered
1360,1787908869.1442394,1787908869.143359,141.01679042702472,2661.0167904270247,2334.8870039105323,2660.97466648157,2660.856037355007,0.16075307201754185,0.13036024377288413,0.22422112060903104,0.014737090161998145,registered
1361,1787908869.1727629,1787908869.1720958,142.77084836213908,2662.770848362139,2336.6410618456466,2662.779532579133,2662.5802296135525,0.19061874858653027,0.19986459097708575,0.1800078468565589,0.01107606126596097,registered
1362,1787908869.201205,1787908869.2004526,144.6051878931944,2664.6051878931944,2338.475401376702,2664.5434688191967,2664.281619750983,0.3235681422115704,0.3467210677122239,0.17945432856084056,0.010843533018234914,registered
1363,1787908869.2294855,1787908869.2287295,146.31017074797592,2666.310170747976,2340.1803842314835,2666.2072000586186,2665.9782177236866,0.3319530242893052,0.30008187803923647,0.1711067459607866,0.010861865542276349,registered
1364,1787908869.258281,1787908869.2573702,147.83643776310328,2667.8364377631033,2341.706651246611,2667.8316472928714,2667.696645079591,0.1397926835124963,0.0965562912419955,0.1277553280460222,0.008640368630593356,registered
1365,1787908869.286736,1787908869.2860782,149.44450307488069,2669.4445030748807,2343.314716558388,2669.4538390383586,2669.419106436847,0.02539663803372605,0.08413682140462697,0.17464382537722023,0.012449808307051748,registered
1366,1787908869.3155808,1787908869.3148124,150.9868341341098,2670.98683413411,2344.8570476176174,2671.047411445187,2671.1431413407295,-0.15630720661965825,-0.12411785482709092,0.09768561898737146,0.007104940394523959,registered
1367,1787908869.3442822,1787908869.3434868,152.47152859331345,2672.4715285933135,2346.341742076821,2672.630678666543,2672.8635856973096,-0.3920571039961942,-0.38741529284970966,0.1691013163374777,0.012167063068490632,registered
1368,1787908869.3723361,1787908869.3715897,154.36273387970277,2674.362733879703,2348.2329473632103,2674.249155013053,2674.549741042401,-0.1870071626981371,-0.2231208063330996,0.11848795177515353,0.008245480535759618,registered
1369,1787908869.4011233,1787908869.4004378,156.05419043178244,2676.0541904317824,2349.92440391529,2675.9029158949115,2676.2806137216244,-0.22642328984193227,-0.22607635335634768,0.16553864205846602,0.011612850680543747,registered
1370,1787908869.4296095,1787908869.428994,157.4823714418526,2677.4823714418526,2351.35258492536,2677.5870018705527,2677.9939628134157,-0.5115913715630995,-0.43006154380918815,0.13489455732156577,0.010181599149145713,registered
1371,1787908869.4581757,1787908869.4574914,159.2846560089829,2679.284656008983,2353.1548694924904,2679.31593035587,2679.7037928827517,-0.4191368737688208,-0.44128667422091894,0.1362987011768668,0.011787246845123457,registered
1372,1787908869.4865308,1787908869.4859693,161.07702065713738,2681.0770206571374,2354.947234140645,2681.1274106938636,2681.4124499446025,-0.3354292874651037,-0.3442030359810815,0.16547376143967754,0.015614472855489185,registered
1373,1787908869.5154653,1787908869.5144663,162.86303822477066,2682.8630382247707,2356.733251708278,2682.9436409864634,2683.1222514039996,-0.2592131792289365,-0.26418516436342543,0.1669053277517065,0.01590499249422415,registered
1374,1787908869.5443194,1787908869.5435734,164.78064825344563,2684.7806482534456,2358.650861736953,2684.786945796388,2684.868659279917,-0.08801102647157677,-0.12958051332134346,0.23504243299659416,0.02236596716213514,registered
1375,1787908869.5723443,1787908869.5716732,166.7094330754312,2686.709433075431,2360.5796465589387,2686.6675262941253,2686.5546286604076,0.154804415023591,0.17185445272934885,0.183846770176104,0.01827014483279053,registered
1376,1787908869.6013687,1787908869.6006732,168.70803932781428,2688.7080393278143,2362.578252811322,2688.509230419032,2688.294613605095,0.4134257227192393,0.4252144540964764,0.1730822952421822,0.017198306757185564,registered
1377,1787908869.6300325,1787908869.6290364,170.2503247016084,2690.2503247016084,2364.120538185116,2690.2902586925748,2689.996389976697,0.2539347249112325,0.26608199156316914,0.13082901887245485,0.011996809076247544,registered
1378,1787908869.6580935,1787908869.6573553,171.93569568125622,2691.935695681256,2365.8059091647638,2692.046785645497,2691.6955056240035,0.24019005725267562,0.2797871783741357,0.147446598129144,0.011842641145397627,registered
1379,1787908869.6868484,1787908869.686155,173.8190437755061,2693.819043775506,2367.6892572590136,2693.782528559391,2693.423474394452,0.3955693810539742,0.4420362448290689,0.13415931681594884,0.009861444273695561,registered
1380,1787908869.7153838,1787908869.7145145,175.43805575906254,2695.4380557590625,2369.30826924257,2695.437168585061,2695.125021886545,0.3130338725177353,0.32434288865260896,0.11816792649390963,0.008771755197767284,registered
1381,1787908869.743635,1787908869.7430158,176.97229762818552,2696.9722976281855,2370.842511111693,2697.008511022374,2696.8350808353903,0.13721679279524324,0.13455235133596943,0.14287210306799789,0.011021764300640896,registered
1382,1787908869.7725487,1787908869.771928,178.82402273273965,2698.8240227327396,2372.694236216247,2698.6506458238973,2698.5698015513635,0.25422118137612415,0.2549290500664938,0.11628241599347716,0.00934557836725986,registered
1383,1787908869.8016953,1787908869.8007991,180.37450557034344,2700.3745055703434,2374.244719053851,2700.290662719875,2700.3020475076423,0.07245806270111643,0.09033821741559223,0.11346248192722787,0.009261262455832697,registered
1384,1787908869.8299923,1787908869.8292174,181.61136242054863,2701.6113624205486,2375.481575904056,2701.8689765473678,2702.0071283271604,-0.395765906611814,-0.3633090980756606,0.12588101993863657,0.010208113008936466,registered
1385,1787908869.8578274,1787908869.8572137,183.31006791750679,2703.310067917507,2377.1802814010143,2703.481475993377,2703.6868893509604,-0.3768214334536424,-0.366931695409221,0.1188593410148831,0.009196946174583586,registered
1386,1787908869.8866324,1787908869.8859906,185.44103979829606,2705.441039798296,2379.3112532818036,2705.1576355032544,2705.413484844353,0.0275549539428539,0.0068490053804453055,0.17366218126380892,0.012139704648108186,registered
1387,1787908869.9153388,1787908869.9145987,186.91144812182347,2706.9114481218235,2380.781661605331,2706.821472054059,2707.129952419459,-0.2185042976357181,-0.176924405374848,0.1431170098165201,0.009864214342872178,registered
1388,1787908869.9438455,1787908869.943177,188.34060698725852,2708.3406069872585,2382.210820470766,2708.5553074043,2708.8446318733986,-0.5040248861400869,-0.40401757897780044,0.1608264501546839,0.011858811777332666,registered
1389,1787908869.9783487,1787908869.977576,190.3561390564314,2710.3561390564314,2384.226352539939,2710.3660536294165,2710.9085528486075,-0.5524137921761394,-0.5553938866478347,0.16164310165869206,0.013016289031730455,registered
1390,1787908870.0010738,1787908870.0003314,192.26680736556546,2712.2668073655655,2386.137020849073,2712.179698055007,2712.2738620365535,-0.007054670988054568,-0.11468499680859168,0.2428036339991036,0.019510431635067427,registered
1391,1787908870.0297878,1787908870.029167,193.8300907623966,2713.8300907623966,2387.700304245904,2713.9691650631744,2714.003976552402,-0.1738857900054427,-0.18299084353429862,0.21655261493614558,0.01790046851312484,registered
1392,1787908870.0585504,1787908870.0578594,195.83750005688307,2715.837500056883,2389.7077135403906,2715.851694710187,2715.7255080866516,0.11199197023142915,0.046420796451457136,0.23480602337636414,0.021661904033376724,registered
1393,1787908870.0867007,1787908870.0861657,197.83695739957966,2717.8369573995797,2391.707170883087,2717.7403693376727,2717.423865570583,0.4130918289965848,0.36206997440967825,0.20594237070651086,0.019099838139489213,registered
1394,1787908870.1156075,1787908870.1146708,199.59495255545744,2719.5949525554574,2393.465166038965,2719.5018635167153,2719.1341533989375,0.4607991565198972,0.494977248259147,0.19044534036859967,0.015629669627777402,registered
1395,1787908870.1440187,1787908870.143299,201.15776138508818,2721.157761385088,2395.0279748685957,2721.2319560269316,2720.851836896437,0.30592448865127153,0.33307404050265177,0.20664817291215715,0.015425580040408067,registered
1396,1787908870.1727753,1787908870.1718044,203.05838381690273,2723.0583838169027,2396.9285973004103,2722.9800858898116,2722.5621390297606,0.4962447871421318,0.49287073538016557,0.16279463231458294,0.012247712984347894,registered
1397,1787908870.2010806,1787908870.2003973,204.66789885642174,2724.6678988564217,2398.5381123399293,2724.6322149821926,2724.2776910868292,0.39020776959250725,0.40380711935677027,0.1545944222182066,0.011706898060425132,registered
1398,1787908870.2298553,1787908870.2292178,206.01726338945764,2726.0172633894576,2399.887476872965,2726.1934649530976,2726.00690438961,0.010358999847539963,0.026475546397250582,0.1381743218732336,0.010159121459634527,registered
1399,1787908870.2580638,1787908870.2574952,207.85196855453887,2727.851968554539,2401.7221820380464,2727.760350471287,2727.7035309722523,0.14843758228653314,0.12897704997385517,0.15745459846740217,0.011040524364699838,registered
1400,1787908870.2867296,1787908870.286093,209.5941673610032,2729.594167361003,2403.4643808445107,2729.3851221091845,2729.419383433677,0.17478392732618886,0.14839700484708374,0.1403185415113178,0.009228780507510952,registered
1401,1787908870.3226573,1787908870.3217366,210.87922652112547,2730.8792265211255,2404.749440004633,2730.994361331862,2731.5579763487985,-0.678749827673073,-0.7056913573946986,0.13844233381788534,0.00823032025244167,registered
1402,1787908870.3437574,1787908870.3432243,212.35737309988372,2732.3573730998837,2406.2275865833913,2732.6441267896016,2732.847226014807,-0.4898529149231763,-0.4700070586904985,0.18488146786852713,0.009303045035929236,registered
1403,1787908870.3724072,1787908870.371703,214.39730008247534,2734.3973000824753,2408.267513565983,2734.3603348816123,2734.5559259915653,-0.15862590909000573,-0.12468879040307002,0.22329578036384135,0.009796895716553929,registered
1404,1787908870.4008846,1787908870.4003932,216.29492357819618,2736.294923578196,2410.1651370617037,2736.073950618995,2736.277328781091,0.01759479710517553,0.0633796275228633,0.21597175543848007,0.009990307730886817,registered
1405,1787908870.4295044,1787908870.428945,217.78619234492726,2737.7861923449273,2411.656405828435,2737.8369126384696,2737.9904203834344,-0.20422803850715354,-0.18315917406062,0.2618796281988675,0.01297218220500248,registered
1406,1787908870.4608884,1787908870.4602237,219.57000871287892,2739.570008712879,2413.4402221963865,2739.6751301991308,2739.8671179200273,-0.2971092071484236,-0.29510534963765167,0.25284255655748394,0.013417981742140673,registered
1407,1787908870.486976,1787908870.4864864,221.53809700910324,2741.5380970091032,2415.408310492611,2741.492120039229,2741.442867511815,0.09522949728807362,0.0784441777345819,0.26736847974214867,0.014126997813166587,registered
1408,1787908870.5154817,1787908870.5148296,223.2387700319846,2743.2387700319846,2417.108983515492,2743.2557258926677,2743.143442265993,0.09532776599144199,0.07950649668327969,0.260932833553931,0.012137916662045672,registered
1409,1787908870.5437708,1787908870.5432694,225.00316377222907,2745.003163772229,2418.8733772557366,2745.0093328114945,2744.849810532751,0.15335323947829238,0.15690607389387878,0.2997994170271702,0.011140981119568636,registered
1410,1787908870.572475,1787908870.5719874,226.8587248337285,2746.8587248337285,2420.728938317236,2746.7771452509924,2746.5728726987186,0.28585213500991813,0.31520720972321215,0.2507168997551143,0.008104467683660825,registered
1411,1787908870.6011806,1787908870.6005323,228.52995058646275,2748.5299505864627,2422.4001640699703,2748.4780864403465,2748.2855494569517,0.2444011295110613,0.29024407390124907,0.1956686227774673,0.006746895600877229,registered
1412,1787908870.6301558,1787908870.629478,230.15040217183514,2750.150402171835,2424.0206156553427,2750.1353724577893,2750.0222728686317,0.12812930320342275,0.12405100911882982,0.1799665121138462,0.006904222902571898,registered
1413,1787908870.6583076,1787908870.6577654,231.7280017501639,2751.728001750164,2425.5982152336715,2751.8183543852365,2751.719500259986,0.008501490177877713,0.00603090741287815,0.12350482597020225,0.005096661087437483,registered
1414,1787908870.686506,1787908870.6860683,233.49642303841574,2753.4964230384157,2427.3666365219233,2753.4936644056934,2753.417657474347,0.07876556406881718,0.11018442368276737,0.17318010776327855,0.007448838648931027,registered
1415,1787908870.7151906,1787908870.714627,235.1296942354279,2755.129694235428,2428.9999077189354,2755.1775915255307,2755.131163920801,-0.0014696853731948067,0.02819553582730805,0.10503270263219215,0.004573604753789682,registered
1416,1787908870.7436342,1787908870.7431064,236.86449753992565,2756.8644975399257,2430.734711023433,2756.8952113852692,2756.839906812468,0.024590727457507455,0.07657336278680305,0.18316954996571944,0.007870172230507691,registered
1417,1787908870.7724292,1787908870.771984,238.69132990322487,2758.691329903225,2432.5615433867324,2758.6202258836856,2758.5725533078885,0.11877659533638507,0.16907758659544925,0.11956397131567492,0.0049577068002018936,registered
1418,1787908870.8014915,1787908870.8007843,240.36231781226343,2760.3623178122634,2434.232531295771,2760.3440084102754,2760.3005506882755,0.06176712398792006,0.12421427592926193,0.15146024190864113,0.006185337752433115,registered
1419,1787908870.8296585,1787908870.8291957,242.08572202336654,2762.0857220233665,2435.955935506874,2762.0814078811964,2762.005216663683,0.08050535968368422,0.08305095722016631,0.17975723283746367,0.007485430571950432,registered
1420,1787908870.8584373,1787908870.857799,243.77205205397559,2763.7720520539756,2437.642265537483,2763.7873252241666,2763.721398139402,0.05065391457355872,0.05144533510883775,0.13576895814438392,0.005837145919257493,registered
1421,1787908870.8865552,1787908870.8860936,245.44837377986596,2765.448373779866,2439.3185872633735,2765.485629790864,2765.4190546798363,0.02931910002962468,0.08323018487544687,0.1817229726924318,0.008121214433119832,registered
1422,1787908870.9151506,1787908870.9146628,247.20426317720967,2767.2042631772097,2441.074476660717,2767.1763215812807,2767.1331905449415,0.0710726322681694,0.13039005610426102,0.07254959387317937,0.0033827650278797274,registered
1423,1787908870.944043,1787908870.9434798,248.98316851965092,2768.983168519651,2442.8533820031585,2768.859400595416,2768.862189273182,0.120979246468778,0.18021734905369158,0.20988196224194028,0.009922852778627981,registered
1424,1787908870.9725728,1787908870.9718263,250.43894191427808,2770.438941914278,2444.3091553977856,2770.53486683327,2770.5629642969307,-0.12402238265258347,-0.09803023722724902,0.12780938325670613,0.005978120117595457,registered
